{
"type": "FeatureCollection",
"name": "loteamentos",
"xy_coordinate_resolution": 1e-006,
"features": [
{ "type": "Feature", "properties": { "id": 125, "nome": "JARDIM IPIRANGA", "registro": "64546", "data_aprovacao": "24/09/1996" }, "geometry": { "type": "Polygon", "coordinates": [ [ [ -54.798145, -22.212237 ], [ -54.797187, -22.212135 ], [ -54.797212, -22.208439 ], [ -54.797914, -22.208517 ], [ -54.797927, -22.208432 ], [ -54.797929, -22.208405 ], [ -54.797941, -22.208313 ], [ -54.797964, -22.208192 ], [ -54.798353, -22.208291 ], [ -54.798145, -22.212237 ] ] ] } },
{ "type": "Feature", "properties": { "id": 192, "nome": "VERÁ", "registro": "70680", "data_aprovacao": "17/12/2002" }, "geometry": { "type": "Polygon", "coordinates": [ [ [ -54.739335, -22.250946 ], [ -54.742215, -22.248678 ], [ -54.742645, -22.249151 ], [ -54.742222, -22.249535 ], [ -54.742698, -22.250086 ], [ -54.742068, -22.250609 ], [ -54.742552, -22.251165 ], [ -54.74198, -22.25161 ], [ -54.742608, -22.252306 ], [ -54.742335, -22.252574 ], [ -54.740555, -22.253945 ], [ -54.740531, -22.254012 ], [ -54.740515, -22.254043 ], [ -54.739335, -22.250946 ] ] ] } },
{ "type": "Feature", "properties": { "id": 226, "nome": "RESIDENCIAL OLIVEIRA I", "registro": "41766", "data_aprovacao": null }, "geometry": { "type": "Polygon", "coordinates": [ [ [ -54.779369, -22.235668 ], [ -54.779317, -22.236737 ], [ -54.776541, -22.236442 ], [ -54.776673, -22.235109 ], [ -54.777965, -22.235218 ], [ -54.778651, -22.235281 ], [ -54.778615, -22.235593 ], [ -54.779369, -22.235668 ] ] ] } },
{ "type": "Feature", "properties": { "id": 422, "nome": "RESIDENCIAL CLEBER AFONSO DE SOUZA", "registro": null, "data_aprovacao": null }, "geometry": { "type": "Polygon", "coordinates": [ [ [ -54.796078, -22.26392 ], [ -54.796259, -22.26515 ], [ -54.794988, -22.26532 ], [ -54.794787, -22.264084 ], [ -54.796078, -22.26392 ] ] ] } },
{ "type": "Feature", "properties": { "id": 423, "nome": "VILA DONA ERONDINA", "registro": "41248", "data_aprovacao": null }, "geometry": { "type": "Polygon", "coordinates": [ [ [ -54.817636, -22.249995 ], [ -54.817643, -22.249929 ], [ -54.817698, -22.249907 ], [ -54.817956, -22.246544 ], [ -54.817679, -22.245461 ], [ -54.817208, -22.243387 ], [ -54.817183, -22.24326 ], [ -54.820167, -22.242942 ], [ -54.820127, -22.243269 ], [ -54.819752, -22.246008 ], [ -54.819685, -22.246497 ], [ -54.819324, -22.249198 ], [ -54.819236, -22.250143 ], [ -54.817636, -22.249995 ] ] ] } },
{ "type": "Feature", "properties": { "id": 425, "nome": "VILA UNIÃO", "registro": null, "data_aprovacao": null }, "geometry": { "type": "Polygon", "coordinates": [ [ [ -54.796561, -22.228643 ], [ -54.796537, -22.229106 ], [ -54.795846, -22.229324 ], [ -54.795442, -22.229444 ], [ -54.795541, -22.22869 ], [ -54.796561, -22.228643 ] ] ] } },
{ "type": "Feature", "properties": { "id": 427, "nome": "BR LOG DOURADOS 2", "registro": "153737", "data_aprovacao": null }, "geometry": { "type": "Polygon", "coordinates": [ [ [ -54.785853, -22.300415 ], [ -54.779675, -22.29854 ], [ -54.782078, -22.291676 ], [ -54.787332, -22.293399 ], [ -54.788207, -22.29369 ], [ -54.785853, -22.300415 ] ] ] } },
{ "type": "Feature", "properties": { "id": 17, "nome": "JACI", "registro": "17011", "data_aprovacao": null }, "geometry": { "type": "Polygon", "coordinates": [ [ [ -54.787118, -22.23372 ], [ -54.787588, -22.234337 ], [ -54.785716, -22.234166 ], [ -54.785811, -22.23361 ], [ -54.787118, -22.23372 ] ] ] } },
{ "type": "Feature", "properties": { "id": 428, "nome": "ROUXINOL", "registro": "44717", "data_aprovacao": null }, "geometry": { "type": "Polygon", "coordinates": [ [ [ -54.819147, -22.257185 ], [ -54.819241, -22.257195 ], [ -54.819272, -22.256926 ], [ -54.819729, -22.256975 ], [ -54.819825, -22.257624 ], [ -54.819386, -22.258231 ], [ -54.818912, -22.258887 ], [ -54.817997, -22.258788 ], [ -54.818067, -22.258213 ], [ -54.818206, -22.257084 ], [ -54.818302, -22.257094 ], [ -54.818396, -22.257104 ], [ -54.81849, -22.257114 ], [ -54.818584, -22.257125 ], [ -54.818678, -22.257135 ], [ -54.818772, -22.257145 ], [ -54.818866, -22.257155 ], [ -54.81896, -22.257165 ], [ -54.819053, -22.257175 ], [ -54.819147, -22.257185 ] ] ] } },
{ "type": "Feature", "properties": { "id": 445, "nome": "VIDA NOVA - VITÓRIA", "registro": "7184", "data_aprovacao": null }, "geometry": { "type": "Polygon", "coordinates": [ [ [ -54.827432, -22.277379 ], [ -54.827578, -22.277658 ], [ -54.828707, -22.280281 ], [ -54.829033, -22.280013 ], [ -54.82944, -22.280042 ], [ -54.829261, -22.281939 ], [ -54.827586, -22.281807 ], [ -54.827589, -22.281754 ], [ -54.827603, -22.281574 ], [ -54.827617, -22.281394 ], [ -54.827631, -22.281214 ], [ -54.827645, -22.281034 ], [ -54.827659, -22.280854 ], [ -54.827175, -22.280821 ], [ -54.827093, -22.280814 ], [ -54.827338, -22.277396 ], [ -54.827432, -22.277379 ] ] ] } },
{ "type": "Feature", "properties": { "id": 448, "nome": "ROAD PARK POLO EMPRESARIAL E LOGÍSTICO", "registro": "80945", "data_aprovacao": null }, "geometry": { "type": "Polygon", "coordinates": [ [ [ -54.726997, -22.206597 ], [ -54.726936, -22.206667 ], [ -54.722612, -22.211548 ], [ -54.722488, -22.211687 ], [ -54.722405, -22.211781 ], [ -54.720251, -22.214233 ], [ -54.719432, -22.215166 ], [ -54.719192, -22.214983 ], [ -54.719062, -22.214884 ], [ -54.718792, -22.214678 ], [ -54.718704, -22.214611 ], [ -54.720088, -22.212994 ], [ -54.726259, -22.206017 ], [ -54.726997, -22.206597 ] ] ] } },
{ "type": "Feature", "properties": { "id": 449, "nome": "RESIDENCIAL IBIZA", "registro": null, "data_aprovacao": null }, "geometry": { "type": "Polygon", "coordinates": [ [ [ -54.838581, -22.240307 ], [ -54.83853, -22.240255 ], [ -54.838459, -22.240317 ], [ -54.838245, -22.240501 ], [ -54.838103, -22.240623 ], [ -54.838031, -22.240684 ], [ -54.83796, -22.240746 ], [ -54.837889, -22.240807 ], [ -54.837675, -22.240991 ], [ -54.837618, -22.240961 ], [ -54.837506, -22.240918 ], [ -54.83754, -22.240833 ], [ -54.837574, -22.240749 ], [ -54.837608, -22.240664 ], [ -54.837642, -22.24058 ], [ -54.837676, -22.240495 ], [ -54.83771, -22.240411 ], [ -54.837744, -22.240326 ], [ -54.837778, -22.240241 ], [ -54.837839, -22.24009 ], [ -54.837853, -22.240055 ], [ -54.83788, -22.239989 ], [ -54.83792, -22.239887 ], [ -54.837954, -22.239804 ], [ -54.837961, -22.239786 ], [ -54.837989, -22.239717 ], [ -54.838002, -22.239684 ], [ -54.83807, -22.239514 ], [ -54.838071, -22.239512 ], [ -54.838072, -22.23951 ], [ -54.838178, -22.239511 ], [ -54.838265, -22.23952 ], [ -54.838338, -22.239535 ], [ -54.838483, -22.239545 ], [ -54.838571, -22.239552 ], [ -54.838659, -22.23956 ], [ -54.838658, -22.239568 ], [ -54.838653, -22.239649 ], [ -54.838647, -22.239739 ], [ -54.838638, -22.239836 ], [ -54.838629, -22.239916 ], [ -54.83862, -22.240004 ], [ -54.838612, -22.240093 ], [ -54.838602, -22.240213 ], [ -54.838581, -22.240307 ] ] ] } },
{ "type": "Feature", "properties": { "id": 450, "nome": "JARDIM IGUATEMI", "registro": "148904", "data_aprovacao": null }, "geometry": { "type": "Polygon", "coordinates": [ [ [ -54.757869, -22.204536 ], [ -54.758962, -22.206257 ], [ -54.748867, -22.207078 ], [ -54.747501, -22.205369 ], [ -54.757869, -22.204536 ] ] ] } },
{ "type": "Feature", "properties": { "id": 451, "nome": "FLOR DE PRIMAVERA", "registro": null, "data_aprovacao": null }, "geometry": { "type": "Polygon", "coordinates": [ [ [ -54.769527, -22.235472 ], [ -54.769335, -22.236357 ], [ -54.768479, -22.236196 ], [ -54.768671, -22.235311 ], [ -54.769527, -22.235472 ] ] ] } },
{ "type": "Feature", "properties": { "id": 452, "nome": "VILA DOS OFICIOS JARDIM OLIVEIRA", "registro": null, "data_aprovacao": null }, "geometry": { "type": "Polygon", "coordinates": [ [ [ -54.778643, -22.235352 ], [ -54.778651, -22.235281 ], [ -54.778819, -22.235296 ], [ -54.778888, -22.235301 ], [ -54.77896, -22.235307 ], [ -54.779018, -22.235312 ], [ -54.779019, -22.235307 ], [ -54.77909, -22.235312 ], [ -54.779159, -22.235318 ], [ -54.779229, -22.235324 ], [ -54.779279, -22.235329 ], [ -54.779393, -22.235339 ], [ -54.779382, -22.235469 ], [ -54.779375, -22.235574 ], [ -54.779369, -22.235668 ], [ -54.779201, -22.235651 ], [ -54.779158, -22.235646 ], [ -54.778806, -22.235611 ], [ -54.778763, -22.235606 ], [ -54.778615, -22.235593 ], [ -54.778627, -22.235493 ], [ -54.778643, -22.235352 ] ] ] } },
{ "type": "Feature", "properties": { "id": 453, "nome": "VIDA NOVA IPIRANGA", "registro": null, "data_aprovacao": null }, "geometry": { "type": "Polygon", "coordinates": [ [ [ -54.797914, -22.208517 ], [ -54.797212, -22.208439 ], [ -54.797212, -22.208336 ], [ -54.797213, -22.208307 ], [ -54.797213, -22.208159 ], [ -54.797253, -22.20811 ], [ -54.797326, -22.208021 ], [ -54.797625, -22.208105 ], [ -54.797723, -22.208127 ], [ -54.797964, -22.208192 ], [ -54.797948, -22.208282 ], [ -54.797941, -22.208313 ], [ -54.797929, -22.208405 ], [ -54.797927, -22.208432 ], [ -54.797914, -22.208517 ] ] ] } },
{ "type": "Feature", "properties": { "id": 454, "nome": "VIDA NOVA - SANTA FELICIDADE", "registro": null, "data_aprovacao": null }, "geometry": { "type": "Polygon", "coordinates": [ [ [ -54.741231, -22.255844 ], [ -54.740979, -22.25526 ], [ -54.740562, -22.254135 ], [ -54.740531, -22.254012 ], [ -54.740555, -22.253945 ], [ -54.742335, -22.252574 ], [ -54.742373, -22.25263 ], [ -54.742576, -22.25283 ], [ -54.742516, -22.252882 ], [ -54.74255, -22.252921 ], [ -54.742618, -22.252996 ], [ -54.742498, -22.253099 ], [ -54.742445, -22.253145 ], [ -54.742597, -22.253317 ], [ -54.74251, -22.253313 ], [ -54.742447, -22.253304 ], [ -54.742415, -22.253324 ], [ -54.742471, -22.25339 ], [ -54.742788, -22.253768 ], [ -54.742739, -22.253788 ], [ -54.742655, -22.253832 ], [ -54.742693, -22.25388 ], [ -54.742733, -22.25394 ], [ -54.742801, -22.254032 ], [ -54.742862, -22.254103 ], [ -54.742928, -22.254166 ], [ -54.742984, -22.254218 ], [ -54.743056, -22.254273 ], [ -54.743096, -22.254308 ], [ -54.743157, -22.254369 ], [ -54.74319, -22.254441 ], [ -54.743252, -22.254506 ], [ -54.743151, -22.254624 ], [ -54.743102, -22.254672 ], [ -54.743141, -22.254737 ], [ -54.743202, -22.254839 ], [ -54.742985, -22.254947 ], [ -54.742838, -22.255018 ], [ -54.742656, -22.25534 ], [ -54.742618, -22.255457 ], [ -54.742661, -22.255537 ], [ -54.742587, -22.255595 ], [ -54.742567, -22.255637 ], [ -54.742516, -22.255749 ], [ -54.742493, -22.255801 ], [ -54.742451, -22.255893 ], [ -54.742443, -22.255905 ], [ -54.74242, -22.255937 ], [ -54.742441, -22.255994 ], [ -54.742219, -22.256168 ], [ -54.741801, -22.257267 ], [ -54.741776, -22.257288 ], [ -54.741231, -22.255844 ] ] ] } },
{ "type": "Feature", "properties": { "id": 473, "nome": "VILA DOS OFÍCIOS - CANAÃ III", "registro": null, "data_aprovacao": null }, "geometry": { "type": "Polygon", "coordinates": [ [ [ -54.793094, -22.249737 ], [ -54.793076, -22.24988 ], [ -54.793067, -22.249952 ], [ -54.793058, -22.250017 ], [ -54.79305, -22.25008 ], [ -54.793042, -22.250143 ], [ -54.793034, -22.250207 ], [ -54.793026, -22.250269 ], [ -54.793018, -22.250331 ], [ -54.793009, -22.250396 ], [ -54.793001, -22.250456 ], [ -54.792993, -22.25052 ], [ -54.792985, -22.250581 ], [ -54.792977, -22.250643 ], [ -54.792969, -22.250708 ], [ -54.792961, -22.25077 ], [ -54.792952, -22.250842 ], [ -54.792936, -22.250962 ], [ -54.792724, -22.250938 ], [ -54.792647, -22.250929 ], [ -54.792578, -22.250921 ], [ -54.792505, -22.250912 ], [ -54.792527, -22.250739 ], [ -54.792634, -22.249893 ], [ -54.792661, -22.249682 ], [ -54.792738, -22.249691 ], [ -54.792808, -22.2497 ], [ -54.792883, -22.24971 ], [ -54.793094, -22.249737 ] ] ] } },
{ "type": "Feature", "properties": { "id": 456, "nome": "ARES PARK & CLUB", "registro": null, "data_aprovacao": null }, "geometry": { "type": "Polygon", "coordinates": [ [ [ -54.873461, -22.245325 ], [ -54.87343, -22.245313 ], [ -54.872151, -22.244837 ], [ -54.871598, -22.24463 ], [ -54.870323, -22.244157 ], [ -54.870504, -22.24625 ], [ -54.8687, -22.245588 ], [ -54.868403, -22.245476 ], [ -54.869209, -22.243532 ], [ -54.862808, -22.240907 ], [ -54.862846, -22.240887 ], [ -54.862879, -22.240838 ], [ -54.862391, -22.240639 ], [ -54.862761, -22.240287 ], [ -54.862957, -22.239855 ], [ -54.862823, -22.239424 ], [ -54.862479, -22.238997 ], [ -54.862491, -22.238715 ], [ -54.862674, -22.238774 ], [ -54.863622, -22.239077 ], [ -54.864074, -22.23918 ], [ -54.864756, -22.239107 ], [ -54.865473, -22.238704 ], [ -54.865841, -22.238441 ], [ -54.866297, -22.238262 ], [ -54.871534, -22.236905 ], [ -54.87197, -22.238363 ], [ -54.872134, -22.238911 ], [ -54.872501, -22.240143 ], [ -54.872777, -22.241059 ], [ -54.872946, -22.241626 ], [ -54.873041, -22.241951 ], [ -54.873098, -22.242168 ], [ -54.873183, -22.242578 ], [ -54.873225, -22.242851 ], [ -54.873249, -22.243076 ], [ -54.87331, -22.243713 ], [ -54.873461, -22.245325 ] ] ] } },
{ "type": "Feature", "properties": { "id": 354, "nome": "RESIDENCIAL DO LESTE", "registro": "81584", "data_aprovacao": "25/05/2009" }, "geometry": { "type": "Polygon", "coordinates": [ [ [ -54.749872, -22.226108 ], [ -54.749733, -22.226887 ], [ -54.749342, -22.22742 ], [ -54.748035, -22.227222 ], [ -54.748025, -22.227284 ], [ -54.746459, -22.226656 ], [ -54.746646, -22.225487 ], [ -54.748186, -22.22572 ], [ -54.748371, -22.225746 ], [ -54.748346, -22.225896 ], [ -54.749872, -22.226108 ] ] ] } },
{ "type": "Feature", "properties": { "id": 457, "nome": "ADISA RESIDENCIAL", "registro": null, "data_aprovacao": null }, "geometry": { "type": "Polygon", "coordinates": [ [ [ -54.740305, -22.229564 ], [ -54.739517, -22.230893 ], [ -54.739293, -22.230737 ], [ -54.738509, -22.231731 ], [ -54.737727, -22.231196 ], [ -54.737268, -22.231778 ], [ -54.738049, -22.232313 ], [ -54.737792, -22.232691 ], [ -54.737121, -22.233228 ], [ -54.736531, -22.232512 ], [ -54.736069, -22.232842 ], [ -54.73666, -22.233558 ], [ -54.734669, -22.235222 ], [ -54.733558, -22.234049 ], [ -54.733856, -22.232577 ], [ -54.734609, -22.229155 ], [ -54.734723, -22.228637 ], [ -54.734819, -22.228658 ], [ -54.734888, -22.228674 ], [ -54.735067, -22.227863 ], [ -54.735256, -22.227006 ], [ -54.740022, -22.229421 ], [ -54.740305, -22.229564 ] ] ] } },
{ "type": "Feature", "properties": { "id": 115, "nome": "JARDIM ALHAMBRA", "registro": "9664", "data_aprovacao": "21/12/1976" }, "geometry": { "type": "Polygon", "coordinates": [ [ [ -54.736885, -22.223987 ], [ -54.743894, -22.227535 ], [ -54.74086, -22.23143 ], [ -54.739641, -22.230684 ], [ -54.740305, -22.229564 ], [ -54.740022, -22.229421 ], [ -54.735256, -22.227006 ], [ -54.735067, -22.227863 ], [ -54.734984, -22.227837 ], [ -54.736, -22.223489 ], [ -54.736272, -22.222955 ], [ -54.736885, -22.223987 ] ] ] } },
{ "type": "Feature", "properties": { "id": 279, "nome": "PARQUE DE EXPOSIÇÃO", "registro": "GEO", "data_aprovacao": null }, "geometry": { "type": "Polygon", "coordinates": [ [ [ -54.733047, -22.224733 ], [ -54.733397, -22.224919 ], [ -54.734489, -22.225505 ], [ -54.735052, -22.225809 ], [ -54.73507, -22.225821 ], [ -54.73509, -22.225852 ], [ -54.73511, -22.225905 ], [ -54.735113, -22.225923 ], [ -54.735127, -22.226025 ], [ -54.735138, -22.226115 ], [ -54.735146, -22.226224 ], [ -54.735152, -22.226317 ], [ -54.735149, -22.226394 ], [ -54.735088, -22.22732 ], [ -54.734819, -22.228658 ], [ -54.734723, -22.228637 ], [ -54.734609, -22.229155 ], [ -54.732217, -22.22798 ], [ -54.733047, -22.224733 ] ] ] } },
{ "type": "Feature", "properties": { "id": 237, "nome": "JARDIM LONDINA", "registro": "47492 TRANSCRIÇÃO", "data_aprovacao": null }, "geometry": { "type": "Polygon", "coordinates": [ [ [ -54.823179, -22.241188 ], [ -54.822522, -22.242745 ], [ -54.822196, -22.242793 ], [ -54.821259, -22.243027 ], [ -54.820127, -22.243269 ], [ -54.820167, -22.242942 ], [ -54.82046, -22.240589 ], [ -54.823179, -22.241188 ] ] ] } },
{ "type": "Feature", "properties": { "id": 132, "nome": "VILA ROSA", "registro": "TR-2062 / 40692", "data_aprovacao": "15/10/1982" }, "geometry": { "type": "Polygon", "coordinates": [ [ [ -54.795405, -22.217837 ], [ -54.795613, -22.217942 ], [ -54.795605, -22.21812 ], [ -54.794535, -22.217528 ], [ -54.794841, -22.21516 ], [ -54.795538, -22.215211 ], [ -54.795652, -22.214194 ], [ -54.796134, -22.214243 ], [ -54.796282, -22.213168 ], [ -54.796398, -22.212223 ], [ -54.798319, -22.212412 ], [ -54.797012, -22.214718 ], [ -54.795405, -22.217837 ] ] ] } },
{ "type": "Feature", "properties": { "id": 458, "nome": "PORTAL DO SOL I", "registro": null, "data_aprovacao": null }, "geometry": { "type": "Polygon", "coordinates": [ [ [ -54.756052, -22.272907 ], [ -54.755593, -22.277108 ], [ -54.755014, -22.277054 ], [ -54.754896, -22.278131 ], [ -54.754703, -22.278113 ], [ -54.754654, -22.278562 ], [ -54.751325, -22.278248 ], [ -54.751178, -22.279596 ], [ -54.751118, -22.27959 ], [ -54.750169, -22.274917 ], [ -54.754244, -22.275338 ], [ -54.754833, -22.272791 ], [ -54.756052, -22.272907 ] ] ] } },
{ "type": "Feature", "properties": { "id": 476, "nome": "VILA MARIANA", "registro": null, "data_aprovacao": null }, "geometry": { "type": "Polygon", "coordinates": [ [ [ -54.743226, -22.245598 ], [ -54.74315, -22.245786 ], [ -54.74272, -22.246851 ], [ -54.743174, -22.24701 ], [ -54.742846, -22.247821 ], [ -54.742473, -22.248745 ], [ -54.742401, -22.248666 ], [ -54.742315, -22.248571 ], [ -54.742215, -22.248459 ], [ -54.742115, -22.248348 ], [ -54.742044, -22.248269 ], [ -54.741901, -22.24811 ], [ -54.741758, -22.247951 ], [ -54.742751, -22.245492 ], [ -54.7429, -22.245525 ], [ -54.743017, -22.245551 ], [ -54.743122, -22.245575 ], [ -54.743226, -22.245598 ] ] ] } },
{ "type": "Feature", "properties": { "id": 477, "nome": "VIDA NOVA CIDADE JARDIM", "registro": null, "data_aprovacao": null }, "geometry": { "type": "Polygon", "coordinates": [ [ [ -54.858355, -22.234641 ], [ -54.858153, -22.234617 ], [ -54.858029, -22.235517 ], [ -54.855479, -22.235213 ], [ -54.856209, -22.23388 ], [ -54.858188, -22.234115 ], [ -54.858355, -22.234641 ] ] ] } },
{ "type": "Feature", "properties": { "id": 478, "nome": "JARDIM MORADA DO SOL", "registro": null, "data_aprovacao": null }, "geometry": { "type": "Polygon", "coordinates": [ [ [ -54.769713, -22.204863 ], [ -54.7677, -22.204205 ], [ -54.76788, -22.203728 ], [ -54.767855, -22.20372 ], [ -54.767978, -22.203396 ], [ -54.768942, -22.203712 ], [ -54.7691, -22.203763 ], [ -54.76911, -22.203738 ], [ -54.769512, -22.20387 ], [ -54.769502, -22.203895 ], [ -54.769612, -22.203931 ], [ -54.769625, -22.203897 ], [ -54.770028, -22.204029 ], [ -54.769713, -22.204863 ] ] ] } },
{ "type": "Feature", "properties": { "id": 1, "nome": "VIVERE DA MATA", "registro": null, "data_aprovacao": null }, "geometry": { "type": "Polygon", "coordinates": [ [ [ -54.770965, -22.241991 ], [ -54.774106, -22.241272 ], [ -54.77411, -22.241286 ], [ -54.777403, -22.240545 ], [ -54.7774, -22.240565 ], [ -54.777395, -22.240602 ], [ -54.777393, -22.240616 ], [ -54.777376, -22.240728 ], [ -54.777374, -22.240743 ], [ -54.777359, -22.240845 ], [ -54.777357, -22.240859 ], [ -54.777342, -22.240961 ], [ -54.77734, -22.240975 ], [ -54.777325, -22.241078 ], [ -54.777323, -22.241092 ], [ -54.777308, -22.241194 ], [ -54.777306, -22.241208 ], [ -54.77729, -22.241324 ], [ -54.777273, -22.241441 ], [ -54.777256, -22.241557 ], [ -54.777241, -22.241659 ], [ -54.777239, -22.241673 ], [ -54.777222, -22.24179 ], [ -54.777171, -22.242139 ], [ -54.776956, -22.24366 ], [ -54.774493, -22.243367 ], [ -54.774454, -22.243635 ], [ -54.774261, -22.243611 ], [ -54.774235, -22.24379 ], [ -54.774427, -22.243814 ], [ -54.774268, -22.244898 ], [ -54.773271, -22.245457 ], [ -54.770965, -22.241991 ] ] ] } },
{ "type": "Feature", "properties": { "id": 4, "nome": "VILA FLORESTA", "registro": "28116 TRANSCRIÇÃO", "data_aprovacao": null }, "geometry": { "type": "Polygon", "coordinates": [ [ [ -54.505384, -22.082833 ], [ -54.506061, -22.081775 ], [ -54.507898, -22.082759 ], [ -54.507229, -22.083813 ], [ -54.505384, -22.082833 ] ] ] } },
{ "type": "Feature", "properties": { "id": 5, "nome": "VILA SÃO FRANCISCO", "registro": "41647 TRANSCRIÇÃO", "data_aprovacao": null }, "geometry": { "type": "Polygon", "coordinates": [ [ [ -54.772709, -22.223489 ], [ -54.76939, -22.223121 ], [ -54.769528, -22.221934 ], [ -54.768939, -22.221873 ], [ -54.769103, -22.220607 ], [ -54.769286, -22.22045 ], [ -54.769537, -22.220475 ], [ -54.769521, -22.220591 ], [ -54.770186, -22.220661 ], [ -54.770711, -22.220749 ], [ -54.770676, -22.221164 ], [ -54.772996, -22.221405 ], [ -54.772709, -22.223489 ] ] ] } },
{ "type": "Feature", "properties": { "id": 6, "nome": "JARDIM ITAIPU, PROLONGAMENTO", "registro": "54115 TRANSCRIÇÃO", "data_aprovacao": "13/11/1978" }, "geometry": { "type": "Polygon", "coordinates": [ [ [ -54.826495, -22.212082 ], [ -54.826276, -22.214105 ], [ -54.825073, -22.213977 ], [ -54.824967, -22.214886 ], [ -54.823797, -22.214754 ], [ -54.824084, -22.212292 ], [ -54.824381, -22.212317 ], [ -54.824387, -22.212267 ], [ -54.824444, -22.212262 ], [ -54.826495, -22.212082 ] ] ] } },
{ "type": "Feature", "properties": { "id": 7, "nome": "VILA PROGRESSO", "registro": "GEO", "data_aprovacao": null }, "geometry": { "type": "Polygon", "coordinates": [ [ [ -54.817629, -22.222683 ], [ -54.81745, -22.222694 ], [ -54.816555, -22.222747 ], [ -54.816672, -22.221946 ], [ -54.814709, -22.221433 ], [ -54.814728, -22.221585 ], [ -54.814497, -22.221568 ], [ -54.814551, -22.222897 ], [ -54.813525, -22.223465 ], [ -54.813108, -22.223419 ], [ -54.81324, -22.222336 ], [ -54.813129, -22.221496 ], [ -54.812413, -22.221424 ], [ -54.812324, -22.2207 ], [ -54.812913, -22.220519 ], [ -54.812925, -22.220412 ], [ -54.81323, -22.220444 ], [ -54.813264, -22.22016 ], [ -54.813946, -22.220207 ], [ -54.814048, -22.219321 ], [ -54.813223, -22.219233 ], [ -54.812715, -22.216435 ], [ -54.813768, -22.216176 ], [ -54.814759, -22.215999 ], [ -54.815578, -22.21604 ], [ -54.817332, -22.215656 ], [ -54.818357, -22.215364 ], [ -54.818523, -22.215188 ], [ -54.818222, -22.217717 ], [ -54.81803, -22.219268 ], [ -54.817629, -22.222683 ] ] ] } },
{ "type": "Feature", "properties": { "id": 8, "nome": "RESIDENCIAL GREENVILLE II", "registro": "121632", "data_aprovacao": "28/11/2016" }, "geometry": { "type": "Polygon", "coordinates": [ [ [ -54.799239, -22.267507 ], [ -54.798876, -22.267547 ], [ -54.798876, -22.267547 ], [ -54.798876, -22.267547 ], [ -54.789127, -22.268612 ], [ -54.788558, -22.268539 ], [ -54.788816, -22.266181 ], [ -54.794857, -22.265395 ], [ -54.796633, -22.265164 ], [ -54.796633, -22.265164 ], [ -54.797198, -22.26509 ], [ -54.798105, -22.264972 ], [ -54.798229, -22.265043 ], [ -54.79878, -22.265491 ], [ -54.799258, -22.265944 ], [ -54.799342, -22.266281 ], [ -54.799453, -22.266696 ], [ -54.79954, -22.266998 ], [ -54.799694, -22.267351 ], [ -54.799751, -22.267451 ], [ -54.799239, -22.267507 ], [ -54.799239, -22.267507 ] ] ] } },
{ "type": "Feature", "properties": { "id": 9, "nome": "JARDIM MONTE ALEGRE", "registro": "25443", "data_aprovacao": "10/09/1979" }, "geometry": { "type": "Polygon", "coordinates": [ [ [ -54.816005, -22.198423 ], [ -54.815313, -22.196022 ], [ -54.813674, -22.192792 ], [ -54.815483, -22.192894 ], [ -54.815517, -22.192424 ], [ -54.81631, -22.192471 ], [ -54.816127, -22.196847 ], [ -54.816005, -22.198423 ] ] ] } },
{ "type": "Feature", "properties": { "id": 10, "nome": "RESIDENCIAL WALDOMIRO ALVES MONTEIRO", "registro": "54557", "data_aprovacao": null }, "geometry": { "type": "Polygon", "coordinates": [ [ [ -54.810806, -22.200252 ], [ -54.810698, -22.200176 ], [ -54.808723, -22.198942 ], [ -54.811059, -22.197798 ], [ -54.812109, -22.198008 ], [ -54.81085, -22.200257 ], [ -54.810806, -22.200252 ] ] ] } },
{ "type": "Feature", "properties": { "id": 11, "nome": "PT. CHÁCARA XCVII", "registro": "GEO", "data_aprovacao": null }, "geometry": { "type": "Polygon", "coordinates": [ [ [ -54.768261, -22.222096 ], [ -54.769311, -22.222201 ], [ -54.769188, -22.223098 ], [ -54.766919, -22.222852 ], [ -54.767811, -22.2219 ], [ -54.768261, -22.222096 ] ] ] } },
{ "type": "Feature", "properties": { "id": 12, "nome": "BOURBON PREMIUM RESIDENCE SPA RESORT", "registro": "135461", "data_aprovacao": "27/10/2017" }, "geometry": { "type": "Polygon", "coordinates": [ [ [ -54.829334, -22.194583 ], [ -54.829705, -22.196025 ], [ -54.825761, -22.196904 ], [ -54.825702, -22.196729 ], [ -54.824574, -22.197322 ], [ -54.82511, -22.198292 ], [ -54.824771, -22.1985 ], [ -54.824186, -22.197699 ], [ -54.823953, -22.19782 ], [ -54.823748, -22.196597 ], [ -54.823545, -22.195386 ], [ -54.823521, -22.195208 ], [ -54.827172, -22.194467 ], [ -54.827175, -22.194466 ], [ -54.827009, -22.193902 ], [ -54.829059, -22.193455 ], [ -54.829334, -22.194583 ] ] ] } },
{ "type": "Feature", "properties": { "id": 13, "nome": "DELTAPARK", "registro": "109685", "data_aprovacao": "16/12/2016" }, "geometry": { "type": "Polygon", "coordinates": [ [ [ -54.801648, -22.272066 ], [ -54.809216, -22.274333 ], [ -54.810303, -22.275826 ], [ -54.811882, -22.277996 ], [ -54.800745, -22.281109 ], [ -54.799682, -22.281403 ], [ -54.799557, -22.281363 ], [ -54.799544, -22.281408 ], [ -54.799512, -22.281434 ], [ -54.799487, -22.281456 ], [ -54.799396, -22.281443 ], [ -54.799419, -22.28135 ], [ -54.799578, -22.281289 ], [ -54.799617, -22.281042 ], [ -54.799559, -22.280976 ], [ -54.799514, -22.280914 ], [ -54.799566, -22.280849 ], [ -54.799617, -22.280684 ], [ -54.799515, -22.280654 ], [ -54.799511, -22.280613 ], [ -54.799577, -22.280531 ], [ -54.799639, -22.280487 ], [ -54.799681, -22.280315 ], [ -54.79971, -22.280175 ], [ -54.799682, -22.279983 ], [ -54.799673, -22.279901 ], [ -54.799721, -22.2798 ], [ -54.799661, -22.279694 ], [ -54.799648, -22.279655 ], [ -54.79965, -22.279531 ], [ -54.799679, -22.279404 ], [ -54.799724, -22.279306 ], [ -54.799777, -22.279177 ], [ -54.799817, -22.278979 ], [ -54.7998, -22.278934 ], [ -54.799791, -22.278845 ], [ -54.799805, -22.278656 ], [ -54.799855, -22.278572 ], [ -54.79995, -22.278476 ], [ -54.799956, -22.278404 ], [ -54.799965, -22.278249 ], [ -54.799996, -22.278131 ], [ -54.80011, -22.278068 ], [ -54.800248, -22.27791 ], [ -54.800287, -22.277882 ], [ -54.800293, -22.277788 ], [ -54.800272, -22.277668 ], [ -54.800291, -22.277551 ], [ -54.800414, -22.277492 ], [ -54.800468, -22.277453 ], [ -54.800499, -22.277368 ], [ -54.800569, -22.277245 ], [ -54.800663, -22.277193 ], [ -54.800709, -22.277046 ], [ -54.800655, -22.276982 ], [ -54.8007, -22.276883 ], [ -54.800675, -22.276749 ], [ -54.800686, -22.276644 ], [ -54.800647, -22.276553 ], [ -54.800647, -22.276506 ], [ -54.800712, -22.276449 ], [ -54.800826, -22.276396 ], [ -54.80087, -22.27634 ], [ -54.80097, -22.27629 ], [ -54.801075, -22.276168 ], [ -54.801173, -22.276065 ], [ -54.80118, -22.276033 ], [ -54.801154, -22.275936 ], [ -54.801149, -22.275885 ], [ -54.801219, -22.275877 ], [ -54.801257, -22.275802 ], [ -54.801194, -22.275656 ], [ -54.801243, -22.27548 ], [ -54.801196, -22.275333 ], [ -54.801226, -22.275208 ], [ -54.801244, -22.275141 ], [ -54.801337, -22.274999 ], [ -54.801336, -22.27483 ], [ -54.801301, -22.274748 ], [ -54.801253, -22.274606 ], [ -54.801284, -22.274472 ], [ -54.801247, -22.274355 ], [ -54.801145, -22.274218 ], [ -54.801081, -22.274135 ], [ -54.801088, -22.274052 ], [ -54.801097, -22.273953 ], [ -54.801113, -22.273916 ], [ -54.801236, -22.273912 ], [ -54.80131, -22.273793 ], [ -54.801299, -22.273644 ], [ -54.801244, -22.273596 ], [ -54.801218, -22.273554 ], [ -54.801238, -22.273526 ], [ -54.801413, -22.273466 ], [ -54.801412, -22.273375 ], [ -54.801437, -22.273247 ], [ -54.801547, -22.273277 ], [ -54.801618, -22.273232 ], [ -54.801661, -22.273173 ], [ -54.801632, -22.273045 ], [ -54.801573, -22.272921 ], [ -54.801647, -22.272824 ], [ -54.801649, -22.272688 ], [ -54.80158, -22.272614 ], [ -54.801553, -22.272531 ], [ -54.801561, -22.272437 ], [ -54.801596, -22.272173 ], [ -54.801648, -22.272066 ] ] ] } },
{ "type": "Feature", "properties": { "id": 479, "nome": "VIDA NOVA CHÁCARA CASTELO I", "registro": null, "data_aprovacao": null }, "geometry": { "type": "Polygon", "coordinates": [ [ [ -54.731287, -22.215439 ], [ -54.730617, -22.216212 ], [ -54.729469, -22.215349 ], [ -54.73014, -22.214577 ], [ -54.731287, -22.215439 ], [ -54.731287, -22.215439 ] ] ] } },
{ "type": "Feature", "properties": { "id": 14, "nome": "JARDIM MÔNACO", "registro": "68595", "data_aprovacao": "03/07/2002" }, "geometry": { "type": "Polygon", "coordinates": [ [ [ -54.808596, -22.198874 ], [ -54.810692, -22.200177 ], [ -54.807344, -22.206972 ], [ -54.806185, -22.206443 ], [ -54.805549, -22.206574 ], [ -54.80483, -22.206192 ], [ -54.805572, -22.203893 ], [ -54.804606, -22.203585 ], [ -54.805477, -22.200234 ], [ -54.808596, -22.198874 ] ] ] } },
{ "type": "Feature", "properties": { "id": 16, "nome": "VILA ARAPONGAS", "registro": "54378 TRANSCRIÇÃO", "data_aprovacao": "25/07/1967" }, "geometry": { "type": "Polygon", "coordinates": [ [ [ -54.789652, -22.213037 ], [ -54.789629, -22.213397 ], [ -54.789545, -22.214506 ], [ -54.789447, -22.215399 ], [ -54.789441, -22.215586 ], [ -54.789407, -22.216033 ], [ -54.789326, -22.216026 ], [ -54.788151, -22.215738 ], [ -54.787195, -22.215423 ], [ -54.784549, -22.214804 ], [ -54.783883, -22.214517 ], [ -54.783632, -22.214061 ], [ -54.783425, -22.213747 ], [ -54.783276, -22.213331 ], [ -54.782902, -22.212372 ], [ -54.784569, -22.212546 ], [ -54.784983, -22.21254 ], [ -54.786208, -22.212673 ], [ -54.787049, -22.212754 ], [ -54.789651, -22.213036 ], [ -54.789652, -22.213037 ] ] ] } },
{ "type": "Feature", "properties": { "id": 18, "nome": "JARDIM BURITIS II", "registro": "138035", "data_aprovacao": null }, "geometry": { "type": "Polygon", "coordinates": [ [ [ -54.755632, -22.276301 ], [ -54.756065, -22.272845 ], [ -54.760877, -22.273368 ], [ -54.760195, -22.276126 ], [ -54.757209, -22.275715 ], [ -54.757085, -22.276501 ], [ -54.755632, -22.276301 ] ] ] } },
{ "type": "Feature", "properties": { "id": 19, "nome": "VILA ALBA", "registro": "1527 TRANSCRIÇÃO", "data_aprovacao": null }, "geometry": { "type": "Polygon", "coordinates": [ [ [ -54.787897, -22.223984 ], [ -54.786939, -22.223884 ], [ -54.787219, -22.221252 ], [ -54.788182, -22.221365 ], [ -54.787897, -22.223984 ] ] ] } },
{ "type": "Feature", "properties": { "id": 20, "nome": "RESIDENCIAL CIDADE JARDIM IV", "registro": "75337", "data_aprovacao": "25/09/2017" }, "geometry": { "type": "Polygon", "coordinates": [ [ [ -54.861462, -22.2422 ], [ -54.861445, -22.242209 ], [ -54.853712, -22.246469 ], [ -54.852999, -22.240564 ], [ -54.85917, -22.241045 ], [ -54.860426, -22.241145 ], [ -54.861462, -22.2422 ] ] ] } },
{ "type": "Feature", "properties": { "id": 21, "nome": "VILLAGIO FLORENÇA", "registro": "87364", "data_aprovacao": null }, "geometry": { "type": "Polygon", "coordinates": [ [ [ -54.844305, -22.241605 ], [ -54.845226, -22.240775 ], [ -54.846497, -22.242053 ], [ -54.845568, -22.242853 ], [ -54.844305, -22.241605 ] ] ] } },
{ "type": "Feature", "properties": { "id": 22, "nome": "ITAPITAN II", "registro": "105292", "data_aprovacao": "01/02/2016" }, "geometry": { "type": "Polygon", "coordinates": [ [ [ -54.826457, -22.192135 ], [ -54.827009, -22.193902 ], [ -54.827172, -22.194467 ], [ -54.823521, -22.195208 ], [ -54.823211, -22.19337 ], [ -54.826457, -22.192135 ] ] ] } },
{ "type": "Feature", "properties": { "id": 23, "nome": "JARDIM DO BOSQUE II", "registro": "100647", "data_aprovacao": "10/09/2018" }, "geometry": { "type": "Polygon", "coordinates": [ [ [ -54.748315, -22.239443 ], [ -54.745383, -22.238866 ], [ -54.745449, -22.238668 ], [ -54.745863, -22.238131 ], [ -54.748473, -22.238644 ], [ -54.748494, -22.238648 ], [ -54.748315, -22.239443 ] ] ] } },
{ "type": "Feature", "properties": { "id": 24, "nome": "RIVIERA RESIDENCE", "registro": "138069", "data_aprovacao": "05/09/2018" }, "geometry": { "type": "Polygon", "coordinates": [ [ [ -54.815486, -22.204027 ], [ -54.815649, -22.203094 ], [ -54.815781, -22.203107 ], [ -54.815961, -22.202268 ], [ -54.81861, -22.20257 ], [ -54.818381, -22.203825 ], [ -54.819671, -22.203974 ], [ -54.819511, -22.204648 ], [ -54.815486, -22.204027 ] ] ] } },
{ "type": "Feature", "properties": { "id": 25, "nome": "RESIDENCIAL MARTINEZ ALVES DA SILVA", "registro": "78799", "data_aprovacao": "09/05/2019" }, "geometry": { "type": "Polygon", "coordinates": [ [ [ -54.614097, -22.13853 ], [ -54.615462, -22.137005 ], [ -54.61628, -22.137641 ], [ -54.614915, -22.139166 ], [ -54.614097, -22.13853 ] ] ] } },
{ "type": "Feature", "properties": { "id": 26, "nome": "PORTO FINO", "registro": "141681", "data_aprovacao": null }, "geometry": { "type": "Polygon", "coordinates": [ [ [ -54.83774, -22.200571 ], [ -54.835294, -22.197781 ], [ -54.835269, -22.197753 ], [ -54.835275, -22.197726 ], [ -54.835355, -22.197328 ], [ -54.835359, -22.197315 ], [ -54.835363, -22.197302 ], [ -54.835369, -22.197289 ], [ -54.835375, -22.197277 ], [ -54.835382, -22.197265 ], [ -54.83539, -22.197253 ], [ -54.835398, -22.197242 ], [ -54.835414, -22.197223 ], [ -54.835428, -22.197203 ], [ -54.835441, -22.197183 ], [ -54.835452, -22.197162 ], [ -54.835462, -22.19714 ], [ -54.835471, -22.197117 ], [ -54.835478, -22.197095 ], [ -54.835619, -22.196873 ], [ -54.835767, -22.196656 ], [ -54.835922, -22.196442 ], [ -54.836083, -22.196233 ], [ -54.836251, -22.196028 ], [ -54.836426, -22.195828 ], [ -54.836606, -22.195633 ], [ -54.83661, -22.195629 ], [ -54.836614, -22.195625 ], [ -54.836618, -22.195622 ], [ -54.836623, -22.195618 ], [ -54.836627, -22.195615 ], [ -54.836632, -22.195612 ], [ -54.836636, -22.195609 ], [ -54.836795, -22.195508 ], [ -54.8368, -22.195505 ], [ -54.836806, -22.195503 ], [ -54.836811, -22.195501 ], [ -54.836816, -22.195499 ], [ -54.836822, -22.195497 ], [ -54.836828, -22.195496 ], [ -54.836833, -22.195495 ], [ -54.836839, -22.195495 ], [ -54.836845, -22.195494 ], [ -54.836849, -22.195493 ], [ -54.836853, -22.195492 ], [ -54.836857, -22.195491 ], [ -54.836861, -22.19549 ], [ -54.836865, -22.195489 ], [ -54.836869, -22.195489 ], [ -54.836873, -22.195489 ], [ -54.836916, -22.19547 ], [ -54.836958, -22.195448 ], [ -54.836999, -22.195424 ], [ -54.837037, -22.195398 ], [ -54.837074, -22.195369 ], [ -54.837109, -22.195338 ], [ -54.837141, -22.195306 ], [ -54.837171, -22.195271 ], [ -54.837199, -22.195235 ], [ -54.837225, -22.195197 ], [ -54.837247, -22.195158 ], [ -54.837268, -22.195118 ], [ -54.837285, -22.195076 ], [ -54.837285, -22.195074 ], [ -54.837285, -22.195072 ], [ -54.837285, -22.19507 ], [ -54.837285, -22.195068 ], [ -54.837286, -22.195066 ], [ -54.837286, -22.195064 ], [ -54.837287, -22.195062 ], [ -54.837288, -22.19506 ], [ -54.837289, -22.195058 ], [ -54.83729, -22.195056 ], [ -54.837291, -22.195055 ], [ -54.837292, -22.195053 ], [ -54.837294, -22.195051 ], [ -54.837296, -22.195046 ], [ -54.837298, -22.19504 ], [ -54.837301, -22.195034 ], [ -54.837304, -22.195029 ], [ -54.837307, -22.195023 ], [ -54.83731, -22.195018 ], [ -54.837314, -22.195013 ], [ -54.837394, -22.194902 ], [ -54.837396, -22.1949 ], [ -54.837398, -22.194898 ], [ -54.8374, -22.194895 ], [ -54.837402, -22.194893 ], [ -54.837404, -22.194891 ], [ -54.837406, -22.194889 ], [ -54.837408, -22.194887 ], [ -54.837663, -22.194684 ], [ -54.837926, -22.19449 ], [ -54.838196, -22.194304 ], [ -54.838472, -22.194128 ], [ -54.838756, -22.19396 ], [ -54.839045, -22.193803 ], [ -54.83934, -22.193654 ], [ -54.839719, -22.195028 ], [ -54.840431, -22.197746 ], [ -54.840947, -22.199566 ], [ -54.840984, -22.199711 ], [ -54.840471, -22.199481 ], [ -54.840446, -22.199471 ], [ -54.84042, -22.199462 ], [ -54.840394, -22.199454 ], [ -54.840368, -22.199448 ], [ -54.840341, -22.199443 ], [ -54.840314, -22.199439 ], [ -54.840286, -22.199437 ], [ -54.840286, -22.199437 ], [ -54.839668, -22.199407 ], [ -54.839652, -22.199406 ], [ -54.839637, -22.199407 ], [ -54.839621, -22.199408 ], [ -54.839606, -22.199411 ], [ -54.839591, -22.199414 ], [ -54.839577, -22.199418 ], [ -54.839562, -22.199423 ], [ -54.839548, -22.199429 ], [ -54.839535, -22.199436 ], [ -54.838481, -22.199996 ], [ -54.838469, -22.200002 ], [ -54.838459, -22.200008 ], [ -54.838448, -22.200015 ], [ -54.838437, -22.200022 ], [ -54.838427, -22.200029 ], [ -54.838417, -22.200036 ], [ -54.838407, -22.200044 ], [ -54.83774, -22.200571 ], [ -54.83774, -22.200571 ] ] ] } },
{ "type": "Feature", "properties": { "id": 29, "nome": "FLOR DE LIS", "registro": "79453", "data_aprovacao": "17/06/2015" }, "geometry": { "type": "Polygon", "coordinates": [ [ [ -54.781211, -22.202743 ], [ -54.777689, -22.201332 ], [ -54.777423, -22.201225 ], [ -54.778399, -22.198174 ], [ -54.779907, -22.198719 ], [ -54.782032, -22.200615 ], [ -54.781211, -22.202743 ] ] ] } },
{ "type": "Feature", "properties": { "id": 31, "nome": "JARDIM PAULISTA", "registro": "GEO", "data_aprovacao": null }, "geometry": { "type": "Polygon", "coordinates": [ [ [ -54.797209, -22.218747 ], [ -54.796657, -22.222173 ], [ -54.795255, -22.222025 ], [ -54.795709, -22.218463 ], [ -54.796693, -22.218487 ], [ -54.797209, -22.218747 ] ] ] } },
{ "type": "Feature", "properties": { "id": 32, "nome": "VILA ESPERANÇA", "registro": "6250 TRANSCRIÇÃO", "data_aprovacao": null }, "geometry": { "type": "Polygon", "coordinates": [ [ [ -54.793599, -22.213317 ], [ -54.793569, -22.213648 ], [ -54.793475, -22.213818 ], [ -54.793387, -22.214682 ], [ -54.793349, -22.214913 ], [ -54.793139, -22.21645 ], [ -54.792969, -22.216426 ], [ -54.791861, -22.216297 ], [ -54.790011, -22.216096 ], [ -54.789575, -22.216047 ], [ -54.789407, -22.216033 ], [ -54.789441, -22.215586 ], [ -54.789447, -22.215399 ], [ -54.789545, -22.214506 ], [ -54.789629, -22.213397 ], [ -54.791567, -22.213319 ], [ -54.791766, -22.21329 ], [ -54.79244, -22.213301 ], [ -54.793599, -22.213317 ] ] ] } },
{ "type": "Feature", "properties": { "id": 33, "nome": "COSTA DOURADA", "registro": "138148", "data_aprovacao": "26/06/2019" }, "geometry": { "type": "Polygon", "coordinates": [ [ [ -54.790577, -22.204024 ], [ -54.790949, -22.203968 ], [ -54.791281, -22.203876 ], [ -54.791429, -22.203816 ], [ -54.791546, -22.203769 ], [ -54.791844, -22.203612 ], [ -54.792461, -22.203266 ], [ -54.792506, -22.203241 ], [ -54.792513, -22.203249 ], [ -54.792667, -22.203484 ], [ -54.792752, -22.203666 ], [ -54.792841, -22.203705 ], [ -54.792917, -22.203738 ], [ -54.793175, -22.20385 ], [ -54.793361, -22.203931 ], [ -54.793519, -22.203979 ], [ -54.793735, -22.204045 ], [ -54.793731, -22.204051 ], [ -54.793741, -22.204055 ], [ -54.793498, -22.204439 ], [ -54.792935, -22.205328 ], [ -54.792243, -22.20639 ], [ -54.791296, -22.207865 ], [ -54.791283, -22.207886 ], [ -54.790866, -22.208536 ], [ -54.790863, -22.208541 ], [ -54.790806, -22.208557 ], [ -54.790751, -22.208573 ], [ -54.790366, -22.208406 ], [ -54.787835, -22.207309 ], [ -54.787846, -22.20724 ], [ -54.787893, -22.206942 ], [ -54.789183, -22.203798 ], [ -54.789189, -22.2038 ], [ -54.789211, -22.203809 ], [ -54.789218, -22.203811 ], [ -54.789559, -22.203925 ], [ -54.789565, -22.203927 ], [ -54.789827, -22.203986 ], [ -54.79011, -22.204025 ], [ -54.790335, -22.204033 ], [ -54.790577, -22.204024 ] ] ] } },
{ "type": "Feature", "properties": { "id": 34, "nome": "JARDIM ITAMARACÁ II", "registro": "140214", "data_aprovacao": "10/05/2019" }, "geometry": { "type": "Polygon", "coordinates": [ [ [ -54.748136, -22.219576 ], [ -54.752286, -22.214823 ], [ -54.752474, -22.215029 ], [ -54.748797, -22.219857 ], [ -54.748136, -22.219576 ] ] ] } },
{ "type": "Feature", "properties": { "id": 35, "nome": "JARDIM QUINTA DOS VENTOS", "registro": "135062", "data_aprovacao": null }, "geometry": { "type": "Polygon", "coordinates": [ [ [ -54.758181, -22.261994 ], [ -54.761953, -22.261878 ], [ -54.761834, -22.264873 ], [ -54.758084, -22.264994 ], [ -54.758181, -22.261994 ] ] ] } },
{ "type": "Feature", "properties": { "id": 36, "nome": "CIDADANIA 01", "registro": "69292", "data_aprovacao": "19/09/2019" }, "geometry": { "type": "Polygon", "coordinates": [ [ [ -54.830278, -22.264679 ], [ -54.830266, -22.266305 ], [ -54.829296, -22.266298 ], [ -54.829308, -22.264673 ], [ -54.830278, -22.264679 ] ] ] } },
{ "type": "Feature", "properties": { "id": 37, "nome": "PT. CHÁCARA 103", "registro": "1028 TRANSCRIÇÃO", "data_aprovacao": null }, "geometry": { "type": "Polygon", "coordinates": [ [ [ -54.792472, -22.219188 ], [ -54.792146, -22.221681 ], [ -54.791666, -22.221629 ], [ -54.791882, -22.219863 ], [ -54.78859, -22.219488 ], [ -54.788733, -22.218786 ], [ -54.792472, -22.219188 ] ] ] } },
{ "type": "Feature", "properties": { "id": 38, "nome": "VILA ÍNDIO", "registro": "7011 TRANSCRIÇÃO", "data_aprovacao": "28/03/1955" }, "geometry": { "type": "Polygon", "coordinates": [ [ [ -54.793972, -22.217163 ], [ -54.793159, -22.21667 ], [ -54.793349, -22.214913 ], [ -54.793387, -22.214682 ], [ -54.793475, -22.213818 ], [ -54.793569, -22.213648 ], [ -54.793732, -22.211934 ], [ -54.796398, -22.212223 ], [ -54.796282, -22.213168 ], [ -54.796134, -22.214243 ], [ -54.795652, -22.214194 ], [ -54.795538, -22.215211 ], [ -54.794841, -22.21516 ], [ -54.794535, -22.217528 ], [ -54.793972, -22.217163 ] ] ] } },
{ "type": "Feature", "properties": { "id": 39, "nome": "JARDIM BARÁ", "registro": "GEO", "data_aprovacao": "30/11/1972" }, "geometry": { "type": "Polygon", "coordinates": [ [ [ -54.825145, -22.220077 ], [ -54.824986, -22.22122 ], [ -54.824684, -22.221054 ], [ -54.822801, -22.220157 ], [ -54.820395, -22.218975 ], [ -54.820214, -22.218888 ], [ -54.81803, -22.219268 ], [ -54.818222, -22.217717 ], [ -54.820627, -22.218314 ], [ -54.820924, -22.217912 ], [ -54.825145, -22.220077 ] ] ] } },
{ "type": "Feature", "properties": { "id": 41, "nome": "JARDIM ITÁLIA", "registro": "GEO", "data_aprovacao": "06/11/1968" }, "geometry": { "type": "Polygon", "coordinates": [ [ [ -54.820639, -22.239173 ], [ -54.82046, -22.240589 ], [ -54.820167, -22.242942 ], [ -54.817183, -22.24326 ], [ -54.816235, -22.239357 ], [ -54.820639, -22.239173 ] ] ] } },
{ "type": "Feature", "properties": { "id": 43, "nome": "JARDIM DEL REY", "registro": "33132", "data_aprovacao": "16/05/1988" }, "geometry": { "type": "Polygon", "coordinates": [ [ [ -54.799487, -22.232924 ], [ -54.796171, -22.234192 ], [ -54.795867, -22.232402 ], [ -54.797518, -22.231978 ], [ -54.798608, -22.23164 ], [ -54.799487, -22.232924 ] ] ] } },
{ "type": "Feature", "properties": { "id": 44, "nome": "VILA SÃO LUIZ", "registro": "3.804 TRANSCRIÇÃO", "data_aprovacao": null }, "geometry": { "type": "Polygon", "coordinates": [ [ [ -54.818357, -22.215364 ], [ -54.817332, -22.215656 ], [ -54.815578, -22.21604 ], [ -54.814759, -22.215999 ], [ -54.815029, -22.213735 ], [ -54.818588, -22.213297 ], [ -54.818357, -22.215364 ] ] ] } },
{ "type": "Feature", "properties": { "id": 46, "nome": "JARDIM VITAL", "registro": "48614", "data_aprovacao": null }, "geometry": { "type": "Polygon", "coordinates": [ [ [ -54.800892, -22.214924 ], [ -54.801124, -22.213076 ], [ -54.802354, -22.213437 ], [ -54.802886, -22.213664 ], [ -54.801582, -22.215153 ], [ -54.801522, -22.215226 ], [ -54.800892, -22.214924 ] ] ] } },
{ "type": "Feature", "properties": { "id": 49, "nome": "VILA REAL", "registro": "GEO", "data_aprovacao": null }, "geometry": { "type": "Polygon", "coordinates": [ [ [ -54.816907, -22.227107 ], [ -54.815648, -22.226966 ], [ -54.816405, -22.222757 ], [ -54.816555, -22.222747 ], [ -54.81745, -22.222694 ], [ -54.816907, -22.227107 ] ] ] } },
{ "type": "Feature", "properties": { "id": 50, "nome": "JARDIM LARANJA DOCE", "registro": "67440", "data_aprovacao": "20/10/1997" }, "geometry": { "type": "Polygon", "coordinates": [ [ [ -54.778399, -22.198174 ], [ -54.777423, -22.201225 ], [ -54.776527, -22.200877 ], [ -54.77498, -22.2009 ], [ -54.775193, -22.197819 ], [ -54.778399, -22.198174 ] ] ] } },
{ "type": "Feature", "properties": { "id": 51, "nome": "JARDIM DA FIGUEIRA", "registro": "38540", "data_aprovacao": "14/09/1982" }, "geometry": { "type": "Polygon", "coordinates": [ [ [ -54.818523, -22.215188 ], [ -54.81889, -22.212248 ], [ -54.82078, -22.212433 ], [ -54.820465, -22.214099 ], [ -54.820131, -22.214236 ], [ -54.820189, -22.214456 ], [ -54.818523, -22.215188 ] ] ] } },
{ "type": "Feature", "properties": { "id": 480, "nome": "VIDA NOVA FLOR DE LIS", "registro": null, "data_aprovacao": null }, "geometry": { "type": "Polygon", "coordinates": [ [ [ -54.781435, -22.202053 ], [ -54.780841, -22.201381 ], [ -54.781776, -22.200663 ], [ -54.781908, -22.200781 ], [ -54.781435, -22.202053 ] ] ] } },
{ "type": "Feature", "properties": { "id": 52, "nome": "CHÁCARA FLÓRA", "registro": "9744", "data_aprovacao": "03/07/1979" }, "geometry": { "type": "Polygon", "coordinates": [ [ [ -54.828121, -22.211938 ], [ -54.824444, -22.212262 ], [ -54.824088, -22.211404 ], [ -54.823493, -22.209562 ], [ -54.824954, -22.209236 ], [ -54.825078, -22.209304 ], [ -54.825576, -22.209308 ], [ -54.826519, -22.208932 ], [ -54.828121, -22.211938 ] ] ] } },
{ "type": "Feature", "properties": { "id": 53, "nome": "VILA SANTA HELENA", "registro": "3873 TRANSCRIÇÃO", "data_aprovacao": null }, "geometry": { "type": "Polygon", "coordinates": [ [ [ -54.815029, -22.213735 ], [ -54.815418, -22.210619 ], [ -54.816431, -22.210754 ], [ -54.816817, -22.213083 ], [ -54.816829, -22.213496 ], [ -54.815029, -22.213735 ] ] ] } },
{ "type": "Feature", "properties": { "id": 54, "nome": "RESIDENCIAL COLINA PARK", "registro": "63827", "data_aprovacao": null }, "geometry": { "type": "Polygon", "coordinates": [ [ [ -54.789375, -22.261342 ], [ -54.790698, -22.261183 ], [ -54.792834, -22.260931 ], [ -54.792976, -22.260918 ], [ -54.796526, -22.260575 ], [ -54.796639, -22.260704 ], [ -54.796762, -22.260954 ], [ -54.796726, -22.261052 ], [ -54.796749, -22.261159 ], [ -54.796708, -22.261206 ], [ -54.796819, -22.261372 ], [ -54.796797, -22.2615 ], [ -54.796879, -22.261631 ], [ -54.79689, -22.261701 ], [ -54.796952, -22.261792 ], [ -54.796904, -22.261904 ], [ -54.79697, -22.261969 ], [ -54.797119, -22.262017 ], [ -54.79714, -22.262028 ], [ -54.797044, -22.262102 ], [ -54.797124, -22.262189 ], [ -54.797074, -22.262241 ], [ -54.797081, -22.262288 ], [ -54.797228, -22.26234 ], [ -54.797228, -22.262419 ], [ -54.797223, -22.262515 ], [ -54.797242, -22.262596 ], [ -54.797299, -22.26277 ], [ -54.797293, -22.262868 ], [ -54.797283, -22.262948 ], [ -54.797283, -22.263094 ], [ -54.797338, -22.263163 ], [ -54.797339, -22.263317 ], [ -54.797334, -22.263323 ], [ -54.797466, -22.263383 ], [ -54.797429, -22.263523 ], [ -54.79743, -22.263614 ], [ -54.795813, -22.263836 ], [ -54.795239, -22.263912 ], [ -54.794177, -22.264055 ], [ -54.792639, -22.264251 ], [ -54.789327, -22.264684 ], [ -54.789008, -22.264724 ], [ -54.789375, -22.261342 ] ] ] } },
{ "type": "Feature", "properties": { "id": 55, "nome": "VILA SÃO JOSÉ", "registro": "55312 TRANSCRIÇÃO", "data_aprovacao": "08/01/1958" }, "geometry": { "type": "Polygon", "coordinates": [ [ [ -54.830973, -22.215222 ], [ -54.830932, -22.216621 ], [ -54.827618, -22.216227 ], [ -54.82774, -22.215118 ], [ -54.83066, -22.215421 ], [ -54.830973, -22.215222 ] ] ] } },
{ "type": "Feature", "properties": { "id": 57, "nome": "VILA ERECÊ", "registro": "5569 TRANSCRIÇÃO (PONTA PORÃ)", "data_aprovacao": null }, "geometry": { "type": "Polygon", "coordinates": [ [ [ -54.786066, -22.230672 ], [ -54.786174, -22.229642 ], [ -54.787146, -22.229763 ], [ -54.787034, -22.230758 ], [ -54.786066, -22.230672 ] ] ] } },
{ "type": "Feature", "properties": { "id": 58, "nome": "VILA BARROS", "registro": "13549 TRANSCRIÇÃO", "data_aprovacao": "18/01/1971" }, "geometry": { "type": "Polygon", "coordinates": [ [ [ -54.793732, -22.211934 ], [ -54.793599, -22.213317 ], [ -54.79244, -22.213301 ], [ -54.791766, -22.21329 ], [ -54.791567, -22.213319 ], [ -54.789629, -22.213397 ], [ -54.789652, -22.213037 ], [ -54.789651, -22.213036 ], [ -54.789853, -22.211512 ], [ -54.793732, -22.211934 ] ] ] } },
{ "type": "Feature", "properties": { "id": 59, "nome": "JARDIM HYRAN DE MATOS", "registro": "43678 TRANSCRIÇÃO", "data_aprovacao": null }, "geometry": { "type": "Polygon", "coordinates": [ [ [ -54.794293, -22.211801 ], [ -54.794497, -22.210223 ], [ -54.79691, -22.210124 ], [ -54.7969, -22.211129 ], [ -54.796648, -22.211108 ], [ -54.79654, -22.212084 ], [ -54.794293, -22.211801 ] ] ] } },
{ "type": "Feature", "properties": { "id": 60, "nome": "JARDIM SANTA HERMÍNIA", "registro": "2974", "data_aprovacao": "11/02/1980" }, "geometry": { "type": "Polygon", "coordinates": [ [ [ -54.763447, -22.213029 ], [ -54.763968, -22.213806 ], [ -54.763827, -22.214171 ], [ -54.75317, -22.215396 ], [ -54.753115, -22.215403 ], [ -54.753012, -22.215332 ], [ -54.752833, -22.215086 ], [ -54.752805, -22.214759 ], [ -54.752825, -22.214636 ], [ -54.753858, -22.214746 ], [ -54.753982, -22.213777 ], [ -54.763447, -22.213029 ] ] ] } },
{ "type": "Feature", "properties": { "id": 61, "nome": "JARDIM MARACANÃ", "registro": "20623", "data_aprovacao": "31/10/1979" }, "geometry": { "type": "Polygon", "coordinates": [ [ [ -54.770186, -22.220661 ], [ -54.769521, -22.220591 ], [ -54.769537, -22.220475 ], [ -54.769286, -22.22045 ], [ -54.769103, -22.220607 ], [ -54.764414, -22.219384 ], [ -54.764445, -22.219184 ], [ -54.764939, -22.214965 ], [ -54.763607, -22.214812 ], [ -54.763827, -22.214171 ], [ -54.763968, -22.213806 ], [ -54.764855, -22.211564 ], [ -54.767518, -22.211853 ], [ -54.767845, -22.213004 ], [ -54.768169, -22.214145 ], [ -54.76845, -22.215133 ], [ -54.769613, -22.218845 ], [ -54.768585, -22.218734 ], [ -54.768727, -22.217651 ], [ -54.767572, -22.217524 ], [ -54.767714, -22.216446 ], [ -54.766635, -22.216328 ], [ -54.766551, -22.216319 ], [ -54.765589, -22.216208 ], [ -54.765197, -22.219261 ], [ -54.766245, -22.219376 ], [ -54.769618, -22.219758 ], [ -54.769707, -22.219134 ], [ -54.770186, -22.220661 ] ] ] } },
{ "type": "Feature", "properties": { "id": 63, "nome": "VILA MARY", "registro": "GEO", "data_aprovacao": "26/06/1951" }, "geometry": { "type": "Polygon", "coordinates": [ [ [ -54.785131, -22.2182 ], [ -54.782621, -22.217939 ], [ -54.782367, -22.217338 ], [ -54.781939, -22.21631 ], [ -54.7816, -22.215624 ], [ -54.78137, -22.215033 ], [ -54.782642, -22.214534 ], [ -54.782931, -22.214421 ], [ -54.783373, -22.214265 ], [ -54.783724, -22.214234 ], [ -54.783883, -22.214517 ], [ -54.784034, -22.21498 ], [ -54.784387, -22.216123 ], [ -54.784815, -22.217253 ], [ -54.785007, -22.217727 ], [ -54.785131, -22.2182 ] ] ] } },
{ "type": "Feature", "properties": { "id": 64, "nome": "JARDIM MURAKAMI", "registro": "55416", "data_aprovacao": "29/09/1981" }, "geometry": { "type": "Polygon", "coordinates": [ [ [ -54.799315, -22.216209 ], [ -54.797557, -22.218917 ], [ -54.797209, -22.218747 ], [ -54.796693, -22.218487 ], [ -54.795613, -22.217942 ], [ -54.795405, -22.217837 ], [ -54.797012, -22.214718 ], [ -54.798319, -22.212412 ], [ -54.799188, -22.212579 ], [ -54.797749, -22.215304 ], [ -54.799315, -22.216209 ] ] ] } },
{ "type": "Feature", "properties": { "id": 65, "nome": "JARDIM SANTA ANA", "registro": "GEO", "data_aprovacao": null }, "geometry": { "type": "Polygon", "coordinates": [ [ [ -54.812797, -22.214343 ], [ -54.812825, -22.214661 ], [ -54.813035, -22.215165 ], [ -54.812141, -22.215045 ], [ -54.812068, -22.215656 ], [ -54.808724, -22.215376 ], [ -54.808579, -22.215334 ], [ -54.808828, -22.214196 ], [ -54.810044, -22.214332 ], [ -54.810079, -22.214042 ], [ -54.812797, -22.214343 ] ] ] } },
{ "type": "Feature", "properties": { "id": 66, "nome": "VILA MILITAR", "registro": "GEO", "data_aprovacao": null }, "geometry": { "type": "Polygon", "coordinates": [ [ [ -54.840743, -22.210366 ], [ -54.842756, -22.209178 ], [ -54.844225, -22.212579 ], [ -54.843632, -22.212918 ], [ -54.843508, -22.212993 ], [ -54.842641, -22.213486 ], [ -54.842463, -22.213587 ], [ -54.842339, -22.213659 ], [ -54.842207, -22.213733 ], [ -54.840743, -22.210366 ] ] ] } },
{ "type": "Feature", "properties": { "id": 68, "nome": "JARDIM DONA VALÉRIA", "registro": "8537", "data_aprovacao": "18/11/1952" }, "geometry": { "type": "Polygon", "coordinates": [ [ [ -54.830884, -22.217807 ], [ -54.830848, -22.218895 ], [ -54.827321, -22.218504 ], [ -54.827459, -22.217401 ], [ -54.830884, -22.217807 ] ] ] } },
{ "type": "Feature", "properties": { "id": 69, "nome": "VILA TONANI I", "registro": "6825 E 8622 TRANSCRIÇÕES", "data_aprovacao": "20/01/1977" }, "geometry": { "type": "Polygon", "coordinates": [ [ [ -54.813946, -22.220207 ], [ -54.813264, -22.22016 ], [ -54.81323, -22.220444 ], [ -54.812925, -22.220412 ], [ -54.812913, -22.220519 ], [ -54.812324, -22.2207 ], [ -54.811603, -22.220919 ], [ -54.810265, -22.221327 ], [ -54.810735, -22.221991 ], [ -54.809487, -22.222827 ], [ -54.80878, -22.222914 ], [ -54.80902, -22.220964 ], [ -54.809471, -22.221013 ], [ -54.8096, -22.219939 ], [ -54.80888, -22.219859 ], [ -54.808894, -22.219679 ], [ -54.80842, -22.219627 ], [ -54.807198, -22.218848 ], [ -54.809377, -22.217129 ], [ -54.809844, -22.217827 ], [ -54.811377, -22.217071 ], [ -54.811268, -22.217954 ], [ -54.811674, -22.217995 ], [ -54.811604, -22.218613 ], [ -54.811839, -22.219093 ], [ -54.813223, -22.219233 ], [ -54.814048, -22.219321 ], [ -54.813946, -22.220207 ] ] ] } },
{ "type": "Feature", "properties": { "id": 70, "nome": "SITIOCA ALVORADA", "registro": null, "data_aprovacao": null }, "geometry": { "type": "Polygon", "coordinates": [ [ [ -54.820855, -22.297367 ], [ -54.820618, -22.301001 ], [ -54.816772, -22.301407 ], [ -54.812861, -22.301601 ], [ -54.811817, -22.298252 ], [ -54.820855, -22.297367 ] ] ] } },
{ "type": "Feature", "properties": { "id": 71, "nome": "VILA MELO", "registro": "GEO", "data_aprovacao": "10/12/1970" }, "geometry": { "type": "Polygon", "coordinates": [ [ [ -54.798799, -22.219864 ], [ -54.79861, -22.221431 ], [ -54.796998, -22.221299 ], [ -54.797007, -22.221216 ], [ -54.797351, -22.218956 ], [ -54.797478, -22.219037 ], [ -54.798799, -22.219864 ] ] ] } },
{ "type": "Feature", "properties": { "id": 72, "nome": "VILA MAXWELL", "registro": "41617 TRANSCRIÇÃO", "data_aprovacao": null }, "geometry": { "type": "Polygon", "coordinates": [ [ [ -54.794798, -22.224704 ], [ -54.788199, -22.224007 ], [ -54.788517, -22.221289 ], [ -54.791656, -22.221628 ], [ -54.791666, -22.221629 ], [ -54.792146, -22.221681 ], [ -54.792472, -22.219188 ], [ -54.795425, -22.219501 ], [ -54.794798, -22.224704 ] ] ] } },
{ "type": "Feature", "properties": { "id": 73, "nome": "JARDIM COIMASA", "registro": "47403", "data_aprovacao": "06/03/1986" }, "geometry": { "type": "Polygon", "coordinates": [ [ [ -54.784104, -22.219906 ], [ -54.783767, -22.222613 ], [ -54.783828, -22.22262 ], [ -54.783714, -22.223547 ], [ -54.78209, -22.223377 ], [ -54.782656, -22.218925 ], [ -54.783189, -22.219247 ], [ -54.783681, -22.219618 ], [ -54.784104, -22.219906 ] ] ] } },
{ "type": "Feature", "properties": { "id": 74, "nome": "JARDIM GUARUJÁ", "registro": "52792 TRANSCRIÇÃO", "data_aprovacao": "10/07/1964" }, "geometry": { "type": "Polygon", "coordinates": [ [ [ -54.768939, -22.221873 ], [ -54.767996, -22.221765 ], [ -54.767252, -22.221486 ], [ -54.765009, -22.220516 ], [ -54.764496, -22.220308 ], [ -54.764414, -22.219384 ], [ -54.769103, -22.220607 ], [ -54.768939, -22.221873 ] ] ] } },
{ "type": "Feature", "properties": { "id": 76, "nome": "CHÁCARA 101", "registro": "GEO", "data_aprovacao": null }, "geometry": { "type": "Polygon", "coordinates": [ [ [ -54.795605, -22.21812 ], [ -54.795505, -22.219343 ], [ -54.792655, -22.219014 ], [ -54.793043, -22.21666 ], [ -54.793856, -22.217152 ], [ -54.794535, -22.217528 ], [ -54.795605, -22.21812 ] ] ] } },
{ "type": "Feature", "properties": { "id": 77, "nome": "VILA ELDORADO", "registro": "20 TRANSCRIÇÃO", "data_aprovacao": null }, "geometry": { "type": "Polygon", "coordinates": [ [ [ -54.785919, -22.222851 ], [ -54.785578, -22.222819 ], [ -54.785449, -22.223728 ], [ -54.783714, -22.223547 ], [ -54.783828, -22.22262 ], [ -54.783767, -22.222613 ], [ -54.784172, -22.219364 ], [ -54.786336, -22.219593 ], [ -54.785919, -22.222851 ] ] ] } },
{ "type": "Feature", "properties": { "id": 78, "nome": "JARDIM ZEINA", "registro": "GEO", "data_aprovacao": null }, "geometry": { "type": "Polygon", "coordinates": [ [ [ -54.82523, -22.219402 ], [ -54.825145, -22.220077 ], [ -54.820924, -22.217912 ], [ -54.821603, -22.217038 ], [ -54.822805, -22.217826 ], [ -54.823993, -22.218599 ], [ -54.82397, -22.2188 ], [ -54.824284, -22.218833 ], [ -54.82429, -22.218791 ], [ -54.82523, -22.219402 ] ] ] } },
{ "type": "Feature", "properties": { "id": 79, "nome": "CHÁCARA 05", "registro": "GEO", "data_aprovacao": null }, "geometry": { "type": "Polygon", "coordinates": [ [ [ -54.826713, -22.22432 ], [ -54.826965, -22.22232 ], [ -54.828129, -22.222445 ], [ -54.828553, -22.223937 ], [ -54.826713, -22.22432 ] ] ] } },
{ "type": "Feature", "properties": { "id": 80, "nome": "JARDIM GIRASSOL", "registro": "5098", "data_aprovacao": "10/03/1977" }, "geometry": { "type": "Polygon", "coordinates": [ [ [ -54.822805, -22.217826 ], [ -54.821603, -22.217038 ], [ -54.82079, -22.216524 ], [ -54.820775, -22.216472 ], [ -54.820131, -22.214236 ], [ -54.820465, -22.214099 ], [ -54.820816, -22.212255 ], [ -54.821239, -22.2123 ], [ -54.821372, -22.211134 ], [ -54.824088, -22.211404 ], [ -54.824444, -22.212262 ], [ -54.824387, -22.212267 ], [ -54.824381, -22.212317 ], [ -54.824084, -22.212292 ], [ -54.823797, -22.214754 ], [ -54.823512, -22.214725 ], [ -54.823394, -22.215584 ], [ -54.823083, -22.21555 ], [ -54.822805, -22.217826 ] ] ] } },
{ "type": "Feature", "properties": { "id": 81, "nome": "JARDIM MONTE LÍBANO", "registro": "3975", "data_aprovacao": "04/03/1976" }, "geometry": { "type": "Polygon", "coordinates": [ [ [ -54.779326, -22.215239 ], [ -54.778271, -22.21493 ], [ -54.776039, -22.215062 ], [ -54.775594, -22.215088 ], [ -54.776022, -22.211035 ], [ -54.777918, -22.210386 ], [ -54.777765, -22.211824 ], [ -54.779451, -22.211249 ], [ -54.780324, -22.213091 ], [ -54.779974, -22.213127 ], [ -54.779802, -22.212992 ], [ -54.779292, -22.213054 ], [ -54.779343, -22.214903 ], [ -54.779326, -22.215239 ] ] ] } },
{ "type": "Feature", "properties": { "id": 82, "nome": "JARDIM LESTE", "registro": "1570 TRANSCRIÇÃO", "data_aprovacao": null }, "geometry": { "type": "Polygon", "coordinates": [ [ [ -54.764939, -22.214965 ], [ -54.764445, -22.219184 ], [ -54.76392, -22.219135 ], [ -54.762131, -22.218973 ], [ -54.76292, -22.216816 ], [ -54.763607, -22.214812 ], [ -54.764939, -22.214965 ] ] ] } },
{ "type": "Feature", "properties": { "id": 83, "nome": "JARDIM CANAÃ V - RES. PANTANAL", "registro": "64515", "data_aprovacao": "30/07/1996" }, "geometry": { "type": "Polygon", "coordinates": [ [ [ -54.763827, -22.214171 ], [ -54.76292, -22.216816 ], [ -54.757724, -22.216701 ], [ -54.754515, -22.216582 ], [ -54.75317, -22.215396 ], [ -54.763827, -22.214171 ] ] ] } },
{ "type": "Feature", "properties": { "id": 84, "nome": "JARDIM FACULDADE", "registro": "4155", "data_aprovacao": "08/03/1976" }, "geometry": { "type": "Polygon", "coordinates": [ [ [ -54.821603, -22.217038 ], [ -54.820924, -22.217912 ], [ -54.820627, -22.218314 ], [ -54.818222, -22.217717 ], [ -54.818347, -22.216627 ], [ -54.820775, -22.216472 ], [ -54.82079, -22.216524 ], [ -54.821603, -22.217038 ] ] ] } },
{ "type": "Feature", "properties": { "id": 481, "nome": "VIDA NOVA MONTE SIÃO I", "registro": null, "data_aprovacao": null }, "geometry": { "type": "Polygon", "coordinates": [ [ [ -54.759929, -22.204254 ], [ -54.759194, -22.203086 ], [ -54.760014, -22.202639 ], [ -54.760749, -22.203807 ], [ -54.759929, -22.204254 ] ] ] } },
{ "type": "Feature", "properties": { "id": 85, "nome": "JARDIM", "registro": "3974", "data_aprovacao": null }, "geometry": { "type": "Polygon", "coordinates": [ [ [ -54.825628, -22.219659 ], [ -54.826009, -22.216183 ], [ -54.823352, -22.215907 ], [ -54.823512, -22.214725 ], [ -54.823797, -22.214754 ], [ -54.824967, -22.214886 ], [ -54.825073, -22.213977 ], [ -54.826276, -22.214105 ], [ -54.826495, -22.212082 ], [ -54.828121, -22.211938 ], [ -54.827939, -22.21351 ], [ -54.82774, -22.215118 ], [ -54.827618, -22.216227 ], [ -54.827459, -22.217401 ], [ -54.827321, -22.218504 ], [ -54.82706, -22.220536 ], [ -54.825628, -22.219659 ] ] ] } },
{ "type": "Feature", "properties": { "id": 86, "nome": "VILA CORUMBÁ", "registro": "GEO", "data_aprovacao": null }, "geometry": { "type": "Polygon", "coordinates": [ [ [ -54.805275, -22.218208 ], [ -54.804016, -22.218072 ], [ -54.803881, -22.219134 ], [ -54.802914, -22.219028 ], [ -54.803198, -22.216859 ], [ -54.803678, -22.216915 ], [ -54.803728, -22.216332 ], [ -54.803886, -22.216371 ], [ -54.804204, -22.216578 ], [ -54.80446, -22.216894 ], [ -54.804929, -22.217238 ], [ -54.805352, -22.21752 ], [ -54.805275, -22.218208 ] ] ] } },
{ "type": "Feature", "properties": { "id": 87, "nome": "VILA SULMAT", "registro": "GEO", "data_aprovacao": null }, "geometry": { "type": "Polygon", "coordinates": [ [ [ -54.799781, -22.232811 ], [ -54.799487, -22.232924 ], [ -54.798608, -22.23164 ], [ -54.797518, -22.231978 ], [ -54.796285, -22.23229 ], [ -54.79652, -22.230268 ], [ -54.798094, -22.229911 ], [ -54.79762, -22.228186 ], [ -54.798009, -22.228192 ], [ -54.798953, -22.228155 ], [ -54.801535, -22.227865 ], [ -54.801072, -22.231427 ], [ -54.799781, -22.232811 ] ] ] } },
{ "type": "Feature", "properties": { "id": 88, "nome": "CEMITÉRIO", "registro": "GEO", "data_aprovacao": null }, "geometry": { "type": "Polygon", "coordinates": [ [ [ -54.788871, -22.234849 ], [ -54.78892, -22.234911 ], [ -54.789631, -22.236635 ], [ -54.785286, -22.237534 ], [ -54.785589, -22.235234 ], [ -54.78571, -22.234337 ], [ -54.786797, -22.234441 ], [ -54.788871, -22.234849 ] ] ] } },
{ "type": "Feature", "properties": { "id": 90, "nome": "VILA VIEGAS", "registro": "8470", "data_aprovacao": "08/08/1991" }, "geometry": { "type": "Polygon", "coordinates": [ [ [ -54.778502, -22.23298 ], [ -54.778376, -22.234098 ], [ -54.778091, -22.23407 ], [ -54.777965, -22.235218 ], [ -54.776673, -22.235109 ], [ -54.776937, -22.232882 ], [ -54.778502, -22.23298 ] ] ] } },
{ "type": "Feature", "properties": { "id": 91, "nome": "VILA VIEIRA", "registro": "36440", "data_aprovacao": null }, "geometry": { "type": "Polygon", "coordinates": [ [ [ -54.779746, -22.233063 ], [ -54.782344, -22.233235 ], [ -54.785526, -22.233558 ], [ -54.785439, -22.234205 ], [ -54.782184, -22.233859 ], [ -54.781999, -22.23526 ], [ -54.781222, -22.235184 ], [ -54.781179, -22.235485 ], [ -54.779474, -22.235343 ], [ -54.779746, -22.233063 ] ] ] } },
{ "type": "Feature", "properties": { "id": 96, "nome": "JARDIM CUIABAZINHO", "registro": "37015", "data_aprovacao": "30/03/1982" }, "geometry": { "type": "Polygon", "coordinates": [ [ [ -54.825275, -22.238423 ], [ -54.820816, -22.237538 ], [ -54.821082, -22.235209 ], [ -54.82334, -22.236337 ], [ -54.82563, -22.237578 ], [ -54.825275, -22.238423 ] ] ] } },
{ "type": "Feature", "properties": { "id": 97, "nome": "JARDIM CORONEL FRANCISCO ALVES", "registro": "31424", "data_aprovacao": "19/03/1980" }, "geometry": { "type": "Polygon", "coordinates": [ [ [ -54.82065, -22.239082 ], [ -54.820639, -22.239173 ], [ -54.816235, -22.239357 ], [ -54.816018, -22.238393 ], [ -54.815961, -22.238135 ], [ -54.820749, -22.238162 ], [ -54.82065, -22.239082 ] ] ] } },
{ "type": "Feature", "properties": { "id": 98, "nome": "JARDIM LONDRINA", "registro": "1694 TRANSCRIÇÃO", "data_aprovacao": "29/11/1976" }, "geometry": { "type": "Polygon", "coordinates": [ [ [ -54.816018, -22.238393 ], [ -54.813187, -22.238978 ], [ -54.812301, -22.236202 ], [ -54.812672, -22.2362 ], [ -54.813471, -22.232806 ], [ -54.816068, -22.233089 ], [ -54.815773, -22.234682 ], [ -54.815507, -22.236014 ], [ -54.815961, -22.238135 ], [ -54.816018, -22.238393 ] ] ] } },
{ "type": "Feature", "properties": { "id": 99, "nome": "VILA AMARAL", "registro": "GEO", "data_aprovacao": "16/01/1962" }, "geometry": { "type": "Polygon", "coordinates": [ [ [ -54.821082, -22.235209 ], [ -54.815773, -22.234682 ], [ -54.816068, -22.233089 ], [ -54.821255, -22.23367 ], [ -54.821082, -22.235209 ] ] ] } },
{ "type": "Feature", "properties": { "id": 101, "nome": "JARDIM MARINGÁ", "registro": "273 TRANSCRIÇÃO", "data_aprovacao": null }, "geometry": { "type": "Polygon", "coordinates": [ [ [ -54.821082, -22.235209 ], [ -54.821255, -22.23367 ], [ -54.824807, -22.23406 ], [ -54.82334, -22.236337 ], [ -54.821082, -22.235209 ] ] ] } },
{ "type": "Feature", "properties": { "id": 102, "nome": "JARDIM OLINDA", "registro": "17080", "data_aprovacao": "12/12/1985" }, "geometry": { "type": "Polygon", "coordinates": [ [ [ -54.835814, -22.229933 ], [ -54.836463, -22.230843 ], [ -54.831929, -22.234758 ], [ -54.831281, -22.233848 ], [ -54.835814, -22.229933 ] ] ] } },
{ "type": "Feature", "properties": { "id": 103, "nome": "VILA HELENA", "registro": "GEO", "data_aprovacao": null }, "geometry": { "type": "Polygon", "coordinates": [ [ [ -54.801535, -22.227865 ], [ -54.798953, -22.228155 ], [ -54.798009, -22.228192 ], [ -54.79762, -22.228186 ], [ -54.797055, -22.22647 ], [ -54.797464, -22.226514 ], [ -54.801639, -22.226971 ], [ -54.801535, -22.227865 ] ] ] } },
{ "type": "Feature", "properties": { "id": 482, "nome": "VIDA NOVA MONTE SIÃO II", "registro": null, "data_aprovacao": null }, "geometry": { "type": "Polygon", "coordinates": [ [ [ -54.761736, -22.203269 ], [ -54.760916, -22.203716 ], [ -54.760181, -22.202547 ], [ -54.761001, -22.2021 ], [ -54.761736, -22.203269 ] ] ] } },
{ "type": "Feature", "properties": { "id": 104, "nome": "PANAMBI VERÁ", "registro": "45575", "data_aprovacao": "14/11/1984" }, "geometry": { "type": "Polygon", "coordinates": [ [ [ -54.84383, -22.223933 ], [ -54.846031, -22.224804 ], [ -54.840743, -22.227955 ], [ -54.839673, -22.22641 ], [ -54.84383, -22.223933 ] ] ] } },
{ "type": "Feature", "properties": { "id": 107, "nome": "JARDIM FLÓRIDA", "registro": "GEO", "data_aprovacao": "02/09/1969" }, "geometry": { "type": "Polygon", "coordinates": [ [ [ -54.841814, -22.223147 ], [ -54.836421, -22.226376 ], [ -54.835911, -22.225601 ], [ -54.833597, -22.22698 ], [ -54.832334, -22.225185 ], [ -54.830663, -22.226144 ], [ -54.830701, -22.225052 ], [ -54.837068, -22.221248 ], [ -54.841814, -22.223147 ] ] ] } },
{ "type": "Feature", "properties": { "id": 108, "nome": "JARDIM CARAMURU", "registro": "TRANSCRIÇÃO 543", "data_aprovacao": null }, "geometry": { "type": "Polygon", "coordinates": [ [ [ -54.798155, -22.225053 ], [ -54.797657, -22.225002 ], [ -54.794902, -22.224721 ], [ -54.795255, -22.222025 ], [ -54.798497, -22.222375 ], [ -54.798155, -22.225053 ] ] ] } },
{ "type": "Feature", "properties": { "id": 109, "nome": "JARDIM RIGOTTI", "registro": "36600 TRANSCRIÇÃO", "data_aprovacao": "25/09/1968" }, "geometry": { "type": "Polygon", "coordinates": [ [ [ -54.810083, -22.239115 ], [ -54.80833, -22.238931 ], [ -54.806533, -22.238718 ], [ -54.806919, -22.235522 ], [ -54.810546, -22.235917 ], [ -54.81019, -22.238345 ], [ -54.810083, -22.239115 ] ] ] } },
{ "type": "Feature", "properties": { "id": 110, "nome": "CONJ. HAB. PORAVI II", "registro": "71933/71969/72004/72025/72060/72087/72122/72149", "data_aprovacao": "03/12/2002" }, "geometry": { "type": "Polygon", "coordinates": [ [ [ -54.779152, -22.263517 ], [ -54.778784, -22.266253 ], [ -54.774884, -22.265842 ], [ -54.775315, -22.26303 ], [ -54.776166, -22.263137 ], [ -54.777513, -22.263309 ], [ -54.779152, -22.263517 ] ] ] } },
{ "type": "Feature", "properties": { "id": 111, "nome": "JARDIM SANTA BRÍGIDA", "registro": "37216", "data_aprovacao": "28/05/1982" }, "geometry": { "type": "Polygon", "coordinates": [ [ [ -54.787714, -22.211048 ], [ -54.78922, -22.211245 ], [ -54.789876, -22.211337 ], [ -54.789853, -22.211512 ], [ -54.789651, -22.213036 ], [ -54.787049, -22.212754 ], [ -54.786208, -22.212673 ], [ -54.784983, -22.21254 ], [ -54.784569, -22.212546 ], [ -54.782902, -22.212372 ], [ -54.782287, -22.212301 ], [ -54.782468, -22.210597 ], [ -54.782628, -22.210574 ], [ -54.784122, -22.210378 ], [ -54.787367, -22.20987 ], [ -54.787714, -22.211048 ] ] ] } },
{ "type": "Feature", "properties": { "id": 112, "nome": "VILA SANTA CATARINA", "registro": "GEO", "data_aprovacao": null }, "geometry": { "type": "Polygon", "coordinates": [ [ [ -54.782184, -22.233859 ], [ -54.785439, -22.234205 ], [ -54.785262, -22.235599 ], [ -54.781999, -22.23526 ], [ -54.782184, -22.233859 ] ] ] } },
{ "type": "Feature", "properties": { "id": 114, "nome": "JARDIM SÃO CRISTÓVÃO", "registro": "7416", "data_aprovacao": null }, "geometry": { "type": "Polygon", "coordinates": [ [ [ -54.774106, -22.230803 ], [ -54.773823, -22.233302 ], [ -54.772558, -22.233733 ], [ -54.772083, -22.233694 ], [ -54.772129, -22.230588 ], [ -54.774106, -22.230803 ] ] ] } },
{ "type": "Feature", "properties": { "id": 116, "nome": "VILA SANTA CLARA", "registro": "60123", "data_aprovacao": null }, "geometry": { "type": "Polygon", "coordinates": [ [ [ -54.774924, -22.224063 ], [ -54.774685, -22.226144 ], [ -54.773207, -22.22601 ], [ -54.773237, -22.225657 ], [ -54.773064, -22.22564 ], [ -54.773081, -22.225461 ], [ -54.774849, -22.224055 ], [ -54.774924, -22.224063 ] ] ] } },
{ "type": "Feature", "properties": { "id": 117, "nome": "VILA UBIRATAN", "registro": "41718 TRANSCRIÇÃO", "data_aprovacao": "18/01/1971" }, "geometry": { "type": "Polygon", "coordinates": [ [ [ -54.772113, -22.223755 ], [ -54.771637, -22.224335 ], [ -54.771071, -22.224833 ], [ -54.7704, -22.225494 ], [ -54.771388, -22.226659 ], [ -54.771002, -22.227121 ], [ -54.76648, -22.227884 ], [ -54.76627, -22.228048 ], [ -54.765983, -22.22806 ], [ -54.766059, -22.227789 ], [ -54.765387, -22.227014 ], [ -54.765559, -22.225928 ], [ -54.766209, -22.225494 ], [ -54.76658, -22.225537 ], [ -54.766597, -22.225163 ], [ -54.767349, -22.224492 ], [ -54.769158, -22.224663 ], [ -54.769281, -22.223475 ], [ -54.772113, -22.223755 ] ] ] } },
{ "type": "Feature", "properties": { "id": 118, "nome": "VILA LILI", "registro": "GEO", "data_aprovacao": null }, "geometry": { "type": "Polygon", "coordinates": [ [ [ -54.802924, -22.226771 ], [ -54.797502, -22.226171 ], [ -54.797622, -22.225255 ], [ -54.798296, -22.225331 ], [ -54.799, -22.219879 ], [ -54.799969, -22.219979 ], [ -54.799832, -22.221055 ], [ -54.802339, -22.221341 ], [ -54.80196, -22.224386 ], [ -54.801797, -22.225706 ], [ -54.803043, -22.225848 ], [ -54.802924, -22.226771 ] ] ] } },
{ "type": "Feature", "properties": { "id": 119, "nome": "ITAMIRIM", "registro": "74206", "data_aprovacao": "14/09/2004" }, "geometry": { "type": "Polygon", "coordinates": [ [ [ -54.784968, -22.238822 ], [ -54.785427, -22.238722 ], [ -54.785013, -22.241944 ], [ -54.78448, -22.241985 ], [ -54.784968, -22.238822 ] ] ] } },
{ "type": "Feature", "properties": { "id": 120, "nome": "VILA NOVA ESPERANÇA", "registro": "45029", "data_aprovacao": null }, "geometry": { "type": "Polygon", "coordinates": [ [ [ -54.763447, -22.213029 ], [ -54.752841, -22.213865 ], [ -54.751857, -22.212737 ], [ -54.755132, -22.212497 ], [ -54.762711, -22.211868 ], [ -54.763447, -22.213029 ] ] ] } },
{ "type": "Feature", "properties": { "id": 121, "nome": "RESIDENCIAL CAIMAN", "registro": "59825", "data_aprovacao": "11/11/2004" }, "geometry": { "type": "Polygon", "coordinates": [ [ [ -54.756747, -22.219656 ], [ -54.756612, -22.221038 ], [ -54.752178, -22.221234 ], [ -54.753924, -22.216102 ], [ -54.75449, -22.216598 ], [ -54.754525, -22.216596 ], [ -54.754758, -22.217126 ], [ -54.754339, -22.218318 ], [ -54.755742, -22.218481 ], [ -54.756466, -22.219572 ], [ -54.75646, -22.219621 ], [ -54.756747, -22.219656 ] ] ] } },
{ "type": "Feature", "properties": { "id": 123, "nome": "JARDIM AYDÊ", "registro": "42404", "data_aprovacao": "22/09/1983" }, "geometry": { "type": "Polygon", "coordinates": [ [ [ -54.781211, -22.202743 ], [ -54.780513, -22.20476 ], [ -54.778328, -22.203969 ], [ -54.778272, -22.204082 ], [ -54.776384, -22.20325 ], [ -54.776318, -22.203072 ], [ -54.775858, -22.203036 ], [ -54.77525, -22.202745 ], [ -54.775777, -22.201045 ], [ -54.776559, -22.201029 ], [ -54.77721, -22.201168 ], [ -54.777689, -22.201332 ], [ -54.781211, -22.202743 ] ] ] } },
{ "type": "Feature", "properties": { "id": 124, "nome": "CHÁCARA 120", "registro": "2752 TRANSCRIÇÃO", "data_aprovacao": null }, "geometry": { "type": "Polygon", "coordinates": [ [ [ -54.775965, -22.204709 ], [ -54.775269, -22.204654 ], [ -54.77561, -22.203198 ], [ -54.776305, -22.203255 ], [ -54.776258, -22.203645 ], [ -54.775965, -22.204709 ] ] ] } },
{ "type": "Feature", "properties": { "id": 236, "nome": "JARDIM ÁGUA BOA", "registro": "2199", "data_aprovacao": "30/11/1972" }, "geometry": { "type": "Polygon", "coordinates": [ [ [ -54.815407, -22.252251 ], [ -54.813464, -22.252663 ], [ -54.811703, -22.252839 ], [ -54.810744, -22.252934 ], [ -54.79969, -22.253999 ], [ -54.800028, -22.251014 ], [ -54.801637, -22.25119 ], [ -54.802532, -22.244181 ], [ -54.797833, -22.243599 ], [ -54.797923, -22.242825 ], [ -54.797233, -22.242759 ], [ -54.797303, -22.242141 ], [ -54.796655, -22.242063 ], [ -54.796719, -22.241347 ], [ -54.796594, -22.241345 ], [ -54.796954, -22.238456 ], [ -54.795684, -22.238329 ], [ -54.796019, -22.235641 ], [ -54.803994, -22.235467 ], [ -54.804005, -22.235307 ], [ -54.804074, -22.235209 ], [ -54.806919, -22.235522 ], [ -54.806533, -22.238718 ], [ -54.80833, -22.238931 ], [ -54.810083, -22.239115 ], [ -54.809316, -22.244793 ], [ -54.811032, -22.245005 ], [ -54.81291, -22.244561 ], [ -54.812906, -22.244595 ], [ -54.812609, -22.24729 ], [ -54.81433, -22.247496 ], [ -54.814115, -22.248908 ], [ -54.815792, -22.249099 ], [ -54.815407, -22.252251 ] ] ] } },
{ "type": "Feature", "properties": { "id": 126, "nome": "VILA ARACY", "registro": "42182 TRANSCRIÇÃO", "data_aprovacao": "20/06/1970" }, "geometry": { "type": "Polygon", "coordinates": [ [ [ -54.793424, -22.211714 ], [ -54.790335, -22.211393 ], [ -54.790625, -22.209684 ], [ -54.79238, -22.210309 ], [ -54.793429, -22.210267 ], [ -54.793424, -22.211714 ] ] ] } },
{ "type": "Feature", "properties": { "id": 127, "nome": "VILA MATOS", "registro": "GEO", "data_aprovacao": null }, "geometry": { "type": "Polygon", "coordinates": [ [ [ -54.826497, -22.225966 ], [ -54.825953, -22.225902 ], [ -54.825809, -22.227068 ], [ -54.824279, -22.226896 ], [ -54.824986, -22.22122 ], [ -54.825145, -22.220077 ], [ -54.82523, -22.219402 ], [ -54.825628, -22.219659 ], [ -54.82706, -22.220536 ], [ -54.827179, -22.220612 ], [ -54.826991, -22.222112 ], [ -54.826965, -22.22232 ], [ -54.826713, -22.22432 ], [ -54.826497, -22.225966 ] ] ] } },
{ "type": "Feature", "properties": { "id": 129, "nome": "JARDIM TROPICAL", "registro": "50536 TRANSCRIÇÃO", "data_aprovacao": "24/01/1997" }, "geometry": { "type": "Polygon", "coordinates": [ [ [ -54.826497, -22.225966 ], [ -54.829071, -22.224899 ], [ -54.830369, -22.224372 ], [ -54.830447, -22.22438 ], [ -54.830356, -22.226379 ], [ -54.826497, -22.225966 ] ] ] } },
{ "type": "Feature", "properties": { "id": 130, "nome": "RESIDENCIAL CONTINENTAL", "registro": "66106", "data_aprovacao": "11/01/1999" }, "geometry": { "type": "Polygon", "coordinates": [ [ [ -54.788095, -22.216592 ], [ -54.787907, -22.218481 ], [ -54.787234, -22.218412 ], [ -54.786886, -22.216488 ], [ -54.788095, -22.216592 ] ] ] } },
{ "type": "Feature", "properties": { "id": 131, "nome": "VILA ICASSATI", "registro": "14279", "data_aprovacao": "03/04/1991" }, "geometry": { "type": "Polygon", "coordinates": [ [ [ -54.784129, -22.219356 ], [ -54.784172, -22.219364 ], [ -54.784104, -22.219906 ], [ -54.783681, -22.219618 ], [ -54.783189, -22.219247 ], [ -54.782656, -22.218925 ], [ -54.782003, -22.218463 ], [ -54.781713, -22.218251 ], [ -54.781547, -22.218111 ], [ -54.781401, -22.217963 ], [ -54.780797, -22.217421 ], [ -54.780667, -22.217261 ], [ -54.780509, -22.216956 ], [ -54.78034, -22.216775 ], [ -54.780221, -22.216555 ], [ -54.779834, -22.216001 ], [ -54.779675, -22.21579 ], [ -54.779326, -22.215239 ], [ -54.779343, -22.214903 ], [ -54.780185, -22.214588 ], [ -54.781039, -22.214191 ], [ -54.78137, -22.215033 ], [ -54.7816, -22.215624 ], [ -54.781939, -22.21631 ], [ -54.782367, -22.217338 ], [ -54.782621, -22.217939 ], [ -54.782683, -22.218089 ], [ -54.784271, -22.218278 ], [ -54.784156, -22.219187 ], [ -54.784129, -22.219356 ] ] ] } },
{ "type": "Feature", "properties": { "id": 133, "nome": "JARDIM MÁRCIA", "registro": "42855 TRANSCRIÇÃO", "data_aprovacao": null }, "geometry": { "type": "Polygon", "coordinates": [ [ [ -54.761507, -22.22072 ], [ -54.760984, -22.22224 ], [ -54.760873, -22.222552 ], [ -54.758873, -22.227562 ], [ -54.758423, -22.22884 ], [ -54.754239, -22.22855 ], [ -54.755898, -22.221131 ], [ -54.756612, -22.221038 ], [ -54.761507, -22.22072 ] ] ] } },
{ "type": "Feature", "properties": { "id": 134, "nome": "JARDIM CUIABÁ", "registro": "2428 TRANSCRIÇÃO", "data_aprovacao": null }, "geometry": { "type": "Polygon", "coordinates": [ [ [ -54.774685, -22.226144 ], [ -54.774446, -22.228203 ], [ -54.772297, -22.227987 ], [ -54.772494, -22.226285 ], [ -54.772031, -22.226241 ], [ -54.771388, -22.226659 ], [ -54.7704, -22.225494 ], [ -54.771071, -22.224833 ], [ -54.771637, -22.224335 ], [ -54.773081, -22.225461 ], [ -54.773064, -22.22564 ], [ -54.773237, -22.225657 ], [ -54.773207, -22.22601 ], [ -54.774685, -22.226144 ] ] ] } },
{ "type": "Feature", "properties": { "id": 135, "nome": "JARDIM EUROPA", "registro": "6123", "data_aprovacao": "25/08/1976" }, "geometry": { "type": "Polygon", "coordinates": [ [ [ -54.815775, -22.19909 ], [ -54.815065, -22.201536 ], [ -54.81487, -22.202252 ], [ -54.814659, -22.203996 ], [ -54.814419, -22.205906 ], [ -54.813442, -22.205817 ], [ -54.813123, -22.208648 ], [ -54.810034, -22.207753 ], [ -54.813367, -22.198356 ], [ -54.815775, -22.19909 ] ] ] } },
{ "type": "Feature", "properties": { "id": 136, "nome": "JARDIM UNIVERSITÁRIO", "registro": "1809", "data_aprovacao": "28/07/1982" }, "geometry": { "type": "Polygon", "coordinates": [ [ [ -54.831017, -22.21096 ], [ -54.831093, -22.211442 ], [ -54.831014, -22.213911 ], [ -54.827939, -22.21351 ], [ -54.828121, -22.211938 ], [ -54.826519, -22.208932 ], [ -54.828215, -22.208155 ], [ -54.829219, -22.211525 ], [ -54.831017, -22.21096 ] ] ] } },
{ "type": "Feature", "properties": { "id": 137, "nome": "JARDIM DOS ESTADOS", "registro": "3949", "data_aprovacao": "28/10/1975" }, "geometry": { "type": "Polygon", "coordinates": [ [ [ -54.79018, -22.209573 ], [ -54.790028, -22.210663 ], [ -54.789302, -22.210579 ], [ -54.78922, -22.211245 ], [ -54.787714, -22.211048 ], [ -54.787367, -22.20987 ], [ -54.784122, -22.210378 ], [ -54.78416, -22.208424 ], [ -54.78418, -22.207945 ], [ -54.7842, -22.207281 ], [ -54.784218, -22.207106 ], [ -54.784631, -22.207226 ], [ -54.78507, -22.207387 ], [ -54.785008, -22.206445 ], [ -54.787475, -22.207319 ], [ -54.787483, -22.208657 ], [ -54.788763, -22.20889 ], [ -54.789639, -22.209032 ], [ -54.78941, -22.209424 ], [ -54.79018, -22.209573 ] ] ] } },
{ "type": "Feature", "properties": { "id": 139, "nome": "CHÁCARA 118", "registro": "GEO", "data_aprovacao": null }, "geometry": { "type": "Polygon", "coordinates": [ [ [ -54.78067, -22.210528 ], [ -54.779451, -22.211249 ], [ -54.777765, -22.211824 ], [ -54.777918, -22.210386 ], [ -54.776022, -22.211035 ], [ -54.77619, -22.209337 ], [ -54.776936, -22.209225 ], [ -54.777558, -22.209126 ], [ -54.779324, -22.208824 ], [ -54.78067, -22.210528 ] ] ] } },
{ "type": "Feature", "properties": { "id": 141, "nome": "RESIDENCIAL ALTOS DA MONTE ALEGRE", "registro": "19805", "data_aprovacao": "10/10/1996" }, "geometry": { "type": "Polygon", "coordinates": [ [ [ -54.791861, -22.216297 ], [ -54.791538, -22.218907 ], [ -54.789234, -22.218646 ], [ -54.789516, -22.216495 ], [ -54.789952, -22.216544 ], [ -54.790011, -22.216096 ], [ -54.791861, -22.216297 ] ] ] } },
{ "type": "Feature", "properties": { "id": 142, "nome": "JARDIM NOSSA SENHORA DE FÁTIMA", "registro": "3426 TRANSCRIÇÃO", "data_aprovacao": null }, "geometry": { "type": "Polygon", "coordinates": [ [ [ -54.802663, -22.212069 ], [ -54.802172, -22.213272 ], [ -54.801232, -22.213017 ], [ -54.801403, -22.211895 ], [ -54.802663, -22.212069 ] ] ] } },
{ "type": "Feature", "properties": { "id": 486, "nome": null, "registro": null, "data_aprovacao": null }, "geometry": { "type": "Polygon", "coordinates": [ [ [ -54.718303, -22.214546 ], [ -54.718739, -22.214783 ], [ -54.718511, -22.214885 ], [ -54.718303, -22.214546 ] ] ] } },
{ "type": "Feature", "properties": { "id": 140, "nome": "VILA ALMEIDA", "registro": "TR-1168", "data_aprovacao": null }, "geometry": { "type": "Polygon", "coordinates": [ [ [ -54.82046, -22.240589 ], [ -54.820639, -22.239173 ], [ -54.82065, -22.239082 ], [ -54.824737, -22.239855 ], [ -54.824064, -22.241403 ], [ -54.824831, -22.241765 ], [ -54.824429, -22.242811 ], [ -54.824001, -22.243949 ], [ -54.823557, -22.244834 ], [ -54.823429, -22.245329 ], [ -54.823334, -22.24571 ], [ -54.823042, -22.245972 ], [ -54.822763, -22.246635 ], [ -54.82112, -22.246174 ], [ -54.821589, -22.245006 ], [ -54.822522, -22.242745 ], [ -54.823179, -22.241188 ], [ -54.82046, -22.240589 ] ] ] } },
{ "type": "Feature", "properties": { "id": 144, "nome": "BNH I PLANO", "registro": "9297", "data_aprovacao": "05/09/1978" }, "geometry": { "type": "Polygon", "coordinates": [ [ [ -54.824684, -22.221054 ], [ -54.823024, -22.223404 ], [ -54.822533, -22.223927 ], [ -54.82196, -22.22455 ], [ -54.818635, -22.221598 ], [ -54.819221, -22.220705 ], [ -54.819957, -22.221275 ], [ -54.820592, -22.220209 ], [ -54.822048, -22.221117 ], [ -54.822801, -22.220157 ], [ -54.824684, -22.221054 ] ] ] } },
{ "type": "Feature", "properties": { "id": 145, "nome": "PORTAL DE DOURADOS", "registro": "8012", "data_aprovacao": "10/04/1981" }, "geometry": { "type": "Polygon", "coordinates": [ [ [ -54.809238, -22.20752 ], [ -54.80824, -22.211619 ], [ -54.809334, -22.212076 ], [ -54.8092, -22.212251 ], [ -54.808828, -22.214196 ], [ -54.808579, -22.215334 ], [ -54.805316, -22.214386 ], [ -54.803008, -22.213532 ], [ -54.802592, -22.213364 ], [ -54.80394, -22.20615 ], [ -54.80483, -22.206192 ], [ -54.805549, -22.206574 ], [ -54.806185, -22.206443 ], [ -54.807344, -22.206972 ], [ -54.809238, -22.20752 ] ] ] } },
{ "type": "Feature", "properties": { "id": 147, "nome": "CHÁCARAS CAIUÁS", "registro": "5251 TRANSCRIÇÃO", "data_aprovacao": "10/12/1971" }, "geometry": { "type": "Polygon", "coordinates": [ [ [ -54.797061, -22.210118 ], [ -54.794497, -22.210223 ], [ -54.793429, -22.210267 ], [ -54.79238, -22.210309 ], [ -54.790625, -22.209684 ], [ -54.790368, -22.209607 ], [ -54.790597, -22.209227 ], [ -54.791847, -22.207149 ], [ -54.792819, -22.205706 ], [ -54.793871, -22.204246 ], [ -54.794005, -22.204234 ], [ -54.795662, -22.204724 ], [ -54.796168, -22.204776 ], [ -54.79666, -22.207668 ], [ -54.797061, -22.210118 ] ] ] } },
{ "type": "Feature", "properties": { "id": 148, "nome": "ALTOS DO INDAIÁ", "registro": "3937", "data_aprovacao": "16/11/1981" }, "geometry": { "type": "Polygon", "coordinates": [ [ [ -54.847747, -22.22529 ], [ -54.836932, -22.221048 ], [ -54.849912, -22.213305 ], [ -54.853229, -22.216618 ], [ -54.847747, -22.22529 ] ] ] } },
{ "type": "Feature", "properties": { "id": 149, "nome": "JARDIM ÁUREA", "registro": "6124 TRANSCRIÇÃO", "data_aprovacao": null }, "geometry": { "type": "Polygon", "coordinates": [ [ [ -54.813768, -22.216176 ], [ -54.812715, -22.216435 ], [ -54.811377, -22.217071 ], [ -54.809844, -22.217827 ], [ -54.809377, -22.217129 ], [ -54.809068, -22.216514 ], [ -54.808724, -22.215376 ], [ -54.812068, -22.215656 ], [ -54.812141, -22.215045 ], [ -54.813035, -22.215165 ], [ -54.813768, -22.216176 ] ] ] } },
{ "type": "Feature", "properties": { "id": 150, "nome": "BNH II PLANO", "registro": "12618", "data_aprovacao": "12/01/1977" }, "geometry": { "type": "Polygon", "coordinates": [ [ [ -54.808724, -22.215376 ], [ -54.806009, -22.217883 ], [ -54.805352, -22.21752 ], [ -54.804929, -22.217238 ], [ -54.80446, -22.216894 ], [ -54.804204, -22.216578 ], [ -54.803886, -22.216371 ], [ -54.803728, -22.216332 ], [ -54.803756, -22.216145 ], [ -54.803183, -22.215783 ], [ -54.801582, -22.215153 ], [ -54.802886, -22.213664 ], [ -54.803008, -22.213532 ], [ -54.805316, -22.214386 ], [ -54.808579, -22.215334 ], [ -54.808724, -22.215376 ] ] ] } },
{ "type": "Feature", "properties": { "id": 151, "nome": "RESIDENCIAL SOL NASCENTE", "registro": "6653", "data_aprovacao": "24/03/1994" }, "geometry": { "type": "Polygon", "coordinates": [ [ [ -54.739686, -22.240572 ], [ -54.735888, -22.23654 ], [ -54.736818, -22.235782 ], [ -54.74062, -22.239825 ], [ -54.739686, -22.240572 ] ] ] } },
{ "type": "Feature", "properties": { "id": 153, "nome": "JARDIM SANTA RITA", "registro": "64547", "data_aprovacao": "24/09/1996" }, "geometry": { "type": "Polygon", "coordinates": [ [ [ -54.789455, -22.249965 ], [ -54.787986, -22.250113 ], [ -54.78817, -22.24871 ], [ -54.789287, -22.248603 ], [ -54.789455, -22.249965 ] ] ] } },
{ "type": "Feature", "properties": { "id": 155, "nome": "PARQUE DOS BEIJA-FLORES", "registro": "70410", "data_aprovacao": "23/04/1996" }, "geometry": { "type": "Polygon", "coordinates": [ [ [ -54.789486, -22.253817 ], [ -54.786995, -22.253541 ], [ -54.787137, -22.252369 ], [ -54.789715, -22.252105 ], [ -54.789486, -22.253817 ] ] ] } },
{ "type": "Feature", "properties": { "id": 156, "nome": "JARDIM JÓQUEI CLUBE", "registro": "23636", "data_aprovacao": "30/11/1982" }, "geometry": { "type": "Polygon", "coordinates": [ [ [ -54.742296, -22.248614 ], [ -54.742215, -22.248678 ], [ -54.739334, -22.250945 ], [ -54.737123, -22.248651 ], [ -54.736484, -22.249195 ], [ -54.735666, -22.249896 ], [ -54.733645, -22.245629 ], [ -54.737002, -22.242895 ], [ -54.742296, -22.248614 ] ] ] } },
{ "type": "Feature", "properties": { "id": 157, "nome": "JARDIM NANÁ", "registro": "59572", "data_aprovacao": "16/10/1990" }, "geometry": { "type": "Polygon", "coordinates": [ [ [ -54.821589, -22.245006 ], [ -54.820886, -22.245042 ], [ -54.820773, -22.245936 ], [ -54.819752, -22.246008 ], [ -54.820127, -22.243269 ], [ -54.821259, -22.243027 ], [ -54.822196, -22.242793 ], [ -54.822522, -22.242745 ], [ -54.821589, -22.245006 ] ] ] } },
{ "type": "Feature", "properties": { "id": 158, "nome": "CONJ. HAB. EULALIA PIRES (COHAB II)", "registro": "43106", "data_aprovacao": null }, "geometry": { "type": "Polygon", "coordinates": [ [ [ -54.828035, -22.248952 ], [ -54.824623, -22.246776 ], [ -54.824776, -22.245598 ], [ -54.823429, -22.245329 ], [ -54.823557, -22.244834 ], [ -54.824001, -22.243949 ], [ -54.824429, -22.242811 ], [ -54.825777, -22.242959 ], [ -54.825732, -22.243369 ], [ -54.826224, -22.243428 ], [ -54.826052, -22.24486 ], [ -54.826658, -22.244929 ], [ -54.826523, -22.246005 ], [ -54.827059, -22.246068 ], [ -54.827216, -22.246086 ], [ -54.827184, -22.246396 ], [ -54.828335, -22.246493 ], [ -54.828175, -22.247939 ], [ -54.829005, -22.248007 ], [ -54.828035, -22.248952 ] ] ] } },
{ "type": "Feature", "properties": { "id": 159, "nome": "JARDIM CANAÃ - CACHOEIRINHA", "registro": "63739", "data_aprovacao": null }, "geometry": { "type": "Polygon", "coordinates": [ [ [ -54.823196, -22.247775 ], [ -54.823044, -22.249031 ], [ -54.82262, -22.248987 ], [ -54.822498, -22.249024 ], [ -54.821248, -22.247658 ], [ -54.821259, -22.247572 ], [ -54.823196, -22.247775 ] ] ] } },
{ "type": "Feature", "properties": { "id": 160, "nome": "JARDIM MATO GROSSO", "registro": "2246", "data_aprovacao": "10/02/1976" }, "geometry": { "type": "Polygon", "coordinates": [ [ [ -54.824401, -22.239457 ], [ -54.824281, -22.239769 ], [ -54.82065, -22.239082 ], [ -54.820816, -22.237538 ], [ -54.825275, -22.238423 ], [ -54.824829, -22.239544 ], [ -54.824401, -22.239457 ] ] ] } },
{ "type": "Feature", "properties": { "id": 161, "nome": "RESIDENCIAL PARQUE DO LAGO", "registro": "12833", "data_aprovacao": "08/02/1996" }, "geometry": { "type": "Polygon", "coordinates": [ [ [ -54.832227, -22.234501 ], [ -54.836463, -22.230843 ], [ -54.837742, -22.232694 ], [ -54.836363, -22.233886 ], [ -54.83381, -22.23609 ], [ -54.832227, -22.234501 ] ] ] } },
{ "type": "Feature", "properties": { "id": 162, "nome": "VILA BELA", "registro": "59577", "data_aprovacao": "20/02/1991" }, "geometry": { "type": "Polygon", "coordinates": [ [ [ -54.817679, -22.245461 ], [ -54.817956, -22.246544 ], [ -54.816364, -22.247976 ], [ -54.814955, -22.246036 ], [ -54.817679, -22.245461 ] ] ] } },
{ "type": "Feature", "properties": { "id": 164, "nome": "VILA DONA ERONDINA II", "registro": "55725", "data_aprovacao": null }, "geometry": { "type": "Polygon", "coordinates": [ [ [ -54.819236, -22.250143 ], [ -54.819218, -22.250342 ], [ -54.819162, -22.251838 ], [ -54.819567, -22.252609 ], [ -54.819544, -22.252805 ], [ -54.819238, -22.255887 ], [ -54.819142, -22.255912 ], [ -54.818426, -22.254064 ], [ -54.817281, -22.251398 ], [ -54.817525, -22.251287 ], [ -54.817628, -22.250074 ], [ -54.817636, -22.249995 ], [ -54.819236, -22.250143 ] ] ] } },
{ "type": "Feature", "properties": { "id": 165, "nome": "CAMPO DOURADO", "registro": "10141", "data_aprovacao": null }, "geometry": { "type": "Polygon", "coordinates": [ [ [ -54.818312, -22.259469 ], [ -54.815889, -22.26205 ], [ -54.814229, -22.261858 ], [ -54.81101, -22.261492 ], [ -54.810644, -22.26145 ], [ -54.810671, -22.261181 ], [ -54.810795, -22.260171 ], [ -54.810888, -22.259372 ], [ -54.818312, -22.259469 ] ] ] } },
{ "type": "Feature", "properties": { "id": 166, "nome": "JARDIM PORTO BELO", "registro": "70941", "data_aprovacao": "11/07/2011" }, "geometry": { "type": "Polygon", "coordinates": [ [ [ -54.777102, -22.204256 ], [ -54.777532, -22.204301 ], [ -54.777109, -22.207829 ], [ -54.775235, -22.207514 ], [ -54.775786, -22.205365 ], [ -54.775811, -22.205274 ], [ -54.777102, -22.204256 ] ] ] } },
{ "type": "Feature", "properties": { "id": 167, "nome": "JARDIM MARÍLIA", "registro": "17566", "data_aprovacao": "23/10/2000" }, "geometry": { "type": "Polygon", "coordinates": [ [ [ -54.751687, -22.224022 ], [ -54.750887, -22.228377 ], [ -54.750576, -22.228239 ], [ -54.749602, -22.22786 ], [ -54.750383, -22.223723 ], [ -54.751687, -22.224022 ] ] ] } },
{ "type": "Feature", "properties": { "id": 168, "nome": "VILA ALVORADA", "registro": "GEO", "data_aprovacao": null }, "geometry": { "type": "Polygon", "coordinates": [ [ [ -54.832841, -22.223054 ], [ -54.830708, -22.224238 ], [ -54.830772, -22.22273 ], [ -54.830775, -22.221075 ], [ -54.833048, -22.221273 ], [ -54.832841, -22.223054 ] ] ] } },
{ "type": "Feature", "properties": { "id": 169, "nome": "CHÁCARA 03", "registro": "GEO", "data_aprovacao": null }, "geometry": { "type": "Polygon", "coordinates": [ [ [ -54.828553, -22.223937 ], [ -54.829071, -22.224899 ], [ -54.826497, -22.225966 ], [ -54.826713, -22.22432 ], [ -54.828553, -22.223937 ] ] ] } },
{ "type": "Feature", "properties": { "id": 170, "nome": "ESTÁDIO DOURADÃO", "registro": "GEO", "data_aprovacao": null }, "geometry": { "type": "Polygon", "coordinates": [ [ [ -54.783334, -22.245999 ], [ -54.779493, -22.24552 ], [ -54.780013, -22.241941 ], [ -54.783857, -22.242425 ], [ -54.783334, -22.245999 ] ] ] } },
{ "type": "Feature", "properties": { "id": 171, "nome": "JARDIM BRASÍLIA", "registro": "66039", "data_aprovacao": "07/04/1998" }, "geometry": { "type": "Polygon", "coordinates": [ [ [ -54.769281, -22.223475 ], [ -54.769158, -22.224663 ], [ -54.767349, -22.224492 ], [ -54.766597, -22.225163 ], [ -54.76658, -22.225537 ], [ -54.766209, -22.225494 ], [ -54.765559, -22.225928 ], [ -54.765387, -22.227014 ], [ -54.766059, -22.227789 ], [ -54.765983, -22.22806 ], [ -54.765865, -22.228488 ], [ -54.76568, -22.228996 ], [ -54.764361, -22.227441 ], [ -54.763789, -22.227074 ], [ -54.76335, -22.227307 ], [ -54.762838, -22.22726 ], [ -54.762726, -22.228147 ], [ -54.762503, -22.228632 ], [ -54.762465, -22.229299 ], [ -54.761644, -22.228793 ], [ -54.761481, -22.228596 ], [ -54.761247, -22.228463 ], [ -54.76197, -22.226062 ], [ -54.764402, -22.225405 ], [ -54.764555, -22.224135 ], [ -54.765034, -22.224186 ], [ -54.765205, -22.223013 ], [ -54.766615, -22.223174 ], [ -54.769281, -22.223475 ] ] ] } },
{ "type": "Feature", "properties": { "id": 172, "nome": "MUTIRÃO DA MORADIA", "registro": "80175", "data_aprovacao": null }, "geometry": { "type": "Polygon", "coordinates": [ [ [ -54.822763, -22.246633 ], [ -54.823042, -22.245972 ], [ -54.823334, -22.24571 ], [ -54.823429, -22.245329 ], [ -54.824776, -22.245598 ], [ -54.824623, -22.246776 ], [ -54.828035, -22.248952 ], [ -54.827106, -22.251288 ], [ -54.825093, -22.248001 ], [ -54.823278, -22.247785 ], [ -54.823415, -22.246856 ], [ -54.822774, -22.246649 ], [ -54.822763, -22.246633 ] ] ] } },
{ "type": "Feature", "properties": { "id": 173, "nome": "CONJ. HAB. ANTÔNIO JOÃO (VILA POPULAR)", "registro": "26072", "data_aprovacao": "21/08/2009" }, "geometry": { "type": "Polygon", "coordinates": [ [ [ -54.833597, -22.22698 ], [ -54.833737, -22.22719 ], [ -54.832327, -22.227977 ], [ -54.830331, -22.228782 ], [ -54.830524, -22.226445 ], [ -54.830663, -22.226144 ], [ -54.832334, -22.225185 ], [ -54.833597, -22.22698 ] ] ] } },
{ "type": "Feature", "properties": { "id": 174, "nome": "JARDIM VITÓRIA I", "registro": "46605", "data_aprovacao": "19/04/2005" }, "geometry": { "type": "Polygon", "coordinates": [ [ [ -54.773975, -22.203089 ], [ -54.772776, -22.203522 ], [ -54.772354, -22.201308 ], [ -54.773297, -22.201067 ], [ -54.775777, -22.201045 ], [ -54.77525, -22.202745 ], [ -54.77498, -22.202734 ], [ -54.773975, -22.203089 ] ] ] } },
{ "type": "Feature", "properties": { "id": 175, "nome": "CHÁCARA 121", "registro": "GEO", "data_aprovacao": null }, "geometry": { "type": "Polygon", "coordinates": [ [ [ -54.775235, -22.207514 ], [ -54.773525, -22.207227 ], [ -54.772805, -22.203701 ], [ -54.772776, -22.203522 ], [ -54.773975, -22.203092 ], [ -54.774028, -22.204593 ], [ -54.775786, -22.205365 ], [ -54.775235, -22.207514 ] ] ] } },
{ "type": "Feature", "properties": { "id": 176, "nome": "HORY", "registro": "71116", "data_aprovacao": "15/05/2003" }, "geometry": { "type": "Polygon", "coordinates": [ [ [ -54.771306, -22.206853 ], [ -54.771199, -22.207494 ], [ -54.770697, -22.21051 ], [ -54.768689, -22.210194 ], [ -54.770328, -22.207883 ], [ -54.770395, -22.206698 ], [ -54.771306, -22.206853 ] ] ] } },
{ "type": "Feature", "properties": { "id": 177, "nome": "PT. CHÁCARA XCV", "registro": "GEO", "data_aprovacao": null }, "geometry": { "type": "Polygon", "coordinates": [ [ [ -54.763296, -22.222522 ], [ -54.760984, -22.22224 ], [ -54.761507, -22.22072 ], [ -54.761517, -22.220651 ], [ -54.761727, -22.220076 ], [ -54.763888, -22.220327 ], [ -54.763662, -22.221972 ], [ -54.763296, -22.222522 ] ] ] } },
{ "type": "Feature", "properties": { "id": 178, "nome": "PT. CHÁCARA XCI", "registro": "GEO", "data_aprovacao": null }, "geometry": { "type": "Polygon", "coordinates": [ [ [ -54.767811, -22.2219 ], [ -54.766919, -22.222852 ], [ -54.766615, -22.223174 ], [ -54.765205, -22.223013 ], [ -54.765034, -22.224186 ], [ -54.764555, -22.224135 ], [ -54.764411, -22.225292 ], [ -54.763413, -22.222832 ], [ -54.763296, -22.222522 ], [ -54.763662, -22.221972 ], [ -54.76395, -22.222007 ], [ -54.763881, -22.222509 ], [ -54.765589, -22.222714 ], [ -54.766332, -22.221252 ], [ -54.767811, -22.2219 ] ] ] } },
{ "type": "Feature", "properties": { "id": 179, "nome": "CHÁCARA 134", "registro": "41338", "data_aprovacao": null }, "geometry": { "type": "Polygon", "coordinates": [ [ [ -54.76392, -22.219135 ], [ -54.763771, -22.220244 ], [ -54.761743, -22.220031 ], [ -54.762131, -22.218973 ], [ -54.76392, -22.219135 ] ] ] } },
{ "type": "Feature", "properties": { "id": 180, "nome": "PARQUE DOS COQUEIROS II", "registro": "54769", "data_aprovacao": "16/07/1996" }, "geometry": { "type": "Polygon", "coordinates": [ [ [ -54.795419, -22.246914 ], [ -54.795563, -22.247994 ], [ -54.793059, -22.248243 ], [ -54.793253, -22.246669 ], [ -54.794349, -22.246788 ], [ -54.795419, -22.246914 ] ] ] } },
{ "type": "Feature", "properties": { "id": 181, "nome": "RESIDENCIAL KAIRÓS II", "registro": "75029", "data_aprovacao": "01/02/2005" }, "geometry": { "type": "Polygon", "coordinates": [ [ [ -54.810644, -22.26145 ], [ -54.810517, -22.262469 ], [ -54.809054, -22.262486 ], [ -54.809024, -22.26246 ], [ -54.809199, -22.261232 ], [ -54.809489, -22.261264 ], [ -54.809501, -22.261167 ], [ -54.809693, -22.261188 ], [ -54.809682, -22.261277 ], [ -54.810337, -22.261348 ], [ -54.81036, -22.261169 ], [ -54.810671, -22.261181 ], [ -54.810644, -22.26145 ] ] ] } },
{ "type": "Feature", "properties": { "id": 182, "nome": "BNH III PLANO", "registro": "15025", "data_aprovacao": "10/09/1976" }, "geometry": { "type": "Polygon", "coordinates": [ [ [ -54.814456, -22.209034 ], [ -54.813826, -22.210876 ], [ -54.813546, -22.211546 ], [ -54.813713, -22.21185 ], [ -54.81414, -22.213877 ], [ -54.813468, -22.213988 ], [ -54.812843, -22.213933 ], [ -54.812797, -22.214343 ], [ -54.810079, -22.214042 ], [ -54.810044, -22.214332 ], [ -54.808828, -22.214196 ], [ -54.8092, -22.212251 ], [ -54.809334, -22.212076 ], [ -54.809197, -22.212018 ], [ -54.810251, -22.207816 ], [ -54.814456, -22.209034 ] ] ] } },
{ "type": "Feature", "properties": { "id": 183, "nome": "RESIDENCIAL MONTE CARLO", "registro": "61714", "data_aprovacao": null }, "geometry": { "type": "Polygon", "coordinates": [ [ [ -54.854585, -22.210004 ], [ -54.849572, -22.212942 ], [ -54.846114, -22.205301 ], [ -54.851878, -22.203024 ], [ -54.851865, -22.202689 ], [ -54.854429, -22.202627 ], [ -54.854585, -22.210004 ] ] ] } },
{ "type": "Feature", "properties": { "id": 186, "nome": "RESIDENCIAL AIMORÉ", "registro": "36415", "data_aprovacao": null }, "geometry": { "type": "Polygon", "coordinates": [ [ [ -54.786471, -22.248868 ], [ -54.787981, -22.248728 ], [ -54.787813, -22.249908 ], [ -54.786315, -22.250049 ], [ -54.786471, -22.248868 ] ] ] } },
{ "type": "Feature", "properties": { "id": 188, "nome": "PORÃ", "registro": "74123", "data_aprovacao": null }, "geometry": { "type": "Polygon", "coordinates": [ [ [ -54.836432, -22.243794 ], [ -54.834399, -22.242658 ], [ -54.834187, -22.24254 ], [ -54.834798, -22.240972 ], [ -54.834558, -22.240696 ], [ -54.83413, -22.240485 ], [ -54.834644, -22.239134 ], [ -54.83656, -22.239276 ], [ -54.838149, -22.239398 ], [ -54.836432, -22.243794 ] ] ] } },
{ "type": "Feature", "properties": { "id": 190, "nome": "JARDIM FLÓRIDA II", "registro": "17079", "data_aprovacao": "25/08/1978" }, "geometry": { "type": "Polygon", "coordinates": [ [ [ -54.837506, -22.225938 ], [ -54.837975, -22.226621 ], [ -54.839125, -22.225948 ], [ -54.840573, -22.228059 ], [ -54.840743, -22.227955 ], [ -54.846031, -22.224804 ], [ -54.846502, -22.224983 ], [ -54.846813, -22.225124 ], [ -54.842653, -22.228708 ], [ -54.838726, -22.23207 ], [ -54.837846, -22.23282 ], [ -54.83583, -22.22988 ], [ -54.833917, -22.227091 ], [ -54.834908, -22.226523 ], [ -54.835274, -22.227054 ], [ -54.836259, -22.226471 ], [ -54.836359, -22.22662 ], [ -54.837506, -22.225938 ] ] ] } },
{ "type": "Feature", "properties": { "id": 191, "nome": "JARDIM FLAMBOYANT", "registro": "65645", "data_aprovacao": "09/01/2004" }, "geometry": { "type": "Polygon", "coordinates": [ [ [ -54.798862, -22.252605 ], [ -54.798585, -22.253337 ], [ -54.798743, -22.254084 ], [ -54.797974, -22.254159 ], [ -54.797999, -22.253622 ], [ -54.796788, -22.253572 ], [ -54.796804, -22.253459 ], [ -54.796396, -22.253411 ], [ -54.796377, -22.253555 ], [ -54.796163, -22.253547 ], [ -54.796047, -22.25354 ], [ -54.795246, -22.253449 ], [ -54.795321, -22.252912 ], [ -54.795511, -22.251532 ], [ -54.79602, -22.251494 ], [ -54.798862, -22.252605 ] ] ] } },
{ "type": "Feature", "properties": { "id": 193, "nome": "PARQUE RESIDENCIAL MORADA DO SALTO", "registro": "36883", "data_aprovacao": "05/05/1987" }, "geometry": { "type": "Polygon", "coordinates": [ [ [ -54.820979, -22.247345 ], [ -54.821258, -22.247375 ], [ -54.821264, -22.247558 ], [ -54.821259, -22.247572 ], [ -54.821248, -22.247658 ], [ -54.819324, -22.249198 ], [ -54.819685, -22.246497 ], [ -54.821107, -22.246296 ], [ -54.820979, -22.247345 ] ] ] } },
{ "type": "Feature", "properties": { "id": 194, "nome": "PARQUE DOS BEM-TE-VIS", "registro": "66805", "data_aprovacao": "30/04/2002" }, "geometry": { "type": "Polygon", "coordinates": [ [ [ -54.790683, -22.252242 ], [ -54.791614, -22.252345 ], [ -54.791844, -22.251893 ], [ -54.792151, -22.251862 ], [ -54.791733, -22.254775 ], [ -54.790297, -22.25492 ], [ -54.790683, -22.252242 ] ] ] } },
{ "type": "Feature", "properties": { "id": 195, "nome": "BNH IV PLANO", "registro": "10142", "data_aprovacao": null }, "geometry": { "type": "Polygon", "coordinates": [ [ [ -54.819764, -22.257402 ], [ -54.819071, -22.259086 ], [ -54.81102, -22.258334 ], [ -54.811149, -22.25734 ], [ -54.811113, -22.254776 ], [ -54.811105, -22.254727 ], [ -54.81108, -22.254595 ], [ -54.811489, -22.254637 ], [ -54.811703, -22.252839 ], [ -54.813464, -22.252663 ], [ -54.815407, -22.252251 ], [ -54.815958, -22.252078 ], [ -54.817385, -22.25164 ], [ -54.818426, -22.254064 ], [ -54.819142, -22.255912 ], [ -54.819764, -22.257402 ] ] ] } },
{ "type": "Feature", "properties": { "id": 199, "nome": "CHÁCARAS TREVO", "registro": "54042", "data_aprovacao": null }, "geometry": { "type": "Polygon", "coordinates": [ [ [ -54.810963, -22.258781 ], [ -54.810779, -22.259368 ], [ -54.808769, -22.259419 ], [ -54.808644, -22.260125 ], [ -54.808862, -22.260136 ], [ -54.808559, -22.262064 ], [ -54.809054, -22.262486 ], [ -54.810517, -22.262469 ], [ -54.810644, -22.26145 ], [ -54.81101, -22.261492 ], [ -54.811019, -22.261745 ], [ -54.811146, -22.261983 ], [ -54.811518, -22.262325 ], [ -54.812752, -22.263267 ], [ -54.814229, -22.261858 ], [ -54.815889, -22.26205 ], [ -54.815046, -22.262908 ], [ -54.81423, -22.26216 ], [ -54.812189, -22.26409 ], [ -54.813371, -22.265173 ], [ -54.812739, -22.265668 ], [ -54.812295, -22.26611 ], [ -54.811681, -22.267205 ], [ -54.811449, -22.267004 ], [ -54.811265, -22.266293 ], [ -54.810531, -22.266409 ], [ -54.806604, -22.263007 ], [ -54.801562, -22.263846 ], [ -54.80142, -22.263698 ], [ -54.801274, -22.263515 ], [ -54.801139, -22.263307 ], [ -54.801003, -22.263094 ], [ -54.800885, -22.262866 ], [ -54.800768, -22.26255 ], [ -54.800668, -22.262249 ], [ -54.800591, -22.262003 ], [ -54.800513, -22.261703 ], [ -54.800484, -22.26145 ], [ -54.800455, -22.261141 ], [ -54.800449, -22.260806 ], [ -54.800459, -22.260522 ], [ -54.800485, -22.260296 ], [ -54.800537, -22.260043 ], [ -54.802329, -22.259774 ], [ -54.802277, -22.260167 ], [ -54.803779, -22.260205 ], [ -54.803771, -22.259692 ], [ -54.809258, -22.258744 ], [ -54.810963, -22.258781 ] ] ] } },
{ "type": "Feature", "properties": { "id": 201, "nome": "JARDIM DAS ORQUÍDEAS", "registro": "66083", "data_aprovacao": null }, "geometry": { "type": "Polygon", "coordinates": [ [ [ -54.790011, -22.216096 ], [ -54.789952, -22.216544 ], [ -54.789516, -22.216495 ], [ -54.789575, -22.216047 ], [ -54.790011, -22.216096 ] ] ] } },
{ "type": "Feature", "properties": { "id": 196, "nome": "VILA NOSSA SENHORA APARECIDA", "registro": "64655", "data_aprovacao": null }, "geometry": { "type": "Polygon", "coordinates": [ [ [ -54.825777, -22.242959 ], [ -54.827391, -22.243131 ], [ -54.827181, -22.244986 ], [ -54.826658, -22.244929 ], [ -54.826052, -22.24486 ], [ -54.826224, -22.243428 ], [ -54.825732, -22.243369 ], [ -54.825777, -22.242959 ] ] ] } },
{ "type": "Feature", "properties": { "id": 203, "nome": "VILA ADELINA I", "registro": "58356", "data_aprovacao": "23/10/1990" }, "geometry": { "type": "Polygon", "coordinates": [ [ [ -54.813018, -22.23867 ], [ -54.813332, -22.241198 ], [ -54.81291, -22.244561 ], [ -54.811032, -22.245005 ], [ -54.809321, -22.244793 ], [ -54.810083, -22.239115 ], [ -54.81019, -22.238345 ], [ -54.813018, -22.23867 ] ] ] } },
{ "type": "Feature", "properties": { "id": 207, "nome": "PORAVI", "registro": "65244", "data_aprovacao": "17/10/2002" }, "geometry": { "type": "Polygon", "coordinates": [ [ [ -54.776407, -22.261525 ], [ -54.777755, -22.261683 ], [ -54.777537, -22.263144 ], [ -54.776192, -22.262974 ], [ -54.776407, -22.261525 ] ] ] } },
{ "type": "Feature", "properties": { "id": 208, "nome": "CONJ. RES. MARACANÃ", "registro": "53884/53885/53886/53887/53888/53889", "data_aprovacao": "01/02/1988" }, "geometry": { "type": "Polygon", "coordinates": [ [ [ -54.767714, -22.216446 ], [ -54.767572, -22.217524 ], [ -54.768727, -22.217651 ], [ -54.768585, -22.218734 ], [ -54.769613, -22.218845 ], [ -54.769707, -22.219134 ], [ -54.769618, -22.219758 ], [ -54.766245, -22.219376 ], [ -54.766635, -22.216328 ], [ -54.767714, -22.216446 ] ] ] } },
{ "type": "Feature", "properties": { "id": 209, "nome": "CONJ. RES. MORUMBI", "registro": "53890/53891/53892", "data_aprovacao": null }, "geometry": { "type": "Polygon", "coordinates": [ [ [ -54.766635, -22.216328 ], [ -54.766245, -22.219376 ], [ -54.765197, -22.219261 ], [ -54.765589, -22.216208 ], [ -54.766635, -22.216328 ] ] ] } },
{ "type": "Feature", "properties": { "id": 211, "nome": "CHÁCARA 11", "registro": "GEO", "data_aprovacao": null }, "geometry": { "type": "Polygon", "coordinates": [ [ [ -54.827618, -22.216227 ], [ -54.830932, -22.216621 ], [ -54.830884, -22.217807 ], [ -54.827459, -22.217401 ], [ -54.827618, -22.216227 ] ] ] } },
{ "type": "Feature", "properties": { "id": 213, "nome": "JARDIM SANTA MARIA", "registro": "32428", "data_aprovacao": "15/05/1980" }, "geometry": { "type": "Polygon", "coordinates": [ [ [ -54.76292, -22.216816 ], [ -54.762131, -22.218973 ], [ -54.761743, -22.220031 ], [ -54.761727, -22.220076 ], [ -54.761517, -22.220651 ], [ -54.761507, -22.22072 ], [ -54.756612, -22.221038 ], [ -54.756747, -22.219656 ], [ -54.75646, -22.219621 ], [ -54.756575, -22.218732 ], [ -54.756887, -22.218583 ], [ -54.757025, -22.217524 ], [ -54.757625, -22.217576 ], [ -54.757724, -22.216701 ], [ -54.76292, -22.216816 ] ] ] } },
{ "type": "Feature", "properties": { "id": 214, "nome": "CHÁCARA LXV", "registro": "GEO", "data_aprovacao": null }, "geometry": { "type": "Polygon", "coordinates": [ [ [ -54.781179, -22.235485 ], [ -54.781038, -22.236933 ], [ -54.780998, -22.23693 ], [ -54.78098, -22.237086 ], [ -54.779303, -22.236889 ], [ -54.779317, -22.236737 ], [ -54.779401, -22.235337 ], [ -54.781179, -22.235485 ] ] ] } },
{ "type": "Feature", "properties": { "id": 215, "nome": "JARDIM INGLATERRA", "registro": "91862", "data_aprovacao": "16/02/2012" }, "geometry": { "type": "Polygon", "coordinates": [ [ [ -54.772277, -22.228151 ], [ -54.774389, -22.228392 ], [ -54.774158, -22.230358 ], [ -54.773196, -22.230251 ], [ -54.773161, -22.23052 ], [ -54.772968, -22.230498 ], [ -54.773003, -22.230229 ], [ -54.77213, -22.230132 ], [ -54.772133, -22.229369 ], [ -54.772277, -22.228151 ] ] ] } },
{ "type": "Feature", "properties": { "id": 216, "nome": "CONJ. HAB. YVATÊ", "registro": "69480", "data_aprovacao": "18/09/2007" }, "geometry": { "type": "Polygon", "coordinates": [ [ [ -54.84745, -22.235768 ], [ -54.846397, -22.236676 ], [ -54.844948, -22.235218 ], [ -54.846001, -22.234311 ], [ -54.84745, -22.235768 ] ] ] } },
{ "type": "Feature", "properties": { "id": 217, "nome": "CHÁCARA CASTELO II", "registro": "18380", "data_aprovacao": null }, "geometry": { "type": "Polygon", "coordinates": [ [ [ -54.736522, -22.222331 ], [ -54.73244, -22.222599 ], [ -54.731831, -22.222493 ], [ -54.733407, -22.216482 ], [ -54.735248, -22.216867 ], [ -54.736522, -22.222331 ] ] ] } },
{ "type": "Feature", "properties": { "id": 218, "nome": "CHÁCARA CASTELO I", "registro": "56555", "data_aprovacao": "01/04/2015" }, "geometry": { "type": "Polygon", "coordinates": [ [ [ -54.731123, -22.213202 ], [ -54.732814, -22.214442 ], [ -54.731742, -22.216113 ], [ -54.728969, -22.220451 ], [ -54.728436, -22.220146 ], [ -54.728212, -22.220497 ], [ -54.727798, -22.220261 ], [ -54.727301, -22.221034 ], [ -54.726559, -22.220611 ], [ -54.725477, -22.219803 ], [ -54.731123, -22.213202 ] ] ] } },
{ "type": "Feature", "properties": { "id": 219, "nome": "VILA ROMANA", "registro": "5312", "data_aprovacao": "27/08/2008" }, "geometry": { "type": "Polygon", "coordinates": [ [ [ -54.805572, -22.203893 ], [ -54.80483, -22.206192 ], [ -54.80394, -22.20615 ], [ -54.804606, -22.203585 ], [ -54.805572, -22.203893 ] ] ] } },
{ "type": "Feature", "properties": { "id": 220, "nome": "VILA TOSCANA", "registro": "82936", "data_aprovacao": "12/05/2010" }, "geometry": { "type": "Polygon", "coordinates": [ [ [ -54.84778, -22.242656 ], [ -54.846322, -22.243875 ], [ -54.84609, -22.243643 ], [ -54.845796, -22.243345 ], [ -54.845595, -22.243516 ], [ -54.844655, -22.244326 ], [ -54.844528, -22.244206 ], [ -54.843606, -22.243279 ], [ -54.84263, -22.244104 ], [ -54.842498, -22.244217 ], [ -54.841673, -22.244928 ], [ -54.841524, -22.245058 ], [ -54.841391, -22.244925 ], [ -54.840403, -22.243931 ], [ -54.839414, -22.242937 ], [ -54.839283, -22.242805 ], [ -54.842501, -22.240031 ], [ -54.842249, -22.239777 ], [ -54.842317, -22.239718 ], [ -54.844132, -22.239857 ], [ -54.843308, -22.240564 ], [ -54.844306, -22.2416 ], [ -54.845434, -22.240579 ], [ -54.844981, -22.24012 ], [ -54.845314, -22.240156 ], [ -54.847606, -22.24248 ], [ -54.84778, -22.242656 ] ] ] } },
{ "type": "Feature", "properties": { "id": 221, "nome": "PARQUE RINCÃO 2", "registro": "83003", "data_aprovacao": "16/03/2010" }, "geometry": { "type": "Polygon", "coordinates": [ [ [ -54.728296, -22.247639 ], [ -54.729028, -22.244283 ], [ -54.731241, -22.244701 ], [ -54.730552, -22.247862 ], [ -54.730274, -22.248013 ], [ -54.728296, -22.247639 ] ] ] } },
{ "type": "Feature", "properties": { "id": 222, "nome": "JOÃO CARNEIRO ALVES I", "registro": "97028", "data_aprovacao": "17/12/2013" }, "geometry": { "type": "Polygon", "coordinates": [ [ [ -54.75856, -22.250424 ], [ -54.762329, -22.250407 ], [ -54.76204, -22.258992 ], [ -54.758215, -22.260156 ], [ -54.75856, -22.250424 ] ] ] } },
{ "type": "Feature", "properties": { "id": 223, "nome": "VILA VIEIRA", "registro": "36440", "data_aprovacao": null }, "geometry": { "type": "Polygon", "coordinates": [ [ [ -54.779474, -22.235343 ], [ -54.777965, -22.235218 ], [ -54.778091, -22.23407 ], [ -54.778376, -22.234098 ], [ -54.778502, -22.23298 ], [ -54.779746, -22.233063 ], [ -54.779474, -22.235343 ] ] ] } },
{ "type": "Feature", "properties": { "id": 227, "nome": "CHÁCARAS IPÊ", "registro": "39373", "data_aprovacao": null }, "geometry": { "type": "Polygon", "coordinates": [ [ [ -54.813449, -22.274043 ], [ -54.80976, -22.268865 ], [ -54.810219, -22.268766 ], [ -54.810907, -22.269023 ], [ -54.811267, -22.268876 ], [ -54.811399, -22.268459 ], [ -54.81203, -22.268551 ], [ -54.812216, -22.268314 ], [ -54.81624, -22.271799 ], [ -54.813449, -22.274043 ] ] ] } },
{ "type": "Feature", "properties": { "id": 232, "nome": "JARDIM DUBAI I", "registro": "79304", "data_aprovacao": "17/11/2014" }, "geometry": { "type": "Polygon", "coordinates": [ [ [ -54.768522, -22.2572 ], [ -54.768005, -22.259113 ], [ -54.767423, -22.261217 ], [ -54.767034, -22.261207 ], [ -54.766461, -22.257797 ], [ -54.768522, -22.2572 ] ] ] } },
{ "type": "Feature", "properties": { "id": 233, "nome": "JARDIM IBIRAPUERA", "registro": "101502", "data_aprovacao": "16/12/2014" }, "geometry": { "type": "Polygon", "coordinates": [ [ [ -54.776262, -22.254793 ], [ -54.779748, -22.260204 ], [ -54.774355, -22.259528 ], [ -54.774581, -22.257914 ], [ -54.769506, -22.257278 ], [ -54.76963, -22.256705 ], [ -54.776262, -22.254793 ] ], [ [ -54.778449, -22.258558 ], [ -54.777603, -22.258451 ], [ -54.777473, -22.259346 ], [ -54.778897, -22.259525 ], [ -54.778929, -22.259304 ], [ -54.778449, -22.258558 ] ] ] } },
{ "type": "Feature", "properties": { "id": 238, "nome": "VILA HILDA", "registro": "19914 TRANSCRIÇÃO", "data_aprovacao": "06/08/1963" }, "geometry": { "type": "Polygon", "coordinates": [ [ [ -54.817208, -22.243387 ], [ -54.816028, -22.243644 ], [ -54.814858, -22.238633 ], [ -54.816018, -22.238393 ], [ -54.816235, -22.239357 ], [ -54.817183, -22.24326 ], [ -54.817208, -22.243387 ] ] ] } },
{ "type": "Feature", "properties": { "id": 240, "nome": "CHÁCARAS CIDÉLIS", "registro": "61928", "data_aprovacao": "08/08/2005" }, "geometry": { "type": "Polygon", "coordinates": [ [ [ -54.781897, -22.260224 ], [ -54.792122, -22.259243 ], [ -54.792611, -22.259247 ], [ -54.792978, -22.260922 ], [ -54.781588, -22.262277 ], [ -54.781897, -22.260224 ] ] ] } },
{ "type": "Feature", "properties": { "id": 241, "nome": "VILA SÃO JOÃO", "registro": "48104 TRANSCRIÇÃO", "data_aprovacao": "25/10/1966" }, "geometry": { "type": "Polygon", "coordinates": [ [ [ -54.815386, -22.202212 ], [ -54.815027, -22.205263 ], [ -54.814833, -22.205245 ], [ -54.815193, -22.202194 ], [ -54.815386, -22.202212 ] ] ] } },
{ "type": "Feature", "properties": { "id": 242, "nome": "TERRA DOURADA V", "registro": "120718", "data_aprovacao": "2016" }, "geometry": { "type": "Polygon", "coordinates": [ [ [ -54.75227, -22.228932 ], [ -54.750887, -22.228377 ], [ -54.750939, -22.228099 ], [ -54.751114, -22.227855 ], [ -54.751195, -22.227691 ], [ -54.751719, -22.224368 ], [ -54.751774, -22.224023 ], [ -54.752136, -22.22173 ], [ -54.752508, -22.221725 ], [ -54.752753, -22.221728 ], [ -54.752998, -22.221738 ], [ -54.753242, -22.221751 ], [ -54.753485, -22.221769 ], [ -54.753785, -22.221794 ], [ -54.753984, -22.221771 ], [ -54.75227, -22.228932 ] ] ] } },
{ "type": "Feature", "properties": { "id": 243, "nome": "ALTO DA BOA VISTA II", "registro": "1880 (2 CIRC.)", "data_aprovacao": "19/12/2023" }, "geometry": { "type": "Polygon", "coordinates": [ [ [ -54.816597, -22.200195 ], [ -54.81667, -22.199826 ], [ -54.817679, -22.199944 ], [ -54.817596, -22.200313 ], [ -54.816597, -22.200195 ] ] ] } },
{ "type": "Feature", "properties": { "id": 244, "nome": "CHÁCARA 07", "registro": "GEO", "data_aprovacao": null }, "geometry": { "type": "Polygon", "coordinates": [ [ [ -54.830775, -22.221075 ], [ -54.830772, -22.22273 ], [ -54.826965, -22.22232 ], [ -54.826991, -22.222112 ], [ -54.829475, -22.222358 ], [ -54.829602, -22.220941 ], [ -54.830775, -22.221075 ] ] ] } },
{ "type": "Feature", "properties": { "id": 245, "nome": "CHÁCARA 04 - VILA RASSELEN", "registro": "GEO", "data_aprovacao": null }, "geometry": { "type": "Polygon", "coordinates": [ [ [ -54.830772, -22.22273 ], [ -54.830708, -22.224238 ], [ -54.830447, -22.22438 ], [ -54.830369, -22.224372 ], [ -54.829071, -22.224899 ], [ -54.828553, -22.223937 ], [ -54.828129, -22.222445 ], [ -54.830772, -22.22273 ] ] ] } },
{ "type": "Feature", "properties": { "id": 246, "nome": "RESIDENCIAL YPACARAY", "registro": "16558", "data_aprovacao": "29/04/1982" }, "geometry": { "type": "Polygon", "coordinates": [ [ [ -54.831014, -22.213911 ], [ -54.830973, -22.215222 ], [ -54.83066, -22.215421 ], [ -54.82774, -22.215118 ], [ -54.827939, -22.21351 ], [ -54.831014, -22.213911 ] ] ] } },
{ "type": "Feature", "properties": { "id": 247, "nome": "JARDIM ITAIPU", "registro": "54115 TRANSCRIÇÃO", "data_aprovacao": "08/03/1976" }, "geometry": { "type": "Polygon", "coordinates": [ [ [ -54.826009, -22.216183 ], [ -54.825628, -22.219659 ], [ -54.82523, -22.219402 ], [ -54.82429, -22.218791 ], [ -54.824284, -22.218833 ], [ -54.82397, -22.2188 ], [ -54.823993, -22.218599 ], [ -54.822805, -22.217826 ], [ -54.823083, -22.21555 ], [ -54.823394, -22.215584 ], [ -54.823352, -22.215907 ], [ -54.826009, -22.216183 ] ] ] } },
{ "type": "Feature", "properties": { "id": 248, "nome": "PT. CHÁCARA LXXIV", "registro": "GEO", "data_aprovacao": null }, "geometry": { "type": "Polygon", "coordinates": [ [ [ -54.774128, -22.230627 ], [ -54.773161, -22.23052 ], [ -54.773196, -22.230251 ], [ -54.774158, -22.230358 ], [ -54.774128, -22.230627 ] ], [ [ -54.772128, -22.230405 ], [ -54.772968, -22.230498 ], [ -54.773003, -22.230229 ], [ -54.77213, -22.230132 ], [ -54.772128, -22.230405 ] ] ] } },
{ "type": "Feature", "properties": { "id": 249, "nome": "ECOVILLE DOURADOS", "registro": "81297", "data_aprovacao": "13/11/2008" }, "geometry": { "type": "Polygon", "coordinates": [ [ [ -54.82511, -22.206194 ], [ -54.824977, -22.206277 ], [ -54.824822, -22.206371 ], [ -54.824596, -22.206508 ], [ -54.824465, -22.206638 ], [ -54.824314, -22.206842 ], [ -54.824216, -22.207047 ], [ -54.824073, -22.207243 ], [ -54.823946, -22.207402 ], [ -54.823707, -22.207649 ], [ -54.823322, -22.207934 ], [ -54.822811, -22.208231 ], [ -54.822584, -22.208357 ], [ -54.822294, -22.208469 ], [ -54.821901, -22.208563 ], [ -54.821687, -22.208594 ], [ -54.82146, -22.208606 ], [ -54.820876, -22.208567 ], [ -54.820888, -22.208076 ], [ -54.820442, -22.207913 ], [ -54.820416, -22.208556 ], [ -54.81882, -22.208413 ], [ -54.820347, -22.201902 ], [ -54.820855, -22.199738 ], [ -54.821243, -22.199332 ], [ -54.821655, -22.199126 ], [ -54.82511, -22.206194 ] ] ] } },
{ "type": "Feature", "properties": { "id": 250, "nome": "JARDIM PILAU", "registro": "GEO", "data_aprovacao": null }, "geometry": { "type": "Polygon", "coordinates": [ [ [ -54.820189, -22.214456 ], [ -54.820775, -22.216472 ], [ -54.818347, -22.216627 ], [ -54.818523, -22.215188 ], [ -54.820189, -22.214456 ] ] ] } },
{ "type": "Feature", "properties": { "id": 251, "nome": "VILA APUENA", "registro": "GEO", "data_aprovacao": "28/01/1980" }, "geometry": { "type": "Polygon", "coordinates": [ [ [ -54.820394, -22.218976 ], [ -54.822801, -22.220157 ], [ -54.822048, -22.221117 ], [ -54.820592, -22.220209 ], [ -54.819957, -22.221275 ], [ -54.819221, -22.220705 ], [ -54.820394, -22.218976 ] ] ] } },
{ "type": "Feature", "properties": { "id": 252, "nome": "CHÁCARA 48", "registro": "GEO", "data_aprovacao": null }, "geometry": { "type": "Polygon", "coordinates": [ [ [ -54.814814, -22.227084 ], [ -54.813127, -22.226692 ], [ -54.813525, -22.223465 ], [ -54.814551, -22.222897 ], [ -54.814717, -22.222899 ], [ -54.814814, -22.227084 ] ] ] } },
{ "type": "Feature", "properties": { "id": 253, "nome": "CHÁCARA 39", "registro": "GEO", "data_aprovacao": null }, "geometry": { "type": "Polygon", "coordinates": [ [ [ -54.816672, -22.221946 ], [ -54.816555, -22.222747 ], [ -54.816405, -22.222757 ], [ -54.814712, -22.222711 ], [ -54.814717, -22.222899 ], [ -54.814551, -22.222897 ], [ -54.814497, -22.221568 ], [ -54.814728, -22.221585 ], [ -54.814709, -22.221433 ], [ -54.816672, -22.221946 ] ] ] } },
{ "type": "Feature", "properties": { "id": 254, "nome": "JARDIM SANTO ANTÔNIO", "registro": "13615", "data_aprovacao": "16/10/2000" }, "geometry": { "type": "Polygon", "coordinates": [ [ [ -54.813471, -22.232806 ], [ -54.812735, -22.235929 ], [ -54.811971, -22.235845 ], [ -54.811866, -22.235366 ], [ -54.811684, -22.235393 ], [ -54.811205, -22.23482 ], [ -54.811155, -22.234414 ], [ -54.811105, -22.234003 ], [ -54.811032, -22.232528 ], [ -54.813471, -22.232806 ] ] ] } },
{ "type": "Feature", "properties": { "id": 256, "nome": "CHÁCARA 52", "registro": "GEO", "data_aprovacao": null }, "geometry": { "type": "Polygon", "coordinates": [ [ [ -54.812715, -22.216435 ], [ -54.813223, -22.219233 ], [ -54.811839, -22.219093 ], [ -54.811604, -22.218613 ], [ -54.811674, -22.217995 ], [ -54.811268, -22.217954 ], [ -54.811377, -22.217071 ], [ -54.812715, -22.216435 ] ] ] } },
{ "type": "Feature", "properties": { "id": 257, "nome": "CHÁCARA 67", "registro": "6766", "data_aprovacao": null }, "geometry": { "type": "Polygon", "coordinates": [ [ [ -54.808724, -22.215376 ], [ -54.809068, -22.216514 ], [ -54.809377, -22.217129 ], [ -54.807198, -22.218848 ], [ -54.806485, -22.218364 ], [ -54.806009, -22.217883 ], [ -54.808724, -22.215376 ] ] ] } },
{ "type": "Feature", "properties": { "id": 258, "nome": "CONJ. RES. ERCÍLIA DE OLIVEIRA POMPEU", "registro": "79587", "data_aprovacao": null }, "geometry": { "type": "Polygon", "coordinates": [ [ [ -54.855246, -22.218765 ], [ -54.856374, -22.219857 ], [ -54.854394, -22.222992 ], [ -54.853042, -22.222246 ], [ -54.855246, -22.218765 ] ] ] } },
{ "type": "Feature", "properties": { "id": 259, "nome": "JARDIM ALINE", "registro": "14766", "data_aprovacao": "05/07/2002" }, "geometry": { "type": "Polygon", "coordinates": [ [ [ -54.799188, -22.212579 ], [ -54.800828, -22.21305 ], [ -54.800622, -22.214794 ], [ -54.800414, -22.214694 ], [ -54.799315, -22.216209 ], [ -54.797749, -22.215304 ], [ -54.799188, -22.212579 ] ] ] } },
{ "type": "Feature", "properties": { "id": 261, "nome": "HARRISON FIGUEIREDO I", "registro": "84996", "data_aprovacao": "07/06/2010" }, "geometry": { "type": "Polygon", "coordinates": [ [ [ -54.785215, -22.265168 ], [ -54.781226, -22.265633 ], [ -54.781758, -22.262257 ], [ -54.785949, -22.261758 ], [ -54.786099, -22.262861 ], [ -54.785778, -22.2629 ], [ -54.785803, -22.263079 ], [ -54.784937, -22.263182 ], [ -54.785215, -22.265168 ] ] ] } },
{ "type": "Feature", "properties": { "id": 262, "nome": "RESIDENCIAL MARTIM CRISTALDO", "registro": "75986", "data_aprovacao": "20/02/2009" }, "geometry": { "type": "Polygon", "coordinates": [ [ [ -54.842653, -22.228708 ], [ -54.843545, -22.229608 ], [ -54.842524, -22.230173 ], [ -54.840577, -22.231506 ], [ -54.84036, -22.232247 ], [ -54.839773, -22.233128 ], [ -54.838726, -22.23207 ], [ -54.842653, -22.228708 ] ] ] } },
{ "type": "Feature", "properties": { "id": 263, "nome": "DIOCLÉCIO ARTUZI II", "registro": "82790", "data_aprovacao": "10/11/2011" }, "geometry": { "type": "Polygon", "coordinates": [ [ [ -54.788842, -22.264861 ], [ -54.78838, -22.268771 ], [ -54.785618, -22.269101 ], [ -54.784176, -22.265367 ], [ -54.788842, -22.264861 ] ] ] } },
{ "type": "Feature", "properties": { "id": 266, "nome": "CHÁCARA 131", "registro": "GEO", "data_aprovacao": null }, "geometry": { "type": "Polygon", "coordinates": [ [ [ -54.775314, -22.221625 ], [ -54.776471, -22.221753 ], [ -54.776352, -22.222779 ], [ -54.7753, -22.222668 ], [ -54.775163, -22.223759 ], [ -54.772709, -22.223489 ], [ -54.772996, -22.221405 ], [ -54.775314, -22.221625 ] ] ] } },
{ "type": "Feature", "properties": { "id": 267, "nome": "JARDIM GUANABARA", "registro": "GEO", "data_aprovacao": "20/11/1951" }, "geometry": { "type": "Polygon", "coordinates": [ [ [ -54.772996, -22.221405 ], [ -54.773145, -22.220302 ], [ -54.772043, -22.220174 ], [ -54.772674, -22.215004 ], [ -54.773725, -22.214988 ], [ -54.775594, -22.215088 ], [ -54.776039, -22.215062 ], [ -54.775314, -22.221625 ], [ -54.772996, -22.221405 ] ] ] } },
{ "type": "Feature", "properties": { "id": 268, "nome": "JARDIM PARATI", "registro": "70940", "data_aprovacao": "28/06/2006" }, "geometry": { "type": "Polygon", "coordinates": [ [ [ -54.776384, -22.20325 ], [ -54.778272, -22.204082 ], [ -54.77756, -22.207905 ], [ -54.777109, -22.207829 ], [ -54.777532, -22.204301 ], [ -54.777102, -22.204256 ], [ -54.775811, -22.205274 ], [ -54.776384, -22.20325 ] ] ] } },
{ "type": "Feature", "properties": { "id": 269, "nome": "PARQUE RINCÃO 1", "registro": "83002", "data_aprovacao": "16/03/2010" }, "geometry": { "type": "Polygon", "coordinates": [ [ [ -54.731241, -22.244701 ], [ -54.729028, -22.244283 ], [ -54.730367, -22.238143 ], [ -54.732579, -22.238561 ], [ -54.731241, -22.244701 ] ] ] } },
{ "type": "Feature", "properties": { "id": 273, "nome": "RESIDENCIAL OLIVEIRA II", "registro": "68701", "data_aprovacao": "06/09/2004" }, "geometry": { "type": "Polygon", "coordinates": [ [ [ -54.779317, -22.236737 ], [ -54.779303, -22.236889 ], [ -54.779999, -22.236972 ], [ -54.780192, -22.236995 ], [ -54.78098, -22.237086 ], [ -54.780998, -22.23693 ], [ -54.784208, -22.237227 ], [ -54.784286, -22.237727 ], [ -54.777751, -22.23908 ], [ -54.776518, -22.23665 ], [ -54.776541, -22.236442 ], [ -54.779317, -22.236737 ] ] ] } },
{ "type": "Feature", "properties": { "id": 274, "nome": "CHÁCARA LXXIX", "registro": "GEO", "data_aprovacao": null }, "geometry": { "type": "Polygon", "coordinates": [ [ [ -54.774849, -22.224055 ], [ -54.773081, -22.225461 ], [ -54.771637, -22.224335 ], [ -54.772113, -22.223755 ], [ -54.774849, -22.224055 ] ] ] } },
{ "type": "Feature", "properties": { "id": 275, "nome": "PARQUE INDUSTRIAL LONDRINA", "registro": "85480", "data_aprovacao": "20/07/2010" }, "geometry": { "type": "Polygon", "coordinates": [ [ [ -54.712057, -22.209551 ], [ -54.710299, -22.208189 ], [ -54.714207, -22.206157 ], [ -54.715799, -22.207412 ], [ -54.713043, -22.20919 ], [ -54.71285, -22.20904 ], [ -54.712057, -22.209551 ] ] ] } },
{ "type": "Feature", "properties": { "id": 276, "nome": "FLOR DE MAIO", "registro": "88374", "data_aprovacao": "27/09/2013" }, "geometry": { "type": "Polygon", "coordinates": [ [ [ -54.770303, -22.235595 ], [ -54.770511, -22.234514 ], [ -54.770601, -22.234486 ], [ -54.77206, -22.233999 ], [ -54.772765, -22.233761 ], [ -54.772842, -22.234645 ], [ -54.772993, -22.234612 ], [ -54.772734, -22.237263 ], [ -54.771684, -22.237157 ], [ -54.771229, -22.237621 ], [ -54.771058, -22.239068 ], [ -54.76994, -22.238954 ], [ -54.769466, -22.239601 ], [ -54.76886, -22.240124 ], [ -54.768319, -22.239713 ], [ -54.767672, -22.239313 ], [ -54.767009, -22.238936 ], [ -54.770128, -22.237428 ], [ -54.770196, -22.236497 ], [ -54.770303, -22.235595 ] ] ] } },
{ "type": "Feature", "properties": { "id": 277, "nome": "JOÃO CARNEIRO ALVES II", "registro": "91861", "data_aprovacao": "18/12/2013" }, "geometry": { "type": "Polygon", "coordinates": [ [ [ -54.758408, -22.254719 ], [ -54.758215, -22.260156 ], [ -54.753006, -22.261694 ], [ -54.753078, -22.259214 ], [ -54.754461, -22.253255 ], [ -54.758408, -22.254719 ] ] ] } },
{ "type": "Feature", "properties": { "id": 278, "nome": "JARDIM CARISMA", "registro": "64171", "data_aprovacao": "16/07/1996" }, "geometry": { "type": "Polygon", "coordinates": [ [ [ -54.772063, -22.208535 ], [ -54.772204, -22.20764 ], [ -54.771199, -22.207494 ], [ -54.771306, -22.206853 ], [ -54.770395, -22.206698 ], [ -54.770528, -22.204121 ], [ -54.772805, -22.203701 ], [ -54.773525, -22.207227 ], [ -54.774313, -22.207359 ], [ -54.774084, -22.208811 ], [ -54.772063, -22.208535 ] ] ] } },
{ "type": "Feature", "properties": { "id": 280, "nome": "JARDIM ITAMARACÁ", "registro": "123411", "data_aprovacao": "03/10/2017" }, "geometry": { "type": "Polygon", "coordinates": [ [ [ -54.75297, -22.215452 ], [ -54.749063, -22.221569 ], [ -54.748887, -22.221582 ], [ -54.749682, -22.220337 ], [ -54.748745, -22.219935 ], [ -54.75254, -22.214953 ], [ -54.752501, -22.215098 ], [ -54.752548, -22.215249 ], [ -54.75297, -22.215452 ] ] ] } },
{ "type": "Feature", "properties": { "id": 281, "nome": "GREEN PARK RESIDENCE", "registro": "97016", "data_aprovacao": "16/09/2013" }, "geometry": { "type": "Polygon", "coordinates": [ [ [ -54.817292, -22.271896 ], [ -54.820595, -22.268594 ], [ -54.821292, -22.268794 ], [ -54.823242, -22.267729 ], [ -54.825373, -22.272437 ], [ -54.820562, -22.274755 ], [ -54.817292, -22.271896 ] ] ] } },
{ "type": "Feature", "properties": { "id": 283, "nome": "RESIDENCIAL BONANZA", "registro": "84478", "data_aprovacao": "22/02/2014" }, "geometry": { "type": "Polygon", "coordinates": [ [ [ -54.839679, -22.268378 ], [ -54.839716, -22.268958 ], [ -54.829663, -22.272971 ], [ -54.829517, -22.273027 ], [ -54.829182, -22.273163 ], [ -54.826347, -22.274295 ], [ -54.826199, -22.274351 ], [ -54.825373, -22.272437 ], [ -54.823242, -22.267729 ], [ -54.839679, -22.268378 ] ] ] } },
{ "type": "Feature", "properties": { "id": 284, "nome": "JARDIM DUBAI II", "registro": "69635", "data_aprovacao": "18/11/2014" }, "geometry": { "type": "Polygon", "coordinates": [ [ [ -54.76963, -22.256705 ], [ -54.769495, -22.257326 ], [ -54.769023, -22.259246 ], [ -54.768125, -22.259129 ], [ -54.768005, -22.259113 ], [ -54.768522, -22.2572 ], [ -54.76963, -22.256705 ] ] ] } },
{ "type": "Feature", "properties": { "id": 285, "nome": "JARDIM CRISTHAIS I", "registro": "87664", "data_aprovacao": "19/06/2012" }, "geometry": { "type": "Polygon", "coordinates": [ [ [ -54.850102, -22.213214 ], [ -54.856039, -22.209625 ], [ -54.857099, -22.211135 ], [ -54.858723, -22.210151 ], [ -54.859725, -22.211584 ], [ -54.859392, -22.211807 ], [ -54.855934, -22.213871 ], [ -54.855585, -22.213509 ], [ -54.852838, -22.215902 ], [ -54.850102, -22.213214 ] ] ] } },
{ "type": "Feature", "properties": { "id": 287, "nome": "JARDIM COLIBRI", "registro": "61931", "data_aprovacao": "20/07/1994" }, "geometry": { "type": "Polygon", "coordinates": [ [ [ -54.786732, -22.258564 ], [ -54.786375, -22.258381 ], [ -54.78246, -22.25643 ], [ -54.782982, -22.252782 ], [ -54.787137, -22.252369 ], [ -54.786995, -22.253541 ], [ -54.789486, -22.253817 ], [ -54.789333, -22.255015 ], [ -54.790297, -22.25492 ], [ -54.791733, -22.254775 ], [ -54.79244, -22.254704 ], [ -54.792416, -22.254914 ], [ -54.794301, -22.255124 ], [ -54.794088, -22.256783 ], [ -54.79385, -22.258641 ], [ -54.786732, -22.258564 ] ] ] } },
{ "type": "Feature", "properties": { "id": 288, "nome": "JARDIM GUAICURUS", "registro": "64188", "data_aprovacao": "04/09/1996" }, "geometry": { "type": "Polygon", "coordinates": [ [ [ -54.767635, -22.265073 ], [ -54.769495, -22.257326 ], [ -54.774574, -22.257962 ], [ -54.774355, -22.259528 ], [ -54.774348, -22.259577 ], [ -54.781268, -22.26045 ], [ -54.780399, -22.266428 ], [ -54.778784, -22.266253 ], [ -54.779152, -22.263517 ], [ -54.777513, -22.263309 ], [ -54.777537, -22.263144 ], [ -54.777755, -22.261683 ], [ -54.776407, -22.261525 ], [ -54.776192, -22.262974 ], [ -54.776166, -22.263137 ], [ -54.775315, -22.26303 ], [ -54.774884, -22.265842 ], [ -54.767635, -22.265073 ] ] ] } },
{ "type": "Feature", "properties": { "id": 289, "nome": "JARDIM VITÓRIA II", "registro": "71930", "data_aprovacao": "19/04/2005" }, "geometry": { "type": "Polygon", "coordinates": [ [ [ -54.775786, -22.205365 ], [ -54.774028, -22.204593 ], [ -54.773975, -22.203092 ], [ -54.77498, -22.202736 ], [ -54.77525, -22.202748 ], [ -54.775858, -22.203036 ], [ -54.776318, -22.203072 ], [ -54.776384, -22.20325 ], [ -54.776258, -22.203645 ], [ -54.776305, -22.203255 ], [ -54.77561, -22.203198 ], [ -54.775269, -22.204654 ], [ -54.775965, -22.204711 ], [ -54.775786, -22.205365 ] ] ] } },
{ "type": "Feature", "properties": { "id": 290, "nome": "PYTÃ", "registro": "70753", "data_aprovacao": "15/04/2003" }, "geometry": { "type": "Polygon", "coordinates": [ [ [ -54.767845, -22.213004 ], [ -54.77124, -22.213444 ], [ -54.771105, -22.214338 ], [ -54.772065, -22.214462 ], [ -54.772056, -22.214521 ], [ -54.77211, -22.215021 ], [ -54.769244, -22.21511 ], [ -54.769267, -22.214976 ], [ -54.769349, -22.214281 ], [ -54.768169, -22.214145 ], [ -54.767845, -22.213004 ] ] ] } },
{ "type": "Feature", "properties": { "id": 291, "nome": "RESIDENCIAL PELICANO", "registro": "46758 TRANSCRICAO", "data_aprovacao": null }, "geometry": { "type": "Polygon", "coordinates": [ [ [ -54.769349, -22.214281 ], [ -54.769267, -22.214976 ], [ -54.769244, -22.21511 ], [ -54.76845, -22.215133 ], [ -54.768169, -22.214145 ], [ -54.769349, -22.214281 ] ] ] } },
{ "type": "Feature", "properties": { "id": 292, "nome": "JARDIM SABIÁ", "registro": "61940", "data_aprovacao": "23/08/1999" }, "geometry": { "type": "Polygon", "coordinates": [ [ [ -54.790683, -22.252242 ], [ -54.79043, -22.253997 ], [ -54.789452, -22.254085 ], [ -54.789715, -22.252105 ], [ -54.790683, -22.252242 ] ] ] } },
{ "type": "Feature", "properties": { "id": 282, "nome": "ANTONIO GUILHERME", "registro": "95978", "data_aprovacao": "26/11/2013" }, "geometry": { "type": "Polygon", "coordinates": [ [ [ -54.836192, -22.267968 ], [ -54.836215, -22.26462 ], [ -54.839514, -22.264644 ], [ -54.839489, -22.268096 ], [ -54.836192, -22.267968 ] ] ] } },
{ "type": "Feature", "properties": { "id": 293, "nome": "PARQUE ANTENOR MARTINS", "registro": "GEO", "data_aprovacao": null }, "geometry": { "type": "Polygon", "coordinates": [ [ [ -54.833737, -22.22719 ], [ -54.833917, -22.227091 ], [ -54.83583, -22.22988 ], [ -54.83443, -22.231088 ], [ -54.834183, -22.23123 ], [ -54.83238, -22.232875 ], [ -54.832042, -22.233158 ], [ -54.831869, -22.233258 ], [ -54.831623, -22.233372 ], [ -54.831297, -22.233461 ], [ -54.831082, -22.233487 ], [ -54.830893, -22.233493 ], [ -54.830577, -22.233484 ], [ -54.83055, -22.23335 ], [ -54.830488, -22.232738 ], [ -54.830141, -22.231071 ], [ -54.830331, -22.228782 ], [ -54.832327, -22.227977 ], [ -54.833737, -22.22719 ] ] ] } },
{ "type": "Feature", "properties": { "id": 294, "nome": "RESIDENCIAL KAIRÓS I", "registro": "75028", "data_aprovacao": "01/02/2005" }, "geometry": { "type": "Polygon", "coordinates": [ [ [ -54.809511, -22.261084 ], [ -54.809222, -22.261053 ], [ -54.809336, -22.260148 ], [ -54.810795, -22.260171 ], [ -54.810671, -22.261181 ], [ -54.81036, -22.261169 ], [ -54.810337, -22.261348 ], [ -54.809682, -22.261277 ], [ -54.809693, -22.261188 ], [ -54.809501, -22.261167 ], [ -54.809511, -22.261084 ] ] ] } },
{ "type": "Feature", "properties": { "id": 295, "nome": "PARQUE NATURAL MUNICIPAL DO PARAGEM", "registro": "GEO", "data_aprovacao": null }, "geometry": { "type": "Polygon", "coordinates": [ [ [ -54.797227, -22.257131 ], [ -54.797219, -22.257131 ], [ -54.794088, -22.256783 ], [ -54.794301, -22.255124 ], [ -54.792416, -22.254914 ], [ -54.79244, -22.254704 ], [ -54.792755, -22.252619 ], [ -54.795321, -22.252912 ], [ -54.795246, -22.253449 ], [ -54.795096, -22.254459 ], [ -54.797974, -22.254159 ], [ -54.798743, -22.254084 ], [ -54.798884, -22.254068 ], [ -54.798866, -22.254102 ], [ -54.798811, -22.254146 ], [ -54.798706, -22.254202 ], [ -54.798699, -22.254212 ], [ -54.798659, -22.254252 ], [ -54.798641, -22.254283 ], [ -54.798637, -22.254296 ], [ -54.798631, -22.254387 ], [ -54.79864, -22.254457 ], [ -54.798654, -22.25454 ], [ -54.798647, -22.254619 ], [ -54.798638, -22.254667 ], [ -54.798621, -22.254705 ], [ -54.798603, -22.254738 ], [ -54.798591, -22.254749 ], [ -54.798551, -22.254772 ], [ -54.798518, -22.25477 ], [ -54.798486, -22.254758 ], [ -54.798437, -22.254728 ], [ -54.798395, -22.254714 ], [ -54.798337, -22.2547 ], [ -54.798271, -22.254707 ], [ -54.798225, -22.254726 ], [ -54.798178, -22.25476 ], [ -54.798141, -22.254801 ], [ -54.798107, -22.254853 ], [ -54.798075, -22.254923 ], [ -54.798051, -22.254987 ], [ -54.798037, -22.255044 ], [ -54.798026, -22.255094 ], [ -54.798035, -22.255186 ], [ -54.79806, -22.255335 ], [ -54.798076, -22.255494 ], [ -54.798087, -22.255603 ], [ -54.798083, -22.255678 ], [ -54.798065, -22.255754 ], [ -54.79805, -22.255835 ], [ -54.798063, -22.255912 ], [ -54.798095, -22.256001 ], [ -54.798141, -22.256112 ], [ -54.798153, -22.256138 ], [ -54.798161, -22.256168 ], [ -54.798163, -22.256183 ], [ -54.798164, -22.256225 ], [ -54.798152, -22.256269 ], [ -54.798138, -22.256312 ], [ -54.798113, -22.25635 ], [ -54.798089, -22.256375 ], [ -54.798054, -22.25641 ], [ -54.798023, -22.256432 ], [ -54.797997, -22.256449 ], [ -54.79791, -22.256492 ], [ -54.797876, -22.256506 ], [ -54.797842, -22.256518 ], [ -54.797812, -22.256525 ], [ -54.797673, -22.25656 ], [ -54.797561, -22.256601 ], [ -54.797507, -22.256645 ], [ -54.797393, -22.256775 ], [ -54.797333, -22.256828 ], [ -54.797271, -22.256897 ], [ -54.79725, -22.256949 ], [ -54.797234, -22.257029 ], [ -54.797227, -22.257131 ] ] ] } },
{ "type": "Feature", "properties": { "id": 296, "nome": "CHÁCARA 26", "registro": "GEO", "data_aprovacao": null }, "geometry": { "type": "Polygon", "coordinates": [ [ [ -54.817208, -22.243387 ], [ -54.817679, -22.245461 ], [ -54.814955, -22.246036 ], [ -54.814482, -22.244318 ], [ -54.815948, -22.244004 ], [ -54.815873, -22.243678 ], [ -54.817208, -22.243387 ] ] ] } },
{ "type": "Feature", "properties": { "id": 298, "nome": "POUSADA DOS PÁSSAROS", "registro": "77269", "data_aprovacao": "26/06/2006" }, "geometry": { "type": "Polygon", "coordinates": [ [ [ -54.823841, -22.19771 ], [ -54.821831, -22.198748 ], [ -54.821253, -22.192424 ], [ -54.822751, -22.191922 ], [ -54.823841, -22.19771 ] ] ] } },
{ "type": "Feature", "properties": { "id": 299, "nome": "CONJ. HAB. PORÃ II", "registro": "80180", "data_aprovacao": "14/09/2007" }, "geometry": { "type": "Polygon", "coordinates": [ [ [ -54.8382, -22.237846 ], [ -54.837063, -22.238842 ], [ -54.836766, -22.238544 ], [ -54.837619, -22.237794 ], [ -54.83752, -22.237695 ], [ -54.837801, -22.237454 ], [ -54.8382, -22.237846 ] ] ] } },
{ "type": "Feature", "properties": { "id": 300, "nome": "CONJ. HAB. PORÃ III", "registro": "80181", "data_aprovacao": "14/09/2007" }, "geometry": { "type": "Polygon", "coordinates": [ [ [ -54.838526, -22.23658 ], [ -54.838014, -22.237035 ], [ -54.837717, -22.236724 ], [ -54.838229, -22.236295 ], [ -54.838526, -22.23658 ] ] ] } },
{ "type": "Feature", "properties": { "id": 301, "nome": "RESIDENCIAL ITAJU I", "registro": "76185", "data_aprovacao": "20/04/2006" }, "geometry": { "type": "Polygon", "coordinates": [ [ [ -54.842502, -22.203039 ], [ -54.843182, -22.204506 ], [ -54.840989, -22.205828 ], [ -54.840319, -22.204368 ], [ -54.842502, -22.203039 ] ] ] } },
{ "type": "Feature", "properties": { "id": 302, "nome": "RESIDENCIAL ITAJU II", "registro": "76186", "data_aprovacao": "19/04/2006" }, "geometry": { "type": "Polygon", "coordinates": [ [ [ -54.840989, -22.205828 ], [ -54.839197, -22.206904 ], [ -54.838551, -22.205444 ], [ -54.840319, -22.204368 ], [ -54.840989, -22.205828 ] ] ] } },
{ "type": "Feature", "properties": { "id": 303, "nome": "PT. CHÁCARA 46", "registro": "GEO", "data_aprovacao": null }, "geometry": { "type": "Polygon", "coordinates": [ [ [ -54.813546, -22.211546 ], [ -54.815279, -22.211732 ], [ -54.815029, -22.213735 ], [ -54.81414, -22.213877 ], [ -54.813713, -22.21185 ], [ -54.813546, -22.211546 ] ] ] } },
{ "type": "Feature", "properties": { "id": 304, "nome": "JARDIM DAS PALMEIRAS", "registro": "100426", "data_aprovacao": "03/03/2015" }, "geometry": { "type": "Polygon", "coordinates": [ [ [ -54.825078, -22.206103 ], [ -54.821623, -22.199035 ], [ -54.821597, -22.198975 ], [ -54.822474, -22.198564 ], [ -54.823684, -22.20108 ], [ -54.824449, -22.200648 ], [ -54.825133, -22.202044 ], [ -54.825861, -22.201716 ], [ -54.826513, -22.202892 ], [ -54.828904, -22.207563 ], [ -54.82857, -22.207739 ], [ -54.828099, -22.207954 ], [ -54.827697, -22.208136 ], [ -54.827323, -22.208293 ], [ -54.827163, -22.208237 ], [ -54.827134, -22.20834 ], [ -54.826869, -22.208401 ], [ -54.82675, -22.20855 ], [ -54.826428, -22.208602 ], [ -54.826357, -22.208628 ], [ -54.826104, -22.208084 ], [ -54.825466, -22.206896 ], [ -54.825078, -22.206103 ] ] ] } },
{ "type": "Feature", "properties": { "id": 305, "nome": "RESIDENCIAL EUCALIPTO", "registro": "81585", "data_aprovacao": null }, "geometry": { "type": "Polygon", "coordinates": [ [ [ -54.748314, -22.224804 ], [ -54.749973, -22.225451 ], [ -54.749878, -22.226098 ], [ -54.748352, -22.225887 ], [ -54.748376, -22.225737 ], [ -54.748191, -22.225711 ], [ -54.748314, -22.224804 ] ] ] } },
{ "type": "Feature", "properties": { "id": 316, "nome": "RESIDENCIAL GREENVILLE", "registro": "121633", "data_aprovacao": "26/08/2016" }, "geometry": { "type": "Polygon", "coordinates": [ [ [ -54.779974, -22.273775 ], [ -54.780592, -22.269648 ], [ -54.785618, -22.269101 ], [ -54.78838, -22.268771 ], [ -54.799844, -22.267455 ], [ -54.801594, -22.271636 ], [ -54.792545, -22.272554 ], [ -54.779974, -22.273775 ] ] ] } },
{ "type": "Feature", "properties": { "id": 306, "nome": "VILA ROMA", "registro": "96047", "data_aprovacao": "29/12/2014" }, "geometry": { "type": "Polygon", "coordinates": [ [ [ -54.837982, -22.246316 ], [ -54.838109, -22.250952 ], [ -54.838031, -22.252214 ], [ -54.836751, -22.252243 ], [ -54.836639, -22.247892 ], [ -54.836522, -22.247895 ], [ -54.836519, -22.247786 ], [ -54.835123, -22.247817 ], [ -54.835088, -22.246464 ], [ -54.836596, -22.246316 ], [ -54.837982, -22.246316 ] ] ] } },
{ "type": "Feature", "properties": { "id": 307, "nome": "FLOR DE MAIO II", "registro": "97768", "data_aprovacao": "21/05/2015" }, "geometry": { "type": "Polygon", "coordinates": [ [ [ -54.770303, -22.235595 ], [ -54.770196, -22.236497 ], [ -54.76934, -22.236344 ], [ -54.769533, -22.235458 ], [ -54.770303, -22.235595 ] ] ] } },
{ "type": "Feature", "properties": { "id": 308, "nome": "JARDIM CRISTHAIS II", "registro": "113104", "data_aprovacao": "24/07/2015" }, "geometry": { "type": "Polygon", "coordinates": [ [ [ -54.859392, -22.211807 ], [ -54.860522, -22.213447 ], [ -54.863767, -22.21151 ], [ -54.86471, -22.213205 ], [ -54.858686, -22.216801 ], [ -54.858164, -22.216044 ], [ -54.855934, -22.213871 ], [ -54.859392, -22.211807 ] ] ] } },
{ "type": "Feature", "properties": { "id": 309, "nome": "ITAPITAN I", "registro": "105291", "data_aprovacao": "01/02/2016" }, "geometry": { "type": "Polygon", "coordinates": [ [ [ -54.822965, -22.192008 ], [ -54.82598, -22.190893 ], [ -54.826095, -22.191102 ], [ -54.826457, -22.192135 ], [ -54.823211, -22.19337 ], [ -54.823005, -22.192278 ], [ -54.822965, -22.192008 ] ] ] } },
{ "type": "Feature", "properties": { "id": 310, "nome": "JARDIM DUBAI III", "registro": "120203", "data_aprovacao": "12/04/2016" }, "geometry": { "type": "Polygon", "coordinates": [ [ [ -54.767034, -22.261207 ], [ -54.766907, -22.261205 ], [ -54.766392, -22.261194 ], [ -54.766228, -22.260326 ], [ -54.765821, -22.257982 ], [ -54.766328, -22.257835 ], [ -54.766461, -22.257797 ], [ -54.767034, -22.261207 ] ] ] } },
{ "type": "Feature", "properties": { "id": 311, "nome": "RESIDENCIAL DOURADOS I", "registro": "109660", "data_aprovacao": null }, "geometry": { "type": "Polygon", "coordinates": [ [ [ -54.829225, -22.260621 ], [ -54.829216, -22.262566 ], [ -54.828009, -22.262551 ], [ -54.828023, -22.260624 ], [ -54.829225, -22.260621 ] ] ] } },
{ "type": "Feature", "properties": { "id": 312, "nome": "RESIDENCIAL ITACOLOMI", "registro": "88493", "data_aprovacao": "21/03/2011" }, "geometry": { "type": "Polygon", "coordinates": [ [ [ -54.840989, -22.205828 ], [ -54.842084, -22.205168 ], [ -54.842722, -22.206592 ], [ -54.841632, -22.207248 ], [ -54.840989, -22.205828 ] ] ] } },
{ "type": "Feature", "properties": { "id": 313, "nome": "RESIDENCIAL ITAPIRI", "registro": "GEO", "data_aprovacao": "20/04/2006" }, "geometry": { "type": "Polygon", "coordinates": [ [ [ -54.81101, -22.261492 ], [ -54.814229, -22.261858 ], [ -54.812752, -22.263267 ], [ -54.811518, -22.262325 ], [ -54.811146, -22.261983 ], [ -54.811019, -22.261745 ], [ -54.81101, -22.261492 ] ] ] } },
{ "type": "Feature", "properties": { "id": 314, "nome": "ROYAL BARCELONA I", "registro": "121234", "data_aprovacao": "29/08/2016" }, "geometry": { "type": "Polygon", "coordinates": [ [ [ -54.793871, -22.204246 ], [ -54.793597, -22.204027 ], [ -54.794222, -22.202332 ], [ -54.795058, -22.201794 ], [ -54.796522, -22.201043 ], [ -54.797138, -22.200777 ], [ -54.796071, -22.203544 ], [ -54.795785, -22.204307 ], [ -54.795662, -22.204724 ], [ -54.794005, -22.204234 ], [ -54.793871, -22.204246 ] ] ] } },
{ "type": "Feature", "properties": { "id": 315, "nome": "RESIDENCIAL ITAVERÁ", "registro": "81433", "data_aprovacao": "23/10/2008" }, "geometry": { "type": "Polygon", "coordinates": [ [ [ -54.840087, -22.206369 ], [ -54.840761, -22.207568 ], [ -54.840829, -22.207731 ], [ -54.839828, -22.208333 ], [ -54.839197, -22.206904 ], [ -54.840087, -22.206369 ] ] ] } },
{ "type": "Feature", "properties": { "id": 318, "nome": "BRASIL 500", "registro": "96036", "data_aprovacao": "15/05/2015" }, "geometry": { "type": "Polygon", "coordinates": [ [ [ -54.812906, -22.244595 ], [ -54.813327, -22.244635 ], [ -54.813113, -22.246614 ], [ -54.813034, -22.247329 ], [ -54.812609, -22.24729 ], [ -54.812906, -22.244595 ] ] ] } },
{ "type": "Feature", "properties": { "id": 319, "nome": "GOLDEN PARK RESIDENCE", "registro": "81293", "data_aprovacao": "09/12/2008" }, "geometry": { "type": "Polygon", "coordinates": [ [ [ -54.819852, -22.26795 ], [ -54.820595, -22.268594 ], [ -54.817292, -22.271896 ], [ -54.813514, -22.268622 ], [ -54.814444, -22.267693 ], [ -54.819852, -22.26795 ] ] ] } },
{ "type": "Feature", "properties": { "id": 320, "nome": "RESIDENCIAL PARIZOTTO", "registro": "120591", "data_aprovacao": "14/10/2016" }, "geometry": { "type": "Polygon", "coordinates": [ [ [ -54.827864, -22.277801 ], [ -54.826287, -22.274314 ], [ -54.839664, -22.268995 ], [ -54.839673, -22.271801 ], [ -54.82879, -22.279849 ], [ -54.827864, -22.277801 ] ] ] } },
{ "type": "Feature", "properties": { "id": 321, "nome": "PT. CHÁCARA 108", "registro": "66935", "data_aprovacao": null }, "geometry": { "type": "Polygon", "coordinates": [ [ [ -54.785735, -22.215081 ], [ -54.785554, -22.216121 ], [ -54.784915, -22.215945 ], [ -54.785786, -22.218274 ], [ -54.785131, -22.2182 ], [ -54.785007, -22.217727 ], [ -54.784815, -22.217253 ], [ -54.784387, -22.216123 ], [ -54.784034, -22.21498 ], [ -54.783883, -22.214517 ], [ -54.784549, -22.214804 ], [ -54.785735, -22.215081 ] ] ] } },
{ "type": "Feature", "properties": { "id": 322, "nome": "JARDIM DO BOSQUE - CANAÃ IV", "registro": "62866", "data_aprovacao": "03/05/1995" }, "geometry": { "type": "Polygon", "coordinates": [ [ [ -54.750413, -22.240685 ], [ -54.750095, -22.242099 ], [ -54.749634, -22.242376 ], [ -54.747512, -22.241962 ], [ -54.747476, -22.242023 ], [ -54.744359, -22.241415 ], [ -54.745383, -22.238866 ], [ -54.748315, -22.239443 ], [ -54.748136, -22.240236 ], [ -54.750413, -22.240685 ] ] ] } },
{ "type": "Feature", "properties": { "id": 323, "nome": "RESIDENCIAL PARQUE ALVORADA", "registro": "65192", "data_aprovacao": null }, "geometry": { "type": "Polygon", "coordinates": [ [ [ -54.840933, -22.218112 ], [ -54.840463, -22.21741 ], [ -54.842342, -22.21629 ], [ -54.842812, -22.216993 ], [ -54.840933, -22.218112 ] ] ] } },
{ "type": "Feature", "properties": { "id": 324, "nome": "VILA SÃO MATEUS", "registro": "75590", "data_aprovacao": null }, "geometry": { "type": "Polygon", "coordinates": [ [ [ -54.787514, -22.238248 ], [ -54.786684, -22.238435 ], [ -54.786377, -22.237308 ], [ -54.787212, -22.237135 ], [ -54.787514, -22.238248 ] ] ] } },
{ "type": "Feature", "properties": { "id": 325, "nome": "RESIDENCIAL NILSON ARTHUR GOMES DO NASCIMENTO", "registro": "GEO", "data_aprovacao": null }, "geometry": { "type": "Polygon", "coordinates": [ [ [ -54.852998, -22.222313 ], [ -54.851891, -22.224009 ], [ -54.851577, -22.224768 ], [ -54.850889, -22.224391 ], [ -54.852405, -22.221988 ], [ -54.852998, -22.222313 ] ] ] } },
{ "type": "Feature", "properties": { "id": 326, "nome": "RESIDENCIAL CIDADE JARDIM II", "registro": "126367", "data_aprovacao": "11/11/2016" }, "geometry": { "type": "Polygon", "coordinates": [ [ [ -54.861074, -22.222756 ], [ -54.862033, -22.225227 ], [ -54.861911, -22.229187 ], [ -54.856524, -22.22856 ], [ -54.855461, -22.226986 ], [ -54.855229, -22.225086 ], [ -54.857064, -22.222598 ], [ -54.857235, -22.224437 ], [ -54.858585, -22.224395 ], [ -54.861074, -22.222756 ] ] ] } },
{ "type": "Feature", "properties": { "id": 327, "nome": "SITIÓCAS CAMPO BELO I E II", "registro": "64201", "data_aprovacao": "26/11/2007" }, "geometry": { "type": "Polygon", "coordinates": [ [ [ -54.822559, -22.283383 ], [ -54.830685, -22.285168 ], [ -54.833014, -22.29012 ], [ -54.830722, -22.291037 ], [ -54.830262, -22.294944 ], [ -54.833798, -22.297373 ], [ -54.834493, -22.297513 ], [ -54.83406, -22.302501 ], [ -54.823729, -22.296621 ], [ -54.823805, -22.294849 ], [ -54.821486, -22.29462 ], [ -54.822559, -22.283383 ] ] ] } },
{ "type": "Feature", "properties": { "id": 328, "nome": "SITIÓCAS CAMPO BELO III", "registro": "66121", "data_aprovacao": "14/06/2010" }, "geometry": { "type": "Polygon", "coordinates": [ [ [ -54.822559, -22.283383 ], [ -54.822831, -22.27941 ], [ -54.822356, -22.277517 ], [ -54.821617, -22.275928 ], [ -54.820562, -22.274755 ], [ -54.825373, -22.272437 ], [ -54.827432, -22.277379 ], [ -54.827338, -22.277396 ], [ -54.827093, -22.280814 ], [ -54.827659, -22.280854 ], [ -54.827586, -22.281807 ], [ -54.829261, -22.281939 ], [ -54.82944, -22.280042 ], [ -54.829033, -22.280013 ], [ -54.831752, -22.278173 ], [ -54.831162, -22.285235 ], [ -54.822559, -22.283383 ] ] ] } },
{ "type": "Feature", "properties": { "id": 329, "nome": "JARDIM SHEKINÁ", "registro": "36414", "data_aprovacao": "26/02/2009" }, "geometry": { "type": "Polygon", "coordinates": [ [ [ -54.786315, -22.250049 ], [ -54.787813, -22.249908 ], [ -54.78766, -22.251072 ], [ -54.78616, -22.251238 ], [ -54.786161, -22.25123 ], [ -54.786315, -22.250049 ] ] ] } },
{ "type": "Feature", "properties": { "id": 330, "nome": "BOM JESUS", "registro": "60971", "data_aprovacao": null }, "geometry": { "type": "Polygon", "coordinates": [ [ [ -54.836849, -22.22118 ], [ -54.836854, -22.221195 ], [ -54.836587, -22.221355 ], [ -54.836348, -22.221496 ], [ -54.836273, -22.221541 ], [ -54.836122, -22.221628 ], [ -54.835724, -22.221869 ], [ -54.835489, -22.222004 ], [ -54.835439, -22.222039 ], [ -54.835362, -22.222085 ], [ -54.83527, -22.222141 ], [ -54.835141, -22.222215 ], [ -54.834976, -22.222317 ], [ -54.834681, -22.222497 ], [ -54.834594, -22.222552 ], [ -54.834532, -22.222588 ], [ -54.834467, -22.222626 ], [ -54.834412, -22.222658 ], [ -54.834297, -22.222724 ], [ -54.83421, -22.222782 ], [ -54.834165, -22.222812 ], [ -54.834097, -22.222853 ], [ -54.834004, -22.222909 ], [ -54.833837, -22.223003 ], [ -54.833628, -22.223124 ], [ -54.833532, -22.22318 ], [ -54.833437, -22.223235 ], [ -54.833335, -22.223294 ], [ -54.833243, -22.223348 ], [ -54.833237, -22.223338 ], [ -54.833198, -22.223364 ], [ -54.833109, -22.223422 ], [ -54.833057, -22.223452 ], [ -54.832929, -22.223527 ], [ -54.832838, -22.22358 ], [ -54.832697, -22.223665 ], [ -54.832616, -22.223714 ], [ -54.832469, -22.2238 ], [ -54.832399, -22.223838 ], [ -54.831979, -22.224086 ], [ -54.831882, -22.224141 ], [ -54.831694, -22.224249 ], [ -54.831565, -22.224067 ], [ -54.831669, -22.224006 ], [ -54.831756, -22.223954 ], [ -54.831746, -22.223938 ], [ -54.83184, -22.22388 ], [ -54.831932, -22.223825 ], [ -54.832014, -22.22378 ], [ -54.832141, -22.223704 ], [ -54.83227, -22.223626 ], [ -54.832263, -22.223613 ], [ -54.83233, -22.223574 ], [ -54.832344, -22.223595 ], [ -54.832407, -22.22356 ], [ -54.832392, -22.223536 ], [ -54.832464, -22.223494 ], [ -54.832542, -22.223446 ], [ -54.8327, -22.223359 ], [ -54.832786, -22.22331 ], [ -54.83279, -22.223315 ], [ -54.832848, -22.223281 ], [ -54.832915, -22.223241 ], [ -54.832913, -22.223239 ], [ -54.832964, -22.223206 ], [ -54.832967, -22.223212 ], [ -54.8331, -22.223131 ], [ -54.833194, -22.223078 ], [ -54.833198, -22.223085 ], [ -54.833402, -22.222964 ], [ -54.833496, -22.222901 ], [ -54.833572, -22.222856 ], [ -54.833692, -22.222783 ], [ -54.833861, -22.2227 ], [ -54.833932, -22.222656 ], [ -54.833925, -22.222645 ], [ -54.833988, -22.222602 ], [ -54.833998, -22.222613 ], [ -54.834046, -22.222578 ], [ -54.83404, -22.22257 ], [ -54.834316, -22.222406 ], [ -54.834434, -22.222342 ], [ -54.834492, -22.222307 ], [ -54.834496, -22.222312 ], [ -54.834534, -22.222294 ], [ -54.834628, -22.222237 ], [ -54.834833, -22.222119 ], [ -54.835001, -22.222012 ], [ -54.835135, -22.221931 ], [ -54.835219, -22.221883 ], [ -54.835492, -22.221723 ], [ -54.835486, -22.221714 ], [ -54.835834, -22.221506 ], [ -54.835976, -22.221421 ], [ -54.836138, -22.22134 ], [ -54.836201, -22.2213 ], [ -54.836334, -22.221223 ], [ -54.836443, -22.221163 ], [ -54.836588, -22.221076 ], [ -54.836849, -22.22118 ] ] ] } },
{ "type": "Feature", "properties": { "id": 333, "nome": "RESIDENCIAL SOLARIS", "registro": "98916", "data_aprovacao": "31/12/2008" }, "geometry": { "type": "Polygon", "coordinates": [ [ [ -54.80824, -22.211619 ], [ -54.809238, -22.20752 ], [ -54.810034, -22.207753 ], [ -54.810251, -22.207816 ], [ -54.809197, -22.212018 ], [ -54.80824, -22.211619 ] ] ] } },
{ "type": "Feature", "properties": { "id": 334, "nome": "DIOCLECIO ARTUZI I", "registro": "82789", "data_aprovacao": "01/09/2009" }, "geometry": { "type": "Polygon", "coordinates": [ [ [ -54.781134, -22.265726 ], [ -54.784176, -22.265367 ], [ -54.785618, -22.269101 ], [ -54.780592, -22.269648 ], [ -54.781134, -22.265726 ] ] ] } },
{ "type": "Feature", "properties": { "id": 336, "nome": "PORTAL DAS HORTENCIAS", "registro": "130585", "data_aprovacao": null }, "geometry": { "type": "Polygon", "coordinates": [ [ [ -54.825751, -22.242163 ], [ -54.825343, -22.241996 ], [ -54.825199, -22.241938 ], [ -54.824855, -22.241798 ], [ -54.824609, -22.241698 ], [ -54.824626, -22.241659 ], [ -54.8241, -22.241445 ], [ -54.824252, -22.241139 ], [ -54.824394, -22.240852 ], [ -54.82454, -22.240556 ], [ -54.824691, -22.24025 ], [ -54.82474, -22.240152 ], [ -54.82479, -22.240054 ], [ -54.824847, -22.239933 ], [ -54.825296, -22.24011 ], [ -54.826598, -22.240621 ], [ -54.826011, -22.242188 ], [ -54.825985, -22.242257 ], [ -54.825751, -22.242163 ] ] ] } },
{ "type": "Feature", "properties": { "id": 339, "nome": "WALTER BRANDÃO DA SILVA", "registro": "82935", "data_aprovacao": null }, "geometry": { "type": "Polygon", "coordinates": [ [ [ -54.838149, -22.239398 ], [ -54.841206, -22.239633 ], [ -54.840686, -22.240073 ], [ -54.8415, -22.240893 ], [ -54.839283, -22.242805 ], [ -54.837473, -22.244364 ], [ -54.836432, -22.243794 ], [ -54.838149, -22.239398 ] ] ] } },
{ "type": "Feature", "properties": { "id": 494, "nome": "RESIDENCIAL MORIÁ", "registro": null, "data_aprovacao": null }, "geometry": { "type": "Polygon", "coordinates": [ [ [ -54.858109, -22.233862 ], [ -54.858187, -22.234106 ], [ -54.857072, -22.233982 ], [ -54.857457, -22.233188 ], [ -54.857791, -22.232374 ], [ -54.857929, -22.232495 ], [ -54.858389, -22.232629 ], [ -54.858109, -22.233862 ] ] ] } },
{ "type": "Feature", "properties": { "id": 340, "nome": "RESIDENCIAL JOSÉ ALVES MARTINS (CIDADANIA 08)", "registro": "139301", "data_aprovacao": null }, "geometry": { "type": "Polygon", "coordinates": [ [ [ -54.786437, -22.264322 ], [ -54.787303, -22.264215 ], [ -54.787393, -22.264849 ], [ -54.786526, -22.264947 ], [ -54.786437, -22.264322 ] ] ] } },
{ "type": "Feature", "properties": { "id": 341, "nome": "COND. RES. NOVO HORIZONTE", "registro": "81495", "data_aprovacao": null }, "geometry": { "type": "Polygon", "coordinates": [ [ [ -54.845314, -22.240156 ], [ -54.844981, -22.24012 ], [ -54.844802, -22.239909 ], [ -54.84971, -22.240275 ], [ -54.849915, -22.240481 ], [ -54.847606, -22.24248 ], [ -54.845314, -22.240156 ] ] ] } },
{ "type": "Feature", "properties": { "id": 342, "nome": "MORADAS DOURADOS I", "registro": "91019", "data_aprovacao": "10/11/2010" }, "geometry": { "type": "Polygon", "coordinates": [ [ [ -54.856043, -22.23418 ], [ -54.855321, -22.235502 ], [ -54.854758, -22.235235 ], [ -54.85469, -22.23536 ], [ -54.8503, -22.23328 ], [ -54.850324, -22.233236 ], [ -54.850177, -22.233167 ], [ -54.850315, -22.232914 ], [ -54.849235, -22.232402 ], [ -54.84937, -22.232154 ], [ -54.849327, -22.232133 ], [ -54.849407, -22.231987 ], [ -54.849093, -22.231838 ], [ -54.849106, -22.231814 ], [ -54.848927, -22.231729 ], [ -54.849106, -22.231546 ], [ -54.849197, -22.231447 ], [ -54.850716, -22.232166 ], [ -54.850846, -22.231929 ], [ -54.853995, -22.233421 ], [ -54.856043, -22.23418 ] ] ] } },
{ "type": "Feature", "properties": { "id": 345, "nome": "HARRISON FIGUEIREDO II", "registro": "84997", "data_aprovacao": "07/06/2010" }, "geometry": { "type": "Polygon", "coordinates": [ [ [ -54.789392, -22.261348 ], [ -54.789022, -22.26474 ], [ -54.785215, -22.265168 ], [ -54.784937, -22.263182 ], [ -54.785803, -22.263079 ], [ -54.785778, -22.2629 ], [ -54.786099, -22.262861 ], [ -54.785949, -22.261758 ], [ -54.789392, -22.261348 ] ], [ [ -54.787303, -22.264215 ], [ -54.786437, -22.264322 ], [ -54.786526, -22.264947 ], [ -54.786902, -22.264904 ], [ -54.787017, -22.264891 ], [ -54.787393, -22.264849 ], [ -54.787303, -22.264215 ] ] ] } },
{ "type": "Feature", "properties": { "id": 346, "nome": "RESIDENCIAL JOÃO ANTÔNIO LUIZ BRAGA", "registro": "84565", "data_aprovacao": "31/08/2011" }, "geometry": { "type": "Polygon", "coordinates": [ [ [ -54.837261, -22.244248 ], [ -54.836482, -22.246188 ], [ -54.834523, -22.245329 ], [ -54.833502, -22.24498 ], [ -54.834399, -22.242658 ], [ -54.836432, -22.243794 ], [ -54.837261, -22.244248 ] ] ] } },
{ "type": "Feature", "properties": { "id": 347, "nome": "RESIDENCIAL JATEY", "registro": "57544", "data_aprovacao": "01/12/2009" }, "geometry": { "type": "Polygon", "coordinates": [ [ [ -54.737123, -22.248651 ], [ -54.739331, -22.250945 ], [ -54.738047, -22.251954 ], [ -54.736827, -22.249905 ], [ -54.736821, -22.249902 ], [ -54.736778, -22.249731 ], [ -54.736484, -22.249195 ], [ -54.737123, -22.248651 ] ] ] } },
{ "type": "Feature", "properties": { "id": 350, "nome": "DISTRITO DE PANAMBI", "registro": "GEO", "data_aprovacao": null }, "geometry": { "type": "Polygon", "coordinates": [ [ [ -54.698177, -22.114216 ], [ -54.697827, -22.117859 ], [ -54.691633, -22.117357 ], [ -54.691972, -22.113653 ], [ -54.698177, -22.114216 ] ] ] } },
{ "type": "Feature", "properties": { "id": 351, "nome": "JARDIM BESEN", "registro": "138101", "data_aprovacao": null }, "geometry": { "type": "Polygon", "coordinates": [ [ [ -54.776721, -22.234663 ], [ -54.776211, -22.234635 ], [ -54.776424, -22.232837 ], [ -54.776935, -22.232879 ], [ -54.776721, -22.234663 ] ] ] } },
{ "type": "Feature", "properties": { "id": 352, "nome": "VIVAL CASTELO II", "registro": "146939", "data_aprovacao": null }, "geometry": { "type": "Polygon", "coordinates": [ [ [ -54.730011, -22.214505 ], [ -54.725477, -22.219803 ], [ -54.724756, -22.219171 ], [ -54.72938, -22.214001 ], [ -54.730011, -22.214505 ] ] ] } },
{ "type": "Feature", "properties": { "id": 353, "nome": "RESIDENCIAL ITAÓCA", "registro": "81432", "data_aprovacao": "30/12/2009" }, "geometry": { "type": "Polygon", "coordinates": [ [ [ -54.841632, -22.207248 ], [ -54.840829, -22.207731 ], [ -54.840761, -22.207568 ], [ -54.840087, -22.206369 ], [ -54.840989, -22.205828 ], [ -54.841632, -22.207248 ] ] ] } },
{ "type": "Feature", "properties": { "id": 355, "nome": "NOVO PARQUE ALVORADA", "registro": "88490", "data_aprovacao": "13/01/2012" }, "geometry": { "type": "Polygon", "coordinates": [ [ [ -54.842722, -22.206592 ], [ -54.843853, -22.205999 ], [ -54.846248, -22.211372 ], [ -54.844908, -22.212173 ], [ -54.846583, -22.214796 ], [ -54.845309, -22.215586 ], [ -54.843773, -22.213164 ], [ -54.843632, -22.212918 ], [ -54.844225, -22.212579 ], [ -54.842756, -22.209178 ], [ -54.840743, -22.210366 ], [ -54.839828, -22.208333 ], [ -54.842722, -22.206592 ] ] ] } },
{ "type": "Feature", "properties": { "id": 356, "nome": "RESIDENCIAL ESPLANADA", "registro": "99248", "data_aprovacao": "19/03/2014" }, "geometry": { "type": "Polygon", "coordinates": [ [ [ -54.758084, -22.264994 ], [ -54.761834, -22.264873 ], [ -54.761859, -22.264243 ], [ -54.767614, -22.264909 ], [ -54.765446, -22.273684 ], [ -54.757547, -22.272915 ], [ -54.758084, -22.264994 ] ], [ [ -54.757936, -22.268892 ], [ -54.757837, -22.270247 ], [ -54.758994, -22.270392 ], [ -54.759189, -22.26905 ], [ -54.757936, -22.268892 ] ], [ [ -54.758976, -22.270527 ], [ -54.757828, -22.270383 ], [ -54.757828, -22.270383 ], [ -54.757802, -22.270744 ], [ -54.757733, -22.271692 ], [ -54.757733, -22.271692 ], [ -54.758787, -22.271825 ], [ -54.758839, -22.271467 ], [ -54.758855, -22.271359 ], [ -54.758908, -22.270993 ], [ -54.758924, -22.270885 ], [ -54.758976, -22.270527 ] ] ] } },
{ "type": "Feature", "properties": { "id": 357, "nome": "VIVAL DOS IPÊS", "registro": "105201", "data_aprovacao": "31/07/2014" }, "geometry": { "type": "Polygon", "coordinates": [ [ [ -54.780399, -22.266428 ], [ -54.779618, -22.271762 ], [ -54.779425, -22.271737 ], [ -54.778539, -22.271625 ], [ -54.778315, -22.270693 ], [ -54.777872, -22.270111 ], [ -54.777706, -22.27009 ], [ -54.77773, -22.269926 ], [ -54.777073, -22.269063 ], [ -54.776548, -22.268997 ], [ -54.776208, -22.268753 ], [ -54.774577, -22.268548 ], [ -54.774311, -22.268715 ], [ -54.770065, -22.26818 ], [ -54.769959, -22.268357 ], [ -54.769068, -22.268243 ], [ -54.769235, -22.26708 ], [ -54.767245, -22.266834 ], [ -54.767141, -22.266823 ], [ -54.767575, -22.265068 ], [ -54.767635, -22.265073 ], [ -54.774884, -22.265842 ], [ -54.778784, -22.266253 ], [ -54.780399, -22.266428 ] ] ] } },
{ "type": "Feature", "properties": { "id": 343, "nome": "DISTRITO DE VILA FORMOSA", "registro": "GEO", "data_aprovacao": null }, "geometry": { "type": "Polygon", "coordinates": [ [ [ -54.507898, -22.082759 ], [ -54.507941, -22.082782 ], [ -54.51101, -22.084279 ], [ -54.506959, -22.090982 ], [ -54.503699, -22.089752 ], [ -54.501171, -22.088326 ], [ -54.504083, -22.08378 ], [ -54.504605, -22.084052 ], [ -54.505384, -22.082833 ], [ -54.507229, -22.083813 ], [ -54.507898, -22.082759 ] ] ] } },
{ "type": "Feature", "properties": { "id": 495, "nome": "RESIDENCIAL AURORA", "registro": null, "data_aprovacao": null }, "geometry": { "type": "Polygon", "coordinates": [ [ [ -54.768925, -22.271316 ], [ -54.769909, -22.271862 ], [ -54.769758, -22.272905 ], [ -54.768604, -22.272761 ], [ -54.768791, -22.271463 ], [ -54.768902, -22.271476 ], [ -54.768925, -22.271316 ] ] ] } },
{ "type": "Feature", "properties": { "id": 498, "nome": "VIDA NOVA VALDEREZ", "registro": null, "data_aprovacao": null }, "geometry": { "type": "Polygon", "coordinates": [ [ [ -54.741672, -22.247953 ], [ -54.739862, -22.245977 ], [ -54.742939, -22.243482 ], [ -54.743309, -22.243893 ], [ -54.742743, -22.245287 ], [ -54.742629, -22.245161 ], [ -54.741641, -22.245965 ], [ -54.742216, -22.246566 ], [ -54.741672, -22.247953 ] ] ] } },
{ "type": "Feature", "properties": { "id": 362, "nome": "PORTO SEGURO RESIDENCE E RESORT", "registro": "114193", "data_aprovacao": "31/07/2015" }, "geometry": { "type": "Polygon", "coordinates": [ [ [ -54.826513, -22.202892 ], [ -54.831172, -22.20169 ], [ -54.83226, -22.206352 ], [ -54.831939, -22.206568 ], [ -54.83158, -22.206949 ], [ -54.831008, -22.206939 ], [ -54.830524, -22.207032 ], [ -54.829582, -22.207451 ], [ -54.829033, -22.207818 ], [ -54.828904, -22.207563 ], [ -54.826513, -22.202892 ] ] ] } },
{ "type": "Feature", "properties": { "id": 364, "nome": "PORTO FELIZ", "registro": "444424", "data_aprovacao": null }, "geometry": { "type": "Polygon", "coordinates": [ [ [ -54.722466, -22.217472 ], [ -54.730016, -22.208803 ], [ -54.731553, -22.209903 ], [ -54.731465, -22.210005 ], [ -54.724006, -22.218571 ], [ -54.722466, -22.217472 ] ] ] } },
{ "type": "Feature", "properties": { "id": 365, "nome": "TERRAS ALPHAVILLE DOURADOS FASE I", "registro": "98712", "data_aprovacao": "06/09/2013" }, "geometry": { "type": "Polygon", "coordinates": [ [ [ -54.888052, -22.196969 ], [ -54.888682, -22.196884 ], [ -54.88868, -22.197763 ], [ -54.88867, -22.199244 ], [ -54.890059, -22.199671 ], [ -54.892819, -22.200506 ], [ -54.892192, -22.20356 ], [ -54.892654, -22.203647 ], [ -54.892347, -22.205142 ], [ -54.891949, -22.205071 ], [ -54.891928, -22.205066 ], [ -54.891913, -22.205062 ], [ -54.891898, -22.205056 ], [ -54.89188, -22.205045 ], [ -54.89187, -22.205038 ], [ -54.891849, -22.205018 ], [ -54.891853, -22.205034 ], [ -54.891877, -22.205129 ], [ -54.891858, -22.205202 ], [ -54.891831, -22.205255 ], [ -54.8918, -22.205293 ], [ -54.89178, -22.205312 ], [ -54.891724, -22.205348 ], [ -54.89162, -22.205375 ], [ -54.891583, -22.205376 ], [ -54.891539, -22.20537 ], [ -54.89152, -22.205364 ], [ -54.891478, -22.205349 ], [ -54.891451, -22.205335 ], [ -54.89144, -22.205327 ], [ -54.891404, -22.205302 ], [ -54.891415, -22.205324 ], [ -54.89142, -22.205341 ], [ -54.891423, -22.205356 ], [ -54.891418, -22.205407 ], [ -54.89139, -22.205544 ], [ -54.891158, -22.206676 ], [ -54.891073, -22.207134 ], [ -54.890975, -22.207611 ], [ -54.89089, -22.207963 ], [ -54.890761, -22.208326 ], [ -54.890573, -22.208665 ], [ -54.890456, -22.208827 ], [ -54.889833, -22.209663 ], [ -54.884652, -22.20874 ], [ -54.884822, -22.207953 ], [ -54.885153, -22.208007 ], [ -54.88586, -22.20457 ], [ -54.887412, -22.204846 ], [ -54.887423, -22.204793 ], [ -54.887822, -22.203916 ], [ -54.888411, -22.202646 ], [ -54.888929, -22.201486 ], [ -54.885331, -22.199838 ], [ -54.885444, -22.199613 ], [ -54.885898, -22.199533 ], [ -54.886084, -22.199593 ], [ -54.88622, -22.19962 ], [ -54.886341, -22.199657 ], [ -54.886561, -22.199726 ], [ -54.886903, -22.199857 ], [ -54.887096, -22.199972 ], [ -54.887163, -22.199978 ], [ -54.88732, -22.200017 ], [ -54.887487, -22.199996 ], [ -54.887826, -22.200003 ], [ -54.887881, -22.199226 ], [ -54.887888, -22.199186 ], [ -54.887901, -22.199148 ], [ -54.88792, -22.199112 ], [ -54.887944, -22.199079 ], [ -54.887973, -22.19905 ], [ -54.888007, -22.199025 ], [ -54.888028, -22.199007 ], [ -54.888041, -22.198984 ], [ -54.888046, -22.198958 ], [ -54.888052, -22.196969 ] ] ] } },
{ "type": "Feature", "properties": { "id": 366, "nome": "RESIDENCIAL OSHIRO", "registro": "98827", "data_aprovacao": null }, "geometry": { "type": "Polygon", "coordinates": [ [ [ -54.845309, -22.215586 ], [ -54.843485, -22.216612 ], [ -54.843236, -22.216069 ], [ -54.843618, -22.215854 ], [ -54.843431, -22.215542 ], [ -54.843984, -22.215243 ], [ -54.843672, -22.214372 ], [ -54.843485, -22.213959 ], [ -54.843113, -22.214101 ], [ -54.842977, -22.213793 ], [ -54.84286, -22.213838 ], [ -54.842871, -22.213863 ], [ -54.842475, -22.214016 ], [ -54.842339, -22.213659 ], [ -54.842463, -22.213587 ], [ -54.842599, -22.213808 ], [ -54.842777, -22.213713 ], [ -54.842641, -22.213486 ], [ -54.843508, -22.212993 ], [ -54.843655, -22.213227 ], [ -54.843773, -22.213164 ], [ -54.845309, -22.215586 ] ] ] } },
{ "type": "Feature", "properties": { "id": 367, "nome": "CHÁCARA LXIII", "registro": "GEO", "data_aprovacao": null }, "geometry": { "type": "Polygon", "coordinates": [ [ [ -54.776424, -22.232837 ], [ -54.776211, -22.234635 ], [ -54.775446, -22.234597 ], [ -54.77451, -22.232678 ], [ -54.776424, -22.232837 ] ] ] } },
{ "type": "Feature", "properties": { "id": 368, "nome": "JARDIM INDEPENDÊNCIA", "registro": "2088 TRANSCRIÇÃO", "data_aprovacao": null }, "geometry": { "type": "Polygon", "coordinates": [ [ [ -54.821082, -22.235209 ], [ -54.820816, -22.237538 ], [ -54.820749, -22.238162 ], [ -54.815961, -22.238135 ], [ -54.815507, -22.236014 ], [ -54.815773, -22.234682 ], [ -54.821082, -22.235209 ] ] ] } },
{ "type": "Feature", "properties": { "id": 369, "nome": "VIVAL DOS IPÊS III", "registro": "105202", "data_aprovacao": "03/10/2016" }, "geometry": { "type": "Polygon", "coordinates": [ [ [ -54.767245, -22.266834 ], [ -54.769235, -22.26708 ], [ -54.769068, -22.268243 ], [ -54.769649, -22.268318 ], [ -54.769544, -22.269044 ], [ -54.769179, -22.269649 ], [ -54.768925, -22.271316 ], [ -54.766486, -22.269965 ], [ -54.767245, -22.266834 ] ] ] } },
{ "type": "Feature", "properties": { "id": 370, "nome": "ROYAL BARCELONA II", "registro": "120657", "data_aprovacao": "29/08/2016" }, "geometry": { "type": "Polygon", "coordinates": [ [ [ -54.797138, -22.200777 ], [ -54.797831, -22.200441 ], [ -54.798786, -22.199979 ], [ -54.799094, -22.199829 ], [ -54.799683, -22.199709 ], [ -54.799556, -22.199844 ], [ -54.797229, -22.204773 ], [ -54.796125, -22.204499 ], [ -54.795785, -22.204307 ], [ -54.797138, -22.200777 ] ] ] } },
{ "type": "Feature", "properties": { "id": 371, "nome": "SEBASTIÃO PEREIRA DOS SANTOS", "registro": "147973", "data_aprovacao": null }, "geometry": { "type": "Polygon", "coordinates": [ [ [ -54.674394, -22.185835 ], [ -54.673706, -22.186561 ], [ -54.671432, -22.184809 ], [ -54.672073, -22.184091 ], [ -54.672076, -22.184088 ], [ -54.674394, -22.185835 ] ] ] } },
{ "type": "Feature", "properties": { "id": 373, "nome": "COND. TRIUNFO", "registro": "66443", "data_aprovacao": null }, "geometry": { "type": "Polygon", "coordinates": [ [ [ -54.6263, -22.126804 ], [ -54.64064, -22.137967 ], [ -54.632046, -22.147479 ], [ -54.620975, -22.138863 ], [ -54.624567, -22.135153 ], [ -54.624799, -22.133817 ], [ -54.622134, -22.131547 ], [ -54.6263, -22.126804 ] ] ] } },
{ "type": "Feature", "properties": { "id": 381, "nome": "RESIDENCIAL BELA VISTA", "registro": "61924", "data_aprovacao": null }, "geometry": { "type": "Polygon", "coordinates": [ [ [ -54.792545, -22.272554 ], [ -54.792534, -22.277104 ], [ -54.779513, -22.277168 ], [ -54.779974, -22.273775 ], [ -54.792545, -22.272554 ] ] ] } },
{ "type": "Feature", "properties": { "id": 385, "nome": "DISTRITO DO GUASSÚ - VILA MACAÚBA", "registro": "GEO", "data_aprovacao": null }, "geometry": { "type": "Polygon", "coordinates": [ [ [ -54.491979, -22.137198 ], [ -54.491184, -22.140593 ], [ -54.492472, -22.141479 ], [ -54.491826, -22.142267 ], [ -54.491068, -22.141735 ], [ -54.490925, -22.141659 ], [ -54.490765, -22.142341 ], [ -54.48414, -22.140986 ], [ -54.48465, -22.138798 ], [ -54.484473, -22.138707 ], [ -54.48053, -22.136757 ], [ -54.481728, -22.137093 ], [ -54.481903, -22.136479 ], [ -54.484827, -22.137181 ], [ -54.485023, -22.137229 ], [ -54.485371, -22.135854 ], [ -54.491979, -22.137198 ] ] ] } },
{ "type": "Feature", "properties": { "id": 387, "nome": "RESIDENCIAL ARTHUR FLORES", "registro": "98376", "data_aprovacao": null }, "geometry": { "type": "Polygon", "coordinates": [ [ [ -54.506523, -22.087473 ], [ -54.507475, -22.085932 ], [ -54.507761, -22.086085 ], [ -54.507567, -22.086398 ], [ -54.507924, -22.08659 ], [ -54.507165, -22.087818 ], [ -54.506523, -22.087473 ] ] ] } },
{ "type": "Feature", "properties": { "id": 397, "nome": "COND. RES. ANTÔNIO MARQUES CALDEIRA", "registro": "GEO", "data_aprovacao": null }, "geometry": { "type": "Polygon", "coordinates": [ [ [ -54.836532, -22.246039 ], [ -54.837232, -22.244264 ], [ -54.837898, -22.244635 ], [ -54.837945, -22.246451 ], [ -54.837887, -22.246464 ], [ -54.837819, -22.246479 ], [ -54.836532, -22.246039 ] ] ] } },
{ "type": "Feature", "properties": { "id": 488, "nome": "JARDIM CANAÃ", "registro": "61756", "data_aprovacao": "30/08/1993" }, "geometry": { "type": "Polygon", "coordinates": [ [ [ -54.768689, -22.210194 ], [ -54.767518, -22.211853 ], [ -54.764855, -22.211564 ], [ -54.768356, -22.202184 ], [ -54.769089, -22.202018 ], [ -54.772317, -22.201168 ], [ -54.772354, -22.201308 ], [ -54.772776, -22.203522 ], [ -54.772805, -22.203701 ], [ -54.770528, -22.204121 ], [ -54.770395, -22.206698 ], [ -54.770328, -22.207883 ], [ -54.768689, -22.210194 ] ], [ [ -54.770048, -22.204022 ], [ -54.768044, -22.203342 ], [ -54.768018, -22.20341 ], [ -54.767978, -22.203396 ], [ -54.767855, -22.20372 ], [ -54.76788, -22.203728 ], [ -54.7677, -22.204205 ], [ -54.769713, -22.204863 ], [ -54.76973, -22.204818 ], [ -54.769736, -22.20482 ], [ -54.770048, -22.204022 ] ] ] } },
{ "type": "Feature", "properties": { "id": 30, "nome": "VILA SÃO JORGE", "registro": "10350", "data_aprovacao": null }, "geometry": { "type": "Polygon", "coordinates": [ [ [ -54.782051, -22.210853 ], [ -54.781733, -22.212452 ], [ -54.780214, -22.212191 ], [ -54.780458, -22.210965 ], [ -54.782051, -22.210853 ] ] ] } },
{ "type": "Feature", "properties": { "id": 56, "nome": "JARDIM PRIMAVERA", "registro": "70947", "data_aprovacao": "15/10/2001" }, "geometry": { "type": "Polygon", "coordinates": [ [ [ -54.847747, -22.22529 ], [ -54.853229, -22.216618 ], [ -54.855246, -22.218765 ], [ -54.853042, -22.222246 ], [ -54.852998, -22.222313 ], [ -54.852405, -22.221988 ], [ -54.850889, -22.224391 ], [ -54.851577, -22.224768 ], [ -54.850798, -22.226482 ], [ -54.847747, -22.22529 ] ] ] } },
{ "type": "Feature", "properties": { "id": 206, "nome": "VILA SÃO BRAZ", "registro": "63554", "data_aprovacao": "05/05/1995" }, "geometry": { "type": "Polygon", "coordinates": [ [ [ -54.739145, -22.245025 ], [ -54.738512, -22.244341 ], [ -54.739982, -22.243163 ], [ -54.739286, -22.242425 ], [ -54.742793, -22.239588 ], [ -54.742977, -22.239525 ], [ -54.743848, -22.238806 ], [ -54.74437, -22.239347 ], [ -54.741326, -22.241848 ], [ -54.742085, -22.242669 ], [ -54.739145, -22.245025 ] ] ] } },
{ "type": "Feature", "properties": { "id": 270, "nome": "JARDIM PIRATININGA", "registro": "39962 TRANSCRIÇÃO", "data_aprovacao": null }, "geometry": { "type": "Polygon", "coordinates": [ [ [ -54.784308, -22.206268 ], [ -54.784218, -22.207106 ], [ -54.7842, -22.207281 ], [ -54.78418, -22.207945 ], [ -54.78416, -22.208424 ], [ -54.784122, -22.210378 ], [ -54.782628, -22.210574 ], [ -54.78213, -22.210648 ], [ -54.781583, -22.210732 ], [ -54.780888, -22.210803 ], [ -54.78067, -22.210528 ], [ -54.779324, -22.208824 ], [ -54.777558, -22.209126 ], [ -54.777525, -22.208406 ], [ -54.77756, -22.207905 ], [ -54.778272, -22.204082 ], [ -54.778328, -22.203969 ], [ -54.780513, -22.20476 ], [ -54.784308, -22.206268 ] ] ] } },
{ "type": "Feature", "properties": { "id": 271, "nome": "CHÁCARA LXXVI", "registro": "31621", "data_aprovacao": null }, "geometry": { "type": "Polygon", "coordinates": [ [ [ -54.772101, -22.228135 ], [ -54.772003, -22.228947 ], [ -54.771979, -22.230438 ], [ -54.770988, -22.230349 ], [ -54.771084, -22.228862 ], [ -54.771134, -22.228366 ], [ -54.771199, -22.228061 ], [ -54.772101, -22.228135 ] ] ] } },
{ "type": "Feature", "properties": { "id": 496, "nome": "VIDA NOVA VERÁ", "registro": null, "data_aprovacao": "13/11/2023" }, "geometry": { "type": "Polygon", "coordinates": [ [ [ -54.742373, -22.25263 ], [ -54.742335, -22.252574 ], [ -54.742608, -22.252306 ], [ -54.74198, -22.25161 ], [ -54.742557, -22.251161 ], [ -54.742068, -22.250609 ], [ -54.742698, -22.250086 ], [ -54.742222, -22.249535 ], [ -54.742673, -22.249126 ], [ -54.742375, -22.248759 ], [ -54.742751, -22.247899 ], [ -54.742793, -22.247924 ], [ -54.742995, -22.247982 ], [ -54.743143, -22.24801 ], [ -54.743131, -22.248061 ], [ -54.743113, -22.248139 ], [ -54.743074, -22.248228 ], [ -54.743032, -22.248322 ], [ -54.742997, -22.248403 ], [ -54.742954, -22.248497 ], [ -54.742941, -22.248549 ], [ -54.742888, -22.248631 ], [ -54.74285, -22.24869 ], [ -54.742795, -22.248777 ], [ -54.742793, -22.248781 ], [ -54.742856, -22.248861 ], [ -54.742955, -22.248986 ], [ -54.743004, -22.249186 ], [ -54.74301, -22.249361 ], [ -54.743066, -22.249422 ], [ -54.74304, -22.249644 ], [ -54.742961, -22.249709 ], [ -54.742989, -22.249743 ], [ -54.743095, -22.249861 ], [ -54.743093, -22.249995 ], [ -54.743092, -22.250019 ], [ -54.74309, -22.250151 ], [ -54.743045, -22.250217 ], [ -54.743114, -22.250293 ], [ -54.742999, -22.250394 ], [ -54.743113, -22.250525 ], [ -54.743085, -22.250697 ], [ -54.743125, -22.250755 ], [ -54.743131, -22.25084 ], [ -54.743201, -22.250908 ], [ -54.743222, -22.251197 ], [ -54.743177, -22.251247 ], [ -54.74319, -22.251276 ], [ -54.743248, -22.251329 ], [ -54.74332, -22.251397 ], [ -54.74349, -22.251556 ], [ -54.743276, -22.251769 ], [ -54.743435, -22.251893 ], [ -54.743204, -22.252164 ], [ -54.743153, -22.252213 ], [ -54.743113, -22.252298 ], [ -54.743043, -22.252426 ], [ -54.742908, -22.252659 ], [ -54.742842, -22.252774 ], [ -54.742785, -22.252872 ], [ -54.742752, -22.252929 ], [ -54.742624, -22.252865 ], [ -54.742576, -22.25283 ], [ -54.742373, -22.25263 ] ] ] } },
{ "type": "Feature", "properties": { "id": 272, "nome": "CHÁCARA LXXV", "registro": "GEO", "data_aprovacao": null }, "geometry": { "type": "Polygon", "coordinates": [ [ [ -54.772126, -22.227951 ], [ -54.771157, -22.227856 ], [ -54.771269, -22.226951 ], [ -54.771288, -22.226779 ], [ -54.771388, -22.226659 ], [ -54.772031, -22.226241 ], [ -54.772315, -22.226268 ], [ -54.772126, -22.227951 ] ] ] } },
{ "type": "Feature", "properties": { "id": 398, "nome": "RESIDENCIAL HONÓRIO ALMIRÃO (GUASSU)", "registro": "113094", "data_aprovacao": "05/05/2016" }, "geometry": { "type": "Polygon", "coordinates": [ [ [ -54.826917, -22.234797 ], [ -54.829704, -22.236679 ], [ -54.832068, -22.238341 ], [ -54.832811, -22.23923 ], [ -54.832753, -22.23965 ], [ -54.832646, -22.239799 ], [ -54.830832, -22.238136 ], [ -54.830594, -22.238121 ], [ -54.830444, -22.238239 ], [ -54.829776, -22.240211 ], [ -54.82878, -22.239603 ], [ -54.82862, -22.239505 ], [ -54.828639, -22.239457 ], [ -54.827101, -22.238579 ], [ -54.827147, -22.238509 ], [ -54.826429, -22.238077 ], [ -54.826505, -22.237921 ], [ -54.825841, -22.237386 ], [ -54.826917, -22.234797 ] ] ] } },
{ "type": "Feature", "properties": { "id": 399, "nome": "ESTRELA DO SUL", "registro": "GEO", "data_aprovacao": null }, "geometry": { "type": "Polygon", "coordinates": [ [ [ -54.837114, -22.234644 ], [ -54.834652, -22.236464 ], [ -54.834067, -22.235868 ], [ -54.836363, -22.233886 ], [ -54.837114, -22.234644 ] ] ] } },
{ "type": "Feature", "properties": { "id": 400, "nome": "VIVAL DOS IPÊS IV", "registro": "140224", "data_aprovacao": "11/09/2018" }, "geometry": { "type": "Polygon", "coordinates": [ [ [ -54.768925, -22.271316 ], [ -54.768902, -22.271476 ], [ -54.768791, -22.271463 ], [ -54.768305, -22.274818 ], [ -54.765387, -22.274452 ], [ -54.766486, -22.269965 ], [ -54.768925, -22.271316 ] ] ] } },
{ "type": "Feature", "properties": { "id": 489, "nome": "PYAHU", "registro": null, "data_aprovacao": null }, "geometry": { "type": "Polygon", "coordinates": [ [ [ -54.615302, -22.130774 ], [ -54.616145, -22.131436 ], [ -54.615464, -22.132155 ], [ -54.614645, -22.131514 ], [ -54.615302, -22.130774 ] ] ] } },
{ "type": "Feature", "properties": { "id": 3, "nome": "DISTRITO INDUSTRIAL ", "registro": null, "data_aprovacao": null }, "geometry": { "type": "Polygon", "coordinates": [ [ [ -54.642234, -22.14834 ], [ -54.638506, -22.152495 ], [ -54.637541, -22.15174 ], [ -54.641271, -22.147584 ], [ -54.642234, -22.14834 ] ] ] } },
{ "type": "Feature", "properties": { "id": 497, "nome": "TERRA DOURADA", "registro": "119494", "data_aprovacao": "2009" }, "geometry": { "type": "Polygon", "coordinates": [ [ [ -54.75451, -22.227336 ], [ -54.754239, -22.22855 ], [ -54.754095, -22.22888 ], [ -54.7539, -22.229622 ], [ -54.75228, -22.228951 ], [ -54.752736, -22.22703 ], [ -54.752786, -22.227039 ], [ -54.754391, -22.227316 ], [ -54.75451, -22.227336 ] ] ] } },
{ "type": "Feature", "properties": { "id": 235, "nome": "PARQUE DAS NAÇÕES II", "registro": "47157, 56397 E 48398 TRANSCRIÇÕES", "data_aprovacao": "25/11/1976" }, "geometry": { "type": "Polygon", "coordinates": [ [ [ -54.759751, -22.236769 ], [ -54.760033, -22.238116 ], [ -54.759991, -22.238661 ], [ -54.759999, -22.238884 ], [ -54.760147, -22.242141 ], [ -54.760131, -22.243131 ], [ -54.760008, -22.243459 ], [ -54.759406, -22.244165 ], [ -54.759391, -22.245155 ], [ -54.759448, -22.245266 ], [ -54.759147, -22.245646 ], [ -54.758978, -22.246284 ], [ -54.756206, -22.247255 ], [ -54.754622, -22.247893 ], [ -54.752186, -22.248849 ], [ -54.751942, -22.249285 ], [ -54.751585, -22.2495 ], [ -54.750515, -22.249925 ], [ -54.749806, -22.249915 ], [ -54.74891, -22.250563 ], [ -54.74873, -22.250725 ], [ -54.748377, -22.250866 ], [ -54.747794, -22.251199 ], [ -54.747114, -22.251338 ], [ -54.746875, -22.25141 ], [ -54.746652, -22.2514 ], [ -54.746187, -22.251579 ], [ -54.745987, -22.251598 ], [ -54.745219, -22.252004 ], [ -54.743052, -22.249539 ], [ -54.743066, -22.249422 ], [ -54.74301, -22.249361 ], [ -54.743004, -22.249186 ], [ -54.742955, -22.248986 ], [ -54.742793, -22.248781 ], [ -54.74285, -22.24869 ], [ -54.742941, -22.248549 ], [ -54.742954, -22.248497 ], [ -54.742997, -22.248403 ], [ -54.743074, -22.248228 ], [ -54.743113, -22.248139 ], [ -54.743143, -22.24801 ], [ -54.742995, -22.247982 ], [ -54.742793, -22.247924 ], [ -54.742846, -22.247821 ], [ -54.743174, -22.24701 ], [ -54.74272, -22.246851 ], [ -54.74272, -22.246851 ], [ -54.743225, -22.245591 ], [ -54.742751, -22.245492 ], [ -54.742253, -22.246725 ], [ -54.742216, -22.246566 ], [ -54.741641, -22.245965 ], [ -54.742629, -22.245161 ], [ -54.742743, -22.245287 ], [ -54.743309, -22.243893 ], [ -54.742939, -22.243482 ], [ -54.739935, -22.24591 ], [ -54.73914, -22.245052 ], [ -54.742096, -22.242673 ], [ -54.741359, -22.241854 ], [ -54.744529, -22.239268 ], [ -54.745426, -22.238488 ], [ -54.745444, -22.238428 ], [ -54.745574, -22.238273 ], [ -54.745673, -22.238136 ], [ -54.745557, -22.238057 ], [ -54.745354, -22.237926 ], [ -54.744859, -22.237615 ], [ -54.745042, -22.237477 ], [ -54.74516, -22.237559 ], [ -54.745825, -22.236686 ], [ -54.745784, -22.236432 ], [ -54.745387, -22.236175 ], [ -54.745275, -22.236323 ], [ -54.745163, -22.236472 ], [ -54.744476, -22.237347 ], [ -54.744084, -22.237083 ], [ -54.743742, -22.23694 ], [ -54.744609, -22.235866 ], [ -54.747741, -22.231907 ], [ -54.749584, -22.232734 ], [ -54.759751, -22.236769 ] ], [ [ -54.748494, -22.238648 ], [ -54.745863, -22.238131 ], [ -54.745449, -22.238668 ], [ -54.745383, -22.238866 ], [ -54.744359, -22.241415 ], [ -54.747476, -22.242023 ], [ -54.747512, -22.241962 ], [ -54.749634, -22.242376 ], [ -54.750095, -22.242099 ], [ -54.750413, -22.240685 ], [ -54.748136, -22.240236 ], [ -54.748494, -22.238648 ] ] ] } },
{ "type": "Feature", "properties": { "id": 2, "nome": "REM. CHÁCARA 96", "registro": "TRANSCRIÇÃO 949", "data_aprovacao": null }, "geometry": { "type": "Polygon", "coordinates": [ [ [ -54.79861, -22.221431 ], [ -54.798497, -22.222375 ], [ -54.796825, -22.222192 ], [ -54.796944, -22.221326 ], [ -54.797003, -22.22133 ], [ -54.797435, -22.221377 ], [ -54.797626, -22.221351 ], [ -54.79861, -22.221431 ] ] ] } },
{ "type": "Feature", "properties": { "id": 75, "nome": "JARDIM MARABÁ", "registro": "63300", "data_aprovacao": null }, "geometry": { "type": "Polygon", "coordinates": [ [ [ -54.791656, -22.221628 ], [ -54.788517, -22.221289 ], [ -54.78837, -22.221273 ], [ -54.78859, -22.219488 ], [ -54.791882, -22.219863 ], [ -54.791656, -22.221628 ] ] ] } },
{ "type": "Feature", "properties": { "id": 15, "nome": "ALTO DAS PAINEIRAS", "registro": "30217", "data_aprovacao": "13/04/1981" }, "geometry": { "type": "Polygon", "coordinates": [ [ [ -54.813367, -22.198356 ], [ -54.810034, -22.207753 ], [ -54.809238, -22.20752 ], [ -54.807344, -22.206972 ], [ -54.810698, -22.200176 ], [ -54.810806, -22.200252 ], [ -54.81085, -22.200257 ], [ -54.811488, -22.199121 ], [ -54.812109, -22.198008 ], [ -54.813367, -22.198356 ] ] ] } },
{ "type": "Feature", "properties": { "id": 490, "nome": "Le Rêve Corpal Living Resort", "registro": null, "data_aprovacao": null }, "geometry": { "type": "Polygon", "coordinates": [ [ [ -54.849157, -22.231501 ], [ -54.849226, -22.231407 ], [ -54.84929, -22.231308 ], [ -54.849346, -22.231206 ], [ -54.849395, -22.231101 ], [ -54.849437, -22.230993 ], [ -54.849437, -22.230993 ], [ -54.849482, -22.230853 ], [ -54.850227, -22.228468 ], [ -54.85034, -22.228288 ], [ -54.850462, -22.228121 ], [ -54.850517, -22.227935 ], [ -54.850531, -22.22776 ], [ -54.851872, -22.229728 ], [ -54.853097, -22.230677 ], [ -54.855057, -22.23175 ], [ -54.855441, -22.231551 ], [ -54.856411, -22.229721 ], [ -54.85856, -22.231874 ], [ -54.858389, -22.232629 ], [ -54.857929, -22.232495 ], [ -54.857791, -22.232374 ], [ -54.857791, -22.232374 ], [ -54.857457, -22.233188 ], [ -54.857072, -22.233982 ], [ -54.856206, -22.233885 ], [ -54.856023, -22.234221 ], [ -54.853965, -22.233465 ], [ -54.85267, -22.232855 ], [ -54.85112, -22.232124 ], [ -54.85081, -22.231979 ], [ -54.850674, -22.232215 ], [ -54.849157, -22.231501 ] ] ] } },
{ "type": "Feature", "properties": { "id": 28, "nome": "CHÁCARA 38", "registro": "GEO", "data_aprovacao": null }, "geometry": { "type": "Polygon", "coordinates": [ [ [ -54.816405, -22.222757 ], [ -54.815648, -22.226966 ], [ -54.814814, -22.227084 ], [ -54.814717, -22.222899 ], [ -54.814712, -22.222711 ], [ -54.816405, -22.222757 ] ] ] } },
{ "type": "Feature", "properties": { "id": 491, "nome": "CONJUNTO HABITACIONAL EULÁLIA PIRES 2", "registro": null, "data_aprovacao": null }, "geometry": { "type": "Polygon", "coordinates": [ [ [ -54.826637, -22.245785 ], [ -54.826652, -22.245691 ], [ -54.826662, -22.245617 ], [ -54.826674, -22.245521 ], [ -54.826686, -22.245434 ], [ -54.8267, -22.24533 ], [ -54.826712, -22.245239 ], [ -54.826724, -22.24515 ], [ -54.826737, -22.245053 ], [ -54.826729, -22.245053 ], [ -54.826744, -22.24494 ], [ -54.826957, -22.244962 ], [ -54.827151, -22.244982 ], [ -54.827165, -22.244999 ], [ -54.827158, -22.245084 ], [ -54.827149, -22.245179 ], [ -54.827138, -22.245269 ], [ -54.827129, -22.245345 ], [ -54.82712, -22.24542 ], [ -54.82711, -22.245499 ], [ -54.827102, -22.245498 ], [ -54.827089, -22.245586 ], [ -54.827079, -22.245666 ], [ -54.827068, -22.245762 ], [ -54.827055, -22.245862 ], [ -54.827044, -22.245955 ], [ -54.826894, -22.245942 ], [ -54.826749, -22.245927 ], [ -54.826618, -22.245913 ], [ -54.826637, -22.245785 ] ] ] } },
{ "type": "Feature", "properties": { "id": 40, "nome": "VILA PLANALTO", "registro": "GEO", "data_aprovacao": "31/03/1951" }, "geometry": { "type": "Polygon", "coordinates": [ [ [ -54.80842, -22.219627 ], [ -54.808894, -22.219679 ], [ -54.80888, -22.219859 ], [ -54.808391, -22.2204 ], [ -54.808157, -22.220698 ], [ -54.806307, -22.222354 ], [ -54.805981, -22.222639 ], [ -54.805959, -22.222816 ], [ -54.80499, -22.22271 ], [ -54.804731, -22.224699 ], [ -54.80196, -22.224386 ], [ -54.802234, -22.222256 ], [ -54.801248, -22.222135 ], [ -54.801356, -22.22125 ], [ -54.799832, -22.221055 ], [ -54.799969, -22.219979 ], [ -54.799, -22.219879 ], [ -54.798799, -22.219864 ], [ -54.797478, -22.219037 ], [ -54.797557, -22.218917 ], [ -54.799315, -22.216209 ], [ -54.800414, -22.214694 ], [ -54.800622, -22.214794 ], [ -54.800892, -22.214924 ], [ -54.801522, -22.215226 ], [ -54.801582, -22.215153 ], [ -54.803183, -22.215783 ], [ -54.803756, -22.216145 ], [ -54.803728, -22.216332 ], [ -54.803678, -22.216915 ], [ -54.803198, -22.216859 ], [ -54.802914, -22.219028 ], [ -54.803881, -22.219134 ], [ -54.804016, -22.218072 ], [ -54.805275, -22.218208 ], [ -54.805352, -22.21752 ], [ -54.806009, -22.217883 ], [ -54.806485, -22.218364 ], [ -54.807198, -22.218848 ], [ -54.80842, -22.219627 ] ] ] } },
{ "type": "Feature", "properties": { "id": 42, "nome": "JARDIM OURO VERDE", "registro": "3798 TRANSCRIÇÃO", "data_aprovacao": "21/12/1971" }, "geometry": { "type": "Polygon", "coordinates": [ [ [ -54.78209, -22.223377 ], [ -54.776352, -22.222779 ], [ -54.776471, -22.221753 ], [ -54.775314, -22.221625 ], [ -54.776039, -22.215062 ], [ -54.778271, -22.21493 ], [ -54.779326, -22.215239 ], [ -54.779675, -22.21579 ], [ -54.779834, -22.216001 ], [ -54.780221, -22.216555 ], [ -54.78034, -22.216775 ], [ -54.780509, -22.216956 ], [ -54.780667, -22.217261 ], [ -54.780797, -22.217421 ], [ -54.781401, -22.217963 ], [ -54.781547, -22.218111 ], [ -54.781713, -22.218251 ], [ -54.782012, -22.21847 ], [ -54.782656, -22.218925 ], [ -54.78209, -22.223377 ] ] ] } },
{ "type": "Feature", "properties": { "id": 45, "nome": "JOÃO PAULO II", "registro": "34861", "data_aprovacao": null }, "geometry": { "type": "Polygon", "coordinates": [ [ [ -54.771002, -22.227121 ], [ -54.770719, -22.232352 ], [ -54.769258, -22.232283 ], [ -54.767331, -22.232427 ], [ -54.765754, -22.231417 ], [ -54.765682, -22.228996 ], [ -54.765865, -22.228488 ], [ -54.765983, -22.22806 ], [ -54.76627, -22.228048 ], [ -54.76648, -22.227884 ], [ -54.771002, -22.227121 ] ] ] } },
{ "type": "Feature", "properties": { "id": 47, "nome": "JARDIM SANTO ANDRÉ", "registro": "GEO", "data_aprovacao": null }, "geometry": { "type": "Polygon", "coordinates": [ [ [ -54.804074, -22.235209 ], [ -54.804005, -22.235307 ], [ -54.803994, -22.235467 ], [ -54.796019, -22.235641 ], [ -54.793993, -22.235671 ], [ -54.794096, -22.235044 ], [ -54.796171, -22.234192 ], [ -54.799487, -22.232924 ], [ -54.799781, -22.232811 ], [ -54.801072, -22.231427 ], [ -54.804858, -22.231845 ], [ -54.804496, -22.233291 ], [ -54.804342, -22.233457 ], [ -54.804231, -22.234715 ], [ -54.804074, -22.235209 ] ] ] } },
{ "type": "Feature", "properties": { "id": 492, "nome": "VILA DOS OFÍCIOS NOVO HORIZONTE", "registro": null, "data_aprovacao": null }, "geometry": { "type": "Polygon", "coordinates": [ [ [ -54.844643, -22.234974 ], [ -54.844583, -22.234914 ], [ -54.844541, -22.234872 ], [ -54.844493, -22.234824 ], [ -54.844446, -22.234777 ], [ -54.844385, -22.234716 ], [ -54.844492, -22.234625 ], [ -54.845296, -22.233941 ], [ -54.845438, -22.233821 ], [ -54.845495, -22.233876 ], [ -54.845539, -22.233918 ], [ -54.845588, -22.233965 ], [ -54.845636, -22.234012 ], [ -54.845692, -22.234066 ], [ -54.845848, -22.234216 ], [ -54.845751, -22.234299 ], [ -54.845696, -22.23435 ], [ -54.84569, -22.234345 ], [ -54.845639, -22.234389 ], [ -54.845587, -22.234433 ], [ -54.845537, -22.234477 ], [ -54.845488, -22.234518 ], [ -54.845438, -22.234562 ], [ -54.845391, -22.234605 ], [ -54.845384, -22.234599 ], [ -54.845333, -22.234642 ], [ -54.845285, -22.234683 ], [ -54.845235, -22.234726 ], [ -54.845183, -22.234769 ], [ -54.845134, -22.234811 ], [ -54.845082, -22.234855 ], [ -54.845087, -22.234859 ], [ -54.845039, -22.234901 ], [ -54.844986, -22.234946 ], [ -54.844938, -22.234988 ], [ -54.844882, -22.235037 ], [ -54.844787, -22.235118 ], [ -54.844643, -22.234974 ] ] ] } },
{ "type": "Feature", "properties": { "id": 62, "nome": "JARDIM MAIPU", "registro": "12844", "data_aprovacao": "18/05/1951" }, "geometry": { "type": "Polygon", "coordinates": [ [ [ -54.772043, -22.220174 ], [ -54.773145, -22.220302 ], [ -54.772996, -22.221405 ], [ -54.770676, -22.221164 ], [ -54.770711, -22.220749 ], [ -54.770186, -22.220661 ], [ -54.769707, -22.219134 ], [ -54.769613, -22.218845 ], [ -54.76845, -22.215133 ], [ -54.769244, -22.21511 ], [ -54.77211, -22.215021 ], [ -54.772674, -22.215004 ], [ -54.772043, -22.220174 ] ] ] } },
{ "type": "Feature", "properties": { "id": 67, "nome": "JARDIM AMÉRICA", "registro": "GEO", "data_aprovacao": null }, "geometry": { "type": "Polygon", "coordinates": [ [ [ -54.819092, -22.223958 ], [ -54.81902, -22.22491 ], [ -54.81739, -22.224752 ], [ -54.817629, -22.222683 ], [ -54.819092, -22.223958 ] ] ] } },
{ "type": "Feature", "properties": { "id": 493, "nome": "CONDOMÍNIO RESIDENCIA VILLA MILETO", "registro": null, "data_aprovacao": null }, "geometry": { "type": "Polygon", "coordinates": [ [ [ -54.736539, -22.24929 ], [ -54.735698, -22.249957 ], [ -54.735432, -22.249395 ], [ -54.735962, -22.248976 ], [ -54.736246, -22.249286 ], [ -54.736467, -22.24911 ], [ -54.736539, -22.24929 ] ] ] } },
{ "type": "Feature", "properties": { "id": 92, "nome": "DISTRITO DE VILA VARGAS", "registro": "GEO", "data_aprovacao": null }, "geometry": { "type": "Polygon", "coordinates": [ [ [ -54.620975, -22.138863 ], [ -54.620548, -22.138531 ], [ -54.614336, -22.145458 ], [ -54.605412, -22.138512 ], [ -54.611625, -22.131584 ], [ -54.6113, -22.13133 ], [ -54.619857, -22.121787 ], [ -54.6263, -22.126804 ], [ -54.622134, -22.131547 ], [ -54.624799, -22.133817 ], [ -54.624567, -22.135153 ], [ -54.620975, -22.138863 ] ], [ [ -54.614915, -22.139166 ], [ -54.61628, -22.137641 ], [ -54.615462, -22.137005 ], [ -54.614097, -22.13853 ], [ -54.614915, -22.139166 ] ] ] } },
{ "type": "Feature", "properties": { "id": 95, "nome": "PARQUE DAS NAÇÕES I", "registro": "47157, 56397 E 48398 TRANSCRIÇÕES", "data_aprovacao": "25/11/1976" }, "geometry": { "type": "Polygon", "coordinates": [ [ [ -54.769258, -22.232283 ], [ -54.770719, -22.232352 ], [ -54.77057, -22.23422 ], [ -54.770511, -22.234514 ], [ -54.770323, -22.235348 ], [ -54.769891, -22.235267 ], [ -54.769929, -22.23509 ], [ -54.769644, -22.235036 ], [ -54.769778, -22.234417 ], [ -54.769283, -22.234324 ], [ -54.769053, -22.235383 ], [ -54.769533, -22.235458 ], [ -54.76934, -22.236344 ], [ -54.770196, -22.236497 ], [ -54.770128, -22.237428 ], [ -54.767009, -22.238936 ], [ -54.766009, -22.239411 ], [ -54.765761, -22.239746 ], [ -54.759999, -22.238884 ], [ -54.759991, -22.238661 ], [ -54.760033, -22.238116 ], [ -54.759751, -22.236769 ], [ -54.749584, -22.232734 ], [ -54.747741, -22.231907 ], [ -54.750568, -22.228303 ], [ -54.750607, -22.228253 ], [ -54.750887, -22.228377 ], [ -54.75228, -22.228951 ], [ -54.7539, -22.229622 ], [ -54.754095, -22.22888 ], [ -54.758482, -22.229035 ], [ -54.759097, -22.227434 ], [ -54.760187, -22.228039 ], [ -54.761247, -22.228463 ], [ -54.761481, -22.228596 ], [ -54.761644, -22.228793 ], [ -54.762465, -22.229299 ], [ -54.762503, -22.228632 ], [ -54.762726, -22.228147 ], [ -54.762838, -22.22726 ], [ -54.76335, -22.227307 ], [ -54.763789, -22.227074 ], [ -54.764361, -22.227441 ], [ -54.76568, -22.228996 ], [ -54.765754, -22.231417 ], [ -54.767331, -22.232427 ], [ -54.769258, -22.232283 ] ] ] } },
{ "type": "Feature", "properties": { "id": 100, "nome": "JARDIM CLÍMAX", "registro": "4130 TRANSCRIÇÃO", "data_aprovacao": null }, "geometry": { "type": "Polygon", "coordinates": [ [ [ -54.82334, -22.236337 ], [ -54.824807, -22.23406 ], [ -54.825222, -22.232992 ], [ -54.826049, -22.225984 ], [ -54.830524, -22.226445 ], [ -54.830331, -22.228782 ], [ -54.830141, -22.231071 ], [ -54.830488, -22.232738 ], [ -54.83055, -22.23335 ], [ -54.830797, -22.234583 ], [ -54.831126, -22.235834 ], [ -54.831635, -22.237873 ], [ -54.830668, -22.237338 ], [ -54.829747, -22.236761 ], [ -54.826773, -22.23471 ], [ -54.82563, -22.237578 ], [ -54.82334, -22.236337 ] ] ] } },
{ "type": "Feature", "properties": { "id": 105, "nome": "JARDIM CENTRAL", "registro": "GEO", "data_aprovacao": null }, "geometry": { "type": "Polygon", "coordinates": [ [ [ -54.813127, -22.226692 ], [ -54.810916, -22.226446 ], [ -54.811603, -22.220919 ], [ -54.812324, -22.2207 ], [ -54.812413, -22.221424 ], [ -54.813129, -22.221496 ], [ -54.81324, -22.222336 ], [ -54.813108, -22.223419 ], [ -54.813525, -22.223465 ], [ -54.813127, -22.226692 ] ] ] } },
{ "type": "Feature", "properties": { "id": 89, "nome": "VILA MARTINS", "registro": "51656 TRANSCRIÇÃO", "data_aprovacao": null }, "geometry": { "type": "Polygon", "coordinates": [ [ [ -54.784208, -22.237227 ], [ -54.781038, -22.236933 ], [ -54.781179, -22.235485 ], [ -54.781222, -22.235184 ], [ -54.785262, -22.235599 ], [ -54.785099, -22.236997 ], [ -54.784208, -22.237227 ] ] ] } },
{ "type": "Feature", "properties": { "id": 113, "nome": "VILA INDUSTRIAL", "registro": "24386", "data_aprovacao": "06/11/1973" }, "geometry": { "type": "Polygon", "coordinates": [ [ [ -54.785564, -22.233364 ], [ -54.774079, -22.232458 ], [ -54.774573, -22.228476 ], [ -54.776878, -22.228746 ], [ -54.776999, -22.227656 ], [ -54.777129, -22.226763 ], [ -54.779243, -22.226992 ], [ -54.779111, -22.228058 ], [ -54.78027, -22.228182 ], [ -54.780136, -22.229258 ], [ -54.782644, -22.229536 ], [ -54.783605, -22.229634 ], [ -54.78357, -22.229921 ], [ -54.78494, -22.230046 ], [ -54.784627, -22.232941 ], [ -54.7856, -22.233054 ], [ -54.785564, -22.233364 ] ] ] } },
{ "type": "Feature", "properties": { "id": 106, "nome": "VILA DELFUS", "registro": "GEO", "data_aprovacao": null }, "geometry": { "type": "Polygon", "coordinates": [ [ [ -54.820733, -22.227615 ], [ -54.820953, -22.225573 ], [ -54.82196, -22.22455 ], [ -54.822533, -22.223927 ], [ -54.822066, -22.227762 ], [ -54.820733, -22.227615 ] ] ] } },
{ "type": "Feature", "properties": { "id": 128, "nome": "VILA APARECIDA", "registro": "38207 TRANSCRIÇÃO", "data_aprovacao": "13/07/1969" }, "geometry": { "type": "Polygon", "coordinates": [ [ [ -54.820953, -22.225573 ], [ -54.817629, -22.222683 ], [ -54.81803, -22.219268 ], [ -54.820214, -22.218888 ], [ -54.820395, -22.218975 ], [ -54.819221, -22.220705 ], [ -54.818635, -22.221598 ], [ -54.82196, -22.22455 ], [ -54.820953, -22.225573 ] ] ] } },
{ "type": "Feature", "properties": { "id": 122, "nome": "JARDIM YOSHIKAWA", "registro": "70076", "data_aprovacao": "02/06/2002" }, "geometry": { "type": "Polygon", "coordinates": [ [ [ -54.763881, -22.222509 ], [ -54.76395, -22.222007 ], [ -54.763662, -22.221972 ], [ -54.763888, -22.220327 ], [ -54.765009, -22.220516 ], [ -54.764954, -22.220778 ], [ -54.765335, -22.220864 ], [ -54.766332, -22.221252 ], [ -54.765589, -22.222714 ], [ -54.763881, -22.222509 ] ] ] } },
{ "type": "Feature", "properties": { "id": 143, "nome": "VILA TONANI II", "registro": "29552", "data_aprovacao": "21/01/1977" }, "geometry": { "type": "Polygon", "coordinates": [ [ [ -54.814759, -22.215999 ], [ -54.813768, -22.216176 ], [ -54.813035, -22.215165 ], [ -54.812825, -22.214661 ], [ -54.812797, -22.214343 ], [ -54.812843, -22.213933 ], [ -54.813468, -22.213988 ], [ -54.815029, -22.213735 ], [ -54.814759, -22.215999 ] ] ] } },
{ "type": "Feature", "properties": { "id": 146, "nome": "PARQUE NOVA DOURADOS", "registro": "48753", "data_aprovacao": "16/10/1986" }, "geometry": { "type": "Polygon", "coordinates": [ [ [ -54.783895, -22.246284 ], [ -54.78448, -22.241985 ], [ -54.785013, -22.241944 ], [ -54.794349, -22.2411 ], [ -54.794357, -22.241913 ], [ -54.794346, -22.245542 ], [ -54.794348, -22.246361 ], [ -54.794349, -22.246788 ], [ -54.793253, -22.246669 ], [ -54.786726, -22.245957 ], [ -54.786093, -22.245888 ], [ -54.783895, -22.246284 ] ] ] } },
{ "type": "Feature", "properties": { "id": 372, "nome": "DISTRITO DE INDÁPOLIS", "registro": "GEO", "data_aprovacao": null }, "geometry": { "type": "Polygon", "coordinates": [ [ [ -54.647195, -22.197502 ], [ -54.663414, -22.211586 ], [ -54.657293, -22.218486 ], [ -54.656216, -22.217642 ], [ -54.650136, -22.224337 ], [ -54.639823, -22.216256 ], [ -54.645793, -22.209458 ], [ -54.640551, -22.20536 ], [ -54.647195, -22.197502 ] ] ] } },
{ "type": "Feature", "properties": { "id": 163, "nome": "JARDIM NOVO HORIZONTE", "registro": "66066", "data_aprovacao": "12/07/2001" }, "geometry": { "type": "Polygon", "coordinates": [ [ [ -54.846813, -22.225124 ], [ -54.850701, -22.226662 ], [ -54.850454, -22.227216 ], [ -54.850382, -22.22748 ], [ -54.850303, -22.227451 ], [ -54.849227, -22.230825 ], [ -54.847554, -22.232177 ], [ -54.848087, -22.233964 ], [ -54.848893, -22.236739 ], [ -54.84996, -22.240286 ], [ -54.84971, -22.240275 ], [ -54.844802, -22.239909 ], [ -54.843616, -22.238715 ], [ -54.844862, -22.237647 ], [ -54.842949, -22.235715 ], [ -54.844144, -22.234684 ], [ -54.842561, -22.233095 ], [ -54.844941, -22.231014 ], [ -54.843545, -22.229608 ], [ -54.842653, -22.228708 ], [ -54.846813, -22.225124 ] ], [ [ -54.84745, -22.235768 ], [ -54.846001, -22.234311 ], [ -54.844948, -22.235218 ], [ -54.846397, -22.236676 ], [ -54.84745, -22.235768 ] ], [ [ -54.845438, -22.233821 ], [ -54.845296, -22.233941 ], [ -54.844492, -22.234625 ], [ -54.844385, -22.234716 ], [ -54.844446, -22.234777 ], [ -54.844493, -22.234824 ], [ -54.844541, -22.234872 ], [ -54.844583, -22.234914 ], [ -54.844643, -22.234974 ], [ -54.844787, -22.235118 ], [ -54.844882, -22.235037 ], [ -54.844938, -22.234988 ], [ -54.844986, -22.234946 ], [ -54.845039, -22.234901 ], [ -54.845087, -22.234859 ], [ -54.845082, -22.234855 ], [ -54.845134, -22.234811 ], [ -54.845183, -22.234769 ], [ -54.845235, -22.234726 ], [ -54.845285, -22.234683 ], [ -54.84533, -22.234645 ], [ -54.845384, -22.234599 ], [ -54.845391, -22.234605 ], [ -54.845438, -22.234562 ], [ -54.845488, -22.234518 ], [ -54.845537, -22.234477 ], [ -54.845587, -22.234433 ], [ -54.845639, -22.234389 ], [ -54.84569, -22.234345 ], [ -54.845696, -22.23435 ], [ -54.845751, -22.234299 ], [ -54.845848, -22.234216 ], [ -54.845692, -22.234066 ], [ -54.845636, -22.234012 ], [ -54.845588, -22.233965 ], [ -54.845539, -22.233918 ], [ -54.845495, -22.233876 ], [ -54.845438, -22.233821 ] ] ] } },
{ "type": "Feature", "properties": { "id": 152, "nome": "RESIDENCIAL PONTE BRANCA I", "registro": "77641", "data_aprovacao": null }, "geometry": { "type": "Polygon", "coordinates": [ [ [ -54.770957, -22.231559 ], [ -54.771908, -22.231663 ], [ -54.771856, -22.233892 ], [ -54.771857, -22.233914 ], [ -54.77063, -22.234306 ], [ -54.770854, -22.232629 ], [ -54.770897, -22.232311 ], [ -54.770904, -22.232274 ], [ -54.770938, -22.23179 ], [ -54.770957, -22.231559 ] ] ] } },
{ "type": "Feature", "properties": { "id": 185, "nome": "PARQUE ALVORADA", "registro": "25976", "data_aprovacao": "28/11/1979" }, "geometry": { "type": "Polygon", "coordinates": [ [ [ -54.843485, -22.216612 ], [ -54.832841, -22.223054 ], [ -54.833048, -22.221273 ], [ -54.830775, -22.221075 ], [ -54.830848, -22.218895 ], [ -54.830884, -22.217807 ], [ -54.830932, -22.216621 ], [ -54.830973, -22.215222 ], [ -54.831014, -22.213911 ], [ -54.831093, -22.211442 ], [ -54.83204, -22.210195 ], [ -54.835296, -22.20824 ], [ -54.834879, -22.207634 ], [ -54.837167, -22.206261 ], [ -54.836061, -22.203968 ], [ -54.837585, -22.203222 ], [ -54.838551, -22.205444 ], [ -54.839197, -22.206904 ], [ -54.839828, -22.208333 ], [ -54.840743, -22.210366 ], [ -54.842207, -22.213733 ], [ -54.843236, -22.216069 ], [ -54.843485, -22.216612 ] ], [ [ -54.842342, -22.21629 ], [ -54.840463, -22.21741 ], [ -54.840933, -22.218112 ], [ -54.842812, -22.216993 ], [ -54.842342, -22.21629 ] ] ] } },
{ "type": "Feature", "properties": { "id": 187, "nome": "TERRA ROXA", "registro": "57054", "data_aprovacao": null }, "geometry": { "type": "Polygon", "coordinates": [ [ [ -54.786726, -22.245957 ], [ -54.793253, -22.246669 ], [ -54.793059, -22.248243 ], [ -54.787981, -22.248728 ], [ -54.786471, -22.248868 ], [ -54.786119, -22.248906 ], [ -54.783505, -22.24916 ], [ -54.783779, -22.247072 ], [ -54.786537, -22.247387 ], [ -54.786726, -22.245957 ] ] ] } },
{ "type": "Feature", "properties": { "id": 197, "nome": "VILA RUI BARBOSA", "registro": "GEO", "data_aprovacao": "05/03/1954" }, "geometry": { "type": "Polygon", "coordinates": [ [ [ -54.824279, -22.226896 ], [ -54.823302, -22.226787 ], [ -54.823175, -22.227784 ], [ -54.822081, -22.227665 ], [ -54.822533, -22.223927 ], [ -54.823024, -22.223404 ], [ -54.824684, -22.221054 ], [ -54.824986, -22.22122 ], [ -54.824279, -22.226896 ] ] ] } },
{ "type": "Feature", "properties": { "id": 184, "nome": "VILA NORTE", "registro": "56373", "data_aprovacao": "30/10//1989" }, "geometry": { "type": "Polygon", "coordinates": [ [ [ -54.789998, -22.208407 ], [ -54.789949, -22.208794 ], [ -54.790268, -22.208853 ], [ -54.790169, -22.209124 ], [ -54.789639, -22.209032 ], [ -54.788763, -22.20889 ], [ -54.787483, -22.208657 ], [ -54.787475, -22.207319 ], [ -54.789998, -22.208407 ] ] ] } },
{ "type": "Feature", "properties": { "id": 198, "nome": "VILA CACHOEIRINHA", "registro": "60915", "data_aprovacao": "04/05/1995" }, "geometry": { "type": "Polygon", "coordinates": [ [ [ -54.823044, -22.249031 ], [ -54.823196, -22.247775 ], [ -54.825093, -22.248001 ], [ -54.827106, -22.251288 ], [ -54.826883, -22.251466 ], [ -54.826738, -22.251645 ], [ -54.826617, -22.251932 ], [ -54.826629, -22.252004 ], [ -54.826599, -22.252293 ], [ -54.826583, -22.25251 ], [ -54.825977, -22.252369 ], [ -54.825764, -22.253992 ], [ -54.825685, -22.254087 ], [ -54.825658, -22.254201 ], [ -54.825566, -22.25426 ], [ -54.82515, -22.254423 ], [ -54.825078, -22.254464 ], [ -54.824914, -22.254594 ], [ -54.82481, -22.254647 ], [ -54.824686, -22.2547 ], [ -54.824641, -22.254729 ], [ -54.824639, -22.254801 ], [ -54.824568, -22.254849 ], [ -54.824444, -22.254865 ], [ -54.824386, -22.254888 ], [ -54.824385, -22.254942 ], [ -54.824377, -22.255021 ], [ -54.824221, -22.255067 ], [ -54.823903, -22.255147 ], [ -54.823838, -22.255188 ], [ -54.823661, -22.255318 ], [ -54.823498, -22.255388 ], [ -54.823387, -22.255459 ], [ -54.823275, -22.25559 ], [ -54.823054, -22.255689 ], [ -54.822929, -22.255838 ], [ -54.822845, -22.255843 ], [ -54.822753, -22.255914 ], [ -54.82244, -22.256078 ], [ -54.822233, -22.256118 ], [ -54.822154, -22.256177 ], [ -54.82199, -22.256295 ], [ -54.821913, -22.256312 ], [ -54.821862, -22.256233 ], [ -54.821811, -22.256214 ], [ -54.821719, -22.256279 ], [ -54.821692, -22.256357 ], [ -54.821826, -22.256443 ], [ -54.82178, -22.256545 ], [ -54.821682, -22.256586 ], [ -54.82174, -22.256617 ], [ -54.821796, -22.256726 ], [ -54.821457, -22.256938 ], [ -54.821347, -22.256894 ], [ -54.821192, -22.25691 ], [ -54.821044, -22.256872 ], [ -54.820843, -22.256918 ], [ -54.820583, -22.256999 ], [ -54.820483, -22.257184 ], [ -54.820244, -22.257572 ], [ -54.820092, -22.257781 ], [ -54.819912, -22.257682 ], [ -54.819874, -22.257651 ], [ -54.819764, -22.257402 ], [ -54.819142, -22.255912 ], [ -54.819238, -22.255887 ], [ -54.820226, -22.255593 ], [ -54.820534, -22.252912 ], [ -54.819544, -22.252805 ], [ -54.819567, -22.252609 ], [ -54.819162, -22.251838 ], [ -54.819218, -22.250342 ], [ -54.819969, -22.251114 ], [ -54.822498, -22.249024 ], [ -54.82262, -22.248987 ], [ -54.823044, -22.249031 ] ] ] } },
{ "type": "Feature", "properties": { "id": 200, "nome": "VISTA ALEGRE", "registro": "25941", "data_aprovacao": "17/05/1979" }, "geometry": { "type": "Polygon", "coordinates": [ [ [ -54.811149, -22.25734 ], [ -54.81102, -22.258334 ], [ -54.811001, -22.258484 ], [ -54.803754, -22.259566 ], [ -54.802329, -22.259774 ], [ -54.800537, -22.260043 ], [ -54.798785, -22.26031 ], [ -54.799281, -22.256369 ], [ -54.811105, -22.254727 ], [ -54.811113, -22.254776 ], [ -54.811149, -22.25734 ] ] ] } },
{ "type": "Feature", "properties": { "id": 204, "nome": "IZIDRO PEDROSO", "registro": "54160", "data_aprovacao": null }, "geometry": { "type": "Polygon", "coordinates": [ [ [ -54.7958, -22.240969 ], [ -54.785013, -22.241944 ], [ -54.785427, -22.238722 ], [ -54.786684, -22.238435 ], [ -54.793967, -22.236795 ], [ -54.794068, -22.236991 ], [ -54.794205, -22.237139 ], [ -54.79443, -22.237272 ], [ -54.794464, -22.237321 ], [ -54.794549, -22.237419 ], [ -54.794617, -22.237534 ], [ -54.794667, -22.237697 ], [ -54.7947, -22.237811 ], [ -54.794717, -22.237876 ], [ -54.7948, -22.238112 ], [ -54.794815, -22.238259 ], [ -54.794915, -22.238552 ], [ -54.795017, -22.238732 ], [ -54.795101, -22.238944 ], [ -54.795151, -22.239091 ], [ -54.795093, -22.239431 ], [ -54.795021, -22.239608 ], [ -54.795036, -22.239754 ], [ -54.795121, -22.239902 ], [ -54.795308, -22.240164 ], [ -54.795234, -22.240487 ], [ -54.795319, -22.240586 ], [ -54.795387, -22.240684 ], [ -54.795664, -22.24085 ], [ -54.7958, -22.240969 ] ] ] } },
{ "type": "Feature", "properties": { "id": 210, "nome": "SITIÓCAS CAMPINA VERDE", "registro": "65548", "data_aprovacao": "02/10/2006" }, "geometry": { "type": "Polygon", "coordinates": [ [ [ -54.815175, -22.262822 ], [ -54.819307, -22.259418 ], [ -54.839741, -22.259544 ], [ -54.839679, -22.268378 ], [ -54.823242, -22.267729 ], [ -54.822985, -22.267161 ], [ -54.815175, -22.262822 ] ], [ [ -54.836192, -22.267968 ], [ -54.839489, -22.268096 ], [ -54.839514, -22.264644 ], [ -54.836215, -22.26462 ], [ -54.836192, -22.267968 ] ], [ [ -54.834891, -22.262762 ], [ -54.833882, -22.262756 ], [ -54.833869, -22.264561 ], [ -54.834877, -22.264568 ], [ -54.834891, -22.262762 ] ], [ [ -54.830278, -22.264679 ], [ -54.829308, -22.264673 ], [ -54.829296, -22.266298 ], [ -54.830266, -22.266305 ], [ -54.830278, -22.264679 ] ] ] } },
{ "type": "Feature", "properties": { "id": 202, "nome": "PT. CHÁCARA 104", "registro": "84418", "data_aprovacao": null }, "geometry": { "type": "Polygon", "coordinates": [ [ [ -54.791861, -22.216297 ], [ -54.79308, -22.21644 ], [ -54.792655, -22.219014 ], [ -54.791538, -22.218907 ], [ -54.791861, -22.216297 ] ] ] } },
{ "type": "Feature", "properties": { "id": 224, "nome": "RESIDENCIAL PELICANO", "registro": "46758 TRANSCRICAO", "data_aprovacao": null }, "geometry": { "type": "Polygon", "coordinates": [ [ [ -54.77756, -22.207905 ], [ -54.777525, -22.208406 ], [ -54.777558, -22.209126 ], [ -54.776936, -22.209225 ], [ -54.77619, -22.209337 ], [ -54.776022, -22.211035 ], [ -54.775594, -22.215088 ], [ -54.773725, -22.214988 ], [ -54.772674, -22.215004 ], [ -54.77211, -22.215021 ], [ -54.772056, -22.214521 ], [ -54.772065, -22.214462 ], [ -54.771105, -22.214338 ], [ -54.77124, -22.213444 ], [ -54.767845, -22.213004 ], [ -54.767518, -22.211853 ], [ -54.768689, -22.210194 ], [ -54.770697, -22.21051 ], [ -54.771199, -22.207494 ], [ -54.772204, -22.20764 ], [ -54.772063, -22.208535 ], [ -54.774084, -22.208811 ], [ -54.774313, -22.207359 ], [ -54.77756, -22.207905 ] ] ] } },
{ "type": "Feature", "properties": { "id": 212, "nome": "VILA AURORA", "registro": "23847 TRANSCRIÇÃO", "data_aprovacao": null }, "geometry": { "type": "Polygon", "coordinates": [ [ [ -54.830848, -22.218895 ], [ -54.830775, -22.221075 ], [ -54.829602, -22.220941 ], [ -54.829475, -22.222358 ], [ -54.826991, -22.222112 ], [ -54.827179, -22.220612 ], [ -54.82706, -22.220536 ], [ -54.827321, -22.218504 ], [ -54.830848, -22.218895 ] ] ] } },
{ "type": "Feature", "properties": { "id": 230, "nome": "VILA TOSCANA 2", "registro": "97897", "data_aprovacao": "29/12/2014" }, "geometry": { "type": "Polygon", "coordinates": [ [ [ -54.838518, -22.24371 ], [ -54.840494, -22.245697 ], [ -54.841391, -22.244925 ], [ -54.841524, -22.245058 ], [ -54.841673, -22.244928 ], [ -54.842498, -22.244217 ], [ -54.84263, -22.244104 ], [ -54.84356, -22.24504 ], [ -54.844528, -22.244206 ], [ -54.844655, -22.244326 ], [ -54.845595, -22.243516 ], [ -54.845891, -22.243814 ], [ -54.84609, -22.243643 ], [ -54.846322, -22.243875 ], [ -54.838109, -22.250952 ], [ -54.837936, -22.244622 ], [ -54.837473, -22.244364 ], [ -54.839283, -22.242805 ], [ -54.839414, -22.242937 ], [ -54.838518, -22.24371 ] ] ] } },
{ "type": "Feature", "properties": { "id": 231, "nome": "VILA RUBI", "registro": "84629", "data_aprovacao": "07/03/2014" }, "geometry": { "type": "Polygon", "coordinates": [ [ [ -54.748181, -22.225613 ], [ -54.74731, -22.225491 ], [ -54.747816, -22.222178 ], [ -54.748711, -22.222109 ], [ -54.748508, -22.22345 ], [ -54.748181, -22.225613 ] ] ] } },
{ "type": "Feature", "properties": { "id": 234, "nome": "PARQUE DOS COQUEIROS", "registro": "62877", "data_aprovacao": "07/03/1995" }, "geometry": { "type": "Polygon", "coordinates": [ [ [ -54.795794, -22.249891 ], [ -54.795563, -22.247994 ], [ -54.795477, -22.246848 ], [ -54.794349, -22.246788 ], [ -54.794348, -22.246361 ], [ -54.796219, -22.246574 ], [ -54.796325, -22.245767 ], [ -54.794346, -22.245542 ], [ -54.794357, -22.241913 ], [ -54.794349, -22.2411 ], [ -54.795713, -22.241001 ], [ -54.795979, -22.241037 ], [ -54.796198, -22.24105 ], [ -54.796266, -22.241091 ], [ -54.796283, -22.241141 ], [ -54.796263, -22.241241 ], [ -54.796268, -22.241324 ], [ -54.796272, -22.241373 ], [ -54.796276, -22.241436 ], [ -54.796313, -22.241493 ], [ -54.79635, -22.241501 ], [ -54.796343, -22.241549 ], [ -54.79635, -22.241601 ], [ -54.79636, -22.241659 ], [ -54.796354, -22.241743 ], [ -54.796352, -22.24182 ], [ -54.796379, -22.241913 ], [ -54.796409, -22.241964 ], [ -54.796432, -22.242016 ], [ -54.796435, -22.242048 ], [ -54.796459, -22.242123 ], [ -54.796469, -22.242212 ], [ -54.796461, -22.242261 ], [ -54.796476, -22.242307 ], [ -54.796542, -22.242368 ], [ -54.796619, -22.24243 ], [ -54.796639, -22.242462 ], [ -54.796647, -22.242498 ], [ -54.796638, -22.242549 ], [ -54.796627, -22.242582 ], [ -54.796646, -22.242668 ], [ -54.79667, -22.242757 ], [ -54.796745, -22.242837 ], [ -54.796817, -22.242922 ], [ -54.796878, -22.242995 ], [ -54.796917, -22.243046 ], [ -54.796943, -22.243106 ], [ -54.796957, -22.243142 ], [ -54.797018, -22.24323 ], [ -54.797101, -22.24333 ], [ -54.797163, -22.243409 ], [ -54.797288, -22.243541 ], [ -54.797356, -22.243602 ], [ -54.797485, -22.243722 ], [ -54.797565, -22.243789 ], [ -54.797659, -22.243874 ], [ -54.797727, -22.243936 ], [ -54.797806, -22.244009 ], [ -54.797852, -22.244026 ], [ -54.797901, -22.244091 ], [ -54.797967, -22.244163 ], [ -54.798002, -22.244168 ], [ -54.798103, -22.244168 ], [ -54.798178, -22.244191 ], [ -54.798234, -22.244252 ], [ -54.798276, -22.244302 ], [ -54.798341, -22.244377 ], [ -54.798423, -22.244452 ], [ -54.798465, -22.244519 ], [ -54.798473, -22.244587 ], [ -54.798511, -22.244657 ], [ -54.79858, -22.244751 ], [ -54.798656, -22.244839 ], [ -54.798705, -22.244926 ], [ -54.798793, -22.24505 ], [ -54.798924, -22.2452 ], [ -54.798976, -22.245268 ], [ -54.79905, -22.245359 ], [ -54.799088, -22.245428 ], [ -54.799191, -22.245547 ], [ -54.79927, -22.245615 ], [ -54.799342, -22.245651 ], [ -54.799431, -22.24571 ], [ -54.799498, -22.24578 ], [ -54.799523, -22.245847 ], [ -54.799514, -22.245949 ], [ -54.799519, -22.246048 ], [ -54.79958, -22.246121 ], [ -54.799681, -22.246179 ], [ -54.79977, -22.246226 ], [ -54.799878, -22.246271 ], [ -54.799985, -22.246374 ], [ -54.800101, -22.2465 ], [ -54.800128, -22.24654 ], [ -54.800205, -22.246653 ], [ -54.800299, -22.246762 ], [ -54.800423, -22.246855 ], [ -54.800535, -22.246966 ], [ -54.800597, -22.247054 ], [ -54.800668, -22.24718 ], [ -54.800709, -22.247249 ], [ -54.800763, -22.247402 ], [ -54.800771, -22.247471 ], [ -54.800781, -22.247592 ], [ -54.800813, -22.247726 ], [ -54.800834, -22.24785 ], [ -54.800836, -22.248016 ], [ -54.800832, -22.248073 ], [ -54.800817, -22.248138 ], [ -54.80079, -22.248298 ], [ -54.800759, -22.248383 ], [ -54.80072, -22.248524 ], [ -54.8007, -22.248629 ], [ -54.800709, -22.248758 ], [ -54.800674, -22.248838 ], [ -54.800636, -22.248892 ], [ -54.80062, -22.248962 ], [ -54.800616, -22.249032 ], [ -54.800665, -22.24922 ], [ -54.80064, -22.249307 ], [ -54.80057, -22.249424 ], [ -54.800532, -22.249518 ], [ -54.800517, -22.249646 ], [ -54.800482, -22.249772 ], [ -54.800445, -22.249839 ], [ -54.800434, -22.24994 ], [ -54.800446, -22.250007 ], [ -54.800438, -22.250096 ], [ -54.800423, -22.250163 ], [ -54.80041, -22.250258 ], [ -54.8004, -22.250283 ], [ -54.800387, -22.250438 ], [ -54.800354, -22.250465 ], [ -54.798725, -22.250406 ], [ -54.79723, -22.250221 ], [ -54.795794, -22.249891 ] ] ] } },
{ "type": "Feature", "properties": { "id": 239, "nome": "JARDIM SÃO PEDRO", "registro": "GEO", "data_aprovacao": null }, "geometry": { "type": "Polygon", "coordinates": [ [ [ -54.812021, -22.236071 ], [ -54.810546, -22.235917 ], [ -54.806919, -22.235522 ], [ -54.804074, -22.235209 ], [ -54.804231, -22.234715 ], [ -54.804342, -22.233457 ], [ -54.804496, -22.233291 ], [ -54.804858, -22.231845 ], [ -54.811032, -22.232532 ], [ -54.811105, -22.234007 ], [ -54.811205, -22.23482 ], [ -54.811684, -22.235393 ], [ -54.811866, -22.235366 ], [ -54.811971, -22.235845 ], [ -54.812021, -22.236071 ] ] ] } },
{ "type": "Feature", "properties": { "id": 228, "nome": "PORTO MADERO", "registro": "100428", "data_aprovacao": "28/01/2014" }, "geometry": { "type": "Polygon", "coordinates": [ [ [ -54.831201, -22.201628 ], [ -54.826535, -22.202879 ], [ -54.825949, -22.201717 ], [ -54.824737, -22.198478 ], [ -54.82603, -22.197716 ], [ -54.825763, -22.196892 ], [ -54.829911, -22.196047 ], [ -54.831201, -22.201628 ] ] ] } },
{ "type": "Feature", "properties": { "id": 229, "nome": "VIVAL CASTELO", "registro": "109849", "data_aprovacao": "13/11/2014" }, "geometry": { "type": "Polygon", "coordinates": [ [ [ -54.735248, -22.216867 ], [ -54.733407, -22.216482 ], [ -54.731742, -22.216113 ], [ -54.732814, -22.214442 ], [ -54.731123, -22.213202 ], [ -54.732851, -22.211209 ], [ -54.734183, -22.212252 ], [ -54.734199, -22.21228 ], [ -54.73438, -22.213148 ], [ -54.733567, -22.214065 ], [ -54.733979, -22.214381 ], [ -54.734656, -22.214343 ], [ -54.735248, -22.216867 ] ] ] } },
{ "type": "Feature", "properties": { "id": 255, "nome": "CENTRO", "registro": "GEO", "data_aprovacao": null }, "geometry": { "type": "Polygon", "coordinates": [ [ [ -54.824807, -22.23406 ], [ -54.821255, -22.23367 ], [ -54.816068, -22.233089 ], [ -54.813471, -22.232806 ], [ -54.811032, -22.232528 ], [ -54.804858, -22.231845 ], [ -54.801361, -22.231459 ], [ -54.801924, -22.227001 ], [ -54.802887, -22.227104 ], [ -54.802924, -22.226771 ], [ -54.803043, -22.225848 ], [ -54.801797, -22.225706 ], [ -54.80196, -22.224386 ], [ -54.804731, -22.224699 ], [ -54.80499, -22.22271 ], [ -54.805959, -22.222816 ], [ -54.805981, -22.222639 ], [ -54.806307, -22.222354 ], [ -54.808157, -22.220698 ], [ -54.808391, -22.2204 ], [ -54.80888, -22.219859 ], [ -54.8096, -22.219939 ], [ -54.809471, -22.221013 ], [ -54.80902, -22.220964 ], [ -54.80878, -22.222914 ], [ -54.809487, -22.222827 ], [ -54.810735, -22.221991 ], [ -54.810265, -22.221327 ], [ -54.811603, -22.220919 ], [ -54.810916, -22.226446 ], [ -54.813127, -22.226692 ], [ -54.814814, -22.227084 ], [ -54.815648, -22.226966 ], [ -54.816907, -22.227107 ], [ -54.817198, -22.224738 ], [ -54.81739, -22.224752 ], [ -54.81902, -22.22491 ], [ -54.819092, -22.223958 ], [ -54.820953, -22.225573 ], [ -54.820733, -22.227615 ], [ -54.822066, -22.227762 ], [ -54.822081, -22.227665 ], [ -54.823175, -22.227784 ], [ -54.823302, -22.226787 ], [ -54.824279, -22.226896 ], [ -54.825809, -22.227068 ], [ -54.82592, -22.227076 ], [ -54.825222, -22.232992 ], [ -54.824807, -22.23406 ] ] ] } },
{ "type": "Feature", "properties": { "id": 260, "nome": "PARQUE ARNULPHO FIORAVANTI", "registro": "GEO", "data_aprovacao": null }, "geometry": { "type": "Polygon", "coordinates": [ [ [ -54.794631, -22.227352 ], [ -54.794504, -22.228302 ], [ -54.795285, -22.228397 ], [ -54.795333, -22.228617 ], [ -54.79553, -22.228572 ], [ -54.795541, -22.22869 ], [ -54.795442, -22.229444 ], [ -54.795846, -22.229324 ], [ -54.7958, -22.229658 ], [ -54.796105, -22.229582 ], [ -54.796371, -22.230301 ], [ -54.79652, -22.230268 ], [ -54.796285, -22.23229 ], [ -54.795867, -22.232402 ], [ -54.796171, -22.234192 ], [ -54.794096, -22.235044 ], [ -54.793967, -22.235139 ], [ -54.790888, -22.2352 ], [ -54.790537, -22.235101 ], [ -54.789201, -22.229155 ], [ -54.789305, -22.228298 ], [ -54.789261, -22.228235 ], [ -54.786419, -22.22792 ], [ -54.786581, -22.226719 ], [ -54.788524, -22.227002 ], [ -54.789064, -22.227124 ], [ -54.789172, -22.227129 ], [ -54.789595, -22.227072 ], [ -54.791679, -22.227171 ], [ -54.792228, -22.227253 ], [ -54.792747, -22.227211 ], [ -54.79447, -22.227298 ], [ -54.794631, -22.227352 ] ] ] } },
{ "type": "Feature", "properties": { "id": 264, "nome": "CABECEIRA ALEGRE", "registro": "GEO", "data_aprovacao": null }, "geometry": { "type": "Polygon", "coordinates": [ [ [ -54.786385, -22.226785 ], [ -54.7856, -22.233054 ], [ -54.784627, -22.232941 ], [ -54.78494, -22.230046 ], [ -54.78357, -22.229921 ], [ -54.783605, -22.229634 ], [ -54.782644, -22.229536 ], [ -54.780136, -22.229258 ], [ -54.78027, -22.228182 ], [ -54.779111, -22.228058 ], [ -54.779243, -22.226992 ], [ -54.777129, -22.226763 ], [ -54.776999, -22.227656 ], [ -54.776878, -22.228746 ], [ -54.774573, -22.228476 ], [ -54.7753, -22.222668 ], [ -54.776352, -22.222779 ], [ -54.78209, -22.223377 ], [ -54.783714, -22.223547 ], [ -54.785449, -22.223728 ], [ -54.786939, -22.223884 ], [ -54.787897, -22.223984 ], [ -54.788199, -22.224007 ], [ -54.794798, -22.224704 ], [ -54.794902, -22.224721 ], [ -54.797657, -22.225002 ], [ -54.797622, -22.225255 ], [ -54.797502, -22.226171 ], [ -54.797464, -22.226514 ], [ -54.797055, -22.22647 ], [ -54.79762, -22.228186 ], [ -54.798094, -22.229911 ], [ -54.796371, -22.230301 ], [ -54.796105, -22.229582 ], [ -54.7958, -22.229658 ], [ -54.795846, -22.229324 ], [ -54.796537, -22.229106 ], [ -54.796561, -22.228643 ], [ -54.795541, -22.22869 ], [ -54.79553, -22.228572 ], [ -54.795333, -22.228617 ], [ -54.795285, -22.228397 ], [ -54.794504, -22.228302 ], [ -54.794631, -22.227352 ], [ -54.79447, -22.227298 ], [ -54.792747, -22.227211 ], [ -54.792228, -22.227253 ], [ -54.791679, -22.227171 ], [ -54.789595, -22.227072 ], [ -54.789172, -22.227129 ], [ -54.789064, -22.227124 ], [ -54.788524, -22.227002 ], [ -54.786581, -22.226719 ], [ -54.786385, -22.226785 ] ] ] } },
{ "type": "Feature", "properties": { "id": 265, "nome": "CHÁCARA 117", "registro": "GEO", "data_aprovacao": null }, "geometry": { "type": "Polygon", "coordinates": [ [ [ -54.780701, -22.21426 ], [ -54.780589, -22.214401 ], [ -54.780185, -22.214588 ], [ -54.779343, -22.214903 ], [ -54.779292, -22.213054 ], [ -54.779802, -22.212992 ], [ -54.779974, -22.213127 ], [ -54.780701, -22.21426 ] ] ] } },
{ "type": "Feature", "properties": { "id": 286, "nome": "PARQUE DOS JEQUITIBÁS", "registro": "62193", "data_aprovacao": "03/11/1994" }, "geometry": { "type": "Polygon", "coordinates": [ [ [ -54.777418, -22.240539 ], [ -54.784357, -22.238987 ], [ -54.783857, -22.242425 ], [ -54.780013, -22.241941 ], [ -54.779493, -22.24552 ], [ -54.780454, -22.245641 ], [ -54.78, -22.248779 ], [ -54.782883, -22.249133 ], [ -54.781869, -22.256094 ], [ -54.779326, -22.254816 ], [ -54.773245, -22.245449 ], [ -54.774241, -22.244889 ], [ -54.774464, -22.243357 ], [ -54.775997, -22.24355 ], [ -54.776963, -22.243672 ], [ -54.777418, -22.240539 ] ], [ [ -54.778277, -22.244931 ], [ -54.778394, -22.244125 ], [ -54.7775, -22.244013 ], [ -54.777383, -22.244818 ], [ -54.778277, -22.244931 ] ] ] } },
{ "type": "Feature", "properties": { "id": 297, "nome": "JARDIM MANOEL RASSELEN", "registro": "27223", "data_aprovacao": "05/09/1979" }, "geometry": { "type": "Polygon", "coordinates": [ [ [ -54.811105, -22.254727 ], [ -54.802334, -22.255945 ], [ -54.802617, -22.253717 ], [ -54.810744, -22.252934 ], [ -54.81108, -22.254595 ], [ -54.811105, -22.254727 ] ] ] } },
{ "type": "Feature", "properties": { "id": 317, "nome": "JARDIM CANAÃ III", "registro": "63942", "data_aprovacao": "03/01/1996" }, "geometry": { "type": "Polygon", "coordinates": [ [ [ -54.795563, -22.247994 ], [ -54.795794, -22.249891 ], [ -54.79723, -22.250221 ], [ -54.798725, -22.250406 ], [ -54.800354, -22.250465 ], [ -54.798971, -22.252648 ], [ -54.798862, -22.252605 ], [ -54.79602, -22.251494 ], [ -54.795511, -22.251532 ], [ -54.795321, -22.252912 ], [ -54.792755, -22.252619 ], [ -54.792875, -22.25179 ], [ -54.792151, -22.251862 ], [ -54.791844, -22.251893 ], [ -54.791614, -22.252345 ], [ -54.790683, -22.252242 ], [ -54.789715, -22.252105 ], [ -54.789455, -22.249965 ], [ -54.789287, -22.248603 ], [ -54.793059, -22.248243 ], [ -54.795563, -22.247994 ] ], [ [ -54.793094, -22.249737 ], [ -54.792661, -22.249682 ], [ -54.792505, -22.250912 ], [ -54.792936, -22.250962 ], [ -54.793094, -22.249737 ] ] ] } },
{ "type": "Feature", "properties": { "id": 331, "nome": "CONJ. RES. TEN. ANTONIO JOÃO", "registro": "63711", "data_aprovacao": "21/08/2009" }, "geometry": { "type": "Polygon", "coordinates": [ [ [ -54.778394, -22.244125 ], [ -54.778277, -22.244931 ], [ -54.777383, -22.244818 ], [ -54.7775, -22.244013 ], [ -54.778394, -22.244125 ] ] ] } },
{ "type": "Feature", "properties": { "id": 332, "nome": "SITIOCA OURO FINO", "registro": "51025", "data_aprovacao": "04/12/2007" }, "geometry": { "type": "Polygon", "coordinates": [ [ [ -54.820657, -22.291706 ], [ -54.820658, -22.291708 ], [ -54.821014, -22.295297 ], [ -54.820887, -22.297121 ], [ -54.808354, -22.298441 ], [ -54.807732, -22.293007 ], [ -54.820657, -22.291706 ] ] ] } },
{ "type": "Feature", "properties": { "id": 344, "nome": "DISTRITO INDUSTRIAL DE DOURADOS", "registro": "24819", "data_aprovacao": "09/11/1985" }, "geometry": { "type": "Polygon", "coordinates": [ [ [ -54.769943, -22.30389 ], [ -54.787704, -22.307804 ], [ -54.789794, -22.308094 ], [ -54.79128, -22.3083 ], [ -54.792161, -22.315687 ], [ -54.793021, -22.322711 ], [ -54.767166, -22.317489 ], [ -54.764006, -22.31399 ], [ -54.769943, -22.30389 ] ] ] } },
{ "type": "Feature", "properties": { "id": 348, "nome": "RESIDENCIAL SANTA FÉ", "registro": "86509", "data_aprovacao": "15/02/2011" }, "geometry": { "type": "Polygon", "coordinates": [ [ [ -54.849572, -22.212942 ], [ -54.847507, -22.214199 ], [ -54.843853, -22.205999 ], [ -54.843182, -22.204506 ], [ -54.842502, -22.203039 ], [ -54.841216, -22.200023 ], [ -54.843608, -22.199504 ], [ -54.846114, -22.205301 ], [ -54.849572, -22.212942 ] ] ] } },
{ "type": "Feature", "properties": { "id": 349, "nome": "CIDADE ELDORADO - DISTRITO ITAHUM", "registro": "15722 TRANSCRIÇÃO", "data_aprovacao": null }, "geometry": { "type": "Polygon", "coordinates": [ [ [ -55.367593, -22.083999 ], [ -55.36032, -22.091714 ], [ -55.350413, -22.094228 ], [ -55.349953, -22.09428 ], [ -55.342087, -22.088032 ], [ -55.355383, -22.073956 ], [ -55.367593, -22.083999 ] ] ] } },
{ "type": "Feature", "properties": { "id": 358, "nome": "VILA ROMA II", "registro": "96046", "data_aprovacao": "29/12/2014" }, "geometry": { "type": "Polygon", "coordinates": [ [ [ -54.831908, -22.241272 ], [ -54.834187, -22.24254 ], [ -54.834399, -22.242658 ], [ -54.833502, -22.24498 ], [ -54.834523, -22.245329 ], [ -54.834423, -22.245583 ], [ -54.833975, -22.24543 ], [ -54.834025, -22.247372 ], [ -54.835111, -22.247348 ], [ -54.835123, -22.247817 ], [ -54.836519, -22.247786 ], [ -54.836522, -22.247895 ], [ -54.836639, -22.247892 ], [ -54.836751, -22.252243 ], [ -54.838031, -22.252214 ], [ -54.838203, -22.258873 ], [ -54.830941, -22.244833 ], [ -54.831908, -22.241272 ] ] ] } },
{ "type": "Feature", "properties": { "id": 359, "nome": "RESIDENCIAL ILDEFONSO PEDROSO", "registro": "101289", "data_aprovacao": "19/08/2014" }, "geometry": { "type": "Polygon", "coordinates": [ [ [ -54.789048, -22.264792 ], [ -54.796375, -22.263857 ], [ -54.797496, -22.263714 ], [ -54.797538, -22.264147 ], [ -54.797544, -22.264662 ], [ -54.797935, -22.264906 ], [ -54.798215, -22.265063 ], [ -54.788899, -22.266253 ], [ -54.788889, -22.266254 ], [ -54.789048, -22.264792 ] ], [ [ -54.796078, -22.26392 ], [ -54.794787, -22.264084 ], [ -54.794988, -22.26532 ], [ -54.796259, -22.26515 ], [ -54.796078, -22.26392 ] ] ] } },
{ "type": "Feature", "properties": { "id": 360, "nome": "RESIDENCIAL PARQUE DO LAGO II", "registro": "66063", "data_aprovacao": "05/03/2002" }, "geometry": { "type": "Polygon", "coordinates": [ [ [ -54.843616, -22.238715 ], [ -54.844802, -22.239909 ], [ -54.83656, -22.239276 ], [ -54.837063, -22.238842 ], [ -54.8382, -22.237846 ], [ -54.837801, -22.237454 ], [ -54.837673, -22.23733 ], [ -54.838014, -22.237035 ], [ -54.838526, -22.23658 ], [ -54.838229, -22.236295 ], [ -54.83813, -22.236196 ], [ -54.838414, -22.23595 ], [ -54.836428, -22.233955 ], [ -54.837807, -22.232764 ], [ -54.837846, -22.23282 ], [ -54.838726, -22.23207 ], [ -54.841046, -22.234416 ], [ -54.842561, -22.233095 ], [ -54.844144, -22.234684 ], [ -54.842949, -22.235715 ], [ -54.844862, -22.237647 ], [ -54.843616, -22.238715 ] ] ] } },
{ "type": "Feature", "properties": { "id": 361, "nome": "RESIDENCIAL CIDADE JARDIM I", "registro": "114035", "data_aprovacao": "26/05/2015" }, "geometry": { "type": "Polygon", "coordinates": [ [ [ -54.84804, -22.233979 ], [ -54.854489, -22.237029 ], [ -54.855479, -22.235213 ], [ -54.858029, -22.235517 ], [ -54.858153, -22.234617 ], [ -54.85835, -22.23464 ], [ -54.858517, -22.235143 ], [ -54.859944, -22.235357 ], [ -54.85917, -22.241045 ], [ -54.849912, -22.240324 ], [ -54.84804, -22.233979 ] ] ] } },
{ "type": "Feature", "properties": { "id": 377, "nome": "RESIDENCIAL MONTE SIÃO I", "registro": "128178", "data_aprovacao": "07/07/2017" }, "geometry": { "type": "Polygon", "coordinates": [ [ [ -54.761661, -22.201444 ], [ -54.766763, -22.205501 ], [ -54.765943, -22.207709 ], [ -54.763998, -22.207083 ], [ -54.763206, -22.209216 ], [ -54.76515, -22.209842 ], [ -54.764573, -22.211398 ], [ -54.762598, -22.208706 ], [ -54.761383, -22.209372 ], [ -54.757751, -22.203585 ], [ -54.761661, -22.201444 ] ] ] } },
{ "type": "Feature", "properties": { "id": 378, "nome": "HECTARES PARK & RESORT", "registro": "138647", "data_aprovacao": "13/07/2018" }, "geometry": { "type": "Polygon", "coordinates": [ [ [ -54.835051, -22.188163 ], [ -54.835703, -22.188734 ], [ -54.836817, -22.187752 ], [ -54.836837, -22.187738 ], [ -54.837102, -22.187858 ], [ -54.837318, -22.187975 ], [ -54.837545, -22.188109 ], [ -54.837871, -22.18833 ], [ -54.838125, -22.189247 ], [ -54.838911, -22.192098 ], [ -54.839172, -22.193043 ], [ -54.8393, -22.193542 ], [ -54.838585, -22.193921 ], [ -54.837892, -22.194366 ], [ -54.837306, -22.194815 ], [ -54.836644, -22.195419 ], [ -54.836027, -22.196107 ], [ -54.835669, -22.196581 ], [ -54.835245, -22.197242 ], [ -54.834806, -22.198106 ], [ -54.83419, -22.199022 ], [ -54.833684, -22.199622 ], [ -54.833376, -22.199938 ], [ -54.832839, -22.200423 ], [ -54.832323, -22.200822 ], [ -54.831889, -22.201116 ], [ -54.831218, -22.201503 ], [ -54.830016, -22.196812 ], [ -54.829818, -22.196014 ], [ -54.82909, -22.193078 ], [ -54.829041, -22.192913 ], [ -54.829979, -22.192523 ], [ -54.830025, -22.192505 ], [ -54.831035, -22.192125 ], [ -54.832297, -22.19165 ], [ -54.831586, -22.189051 ], [ -54.834207, -22.187424 ], [ -54.835051, -22.188163 ] ] ] } },
{ "type": "Feature", "properties": { "id": 380, "nome": "FAZENDA COQUEIRO", "registro": "GEO", "data_aprovacao": null }, "geometry": { "type": "Polygon", "coordinates": [ [ [ -54.932162, -22.212383 ], [ -54.93011, -22.215647 ], [ -54.928594, -22.215556 ], [ -54.9272, -22.216378 ], [ -54.925243, -22.217538 ], [ -54.924589, -22.217273 ], [ -54.92458, -22.217274 ], [ -54.924537, -22.21744 ], [ -54.924405, -22.217644 ], [ -54.924201, -22.21773 ], [ -54.923517, -22.217872 ], [ -54.923459, -22.218278 ], [ -54.923123, -22.218535 ], [ -54.922821, -22.218857 ], [ -54.921686, -22.219585 ], [ -54.920956, -22.219785 ], [ -54.920754, -22.219795 ], [ -54.919792, -22.220144 ], [ -54.919362, -22.220309 ], [ -54.918922, -22.220417 ], [ -54.918544, -22.220651 ], [ -54.918383, -22.220841 ], [ -54.917925, -22.220967 ], [ -54.918029, -22.221071 ], [ -54.917861, -22.221004 ], [ -54.917741, -22.220961 ], [ -54.917209, -22.220856 ], [ -54.917203, -22.220854 ], [ -54.917189, -22.221055 ], [ -54.91685, -22.220975 ], [ -54.911776, -22.207543 ], [ -54.914491, -22.20637 ], [ -54.911776, -22.193906 ], [ -54.915372, -22.193276 ], [ -54.932162, -22.212383 ] ] ] } },
{ "type": "Feature", "properties": { "id": 374, "nome": "SYRIA RASSELEN", "registro": "GEO", "data_aprovacao": null }, "geometry": { "type": "Polygon", "coordinates": [ [ [ -54.810031, -22.266573 ], [ -54.805656, -22.267652 ], [ -54.806172, -22.26982 ], [ -54.802932, -22.271255 ], [ -54.80115, -22.270567 ], [ -54.799558, -22.265598 ], [ -54.797742, -22.264512 ], [ -54.80591, -22.263106 ], [ -54.810031, -22.266573 ] ] ] } },
{ "type": "Feature", "properties": { "id": 375, "nome": "VILLA HOPE", "registro": "84475", "data_aprovacao": "08/08/2017" }, "geometry": { "type": "Polygon", "coordinates": [ [ [ -54.818565, -22.196725 ], [ -54.818558, -22.197576 ], [ -54.816449, -22.19728 ], [ -54.816506, -22.196438 ], [ -54.818565, -22.196725 ] ] ] } },
{ "type": "Feature", "properties": { "id": 376, "nome": "PORTO ROYALE RESIDENCE & RESORT", "registro": "132902", "data_aprovacao": "07/06/2017" }, "geometry": { "type": "Polygon", "coordinates": [ [ [ -54.804443, -22.199936 ], [ -54.803815, -22.197758 ], [ -54.804221, -22.197628 ], [ -54.804659, -22.197495 ], [ -54.805148, -22.197345 ], [ -54.805999, -22.197087 ], [ -54.806446, -22.196975 ], [ -54.807063, -22.196773 ], [ -54.807499, -22.196587 ], [ -54.807873, -22.196417 ], [ -54.808244, -22.196224 ], [ -54.808449, -22.196103 ], [ -54.808588, -22.196021 ], [ -54.808867, -22.195833 ], [ -54.810649, -22.197659 ], [ -54.809145, -22.198288 ], [ -54.806091, -22.199669 ], [ -54.805516, -22.199916 ], [ -54.805071, -22.200029 ], [ -54.804454, -22.199933 ], [ -54.804443, -22.199936 ] ] ] } },
{ "type": "Feature", "properties": { "id": 379, "nome": "COND. RES. AREZZO", "registro": "GEO", "data_aprovacao": null }, "geometry": { "type": "Polygon", "coordinates": [ [ [ -54.842317, -22.239718 ], [ -54.842249, -22.239777 ], [ -54.842501, -22.240031 ], [ -54.8415, -22.240893 ], [ -54.840686, -22.240073 ], [ -54.841206, -22.239633 ], [ -54.842317, -22.239718 ] ] ] } },
{ "type": "Feature", "properties": { "id": 382, "nome": "CHÁCARA ABAETÉ", "registro": "69225", "data_aprovacao": null }, "geometry": { "type": "Polygon", "coordinates": [ [ [ -54.758103, -22.264923 ], [ -54.757547, -22.272915 ], [ -54.74624, -22.271906 ], [ -54.752621, -22.265132 ], [ -54.758103, -22.264923 ] ] ] } },
{ "type": "Feature", "properties": { "id": 389, "nome": "VIVERE DO LAGO", "registro": "149036", "data_aprovacao": null }, "geometry": { "type": "Polygon", "coordinates": [ [ [ -54.868494, -22.24551 ], [ -54.862934, -22.243453 ], [ -54.861581, -22.242964 ], [ -54.861588, -22.24283 ], [ -54.861446, -22.242813 ], [ -54.861491, -22.242693 ], [ -54.861509, -22.242416 ], [ -54.861503, -22.242362 ], [ -54.861462, -22.2422 ], [ -54.860426, -22.241145 ], [ -54.85917, -22.241045 ], [ -54.859944, -22.235357 ], [ -54.86304, -22.23583 ], [ -54.863097, -22.235872 ], [ -54.863096, -22.236059 ], [ -54.863222, -22.236127 ], [ -54.863204, -22.236233 ], [ -54.863284, -22.236337 ], [ -54.863264, -22.23639 ], [ -54.863313, -22.236409 ], [ -54.863293, -22.236494 ], [ -54.863383, -22.236598 ], [ -54.863293, -22.236753 ], [ -54.863133, -22.236863 ], [ -54.863092, -22.237053 ], [ -54.862929, -22.237206 ], [ -54.862929, -22.237251 ], [ -54.862787, -22.237294 ], [ -54.862684, -22.237494 ], [ -54.862655, -22.237591 ], [ -54.862681, -22.237635 ], [ -54.862612, -22.237751 ], [ -54.86267, -22.237816 ], [ -54.86258, -22.238055 ], [ -54.862518, -22.238076 ], [ -54.862477, -22.239 ], [ -54.862021, -22.240491 ], [ -54.86239, -22.240643 ], [ -54.869332, -22.243484 ], [ -54.868494, -22.24551 ] ] ] } },
{ "type": "Feature", "properties": { "id": 388, "nome": "FREI CHICO", "registro": "55869", "data_aprovacao": null }, "geometry": { "type": "Polygon", "coordinates": [ [ [ -54.674704, -22.181297 ], [ -54.674704, -22.181297 ], [ -54.672072, -22.184087 ], [ -54.672073, -22.184091 ], [ -54.671432, -22.184809 ], [ -54.669314, -22.18317 ], [ -54.669329, -22.183128 ], [ -54.671045, -22.181181 ], [ -54.670134, -22.180468 ], [ -54.671677, -22.178745 ], [ -54.67183, -22.178861 ], [ -54.671829, -22.178871 ], [ -54.674704, -22.181296 ], [ -54.674704, -22.181297 ] ] ] } },
{ "type": "Feature", "properties": { "id": 390, "nome": "DISTRITO DA PICADINHA", "registro": "GEO", "data_aprovacao": null }, "geometry": { "type": "Polygon", "coordinates": [ [ [ -54.993693, -22.167184 ], [ -54.988074, -22.168455 ], [ -54.979413, -22.170043 ], [ -54.965648, -22.173394 ], [ -54.965431, -22.17342 ], [ -54.964988, -22.173517 ], [ -54.96455, -22.173574 ], [ -54.963576, -22.173172 ], [ -54.962584, -22.172657 ], [ -54.962361, -22.170876 ], [ -54.96454, -22.171347 ], [ -54.966266, -22.169478 ], [ -54.96636, -22.169173 ], [ -54.970443, -22.163078 ], [ -54.970686, -22.162907 ], [ -54.973243, -22.161783 ], [ -54.975698, -22.160659 ], [ -54.977303, -22.160832 ], [ -54.980109, -22.161436 ], [ -54.992592, -22.165569 ], [ -54.993641, -22.166988 ], [ -54.993693, -22.167184 ] ] ] } },
{ "type": "Feature", "properties": { "id": 393, "nome": "RESIDENCIAL ALCEU JUNIOR SILVA BITTENCOURT (CIDADANIA 06)", "registro": "109169", "data_aprovacao": "20/02/2018" }, "geometry": { "type": "Polygon", "coordinates": [ [ [ -54.757828, -22.270383 ], [ -54.758976, -22.270527 ], [ -54.758787, -22.271825 ], [ -54.757733, -22.271692 ], [ -54.757828, -22.270383 ] ] ] } },
{ "type": "Feature", "properties": { "id": 394, "nome": "CIDADANIA 05", "registro": "108875", "data_aprovacao": "20/02/2018" }, "geometry": { "type": "Polygon", "coordinates": [ [ [ -54.757936, -22.268892 ], [ -54.759189, -22.26905 ], [ -54.758994, -22.270392 ], [ -54.757837, -22.270247 ], [ -54.757936, -22.268892 ] ] ] } },
{ "type": "Feature", "properties": { "id": 395, "nome": "RESIDENCIAL JULIANO CRESPIN DA SILVA (CIDADANIA 07)", "registro": "112512", "data_aprovacao": null }, "geometry": { "type": "Polygon", "coordinates": [ [ [ -54.777603, -22.258451 ], [ -54.778449, -22.258558 ], [ -54.778929, -22.259304 ], [ -54.778897, -22.259525 ], [ -54.777473, -22.259346 ], [ -54.777603, -22.258451 ] ] ] } },
{ "type": "Feature", "properties": { "id": 396, "nome": "ROYAL PARQUE", "registro": "144622", "data_aprovacao": null }, "geometry": { "type": "Polygon", "coordinates": [ [ [ -54.74108, -22.234436 ], [ -54.744609, -22.235866 ], [ -54.743742, -22.236939 ], [ -54.74291, -22.23797 ], [ -54.740404, -22.235266 ], [ -54.74108, -22.234436 ] ] ] } },
{ "type": "Feature", "properties": { "id": 409, "nome": "VILA GUARANI", "registro": null, "data_aprovacao": null }, "geometry": { "type": "Polygon", "coordinates": [ [ [ -54.763444, -22.222916 ], [ -54.764442, -22.225375 ], [ -54.764432, -22.225489 ], [ -54.762001, -22.226145 ], [ -54.761278, -22.228546 ], [ -54.760218, -22.228123 ], [ -54.759127, -22.227517 ], [ -54.759696, -22.225699 ], [ -54.760903, -22.222635 ], [ -54.763444, -22.222916 ] ] ] } },
{ "type": "Feature", "properties": { "id": 404, "nome": "DISTRITO VILA SÃO PEDRO", "registro": "GEO", "data_aprovacao": null }, "geometry": { "type": "Polygon", "coordinates": [ [ [ -54.67183, -22.178861 ], [ -54.671831, -22.178862 ], [ -54.674768, -22.175382 ], [ -54.684907, -22.183142 ], [ -54.681752, -22.186826 ], [ -54.684333, -22.188966 ], [ -54.68381, -22.189529 ], [ -54.676392, -22.183786 ], [ -54.676419, -22.183716 ], [ -54.677301, -22.183337 ], [ -54.674704, -22.181297 ], [ -54.674704, -22.181296 ], [ -54.671829, -22.178871 ], [ -54.67183, -22.178861 ] ] ] } },
{ "type": "Feature", "properties": { "id": 424, "nome": "VIVERE PARC", "registro": "153824", "data_aprovacao": null }, "geometry": { "type": "Polygon", "coordinates": [ [ [ -54.84368, -22.188986 ], [ -54.846163, -22.194433 ], [ -54.844617, -22.194844 ], [ -54.841697, -22.195604 ], [ -54.84165, -22.195466 ], [ -54.842553, -22.195212 ], [ -54.841803, -22.1931 ], [ -54.840964, -22.193332 ], [ -54.840828, -22.1929 ], [ -54.841664, -22.192667 ], [ -54.84097, -22.190791 ], [ -54.841434, -22.190659 ], [ -54.841311, -22.190315 ], [ -54.841189, -22.189976 ], [ -54.841059, -22.189608 ], [ -54.841055, -22.1896 ], [ -54.840295, -22.189799 ], [ -54.840111, -22.189281 ], [ -54.839857, -22.188585 ], [ -54.83959, -22.188343 ], [ -54.839176, -22.18802 ], [ -54.838694, -22.187679 ], [ -54.838085, -22.187297 ], [ -54.837654, -22.187055 ], [ -54.83729, -22.185438 ], [ -54.838538, -22.184816 ], [ -54.841445, -22.184159 ], [ -54.84368, -22.188986 ] ] ] } },
{ "type": "Feature", "properties": { "id": 426, "nome": "BR LOG DOURADOS 1", "registro": "153736", "data_aprovacao": "18/11/2021" }, "geometry": { "type": "Polygon", "coordinates": [ [ [ -54.782078, -22.291676 ], [ -54.779675, -22.29854 ], [ -54.773612, -22.296731 ], [ -54.776662, -22.289897 ], [ -54.782078, -22.291676 ] ] ] } },
{ "type": "Feature", "properties": { "id": 414, "nome": "SÍTIOS DE RECREIO LAGO DOURADO", "registro": "96337", "data_aprovacao": null }, "geometry": { "type": "Polygon", "coordinates": [ [ [ -55.053835, -22.298039 ], [ -55.053894, -22.298243 ], [ -55.053942, -22.29868 ], [ -55.053967, -22.299088 ], [ -55.053612, -22.299462 ], [ -55.053164, -22.299525 ], [ -55.052811, -22.299893 ], [ -55.05267, -22.300116 ], [ -55.052701, -22.30054 ], [ -55.053165, -22.301065 ], [ -55.053397, -22.30148 ], [ -55.053487, -22.302007 ], [ -55.053564, -22.302934 ], [ -55.050486, -22.303472 ], [ -55.044863, -22.300923 ], [ -55.044629, -22.300498 ], [ -55.044629, -22.300414 ], [ -55.04309, -22.299723 ], [ -55.043051, -22.299674 ], [ -55.044691, -22.300034 ], [ -55.046258, -22.300164 ], [ -55.047775, -22.300029 ], [ -55.049258, -22.299723 ], [ -55.04985, -22.299516 ], [ -55.053835, -22.298039 ] ] ] } },
{ "type": "Feature", "properties": { "id": 415, "nome": "RESIDENCIAL CIDADE JARDIM V", "registro": "154099", "data_aprovacao": null }, "geometry": { "type": "Polygon", "coordinates": [ [ [ -54.861445, -22.242209 ], [ -54.859525, -22.248601 ], [ -54.854284, -22.251245 ], [ -54.853712, -22.246469 ], [ -54.861445, -22.242209 ] ] ] } },
{ "type": "Feature", "properties": { "id": 419, "nome": "FLOR DE MAIO III", "registro": null, "data_aprovacao": "18/12/2020" }, "geometry": { "type": "Polygon", "coordinates": [ [ [ -54.769686, -22.235505 ], [ -54.769686, -22.235505 ], [ -54.769053, -22.235383 ], [ -54.769283, -22.234324 ], [ -54.769778, -22.234417 ], [ -54.769644, -22.235036 ], [ -54.769929, -22.23509 ], [ -54.769891, -22.235267 ], [ -54.770323, -22.235348 ], [ -54.77031, -22.235456 ], [ -54.769721, -22.235345 ], [ -54.769686, -22.235505 ] ] ] } },
{ "type": "Feature", "properties": { "id": 420, "nome": "VILA TOSCANA 3", "registro": "139446", "data_aprovacao": "13/10/201" }, "geometry": { "type": "Polygon", "coordinates": [ [ [ -54.838046, -22.252192 ], [ -54.843143, -22.252077 ], [ -54.843181, -22.253558 ], [ -54.845756, -22.2535 ], [ -54.845808, -22.255493 ], [ -54.839817, -22.258551 ], [ -54.839677, -22.253112 ], [ -54.838054, -22.252482 ], [ -54.838046, -22.252192 ] ] ] } },
{ "type": "Feature", "properties": { "id": 443, "nome": "CHÁCARAS CALIFÓRNIA", "registro": "4121 TRANSCRIÇÃO (6649 PARTE --> 14706 CH. 87A - CANC.)", "data_aprovacao": null }, "geometry": { "type": "Polygon", "coordinates": [ [ [ -54.735836, -22.236488 ], [ -54.735888, -22.23654 ], [ -54.739686, -22.240572 ], [ -54.736982, -22.242741 ], [ -54.733895, -22.245255 ], [ -54.730606, -22.247946 ], [ -54.733299, -22.235337 ], [ -54.733558, -22.23405 ], [ -54.735836, -22.236488 ] ] ] } },
{ "type": "Feature", "properties": { "id": 401, "nome": "MORADA DAS PAINEIRAS", "registro": "2121", "data_aprovacao": null }, "geometry": { "type": "Polygon", "coordinates": [ [ [ -54.669314, -22.18317 ], [ -54.669306, -22.183164 ], [ -54.666392, -22.186428 ], [ -54.664117, -22.184428 ], [ -54.670212, -22.177637 ], [ -54.671677, -22.178745 ], [ -54.670134, -22.180468 ], [ -54.671045, -22.181181 ], [ -54.669329, -22.183128 ], [ -54.669314, -22.18317 ] ] ] } },
{ "type": "Feature", "properties": { "id": 429, "nome": "RECANTO DO BOSQUE", "registro": "157725", "data_aprovacao": null }, "geometry": { "type": "Polygon", "coordinates": [ [ [ -54.833849, -22.258985 ], [ -54.833748, -22.258984 ], [ -54.831198, -22.258959 ], [ -54.830633, -22.258954 ], [ -54.825462, -22.258907 ], [ -54.822611, -22.258881 ], [ -54.819183, -22.25885 ], [ -54.819187, -22.258831 ], [ -54.819399, -22.258303 ], [ -54.819642, -22.257695 ], [ -54.820212, -22.257284 ], [ -54.820773, -22.256909 ], [ -54.821288, -22.256619 ], [ -54.82195, -22.256281 ], [ -54.822751, -22.255897 ], [ -54.82351, -22.255406 ], [ -54.824607, -22.254763 ], [ -54.825279, -22.254297 ], [ -54.825691, -22.253985 ], [ -54.825965, -22.253567 ], [ -54.826199, -22.253074 ], [ -54.826367, -22.252592 ], [ -54.826388, -22.252544 ], [ -54.826633, -22.252001 ], [ -54.826803, -22.251554 ], [ -54.826954, -22.251221 ], [ -54.827282, -22.250815 ], [ -54.827487, -22.25036 ], [ -54.827716, -22.249816 ], [ -54.827995, -22.249463 ], [ -54.828201, -22.24924 ], [ -54.828867, -22.248687 ], [ -54.830142, -22.248063 ], [ -54.830176, -22.248148 ], [ -54.830289, -22.248018 ], [ -54.830628, -22.248665 ], [ -54.83135, -22.250009 ], [ -54.832983, -22.252967 ], [ -54.834306, -22.255379 ], [ -54.834418, -22.255585 ], [ -54.834644, -22.255994 ], [ -54.834715, -22.256123 ], [ -54.834987, -22.256622 ], [ -54.835242, -22.257078 ], [ -54.835411, -22.257388 ], [ -54.83579, -22.258085 ], [ -54.836009, -22.258491 ], [ -54.836199, -22.258833 ], [ -54.836294, -22.259008 ], [ -54.836034, -22.259003 ], [ -54.834258, -22.258989 ], [ -54.833849, -22.258985 ] ] ] } },
{ "type": "Feature", "properties": { "id": 431, "nome": "JARDIM CRISTHAIS III", "registro": "148129", "data_aprovacao": null }, "geometry": { "type": "Polygon", "coordinates": [ [ [ -54.864101, -22.213657 ], [ -54.864305, -22.213535 ], [ -54.864534, -22.213399 ], [ -54.864702, -22.213299 ], [ -54.864742, -22.213397 ], [ -54.864767, -22.213462 ], [ -54.864792, -22.213528 ], [ -54.864817, -22.213594 ], [ -54.86484, -22.213661 ], [ -54.864864, -22.213728 ], [ -54.864887, -22.213794 ], [ -54.864909, -22.213861 ], [ -54.864952, -22.213995 ], [ -54.864973, -22.214063 ], [ -54.864993, -22.21413 ], [ -54.865013, -22.214197 ], [ -54.865031, -22.214265 ], [ -54.865049, -22.214333 ], [ -54.865067, -22.214401 ], [ -54.865084, -22.21447 ], [ -54.865101, -22.214538 ], [ -54.865117, -22.214606 ], [ -54.865132, -22.214674 ], [ -54.865147, -22.214743 ], [ -54.865161, -22.214812 ], [ -54.865175, -22.214881 ], [ -54.865188, -22.21495 ], [ -54.865201, -22.215019 ], [ -54.865212, -22.215088 ], [ -54.86522, -22.215134 ], [ -54.856952, -22.220056 ], [ -54.855332, -22.218481 ], [ -54.858125, -22.216084 ], [ -54.858675, -22.216887 ], [ -54.864101, -22.213657 ] ] ] } },
{ "type": "Feature", "properties": { "id": 436, "nome": "VIVENDAS DO ARVOREDO", "registro": "150900", "data_aprovacao": null }, "geometry": { "type": "Polygon", "coordinates": [ [ [ -54.739541, -22.211087 ], [ -54.738338, -22.2112 ], [ -54.737345, -22.21132 ], [ -54.734451, -22.211565 ], [ -54.734254, -22.211582 ], [ -54.733525, -22.208495 ], [ -54.735923, -22.208159 ], [ -54.73566, -22.20703 ], [ -54.735627, -22.207036 ], [ -54.735701, -22.206741 ], [ -54.738449, -22.206178 ], [ -54.739541, -22.211087 ] ] ] } },
{ "type": "Feature", "properties": { "id": 437, "nome": "ALTO DA BOA VISTA", "registro": "94397", "data_aprovacao": "30/09/2013" }, "geometry": { "type": "Polygon", "coordinates": [ [ [ -54.817596, -22.200313 ], [ -54.817597, -22.200315 ], [ -54.817598, -22.200314 ], [ -54.817802, -22.199393 ], [ -54.817825, -22.199311 ], [ -54.820822, -22.199647 ], [ -54.820315, -22.201811 ], [ -54.820184, -22.201794 ], [ -54.818765, -22.201633 ], [ -54.818572, -22.201612 ], [ -54.817433, -22.201483 ], [ -54.817288, -22.201466 ], [ -54.816201, -22.201344 ], [ -54.816276, -22.201131 ], [ -54.816323, -22.201 ], [ -54.816584, -22.200199 ], [ -54.816597, -22.200195 ], [ -54.817596, -22.200313 ] ] ] } },
{ "type": "Feature", "properties": { "id": 438, "nome": "OURO BRANCO", "registro": "2062", "data_aprovacao": null }, "geometry": { "type": "Polygon", "coordinates": [ [ [ -54.856374, -22.219857 ], [ -54.856374, -22.219857 ], [ -54.858074, -22.221579 ], [ -54.858423, -22.221816 ], [ -54.857224, -22.222482 ], [ -54.855276, -22.225139 ], [ -54.855502, -22.227035 ], [ -54.855023, -22.22654 ], [ -54.851891, -22.224009 ], [ -54.853042, -22.222246 ], [ -54.854394, -22.222992 ], [ -54.856374, -22.219857 ] ] ] } },
{ "type": "Feature", "properties": { "id": 439, "nome": "VILA ICASSAT-REURB", "registro": "167045", "data_aprovacao": null }, "geometry": { "type": "Polygon", "coordinates": [ [ [ -54.77978, -22.214812 ], [ -54.780262, -22.214862 ], [ -54.78025, -22.214972 ], [ -54.780727, -22.215023 ], [ -54.780664, -22.215533 ], [ -54.7797, -22.215427 ], [ -54.77978, -22.214812 ] ] ] } },
{ "type": "Feature", "properties": { "id": 440, "nome": "RESIDENCIAL FLOR DE MAIO IV", "registro": null, "data_aprovacao": null }, "geometry": { "type": "Polygon", "coordinates": [ [ [ -54.770028, -22.237404 ], [ -54.768667, -22.237154 ], [ -54.768781, -22.236626 ], [ -54.770128, -22.236874 ], [ -54.770083, -22.237232 ], [ -54.770028, -22.237404 ] ] ] } },
{ "type": "Feature", "properties": { "id": 444, "nome": "CHÁCARAS CALIFÓRNIA", "registro": "4121 TRANSCRIÇÃO (6649 PARTE --> 14706 CH. 87A - CANC.)", "data_aprovacao": null }, "geometry": { "type": "Polygon", "coordinates": [ [ [ -54.736803, -22.235766 ], [ -54.737533, -22.235171 ], [ -54.737601, -22.235116 ], [ -54.739067, -22.233934 ], [ -54.739104, -22.233897 ], [ -54.739546, -22.233334 ], [ -54.742546, -22.229509 ], [ -54.74517, -22.226187 ], [ -54.750568, -22.228303 ], [ -54.744609, -22.235866 ], [ -54.74108, -22.234436 ], [ -54.740404, -22.235266 ], [ -54.74291, -22.23797 ], [ -54.742134, -22.238608 ], [ -54.74062, -22.239825 ], [ -54.736803, -22.235766 ] ] ] } },
{ "type": "Feature", "properties": { "id": 405, "nome": "TERRA DOURADA IV ", "registro": "119494", "data_aprovacao": "2009" }, "geometry": { "type": "Polygon", "coordinates": [ [ [ -54.752736, -22.22703 ], [ -54.753984, -22.221771 ], [ -54.755614, -22.221922 ], [ -54.755719, -22.221932 ], [ -54.75451, -22.227336 ], [ -54.754391, -22.227316 ], [ -54.752786, -22.227039 ], [ -54.752736, -22.22703 ] ] ] } },
{ "type": "Feature", "properties": { "id": 402, "nome": "PORTO UNIQUE", "registro": "140969", "data_aprovacao": "26/10/2018" }, "geometry": { "type": "Polygon", "coordinates": [ [ [ -54.836655, -22.201523 ], [ -54.836629, -22.201545 ], [ -54.836601, -22.201565 ], [ -54.836572, -22.201583 ], [ -54.836542, -22.201599 ], [ -54.836511, -22.201614 ], [ -54.836478, -22.201626 ], [ -54.836445, -22.201635 ], [ -54.836359, -22.201657 ], [ -54.836748, -22.203048 ], [ -54.836715, -22.203073 ], [ -54.836319, -22.201659 ], [ -54.835118, -22.201972 ], [ -54.835123, -22.201987 ], [ -54.835115, -22.201992 ], [ -54.835107, -22.201996 ], [ -54.8351, -22.202 ], [ -54.835092, -22.202004 ], [ -54.835085, -22.202009 ], [ -54.835078, -22.202014 ], [ -54.83507, -22.202018 ], [ -54.834289, -22.20255 ], [ -54.834273, -22.202561 ], [ -54.834259, -22.202573 ], [ -54.834244, -22.202585 ], [ -54.83423, -22.202597 ], [ -54.834217, -22.20261 ], [ -54.834204, -22.202623 ], [ -54.834192, -22.202637 ], [ -54.833444, -22.203194 ], [ -54.833479, -22.203326 ], [ -54.833232, -22.20362 ], [ -54.833266, -22.20391 ], [ -54.833052, -22.204183 ], [ -54.832852, -22.20446 ], [ -54.832009, -22.204592 ], [ -54.831462, -22.202454 ], [ -54.831218, -22.201503 ], [ -54.831889, -22.201116 ], [ -54.832323, -22.200822 ], [ -54.832839, -22.200423 ], [ -54.833376, -22.199938 ], [ -54.833684, -22.199622 ], [ -54.83419, -22.199022 ], [ -54.834806, -22.198106 ], [ -54.835245, -22.197242 ], [ -54.835669, -22.196581 ], [ -54.836027, -22.196107 ], [ -54.836644, -22.195419 ], [ -54.837306, -22.194815 ], [ -54.837892, -22.194366 ], [ -54.838584, -22.193921 ], [ -54.839308, -22.193537 ], [ -54.83934, -22.193654 ], [ -54.839045, -22.193803 ], [ -54.838756, -22.19396 ], [ -54.838472, -22.194128 ], [ -54.838196, -22.194304 ], [ -54.837926, -22.19449 ], [ -54.837663, -22.194684 ], [ -54.837408, -22.194887 ], [ -54.837406, -22.194889 ], [ -54.837404, -22.194891 ], [ -54.837402, -22.194893 ], [ -54.8374, -22.194895 ], [ -54.837398, -22.194898 ], [ -54.837396, -22.1949 ], [ -54.837394, -22.194902 ], [ -54.837314, -22.195013 ], [ -54.83731, -22.195018 ], [ -54.837307, -22.195023 ], [ -54.837304, -22.195029 ], [ -54.837301, -22.195034 ], [ -54.837298, -22.19504 ], [ -54.837296, -22.195046 ], [ -54.837294, -22.195051 ], [ -54.837292, -22.195053 ], [ -54.837291, -22.195055 ], [ -54.83729, -22.195056 ], [ -54.837289, -22.195058 ], [ -54.837288, -22.19506 ], [ -54.837287, -22.195062 ], [ -54.837286, -22.195064 ], [ -54.837286, -22.195066 ], [ -54.837285, -22.195068 ], [ -54.837285, -22.19507 ], [ -54.837285, -22.195072 ], [ -54.837285, -22.195074 ], [ -54.837285, -22.195076 ], [ -54.837268, -22.195118 ], [ -54.837247, -22.195158 ], [ -54.837225, -22.195197 ], [ -54.837199, -22.195235 ], [ -54.837171, -22.195271 ], [ -54.837141, -22.195306 ], [ -54.837109, -22.195338 ], [ -54.837074, -22.195369 ], [ -54.837037, -22.195398 ], [ -54.836999, -22.195424 ], [ -54.836958, -22.195448 ], [ -54.836916, -22.19547 ], [ -54.836873, -22.195489 ], [ -54.836869, -22.195489 ], [ -54.836865, -22.195489 ], [ -54.836861, -22.19549 ], [ -54.836857, -22.195491 ], [ -54.836853, -22.195492 ], [ -54.836849, -22.195493 ], [ -54.836845, -22.195494 ], [ -54.836839, -22.195495 ], [ -54.836833, -22.195495 ], [ -54.836828, -22.195496 ], [ -54.836822, -22.195497 ], [ -54.836816, -22.195499 ], [ -54.836811, -22.195501 ], [ -54.836806, -22.195503 ], [ -54.8368, -22.195505 ], [ -54.836795, -22.195508 ], [ -54.836636, -22.195609 ], [ -54.836632, -22.195612 ], [ -54.836627, -22.195615 ], [ -54.836623, -22.195618 ], [ -54.836618, -22.195622 ], [ -54.836614, -22.195625 ], [ -54.83661, -22.195629 ], [ -54.836606, -22.195633 ], [ -54.836426, -22.195828 ], [ -54.836251, -22.196028 ], [ -54.836083, -22.196233 ], [ -54.835922, -22.196442 ], [ -54.835767, -22.196656 ], [ -54.835619, -22.196873 ], [ -54.835478, -22.197095 ], [ -54.835471, -22.197117 ], [ -54.835462, -22.19714 ], [ -54.835452, -22.197162 ], [ -54.835441, -22.197183 ], [ -54.835428, -22.197203 ], [ -54.835414, -22.197223 ], [ -54.835398, -22.197242 ], [ -54.83539, -22.197253 ], [ -54.835382, -22.197265 ], [ -54.835375, -22.197277 ], [ -54.835369, -22.197289 ], [ -54.835363, -22.197302 ], [ -54.835359, -22.197315 ], [ -54.835355, -22.197328 ], [ -54.835275, -22.197726 ], [ -54.835269, -22.197753 ], [ -54.835294, -22.197781 ], [ -54.83774, -22.200571 ], [ -54.837439, -22.200808 ], [ -54.836655, -22.201523 ] ] ] } },
{ "type": "Feature", "properties": { "id": 403, "nome": "VILA MELCHIADES", "registro": "67203", "data_aprovacao": null }, "geometry": { "type": "Polygon", "coordinates": [ [ [ -54.676392, -22.183786 ], [ -54.676361, -22.183762 ], [ -54.674394, -22.185835 ], [ -54.672076, -22.184088 ], [ -54.672073, -22.184091 ], [ -54.672072, -22.184087 ], [ -54.674704, -22.181297 ], [ -54.677301, -22.183337 ], [ -54.676419, -22.183716 ], [ -54.676392, -22.183786 ] ] ] } },
{ "type": "Feature", "properties": { "id": 406, "nome": "VILA SEAC I", "registro": "55817", "data_aprovacao": null }, "geometry": { "type": "Polygon", "coordinates": [ [ [ -54.823278, -22.247785 ], [ -54.823196, -22.247775 ], [ -54.821264, -22.247558 ], [ -54.821258, -22.247375 ], [ -54.820979, -22.247345 ], [ -54.821107, -22.246296 ], [ -54.82112, -22.246174 ], [ -54.822763, -22.246635 ], [ -54.822763, -22.246633 ], [ -54.822774, -22.246649 ], [ -54.823415, -22.246856 ], [ -54.823278, -22.247785 ] ] ] } },
{ "type": "Feature", "properties": { "id": 407, "nome": "VALE DAS BORBOLETAS", "registro": "67772", "data_aprovacao": null }, "geometry": { "type": "Polygon", "coordinates": [ [ [ -54.693848, -22.116081 ], [ -54.693756, -22.117027 ], [ -54.692805, -22.116948 ], [ -54.692897, -22.116001 ], [ -54.693848, -22.116081 ] ] ] } },
{ "type": "Feature", "properties": { "id": 408, "nome": "VIVAL DOS IPÊS V", "registro": "140224", "data_aprovacao": null }, "geometry": { "type": "Polygon", "coordinates": [ [ [ -54.765387, -22.274452 ], [ -54.765472, -22.274462 ], [ -54.768305, -22.274818 ], [ -54.768201, -22.275535 ], [ -54.768896, -22.275622 ], [ -54.768293, -22.276497 ], [ -54.768189, -22.276648 ], [ -54.764894, -22.276489 ], [ -54.765387, -22.274452 ] ] ] } },
{ "type": "Feature", "properties": { "id": 421, "nome": "CIDADANIA 02", "registro": "69304", "data_aprovacao": null }, "geometry": { "type": "Polygon", "coordinates": [ [ [ -54.834891, -22.262762 ], [ -54.834877, -22.264568 ], [ -54.833869, -22.264561 ], [ -54.833882, -22.262756 ], [ -54.834891, -22.262762 ] ] ] } }
]
}
