{
"type": "FeatureCollection",
"name": "zoneamento",
"xy_coordinate_resolution": 1e-006,
"features": [
{ "type": "Feature", "properties": { "id": 11, "nome": "ZEIA - ZONA ESPECIAL DE INTERESSE AMBIENTAL", "sigla": "ZEIA" }, "geometry": { "type": "Polygon", "coordinates": [ [ [ -54.754311, -22.253115 ], [ -54.753636, -22.258767 ], [ -54.74951, -22.260329 ], [ -54.75118, -22.252706 ], [ -54.754311, -22.253115 ] ] ] } },
{ "type": "Feature", "properties": { "id": 12, "nome": "ZEIA - ZONA ESPECIAL DE INTERESSE AMBIENTAL", "sigla": "ZEIA" }, "geometry": { "type": "Polygon", "coordinates": [ [ [ -54.755758, -22.294697 ], [ -54.75433, -22.29347 ], [ -54.754972, -22.292747 ], [ -54.755566, -22.292114 ], [ -54.756147, -22.291381 ], [ -54.757021, -22.290593 ], [ -54.75804, -22.290079 ], [ -54.7589, -22.289694 ], [ -54.760088, -22.289026 ], [ -54.761182, -22.28804 ], [ -54.762244, -22.287386 ], [ -54.763011, -22.28674 ], [ -54.764179, -22.285707 ], [ -54.765417, -22.284154 ], [ -54.767025, -22.28224 ], [ -54.768356, -22.281039 ], [ -54.770331, -22.279819 ], [ -54.771365, -22.279074 ], [ -54.772053, -22.278453 ], [ -54.772863, -22.27748 ], [ -54.773107, -22.276119 ], [ -54.773073, -22.274939 ], [ -54.773222, -22.27323 ], [ -54.775156, -22.273377 ], [ -54.775015, -22.274988 ], [ -54.775051, -22.276245 ], [ -54.774696, -22.278225 ], [ -54.773502, -22.27966 ], [ -54.772639, -22.28044 ], [ -54.771463, -22.281287 ], [ -54.769578, -22.282451 ], [ -54.768471, -22.28345 ], [ -54.766961, -22.285248 ], [ -54.765637, -22.286908 ], [ -54.76433, -22.288064 ], [ -54.763437, -22.288816 ], [ -54.762403, -22.289453 ], [ -54.76128, -22.290466 ], [ -54.759823, -22.291284 ], [ -54.758923, -22.291687 ], [ -54.75818, -22.292062 ], [ -54.757613, -22.292573 ], [ -54.75708, -22.293246 ], [ -54.756451, -22.293916 ], [ -54.755758, -22.294697 ] ] ] } },
{ "type": "Feature", "properties": { "id": 14, "nome": "ZEIA - ZONA ESPECIAL DE INTERESSE AMBIENTAL", "sigla": "ZEIA" }, "geometry": { "type": "Polygon", "coordinates": [ [ [ -54.733567, -22.254658 ], [ -54.733715, -22.255158 ], [ -54.734171, -22.256734 ], [ -54.734153, -22.256882 ], [ -54.733891, -22.257776 ], [ -54.733982, -22.259568 ], [ -54.73251, -22.260554 ], [ -54.73121, -22.261084 ], [ -54.732687, -22.262731 ], [ -54.731773, -22.263648 ], [ -54.729894, -22.263391 ], [ -54.729201, -22.262423 ], [ -54.729413, -22.261445 ], [ -54.727739, -22.261462 ], [ -54.727757, -22.259788 ], [ -54.727656, -22.259497 ], [ -54.727508, -22.259039 ], [ -54.727718, -22.258639 ], [ -54.728125, -22.257862 ], [ -54.729314, -22.258371 ], [ -54.730119, -22.258704 ], [ -54.731822, -22.258287 ], [ -54.731763, -22.256845 ], [ -54.732696, -22.25679 ], [ -54.732316, -22.254985 ], [ -54.733567, -22.254658 ] ] ] } },
{ "type": "Feature", "properties": { "id": 16, "nome": "ZEIA - ZONA ESPECIAL DE INTERESSE AMBIENTAL", "sigla": "ZEIA" }, "geometry": { "type": "Polygon", "coordinates": [ [ [ -54.720761, -22.19062 ], [ -54.720846, -22.189551 ], [ -54.721169, -22.189012 ], [ -54.721218, -22.188815 ], [ -54.721095, -22.188277 ], [ -54.720565, -22.187101 ], [ -54.720487, -22.186816 ], [ -54.722575, -22.186895 ], [ -54.722954, -22.187735 ], [ -54.723203, -22.188831 ], [ -54.722997, -22.189668 ], [ -54.722747, -22.190083 ], [ -54.722732, -22.190272 ], [ -54.722774, -22.190353 ], [ -54.72335, -22.190708 ], [ -54.723925, -22.191992 ], [ -54.723905, -22.193252 ], [ -54.723944, -22.193767 ], [ -54.724068, -22.194052 ], [ -54.724592, -22.194512 ], [ -54.72477, -22.194755 ], [ -54.724935, -22.194796 ], [ -54.725472, -22.194994 ], [ -54.726243, -22.195466 ], [ -54.72646, -22.196034 ], [ -54.726496, -22.196167 ], [ -54.726561, -22.196958 ], [ -54.726057, -22.197712 ], [ -54.725358, -22.197985 ], [ -54.724974, -22.198039 ], [ -54.724963, -22.198054 ], [ -54.724952, -22.198104 ], [ -54.724915, -22.198426 ], [ -54.724879, -22.198946 ], [ -54.72455, -22.199535 ], [ -54.723978, -22.199878 ], [ -54.722785, -22.200019 ], [ -54.722275, -22.198963 ], [ -54.722286, -22.198279 ], [ -54.722377, -22.198015 ], [ -54.722201, -22.197846 ], [ -54.721963, -22.197307 ], [ -54.721914, -22.196702 ], [ -54.72197, -22.196171 ], [ -54.722373, -22.195652 ], [ -54.722426, -22.195622 ], [ -54.722259, -22.195017 ], [ -54.722344, -22.194898 ], [ -54.722031, -22.19418 ], [ -54.721965, -22.193301 ], [ -54.721981, -22.19234 ], [ -54.721788, -22.19191 ], [ -54.721259, -22.191583 ], [ -54.720761, -22.19062 ] ] ] } },
{ "type": "Feature", "properties": { "id": 24, "nome": "AUM - ÁREA DE USO MISTO", "sigla": "AUM" }, "geometry": { "type": "Polygon", "coordinates": [ [ [ -54.907502, -22.227143 ], [ -54.909029, -22.226809 ], [ -54.909657, -22.225375 ], [ -54.913601, -22.22474 ], [ -54.915043, -22.223487 ], [ -54.918656, -22.222651 ], [ -54.920883, -22.222679 ], [ -54.921347, -22.221767 ], [ -54.923247, -22.221963 ], [ -54.932142, -22.232089 ], [ -54.907308, -22.240719 ], [ -54.904985, -22.241318 ], [ -54.903287, -22.241653 ], [ -54.900445, -22.238531 ], [ -54.900679, -22.237039 ], [ -54.902146, -22.235078 ], [ -54.903701, -22.234044 ], [ -54.905009, -22.230526 ], [ -54.906758, -22.229526 ], [ -54.907502, -22.227143 ] ] ] } },
{ "type": "Feature", "properties": { "id": 20, "nome": "AES I - ÁREA ESPECIAL DE SERVIÇO I", "sigla": "AES I" }, "geometry": { "type": "Polygon", "coordinates": [ [ [ -54.932142, -22.232089 ], [ -54.934737, -22.235042 ], [ -54.908506, -22.244157 ], [ -54.906126, -22.244771 ], [ -54.903287, -22.241653 ], [ -54.904985, -22.241318 ], [ -54.907308, -22.240719 ], [ -54.932142, -22.232089 ] ] ] } },
{ "type": "Feature", "properties": { "id": 21, "nome": "AES I - ÁREA ESPECIAL DE SERVIÇO I", "sigla": "AES I" }, "geometry": { "type": "Polygon", "coordinates": [ [ [ -54.896145, -22.244351 ], [ -54.897804, -22.246426 ], [ -54.891951, -22.24758 ], [ -54.892893, -22.245888 ], [ -54.894875, -22.243968 ], [ -54.896145, -22.244351 ] ] ] } },
{ "type": "Feature", "properties": { "id": 22, "nome": "AES I - ÁREA ESPECIAL DE SERVIÇO I", "sigla": "AES I" }, "geometry": { "type": "Polygon", "coordinates": [ [ [ -54.877257, -22.250477 ], [ -54.876793, -22.247908 ], [ -54.876691, -22.246897 ], [ -54.890301, -22.244214 ], [ -54.890317, -22.244401 ], [ -54.890291, -22.246076 ], [ -54.890256, -22.2467 ], [ -54.890033, -22.247099 ], [ -54.889112, -22.24814 ], [ -54.877257, -22.250477 ] ] ] } },
{ "type": "Feature", "properties": { "id": 28, "nome": "AES I - ÁREA ESPECIAL DE SERVIÇO I", "sigla": "AES I" }, "geometry": { "type": "Polygon", "coordinates": [ [ [ -54.862288, -22.242542 ], [ -54.862512, -22.24143 ], [ -54.863225, -22.240104 ], [ -54.863244, -22.238859 ], [ -54.86332, -22.236545 ], [ -54.863062, -22.234628 ], [ -54.862997, -22.233611 ], [ -54.863331, -22.232279 ], [ -54.86339, -22.231497 ], [ -54.863643, -22.230504 ], [ -54.864209, -22.229488 ], [ -54.864728, -22.228607 ], [ -54.86493, -22.22696 ], [ -54.866385, -22.229464 ], [ -54.870322, -22.242431 ], [ -54.870362, -22.242558 ], [ -54.870397, -22.242686 ], [ -54.870425, -22.242816 ], [ -54.870448, -22.242947 ], [ -54.870464, -22.243078 ], [ -54.870999, -22.248412 ], [ -54.871134, -22.249338 ], [ -54.871559, -22.251595 ], [ -54.860577, -22.253757 ], [ -54.859762, -22.252396 ], [ -54.859474, -22.251618 ], [ -54.859642, -22.250919 ], [ -54.859988, -22.250222 ], [ -54.860424, -22.249313 ], [ -54.861058, -22.248035 ], [ -54.861377, -22.246138 ], [ -54.862016, -22.244437 ], [ -54.862288, -22.242542 ] ] ] } },
{ "type": "Feature", "properties": { "id": 29, "nome": "AR I - ÁREA RESIDENCIAL I", "sigla": "AR I" }, "geometry": { "type": "Polygon", "coordinates": [ [ [ -54.854563, -22.199652 ], [ -54.85448, -22.199655 ], [ -54.854489, -22.199106 ], [ -54.85962, -22.196091 ], [ -54.859798, -22.195952 ], [ -54.859972, -22.195808 ], [ -54.86014, -22.195659 ], [ -54.860303, -22.195505 ], [ -54.860461, -22.195347 ], [ -54.860614, -22.195183 ], [ -54.860761, -22.195016 ], [ -54.860902, -22.194844 ], [ -54.861037, -22.194668 ], [ -54.861167, -22.194489 ], [ -54.86129, -22.194305 ], [ -54.861407, -22.194119 ], [ -54.861518, -22.193928 ], [ -54.861622, -22.193735 ], [ -54.86172, -22.193539 ], [ -54.861811, -22.19334 ], [ -54.861895, -22.193138 ], [ -54.867159, -22.179935 ], [ -54.870621, -22.178942 ], [ -54.871138, -22.196387 ], [ -54.861132, -22.202657 ], [ -54.860889, -22.202443 ], [ -54.86064, -22.202234 ], [ -54.860387, -22.202031 ], [ -54.860128, -22.201833 ], [ -54.859865, -22.20164 ], [ -54.859598, -22.201453 ], [ -54.859326, -22.201272 ], [ -54.859049, -22.201096 ], [ -54.858769, -22.200926 ], [ -54.858586, -22.200803 ], [ -54.8584, -22.200686 ], [ -54.858209, -22.200574 ], [ -54.858015, -22.200469 ], [ -54.857816, -22.200369 ], [ -54.857615, -22.200276 ], [ -54.85741, -22.200188 ], [ -54.857203, -22.200107 ], [ -54.856992, -22.200033 ], [ -54.856779, -22.199965 ], [ -54.856564, -22.199903 ], [ -54.856347, -22.199848 ], [ -54.856128, -22.1998 ], [ -54.855907, -22.199758 ], [ -54.855685, -22.199724 ], [ -54.855462, -22.199696 ], [ -54.855238, -22.199675 ], [ -54.855013, -22.19966 ], [ -54.854788, -22.199653 ], [ -54.854563, -22.199652 ] ] ] } },
{ "type": "Feature", "properties": { "id": 65, "nome": "ACS II - ÁREA CENTRAL SECUNDÁRIA II", "sigla": "ACS II" }, "geometry": { "type": "Polygon", "coordinates": [ [ [ -54.799105, -22.227727 ], [ -54.798666, -22.231237 ], [ -54.796428, -22.230988 ], [ -54.796605, -22.229099 ], [ -54.795447, -22.229344 ], [ -54.795517, -22.228581 ], [ -54.795314, -22.228619 ], [ -54.795266, -22.228386 ], [ -54.794419, -22.228252 ], [ -54.794528, -22.227245 ], [ -54.799105, -22.227727 ] ] ] } },
{ "type": "Feature", "properties": { "id": 30, "nome": "ARU - ÁREA DE RESTRIÇÃO URBANA", "sigla": "ARU" }, "geometry": { "type": "Polygon", "coordinates": [ [ [ -54.870621, -22.178942 ], [ -54.867159, -22.179935 ], [ -54.861895, -22.193138 ], [ -54.861811, -22.19334 ], [ -54.86172, -22.193539 ], [ -54.861622, -22.193735 ], [ -54.861518, -22.193928 ], [ -54.861407, -22.194119 ], [ -54.86129, -22.194305 ], [ -54.861167, -22.194489 ], [ -54.861037, -22.194668 ], [ -54.860902, -22.194844 ], [ -54.860761, -22.195016 ], [ -54.860614, -22.195183 ], [ -54.860461, -22.195347 ], [ -54.860303, -22.195505 ], [ -54.86014, -22.195659 ], [ -54.859972, -22.195808 ], [ -54.859798, -22.195952 ], [ -54.85962, -22.196091 ], [ -54.854489, -22.199106 ], [ -54.85448, -22.199655 ], [ -54.854399, -22.202352 ], [ -54.847189, -22.202257 ], [ -54.846805, -22.20194 ], [ -54.846816, -22.201937 ], [ -54.848791, -22.201455 ], [ -54.849483, -22.201412 ], [ -54.849868, -22.201069 ], [ -54.851472, -22.201859 ], [ -54.851602, -22.195679 ], [ -54.857143, -22.192278 ], [ -54.863238, -22.176754 ], [ -54.870493, -22.174614 ], [ -54.870621, -22.178942 ] ] ] } },
{ "type": "Feature", "properties": { "id": 35, "nome": "ARU - ÁREA DE RESTRIÇÃO URBANA", "sigla": "ARU" }, "geometry": { "type": "Polygon", "coordinates": [ [ [ -54.801855, -22.198335 ], [ -54.794554, -22.201617 ], [ -54.790174, -22.197869 ], [ -54.790049, -22.197819 ], [ -54.789177, -22.197956 ], [ -54.788692, -22.197801 ], [ -54.786327, -22.196473 ], [ -54.788512, -22.194813 ], [ -54.792299, -22.194481 ], [ -54.801855, -22.198335 ] ] ] } },
{ "type": "Feature", "properties": { "id": 37, "nome": "AES I - ÁREA ESPECIAL DE SERVIÇO I", "sigla": "AES I" }, "geometry": { "type": "Polygon", "coordinates": [ [ [ -54.72596, -22.217059 ], [ -54.696749, -22.194567 ], [ -54.696958, -22.19387 ], [ -54.699048, -22.191534 ], [ -54.699591, -22.191364 ], [ -54.721917, -22.192198 ], [ -54.721981, -22.19234 ], [ -54.721965, -22.193301 ], [ -54.722031, -22.19418 ], [ -54.722344, -22.194898 ], [ -54.722259, -22.195017 ], [ -54.722426, -22.195622 ], [ -54.722373, -22.195652 ], [ -54.722206, -22.195868 ], [ -54.703572, -22.195135 ], [ -54.729266, -22.215494 ], [ -54.728481, -22.216394 ], [ -54.72734, -22.215559 ], [ -54.725967, -22.217059 ], [ -54.72596, -22.217059 ] ] ] } },
{ "type": "Feature", "properties": { "id": 38, "nome": "AES I - ÁREA ESPECIAL DE SERVIÇO I", "sigla": "AES I" }, "geometry": { "type": "Polygon", "coordinates": [ [ [ -54.737109, -22.192778 ], [ -54.737245, -22.192816 ], [ -54.737644, -22.193401 ], [ -54.73814, -22.194724 ], [ -54.739231, -22.196535 ], [ -54.72646, -22.196034 ], [ -54.726243, -22.195466 ], [ -54.725472, -22.194994 ], [ -54.724935, -22.194796 ], [ -54.72477, -22.194755 ], [ -54.724592, -22.194512 ], [ -54.724068, -22.194052 ], [ -54.723944, -22.193767 ], [ -54.723905, -22.193252 ], [ -54.723921, -22.192273 ], [ -54.730435, -22.192515 ], [ -54.737109, -22.192778 ] ] ] } },
{ "type": "Feature", "properties": { "id": 41, "nome": "AR II - ÁREA RESIDENCIAL II", "sigla": "AR II" }, "geometry": { "type": "Polygon", "coordinates": [ [ [ -54.815005, -22.212462 ], [ -54.826328, -22.213667 ], [ -54.825201, -22.222644 ], [ -54.813919, -22.221415 ], [ -54.815005, -22.212462 ] ] ] } },
{ "type": "Feature", "properties": { "id": 46, "nome": "AUM - ÁREA DE USO MISTO", "sigla": "AUM" }, "geometry": { "type": "Polygon", "coordinates": [ [ [ -54.801707, -22.251279 ], [ -54.801401, -22.253718 ], [ -54.799901, -22.253915 ], [ -54.7995, -22.253552 ], [ -54.800289, -22.252683 ], [ -54.800599, -22.252139 ], [ -54.800573, -22.251785 ], [ -54.800746, -22.251177 ], [ -54.801707, -22.251279 ] ] ] } },
{ "type": "Feature", "properties": { "id": 79, "nome": "ZEIS - ZONA ESPECIAL DE INTERESSE SOCIAL", "sigla": "ZEIS" }, "geometry": { "type": "Polygon", "coordinates": [ [ [ -54.808636, -22.215433 ], [ -54.805921, -22.21794 ], [ -54.805264, -22.217576 ], [ -54.804841, -22.217295 ], [ -54.804372, -22.216951 ], [ -54.804117, -22.216635 ], [ -54.803798, -22.216428 ], [ -54.80364, -22.216389 ], [ -54.803669, -22.216202 ], [ -54.803095, -22.21584 ], [ -54.801494, -22.21521 ], [ -54.802798, -22.213721 ], [ -54.80292, -22.213589 ], [ -54.805229, -22.214442 ], [ -54.808491, -22.215391 ], [ -54.808636, -22.215433 ] ] ] } },
{ "type": "Feature", "properties": { "id": 58, "nome": "AUM - ÁREA DE USO MISTO", "sigla": "AUM" }, "geometry": { "type": "Polygon", "coordinates": [ [ [ -54.818425, -22.264981 ], [ -54.818549, -22.260622 ], [ -54.82793, -22.260705 ], [ -54.832668, -22.260717 ], [ -54.840491, -22.260788 ], [ -54.840491, -22.260788 ], [ -54.840525, -22.261689 ], [ -54.846736, -22.261727 ], [ -54.860647, -22.259513 ], [ -54.860707, -22.259687 ], [ -54.862556, -22.261706 ], [ -54.864909, -22.26733 ], [ -54.864939, -22.268537 ], [ -54.864924, -22.269539 ], [ -54.858305, -22.276109 ], [ -54.840892, -22.272372 ], [ -54.840848, -22.272502 ], [ -54.840823, -22.287272 ], [ -54.838204, -22.294563 ], [ -54.836306, -22.29791 ], [ -54.835904, -22.303094 ], [ -54.835071, -22.302765 ], [ -54.834303, -22.302582 ], [ -54.824143, -22.29682 ], [ -54.824288, -22.294875 ], [ -54.823761, -22.294833 ], [ -54.825209, -22.275816 ], [ -54.822955, -22.275685 ], [ -54.823138, -22.273561 ], [ -54.820473, -22.274762 ], [ -54.814056, -22.269108 ], [ -54.818425, -22.264981 ] ] ] } },
{ "type": "Feature", "properties": { "id": 44, "nome": "AUM - ÁREA DE USO MISTO", "sigla": "AUM" }, "geometry": { "type": "Polygon", "coordinates": [ [ [ -54.812783, -22.265761 ], [ -54.806586, -22.260448 ], [ -54.806285, -22.260142 ], [ -54.80618, -22.259943 ], [ -54.806112, -22.259642 ], [ -54.806117, -22.259003 ], [ -54.816142, -22.259094 ], [ -54.816185, -22.258678 ], [ -54.807707, -22.257776 ], [ -54.810163, -22.238353 ], [ -54.812725, -22.238633 ], [ -54.812988, -22.239879 ], [ -54.812914, -22.240227 ], [ -54.81317, -22.240982 ], [ -54.813163, -22.242241 ], [ -54.812839, -22.245154 ], [ -54.813249, -22.246561 ], [ -54.813639, -22.247063 ], [ -54.814963, -22.251689 ], [ -54.816092, -22.252036 ], [ -54.81687, -22.253648 ], [ -54.816713, -22.255047 ], [ -54.818286, -22.255226 ], [ -54.819395, -22.256024 ], [ -54.818749, -22.257356 ], [ -54.817306, -22.25734 ], [ -54.817088, -22.259088 ], [ -54.818485, -22.259109 ], [ -54.812783, -22.265761 ] ] ] } },
{ "type": "Feature", "properties": { "id": 31, "nome": "ARU - ÁREA DE RESTRIÇÃO URBANA", "sigla": "ARU" }, "geometry": { "type": "Polygon", "coordinates": [ [ [ -54.847427, -22.196802 ], [ -54.847124, -22.196689 ], [ -54.846646, -22.197091 ], [ -54.845156, -22.197623 ], [ -54.84408, -22.19767 ], [ -54.84413, -22.198008 ], [ -54.842568, -22.198539 ], [ -54.839463, -22.189927 ], [ -54.839362, -22.189755 ], [ -54.839255, -22.189588 ], [ -54.839141, -22.189424 ], [ -54.83902, -22.189264 ], [ -54.838894, -22.189108 ], [ -54.838761, -22.188957 ], [ -54.838623, -22.18881 ], [ -54.838479, -22.188668 ], [ -54.838329, -22.188531 ], [ -54.838174, -22.188399 ], [ -54.838015, -22.188272 ], [ -54.83785, -22.188151 ], [ -54.837681, -22.188035 ], [ -54.837507, -22.187926 ], [ -54.837329, -22.187822 ], [ -54.837148, -22.187724 ], [ -54.836962, -22.187633 ], [ -54.836786, -22.187553 ], [ -54.836774, -22.187548 ], [ -54.836582, -22.187469 ], [ -54.836444, -22.187418 ], [ -54.836387, -22.187397 ], [ -54.836189, -22.187331 ], [ -54.836032, -22.187285 ], [ -54.835989, -22.187273 ], [ -54.835787, -22.187221 ], [ -54.835583, -22.187176 ], [ -54.835377, -22.187137 ], [ -54.835215, -22.187113 ], [ -54.83517, -22.187106 ], [ -54.835002, -22.187087 ], [ -54.834962, -22.187082 ], [ -54.834753, -22.187065 ], [ -54.834543, -22.187055 ], [ -54.834371, -22.187053 ], [ -54.834333, -22.187052 ], [ -54.834154, -22.187056 ], [ -54.834124, -22.187056 ], [ -54.833914, -22.187068 ], [ -54.833767, -22.18708 ], [ -54.833705, -22.187086 ], [ -54.833497, -22.187111 ], [ -54.833351, -22.187134 ], [ -54.83329, -22.187144 ], [ -54.833143, -22.187172 ], [ -54.833085, -22.187183 ], [ -54.832881, -22.187229 ], [ -54.832679, -22.187283 ], [ -54.83248, -22.187343 ], [ -54.832345, -22.187388 ], [ -54.832282, -22.187409 ], [ -54.832212, -22.187436 ], [ -54.832088, -22.187483 ], [ -54.831975, -22.18753 ], [ -54.831896, -22.187562 ], [ -54.831857, -22.18758 ], [ -54.831708, -22.187649 ], [ -54.831523, -22.187741 ], [ -54.831506, -22.187751 ], [ -54.831342, -22.18784 ], [ -54.82909, -22.189072 ], [ -54.827881, -22.189738 ], [ -54.827766, -22.187368 ], [ -54.819951, -22.189928 ], [ -54.833137, -22.176728 ], [ -54.838308, -22.177398 ], [ -54.841427, -22.184065 ], [ -54.847427, -22.196802 ] ] ] } },
{ "type": "Feature", "properties": { "id": 34, "nome": "AR II - ÁREA RESIDENCIAL II", "sigla": "AR II" }, "geometry": { "type": "Polygon", "coordinates": [ [ [ -54.813553, -22.192722 ], [ -54.815154, -22.19605 ], [ -54.815706, -22.197535 ], [ -54.815292, -22.198873 ], [ -54.814259, -22.198539 ], [ -54.813169, -22.207093 ], [ -54.813062, -22.207081 ], [ -54.812962, -22.207901 ], [ -54.810644, -22.207668 ], [ -54.810761, -22.206776 ], [ -54.807419, -22.20642 ], [ -54.806967, -22.206253 ], [ -54.806699, -22.206129 ], [ -54.806431, -22.205944 ], [ -54.805839, -22.205755 ], [ -54.803886, -22.205487 ], [ -54.802515, -22.205155 ], [ -54.801558, -22.20483 ], [ -54.800643, -22.204435 ], [ -54.799367, -22.203744 ], [ -54.798863, -22.203485 ], [ -54.798112, -22.203282 ], [ -54.797375, -22.203159 ], [ -54.795763, -22.203068 ], [ -54.795449, -22.202926 ], [ -54.794327, -22.201946 ], [ -54.794474, -22.201733 ], [ -54.794554, -22.201617 ], [ -54.801855, -22.198335 ], [ -54.806801, -22.19766 ], [ -54.809088, -22.195072 ], [ -54.811661, -22.194336 ], [ -54.813553, -22.192722 ] ] ] } },
{ "type": "Feature", "properties": { "id": 67, "nome": "ZEII - ZONA ESPECIAL DE INTERESSE INDUSTRIAL", "sigla": "ZEII" }, "geometry": { "type": "Polygon", "coordinates": [ [ [ -54.722774, -22.190353 ], [ -54.722732, -22.190272 ], [ -54.722747, -22.190083 ], [ -54.722997, -22.189668 ], [ -54.723203, -22.188831 ], [ -54.722954, -22.187735 ], [ -54.722575, -22.186895 ], [ -54.732937, -22.187284 ], [ -54.733013, -22.187681 ], [ -54.734065, -22.189316 ], [ -54.73477, -22.189932 ], [ -54.73494, -22.190464 ], [ -54.735014, -22.191178 ], [ -54.735648, -22.19212 ], [ -54.736761, -22.19268 ], [ -54.737109, -22.192778 ], [ -54.730435, -22.192515 ], [ -54.723921, -22.192273 ], [ -54.723925, -22.191992 ], [ -54.72335, -22.190708 ], [ -54.722774, -22.190353 ] ] ] } },
{ "type": "Feature", "properties": { "id": 68, "nome": "ZEII - ZONA ESPECIAL DE INTERESSE INDUSTRIAL", "sigla": "ZEII" }, "geometry": { "type": "Polygon", "coordinates": [ [ [ -54.73702, -22.190758 ], [ -54.7369, -22.19058 ], [ -54.736852, -22.190116 ], [ -54.736478, -22.18895 ], [ -54.735589, -22.188172 ], [ -54.735069, -22.187364 ], [ -54.752823, -22.18803 ], [ -54.756767, -22.188892 ], [ -54.762921, -22.191464 ], [ -54.766095, -22.193546 ], [ -54.76756, -22.194952 ], [ -54.77004, -22.195863 ], [ -54.769804, -22.197466 ], [ -54.769955, -22.197478 ], [ -54.768604, -22.201096 ], [ -54.765731, -22.200141 ], [ -54.763559, -22.198833 ], [ -54.761927, -22.197268 ], [ -54.76054, -22.196373 ], [ -54.754414, -22.193795 ], [ -54.752577, -22.193391 ], [ -54.739499, -22.192872 ], [ -54.7394, -22.192609 ], [ -54.738495, -22.191281 ], [ -54.73751, -22.191004 ], [ -54.73702, -22.190758 ] ] ] } },
{ "type": "Feature", "properties": { "id": 73, "nome": "ZEIS - ZONA ESPECIAL DE INTERESSE SOCIAL", "sigla": "ZEIS" }, "geometry": { "type": "Polygon", "coordinates": [ [ [ -54.819676, -22.257459 ], [ -54.818983, -22.259143 ], [ -54.810932, -22.25839 ], [ -54.811061, -22.257397 ], [ -54.811025, -22.254833 ], [ -54.811017, -22.254784 ], [ -54.810992, -22.254652 ], [ -54.811401, -22.254694 ], [ -54.811616, -22.252896 ], [ -54.813376, -22.25272 ], [ -54.815319, -22.252308 ], [ -54.81587, -22.252135 ], [ -54.817297, -22.251697 ], [ -54.818338, -22.254121 ], [ -54.819054, -22.255969 ], [ -54.819676, -22.257459 ] ] ] } },
{ "type": "Feature", "properties": { "id": 70, "nome": "AES I - ÁREA ESPECIAL DE SERVIÇO I", "sigla": "AES I" }, "geometry": { "type": "Polygon", "coordinates": [ [ [ -54.686988, -22.205595 ], [ -54.69097, -22.201144 ], [ -54.691916, -22.201758 ], [ -54.693327, -22.202886 ], [ -54.693955, -22.203488 ], [ -54.695193, -22.204416 ], [ -54.696402, -22.205245 ], [ -54.697348, -22.205917 ], [ -54.697869, -22.206601 ], [ -54.698521, -22.207674 ], [ -54.699263, -22.208662 ], [ -54.699668, -22.209355 ], [ -54.700068, -22.210338 ], [ -54.700319, -22.211133 ], [ -54.700666, -22.21245 ], [ -54.700847, -22.213981 ], [ -54.700962, -22.215507 ], [ -54.701372, -22.216503 ], [ -54.701922, -22.217419 ], [ -54.686988, -22.205595 ] ] ] } },
{ "type": "Feature", "properties": { "id": 74, "nome": "ZEIS - ZONA ESPECIAL DE INTERESSE SOCIAL", "sigla": "ZEIS" }, "geometry": { "type": "Polygon", "coordinates": [ [ [ -54.766463, -22.216376 ], [ -54.766076, -22.219426 ], [ -54.765109, -22.219318 ], [ -54.765501, -22.216265 ], [ -54.766463, -22.216376 ] ] ] } },
{ "type": "Feature", "properties": { "id": 75, "nome": "ZEIS - ZONA ESPECIAL DE INTERESSE SOCIAL", "sigla": "ZEIS" }, "geometry": { "type": "Polygon", "coordinates": [ [ [ -54.770099, -22.220717 ], [ -54.769434, -22.220648 ], [ -54.769449, -22.220532 ], [ -54.769199, -22.220507 ], [ -54.769028, -22.220651 ], [ -54.764338, -22.219405 ], [ -54.764357, -22.219241 ], [ -54.764851, -22.215022 ], [ -54.763519, -22.214869 ], [ -54.763739, -22.214228 ], [ -54.76388, -22.213863 ], [ -54.764767, -22.21162 ], [ -54.76743, -22.211909 ], [ -54.768362, -22.215189 ], [ -54.769525, -22.218902 ], [ -54.768498, -22.218791 ], [ -54.768639, -22.217708 ], [ -54.767484, -22.217581 ], [ -54.767626, -22.216503 ], [ -54.766664, -22.216396 ], [ -54.766463, -22.216376 ], [ -54.765501, -22.216265 ], [ -54.765109, -22.219318 ], [ -54.766076, -22.219426 ], [ -54.766265, -22.219443 ], [ -54.76953, -22.219815 ], [ -54.769619, -22.219191 ], [ -54.770099, -22.220717 ] ] ] } },
{ "type": "Feature", "properties": { "id": 87, "nome": "ZEIS - ZONA ESPECIAL DE INTERESSE SOCIAL", "sigla": "ZEIS" }, "geometry": { "type": "Polygon", "coordinates": [ [ [ -54.795475, -22.248051 ], [ -54.795707, -22.249948 ], [ -54.797142, -22.250278 ], [ -54.798638, -22.250463 ], [ -54.800266, -22.250522 ], [ -54.798883, -22.252705 ], [ -54.798774, -22.252662 ], [ -54.795933, -22.25155 ], [ -54.795424, -22.251589 ], [ -54.795234, -22.252968 ], [ -54.792667, -22.252675 ], [ -54.792788, -22.251847 ], [ -54.792063, -22.251919 ], [ -54.791757, -22.25195 ], [ -54.791526, -22.252402 ], [ -54.790595, -22.252298 ], [ -54.789627, -22.252162 ], [ -54.789368, -22.250021 ], [ -54.789199, -22.24866 ], [ -54.792971, -22.248299 ], [ -54.795475, -22.248051 ] ] ] } },
{ "type": "Feature", "properties": { "id": 39, "nome": "AR II - ÁREA RESIDENCIAL II", "sigla": "AR II" }, "geometry": { "type": "Polygon", "coordinates": [ [ [ -54.801689, -22.207261 ], [ -54.801931, -22.207282 ], [ -54.804398, -22.207309 ], [ -54.80915, -22.207829 ], [ -54.810418, -22.208313 ], [ -54.810311, -22.209084 ], [ -54.812885, -22.209351 ], [ -54.811417, -22.221134 ], [ -54.800111, -22.219921 ], [ -54.801689, -22.207261 ] ] ] } },
{ "type": "Feature", "properties": { "id": 76, "nome": "ZEIS - ZONA ESPECIAL DE INTERESSE SOCIAL", "sigla": "ZEIS" }, "geometry": { "type": "Polygon", "coordinates": [ [ [ -54.763739, -22.214228 ], [ -54.763203, -22.215867 ], [ -54.762932, -22.216603 ], [ -54.762832, -22.216873 ], [ -54.757636, -22.216758 ], [ -54.754427, -22.216639 ], [ -54.753082, -22.215453 ], [ -54.754076, -22.215339 ], [ -54.763739, -22.214228 ] ] ] } },
{ "type": "Feature", "properties": { "id": 49, "nome": "AEC - ÁREA ESPECIAL DE CENTRO", "sigla": "AEC" }, "geometry": { "type": "Polygon", "coordinates": [ [ [ -54.821047, -22.225457 ], [ -54.820471, -22.230062 ], [ -54.799105, -22.227727 ], [ -54.794528, -22.227245 ], [ -54.789313, -22.227005 ], [ -54.786479, -22.226659 ], [ -54.78709, -22.221799 ], [ -54.799687, -22.223157 ], [ -54.821047, -22.225457 ] ] ] } },
{ "type": "Feature", "properties": { "id": 57, "nome": "AUM - ÁREA DE USO MISTO", "sigla": "AUM" }, "geometry": { "type": "Polygon", "coordinates": [ [ [ -54.803714, -22.263418 ], [ -54.801818, -22.263727 ], [ -54.801244, -22.263146 ], [ -54.800998, -22.262687 ], [ -54.800834, -22.262327 ], [ -54.800744, -22.26208 ], [ -54.800613, -22.261625 ], [ -54.800559, -22.261352 ], [ -54.800536, -22.261085 ], [ -54.800535, -22.260765 ], [ -54.80058, -22.260366 ], [ -54.800635, -22.25999 ], [ -54.802196, -22.259753 ], [ -54.802174, -22.259894 ], [ -54.802155, -22.260022 ], [ -54.802112, -22.260313 ], [ -54.802076, -22.260477 ], [ -54.802061, -22.260621 ], [ -54.802053, -22.260776 ], [ -54.802062, -22.260924 ], [ -54.802079, -22.261071 ], [ -54.802098, -22.261217 ], [ -54.802125, -22.261359 ], [ -54.802155, -22.261502 ], [ -54.802201, -22.261638 ], [ -54.802256, -22.261783 ], [ -54.80231, -22.261925 ], [ -54.802376, -22.262056 ], [ -54.802449, -22.262187 ], [ -54.802536, -22.262321 ], [ -54.802633, -22.262445 ], [ -54.802739, -22.262553 ], [ -54.802835, -22.262663 ], [ -54.802946, -22.262775 ], [ -54.803056, -22.262882 ], [ -54.803169, -22.262981 ], [ -54.803289, -22.263078 ], [ -54.803419, -22.263179 ], [ -54.80353, -22.263269 ], [ -54.803631, -22.263353 ], [ -54.803714, -22.263418 ] ] ] } },
{ "type": "Feature", "properties": { "id": 80, "nome": "ZEIS - ZONA ESPECIAL DE INTERESSE SOCIAL", "sigla": "ZEIS" }, "geometry": { "type": "Polygon", "coordinates": [ [ [ -54.814368, -22.209091 ], [ -54.813738, -22.210932 ], [ -54.813458, -22.211603 ], [ -54.813626, -22.211907 ], [ -54.814053, -22.213933 ], [ -54.81338, -22.214044 ], [ -54.812755, -22.21399 ], [ -54.81271, -22.2144 ], [ -54.809991, -22.214099 ], [ -54.809956, -22.214389 ], [ -54.808741, -22.214253 ], [ -54.809112, -22.212308 ], [ -54.809246, -22.212132 ], [ -54.809109, -22.212075 ], [ -54.810163, -22.207873 ], [ -54.814368, -22.209091 ] ] ] } },
{ "type": "Feature", "properties": { "id": 81, "nome": "ZEIS - ZONA ESPECIAL DE INTERESSE SOCIAL", "sigla": "ZEIS" }, "geometry": { "type": "Polygon", "coordinates": [ [ [ -54.818224, -22.259526 ], [ -54.815801, -22.262107 ], [ -54.814141, -22.261915 ], [ -54.810922, -22.261549 ], [ -54.810557, -22.261507 ], [ -54.810583, -22.261238 ], [ -54.810707, -22.260228 ], [ -54.810801, -22.259428 ], [ -54.818224, -22.259526 ] ] ] } },
{ "type": "Feature", "properties": { "id": 82, "nome": "ZEIS - ZONA ESPECIAL DE INTERESSE SOCIAL", "sigla": "ZEIS" }, "geometry": { "type": "Polygon", "coordinates": [ [ [ -54.795713, -22.241026 ], [ -54.784926, -22.242001 ], [ -54.785339, -22.238778 ], [ -54.786596, -22.238492 ], [ -54.793879, -22.236851 ], [ -54.79398, -22.237048 ], [ -54.794118, -22.237195 ], [ -54.794342, -22.237328 ], [ -54.794376, -22.237377 ], [ -54.794462, -22.237476 ], [ -54.79453, -22.23759 ], [ -54.794579, -22.237753 ], [ -54.794612, -22.237867 ], [ -54.794629, -22.237933 ], [ -54.794712, -22.238169 ], [ -54.794727, -22.238315 ], [ -54.794827, -22.238609 ], [ -54.794929, -22.238789 ], [ -54.795013, -22.239001 ], [ -54.795063, -22.239147 ], [ -54.795005, -22.239487 ], [ -54.794933, -22.239665 ], [ -54.794948, -22.239811 ], [ -54.795033, -22.239958 ], [ -54.795221, -22.240221 ], [ -54.795146, -22.240544 ], [ -54.795231, -22.240643 ], [ -54.7953, -22.240741 ], [ -54.795576, -22.240907 ], [ -54.795713, -22.241026 ] ] ] } },
{ "type": "Feature", "properties": { "id": 83, "nome": "ZEIS - ZONA ESPECIAL DE INTERESSE SOCIAL", "sigla": "ZEIS" }, "geometry": { "type": "Polygon", "coordinates": [ [ [ -54.833509, -22.227037 ], [ -54.83365, -22.227247 ], [ -54.832239, -22.228034 ], [ -54.830243, -22.228839 ], [ -54.830437, -22.226502 ], [ -54.830575, -22.2262 ], [ -54.832246, -22.225242 ], [ -54.833509, -22.227037 ] ] ] } },
{ "type": "Feature", "properties": { "id": 84, "nome": "ZEIS - ZONA ESPECIAL DE INTERESSE SOCIAL", "sigla": "ZEIS" }, "geometry": { "type": "Polygon", "coordinates": [ [ [ -54.76743, -22.211909 ], [ -54.764767, -22.21162 ], [ -54.768268, -22.202241 ], [ -54.769001, -22.202074 ], [ -54.77223, -22.201225 ], [ -54.772266, -22.201364 ], [ -54.772688, -22.203579 ], [ -54.772717, -22.203758 ], [ -54.770441, -22.204178 ], [ -54.770307, -22.206755 ], [ -54.77024, -22.207939 ], [ -54.768601, -22.21025 ], [ -54.76743, -22.211909 ] ], [ [ -54.767956, -22.203399 ], [ -54.767644, -22.204197 ], [ -54.769649, -22.204876 ], [ -54.769961, -22.204079 ], [ -54.767956, -22.203399 ] ] ] } },
{ "type": "Feature", "properties": { "id": 85, "nome": "ZEIS - ZONA ESPECIAL DE INTERESSE SOCIAL", "sigla": "ZEIS" }, "geometry": { "type": "Polygon", "coordinates": [ [ [ -54.767626, -22.216503 ], [ -54.767484, -22.217581 ], [ -54.768639, -22.217708 ], [ -54.768498, -22.218791 ], [ -54.769525, -22.218902 ], [ -54.769619, -22.219191 ], [ -54.76953, -22.219815 ], [ -54.766265, -22.219443 ], [ -54.766664, -22.216396 ], [ -54.767626, -22.216503 ] ] ] } },
{ "type": "Feature", "properties": { "id": 86, "nome": "ZEIS - ZONA ESPECIAL DE INTERESSE SOCIAL", "sigla": "ZEIS" }, "geometry": { "type": "Polygon", "coordinates": [ [ [ -54.750326, -22.240742 ], [ -54.750007, -22.242155 ], [ -54.749547, -22.242433 ], [ -54.747425, -22.242019 ], [ -54.747388, -22.24208 ], [ -54.744271, -22.241472 ], [ -54.745295, -22.238922 ], [ -54.748227, -22.2395 ], [ -54.748049, -22.240292 ], [ -54.750326, -22.240742 ] ] ] } },
{ "type": "Feature", "properties": { "id": 88, "nome": "ZEIS - ZONA ESPECIAL DE INTERESSE SOCIAL", "sigla": "ZEIS" }, "geometry": { "type": "Polygon", "coordinates": [ [ [ -54.824596, -22.221111 ], [ -54.822936, -22.22346 ], [ -54.822445, -22.223984 ], [ -54.821872, -22.224607 ], [ -54.818547, -22.221655 ], [ -54.819133, -22.220762 ], [ -54.819869, -22.221331 ], [ -54.820505, -22.220265 ], [ -54.82196, -22.221173 ], [ -54.822713, -22.220213 ], [ -54.824596, -22.221111 ] ] ] } },
{ "type": "Feature", "properties": { "id": 45, "nome": "AES - ÁREA ESPECIAL DE SERVIÇO", "sigla": "AES" }, "geometry": { "type": "Polygon", "coordinates": [ [ [ -54.810891, -22.232575 ], [ -54.810489, -22.235907 ], [ -54.810163, -22.238353 ], [ -54.807707, -22.257776 ], [ -54.804269, -22.257403 ], [ -54.80418, -22.258103 ], [ -54.80089, -22.257739 ], [ -54.801077, -22.25629 ], [ -54.801401, -22.253718 ], [ -54.801707, -22.251279 ], [ -54.802718, -22.243358 ], [ -54.804178, -22.231848 ], [ -54.810891, -22.232575 ] ] ] } },
{ "type": "Feature", "properties": { "id": 1, "nome": "ZEIA - ZONA ESPECIAL DE INTERESSE AMBIENTAL", "sigla": "ZEIA" }, "geometry": { "type": "Polygon", "coordinates": [ [ [ -54.685841, -22.202377 ], [ -54.685826, -22.202436 ], [ -54.685882, -22.20259 ], [ -54.686491, -22.203132 ], [ -54.686586, -22.203955 ], [ -54.686774, -22.205061 ], [ -54.68606, -22.206235 ], [ -54.685337, -22.206843 ], [ -54.685024, -22.20707 ], [ -54.685022, -22.20708 ], [ -54.685018, -22.207273 ], [ -54.685339, -22.208149 ], [ -54.685689, -22.209357 ], [ -54.686233, -22.210517 ], [ -54.686704, -22.211919 ], [ -54.686932, -22.213029 ], [ -54.687243, -22.215381 ], [ -54.687375, -22.21679 ], [ -54.687471, -22.218195 ], [ -54.687405, -22.219686 ], [ -54.687205, -22.220697 ], [ -54.686459, -22.222033 ], [ -54.686161, -22.223779 ], [ -54.685613, -22.224953 ], [ -54.684715, -22.226323 ], [ -54.684268, -22.227884 ], [ -54.68342, -22.23093 ], [ -54.682927, -22.232476 ], [ -54.682182, -22.234395 ], [ -54.681715, -22.235935 ], [ -54.680163, -22.234405 ], [ -54.680334, -22.233843 ], [ -54.681084, -22.231912 ], [ -54.681551, -22.230446 ], [ -54.682392, -22.227425 ], [ -54.682913, -22.225606 ], [ -54.683888, -22.224118 ], [ -54.684285, -22.223269 ], [ -54.684593, -22.221461 ], [ -54.685351, -22.220104 ], [ -54.685473, -22.219484 ], [ -54.685529, -22.218215 ], [ -54.685441, -22.216926 ], [ -54.685314, -22.21557 ], [ -54.685015, -22.213309 ], [ -54.68482, -22.21236 ], [ -54.684414, -22.21115 ], [ -54.683854, -22.209957 ], [ -54.683483, -22.208676 ], [ -54.683074, -22.207559 ], [ -54.683085, -22.206902 ], [ -54.683249, -22.206065 ], [ -54.684092, -22.205458 ], [ -54.684527, -22.205091 ], [ -54.684753, -22.20472 ], [ -54.684663, -22.204193 ], [ -54.684639, -22.203981 ], [ -54.684517, -22.203873 ], [ -54.685841, -22.202377 ] ] ] } },
{ "type": "Feature", "properties": { "id": 2, "nome": "ZEIA - ZONA ESPECIAL DE INTERESSE AMBIENTAL", "sigla": "ZEIA" }, "geometry": { "type": "Polygon", "coordinates": [ [ [ -54.864939, -22.268537 ], [ -54.864909, -22.26733 ], [ -54.862556, -22.261706 ], [ -54.860707, -22.259687 ], [ -54.86021, -22.258246 ], [ -54.859936, -22.257078 ], [ -54.859605, -22.25611 ], [ -54.859054, -22.254922 ], [ -54.857984, -22.253135 ], [ -54.857462, -22.251723 ], [ -54.857794, -22.250337 ], [ -54.858222, -22.249476 ], [ -54.858658, -22.248566 ], [ -54.859184, -22.247507 ], [ -54.859488, -22.245697 ], [ -54.860119, -22.244015 ], [ -54.860372, -22.242256 ], [ -54.860655, -22.240848 ], [ -54.861292, -22.239665 ], [ -54.861305, -22.238819 ], [ -54.861377, -22.236631 ], [ -54.86113, -22.234794 ], [ -54.861043, -22.233456 ], [ -54.861407, -22.232009 ], [ -54.861466, -22.231224 ], [ -54.861811, -22.229871 ], [ -54.862498, -22.228638 ], [ -54.862844, -22.228049 ], [ -54.862965, -22.227067 ], [ -54.862776, -22.226238 ], [ -54.862534, -22.225023 ], [ -54.862664, -22.223139 ], [ -54.864599, -22.223255 ], [ -54.864485, -22.224915 ], [ -54.864678, -22.225885 ], [ -54.864928, -22.226979 ], [ -54.864728, -22.228607 ], [ -54.864209, -22.229488 ], [ -54.863643, -22.230504 ], [ -54.86339, -22.231497 ], [ -54.863331, -22.232279 ], [ -54.862997, -22.233611 ], [ -54.863062, -22.234628 ], [ -54.86332, -22.236545 ], [ -54.863244, -22.238859 ], [ -54.863225, -22.240104 ], [ -54.862512, -22.24143 ], [ -54.862288, -22.242542 ], [ -54.862016, -22.244437 ], [ -54.861377, -22.246138 ], [ -54.861058, -22.248035 ], [ -54.860424, -22.249313 ], [ -54.859988, -22.250222 ], [ -54.859642, -22.250919 ], [ -54.859474, -22.251618 ], [ -54.859762, -22.252396 ], [ -54.860796, -22.254122 ], [ -54.861424, -22.255477 ], [ -54.861812, -22.25661 ], [ -54.862069, -22.257705 ], [ -54.862543, -22.258775 ], [ -54.863397, -22.259075 ], [ -54.86713, -22.263917 ], [ -54.867494, -22.267049 ], [ -54.865675, -22.26886 ], [ -54.864924, -22.269539 ], [ -54.864939, -22.268537 ] ] ] } },
{ "type": "Feature", "properties": { "id": 25, "nome": "ZEII - ZONA ESPECIAL DE INTERESSE INDUSTRIAL", "sigla": "ZEII" }, "geometry": { "type": "Polygon", "coordinates": [ [ [ -54.934737, -22.235042 ], [ -54.936695, -22.237257 ], [ -54.945085, -22.234362 ], [ -54.945316, -22.2343 ], [ -54.94555, -22.234244 ], [ -54.945785, -22.234196 ], [ -54.946022, -22.234154 ], [ -54.94626, -22.234119 ], [ -54.9465, -22.234091 ], [ -54.94674, -22.234069 ], [ -54.94698, -22.234054 ], [ -54.947221, -22.234047 ], [ -54.947462, -22.234046 ], [ -54.947703, -22.234051 ], [ -54.947944, -22.234064 ], [ -54.948184, -22.234084 ], [ -54.948424, -22.23411 ], [ -54.948662, -22.234143 ], [ -54.948899, -22.234183 ], [ -54.949135, -22.23423 ], [ -54.94937, -22.234283 ], [ -54.949602, -22.234343 ], [ -54.949832, -22.234409 ], [ -54.95006, -22.234482 ], [ -54.950286, -22.234562 ], [ -54.950508, -22.234648 ], [ -54.950728, -22.23474 ], [ -54.950945, -22.234838 ], [ -54.951158, -22.234943 ], [ -54.951368, -22.235053 ], [ -54.951575, -22.235169 ], [ -54.951777, -22.235291 ], [ -54.951975, -22.235419 ], [ -54.952169, -22.235553 ], [ -54.952358, -22.235692 ], [ -54.952543, -22.235836 ], [ -54.952723, -22.235985 ], [ -54.974358, -22.250692 ], [ -54.971944, -22.252408 ], [ -54.948712, -22.236722 ], [ -54.909164, -22.250403 ], [ -54.885997, -22.254922 ], [ -54.887823, -22.252533 ], [ -54.890188, -22.249764 ], [ -54.891661, -22.2481 ], [ -54.891951, -22.24758 ], [ -54.897804, -22.246426 ], [ -54.899439, -22.248472 ], [ -54.907592, -22.246382 ], [ -54.906126, -22.244771 ], [ -54.908506, -22.244157 ], [ -54.934737, -22.235042 ] ] ] } },
{ "type": "Feature", "properties": { "id": 62, "nome": "AUM - ÁREA DE USO MISTO", "sigla": "AUM" }, "geometry": { "type": "Polygon", "coordinates": [ [ [ -54.72965, -22.24952 ], [ -54.728316, -22.247653 ], [ -54.731081, -22.234794 ], [ -54.7315, -22.234735 ], [ -54.732487, -22.234461 ], [ -54.733346, -22.23403 ], [ -54.734028, -22.233628 ], [ -54.734694, -22.233191 ], [ -54.735291, -22.23257 ], [ -54.736675, -22.231478 ], [ -54.735421, -22.230101 ], [ -54.734509, -22.229206 ], [ -54.735062, -22.226787 ], [ -54.740452, -22.229531 ], [ -54.741409, -22.230009 ], [ -54.741866, -22.230264 ], [ -54.743475, -22.231383 ], [ -54.747153, -22.232861 ], [ -54.74706, -22.232972 ], [ -54.748841, -22.234158 ], [ -54.748545, -22.234533 ], [ -54.756321, -22.236038 ], [ -54.755, -22.242024 ], [ -54.753438, -22.245007 ], [ -54.752914, -22.245321 ], [ -54.751844, -22.245661 ], [ -54.748187, -22.245057 ], [ -54.748906, -22.241022 ], [ -54.749723, -22.241169 ], [ -54.75054, -22.236306 ], [ -54.747673, -22.235751 ], [ -54.746763, -22.239084 ], [ -54.744203, -22.241457 ], [ -54.742244, -22.249426 ], [ -54.742702, -22.254527 ], [ -54.741834, -22.256959 ], [ -54.741759, -22.257175 ], [ -54.735117, -22.256923 ], [ -54.734801, -22.256496 ], [ -54.734532, -22.256132 ], [ -54.731687, -22.252279 ], [ -54.72965, -22.24952 ] ] ] } },
{ "type": "Feature", "properties": { "id": 55, "nome": "AUM - ÁREA DE USO MISTO", "sigla": "AUM" }, "geometry": { "type": "Polygon", "coordinates": [ [ [ -54.798823, -22.259924 ], [ -54.798971, -22.260249 ], [ -54.797575, -22.260511 ], [ -54.795604, -22.260518 ], [ -54.79578, -22.261407 ], [ -54.796165, -22.262798 ], [ -54.796494, -22.263846 ], [ -54.79671, -22.264732 ], [ -54.79759, -22.265809 ], [ -54.798375, -22.266918 ], [ -54.799172, -22.268143 ], [ -54.799622, -22.269273 ], [ -54.799878, -22.270326 ], [ -54.799956, -22.271479 ], [ -54.799956, -22.271479 ], [ -54.80042, -22.27242 ], [ -54.800567, -22.272941 ], [ -54.800525, -22.273646 ], [ -54.800111, -22.274498 ], [ -54.799702, -22.276071 ], [ -54.799632, -22.2765 ], [ -54.799562, -22.276929 ], [ -54.799386, -22.277435 ], [ -54.781913, -22.277825 ], [ -54.781913, -22.277825 ], [ -54.783131, -22.269404 ], [ -54.780385, -22.269711 ], [ -54.781417, -22.262286 ], [ -54.781655, -22.262256 ], [ -54.782695, -22.262136 ], [ -54.782964, -22.260071 ], [ -54.792499, -22.259813 ], [ -54.792536, -22.259688 ], [ -54.798823, -22.259924 ] ] ] } },
{ "type": "Feature", "properties": { "id": 13, "nome": "ZEIA - ZONA ESPECIAL DE INTERESSE AMBIENTAL", "sigla": "ZEIA" }, "geometry": { "type": "Polygon", "coordinates": [ [ [ -54.767306, -22.232426 ], [ -54.76703, -22.233706 ], [ -54.764911, -22.233313 ], [ -54.765319, -22.231277 ], [ -54.765862, -22.231315 ], [ -54.765847, -22.231544 ], [ -54.767306, -22.232426 ] ] ] } },
{ "type": "Feature", "properties": { "id": 52, "nome": "ACS II - ÁREA CENTRAL SECUNDÁRIA II", "sigla": "ACS II" }, "geometry": { "type": "Polygon", "coordinates": [ [ [ -54.767314, -22.227865 ], [ -54.767567, -22.226742 ], [ -54.765972, -22.226541 ], [ -54.765813, -22.227691 ], [ -54.761735, -22.227251 ], [ -54.761766, -22.22698 ], [ -54.759251, -22.226697 ], [ -54.759114, -22.22705 ], [ -54.757228, -22.226759 ], [ -54.757397, -22.225886 ], [ -54.757497, -22.225867 ], [ -54.757549, -22.225859 ], [ -54.7576, -22.225844 ], [ -54.757648, -22.225821 ], [ -54.757691, -22.225793 ], [ -54.75773, -22.225759 ], [ -54.757763, -22.225721 ], [ -54.75779, -22.225678 ], [ -54.75781, -22.225632 ], [ -54.757822, -22.225584 ], [ -54.757827, -22.225535 ], [ -54.757825, -22.225485 ], [ -54.757814, -22.225437 ], [ -54.757796, -22.22539 ], [ -54.757777, -22.22534 ], [ -54.75774, -22.225287 ], [ -54.75768, -22.225236 ], [ -54.757622, -22.225198 ], [ -54.757575, -22.225175 ], [ -54.757525, -22.225157 ], [ -54.75792, -22.223073 ], [ -54.760359, -22.223485 ], [ -54.760422, -22.223545 ], [ -54.760984, -22.223618 ], [ -54.761938, -22.223721 ], [ -54.764464, -22.223958 ], [ -54.764426, -22.224243 ], [ -54.766829, -22.22449 ], [ -54.769091, -22.224739 ], [ -54.769118, -22.224522 ], [ -54.774886, -22.225058 ], [ -54.774853, -22.225355 ], [ -54.786479, -22.226659 ], [ -54.789313, -22.227005 ], [ -54.789133, -22.229016 ], [ -54.789454, -22.230499 ], [ -54.783661, -22.229869 ], [ -54.783703, -22.229562 ], [ -54.774457, -22.228574 ], [ -54.77449, -22.228321 ], [ -54.771043, -22.227956 ], [ -54.771016, -22.228246 ], [ -54.767314, -22.227865 ] ] ] } },
{ "type": "Feature", "properties": { "id": 48, "nome": "ACP I - ÁREA CENTRAL PRINCIPAL I", "sigla": "ACP I" }, "geometry": { "type": "Polygon", "coordinates": [ [ [ -54.799687, -22.223157 ], [ -54.800111, -22.219921 ], [ -54.811417, -22.221134 ], [ -54.813919, -22.221415 ], [ -54.825201, -22.222644 ], [ -54.832138, -22.223396 ], [ -54.832096, -22.223571 ], [ -54.830568, -22.224467 ], [ -54.830366, -22.228717 ], [ -54.830049, -22.231095 ], [ -54.820471, -22.230062 ], [ -54.821047, -22.225457 ], [ -54.799687, -22.223157 ] ] ] } },
{ "type": "Feature", "properties": { "id": 56, "nome": "AES - ÁREA ESPECIAL DE SERVIÇO", "sigla": "AES" }, "geometry": { "type": "Polygon", "coordinates": [ [ [ -54.800535, -22.260765 ], [ -54.800536, -22.261085 ], [ -54.800559, -22.261352 ], [ -54.800613, -22.261625 ], [ -54.800744, -22.26208 ], [ -54.800834, -22.262327 ], [ -54.800998, -22.262687 ], [ -54.801244, -22.263146 ], [ -54.801818, -22.263727 ], [ -54.803714, -22.263418 ], [ -54.806296, -22.263014 ], [ -54.811381, -22.267414 ], [ -54.810928, -22.267822 ], [ -54.807076, -22.268425 ], [ -54.805142, -22.269385 ], [ -54.80346, -22.270138 ], [ -54.801877, -22.271145 ], [ -54.801805, -22.270069 ], [ -54.801476, -22.268733 ], [ -54.800926, -22.267354 ], [ -54.800015, -22.265954 ], [ -54.799174, -22.264765 ], [ -54.798509, -22.263951 ], [ -54.798373, -22.263393 ], [ -54.798036, -22.262319 ], [ -54.797676, -22.261017 ], [ -54.797575, -22.260511 ], [ -54.798971, -22.260249 ], [ -54.800635, -22.25999 ], [ -54.80058, -22.260366 ], [ -54.80058, -22.260366 ], [ -54.800535, -22.260765 ] ] ] } },
{ "type": "Feature", "properties": { "id": 3, "nome": "ZEIA - ZONA ESPECIAL DE INTERESSE AMBIENTAL", "sigla": "ZEIA" }, "geometry": { "type": "Polygon", "coordinates": [ [ [ -54.885997, -22.254922 ], [ -54.882194, -22.255562 ], [ -54.884556, -22.253692 ], [ -54.886273, -22.251446 ], [ -54.88868, -22.248628 ], [ -54.890033, -22.247099 ], [ -54.890256, -22.2467 ], [ -54.890291, -22.246076 ], [ -54.890317, -22.244401 ], [ -54.890189, -22.242862 ], [ -54.88963, -22.240868 ], [ -54.888611, -22.239263 ], [ -54.887307, -22.237574 ], [ -54.885808, -22.235926 ], [ -54.884374, -22.234934 ], [ -54.882418, -22.232901 ], [ -54.881323, -22.231286 ], [ -54.880531, -22.229888 ], [ -54.87995, -22.22759 ], [ -54.879813, -22.22593 ], [ -54.879303, -22.223913 ], [ -54.878661, -22.222035 ], [ -54.87851, -22.220494 ], [ -54.878304, -22.217826 ], [ -54.878245, -22.216083 ], [ -54.878446, -22.214447 ], [ -54.878704, -22.21354 ], [ -54.879931, -22.212431 ], [ -54.880475, -22.21183 ], [ -54.880664, -22.210861 ], [ -54.880539, -22.210101 ], [ -54.880208, -22.20799 ], [ -54.880752, -22.206541 ], [ -54.881569, -22.205435 ], [ -54.883833, -22.203751 ], [ -54.885044, -22.205161 ], [ -54.883004, -22.206679 ], [ -54.882497, -22.207365 ], [ -54.882196, -22.208167 ], [ -54.882457, -22.209834 ], [ -54.88263, -22.210887 ], [ -54.882291, -22.212626 ], [ -54.881351, -22.213664 ], [ -54.880441, -22.214487 ], [ -54.880357, -22.214782 ], [ -54.880188, -22.216157 ], [ -54.880241, -22.217733 ], [ -54.880443, -22.220347 ], [ -54.880573, -22.221675 ], [ -54.881174, -22.223432 ], [ -54.881735, -22.225652 ], [ -54.881872, -22.227312 ], [ -54.882363, -22.22925 ], [ -54.883003, -22.230382 ], [ -54.883971, -22.231809 ], [ -54.885688, -22.233593 ], [ -54.887144, -22.2346 ], [ -54.888837, -22.236462 ], [ -54.890237, -22.238275 ], [ -54.891438, -22.240167 ], [ -54.89211, -22.242562 ], [ -54.892223, -22.243931 ], [ -54.893815, -22.242389 ], [ -54.894166, -22.241355 ], [ -54.902164, -22.22965 ], [ -54.902436, -22.227736 ], [ -54.904987, -22.220694 ], [ -54.906431, -22.220336 ], [ -54.90645, -22.219123 ], [ -54.90843, -22.218104 ], [ -54.910368, -22.213967 ], [ -54.910202, -22.212873 ], [ -54.907058, -22.207124 ], [ -54.916298, -22.201506 ], [ -54.920982, -22.202999 ], [ -54.922431, -22.208417 ], [ -54.921825, -22.214448 ], [ -54.924804, -22.214486 ], [ -54.926222, -22.213202 ], [ -54.927704, -22.212908 ], [ -54.928832, -22.211934 ], [ -54.930769, -22.212344 ], [ -54.931044, -22.213254 ], [ -54.930741, -22.214145 ], [ -54.930781, -22.214616 ], [ -54.930108, -22.215473 ], [ -54.926234, -22.21823 ], [ -54.925273, -22.222171 ], [ -54.921347, -22.221767 ], [ -54.920883, -22.222679 ], [ -54.918656, -22.222651 ], [ -54.915043, -22.223487 ], [ -54.913601, -22.22474 ], [ -54.909657, -22.225375 ], [ -54.909029, -22.226809 ], [ -54.907502, -22.227143 ], [ -54.906758, -22.229526 ], [ -54.905009, -22.230526 ], [ -54.903701, -22.234044 ], [ -54.902146, -22.235078 ], [ -54.900679, -22.237039 ], [ -54.900445, -22.238531 ], [ -54.907592, -22.246382 ], [ -54.899439, -22.248472 ], [ -54.896145, -22.244351 ], [ -54.894875, -22.243968 ], [ -54.892893, -22.245888 ], [ -54.891661, -22.2481 ], [ -54.890188, -22.249764 ], [ -54.887823, -22.252533 ], [ -54.885997, -22.254922 ] ] ] } },
{ "type": "Feature", "properties": { "id": 4, "nome": "ZEIA - ZONA ESPECIAL DE INTERESSE AMBIENTAL", "sigla": "ZEIA" }, "geometry": { "type": "Polygon", "coordinates": [ [ [ -54.689804, -22.197902 ], [ -54.690317, -22.198381 ], [ -54.691574, -22.199335 ], [ -54.692216, -22.199751 ], [ -54.693105, -22.200329 ], [ -54.694656, -22.201569 ], [ -54.695264, -22.202151 ], [ -54.696377, -22.202986 ], [ -54.697565, -22.2038 ], [ -54.698758, -22.204648 ], [ -54.699508, -22.205631 ], [ -54.700163, -22.20671 ], [ -54.700914, -22.20771 ], [ -54.701434, -22.208599 ], [ -54.701908, -22.209762 ], [ -54.702192, -22.210664 ], [ -54.702579, -22.212135 ], [ -54.702778, -22.213819 ], [ -54.702876, -22.215112 ], [ -54.703133, -22.215735 ], [ -54.70351, -22.216362 ], [ -54.703912, -22.21678 ], [ -54.704626, -22.217373 ], [ -54.705069, -22.218073 ], [ -54.705629, -22.218946 ], [ -54.706877, -22.220217 ], [ -54.708219, -22.221235 ], [ -54.709647, -22.222128 ], [ -54.710664, -22.222853 ], [ -54.711451, -22.223673 ], [ -54.712196, -22.224367 ], [ -54.712806, -22.224857 ], [ -54.713564, -22.225077 ], [ -54.714563, -22.225371 ], [ -54.716252, -22.225584 ], [ -54.717419, -22.22595 ], [ -54.719078, -22.226483 ], [ -54.720814, -22.227116 ], [ -54.722703, -22.227789 ], [ -54.723794, -22.228556 ], [ -54.724742, -22.229288 ], [ -54.725726, -22.230252 ], [ -54.726692, -22.231239 ], [ -54.727587, -22.232156 ], [ -54.728256, -22.232758 ], [ -54.72861, -22.233056 ], [ -54.728897, -22.233149 ], [ -54.729245, -22.23318 ], [ -54.729718, -22.233154 ], [ -54.730238, -22.233087 ], [ -54.731075, -22.232969 ], [ -54.731741, -22.232784 ], [ -54.732366, -22.23247 ], [ -54.73295, -22.232126 ], [ -54.733396, -22.231834 ], [ -54.733934, -22.231273 ], [ -54.735421, -22.230101 ], [ -54.736675, -22.231478 ], [ -54.735291, -22.23257 ], [ -54.734694, -22.233191 ], [ -54.734028, -22.233628 ], [ -54.733346, -22.23403 ], [ -54.732487, -22.234461 ], [ -54.7315, -22.234735 ], [ -54.730516, -22.234874 ], [ -54.729908, -22.234952 ], [ -54.729211, -22.23499 ], [ -54.728479, -22.234926 ], [ -54.727602, -22.23464 ], [ -54.726932, -22.234078 ], [ -54.726193, -22.233413 ], [ -54.725257, -22.232454 ], [ -54.724306, -22.231482 ], [ -54.723416, -22.23061 ], [ -54.722589, -22.229972 ], [ -54.721754, -22.229384 ], [ -54.720114, -22.2288 ], [ -54.718408, -22.228178 ], [ -54.716794, -22.227659 ], [ -54.715808, -22.22735 ], [ -54.714137, -22.22714 ], [ -54.712983, -22.2268 ], [ -54.711845, -22.22647 ], [ -54.711594, -22.226268 ], [ -54.711164, -22.227264 ], [ -54.710661, -22.227928 ], [ -54.710372, -22.228749 ], [ -54.709572, -22.230504 ], [ -54.70945, -22.230955 ], [ -54.708859, -22.233563 ], [ -54.708044, -22.236056 ], [ -54.707662, -22.238442 ], [ -54.706972, -22.24028 ], [ -54.706002, -22.242362 ], [ -54.705115, -22.244168 ], [ -54.704483, -22.245396 ], [ -54.703659, -22.246539 ], [ -54.703027, -22.247915 ], [ -54.702271, -22.249002 ], [ -54.700253, -22.251596 ], [ -54.698701, -22.250398 ], [ -54.70067, -22.247981 ], [ -54.701309, -22.247063 ], [ -54.701947, -22.245673 ], [ -54.702794, -22.244498 ], [ -54.703358, -22.243402 ], [ -54.70423, -22.241627 ], [ -54.705165, -22.239622 ], [ -54.70577, -22.238007 ], [ -54.706146, -22.235658 ], [ -54.706979, -22.233113 ], [ -54.70756, -22.230548 ], [ -54.707728, -22.229928 ], [ -54.708555, -22.228114 ], [ -54.708908, -22.227109 ], [ -54.709449, -22.226395 ], [ -54.70972, -22.225767 ], [ -54.709899, -22.224765 ], [ -54.709339, -22.224183 ], [ -54.708516, -22.223595 ], [ -54.707064, -22.222688 ], [ -54.705541, -22.221533 ], [ -54.704065, -22.220029 ], [ -54.703401, -22.218994 ], [ -54.703109, -22.218532 ], [ -54.702541, -22.218061 ], [ -54.701922, -22.217419 ], [ -54.701372, -22.216503 ], [ -54.700962, -22.215507 ], [ -54.700847, -22.213981 ], [ -54.700666, -22.21245 ], [ -54.700319, -22.211133 ], [ -54.700068, -22.210338 ], [ -54.699668, -22.209355 ], [ -54.699263, -22.208662 ], [ -54.698521, -22.207674 ], [ -54.697869, -22.206601 ], [ -54.697348, -22.205917 ], [ -54.696402, -22.205245 ], [ -54.695193, -22.204416 ], [ -54.693955, -22.203488 ], [ -54.693327, -22.202886 ], [ -54.691916, -22.201758 ], [ -54.690406, -22.200777 ], [ -54.689014, -22.199722 ], [ -54.688565, -22.199301 ], [ -54.689804, -22.197902 ] ] ] } },
{ "type": "Feature", "properties": { "id": 71, "nome": "ZEIS - ZONA ESPECIAL DE INTERESSE SOCIAL", "sigla": "ZEIS" }, "geometry": { "type": "Polygon", "coordinates": [ [ [ -54.823109, -22.247832 ], [ -54.822956, -22.249088 ], [ -54.822532, -22.249043 ], [ -54.822411, -22.249081 ], [ -54.82116, -22.247715 ], [ -54.821171, -22.247628 ], [ -54.823109, -22.247832 ] ] ] } },
{ "type": "Feature", "properties": { "id": 72, "nome": "ZEIS - ZONA ESPECIAL DE INTERESSE SOCIAL", "sigla": "ZEIS" }, "geometry": { "type": "Polygon", "coordinates": [ [ [ -54.739553, -22.240588 ], [ -54.735757, -22.23651 ], [ -54.736691, -22.235756 ], [ -54.740487, -22.239834 ], [ -54.739553, -22.240588 ] ] ] } },
{ "type": "Feature", "properties": { "id": 77, "nome": "ZEIS - ZONA ESPECIAL DE INTERESSE SOCIAL", "sigla": "ZEIS" }, "geometry": { "type": "Polygon", "coordinates": [ [ [ -54.795317, -22.217894 ], [ -54.795525, -22.217999 ], [ -54.795517, -22.218177 ], [ -54.794447, -22.217584 ], [ -54.794753, -22.215216 ], [ -54.79545, -22.215267 ], [ -54.795565, -22.21425 ], [ -54.796047, -22.2143 ], [ -54.796194, -22.213225 ], [ -54.79631, -22.21228 ], [ -54.798232, -22.212468 ], [ -54.796924, -22.214774 ], [ -54.795317, -22.217894 ] ] ] } },
{ "type": "Feature", "properties": { "id": 6, "nome": "ZEIA - ZONA ESPECIAL DE INTERESSE AMBIENTAL", "sigla": "ZEIA" }, "geometry": { "type": "Polygon", "coordinates": [ [ [ -54.940422, -22.253696 ], [ -54.935997, -22.253904 ], [ -54.935629, -22.253535 ], [ -54.93506, -22.252841 ], [ -54.934315, -22.252708 ], [ -54.933861, -22.252685 ], [ -54.933421, -22.253019 ], [ -54.933351, -22.254152 ], [ -54.933309, -22.254532 ], [ -54.933148, -22.255201 ], [ -54.932882, -22.255181 ], [ -54.932123, -22.254707 ], [ -54.931507, -22.254087 ], [ -54.93115, -22.253603 ], [ -54.93046, -22.252683 ], [ -54.930081, -22.251851 ], [ -54.929564, -22.250727 ], [ -54.929399, -22.250103 ], [ -54.929413, -22.248901 ], [ -54.929511, -22.247273 ], [ -54.929566, -22.246404 ], [ -54.929666, -22.245535 ], [ -54.930007, -22.246009 ], [ -54.930525, -22.246733 ], [ -54.930775, -22.246912 ], [ -54.932002, -22.246974 ], [ -54.932449, -22.246839 ], [ -54.932769, -22.246755 ], [ -54.933104, -22.246668 ], [ -54.933215, -22.246255 ], [ -54.933281, -22.245622 ], [ -54.933302, -22.244209 ], [ -54.933366, -22.244148 ], [ -54.935343, -22.245896 ], [ -54.936061, -22.246424 ], [ -54.936212, -22.246685 ], [ -54.936352, -22.246954 ], [ -54.936489, -22.247221 ], [ -54.937518, -22.248043 ], [ -54.937709, -22.248227 ], [ -54.937997, -22.248622 ], [ -54.938345, -22.249089 ], [ -54.938687, -22.249185 ], [ -54.939345, -22.249357 ], [ -54.939673, -22.249453 ], [ -54.939827, -22.249713 ], [ -54.939967, -22.249985 ], [ -54.94029, -22.250476 ], [ -54.940363, -22.250774 ], [ -54.940364, -22.251175 ], [ -54.940354, -22.251594 ], [ -54.940376, -22.251986 ], [ -54.940395, -22.25241 ], [ -54.940422, -22.253696 ] ] ] } },
{ "type": "Feature", "properties": { "id": 7, "nome": "ZEIA - ZONA ESPECIAL DE INTERESSE AMBIENTAL", "sigla": "ZEIA" }, "geometry": { "type": "Polygon", "coordinates": [ [ [ -54.895427, -22.255115 ], [ -54.895388, -22.254677 ], [ -54.895495, -22.254373 ], [ -54.8956, -22.254079 ], [ -54.896121, -22.25387 ], [ -54.896507, -22.253716 ], [ -54.896726, -22.253711 ], [ -54.897076, -22.253829 ], [ -54.897352, -22.25393 ], [ -54.897651, -22.254057 ], [ -54.898316, -22.254631 ], [ -54.899335, -22.25531 ], [ -54.900159, -22.255718 ], [ -54.900757, -22.255983 ], [ -54.901169, -22.256157 ], [ -54.902376, -22.256483 ], [ -54.903096, -22.256621 ], [ -54.903779, -22.256764 ], [ -54.904707, -22.257106 ], [ -54.905347, -22.257322 ], [ -54.905646, -22.257465 ], [ -54.906427, -22.257957 ], [ -54.906623, -22.258146 ], [ -54.906867, -22.25877 ], [ -54.907152, -22.25944 ], [ -54.907197, -22.259597 ], [ -54.907376, -22.261398 ], [ -54.907306, -22.261627 ], [ -54.906819, -22.262384 ], [ -54.906381, -22.263078 ], [ -54.90579, -22.264005 ], [ -54.905222, -22.264532 ], [ -54.904219, -22.265174 ], [ -54.900488, -22.265243 ], [ -54.899847, -22.26505 ], [ -54.899536, -22.264929 ], [ -54.89934, -22.26473 ], [ -54.899139, -22.264521 ], [ -54.89873, -22.264084 ], [ -54.898234, -22.260985 ], [ -54.898086, -22.25798 ], [ -54.897903, -22.257763 ], [ -54.896944, -22.257408 ], [ -54.896376, -22.257166 ], [ -54.895973, -22.256747 ], [ -54.895655, -22.256256 ], [ -54.895427, -22.255115 ] ] ] } },
{ "type": "Feature", "properties": { "id": 8, "nome": "ZEIA - ZONA ESPECIAL DE INTERESSE AMBIENTAL", "sigla": "ZEIA" }, "geometry": { "type": "Polygon", "coordinates": [ [ [ -54.905637, -22.275813 ], [ -54.906482, -22.276376 ], [ -54.90701, -22.276727 ], [ -54.90841, -22.27766 ], [ -54.909239, -22.278207 ], [ -54.909807, -22.278582 ], [ -54.909986, -22.2787 ], [ -54.910216, -22.279294 ], [ -54.910458, -22.279857 ], [ -54.910458, -22.280426 ], [ -54.910425, -22.282243 ], [ -54.909732, -22.28378 ], [ -54.909513, -22.284256 ], [ -54.909089, -22.285187 ], [ -54.908995, -22.285513 ], [ -54.908979, -22.287105 ], [ -54.908923, -22.287463 ], [ -54.908795, -22.287741 ], [ -54.908531, -22.288296 ], [ -54.908133, -22.289132 ], [ -54.907866, -22.289685 ], [ -54.906474, -22.29136 ], [ -54.904817, -22.293236 ], [ -54.904585, -22.293842 ], [ -54.904371, -22.294423 ], [ -54.904174, -22.295052 ], [ -54.904007, -22.295708 ], [ -54.903812, -22.29651 ], [ -54.902559, -22.297639 ], [ -54.901032, -22.298225 ], [ -54.900812, -22.298319 ], [ -54.899491, -22.299074 ], [ -54.899412, -22.2994 ], [ -54.899245, -22.300059 ], [ -54.899007, -22.300235 ], [ -54.898484, -22.300138 ], [ -54.898437, -22.300085 ], [ -54.898284, -22.297512 ], [ -54.898237, -22.296824 ], [ -54.898085, -22.29618 ], [ -54.897925, -22.295521 ], [ -54.897552, -22.293903 ], [ -54.897292, -22.292559 ], [ -54.897325, -22.290967 ], [ -54.897367, -22.288159 ], [ -54.897389, -22.286948 ], [ -54.897539, -22.286288 ], [ -54.897714, -22.285637 ], [ -54.898061, -22.284353 ], [ -54.898465, -22.282725 ], [ -54.898676, -22.2809 ], [ -54.898725, -22.280528 ], [ -54.898839, -22.280246 ], [ -54.899762, -22.279499 ], [ -54.900776, -22.278852 ], [ -54.901035, -22.27871 ], [ -54.902314, -22.278714 ], [ -54.902453, -22.278432 ], [ -54.90291, -22.277642 ], [ -54.904117, -22.276397 ], [ -54.904645, -22.276099 ], [ -54.904948, -22.275974 ], [ -54.905431, -22.275744 ], [ -54.905637, -22.275813 ] ] ] } },
{ "type": "Feature", "properties": { "id": 19, "nome": "ZOE - ZONA DE OCUPAÇÃO ESPECIAL", "sigla": "ZOE" }, "geometry": { "type": "Polygon", "coordinates": [ [ [ -54.934737, -22.235042 ], [ -54.923247, -22.221963 ], [ -54.925273, -22.222171 ], [ -54.926234, -22.21823 ], [ -54.930108, -22.215473 ], [ -54.930781, -22.214616 ], [ -54.930741, -22.214145 ], [ -54.931044, -22.213254 ], [ -54.930769, -22.212344 ], [ -54.928832, -22.211934 ], [ -54.927704, -22.212908 ], [ -54.926222, -22.213202 ], [ -54.924804, -22.214486 ], [ -54.921825, -22.214448 ], [ -54.922431, -22.208417 ], [ -54.920982, -22.202999 ], [ -54.916298, -22.201506 ], [ -54.909192, -22.205827 ], [ -54.905518, -22.201608 ], [ -54.90534, -22.201324 ], [ -54.905168, -22.201036 ], [ -54.905004, -22.200744 ], [ -54.904846, -22.200449 ], [ -54.904695, -22.200151 ], [ -54.904551, -22.199851 ], [ -54.904414, -22.199547 ], [ -54.904284, -22.19924 ], [ -54.904161, -22.198931 ], [ -54.904046, -22.19862 ], [ -54.903938, -22.198306 ], [ -54.903837, -22.19799 ], [ -54.903744, -22.197673 ], [ -54.903658, -22.197353 ], [ -54.90358, -22.197032 ], [ -54.903509, -22.196709 ], [ -54.903446, -22.196385 ], [ -54.90339, -22.196059 ], [ -54.903342, -22.195733 ], [ -54.903302, -22.195406 ], [ -54.903269, -22.195078 ], [ -54.903244, -22.194749 ], [ -54.903227, -22.19442 ], [ -54.903217, -22.194091 ], [ -54.903215, -22.193761 ], [ -54.903221, -22.193432 ], [ -54.903235, -22.193103 ], [ -54.903256, -22.192774 ], [ -54.903285, -22.192446 ], [ -54.903321, -22.192118 ], [ -54.903366, -22.191791 ], [ -54.903418, -22.191465 ], [ -54.903477, -22.19114 ], [ -54.903544, -22.190817 ], [ -54.903619, -22.190495 ], [ -54.903701, -22.190175 ], [ -54.903791, -22.189856 ], [ -54.903888, -22.189539 ], [ -54.903992, -22.189224 ], [ -54.904104, -22.188912 ], [ -54.904223, -22.188602 ], [ -54.904349, -22.188294 ], [ -54.904483, -22.187989 ], [ -54.904623, -22.187686 ], [ -54.904771, -22.187387 ], [ -54.904926, -22.187091 ], [ -54.905087, -22.186798 ], [ -54.905255, -22.186508 ], [ -54.90543, -22.186222 ], [ -54.905612, -22.185939 ], [ -54.9058, -22.18566 ], [ -54.905995, -22.185385 ], [ -54.906196, -22.185114 ], [ -54.906404, -22.184847 ], [ -54.906617, -22.184585 ], [ -54.906837, -22.184326 ], [ -54.907063, -22.184073 ], [ -54.907294, -22.183824 ], [ -54.907532, -22.183579 ], [ -54.907775, -22.18334 ], [ -54.908023, -22.183106 ], [ -54.908277, -22.182876 ], [ -54.908536, -22.182652 ], [ -54.908801, -22.182433 ], [ -54.90907, -22.18222 ], [ -54.909345, -22.182012 ], [ -54.909624, -22.18181 ], [ -54.909908, -22.181613 ], [ -54.910196, -22.181423 ], [ -54.910489, -22.181238 ], [ -54.910786, -22.181059 ], [ -54.911087, -22.180886 ], [ -54.911393, -22.18072 ], [ -54.911702, -22.180559 ], [ -54.912014, -22.180405 ], [ -54.91233, -22.180258 ], [ -54.91265, -22.180116 ], [ -54.912973, -22.179982 ], [ -54.913299, -22.179853 ], [ -54.913627, -22.179732 ], [ -54.913959, -22.179617 ], [ -54.914293, -22.179509 ], [ -54.91463, -22.179408 ], [ -54.914969, -22.179314 ], [ -54.91531, -22.179226 ], [ -54.915653, -22.179145 ], [ -54.915997, -22.179072 ], [ -54.916344, -22.179005 ], [ -54.916692, -22.178946 ], [ -54.917041, -22.178893 ], [ -54.917391, -22.178848 ], [ -54.917743, -22.17881 ], [ -54.918095, -22.178779 ], [ -54.918448, -22.178755 ], [ -54.918801, -22.178738 ], [ -54.919154, -22.178729 ], [ -54.919508, -22.178726 ], [ -54.919862, -22.178731 ], [ -54.920215, -22.178743 ], [ -54.920568, -22.178762 ], [ -54.920921, -22.178788 ], [ -54.921273, -22.178822 ], [ -54.921624, -22.178862 ], [ -54.921974, -22.17891 ], [ -54.922323, -22.178965 ], [ -54.92267, -22.179026 ], [ -54.923016, -22.179095 ], [ -54.92336, -22.179171 ], [ -54.923703, -22.179254 ], [ -54.924043, -22.179344 ], [ -54.924381, -22.17944 ], [ -54.924717, -22.179544 ], [ -54.92505, -22.179654 ], [ -54.925381, -22.179771 ], [ -54.925709, -22.179895 ], [ -54.926034, -22.180025 ], [ -54.926355, -22.180162 ], [ -54.926674, -22.180305 ], [ -54.926989, -22.180455 ], [ -54.9273, -22.180611 ], [ -54.927608, -22.180774 ], [ -54.927912, -22.180942 ], [ -54.928212, -22.181117 ], [ -54.928507, -22.181298 ], [ -54.928799, -22.181485 ], [ -54.929086, -22.181677 ], [ -54.929368, -22.181876 ], [ -54.929646, -22.18208 ], [ -54.929919, -22.182289 ], [ -54.930187, -22.182505 ], [ -54.930449, -22.182725 ], [ -54.930707, -22.182951 ], [ -54.930959, -22.183182 ], [ -54.931206, -22.183418 ], [ -54.931447, -22.183659 ], [ -54.946337, -22.200188 ], [ -54.946528, -22.200464 ], [ -54.946712, -22.200744 ], [ -54.94689, -22.201028 ], [ -54.947062, -22.201315 ], [ -54.947226, -22.201605 ], [ -54.947384, -22.201899 ], [ -54.947535, -22.202195 ], [ -54.94768, -22.202495 ], [ -54.947817, -22.202798 ], [ -54.947948, -22.203103 ], [ -54.948071, -22.203411 ], [ -54.948187, -22.203721 ], [ -54.948296, -22.204033 ], [ -54.948398, -22.204347 ], [ -54.948492, -22.204664 ], [ -54.94858, -22.204982 ], [ -54.94866, -22.205302 ], [ -54.948732, -22.205623 ], [ -54.948797, -22.205946 ], [ -54.948855, -22.20627 ], [ -54.948905, -22.206595 ], [ -54.948948, -22.206921 ], [ -54.948983, -22.207248 ], [ -54.949011, -22.207575 ], [ -54.949031, -22.207903 ], [ -54.949043, -22.208232 ], [ -54.949048, -22.20856 ], [ -54.949046, -22.208888 ], [ -54.949036, -22.209217 ], [ -54.949018, -22.209545 ], [ -54.948993, -22.209872 ], [ -54.94896, -22.210199 ], [ -54.94892, -22.210526 ], [ -54.948872, -22.210851 ], [ -54.948816, -22.211175 ], [ -54.948754, -22.211499 ], [ -54.948684, -22.21182 ], [ -54.948606, -22.212141 ], [ -54.948521, -22.21246 ], [ -54.948429, -22.212777 ], [ -54.948329, -22.213092 ], [ -54.948223, -22.213405 ], [ -54.948109, -22.213715 ], [ -54.947988, -22.214024 ], [ -54.947859, -22.21433 ], [ -54.947724, -22.214633 ], [ -54.947582, -22.214934 ], [ -54.975978, -22.249539 ], [ -54.974358, -22.250692 ], [ -54.952723, -22.235985 ], [ -54.952543, -22.235836 ], [ -54.952358, -22.235692 ], [ -54.952169, -22.235553 ], [ -54.951975, -22.235419 ], [ -54.951777, -22.235291 ], [ -54.951575, -22.235169 ], [ -54.951368, -22.235053 ], [ -54.951158, -22.234943 ], [ -54.950945, -22.234838 ], [ -54.950728, -22.23474 ], [ -54.950508, -22.234648 ], [ -54.950286, -22.234562 ], [ -54.95006, -22.234482 ], [ -54.949832, -22.234409 ], [ -54.949602, -22.234343 ], [ -54.94937, -22.234283 ], [ -54.949135, -22.23423 ], [ -54.948899, -22.234183 ], [ -54.948662, -22.234143 ], [ -54.948424, -22.23411 ], [ -54.948184, -22.234084 ], [ -54.947944, -22.234064 ], [ -54.947703, -22.234051 ], [ -54.947462, -22.234046 ], [ -54.947221, -22.234047 ], [ -54.94698, -22.234054 ], [ -54.94674, -22.234069 ], [ -54.9465, -22.234091 ], [ -54.94626, -22.234119 ], [ -54.946022, -22.234154 ], [ -54.945785, -22.234196 ], [ -54.94555, -22.234244 ], [ -54.945316, -22.2343 ], [ -54.945085, -22.234362 ], [ -54.936695, -22.237257 ], [ -54.934737, -22.235042 ] ] ] } },
{ "type": "Feature", "properties": { "id": 78, "nome": "ZEIS - ZONA ESPECIAL DE INTERESSE SOCIAL", "sigla": "ZEIS" }, "geometry": { "type": "Polygon", "coordinates": [ [ [ -54.824596, -22.221111 ], [ -54.822936, -22.22346 ], [ -54.822445, -22.223984 ], [ -54.821872, -22.224607 ], [ -54.818547, -22.221655 ], [ -54.819133, -22.220762 ], [ -54.819869, -22.221331 ], [ -54.820505, -22.220265 ], [ -54.82196, -22.221173 ], [ -54.822713, -22.220213 ], [ -54.824596, -22.221111 ] ] ] } },
{ "type": "Feature", "properties": { "id": 40, "nome": "AUME - ÁREA DE USO MISTO ESPECIAL", "sigla": "AUME" }, "geometry": { "type": "Polygon", "coordinates": [ [ [ -54.812885, -22.209351 ], [ -54.813495, -22.209422 ], [ -54.813327, -22.210514 ], [ -54.815215, -22.210728 ], [ -54.815017, -22.212454 ], [ -54.813919, -22.221415 ], [ -54.811417, -22.221134 ], [ -54.812885, -22.209351 ] ] ] } },
{ "type": "Feature", "properties": { "id": 23, "nome": "AUM - ÁREA DE USO MISTO", "sigla": "AUM" }, "geometry": { "type": "Polygon", "coordinates": [ [ [ -54.882291, -22.212626 ], [ -54.88263, -22.210887 ], [ -54.882457, -22.209834 ], [ -54.882196, -22.208167 ], [ -54.882497, -22.207365 ], [ -54.883004, -22.206679 ], [ -54.885044, -22.205161 ], [ -54.883833, -22.203751 ], [ -54.881569, -22.205435 ], [ -54.880752, -22.206541 ], [ -54.880208, -22.20799 ], [ -54.880539, -22.210101 ], [ -54.880664, -22.210861 ], [ -54.880475, -22.21183 ], [ -54.879931, -22.212431 ], [ -54.878704, -22.21354 ], [ -54.878446, -22.214447 ], [ -54.878245, -22.216083 ], [ -54.878304, -22.217826 ], [ -54.87851, -22.220494 ], [ -54.878661, -22.222035 ], [ -54.879303, -22.223913 ], [ -54.879813, -22.22593 ], [ -54.87995, -22.22759 ], [ -54.880531, -22.229888 ], [ -54.881323, -22.231286 ], [ -54.882418, -22.232901 ], [ -54.884374, -22.234934 ], [ -54.885808, -22.235926 ], [ -54.887307, -22.237574 ], [ -54.888611, -22.239263 ], [ -54.88963, -22.240868 ], [ -54.890189, -22.242862 ], [ -54.890301, -22.244214 ], [ -54.876691, -22.246897 ], [ -54.876251, -22.242502 ], [ -54.876214, -22.242241 ], [ -54.876171, -22.241982 ], [ -54.876119, -22.241723 ], [ -54.876061, -22.241466 ], [ -54.875995, -22.241211 ], [ -54.875922, -22.240957 ], [ -54.871963, -22.227922 ], [ -54.871877, -22.227683 ], [ -54.871784, -22.227447 ], [ -54.871685, -22.227213 ], [ -54.871578, -22.226981 ], [ -54.871465, -22.226753 ], [ -54.871344, -22.226527 ], [ -54.871217, -22.226305 ], [ -54.868805, -22.222213 ], [ -54.868725, -22.221952 ], [ -54.868653, -22.221689 ], [ -54.868587, -22.221424 ], [ -54.868529, -22.221158 ], [ -54.868478, -22.22089 ], [ -54.868434, -22.220622 ], [ -54.868398, -22.220352 ], [ -54.868369, -22.220082 ], [ -54.868347, -22.219811 ], [ -54.868333, -22.21954 ], [ -54.868326, -22.219268 ], [ -54.868326, -22.218996 ], [ -54.868334, -22.218725 ], [ -54.868349, -22.218454 ], [ -54.868371, -22.218183 ], [ -54.868401, -22.217912 ], [ -54.868438, -22.217643 ], [ -54.868482, -22.217375 ], [ -54.8685, -22.217089 ], [ -54.868511, -22.216802 ], [ -54.868514, -22.216516 ], [ -54.868509, -22.216229 ], [ -54.868497, -22.215943 ], [ -54.868477, -22.215657 ], [ -54.86845, -22.215372 ], [ -54.868416, -22.215087 ], [ -54.868374, -22.214804 ], [ -54.868325, -22.214521 ], [ -54.868268, -22.214239 ], [ -54.868204, -22.213959 ], [ -54.868132, -22.21368 ], [ -54.868053, -22.213404 ], [ -54.867968, -22.213129 ], [ -54.867874, -22.212856 ], [ -54.867774, -22.212585 ], [ -54.867667, -22.212316 ], [ -54.867552, -22.21205 ], [ -54.867431, -22.211787 ], [ -54.867303, -22.211527 ], [ -54.867168, -22.211269 ], [ -54.867026, -22.211015 ], [ -54.866878, -22.210764 ], [ -54.866723, -22.210516 ], [ -54.866562, -22.210272 ], [ -54.864616, -22.207406 ], [ -54.874428, -22.201632 ], [ -54.874687, -22.201541 ], [ -54.874949, -22.201456 ], [ -54.875213, -22.201377 ], [ -54.875479, -22.201304 ], [ -54.875747, -22.201238 ], [ -54.876017, -22.201178 ], [ -54.876288, -22.201125 ], [ -54.876561, -22.201077 ], [ -54.876834, -22.201037 ], [ -54.903662, -22.197367 ], [ -54.903747, -22.197685 ], [ -54.903841, -22.198002 ], [ -54.903941, -22.198317 ], [ -54.904049, -22.19863 ], [ -54.904164, -22.19894 ], [ -54.904287, -22.199248 ], [ -54.904416, -22.199553 ], [ -54.904553, -22.199856 ], [ -54.904697, -22.200156 ], [ -54.904848, -22.200453 ], [ -54.905005, -22.200747 ], [ -54.905169, -22.201037 ], [ -54.905341, -22.201325 ], [ -54.905518, -22.201608 ], [ -54.90919, -22.205828 ], [ -54.907058, -22.207124 ], [ -54.910202, -22.212873 ], [ -54.910368, -22.213967 ], [ -54.90843, -22.218104 ], [ -54.90645, -22.219123 ], [ -54.906431, -22.220336 ], [ -54.904987, -22.220694 ], [ -54.902436, -22.227736 ], [ -54.902164, -22.22965 ], [ -54.894166, -22.241355 ], [ -54.893815, -22.242389 ], [ -54.892223, -22.243931 ], [ -54.89211, -22.242562 ], [ -54.891438, -22.240167 ], [ -54.890237, -22.238275 ], [ -54.888837, -22.236462 ], [ -54.887144, -22.2346 ], [ -54.885688, -22.233593 ], [ -54.883971, -22.231809 ], [ -54.883003, -22.230382 ], [ -54.882363, -22.22925 ], [ -54.881872, -22.227312 ], [ -54.881735, -22.225652 ], [ -54.881174, -22.223432 ], [ -54.880573, -22.221675 ], [ -54.880443, -22.220347 ], [ -54.880241, -22.217733 ], [ -54.880188, -22.216157 ], [ -54.880357, -22.214782 ], [ -54.880441, -22.214487 ], [ -54.881351, -22.213664 ], [ -54.882291, -22.212626 ] ] ] } },
{ "type": "Feature", "properties": { "id": 43, "nome": "AUM - ÁREA DE USO MISTO", "sigla": "AUM" }, "geometry": { "type": "Polygon", "coordinates": [ [ [ -54.817817, -22.248449 ], [ -54.816141, -22.244258 ], [ -54.814835, -22.238644 ], [ -54.814077, -22.238796 ], [ -54.812993, -22.235822 ], [ -54.812563, -22.235772 ], [ -54.811991, -22.236071 ], [ -54.810489, -22.235907 ], [ -54.810891, -22.232575 ], [ -54.829694, -22.234628 ], [ -54.830777, -22.234755 ], [ -54.830406, -22.237533 ], [ -54.830362, -22.23813 ], [ -54.829764, -22.240147 ], [ -54.825659, -22.237696 ], [ -54.825256, -22.238639 ], [ -54.824607, -22.242757 ], [ -54.825731, -22.242875 ], [ -54.825745, -22.24333 ], [ -54.826271, -22.24339 ], [ -54.826188, -22.24414 ], [ -54.826781, -22.244198 ], [ -54.826698, -22.244869 ], [ -54.82724, -22.244922 ], [ -54.826806, -22.24832 ], [ -54.82713, -22.248496 ], [ -54.826858, -22.250847 ], [ -54.826446, -22.250973 ], [ -54.826408, -22.251265 ], [ -54.82628, -22.251623 ], [ -54.825907, -22.252368 ], [ -54.825604, -22.253189 ], [ -54.825391, -22.25369 ], [ -54.825188, -22.253951 ], [ -54.8249, -22.254185 ], [ -54.824364, -22.254529 ], [ -54.823968, -22.254775 ], [ -54.823527, -22.255017 ], [ -54.82236, -22.255619 ], [ -54.821484, -22.256039 ], [ -54.821112, -22.256117 ], [ -54.822521, -22.249082 ], [ -54.82125, -22.247649 ], [ -54.817817, -22.248449 ] ] ] } },
{ "type": "Feature", "properties": { "id": 26, "nome": "ZEII - ZONA ESPECIAL DE INTERESSE INDUSTRIAL", "sigla": "ZEII" }, "geometry": { "type": "Polygon", "coordinates": [ [ [ -54.864678, -22.225885 ], [ -54.864485, -22.224915 ], [ -54.864599, -22.223255 ], [ -54.863006, -22.22316 ], [ -54.863004, -22.223156 ], [ -54.862721, -22.22207 ], [ -54.862665, -22.22184 ], [ -54.862615, -22.221608 ], [ -54.862572, -22.221375 ], [ -54.862536, -22.221141 ], [ -54.862507, -22.220906 ], [ -54.862485, -22.22067 ], [ -54.86247, -22.220434 ], [ -54.862461, -22.220198 ], [ -54.86246, -22.219962 ], [ -54.862466, -22.219725 ], [ -54.862478, -22.219489 ], [ -54.862498, -22.219253 ], [ -54.862524, -22.219018 ], [ -54.862678, -22.216992 ], [ -54.862691, -22.216783 ], [ -54.862695, -22.216573 ], [ -54.862692, -22.216363 ], [ -54.862682, -22.216154 ], [ -54.862663, -22.215945 ], [ -54.862638, -22.215736 ], [ -54.862605, -22.215529 ], [ -54.862564, -22.215323 ], [ -54.862516, -22.215118 ], [ -54.862461, -22.214915 ], [ -54.862398, -22.214713 ], [ -54.862328, -22.214514 ], [ -54.862251, -22.214317 ], [ -54.862167, -22.214123 ], [ -54.862076, -22.213931 ], [ -54.861978, -22.213742 ], [ -54.861873, -22.213556 ], [ -54.861761, -22.213374 ], [ -54.861643, -22.213195 ], [ -54.85877, -22.20915 ], [ -54.837999, -22.221548 ], [ -54.83647, -22.220974 ], [ -54.832096, -22.223571 ], [ -54.832138, -22.223396 ], [ -54.832289, -22.223117 ], [ -54.832521, -22.221168 ], [ -54.833841, -22.220384 ], [ -54.834267, -22.220992 ], [ -54.857511, -22.207114 ], [ -54.857403, -22.20696 ], [ -54.857241, -22.20677 ], [ -54.857145, -22.206654 ], [ -54.857074, -22.206571 ], [ -54.856678, -22.20622 ], [ -54.856336, -22.205979 ], [ -54.855925, -22.205716 ], [ -54.855432, -22.205398 ], [ -54.8551, -22.205207 ], [ -54.85493, -22.205137 ], [ -54.854529, -22.205091 ], [ -54.85449, -22.202353 ], [ -54.854399, -22.202352 ], [ -54.85448, -22.199655 ], [ -54.854563, -22.199652 ], [ -54.854789, -22.199652 ], [ -54.855014, -22.199659 ], [ -54.855238, -22.199672 ], [ -54.855463, -22.199693 ], [ -54.855686, -22.19972 ], [ -54.855908, -22.199755 ], [ -54.856129, -22.199796 ], [ -54.856348, -22.199844 ], [ -54.856566, -22.199899 ], [ -54.856781, -22.19996 ], [ -54.856994, -22.200029 ], [ -54.857204, -22.200103 ], [ -54.857412, -22.200185 ], [ -54.857617, -22.200272 ], [ -54.857818, -22.200366 ], [ -54.858016, -22.200466 ], [ -54.85821, -22.200572 ], [ -54.858401, -22.200684 ], [ -54.858587, -22.200802 ], [ -54.858769, -22.200926 ], [ -54.859049, -22.201096 ], [ -54.859326, -22.201272 ], [ -54.859598, -22.201453 ], [ -54.859865, -22.20164 ], [ -54.860128, -22.201833 ], [ -54.860387, -22.202031 ], [ -54.86064, -22.202234 ], [ -54.860889, -22.202443 ], [ -54.861132, -22.202657 ], [ -54.871138, -22.196387 ], [ -54.903368, -22.191777 ], [ -54.903325, -22.192087 ], [ -54.90329, -22.192398 ], [ -54.903261, -22.19271 ], [ -54.903239, -22.193022 ], [ -54.903224, -22.193334 ], [ -54.903217, -22.193647 ], [ -54.903216, -22.19396 ], [ -54.903222, -22.194272 ], [ -54.903235, -22.194585 ], [ -54.903254, -22.194897 ], [ -54.903281, -22.195209 ], [ -54.903315, -22.19552 ], [ -54.903356, -22.19583 ], [ -54.903403, -22.19614 ], [ -54.903457, -22.196448 ], [ -54.903519, -22.196756 ], [ -54.903587, -22.197062 ], [ -54.903662, -22.197367 ], [ -54.876834, -22.201037 ], [ -54.876561, -22.201077 ], [ -54.876288, -22.201125 ], [ -54.876017, -22.201178 ], [ -54.875747, -22.201238 ], [ -54.875479, -22.201304 ], [ -54.875213, -22.201377 ], [ -54.874949, -22.201456 ], [ -54.874687, -22.201541 ], [ -54.874428, -22.201632 ], [ -54.864616, -22.207406 ], [ -54.866562, -22.210272 ], [ -54.866723, -22.210516 ], [ -54.866878, -22.210764 ], [ -54.867026, -22.211015 ], [ -54.867168, -22.211269 ], [ -54.867303, -22.211527 ], [ -54.867431, -22.211787 ], [ -54.867552, -22.21205 ], [ -54.867667, -22.212316 ], [ -54.867774, -22.212585 ], [ -54.867874, -22.212856 ], [ -54.867968, -22.213129 ], [ -54.868053, -22.213404 ], [ -54.868132, -22.21368 ], [ -54.868204, -22.213959 ], [ -54.868268, -22.214239 ], [ -54.868325, -22.214521 ], [ -54.868374, -22.214804 ], [ -54.868416, -22.215087 ], [ -54.86845, -22.215372 ], [ -54.868477, -22.215657 ], [ -54.868497, -22.215943 ], [ -54.868509, -22.216229 ], [ -54.868514, -22.216516 ], [ -54.868511, -22.216802 ], [ -54.8685, -22.217089 ], [ -54.868482, -22.217375 ], [ -54.868438, -22.217643 ], [ -54.868401, -22.217912 ], [ -54.868371, -22.218183 ], [ -54.868349, -22.218454 ], [ -54.868334, -22.218725 ], [ -54.868326, -22.218996 ], [ -54.868326, -22.219268 ], [ -54.868333, -22.21954 ], [ -54.868347, -22.219811 ], [ -54.868369, -22.220082 ], [ -54.868398, -22.220352 ], [ -54.868434, -22.220622 ], [ -54.868478, -22.22089 ], [ -54.868529, -22.221158 ], [ -54.868587, -22.221424 ], [ -54.868653, -22.221689 ], [ -54.868725, -22.221952 ], [ -54.868805, -22.222213 ], [ -54.871217, -22.226305 ], [ -54.871344, -22.226527 ], [ -54.871465, -22.226753 ], [ -54.871578, -22.226981 ], [ -54.871685, -22.227213 ], [ -54.871784, -22.227447 ], [ -54.871877, -22.227683 ], [ -54.871963, -22.227922 ], [ -54.875922, -22.240957 ], [ -54.875995, -22.241211 ], [ -54.876061, -22.241466 ], [ -54.876119, -22.241723 ], [ -54.876171, -22.241982 ], [ -54.876214, -22.242241 ], [ -54.876251, -22.242502 ], [ -54.876691, -22.246897 ], [ -54.876793, -22.247908 ], [ -54.877257, -22.250477 ], [ -54.889112, -22.24814 ], [ -54.88868, -22.248628 ], [ -54.886273, -22.251446 ], [ -54.884556, -22.253692 ], [ -54.882194, -22.255562 ], [ -54.863397, -22.259075 ], [ -54.862543, -22.258775 ], [ -54.862069, -22.257705 ], [ -54.861812, -22.25661 ], [ -54.861424, -22.255477 ], [ -54.860796, -22.254122 ], [ -54.860577, -22.253757 ], [ -54.871559, -22.251595 ], [ -54.871134, -22.249338 ], [ -54.870999, -22.248412 ], [ -54.870464, -22.243078 ], [ -54.870448, -22.242947 ], [ -54.870425, -22.242816 ], [ -54.870397, -22.242686 ], [ -54.870362, -22.242558 ], [ -54.870322, -22.242431 ], [ -54.866385, -22.229464 ], [ -54.864938, -22.226973 ], [ -54.864918, -22.226934 ], [ -54.864678, -22.225885 ] ] ] } },
{ "type": "Feature", "properties": { "id": 9, "nome": "ZEIA - ZONA ESPECIAL DE INTERESSE AMBIENTAL", "sigla": "ZEIA" }, "geometry": { "type": "Polygon", "coordinates": [ [ [ -54.798999, -22.258941 ], [ -54.790796, -22.258808 ], [ -54.791658, -22.252409 ], [ -54.795268, -22.252805 ], [ -54.796548, -22.251908 ], [ -54.79815, -22.250839 ], [ -54.79879, -22.250413 ], [ -54.79885, -22.250183 ], [ -54.798901, -22.249757 ], [ -54.798837, -22.249422 ], [ -54.797878, -22.24832 ], [ -54.796345, -22.246559 ], [ -54.796109, -22.246383 ], [ -54.795763, -22.246305 ], [ -54.795048, -22.24616 ], [ -54.793071, -22.241784 ], [ -54.793562, -22.238079 ], [ -54.792798, -22.23799 ], [ -54.791876, -22.237022 ], [ -54.791362, -22.235092 ], [ -54.790452, -22.23505 ], [ -54.789454, -22.230499 ], [ -54.789133, -22.229016 ], [ -54.789313, -22.227005 ], [ -54.794528, -22.227245 ], [ -54.794419, -22.228252 ], [ -54.795266, -22.228386 ], [ -54.795314, -22.228619 ], [ -54.795517, -22.228581 ], [ -54.795447, -22.229344 ], [ -54.796605, -22.229099 ], [ -54.796428, -22.230988 ], [ -54.796335, -22.232509 ], [ -54.798099, -22.232683 ], [ -54.797754, -22.235582 ], [ -54.79888, -22.235712 ], [ -54.798708, -22.237131 ], [ -54.797174, -22.236959 ], [ -54.79674, -22.24055 ], [ -54.798044, -22.242842 ], [ -54.802718, -22.243358 ], [ -54.801707, -22.251279 ], [ -54.800746, -22.251177 ], [ -54.800573, -22.251785 ], [ -54.800599, -22.252139 ], [ -54.800289, -22.252683 ], [ -54.7995, -22.253552 ], [ -54.799901, -22.253915 ], [ -54.801401, -22.253718 ], [ -54.801077, -22.25629 ], [ -54.799378, -22.256151 ], [ -54.798999, -22.258941 ] ] ] } },
{ "type": "Feature", "properties": { "id": 47, "nome": "AUM - ÁREA DE USO MISTO", "sigla": "AUM" }, "geometry": { "type": "Polygon", "coordinates": [ [ [ -54.802718, -22.243358 ], [ -54.798044, -22.242842 ], [ -54.79674, -22.24055 ], [ -54.797174, -22.236959 ], [ -54.798708, -22.237131 ], [ -54.79888, -22.235712 ], [ -54.797754, -22.235582 ], [ -54.798099, -22.232683 ], [ -54.796335, -22.232509 ], [ -54.796428, -22.230988 ], [ -54.798666, -22.231237 ], [ -54.804178, -22.231848 ], [ -54.802718, -22.243358 ] ] ] } },
{ "type": "Feature", "properties": { "id": 50, "nome": "ACP II - ÁREA CENTRAL PRINCIPAL II", "sigla": "ACP II" }, "geometry": { "type": "Polygon", "coordinates": [ [ [ -54.799105, -22.227727 ], [ -54.801602, -22.228008 ], [ -54.820471, -22.230062 ], [ -54.83005, -22.231109 ], [ -54.830053, -22.231177 ], [ -54.829815, -22.233574 ], [ -54.829694, -22.234628 ], [ -54.821282, -22.233717 ], [ -54.810891, -22.232575 ], [ -54.804178, -22.231848 ], [ -54.798666, -22.231237 ], [ -54.799105, -22.227727 ] ] ] } },
{ "type": "Feature", "properties": { "id": 60, "nome": "AUM - ÁREA DE USO MISTO", "sigla": "AUM" }, "geometry": { "type": "Polygon", "coordinates": [ [ [ -54.743078, -22.26215 ], [ -54.743973, -22.25962 ], [ -54.744322, -22.258428 ], [ -54.745128, -22.253486 ], [ -54.76172, -22.246894 ], [ -54.767343, -22.248272 ], [ -54.77101, -22.246631 ], [ -54.778329, -22.258138 ], [ -54.780519, -22.259421 ], [ -54.780158, -22.262001 ], [ -54.779691, -22.265211 ], [ -54.779454, -22.26677 ], [ -54.777816, -22.266566 ], [ -54.776904, -22.272886 ], [ -54.779824, -22.272294 ], [ -54.779097, -22.277244 ], [ -54.774908, -22.277042 ], [ -54.775051, -22.276245 ], [ -54.775015, -22.274988 ], [ -54.775159, -22.27338 ], [ -54.773949, -22.273558 ], [ -54.77319, -22.273748 ], [ -54.773073, -22.274939 ], [ -54.773107, -22.276119 ], [ -54.772957, -22.276953 ], [ -54.76486, -22.276545 ], [ -54.762779, -22.284461 ], [ -54.756879, -22.283751 ], [ -54.7508, -22.285401 ], [ -54.749171, -22.277109 ], [ -54.749849, -22.272631 ], [ -54.74876, -22.272476 ], [ -54.74152, -22.271864 ], [ -54.741742, -22.270821 ], [ -54.742137, -22.269771 ], [ -54.743123, -22.267187 ], [ -54.743209, -22.265967 ], [ -54.742825, -22.264446 ], [ -54.742889, -22.262966 ], [ -54.743078, -22.26215 ] ] ] } },
{ "type": "Feature", "properties": { "id": 89, "nome": "ZEIA - ZONA ESPECIAL DE INTERESSE AMBIENTAL", "sigla": "ZEIA" }, "geometry": { "type": "Polygon", "coordinates": [ [ [ -54.830366, -22.228717 ], [ -54.830469, -22.228651 ], [ -54.832375, -22.227857 ], [ -54.833939, -22.226921 ], [ -54.835857, -22.229976 ], [ -54.831102, -22.23412 ], [ -54.831683, -22.234919 ], [ -54.832185, -22.234499 ], [ -54.833807, -22.236091 ], [ -54.836392, -22.233926 ], [ -54.836891, -22.234421 ], [ -54.839004, -22.232651 ], [ -54.839819, -22.233486 ], [ -54.837744, -22.235274 ], [ -54.838311, -22.235879 ], [ -54.838086, -22.236183 ], [ -54.838173, -22.236307 ], [ -54.837682, -22.23671 ], [ -54.838007, -22.237083 ], [ -54.834795, -22.240218 ], [ -54.833403, -22.241601 ], [ -54.830484, -22.249099 ], [ -54.825261, -22.256396 ], [ -54.822229, -22.259092 ], [ -54.820276, -22.25907 ], [ -54.818549, -22.260622 ], [ -54.818425, -22.264981 ], [ -54.814056, -22.269108 ], [ -54.813165, -22.268336 ], [ -54.811698, -22.269614 ], [ -54.810429, -22.269791 ], [ -54.807718, -22.270153 ], [ -54.802748, -22.272672 ], [ -54.802628, -22.272886 ], [ -54.802502, -22.273074 ], [ -54.802443, -22.274083 ], [ -54.802342, -22.274277 ], [ -54.802392, -22.274534 ], [ -54.802385, -22.274838 ], [ -54.802313, -22.275118 ], [ -54.802196, -22.275351 ], [ -54.802099, -22.27549 ], [ -54.802288, -22.275857 ], [ -54.802445, -22.276109 ], [ -54.80258, -22.276463 ], [ -54.802776, -22.276826 ], [ -54.802825, -22.277001 ], [ -54.802877, -22.277252 ], [ -54.802912, -22.277472 ], [ -54.803073, -22.277861 ], [ -54.803129, -22.278219 ], [ -54.803459, -22.278891 ], [ -54.803458, -22.279147 ], [ -54.803455, -22.279277 ], [ -54.803469, -22.279658 ], [ -54.803473, -22.279891 ], [ -54.803438, -22.280366 ], [ -54.80343, -22.280658 ], [ -54.803488, -22.280973 ], [ -54.803634, -22.281603 ], [ -54.803721, -22.281931 ], [ -54.803809, -22.282201 ], [ -54.803907, -22.282388 ], [ -54.804254, -22.28285 ], [ -54.804392, -22.283131 ], [ -54.804478, -22.283409 ], [ -54.804531, -22.283757 ], [ -54.804568, -22.28393 ], [ -54.804615, -22.284208 ], [ -54.80459, -22.284554 ], [ -54.804467, -22.285034 ], [ -54.804407, -22.285224 ], [ -54.804506, -22.285409 ], [ -54.804583, -22.285739 ], [ -54.804589, -22.286055 ], [ -54.804568, -22.286354 ], [ -54.804531, -22.286543 ], [ -54.804749, -22.286783 ], [ -54.804943, -22.287031 ], [ -54.805126, -22.287293 ], [ -54.805361, -22.287696 ], [ -54.80551, -22.288042 ], [ -54.805772, -22.289364 ], [ -54.803858, -22.289659 ], [ -54.803644, -22.288538 ], [ -54.80342, -22.288155 ], [ -54.803217, -22.287891 ], [ -54.802922, -22.28769 ], [ -54.802616, -22.287388 ], [ -54.802395, -22.286758 ], [ -54.802475, -22.286375 ], [ -54.802636, -22.28605 ], [ -54.802493, -22.285716 ], [ -54.802444, -22.285333 ], [ -54.802461, -22.285082 ], [ -54.802505, -22.28485 ], [ -54.802595, -22.28456 ], [ -54.802666, -22.284292 ], [ -54.802575, -22.283766 ], [ -54.802508, -22.28365 ], [ -54.802193, -22.283234 ], [ -54.801942, -22.282703 ], [ -54.801743, -22.282004 ], [ -54.801586, -22.281327 ], [ -54.801521, -22.280995 ], [ -54.801495, -22.280788 ], [ -54.801489, -22.280598 ], [ -54.8015, -22.280279 ], [ -54.801526, -22.279959 ], [ -54.801532, -22.279747 ], [ -54.801515, -22.279286 ], [ -54.801374, -22.279041 ], [ -54.801286, -22.2788 ], [ -54.801224, -22.278561 ], [ -54.801185, -22.278301 ], [ -54.801147, -22.278234 ], [ -54.801055, -22.278497 ], [ -54.800639, -22.279462 ], [ -54.800562, -22.280112 ], [ -54.800624, -22.281 ], [ -54.800824, -22.282048 ], [ -54.800943, -22.28324 ], [ -54.80102, -22.284438 ], [ -54.800862, -22.285564 ], [ -54.800693, -22.287162 ], [ -54.800046, -22.288796 ], [ -54.799809, -22.29012 ], [ -54.799602, -22.290727 ], [ -54.798822, -22.29172 ], [ -54.798266, -22.293015 ], [ -54.797494, -22.294518 ], [ -54.797037, -22.295519 ], [ -54.796718, -22.296785 ], [ -54.796098, -22.298441 ], [ -54.795427, -22.300224 ], [ -54.794648, -22.30145 ], [ -54.79376, -22.302692 ], [ -54.79264, -22.303628 ], [ -54.792296, -22.304424 ], [ -54.791862, -22.306085 ], [ -54.791672, -22.307723 ], [ -54.791671, -22.310427 ], [ -54.791879, -22.312243 ], [ -54.790542, -22.312012 ], [ -54.790761, -22.317102 ], [ -54.790545, -22.315937 ], [ -54.790376, -22.315355 ], [ -54.790046, -22.313275 ], [ -54.789851, -22.311587 ], [ -54.789731, -22.310521 ], [ -54.789732, -22.307625 ], [ -54.789947, -22.305773 ], [ -54.790444, -22.303871 ], [ -54.791008, -22.302565 ], [ -54.792281, -22.301501 ], [ -54.793004, -22.300489 ], [ -54.793659, -22.299458 ], [ -54.794266, -22.297845 ], [ -54.794852, -22.296281 ], [ -54.795186, -22.294955 ], [ -54.795725, -22.293775 ], [ -54.796488, -22.29229 ], [ -54.797111, -22.290838 ], [ -54.797849, -22.2899 ], [ -54.797917, -22.289698 ], [ -54.798159, -22.288346 ], [ -54.798465, -22.287533 ], [ -54.798788, -22.286745 ], [ -54.798934, -22.285359 ], [ -54.799072, -22.284375 ], [ -54.799008, -22.283377 ], [ -54.7989, -22.282289 ], [ -54.798695, -22.281218 ], [ -54.798615, -22.280072 ], [ -54.798739, -22.279018 ], [ -54.79923, -22.277881 ], [ -54.799562, -22.276929 ], [ -54.799702, -22.276071 ], [ -54.800111, -22.274498 ], [ -54.800525, -22.273646 ], [ -54.800567, -22.272941 ], [ -54.80042, -22.27242 ], [ -54.799956, -22.271479 ], [ -54.799878, -22.270326 ], [ -54.799622, -22.269273 ], [ -54.799172, -22.268143 ], [ -54.798375, -22.266918 ], [ -54.79759, -22.265809 ], [ -54.79671, -22.264732 ], [ -54.796494, -22.263846 ], [ -54.796165, -22.262798 ], [ -54.79578, -22.261407 ], [ -54.795604, -22.260518 ], [ -54.797575, -22.260511 ], [ -54.797676, -22.261017 ], [ -54.798036, -22.262319 ], [ -54.798373, -22.263393 ], [ -54.798509, -22.263951 ], [ -54.799174, -22.264765 ], [ -54.800015, -22.265954 ], [ -54.800926, -22.267354 ], [ -54.801486, -22.268757 ], [ -54.801805, -22.270069 ], [ -54.801877, -22.271145 ], [ -54.80346, -22.270138 ], [ -54.805142, -22.269385 ], [ -54.807076, -22.268425 ], [ -54.810928, -22.267822 ], [ -54.811381, -22.267414 ], [ -54.812321, -22.266217 ], [ -54.812783, -22.265761 ], [ -54.818485, -22.259109 ], [ -54.817088, -22.259088 ], [ -54.817306, -22.25734 ], [ -54.818749, -22.257356 ], [ -54.819395, -22.256024 ], [ -54.818286, -22.255226 ], [ -54.816713, -22.255047 ], [ -54.81687, -22.253648 ], [ -54.816092, -22.252036 ], [ -54.814963, -22.251689 ], [ -54.813639, -22.247063 ], [ -54.813249, -22.246561 ], [ -54.812839, -22.245154 ], [ -54.813163, -22.242241 ], [ -54.81317, -22.240982 ], [ -54.812914, -22.240227 ], [ -54.812988, -22.239879 ], [ -54.812725, -22.238633 ], [ -54.810163, -22.238353 ], [ -54.810489, -22.235907 ], [ -54.811991, -22.236071 ], [ -54.812563, -22.235772 ], [ -54.812993, -22.235822 ], [ -54.814077, -22.238796 ], [ -54.814835, -22.238644 ], [ -54.816141, -22.244258 ], [ -54.817817, -22.248449 ], [ -54.82125, -22.247649 ], [ -54.822521, -22.249082 ], [ -54.821112, -22.256117 ], [ -54.821484, -22.256039 ], [ -54.82236, -22.255619 ], [ -54.823527, -22.255017 ], [ -54.823968, -22.254775 ], [ -54.824364, -22.254529 ], [ -54.8249, -22.254185 ], [ -54.825188, -22.253951 ], [ -54.825391, -22.25369 ], [ -54.825604, -22.253189 ], [ -54.825907, -22.252368 ], [ -54.82628, -22.251623 ], [ -54.826408, -22.251265 ], [ -54.826446, -22.250973 ], [ -54.826858, -22.250847 ], [ -54.82713, -22.248496 ], [ -54.826806, -22.24832 ], [ -54.82724, -22.244922 ], [ -54.826698, -22.244869 ], [ -54.826781, -22.244198 ], [ -54.826188, -22.24414 ], [ -54.826271, -22.24339 ], [ -54.825745, -22.24333 ], [ -54.825731, -22.242875 ], [ -54.824607, -22.242757 ], [ -54.825256, -22.238639 ], [ -54.825659, -22.237696 ], [ -54.829764, -22.240147 ], [ -54.830362, -22.23813 ], [ -54.830406, -22.237533 ], [ -54.830777, -22.234755 ], [ -54.829694, -22.234628 ], [ -54.829815, -22.233574 ], [ -54.830053, -22.231177 ], [ -54.83005, -22.231109 ], [ -54.830049, -22.231095 ], [ -54.830366, -22.228717 ] ] ] } },
{ "type": "Feature", "properties": { "id": 64, "nome": "ZEII - ZONA ESPECIAL DE INTERESSE INDUSTRIAL", "sigla": "ZEII" }, "geometry": { "type": "Polygon", "coordinates": [ [ [ -54.688565, -22.199301 ], [ -54.689014, -22.199722 ], [ -54.690406, -22.200777 ], [ -54.69097, -22.201144 ], [ -54.686988, -22.205595 ], [ -54.686618, -22.205317 ], [ -54.686774, -22.205061 ], [ -54.686586, -22.203955 ], [ -54.686491, -22.203132 ], [ -54.685882, -22.20259 ], [ -54.685826, -22.202436 ], [ -54.685841, -22.202377 ], [ -54.688565, -22.199301 ] ] ] } },
{ "type": "Feature", "properties": { "id": 69, "nome": "AR I - ÁREA RESIDENCIAL I", "sigla": "AR I" }, "geometry": { "type": "Polygon", "coordinates": [ [ [ -54.824319, -22.209965 ], [ -54.831885, -22.20908 ], [ -54.832845, -22.208973 ], [ -54.842485, -22.203263 ], [ -54.844697, -22.202433 ], [ -54.845441, -22.202796 ], [ -54.846008, -22.202078 ], [ -54.846805, -22.20194 ], [ -54.847189, -22.202257 ], [ -54.85449, -22.202353 ], [ -54.854529, -22.205091 ], [ -54.85493, -22.205137 ], [ -54.8551, -22.205207 ], [ -54.855432, -22.205398 ], [ -54.855925, -22.205716 ], [ -54.856336, -22.205979 ], [ -54.856678, -22.20622 ], [ -54.857074, -22.206571 ], [ -54.857145, -22.206654 ], [ -54.857241, -22.20677 ], [ -54.857403, -22.20696 ], [ -54.857511, -22.207114 ], [ -54.834267, -22.220992 ], [ -54.833841, -22.220384 ], [ -54.832521, -22.221168 ], [ -54.832289, -22.223117 ], [ -54.832138, -22.223396 ], [ -54.825201, -22.222644 ], [ -54.826328, -22.213667 ], [ -54.815005, -22.212462 ], [ -54.815215, -22.210728 ], [ -54.824106, -22.211684 ], [ -54.824319, -22.209965 ] ] ] } },
{ "type": "Feature", "properties": { "id": 36, "nome": "AUM - ÁREA DE USO MISTO", "sigla": "AUM" }, "geometry": { "type": "Polygon", "coordinates": [ [ [ -54.747567, -22.204825 ], [ -54.747181, -22.203692 ], [ -54.746364, -22.202306 ], [ -54.745174, -22.201066 ], [ -54.744404, -22.199888 ], [ -54.743473, -22.199031 ], [ -54.741935, -22.197086 ], [ -54.741213, -22.196141 ], [ -54.739912, -22.19398 ], [ -54.739496, -22.192873 ], [ -54.752574, -22.193392 ], [ -54.754411, -22.193796 ], [ -54.760537, -22.196374 ], [ -54.761924, -22.19727 ], [ -54.763556, -22.198835 ], [ -54.765728, -22.200143 ], [ -54.768601, -22.201098 ], [ -54.769952, -22.197479 ], [ -54.782417, -22.19842 ], [ -54.784881, -22.200705 ], [ -54.792545, -22.204917 ], [ -54.792577, -22.205498 ], [ -54.793147, -22.205716 ], [ -54.793617, -22.205318 ], [ -54.795817, -22.205549 ], [ -54.795901, -22.20667 ], [ -54.795917, -22.206671 ], [ -54.801689, -22.207261 ], [ -54.800111, -22.219921 ], [ -54.763203, -22.215867 ], [ -54.762939, -22.216601 ], [ -54.762847, -22.216901 ], [ -54.762763, -22.217136 ], [ -54.761989, -22.219194 ], [ -54.761509, -22.219669 ], [ -54.761427, -22.220263 ], [ -54.761355, -22.220795 ], [ -54.758284, -22.221042 ], [ -54.756605, -22.220926 ], [ -54.755247, -22.220828 ], [ -54.752388, -22.220579 ], [ -54.752981, -22.218861 ], [ -54.735873, -22.219901 ], [ -54.732985, -22.220099 ], [ -54.732773, -22.220107 ], [ -54.73256, -22.220107 ], [ -54.732347, -22.220102 ], [ -54.732135, -22.220089 ], [ -54.731923, -22.22007 ], [ -54.731712, -22.220045 ], [ -54.731502, -22.220013 ], [ -54.731294, -22.219974 ], [ -54.731087, -22.219929 ], [ -54.730881, -22.219878 ], [ -54.730678, -22.21982 ], [ -54.730476, -22.219756 ], [ -54.730277, -22.219686 ], [ -54.730011, -22.219584 ], [ -54.729747, -22.219475 ], [ -54.729486, -22.219361 ], [ -54.729228, -22.219241 ], [ -54.728973, -22.219116 ], [ -54.728721, -22.218984 ], [ -54.728473, -22.218847 ], [ -54.728229, -22.218705 ], [ -54.727988, -22.218557 ], [ -54.727751, -22.218404 ], [ -54.727518, -22.218246 ], [ -54.72729, -22.218082 ], [ -54.727126, -22.217959 ], [ -54.728481, -22.216394 ], [ -54.729266, -22.215494 ], [ -54.703569, -22.195136 ], [ -54.722203, -22.195869 ], [ -54.721967, -22.196172 ], [ -54.721911, -22.196703 ], [ -54.72196, -22.197309 ], [ -54.722198, -22.197848 ], [ -54.722374, -22.198016 ], [ -54.722283, -22.19828 ], [ -54.722272, -22.198964 ], [ -54.722782, -22.200021 ], [ -54.723975, -22.199879 ], [ -54.724547, -22.199536 ], [ -54.724876, -22.198947 ], [ -54.724912, -22.198428 ], [ -54.724949, -22.198105 ], [ -54.72496, -22.198055 ], [ -54.724971, -22.19804 ], [ -54.725356, -22.197986 ], [ -54.726054, -22.197714 ], [ -54.726558, -22.196959 ], [ -54.726493, -22.196168 ], [ -54.726457, -22.196036 ], [ -54.739228, -22.196536 ], [ -54.739573, -22.197109 ], [ -54.742002, -22.200215 ], [ -54.742871, -22.201016 ], [ -54.74361, -22.202146 ], [ -54.74477, -22.203355 ], [ -54.74539, -22.204406 ], [ -54.745742, -22.205439 ], [ -54.746269, -22.206649 ], [ -54.747078, -22.207854 ], [ -54.749405, -22.209843 ], [ -54.749702, -22.21064 ], [ -54.748822, -22.211218 ], [ -54.752059, -22.214898 ], [ -54.753409, -22.217141 ], [ -54.753018, -22.218378 ], [ -54.757032, -22.218812 ], [ -54.757306, -22.216483 ], [ -54.754025, -22.216166 ], [ -54.754073, -22.215757 ], [ -54.754076, -22.215339 ], [ -54.754069, -22.214824 ], [ -54.754037, -22.214713 ], [ -54.75414, -22.213869 ], [ -54.754004, -22.213504 ], [ -54.753938, -22.212692 ], [ -54.753617, -22.210445 ], [ -54.752032, -22.209109 ], [ -54.751351, -22.209557 ], [ -54.75109, -22.208858 ], [ -54.74973, -22.207593 ], [ -54.748565, -22.206663 ], [ -54.748002, -22.205825 ], [ -54.747567, -22.204825 ] ] ] } },
{ "type": "Feature", "properties": { "id": 63, "nome": "AES I - ÁREA ESPECIAL DE SERVIÇO I", "sigla": "AES I" }, "geometry": { "type": "Polygon", "coordinates": [ [ [ -54.734509, -22.229206 ], [ -54.735421, -22.230101 ], [ -54.733934, -22.231273 ], [ -54.733396, -22.231834 ], [ -54.73295, -22.232126 ], [ -54.732366, -22.23247 ], [ -54.731741, -22.232784 ], [ -54.731075, -22.232969 ], [ -54.730238, -22.233087 ], [ -54.729718, -22.233154 ], [ -54.729245, -22.23318 ], [ -54.728897, -22.233149 ], [ -54.72861, -22.233056 ], [ -54.728256, -22.232758 ], [ -54.727587, -22.232156 ], [ -54.726692, -22.231239 ], [ -54.725726, -22.230252 ], [ -54.724742, -22.229288 ], [ -54.723794, -22.228556 ], [ -54.722703, -22.227789 ], [ -54.720814, -22.227116 ], [ -54.719078, -22.226483 ], [ -54.717419, -22.22595 ], [ -54.716252, -22.225584 ], [ -54.714563, -22.225371 ], [ -54.713564, -22.225077 ], [ -54.712806, -22.224857 ], [ -54.712196, -22.224367 ], [ -54.711451, -22.223673 ], [ -54.710664, -22.222853 ], [ -54.709647, -22.222128 ], [ -54.708219, -22.221235 ], [ -54.706877, -22.220217 ], [ -54.705629, -22.218946 ], [ -54.705069, -22.218073 ], [ -54.704626, -22.217373 ], [ -54.703912, -22.21678 ], [ -54.70351, -22.216362 ], [ -54.703133, -22.215735 ], [ -54.702876, -22.215112 ], [ -54.702778, -22.213819 ], [ -54.702579, -22.212135 ], [ -54.702192, -22.210664 ], [ -54.701908, -22.209762 ], [ -54.701434, -22.208599 ], [ -54.700914, -22.20771 ], [ -54.700163, -22.20671 ], [ -54.699508, -22.205631 ], [ -54.698758, -22.204648 ], [ -54.697565, -22.2038 ], [ -54.696377, -22.202986 ], [ -54.695264, -22.202151 ], [ -54.694656, -22.201569 ], [ -54.693105, -22.200329 ], [ -54.692216, -22.199751 ], [ -54.693088, -22.198776 ], [ -54.699833, -22.203712 ], [ -54.70642, -22.209028 ], [ -54.707311, -22.209561 ], [ -54.710828, -22.21241 ], [ -54.732182, -22.227962 ], [ -54.734509, -22.229206 ] ] ] } },
{ "type": "Feature", "properties": { "id": 15, "nome": "ZEIA - ZONA ESPECIAL DE INTERESSE AMBIENTAL", "sigla": "ZEIA" }, "geometry": { "type": "Polygon", "coordinates": [ [ [ -54.740368, -22.198144 ], [ -54.739576, -22.197108 ], [ -54.73814, -22.194724 ], [ -54.737644, -22.193401 ], [ -54.737245, -22.192816 ], [ -54.736761, -22.19268 ], [ -54.735648, -22.19212 ], [ -54.735014, -22.191178 ], [ -54.73494, -22.190464 ], [ -54.73477, -22.189932 ], [ -54.734065, -22.189316 ], [ -54.733013, -22.187681 ], [ -54.732937, -22.187284 ], [ -54.735069, -22.187364 ], [ -54.735589, -22.188172 ], [ -54.736478, -22.18895 ], [ -54.736852, -22.190116 ], [ -54.7369, -22.19058 ], [ -54.73702, -22.190758 ], [ -54.73751, -22.191004 ], [ -54.738495, -22.191281 ], [ -54.7394, -22.192609 ], [ -54.739914, -22.193979 ], [ -54.741216, -22.19614 ], [ -54.741938, -22.197085 ], [ -54.743476, -22.199029 ], [ -54.744407, -22.199887 ], [ -54.745177, -22.201064 ], [ -54.746366, -22.202305 ], [ -54.747183, -22.203691 ], [ -54.74757, -22.204824 ], [ -54.748005, -22.205823 ], [ -54.748568, -22.206662 ], [ -54.749733, -22.207592 ], [ -54.751093, -22.208857 ], [ -54.751354, -22.209555 ], [ -54.752035, -22.209108 ], [ -54.75362, -22.210444 ], [ -54.753938, -22.212692 ], [ -54.754004, -22.213504 ], [ -54.75414, -22.213869 ], [ -54.754037, -22.214713 ], [ -54.754069, -22.214824 ], [ -54.754076, -22.215339 ], [ -54.754073, -22.215757 ], [ -54.754025, -22.216166 ], [ -54.757306, -22.216483 ], [ -54.757032, -22.218812 ], [ -54.753021, -22.218377 ], [ -54.753411, -22.21714 ], [ -54.752062, -22.214896 ], [ -54.749073, -22.211494 ], [ -54.748825, -22.211216 ], [ -54.749705, -22.210638 ], [ -54.749408, -22.209841 ], [ -54.747081, -22.207853 ], [ -54.746272, -22.206647 ], [ -54.745744, -22.205438 ], [ -54.745392, -22.204405 ], [ -54.744773, -22.203354 ], [ -54.743613, -22.202144 ], [ -54.742874, -22.201015 ], [ -54.742005, -22.200214 ], [ -54.740368, -22.198144 ] ] ] } },
{ "type": "Feature", "properties": { "id": 51, "nome": "ACS I - ÁREA CENTRAL SECUNDÁRIA I", "sigla": "ACS I" }, "geometry": { "type": "Polygon", "coordinates": [ [ [ -54.800111, -22.219921 ], [ -54.799687, -22.223157 ], [ -54.78709, -22.221799 ], [ -54.786479, -22.226659 ], [ -54.774853, -22.225355 ], [ -54.774886, -22.225058 ], [ -54.769118, -22.224522 ], [ -54.769091, -22.224739 ], [ -54.766829, -22.22449 ], [ -54.764426, -22.224243 ], [ -54.764464, -22.223958 ], [ -54.761938, -22.223721 ], [ -54.760984, -22.223618 ], [ -54.760422, -22.223545 ], [ -54.760359, -22.223485 ], [ -54.75792, -22.223073 ], [ -54.758037, -22.222399 ], [ -54.758056, -22.222401 ], [ -54.758106, -22.222401 ], [ -54.758156, -22.222394 ], [ -54.758204, -22.22238 ], [ -54.75825, -22.22236 ], [ -54.758292, -22.222335 ], [ -54.75833, -22.222303 ], [ -54.758363, -22.222267 ], [ -54.758389, -22.222228 ], [ -54.75841, -22.222185 ], [ -54.758423, -22.222139 ], [ -54.75843, -22.222093 ], [ -54.758429, -22.222046 ], [ -54.758421, -22.221999 ], [ -54.758406, -22.221954 ], [ -54.758384, -22.221912 ], [ -54.758355, -22.221873 ], [ -54.758322, -22.221838 ], [ -54.758283, -22.221808 ], [ -54.75824, -22.221784 ], [ -54.758193, -22.221765 ], [ -54.758142, -22.221756 ], [ -54.758284, -22.221042 ], [ -54.758284, -22.221042 ], [ -54.761358, -22.220794 ], [ -54.761427, -22.220263 ], [ -54.761509, -22.219669 ], [ -54.761989, -22.219194 ], [ -54.762763, -22.217136 ], [ -54.762847, -22.216901 ], [ -54.762939, -22.216601 ], [ -54.763203, -22.215867 ], [ -54.800111, -22.219921 ] ] ] } },
{ "type": "Feature", "properties": { "id": 10, "nome": "ZEIA - ZONA ESPECIAL DE INTERESSE AMBIENTAL", "sigla": "ZEIA" }, "geometry": { "type": "Polygon", "coordinates": [ [ [ -54.847427, -22.196802 ], [ -54.849289, -22.200633 ], [ -54.849868, -22.201069 ], [ -54.849483, -22.201412 ], [ -54.848791, -22.201455 ], [ -54.846816, -22.201937 ], [ -54.846008, -22.202078 ], [ -54.845441, -22.202796 ], [ -54.844697, -22.202433 ], [ -54.842485, -22.203263 ], [ -54.832845, -22.208973 ], [ -54.831885, -22.20908 ], [ -54.824319, -22.209965 ], [ -54.824106, -22.211684 ], [ -54.815248, -22.210732 ], [ -54.815215, -22.210728 ], [ -54.813327, -22.210514 ], [ -54.813495, -22.209422 ], [ -54.812885, -22.209351 ], [ -54.810311, -22.209084 ], [ -54.810418, -22.208313 ], [ -54.80915, -22.207829 ], [ -54.804398, -22.207309 ], [ -54.801931, -22.207282 ], [ -54.801689, -22.207261 ], [ -54.795917, -22.206671 ], [ -54.79583, -22.205561 ], [ -54.793617, -22.205318 ], [ -54.793606, -22.205317 ], [ -54.79315, -22.205714 ], [ -54.79258, -22.205497 ], [ -54.792548, -22.204916 ], [ -54.784883, -22.200704 ], [ -54.78242, -22.198419 ], [ -54.769804, -22.197466 ], [ -54.770556, -22.192342 ], [ -54.779733, -22.193573 ], [ -54.782087, -22.195748 ], [ -54.787452, -22.192954 ], [ -54.794485, -22.192411 ], [ -54.800495, -22.195203 ], [ -54.800977, -22.195392 ], [ -54.805069, -22.194815 ], [ -54.810968, -22.191199 ], [ -54.814211, -22.189676 ], [ -54.819951, -22.189928 ], [ -54.827766, -22.187368 ], [ -54.827901, -22.191461 ], [ -54.820333, -22.192614 ], [ -54.813888, -22.192436 ], [ -54.811661, -22.194336 ], [ -54.809088, -22.195072 ], [ -54.806801, -22.19766 ], [ -54.801855, -22.198335 ], [ -54.792299, -22.194481 ], [ -54.788512, -22.194813 ], [ -54.786327, -22.196473 ], [ -54.787768, -22.19728 ], [ -54.788692, -22.197801 ], [ -54.789177, -22.197956 ], [ -54.790049, -22.197819 ], [ -54.790174, -22.197869 ], [ -54.794554, -22.201617 ], [ -54.794327, -22.201946 ], [ -54.795449, -22.202926 ], [ -54.795763, -22.203068 ], [ -54.797375, -22.203159 ], [ -54.798112, -22.203282 ], [ -54.798863, -22.203485 ], [ -54.799367, -22.203744 ], [ -54.799785, -22.203971 ], [ -54.800643, -22.204435 ], [ -54.801558, -22.20483 ], [ -54.802515, -22.205155 ], [ -54.803886, -22.205487 ], [ -54.805839, -22.205755 ], [ -54.806431, -22.205944 ], [ -54.806699, -22.206129 ], [ -54.806967, -22.206253 ], [ -54.807419, -22.20642 ], [ -54.810761, -22.206776 ], [ -54.810644, -22.207668 ], [ -54.812962, -22.207901 ], [ -54.813062, -22.207081 ], [ -54.813169, -22.207093 ], [ -54.814488, -22.207245 ], [ -54.814487, -22.207429 ], [ -54.814528, -22.207561 ], [ -54.814656, -22.207628 ], [ -54.815095, -22.207678 ], [ -54.815224, -22.207745 ], [ -54.815353, -22.207812 ], [ -54.815434, -22.208076 ], [ -54.815403, -22.20834 ], [ -54.815449, -22.208479 ], [ -54.815591, -22.20854 ], [ -54.815831, -22.208544 ], [ -54.819018, -22.208352 ], [ -54.821718, -22.208399 ], [ -54.823005, -22.208002 ], [ -54.825509, -22.206848 ], [ -54.825234, -22.206256 ], [ -54.827577, -22.205861 ], [ -54.829752, -22.205536 ], [ -54.830193, -22.205583 ], [ -54.83504, -22.201903 ], [ -54.836448, -22.201535 ], [ -54.837636, -22.200547 ], [ -54.839849, -22.199462 ], [ -54.842568, -22.198539 ], [ -54.84413, -22.198008 ], [ -54.84408, -22.19767 ], [ -54.845156, -22.197623 ], [ -54.846646, -22.197091 ], [ -54.847124, -22.196689 ], [ -54.847427, -22.196802 ] ] ] } },
{ "type": "Feature", "properties": { "id": 66, "nome": "ZEII - ZONA ESPECIAL DE INTERESSE INDUSTRIAL", "sigla": "ZEII" }, "geometry": { "type": "Polygon", "coordinates": [ [ [ -54.697068, -22.186446 ], [ -54.703137, -22.186162 ], [ -54.720487, -22.186816 ], [ -54.720565, -22.187101 ], [ -54.721095, -22.188277 ], [ -54.721218, -22.188815 ], [ -54.721169, -22.189012 ], [ -54.720846, -22.189551 ], [ -54.720761, -22.19062 ], [ -54.721259, -22.191583 ], [ -54.721788, -22.19191 ], [ -54.721917, -22.192198 ], [ -54.699591, -22.191364 ], [ -54.699048, -22.191534 ], [ -54.696958, -22.19387 ], [ -54.696749, -22.194567 ], [ -54.72596, -22.217059 ], [ -54.72734, -22.215559 ], [ -54.728481, -22.216394 ], [ -54.727128, -22.217957 ], [ -54.727128, -22.217957 ], [ -54.727293, -22.218081 ], [ -54.727521, -22.218244 ], [ -54.727754, -22.218403 ], [ -54.727991, -22.218556 ], [ -54.728232, -22.218704 ], [ -54.728476, -22.218846 ], [ -54.728724, -22.218983 ], [ -54.728976, -22.219114 ], [ -54.729231, -22.21924 ], [ -54.729489, -22.21936 ], [ -54.72975, -22.219474 ], [ -54.730014, -22.219582 ], [ -54.73028, -22.219685 ], [ -54.730479, -22.219755 ], [ -54.730681, -22.219819 ], [ -54.730884, -22.219877 ], [ -54.73109, -22.219928 ], [ -54.731297, -22.219973 ], [ -54.731505, -22.220012 ], [ -54.731715, -22.220044 ], [ -54.731926, -22.220069 ], [ -54.732138, -22.220088 ], [ -54.73235, -22.2201 ], [ -54.732563, -22.220106 ], [ -54.732776, -22.220105 ], [ -54.732988, -22.220098 ], [ -54.735875, -22.2199 ], [ -54.752981, -22.218861 ], [ -54.752388, -22.220579 ], [ -54.755247, -22.220828 ], [ -54.756605, -22.220926 ], [ -54.758284, -22.221042 ], [ -54.758284, -22.221042 ], [ -54.758142, -22.221756 ], [ -54.758044, -22.221749 ], [ -54.757995, -22.221757 ], [ -54.757948, -22.221771 ], [ -54.757903, -22.221792 ], [ -54.757862, -22.221817 ], [ -54.757825, -22.221848 ], [ -54.757794, -22.221884 ], [ -54.757768, -22.221924 ], [ -54.757748, -22.221966 ], [ -54.757735, -22.222011 ], [ -54.757728, -22.222057 ], [ -54.757729, -22.222103 ], [ -54.757737, -22.222149 ], [ -54.757751, -22.222193 ], [ -54.757773, -22.222235 ], [ -54.7578, -22.222273 ], [ -54.757833, -22.222308 ], [ -54.757871, -22.222338 ], [ -54.757913, -22.222363 ], [ -54.757958, -22.222382 ], [ -54.758037, -22.222399 ], [ -54.75792, -22.223073 ], [ -54.752059, -22.222137 ], [ -54.736383, -22.223487 ], [ -54.736258, -22.223489 ], [ -54.735922, -22.223455 ], [ -54.735763, -22.224143 ], [ -54.743409, -22.228047 ], [ -54.744984, -22.228987 ], [ -54.74892, -22.23054 ], [ -54.748741, -22.230767 ], [ -54.750916, -22.231689 ], [ -54.753496, -22.232795 ], [ -54.754799, -22.233359 ], [ -54.756435, -22.234076 ], [ -54.756708, -22.234198 ], [ -54.756321, -22.236038 ], [ -54.748545, -22.234533 ], [ -54.748841, -22.234158 ], [ -54.74706, -22.232972 ], [ -54.747153, -22.232861 ], [ -54.743475, -22.231383 ], [ -54.741866, -22.230264 ], [ -54.741409, -22.230009 ], [ -54.740452, -22.229531 ], [ -54.735062, -22.226787 ], [ -54.734509, -22.229206 ], [ -54.732182, -22.227962 ], [ -54.710828, -22.21241 ], [ -54.707311, -22.209561 ], [ -54.70642, -22.209028 ], [ -54.699833, -22.203712 ], [ -54.693088, -22.198776 ], [ -54.692216, -22.199751 ], [ -54.691574, -22.199335 ], [ -54.690317, -22.198381 ], [ -54.689804, -22.197902 ], [ -54.689644, -22.198082 ], [ -54.687747, -22.195316 ], [ -54.689614, -22.193212 ], [ -54.689451, -22.191954 ], [ -54.690142, -22.189316 ], [ -54.690736, -22.189666 ], [ -54.69129, -22.19027 ], [ -54.691525, -22.190534 ], [ -54.692013, -22.190916 ], [ -54.693729, -22.189743 ], [ -54.697068, -22.186446 ] ] ] } },
{ "type": "Feature", "properties": { "id": 53, "nome": "AUM - ÁREA DE USO MISTO", "sigla": "AUM" }, "geometry": { "type": "Polygon", "coordinates": [ [ [ -54.735763, -22.224143 ], [ -54.735922, -22.223455 ], [ -54.736258, -22.223489 ], [ -54.736383, -22.223487 ], [ -54.752059, -22.222137 ], [ -54.75792, -22.223073 ], [ -54.757525, -22.225157 ], [ -54.757447, -22.225147 ], [ -54.757371, -22.225147 ], [ -54.757321, -22.225157 ], [ -54.757273, -22.225174 ], [ -54.757227, -22.225197 ], [ -54.757186, -22.225225 ], [ -54.757149, -22.225258 ], [ -54.757118, -22.225296 ], [ -54.757093, -22.225338 ], [ -54.757074, -22.225382 ], [ -54.757055, -22.225429 ], [ -54.757046, -22.225475 ], [ -54.757047, -22.225521 ], [ -54.757057, -22.225572 ], [ -54.757072, -22.225619 ], [ -54.757088, -22.225663 ], [ -54.757113, -22.2257 ], [ -54.757149, -22.225739 ], [ -54.757185, -22.225776 ], [ -54.757243, -22.225816 ], [ -54.757298, -22.225854 ], [ -54.757397, -22.225886 ], [ -54.757228, -22.226759 ], [ -54.759114, -22.22705 ], [ -54.759251, -22.226697 ], [ -54.761766, -22.22698 ], [ -54.761735, -22.227251 ], [ -54.765813, -22.227691 ], [ -54.765672, -22.229209 ], [ -54.765333, -22.229824 ], [ -54.763779, -22.229648 ], [ -54.763631, -22.230729 ], [ -54.756594, -22.22998 ], [ -54.756435, -22.234076 ], [ -54.754799, -22.233359 ], [ -54.753496, -22.232795 ], [ -54.750916, -22.231689 ], [ -54.748741, -22.230767 ], [ -54.74892, -22.23054 ], [ -54.744984, -22.228987 ], [ -54.743409, -22.228047 ], [ -54.735763, -22.224143 ] ] ] } },
{ "type": "Feature", "properties": { "id": 54, "nome": "AUM - ÁREA DE USO MISTO", "sigla": "AUM" }, "geometry": { "type": "Polygon", "coordinates": [ [ [ -54.78201, -22.256164 ], [ -54.782305, -22.254188 ], [ -54.780213, -22.253931 ], [ -54.774354, -22.244907 ], [ -54.774258, -22.244717 ], [ -54.774364, -22.243571 ], [ -54.775043, -22.242645 ], [ -54.777597, -22.239388 ], [ -54.773842, -22.236994 ], [ -54.77276, -22.236983 ], [ -54.771077, -22.239111 ], [ -54.768751, -22.240278 ], [ -54.767695, -22.239575 ], [ -54.766889, -22.239116 ], [ -54.765781, -22.238679 ], [ -54.763878, -22.237926 ], [ -54.764499, -22.235085 ], [ -54.763074, -22.234834 ], [ -54.76359, -22.231143 ], [ -54.765319, -22.231277 ], [ -54.764911, -22.233313 ], [ -54.76703, -22.233706 ], [ -54.767306, -22.232426 ], [ -54.765847, -22.231544 ], [ -54.765862, -22.231315 ], [ -54.766533, -22.231373 ], [ -54.767314, -22.227865 ], [ -54.771016, -22.228246 ], [ -54.771043, -22.227956 ], [ -54.77449, -22.228321 ], [ -54.774457, -22.228574 ], [ -54.783703, -22.229562 ], [ -54.783661, -22.229869 ], [ -54.789454, -22.230499 ], [ -54.790452, -22.23505 ], [ -54.791362, -22.235092 ], [ -54.791876, -22.237022 ], [ -54.792798, -22.23799 ], [ -54.793562, -22.238079 ], [ -54.793071, -22.241784 ], [ -54.795048, -22.24616 ], [ -54.795763, -22.246305 ], [ -54.796109, -22.246383 ], [ -54.796345, -22.246559 ], [ -54.798837, -22.249422 ], [ -54.798901, -22.249757 ], [ -54.79885, -22.250183 ], [ -54.79879, -22.250413 ], [ -54.796548, -22.251908 ], [ -54.795268, -22.252805 ], [ -54.791658, -22.252409 ], [ -54.791033, -22.257175 ], [ -54.78201, -22.256164 ] ] ] } },
{ "type": "Feature", "properties": { "id": 32, "nome": "AR III - ÁREA RESIDENCIAL III", "sigla": "AR III" }, "geometry": { "type": "Polygon", "coordinates": [ [ [ -54.829063, -22.189046 ], [ -54.831506, -22.187751 ], [ -54.831857, -22.18758 ], [ -54.831975, -22.18753 ], [ -54.832104, -22.187487 ], [ -54.832212, -22.187436 ], [ -54.832345, -22.187388 ], [ -54.83248, -22.187343 ], [ -54.832717, -22.187261 ], [ -54.832881, -22.187229 ], [ -54.833143, -22.187172 ], [ -54.833351, -22.187134 ], [ -54.833497, -22.187111 ], [ -54.833767, -22.18708 ], [ -54.833914, -22.187068 ], [ -54.834154, -22.187056 ], [ -54.834371, -22.187053 ], [ -54.834543, -22.187055 ], [ -54.834753, -22.187065 ], [ -54.835002, -22.187087 ], [ -54.835215, -22.187113 ], [ -54.835377, -22.187137 ], [ -54.835583, -22.187176 ], [ -54.835787, -22.187221 ], [ -54.836032, -22.187285 ], [ -54.836189, -22.187331 ], [ -54.836444, -22.187418 ], [ -54.836582, -22.187469 ], [ -54.836786, -22.187553 ], [ -54.836962, -22.187633 ], [ -54.837148, -22.187724 ], [ -54.837329, -22.187822 ], [ -54.837507, -22.187926 ], [ -54.83779, -22.187883 ], [ -54.837959, -22.187999 ], [ -54.838124, -22.18812 ], [ -54.838283, -22.188246 ], [ -54.838438, -22.188378 ], [ -54.838479, -22.188668 ], [ -54.838623, -22.18881 ], [ -54.838761, -22.188957 ], [ -54.838894, -22.189108 ], [ -54.83902, -22.189264 ], [ -54.839141, -22.189424 ], [ -54.839255, -22.189588 ], [ -54.839471, -22.189603 ], [ -54.839463, -22.189927 ], [ -54.842568, -22.198539 ], [ -54.839849, -22.199462 ], [ -54.837636, -22.200547 ], [ -54.836448, -22.201535 ], [ -54.835057, -22.201893 ], [ -54.830193, -22.205583 ], [ -54.829752, -22.205536 ], [ -54.825234, -22.206256 ], [ -54.825509, -22.206848 ], [ -54.823685, -22.207673 ], [ -54.823414, -22.207881 ], [ -54.823122, -22.208062 ], [ -54.822693, -22.208305 ], [ -54.822215, -22.208501 ], [ -54.821657, -22.208601 ], [ -54.820873, -22.208575 ], [ -54.818715, -22.208419 ], [ -54.815831, -22.208544 ], [ -54.815591, -22.20854 ], [ -54.815449, -22.208479 ], [ -54.815403, -22.20834 ], [ -54.815434, -22.208076 ], [ -54.815353, -22.207812 ], [ -54.815224, -22.207745 ], [ -54.815609, -22.20778 ], [ -54.816281, -22.202021 ], [ -54.817392, -22.19367 ], [ -54.817458, -22.192535 ], [ -54.820333, -22.192614 ], [ -54.827901, -22.191461 ], [ -54.827881, -22.189738 ], [ -54.829063, -22.189046 ] ] ] } },
{ "type": "Feature", "properties": { "id": 33, "nome": "AUME - ÁREA DE USO MISTO ESPECIAL", "sigla": "AUME" }, "geometry": { "type": "Polygon", "coordinates": [ [ [ -54.813553, -22.192722 ], [ -54.813888, -22.192436 ], [ -54.817458, -22.192535 ], [ -54.817392, -22.19367 ], [ -54.816281, -22.202021 ], [ -54.815609, -22.20778 ], [ -54.815224, -22.207745 ], [ -54.815095, -22.207678 ], [ -54.814656, -22.207628 ], [ -54.814528, -22.207561 ], [ -54.814487, -22.207429 ], [ -54.814488, -22.207245 ], [ -54.813169, -22.207093 ], [ -54.814259, -22.198539 ], [ -54.815292, -22.198873 ], [ -54.815706, -22.197535 ], [ -54.815154, -22.19605 ], [ -54.813553, -22.192722 ] ] ] } },
{ "type": "Feature", "properties": { "id": 17, "nome": "ZEII - ZONA ESPECIAL DE INTERESSE INDUSTRIAL", "sigla": "ZEII" }, "geometry": { "type": "Polygon", "coordinates": [ [ [ -54.822513, -22.317792 ], [ -54.816918, -22.316586 ], [ -54.81947, -22.279639 ], [ -54.819471, -22.279479 ], [ -54.819465, -22.279319 ], [ -54.819451, -22.279159 ], [ -54.819429, -22.279001 ], [ -54.8194, -22.278843 ], [ -54.819363, -22.278687 ], [ -54.819319, -22.278532 ], [ -54.819267, -22.27838 ], [ -54.819209, -22.278229 ], [ -54.819143, -22.278081 ], [ -54.819071, -22.277936 ], [ -54.818991, -22.277795 ], [ -54.818905, -22.277656 ], [ -54.818812, -22.277521 ], [ -54.818714, -22.277391 ], [ -54.818608, -22.277264 ], [ -54.818498, -22.277142 ], [ -54.818381, -22.277024 ], [ -54.814211, -22.273401 ], [ -54.813409, -22.27402 ], [ -54.810436, -22.269791 ], [ -54.811698, -22.269614 ], [ -54.813165, -22.268336 ], [ -54.814056, -22.269108 ], [ -54.820473, -22.274762 ], [ -54.823138, -22.273561 ], [ -54.822955, -22.275685 ], [ -54.825209, -22.275816 ], [ -54.823761, -22.294833 ], [ -54.824288, -22.294875 ], [ -54.824143, -22.29682 ], [ -54.822513, -22.317792 ] ] ] } },
{ "type": "Feature", "properties": { "id": 42, "nome": "AUM - ÁREA DE USO MISTO", "sigla": "AUM" }, "geometry": { "type": "Polygon", "coordinates": [ [ [ -54.861043, -22.233456 ], [ -54.861043, -22.233456 ], [ -54.86113, -22.234794 ], [ -54.861377, -22.236631 ], [ -54.861292, -22.239665 ], [ -54.860655, -22.240848 ], [ -54.860372, -22.242256 ], [ -54.860119, -22.244015 ], [ -54.859488, -22.245697 ], [ -54.859184, -22.247507 ], [ -54.858658, -22.248566 ], [ -54.858222, -22.249476 ], [ -54.857794, -22.250337 ], [ -54.857462, -22.251723 ], [ -54.857984, -22.253135 ], [ -54.858591, -22.254148 ], [ -54.846914, -22.256446 ], [ -54.846149, -22.256556 ], [ -54.845394, -22.256587 ], [ -54.838333, -22.25652 ], [ -54.825261, -22.256396 ], [ -54.830484, -22.249099 ], [ -54.833403, -22.241601 ], [ -54.834795, -22.240218 ], [ -54.838007, -22.237083 ], [ -54.837682, -22.23671 ], [ -54.838173, -22.236307 ], [ -54.838086, -22.236183 ], [ -54.838311, -22.235879 ], [ -54.837744, -22.235274 ], [ -54.839819, -22.233486 ], [ -54.839004, -22.232651 ], [ -54.836891, -22.234421 ], [ -54.836392, -22.233926 ], [ -54.833807, -22.236091 ], [ -54.832185, -22.234499 ], [ -54.831683, -22.234919 ], [ -54.831102, -22.23412 ], [ -54.835857, -22.229976 ], [ -54.833939, -22.226921 ], [ -54.832375, -22.227857 ], [ -54.830469, -22.228651 ], [ -54.830366, -22.228717 ], [ -54.830568, -22.224467 ], [ -54.832096, -22.223571 ], [ -54.83647, -22.220974 ], [ -54.837999, -22.221548 ], [ -54.85877, -22.20915 ], [ -54.861643, -22.213195 ], [ -54.861761, -22.213376 ], [ -54.861873, -22.21356 ], [ -54.861977, -22.213747 ], [ -54.862075, -22.213937 ], [ -54.862167, -22.21413 ], [ -54.862251, -22.214326 ], [ -54.862328, -22.214525 ], [ -54.862398, -22.214726 ], [ -54.86246, -22.214928 ], [ -54.862516, -22.215133 ], [ -54.862564, -22.215339 ], [ -54.862604, -22.215547 ], [ -54.862637, -22.215756 ], [ -54.862663, -22.215966 ], [ -54.862681, -22.216176 ], [ -54.862691, -22.216387 ], [ -54.862694, -22.216598 ], [ -54.862689, -22.216809 ], [ -54.862677, -22.21702 ], [ -54.862524, -22.219018 ], [ -54.862498, -22.219253 ], [ -54.862478, -22.219489 ], [ -54.862466, -22.219725 ], [ -54.86246, -22.219962 ], [ -54.862461, -22.220198 ], [ -54.86247, -22.220434 ], [ -54.862485, -22.22067 ], [ -54.862507, -22.220906 ], [ -54.862536, -22.221141 ], [ -54.862572, -22.221375 ], [ -54.862615, -22.221608 ], [ -54.862665, -22.22184 ], [ -54.862721, -22.22207 ], [ -54.863004, -22.223156 ], [ -54.863006, -22.22316 ], [ -54.862664, -22.223139 ], [ -54.862534, -22.225023 ], [ -54.862776, -22.226238 ], [ -54.862965, -22.227067 ], [ -54.862844, -22.228049 ], [ -54.862498, -22.228638 ], [ -54.861811, -22.229871 ], [ -54.861466, -22.231224 ], [ -54.8614, -22.232036 ], [ -54.861043, -22.233456 ], [ -54.861043, -22.233456 ], [ -54.861043, -22.233456 ] ] ] } },
{ "type": "Feature", "properties": { "id": 61, "nome": "ZEIA - ZONA ESPECIAL DE INTERESSE AMBIENTAL", "sigla": "ZEIA" }, "geometry": { "type": "Polygon", "coordinates": [ [ [ -54.744203, -22.241457 ], [ -54.746763, -22.239084 ], [ -54.747673, -22.235751 ], [ -54.75054, -22.236306 ], [ -54.749723, -22.241169 ], [ -54.748906, -22.241022 ], [ -54.748187, -22.245057 ], [ -54.751844, -22.245661 ], [ -54.752914, -22.245321 ], [ -54.753438, -22.245007 ], [ -54.754004, -22.243936 ], [ -54.755, -22.242024 ], [ -54.756321, -22.236038 ], [ -54.756708, -22.234198 ], [ -54.756435, -22.234076 ], [ -54.756594, -22.22998 ], [ -54.763631, -22.230729 ], [ -54.763779, -22.229648 ], [ -54.765333, -22.229824 ], [ -54.765672, -22.229209 ], [ -54.765813, -22.227691 ], [ -54.765972, -22.226541 ], [ -54.767567, -22.226742 ], [ -54.767314, -22.227865 ], [ -54.766533, -22.231373 ], [ -54.765862, -22.231315 ], [ -54.765319, -22.231277 ], [ -54.76359, -22.231143 ], [ -54.763074, -22.234834 ], [ -54.764499, -22.235085 ], [ -54.763878, -22.237926 ], [ -54.765781, -22.238679 ], [ -54.766889, -22.239116 ], [ -54.767695, -22.239575 ], [ -54.768751, -22.240278 ], [ -54.771077, -22.239111 ], [ -54.77276, -22.236983 ], [ -54.773842, -22.236994 ], [ -54.777597, -22.239388 ], [ -54.776151, -22.241248 ], [ -54.775043, -22.242645 ], [ -54.774364, -22.243571 ], [ -54.774258, -22.244717 ], [ -54.774354, -22.244907 ], [ -54.77101, -22.246631 ], [ -54.767343, -22.248272 ], [ -54.76172, -22.246894 ], [ -54.745128, -22.253486 ], [ -54.744322, -22.258428 ], [ -54.743973, -22.25962 ], [ -54.743078, -22.26215 ], [ -54.742889, -22.262966 ], [ -54.742825, -22.264446 ], [ -54.743209, -22.265967 ], [ -54.743123, -22.267187 ], [ -54.742137, -22.269771 ], [ -54.741742, -22.270821 ], [ -54.74152, -22.271864 ], [ -54.741276, -22.273968 ], [ -54.740965, -22.275391 ], [ -54.741162, -22.275603 ], [ -54.742235, -22.275924 ], [ -54.742751, -22.276164 ], [ -54.743425, -22.276698 ], [ -54.743672, -22.27733 ], [ -54.743713, -22.277828 ], [ -54.743695, -22.278983 ], [ -54.743435, -22.280372 ], [ -54.742805, -22.280975 ], [ -54.742478, -22.281077 ], [ -54.740428, -22.281165 ], [ -54.739811, -22.281384 ], [ -54.738792, -22.281597 ], [ -54.738422, -22.281621 ], [ -54.737698, -22.281465 ], [ -54.737533, -22.281212 ], [ -54.737608, -22.280456 ], [ -54.737713, -22.280143 ], [ -54.737806, -22.279806 ], [ -54.737605, -22.279489 ], [ -54.738591, -22.277741 ], [ -54.738944, -22.275629 ], [ -54.738532, -22.274787 ], [ -54.738635, -22.274561 ], [ -54.739332, -22.273714 ], [ -54.739532, -22.271809 ], [ -54.73991, -22.270123 ], [ -54.74121, -22.266793 ], [ -54.741246, -22.266128 ], [ -54.741006, -22.265098 ], [ -54.740933, -22.263399 ], [ -54.740983, -22.262623 ], [ -54.741218, -22.261653 ], [ -54.741434, -22.261039 ], [ -54.741979, -22.259506 ], [ -54.741879, -22.257255 ], [ -54.741834, -22.256959 ], [ -54.742702, -22.254527 ], [ -54.742244, -22.249426 ], [ -54.744203, -22.241457 ] ] ] } },
{ "type": "Feature", "properties": { "id": 59, "nome": "AUM - ÁREA DE USO MISTO", "sigla": "AUM" }, "geometry": { "type": "Polygon", "coordinates": [ [ [ -54.813409, -22.27402 ], [ -54.814211, -22.273401 ], [ -54.818381, -22.277024 ], [ -54.818498, -22.277142 ], [ -54.818608, -22.277264 ], [ -54.818714, -22.277391 ], [ -54.818812, -22.277521 ], [ -54.818905, -22.277656 ], [ -54.818991, -22.277795 ], [ -54.819071, -22.277936 ], [ -54.819143, -22.278081 ], [ -54.819209, -22.278229 ], [ -54.819267, -22.27838 ], [ -54.819319, -22.278532 ], [ -54.819363, -22.278687 ], [ -54.8194, -22.278843 ], [ -54.819429, -22.279001 ], [ -54.819451, -22.279159 ], [ -54.819465, -22.279319 ], [ -54.819471, -22.279479 ], [ -54.81947, -22.279639 ], [ -54.817972, -22.301339 ], [ -54.808407, -22.302013 ], [ -54.8082, -22.29886 ], [ -54.806615, -22.299133 ], [ -54.804937, -22.302456 ], [ -54.79264, -22.303628 ], [ -54.79376, -22.302692 ], [ -54.794648, -22.30145 ], [ -54.795427, -22.300224 ], [ -54.796098, -22.298441 ], [ -54.796718, -22.296785 ], [ -54.797037, -22.295519 ], [ -54.797494, -22.294518 ], [ -54.798266, -22.293015 ], [ -54.798822, -22.29172 ], [ -54.799602, -22.290727 ], [ -54.799809, -22.29012 ], [ -54.800046, -22.288796 ], [ -54.800693, -22.287162 ], [ -54.800862, -22.285564 ], [ -54.80102, -22.284438 ], [ -54.800943, -22.28324 ], [ -54.800824, -22.282048 ], [ -54.800624, -22.281 ], [ -54.800562, -22.280112 ], [ -54.800639, -22.279462 ], [ -54.801055, -22.278497 ], [ -54.801147, -22.278234 ], [ -54.801185, -22.278301 ], [ -54.801224, -22.278561 ], [ -54.801286, -22.2788 ], [ -54.801374, -22.279041 ], [ -54.801515, -22.279286 ], [ -54.801532, -22.279747 ], [ -54.801526, -22.279959 ], [ -54.8015, -22.280279 ], [ -54.801489, -22.280598 ], [ -54.801495, -22.280788 ], [ -54.801521, -22.280995 ], [ -54.801586, -22.281327 ], [ -54.801743, -22.282004 ], [ -54.801942, -22.282703 ], [ -54.802193, -22.283234 ], [ -54.802508, -22.28365 ], [ -54.802575, -22.283766 ], [ -54.802666, -22.284292 ], [ -54.802595, -22.28456 ], [ -54.802505, -22.28485 ], [ -54.802461, -22.285082 ], [ -54.802444, -22.285333 ], [ -54.802493, -22.285716 ], [ -54.802636, -22.28605 ], [ -54.802475, -22.286375 ], [ -54.802395, -22.286758 ], [ -54.802616, -22.287388 ], [ -54.802922, -22.28769 ], [ -54.803217, -22.287891 ], [ -54.80342, -22.288155 ], [ -54.803644, -22.288538 ], [ -54.803858, -22.289659 ], [ -54.805772, -22.289364 ], [ -54.80551, -22.288042 ], [ -54.805361, -22.287696 ], [ -54.805126, -22.287293 ], [ -54.804943, -22.287031 ], [ -54.804749, -22.286783 ], [ -54.804531, -22.286543 ], [ -54.804568, -22.286354 ], [ -54.804589, -22.286055 ], [ -54.804583, -22.285739 ], [ -54.804506, -22.285409 ], [ -54.804407, -22.285224 ], [ -54.804467, -22.285034 ], [ -54.80459, -22.284554 ], [ -54.804615, -22.284208 ], [ -54.804568, -22.28393 ], [ -54.804531, -22.283757 ], [ -54.804478, -22.283409 ], [ -54.804392, -22.283131 ], [ -54.804254, -22.28285 ], [ -54.803907, -22.282388 ], [ -54.803809, -22.282201 ], [ -54.803721, -22.281931 ], [ -54.803634, -22.281603 ], [ -54.803488, -22.280973 ], [ -54.80343, -22.280658 ], [ -54.803438, -22.280366 ], [ -54.803473, -22.279891 ], [ -54.803469, -22.279658 ], [ -54.803455, -22.279277 ], [ -54.803459, -22.278891 ], [ -54.803129, -22.278219 ], [ -54.803073, -22.277861 ], [ -54.802912, -22.277472 ], [ -54.802877, -22.277252 ], [ -54.802825, -22.277001 ], [ -54.802776, -22.276826 ], [ -54.80258, -22.276463 ], [ -54.802445, -22.276109 ], [ -54.802288, -22.275857 ], [ -54.802099, -22.27549 ], [ -54.802196, -22.275351 ], [ -54.802313, -22.275118 ], [ -54.802385, -22.274838 ], [ -54.802392, -22.274534 ], [ -54.802342, -22.274277 ], [ -54.802443, -22.274083 ], [ -54.802502, -22.273074 ], [ -54.802628, -22.272886 ], [ -54.802748, -22.272672 ], [ -54.807718, -22.270153 ], [ -54.810429, -22.269791 ], [ -54.813409, -22.27402 ] ] ] } },
{ "type": "Feature", "properties": { "id": 18, "nome": "ZEII - ZONA ESPECIAL DE INTERESSE INDUSTRIAL", "sigla": "ZEII" }, "geometry": { "type": "Polygon", "coordinates": [ [ [ -54.812783, -22.265761 ], [ -54.812321, -22.266217 ], [ -54.811381, -22.267414 ], [ -54.806296, -22.263014 ], [ -54.803714, -22.263418 ], [ -54.803631, -22.263353 ], [ -54.80353, -22.263269 ], [ -54.803419, -22.263179 ], [ -54.803289, -22.263078 ], [ -54.803169, -22.262981 ], [ -54.803056, -22.262882 ], [ -54.802946, -22.262775 ], [ -54.802835, -22.262676 ], [ -54.802739, -22.262553 ], [ -54.802633, -22.262445 ], [ -54.802536, -22.262321 ], [ -54.802449, -22.262187 ], [ -54.802376, -22.262056 ], [ -54.80231, -22.261925 ], [ -54.802256, -22.261783 ], [ -54.802201, -22.261638 ], [ -54.802155, -22.261502 ], [ -54.802125, -22.261359 ], [ -54.802098, -22.261217 ], [ -54.802079, -22.261071 ], [ -54.802062, -22.260924 ], [ -54.802053, -22.260776 ], [ -54.802061, -22.260621 ], [ -54.802076, -22.260477 ], [ -54.802112, -22.260313 ], [ -54.802155, -22.260022 ], [ -54.802174, -22.259894 ], [ -54.802196, -22.259753 ], [ -54.800635, -22.25999 ], [ -54.798971, -22.260249 ], [ -54.798823, -22.259924 ], [ -54.792536, -22.259688 ], [ -54.792499, -22.259813 ], [ -54.782964, -22.260071 ], [ -54.782695, -22.262136 ], [ -54.781655, -22.262256 ], [ -54.781417, -22.262286 ], [ -54.780385, -22.269711 ], [ -54.783131, -22.269404 ], [ -54.781913, -22.277825 ], [ -54.779291, -22.277785 ], [ -54.779376, -22.277261 ], [ -54.779097, -22.277244 ], [ -54.779824, -22.272294 ], [ -54.776904, -22.272886 ], [ -54.777816, -22.266566 ], [ -54.779454, -22.26677 ], [ -54.779691, -22.265211 ], [ -54.780158, -22.262001 ], [ -54.780519, -22.259421 ], [ -54.778329, -22.258138 ], [ -54.77101, -22.246631 ], [ -54.774354, -22.244907 ], [ -54.780213, -22.253931 ], [ -54.782305, -22.254188 ], [ -54.78201, -22.256164 ], [ -54.791033, -22.257175 ], [ -54.790796, -22.258808 ], [ -54.798999, -22.258941 ], [ -54.799378, -22.256151 ], [ -54.801077, -22.25629 ], [ -54.80089, -22.257739 ], [ -54.80418, -22.258103 ], [ -54.804269, -22.257403 ], [ -54.807707, -22.257776 ], [ -54.816185, -22.258678 ], [ -54.816142, -22.259094 ], [ -54.806117, -22.259003 ], [ -54.806112, -22.259642 ], [ -54.80618, -22.259943 ], [ -54.806285, -22.260142 ], [ -54.806586, -22.260448 ], [ -54.812783, -22.265761 ] ] ] } },
{ "type": "Feature", "properties": { "id": 27, "nome": "ZEII - ZONA ESPECIAL DE INTERESSE INDUSTRIAL", "sigla": "ZEII" }, "geometry": { "type": "Polygon", "coordinates": [ [ [ -54.825261, -22.256396 ], [ -54.838333, -22.25652 ], [ -54.845394, -22.256587 ], [ -54.846149, -22.256556 ], [ -54.846914, -22.256446 ], [ -54.858591, -22.254148 ], [ -54.859054, -22.254922 ], [ -54.859605, -22.25611 ], [ -54.859936, -22.257078 ], [ -54.86021, -22.258246 ], [ -54.860647, -22.259513 ], [ -54.846736, -22.261727 ], [ -54.840525, -22.261689 ], [ -54.840491, -22.260788 ], [ -54.832668, -22.260717 ], [ -54.82793, -22.260705 ], [ -54.818549, -22.260622 ], [ -54.820276, -22.25907 ], [ -54.822229, -22.259092 ], [ -54.825261, -22.256396 ] ] ] } }
]
}
