{
"type": "FeatureCollection",
"name": "lotes_fiscais",
"xy_coordinate_resolution": 1e-006,
"features": [
{ "type": "Feature", "properties": { "id": 124615, "insc_imob": "00.11.13.08.061", "quadra_cartorio": "08", "lote_cartorio": "06-A", "matricula": "167711", "circunscricao": "1° CIRCUNSCRIÇÃO", "zoneamento": null, "condominio": null, "area_geom": 3420.0, "cnm": "062661.2.0167711-85" }, "geometry": { "type": "Polygon", "coordinates": [ [ [ -54.779464, -22.29486 ], [ -54.779237, -22.295512 ], [ -54.778822, -22.295387 ], [ -54.779049, -22.294735 ], [ -54.779464, -22.29486 ] ] ] } },
{ "type": "Feature", "properties": { "id": 94703, "insc_imob": "00.11.32.21.160", "quadra_cartorio": null, "lote_cartorio": "06", "matricula": "161657", "circunscricao": null, "zoneamento": "AUM - ÁREA DE USO MISTO", "condominio": null, "area_geom": 649.84, "cnm": "062661.2.0161657-11" }, "geometry": { "type": "Polygon", "coordinates": [ [ [ -54.778577, -22.274826 ], [ -54.778594, -22.27471 ], [ -54.779074, -22.27477 ], [ -54.779058, -22.274886 ], [ -54.778577, -22.274826 ] ] ] } },
{ "type": "Feature", "properties": { "id": 94702, "insc_imob": "00.11.32.21.170", "quadra_cartorio": null, "lote_cartorio": "07", "matricula": "161658", "circunscricao": null, "zoneamento": "AUM - ÁREA DE USO MISTO", "condominio": null, "area_geom": 963.76, "cnm": "062661.2.0161658-08" }, "geometry": { "type": "Polygon", "coordinates": [ [ [ -54.778552, -22.274998 ], [ -54.778577, -22.274826 ], [ -54.779058, -22.274886 ], [ -54.779033, -22.275059 ], [ -54.778552, -22.274998 ] ] ] } },
{ "type": "Feature", "properties": { "id": 94704, "insc_imob": "00.11.32.21.140", "quadra_cartorio": null, "lote_cartorio": "04", "matricula": "161655", "circunscricao": null, "zoneamento": "AUM - ÁREA DE USO MISTO", "condominio": null, "area_geom": 649.84, "cnm": "062661.2.0161655-17" }, "geometry": { "type": "Polygon", "coordinates": [ [ [ -54.778611, -22.274593 ], [ -54.778627, -22.274477 ], [ -54.779108, -22.274537 ], [ -54.779091, -22.274653 ], [ -54.778611, -22.274593 ] ] ] } },
{ "type": "Feature", "properties": { "id": 94708, "insc_imob": "00.11.32.21.030", "quadra_cartorio": null, "lote_cartorio": "R", "matricula": "160605", "circunscricao": null, "zoneamento": "AUM - ÁREA DE USO MISTO", "condominio": null, "area_geom": 15627.66, "cnm": "062661.2.0160605-63" }, "geometry": { "type": "Polygon", "coordinates": [ [ [ -54.777814, -22.274278 ], [ -54.777876, -22.273424 ], [ -54.778202, -22.272668 ], [ -54.778288, -22.272647 ], [ -54.778274, -22.272828 ], [ -54.778147, -22.273081 ], [ -54.778136, -22.273152 ], [ -54.778119, -22.273228 ], [ -54.778101, -22.273283 ], [ -54.77808, -22.273341 ], [ -54.778056, -22.273396 ], [ -54.77803, -22.273448 ], [ -54.778016, -22.273473 ], [ -54.778055, -22.273514 ], [ -54.778098, -22.273571 ], [ -54.778133, -22.273629 ], [ -54.778162, -22.273692 ], [ -54.778184, -22.27376 ], [ -54.778196, -22.273823 ], [ -54.778202, -22.273885 ], [ -54.778201, -22.273943 ], [ -54.778196, -22.273995 ], [ -54.778188, -22.274046 ], [ -54.77817, -22.274113 ], [ -54.778143, -22.274194 ], [ -54.77814, -22.274207 ], [ -54.778138, -22.274214 ], [ -54.778137, -22.274224 ], [ -54.778136, -22.274238 ], [ -54.778134, -22.274299 ], [ -54.778134, -22.274378 ], [ -54.778132, -22.27443 ], [ -54.778127, -22.274491 ], [ -54.778115, -22.274571 ], [ -54.778102, -22.274624 ], [ -54.778084, -22.274684 ], [ -54.778063, -22.274743 ], [ -54.778024, -22.274831 ], [ -54.777989, -22.274906 ], [ -54.777972, -22.274943 ], [ -54.777941, -22.275018 ], [ -54.77792, -22.275075 ], [ -54.777875, -22.275213 ], [ -54.77785, -22.275288 ], [ -54.77782, -22.275371 ], [ -54.77779, -22.27545 ], [ -54.777757, -22.27553 ], [ -54.777722, -22.275607 ], [ -54.777694, -22.275667 ], [ -54.777648, -22.275763 ], [ -54.777603, -22.275848 ], [ -54.777554, -22.275933 ], [ -54.777523, -22.27598 ], [ -54.777491, -22.276026 ], [ -54.777456, -22.276071 ], [ -54.777418, -22.276117 ], [ -54.777376, -22.276163 ], [ -54.777331, -22.276207 ], [ -54.777286, -22.276247 ], [ -54.77723, -22.27629 ], [ -54.777179, -22.276324 ], [ -54.77713, -22.276355 ], [ -54.77705, -22.2764 ], [ -54.776982, -22.276438 ], [ -54.776941, -22.276462 ], [ -54.776948, -22.276477 ], [ -54.776965, -22.27652 ], [ -54.776986, -22.276583 ], [ -54.777002, -22.276648 ], [ -54.777014, -22.276711 ], [ -54.776555, -22.276692 ], [ -54.776977, -22.275974 ], [ -54.777427, -22.27543 ], [ -54.777814, -22.274278 ] ] ] } },
{ "type": "Feature", "properties": { "id": 94705, "insc_imob": "00.11.32.21.130", "quadra_cartorio": null, "lote_cartorio": "03", "matricula": "161654", "circunscricao": null, "zoneamento": "AUM - ÁREA DE USO MISTO", "condominio": null, "area_geom": 649.84, "cnm": "062661.2.0161654-20" }, "geometry": { "type": "Polygon", "coordinates": [ [ [ -54.778627, -22.274477 ], [ -54.778644, -22.274361 ], [ -54.779125, -22.274421 ], [ -54.779125, -22.274421 ], [ -54.779108, -22.274537 ], [ -54.778627, -22.274477 ] ] ] } },
{ "type": "Feature", "properties": { "id": 83236, "insc_imob": "00.11.13.07.010", "quadra_cartorio": "07", "lote_cartorio": "01", "matricula": "155416", "circunscricao": "1º CIRCUNSCRIÇÃO", "zoneamento": null, "condominio": null, "area_geom": 997.5, "cnm": "062661.2.0155416-13" }, "geometry": { "type": "Polygon", "coordinates": [ [ [ -54.780698, -22.29395 ], [ -54.780811, -22.293624 ], [ -54.781054, -22.293697 ], [ -54.78094, -22.294023 ], [ -54.780698, -22.29395 ] ] ] } },
{ "type": "Feature", "properties": { "id": 83233, "insc_imob": "00.11.13.07.220", "quadra_cartorio": "07", "lote_cartorio": "22", "matricula": "155437", "circunscricao": "1º CIRCUNSCRIÇÃO", "zoneamento": null, "condominio": null, "area_geom": 855.0, "cnm": "062661.2.0155437-47" }, "geometry": { "type": "Polygon", "coordinates": [ [ [ -54.779754, -22.294026 ], [ -54.779867, -22.2937 ], [ -54.780075, -22.293763 ], [ -54.779961, -22.294089 ], [ -54.779754, -22.294026 ] ] ] } },
{ "type": "Feature", "properties": { "id": 83234, "insc_imob": "00.11.13.07.210", "quadra_cartorio": "07", "lote_cartorio": "21", "matricula": "155436", "circunscricao": "1º CIRCUNSCRIÇÃO", "zoneamento": null, "condominio": null, "area_geom": 855.0, "cnm": "062661.2.0155436-50" }, "geometry": { "type": "Polygon", "coordinates": [ [ [ -54.779546, -22.293964 ], [ -54.77966, -22.293637 ], [ -54.779867, -22.2937 ], [ -54.779754, -22.294026 ], [ -54.779546, -22.293964 ] ] ] } },
{ "type": "Feature", "properties": { "id": 83209, "insc_imob": "00.11.13.08.040", "quadra_cartorio": "08", "lote_cartorio": "04", "matricula": "155445", "circunscricao": "1º CIRCUNSCRIÇÃO", "zoneamento": null, "condominio": null, "area_geom": 855.0, "cnm": "062661.2.0155445-23" }, "geometry": { "type": "Polygon", "coordinates": [ [ [ -54.779558, -22.295249 ], [ -54.779672, -22.294922 ], [ -54.779879, -22.294985 ], [ -54.779766, -22.295311 ], [ -54.779558, -22.295249 ] ] ] } },
{ "type": "Feature", "properties": { "id": 83200, "insc_imob": "00.11.13.08.010", "quadra_cartorio": "08", "lote_cartorio": "01", "matricula": "155442", "circunscricao": "1º CIRCUNSCRIÇÃO", "zoneamento": null, "condominio": null, "area_geom": 997.5, "cnm": "062661.2.0155442-32" }, "geometry": { "type": "Polygon", "coordinates": [ [ [ -54.780181, -22.295436 ], [ -54.780295, -22.29511 ], [ -54.780537, -22.295183 ], [ -54.780424, -22.295509 ], [ -54.780181, -22.295436 ] ] ] } },
{ "type": "Feature", "properties": { "id": 83205, "insc_imob": "00.11.13.08.020", "quadra_cartorio": "08", "lote_cartorio": "02", "matricula": "155443", "circunscricao": "1º CIRCUNSCRIÇÃO", "zoneamento": null, "condominio": null, "area_geom": 855.0, "cnm": "062661.2.0155443-29" }, "geometry": { "type": "Polygon", "coordinates": [ [ [ -54.779974, -22.295374 ], [ -54.780087, -22.295047 ], [ -54.780295, -22.29511 ], [ -54.780181, -22.295436 ], [ -54.779974, -22.295374 ] ] ] } },
{ "type": "Feature", "properties": { "id": 83217, "insc_imob": "00.11.13.08.140", "quadra_cartorio": "08", "lote_cartorio": "14", "matricula": "155455", "circunscricao": "1º CIRCUNSCRIÇÃO", "zoneamento": null, "condominio": null, "area_geom": 997.5, "cnm": "062661.2.0155455-90" }, "geometry": { "type": "Polygon", "coordinates": [ [ [ -54.777541, -22.295002 ], [ -54.777654, -22.294675 ], [ -54.777897, -22.294748 ], [ -54.777783, -22.295075 ], [ -54.777541, -22.295002 ] ] ] } },
{ "type": "Feature", "properties": { "id": 83219, "insc_imob": "00.11.13.03.020", "quadra_cartorio": "03", "lote_cartorio": "02", "matricula": "155364", "circunscricao": "1º CIRCUNSCRIÇÃO", "zoneamento": null, "condominio": null, "area_geom": 9140.0, "cnm": "062661.2.0155364-72" }, "geometry": { "type": "Polygon", "coordinates": [ [ [ -54.776239, -22.294785 ], [ -54.776299, -22.294613 ], [ -54.777361, -22.294933 ], [ -54.777074, -22.295758 ], [ -54.776428, -22.295563 ], [ -54.776243, -22.295508 ], [ -54.77647, -22.294855 ], [ -54.776239, -22.294785 ] ] ] } },
{ "type": "Feature", "properties": { "id": 83280, "insc_imob": "00.11.13.06.080", "quadra_cartorio": "06", "lote_cartorio": "08", "matricula": "155403", "circunscricao": "1º CIRCUNSCRIÇÃO", "zoneamento": null, "condominio": null, "area_geom": 1140.0, "cnm": "062661.2.0155403-52" }, "geometry": { "type": "Polygon", "coordinates": [ [ [ -54.778977, -22.292521 ], [ -54.779091, -22.292195 ], [ -54.779367, -22.292278 ], [ -54.779254, -22.292604 ], [ -54.778977, -22.292521 ] ] ] } },
{ "type": "Feature", "properties": { "id": 83281, "insc_imob": "00.11.13.05.260", "quadra_cartorio": "05", "lote_cartorio": "26", "matricula": "155395", "circunscricao": "1º CIRCUNSCRIÇÃO", "zoneamento": null, "condominio": null, "area_geom": 1312.5, "cnm": "062661.2.0155395-76" }, "geometry": { "type": "Polygon", "coordinates": [ [ [ -54.781158, -22.292627 ], [ -54.781307, -22.292198 ], [ -54.78155, -22.292271 ], [ -54.7814, -22.2927 ], [ -54.781158, -22.292627 ] ] ] } },
{ "type": "Feature", "properties": { "id": 83104, "insc_imob": "00.11.13.11.230", "quadra_cartorio": "11", "lote_cartorio": "23", "matricula": "155536", "circunscricao": "1º CIRCUNSCRIÇÃO", "zoneamento": null, "condominio": null, "area_geom": 855.0, "cnm": "062661.2.0155536-41" }, "geometry": { "type": "Polygon", "coordinates": [ [ [ -54.778584, -22.298049 ], [ -54.778698, -22.297722 ], [ -54.778906, -22.297785 ], [ -54.778792, -22.298111 ], [ -54.778584, -22.298049 ] ] ] } },
{ "type": "Feature", "properties": { "id": 83105, "insc_imob": "00.11.13.11.220", "quadra_cartorio": "11", "lote_cartorio": "22", "matricula": "155535", "circunscricao": "1º CIRCUNSCRIÇÃO", "zoneamento": null, "condominio": null, "area_geom": 855.0, "cnm": "062661.2.0155535-44" }, "geometry": { "type": "Polygon", "coordinates": [ [ [ -54.778377, -22.297986 ], [ -54.77849, -22.29766 ], [ -54.778698, -22.297722 ], [ -54.778584, -22.298049 ], [ -54.778377, -22.297986 ] ] ] } },
{ "type": "Feature", "properties": { "id": 83101, "insc_imob": "00.11.13.11.260", "quadra_cartorio": "11", "lote_cartorio": "26", "matricula": "155539", "circunscricao": "1º CIRCUNSCRIÇÃO", "zoneamento": null, "condominio": null, "area_geom": 997.5, "cnm": "062661.2.0155539-32" }, "geometry": { "type": "Polygon", "coordinates": [ [ [ -54.779207, -22.298236 ], [ -54.779321, -22.29791 ], [ -54.779563, -22.297983 ], [ -54.77945, -22.298309 ], [ -54.779207, -22.298236 ] ] ] } },
{ "type": "Feature", "properties": { "id": 83102, "insc_imob": "00.11.13.11.250", "quadra_cartorio": "11", "lote_cartorio": "25", "matricula": "155538", "circunscricao": "1º CIRCUNSCRIÇÃO", "zoneamento": null, "condominio": null, "area_geom": 855.0, "cnm": "062661.2.0155538-35" }, "geometry": { "type": "Polygon", "coordinates": [ [ [ -54.779, -22.298174 ], [ -54.779113, -22.297848 ], [ -54.779321, -22.29791 ], [ -54.779207, -22.298236 ], [ -54.779, -22.298174 ] ] ] } },
{ "type": "Feature", "properties": { "id": 83103, "insc_imob": "00.11.13.11.240", "quadra_cartorio": "11", "lote_cartorio": "24", "matricula": "155537", "circunscricao": "1º CIRCUNSCRIÇÃO", "zoneamento": null, "condominio": null, "area_geom": 855.0, "cnm": "062661.2.0155537-38" }, "geometry": { "type": "Polygon", "coordinates": [ [ [ -54.778792, -22.298111 ], [ -54.778906, -22.297785 ], [ -54.779113, -22.297848 ], [ -54.779, -22.298174 ], [ -54.778792, -22.298111 ] ] ] } },
{ "type": "Feature", "properties": { "id": 83120, "insc_imob": "00.11.13.11.140", "quadra_cartorio": "11", "lote_cartorio": "14", "matricula": "155527", "circunscricao": "1º CIRCUNSCRIÇÃO", "zoneamento": null, "condominio": null, "area_geom": 997.5, "cnm": "062661.2.0155527-68" }, "geometry": { "type": "Polygon", "coordinates": [ [ [ -54.77668, -22.297476 ], [ -54.776794, -22.297149 ], [ -54.777036, -22.297222 ], [ -54.776923, -22.297548 ], [ -54.77668, -22.297476 ] ] ] } },
{ "type": "Feature", "properties": { "id": 83121, "insc_imob": "00.11.13.11.080", "quadra_cartorio": "11", "lote_cartorio": "08", "matricula": "155521", "circunscricao": "1º CIRCUNSCRIÇÃO", "zoneamento": null, "condominio": null, "area_geom": 855.0, "cnm": "062661.2.0155521-86" }, "geometry": { "type": "Polygon", "coordinates": [ [ [ -54.777867, -22.297472 ], [ -54.777981, -22.297146 ], [ -54.778188, -22.297208 ], [ -54.778075, -22.297535 ], [ -54.777867, -22.297472 ] ] ] } },
{ "type": "Feature", "properties": { "id": 83169, "insc_imob": "00.11.13.09.030", "quadra_cartorio": "09", "lote_cartorio": "03", "matricula": "155470", "circunscricao": "1º CIRCUNSCRIÇÃO", "zoneamento": null, "condominio": null, "area_geom": 1140.0, "cnm": "062661.2.0155470-45" }, "geometry": { "type": "Polygon", "coordinates": [ [ [ -54.779341, -22.296094 ], [ -54.779454, -22.295768 ], [ -54.779731, -22.295851 ], [ -54.779618, -22.296177 ], [ -54.779341, -22.296094 ] ] ] } },
{ "type": "Feature", "properties": { "id": 83170, "insc_imob": "00.11.13.09.140", "quadra_cartorio": "09", "lote_cartorio": "14", "matricula": "155481", "circunscricao": "1º CIRCUNSCRIÇÃO", "zoneamento": null, "condominio": null, "area_geom": 1140.0, "cnm": "062661.2.0155481-12" }, "geometry": { "type": "Polygon", "coordinates": [ [ [ -54.77805, -22.296066 ], [ -54.778164, -22.29574 ], [ -54.778441, -22.295823 ], [ -54.778327, -22.296149 ], [ -54.77805, -22.296066 ] ] ] } },
{ "type": "Feature", "properties": { "id": 83171, "insc_imob": "00.11.13.09.040", "quadra_cartorio": "09", "lote_cartorio": "04", "matricula": "155471", "circunscricao": "1º CIRCUNSCRIÇÃO", "zoneamento": null, "condominio": null, "area_geom": 1140.0, "cnm": "062661.2.0155471-42" }, "geometry": { "type": "Polygon", "coordinates": [ [ [ -54.779064, -22.296011 ], [ -54.779177, -22.295684 ], [ -54.779454, -22.295768 ], [ -54.779341, -22.296094 ], [ -54.779064, -22.296011 ] ] ] } },
{ "type": "Feature", "properties": { "id": 83172, "insc_imob": "00.11.13.09.130", "quadra_cartorio": "09", "lote_cartorio": "13", "matricula": "155480", "circunscricao": "1º CIRCUNSCRIÇÃO", "zoneamento": null, "condominio": null, "area_geom": 1140.0, "cnm": "062661.2.0155480-15" }, "geometry": { "type": "Polygon", "coordinates": [ [ [ -54.777773, -22.295983 ], [ -54.777887, -22.295656 ], [ -54.778164, -22.29574 ], [ -54.77805, -22.296066 ], [ -54.777773, -22.295983 ] ] ] } },
{ "type": "Feature", "properties": { "id": 83136, "insc_imob": "00.11.13.10.010", "quadra_cartorio": "10", "lote_cartorio": "01", "matricula": "155488", "circunscricao": "1º CIRCUNSCRIÇÃO", "zoneamento": null, "condominio": null, "area_geom": 997.5, "cnm": "062661.2.0155488-88" }, "geometry": { "type": "Polygon", "coordinates": [ [ [ -54.779608, -22.297085 ], [ -54.779721, -22.296759 ], [ -54.779963, -22.296832 ], [ -54.77985, -22.297158 ], [ -54.779608, -22.297085 ] ] ] } },
{ "type": "Feature", "properties": { "id": 83152, "insc_imob": "00.11.13.10.080", "quadra_cartorio": "10", "lote_cartorio": "08", "matricula": "155495", "circunscricao": "1º CIRCUNSCRIÇÃO", "zoneamento": null, "condominio": null, "area_geom": 855.0, "cnm": "062661.2.0155495-67" }, "geometry": { "type": "Polygon", "coordinates": [ [ [ -54.778154, -22.296648 ], [ -54.778267, -22.296321 ], [ -54.778475, -22.296384 ], [ -54.778362, -22.29671 ], [ -54.778154, -22.296648 ] ] ] } },
{ "type": "Feature", "properties": { "id": 83153, "insc_imob": "00.11.13.10.090", "quadra_cartorio": "10", "lote_cartorio": "09", "matricula": "155496", "circunscricao": "1º CIRCUNSCRIÇÃO", "zoneamento": null, "condominio": null, "area_geom": 855.0, "cnm": "062661.2.0155496-64" }, "geometry": { "type": "Polygon", "coordinates": [ [ [ -54.777946, -22.296585 ], [ -54.77806, -22.296259 ], [ -54.778267, -22.296321 ], [ -54.778154, -22.296648 ], [ -54.777946, -22.296585 ] ] ] } },
{ "type": "Feature", "properties": { "id": 83154, "insc_imob": "00.11.13.09.200", "quadra_cartorio": "09", "lote_cartorio": "20", "matricula": "155487", "circunscricao": "1º CIRCUNSCRIÇÃO", "zoneamento": null, "condominio": null, "area_geom": 997.5, "cnm": "062661.2.0155487-91" }, "geometry": { "type": "Polygon", "coordinates": [ [ [ -54.779781, -22.296587 ], [ -54.779894, -22.296261 ], [ -54.780137, -22.296334 ], [ -54.780023, -22.29666 ], [ -54.779781, -22.296587 ] ] ] } },
{ "type": "Feature", "properties": { "id": 83155, "insc_imob": "00.11.13.10.100", "quadra_cartorio": "10", "lote_cartorio": "10", "matricula": "155497", "circunscricao": "1º CIRCUNSCRIÇÃO", "zoneamento": null, "condominio": null, "area_geom": 855.0, "cnm": "062661.2.0155497-61" }, "geometry": { "type": "Polygon", "coordinates": [ [ [ -54.777738, -22.296523 ], [ -54.777852, -22.296196 ], [ -54.77806, -22.296259 ], [ -54.777946, -22.296585 ], [ -54.777738, -22.296523 ] ] ] } },
{ "type": "Feature", "properties": { "id": 83156, "insc_imob": "00.11.13.09.190", "quadra_cartorio": "09", "lote_cartorio": "19", "matricula": "155486", "circunscricao": "1º CIRCUNSCRIÇÃO", "zoneamento": null, "condominio": null, "area_geom": 1140.0, "cnm": "062661.2.0155486-94" }, "geometry": { "type": "Polygon", "coordinates": [ [ [ -54.779504, -22.296504 ], [ -54.779618, -22.296177 ], [ -54.779894, -22.296261 ], [ -54.779781, -22.296587 ], [ -54.779504, -22.296504 ] ] ] } },
{ "type": "Feature", "properties": { "id": 83158, "insc_imob": "00.11.13.10.110", "quadra_cartorio": "10", "lote_cartorio": "11", "matricula": "155498", "circunscricao": "1º CIRCUNSCRIÇÃO", "zoneamento": null, "condominio": null, "area_geom": 855.0, "cnm": "062661.2.0155498-58" }, "geometry": { "type": "Polygon", "coordinates": [ [ [ -54.777531, -22.29646 ], [ -54.777644, -22.296134 ], [ -54.777852, -22.296196 ], [ -54.777738, -22.296523 ], [ -54.777531, -22.29646 ] ] ] } },
{ "type": "Feature", "properties": { "id": 83159, "insc_imob": "00.11.13.10.120", "quadra_cartorio": "10", "lote_cartorio": "12", "matricula": "155499", "circunscricao": "1º CIRCUNSCRIÇÃO", "zoneamento": null, "condominio": null, "area_geom": 855.0, "cnm": "062661.2.0155499-55" }, "geometry": { "type": "Polygon", "coordinates": [ [ [ -54.777323, -22.296397 ], [ -54.777437, -22.296071 ], [ -54.777644, -22.296134 ], [ -54.777531, -22.29646 ], [ -54.777323, -22.296397 ] ] ] } },
{ "type": "Feature", "properties": { "id": 83160, "insc_imob": "00.11.13.09.180", "quadra_cartorio": "09", "lote_cartorio": "18", "matricula": "155485", "circunscricao": "1º CIRCUNSCRIÇÃO", "zoneamento": null, "condominio": null, "area_geom": 1140.0, "cnm": "062661.2.0155485-97" }, "geometry": { "type": "Polygon", "coordinates": [ [ [ -54.779227, -22.29642 ], [ -54.779341, -22.296094 ], [ -54.779618, -22.296177 ], [ -54.779504, -22.296504 ], [ -54.779227, -22.29642 ] ] ] } },
{ "type": "Feature", "properties": { "id": 94315, "insc_imob": "00.11.13.07.081", "quadra_cartorio": "07", "lote_cartorio": "08A", "matricula": "165134", "circunscricao": "1º CIRCUNSCRIÇÃO", "zoneamento": null, "condominio": null, "area_geom": 5130.0, "cnm": "062661.2.0165134-56" }, "geometry": { "type": "Polygon", "coordinates": [ [ [ -54.779452, -22.293575 ], [ -54.779338, -22.293901 ], [ -54.779131, -22.293839 ], [ -54.778923, -22.293776 ], [ -54.778715, -22.293714 ], [ -54.778829, -22.293387 ], [ -54.778942, -22.293061 ], [ -54.77915, -22.293123 ], [ -54.779358, -22.293186 ], [ -54.779565, -22.293248 ], [ -54.779452, -22.293575 ] ] ] } },
{ "type": "Feature", "properties": { "id": 94013, "insc_imob": "00.11.12.02.030", "quadra_cartorio": "B", "lote_cartorio": "03", "matricula": "164557", "circunscricao": "1º CIRCUNSCRIÇÃO", "zoneamento": null, "condominio": null, "area_geom": 865.41, "cnm": "062661.2.0164557-41" }, "geometry": { "type": "Polygon", "coordinates": [ [ [ -54.77652, -22.291631 ], [ -54.776459, -22.291808 ], [ -54.776067, -22.291698 ], [ -54.776147, -22.291519 ], [ -54.77652, -22.291631 ] ] ] } },
{ "type": "Feature", "properties": { "id": 93983, "insc_imob": "00.11.13.07.070", "quadra_cartorio": "07", "lote_cartorio": "07", "matricula": "155422", "circunscricao": "1º CIRCUNSCRIÇÃO", "zoneamento": null, "condominio": null, "area_geom": 855.0, "cnm": "062661.2.0155422-92" }, "geometry": { "type": "Polygon", "coordinates": [ [ [ -54.779773, -22.293311 ], [ -54.77966, -22.293637 ], [ -54.779452, -22.293575 ], [ -54.779565, -22.293248 ], [ -54.779773, -22.293311 ] ] ] } },
{ "type": "Feature", "properties": { "id": 94011, "insc_imob": "00.11.12.02.011", "quadra_cartorio": "B", "lote_cartorio": "01", "matricula": "164555", "circunscricao": "1º CIRCUNSCRIÇÃO", "zoneamento": null, "condominio": null, "area_geom": 8655.97, "cnm": "062661.2.0164555-47" }, "geometry": { "type": "Polygon", "coordinates": [ [ [ -54.776834, -22.292489 ], [ -54.776599, -22.293164 ], [ -54.775552, -22.292848 ], [ -54.775846, -22.292192 ], [ -54.776834, -22.292489 ] ] ] } },
{ "type": "Feature", "properties": { "id": 94012, "insc_imob": "00.11.12.02.020", "quadra_cartorio": "B", "lote_cartorio": "02", "matricula": "164556", "circunscricao": "1º CIRCUNSCRIÇÃO", "zoneamento": null, "condominio": null, "area_geom": 3679.01, "cnm": "062661.2.0164556-44" }, "geometry": { "type": "Polygon", "coordinates": [ [ [ -54.776619, -22.291855 ], [ -54.776439, -22.29237 ], [ -54.775846, -22.292192 ], [ -54.776067, -22.291698 ], [ -54.776619, -22.291855 ] ] ] } },
{ "type": "Feature", "properties": { "id": 94014, "insc_imob": "00.11.12.02.040", "quadra_cartorio": "B", "lote_cartorio": "04", "matricula": "164558", "circunscricao": "1º CIRCUNSCRIÇÃO", "zoneamento": null, "condominio": null, "area_geom": 876.88, "cnm": "062661.2.0164558-38" }, "geometry": { "type": "Polygon", "coordinates": [ [ [ -54.776587, -22.291441 ], [ -54.77652, -22.291631 ], [ -54.776147, -22.291519 ], [ -54.776231, -22.291333 ], [ -54.776587, -22.291441 ] ] ] } },
{ "type": "Feature", "properties": { "id": 94015, "insc_imob": "00.11.12.02.050", "quadra_cartorio": "B", "lote_cartorio": "05", "matricula": "164559", "circunscricao": "1º CIRCUNSCRIÇÃO", "zoneamento": null, "condominio": null, "area_geom": 854.07, "cnm": "062661.2.0164559-35" }, "geometry": { "type": "Polygon", "coordinates": [ [ [ -54.776771, -22.291496 ], [ -54.776644, -22.291863 ], [ -54.776459, -22.291808 ], [ -54.776587, -22.291441 ], [ -54.776771, -22.291496 ] ] ] } },
{ "type": "Feature", "properties": { "id": 94016, "insc_imob": "00.11.12.02.060", "quadra_cartorio": "B", "lote_cartorio": "06", "matricula": "164560", "circunscricao": "1º CIRCUNSCRIÇÃO", "zoneamento": null, "condominio": null, "area_geom": 853.15, "cnm": "062661.2.0164560-32" }, "geometry": { "type": "Polygon", "coordinates": [ [ [ -54.776956, -22.291552 ], [ -54.776829, -22.291918 ], [ -54.776644, -22.291863 ], [ -54.776771, -22.291496 ], [ -54.776956, -22.291552 ] ] ] } },
{ "type": "Feature", "properties": { "id": 94017, "insc_imob": "00.11.12.02.070", "quadra_cartorio": "B", "lote_cartorio": "07", "matricula": "164561", "circunscricao": "1º CIRCUNSCRIÇÃO", "zoneamento": null, "condominio": null, "area_geom": 853.15, "cnm": "062661.2.0164561-29" }, "geometry": { "type": "Polygon", "coordinates": [ [ [ -54.777141, -22.291607 ], [ -54.777013, -22.291974 ], [ -54.776829, -22.291918 ], [ -54.776956, -22.291552 ], [ -54.777141, -22.291607 ] ] ] } },
{ "type": "Feature", "properties": { "id": 94018, "insc_imob": "00.11.12.02.080", "quadra_cartorio": "B", "lote_cartorio": "08", "matricula": "164562", "circunscricao": "1º CIRCUNSCRIÇÃO", "zoneamento": null, "condominio": null, "area_geom": 855.0, "cnm": "062661.2.0164562-26" }, "geometry": { "type": "Polygon", "coordinates": [ [ [ -54.777013, -22.291974 ], [ -54.776954, -22.292146 ], [ -54.776559, -22.292027 ], [ -54.776619, -22.291855 ], [ -54.777013, -22.291974 ] ] ] } },
{ "type": "Feature", "properties": { "id": 94019, "insc_imob": "00.11.12.02.090", "quadra_cartorio": "B", "lote_cartorio": "09", "matricula": "164563", "circunscricao": "1º CIRCUNSCRIÇÃO", "zoneamento": null, "condominio": null, "area_geom": 855.0, "cnm": "062661.2.0164563-23" }, "geometry": { "type": "Polygon", "coordinates": [ [ [ -54.776954, -22.292146 ], [ -54.776894, -22.292317 ], [ -54.776499, -22.292198 ], [ -54.776559, -22.292027 ], [ -54.776954, -22.292146 ] ] ] } },
{ "type": "Feature", "properties": { "id": 94020, "insc_imob": "00.11.12.02.100", "quadra_cartorio": "B", "lote_cartorio": "10", "matricula": "164564", "circunscricao": "1º CIRCUNSCRIÇÃO", "zoneamento": null, "condominio": null, "area_geom": 855.0, "cnm": "062661.2.0164564-20" }, "geometry": { "type": "Polygon", "coordinates": [ [ [ -54.776894, -22.292317 ], [ -54.776834, -22.292489 ], [ -54.776439, -22.29237 ], [ -54.776499, -22.292198 ], [ -54.776894, -22.292317 ] ] ] } },
{ "type": "Feature", "properties": { "id": 95329, "insc_imob": "00.11.36.16.100", "quadra_cartorio": null, "lote_cartorio": "25", "matricula": "131908", "circunscricao": "1º CIRCUNSCRIÇÃO", "zoneamento": "AUM - ÁREA DE USO MISTO", "condominio": null, "area_geom": 200.0, "cnm": "062661.2.0131908-18" }, "geometry": { "type": "Polygon", "coordinates": [ [ [ -54.803503, -22.279587 ], [ -54.803596, -22.279561 ], [ -54.803624, -22.279647 ], [ -54.803652, -22.279734 ], [ -54.803559, -22.27976 ], [ -54.803531, -22.279673 ], [ -54.803503, -22.279587 ] ] ] } },
{ "type": "Feature", "properties": { "id": 95328, "insc_imob": "00.11.36.12.020", "quadra_cartorio": null, "lote_cartorio": "17", "matricula": "131039", "circunscricao": "1º CIRCUNSCRIÇÃO", "zoneamento": "AUM - ÁREA DE USO MISTO", "condominio": null, "area_geom": 200.0, "cnm": "062661.2.0131039-06" }, "geometry": { "type": "Polygon", "coordinates": [ [ [ -54.809392, -22.277937 ], [ -54.809485, -22.277911 ], [ -54.809513, -22.277997 ], [ -54.809541, -22.278083 ], [ -54.809448, -22.278109 ], [ -54.80942, -22.278023 ], [ -54.809392, -22.277937 ] ] ] } },
{ "type": "Feature", "properties": { "id": 95327, "insc_imob": "00.11.36.30.090", "quadra_cartorio": null, "lote_cartorio": "24", "matricula": "131276", "circunscricao": "1º CIRCUNSCRIÇÃO", "zoneamento": "AUM - ÁREA DE USO MISTO", "condominio": null, "area_geom": 200.0, "cnm": "062661.2.0131276-71" }, "geometry": { "type": "Polygon", "coordinates": [ [ [ -54.806801, -22.277192 ], [ -54.806894, -22.277166 ], [ -54.806922, -22.277252 ], [ -54.80695, -22.277339 ], [ -54.806857, -22.277365 ], [ -54.806829, -22.277278 ], [ -54.806801, -22.277192 ] ] ] } },
{ "type": "Feature", "properties": { "id": 92703, "insc_imob": "00.11.36.50.040", "quadra_cartorio": null, "lote_cartorio": "06", "matricula": "130730", "circunscricao": "1º CIRCUNSCRIÇÃO", "zoneamento": "AUM - ÁREA DE USO MISTO", "condominio": null, "area_geom": 273.92, "cnm": "062661.2.0130730-60" }, "geometry": { "type": "Polygon", "coordinates": [ [ [ -54.808526, -22.274805 ], [ -54.80861, -22.274753 ], [ -54.808691, -22.275003 ], [ -54.808598, -22.275029 ], [ -54.808526, -22.274805 ] ] ] } },
{ "type": "Feature", "properties": { "id": 104735, "insc_imob": "00.11.36.13.200", "quadra_cartorio": null, "lote_cartorio": "05", "matricula": "131347", "circunscricao": "1º CIRCUNSCRIÇÃO", "zoneamento": "AUM - ÁREA DE USO MISTO", "condominio": null, "area_geom": 200.0, "cnm": "062661.2.0131347-52" }, "geometry": { "type": "Polygon", "coordinates": [ [ [ -54.807293, -22.278713 ], [ -54.807386, -22.278687 ], [ -54.807414, -22.278774 ], [ -54.807442, -22.27886 ], [ -54.807349, -22.278886 ], [ -54.807321, -22.2788 ], [ -54.807293, -22.278713 ] ] ] } },
{ "type": "Feature", "properties": { "id": 104484, "insc_imob": "00.11.36.18.080", "quadra_cartorio": null, "lote_cartorio": "23", "matricula": "131015", "circunscricao": "1º CIRCUNSCRIÇÃO", "zoneamento": "AUM - ÁREA DE USO MISTO", "condominio": null, "area_geom": 200.0, "cnm": "062661.2.0131015-78" }, "geometry": { "type": "Polygon", "coordinates": [ [ [ -54.808717, -22.27773 ], [ -54.808689, -22.277643 ], [ -54.808782, -22.277617 ], [ -54.80881, -22.277704 ], [ -54.808838, -22.27779 ], [ -54.808745, -22.277816 ], [ -54.808717, -22.27773 ] ] ] } },
{ "type": "Feature", "properties": { "id": 104488, "insc_imob": "00.11.36.48.020", "quadra_cartorio": null, "lote_cartorio": "17", "matricula": "131554", "circunscricao": "1º CIRCUNSCRIÇÃO", "zoneamento": "AUM - ÁREA DE USO MISTO", "condominio": null, "area_geom": 200.0, "cnm": "062661.2.0131554-13" }, "geometry": { "type": "Polygon", "coordinates": [ [ [ -54.804856, -22.27619 ], [ -54.804949, -22.276164 ], [ -54.804977, -22.276251 ], [ -54.805005, -22.276337 ], [ -54.804912, -22.276363 ], [ -54.804884, -22.276277 ], [ -54.804856, -22.27619 ] ] ] } },
{ "type": "Feature", "properties": { "id": 104491, "insc_imob": "00.11.36.29.050", "quadra_cartorio": null, "lote_cartorio": "20", "matricula": "130952", "circunscricao": "1º CIRCUNSCRIÇÃO", "zoneamento": "AUM - ÁREA DE USO MISTO", "condominio": null, "area_geom": 200.0, "cnm": "062661.2.0130952-73" }, "geometry": { "type": "Polygon", "coordinates": [ [ [ -54.808705, -22.276752 ], [ -54.808677, -22.276666 ], [ -54.80877, -22.27664 ], [ -54.808798, -22.276726 ], [ -54.808826, -22.276813 ], [ -54.808733, -22.276839 ], [ -54.808705, -22.276752 ] ] ] } },
{ "type": "Feature", "properties": { "id": 104492, "insc_imob": "00.11.36.46.180", "quadra_cartorio": null, "lote_cartorio": "03", "matricula": "130845", "circunscricao": "1º CIRCUNSCRIÇÃO", "zoneamento": "AUM - ÁREA DE USO MISTO", "condominio": null, "area_geom": 200.0, "cnm": "062661.2.0130845-06" }, "geometry": { "type": "Polygon", "coordinates": [ [ [ -54.807717, -22.275577 ], [ -54.80781, -22.275551 ], [ -54.807838, -22.275638 ], [ -54.807866, -22.275724 ], [ -54.807773, -22.27575 ], [ -54.807745, -22.275664 ], [ -54.807717, -22.275577 ] ] ] } },
{ "type": "Feature", "properties": { "id": 104482, "insc_imob": "00.11.36.18.210", "quadra_cartorio": null, "lote_cartorio": "06", "matricula": "130998", "circunscricao": "1º CIRCUNSCRIÇÃO", "zoneamento": "AUM - ÁREA DE USO MISTO", "condominio": null, "area_geom": 200.0, "cnm": "062661.2.0130998-32" }, "geometry": { "type": "Polygon", "coordinates": [ [ [ -54.808745, -22.277816 ], [ -54.808838, -22.27779 ], [ -54.808866, -22.277876 ], [ -54.808894, -22.277963 ], [ -54.808801, -22.277989 ], [ -54.808773, -22.277903 ], [ -54.808745, -22.277816 ] ] ] } },
{ "type": "Feature", "properties": { "id": 104485, "insc_imob": "00.11.36.42.150", "quadra_cartorio": null, "lote_cartorio": "30", "matricula": "131597", "circunscricao": "1º CIRCUNSCRIÇÃO", "zoneamento": "AUM - ÁREA DE USO MISTO", "condominio": null, "area_geom": 200.0, "cnm": "062661.2.0131597-78" }, "geometry": { "type": "Polygon", "coordinates": [ [ [ -54.803943, -22.277125 ], [ -54.804128, -22.277073 ], [ -54.804156, -22.27716 ], [ -54.803971, -22.277212 ], [ -54.803943, -22.277125 ] ] ] } },
{ "type": "Feature", "properties": { "id": 104487, "insc_imob": "00.11.36.48.270", "quadra_cartorio": null, "lote_cartorio": "12", "matricula": "131549", "circunscricao": "1º CIRCUNSCRIÇÃO", "zoneamento": "AUM - ÁREA DE USO MISTO", "condominio": null, "area_geom": 200.0, "cnm": "062661.2.0131549-28" }, "geometry": { "type": "Polygon", "coordinates": [ [ [ -54.804912, -22.276363 ], [ -54.805005, -22.276337 ], [ -54.805033, -22.276424 ], [ -54.805061, -22.27651 ], [ -54.804968, -22.276536 ], [ -54.80494, -22.27645 ], [ -54.804912, -22.276363 ] ] ] } },
{ "type": "Feature", "properties": { "id": 104461, "insc_imob": "00.11.36.09.050", "quadra_cartorio": null, "lote_cartorio": "12", "matricula": "131925", "circunscricao": "1º CIRCUNSCRIÇÃO", "zoneamento": "AUM - ÁREA DE USO MISTO", "condominio": null, "area_geom": 200.0, "cnm": "062661.2.0131925-64" }, "geometry": { "type": "Polygon", "coordinates": [ [ [ -54.804282, -22.280116 ], [ -54.804228, -22.27995 ], [ -54.804321, -22.279924 ], [ -54.804375, -22.280091 ], [ -54.804377, -22.280097 ], [ -54.804284, -22.280123 ], [ -54.804282, -22.280116 ] ] ] } },
{ "type": "Feature", "properties": { "id": 104463, "insc_imob": "00.11.36.09.070", "quadra_cartorio": null, "lote_cartorio": "09", "matricula": "131922", "circunscricao": "1º CIRCUNSCRIÇÃO", "zoneamento": "AUM - ÁREA DE USO MISTO", "condominio": null, "area_geom": 200.0, "cnm": "062661.2.0131922-73" }, "geometry": { "type": "Polygon", "coordinates": [ [ [ -54.804096, -22.280168 ], [ -54.804042, -22.280002 ], [ -54.804135, -22.279976 ], [ -54.804189, -22.280142 ], [ -54.804191, -22.280149 ], [ -54.804098, -22.280175 ], [ -54.804096, -22.280168 ] ] ] } },
{ "type": "Feature", "properties": { "id": 104475, "insc_imob": "00.11.36.18.100", "quadra_cartorio": null, "lote_cartorio": "25", "matricula": "131017", "circunscricao": "1º CIRCUNSCRIÇÃO", "zoneamento": "AUM - ÁREA DE USO MISTO", "condominio": null, "area_geom": 200.0, "cnm": "062661.2.0131017-72" }, "geometry": { "type": "Polygon", "coordinates": [ [ [ -54.808532, -22.277782 ], [ -54.808504, -22.277695 ], [ -54.808596, -22.277669 ], [ -54.808624, -22.277756 ], [ -54.808652, -22.277842 ], [ -54.808559, -22.277868 ], [ -54.808532, -22.277782 ] ] ] } },
{ "type": "Feature", "properties": { "id": 104474, "insc_imob": "00.11.36.18.190", "quadra_cartorio": null, "lote_cartorio": "04", "matricula": "130996", "circunscricao": "1º CIRCUNSCRIÇÃO", "zoneamento": "AUM - ÁREA DE USO MISTO", "condominio": null, "area_geom": 200.0, "cnm": "062661.2.0130996-38" }, "geometry": { "type": "Polygon", "coordinates": [ [ [ -54.808559, -22.277868 ], [ -54.808652, -22.277842 ], [ -54.80868, -22.277929 ], [ -54.808708, -22.278015 ], [ -54.808615, -22.278041 ], [ -54.808587, -22.277955 ], [ -54.808559, -22.277868 ] ] ] } },
{ "type": "Feature", "properties": { "id": 104477, "insc_imob": "00.11.36.18.090", "quadra_cartorio": null, "lote_cartorio": "24", "matricula": "131016", "circunscricao": "1º CIRCUNSCRIÇÃO", "zoneamento": "AUM - ÁREA DE USO MISTO", "condominio": null, "area_geom": 200.0, "cnm": "062661.2.0131016-75" }, "geometry": { "type": "Polygon", "coordinates": [ [ [ -54.808624, -22.277756 ], [ -54.808596, -22.277669 ], [ -54.808689, -22.277643 ], [ -54.808717, -22.27773 ], [ -54.808745, -22.277816 ], [ -54.808652, -22.277842 ], [ -54.808624, -22.277756 ] ] ] } },
{ "type": "Feature", "properties": { "id": 104476, "insc_imob": "00.11.36.18.200", "quadra_cartorio": null, "lote_cartorio": "05", "matricula": "130997", "circunscricao": "1º CIRCUNSCRIÇÃO", "zoneamento": "AUM - ÁREA DE USO MISTO", "condominio": null, "area_geom": 200.0, "cnm": "062661.2.0130997-35" }, "geometry": { "type": "Polygon", "coordinates": [ [ [ -54.808652, -22.277842 ], [ -54.808745, -22.277816 ], [ -54.808773, -22.277903 ], [ -54.808801, -22.277989 ], [ -54.808708, -22.278015 ], [ -54.80868, -22.277929 ], [ -54.808652, -22.277842 ] ] ] } },
{ "type": "Feature", "properties": { "id": 104464, "insc_imob": "00.11.36.08.020", "quadra_cartorio": null, "lote_cartorio": "14", "matricula": "131761", "circunscricao": "1º CIRCUNSCRIÇÃO", "zoneamento": "AUM - ÁREA DE USO MISTO", "condominio": null, "area_geom": 199.35, "cnm": "062661.2.0131761-71" }, "geometry": { "type": "Polygon", "coordinates": [ [ [ -54.806066, -22.279618 ], [ -54.806012, -22.279451 ], [ -54.806105, -22.279425 ], [ -54.806159, -22.279592 ], [ -54.80616, -22.279597 ], [ -54.806068, -22.279623 ], [ -54.806066, -22.279618 ] ] ] } },
{ "type": "Feature", "properties": { "id": 104467, "insc_imob": "00.11.36.20.100", "quadra_cartorio": null, "lote_cartorio": "25", "matricula": "131712", "circunscricao": "1º CIRCUNSCRIÇÃO", "zoneamento": "AUM - ÁREA DE USO MISTO", "condominio": null, "area_geom": 200.0, "cnm": "062661.2.0131712-24" }, "geometry": { "type": "Polygon", "coordinates": [ [ [ -54.80489, -22.278802 ], [ -54.804862, -22.278715 ], [ -54.804955, -22.278689 ], [ -54.804983, -22.278776 ], [ -54.805011, -22.278862 ], [ -54.804918, -22.278888 ], [ -54.80489, -22.278802 ] ] ] } },
{ "type": "Feature", "properties": { "id": 104469, "insc_imob": "00.11.36.18.180", "quadra_cartorio": null, "lote_cartorio": "03", "matricula": "130995", "circunscricao": "1º CIRCUNSCRIÇÃO", "zoneamento": "AUM - ÁREA DE USO MISTO", "condominio": null, "area_geom": 200.0, "cnm": "062661.2.0130995-41" }, "geometry": { "type": "Polygon", "coordinates": [ [ [ -54.808467, -22.277894 ], [ -54.808559, -22.277868 ], [ -54.808587, -22.277955 ], [ -54.808615, -22.278041 ], [ -54.808523, -22.278067 ], [ -54.808495, -22.277981 ], [ -54.808467, -22.277894 ] ] ] } },
{ "type": "Feature", "properties": { "id": 104468, "insc_imob": "00.11.36.18.120", "quadra_cartorio": null, "lote_cartorio": "27", "matricula": "131019", "circunscricao": "1º CIRCUNSCRIÇÃO", "zoneamento": "AUM - ÁREA DE USO MISTO", "condominio": null, "area_geom": 200.0, "cnm": "062661.2.0131019-66" }, "geometry": { "type": "Polygon", "coordinates": [ [ [ -54.808346, -22.277834 ], [ -54.808318, -22.277747 ], [ -54.808411, -22.277721 ], [ -54.808439, -22.277808 ], [ -54.808467, -22.277894 ], [ -54.808374, -22.27792 ], [ -54.808346, -22.277834 ] ] ] } },
{ "type": "Feature", "properties": { "id": 104470, "insc_imob": "00.11.36.18.110", "quadra_cartorio": null, "lote_cartorio": "26", "matricula": "131018", "circunscricao": "1º CIRCUNSCRIÇÃO", "zoneamento": "AUM - ÁREA DE USO MISTO", "condominio": null, "area_geom": 200.0, "cnm": "062661.2.0131018-69" }, "geometry": { "type": "Polygon", "coordinates": [ [ [ -54.808439, -22.277808 ], [ -54.808411, -22.277721 ], [ -54.808504, -22.277695 ], [ -54.808532, -22.277782 ], [ -54.808559, -22.277868 ], [ -54.808467, -22.277894 ], [ -54.808439, -22.277808 ] ] ] } },
{ "type": "Feature", "properties": { "id": 104554, "insc_imob": "00.11.36.36.240", "quadra_cartorio": null, "lote_cartorio": "10", "matricula": "131419", "circunscricao": "1º CIRCUNSCRIÇÃO", "zoneamento": "AUM - ÁREA DE USO MISTO", "condominio": null, "area_geom": 200.0, "cnm": "062661.2.0131419-30" }, "geometry": { "type": "Polygon", "coordinates": [ [ [ -54.80568, -22.276544 ], [ -54.805772, -22.276518 ], [ -54.805865, -22.276492 ], [ -54.805893, -22.276579 ], [ -54.8058, -22.276605 ], [ -54.805708, -22.276631 ], [ -54.80568, -22.276544 ] ] ] } },
{ "type": "Feature", "properties": { "id": 104559, "insc_imob": "00.11.36.36.250", "quadra_cartorio": null, "lote_cartorio": "11", "matricula": "131420", "circunscricao": "1º CIRCUNSCRIÇÃO", "zoneamento": "AUM - ÁREA DE USO MISTO", "condominio": null, "area_geom": 200.0, "cnm": "062661.2.0131420-27" }, "geometry": { "type": "Polygon", "coordinates": [ [ [ -54.805652, -22.276458 ], [ -54.805744, -22.276432 ], [ -54.805837, -22.276406 ], [ -54.805865, -22.276492 ], [ -54.805772, -22.276518 ], [ -54.80568, -22.276544 ], [ -54.805652, -22.276458 ] ] ] } },
{ "type": "Feature", "properties": { "id": 104558, "insc_imob": "00.11.36.36.080", "quadra_cartorio": null, "lote_cartorio": "22", "matricula": "131431", "circunscricao": "1º CIRCUNSCRIÇÃO", "zoneamento": "AUM - ÁREA DE USO MISTO", "condominio": null, "area_geom": 200.0, "cnm": "062661.2.0131431-91" }, "geometry": { "type": "Polygon", "coordinates": [ [ [ -54.805466, -22.27651 ], [ -54.805559, -22.276484 ], [ -54.805652, -22.276458 ], [ -54.80568, -22.276544 ], [ -54.805587, -22.27657 ], [ -54.805494, -22.276596 ], [ -54.805466, -22.27651 ] ] ] } },
{ "type": "Feature", "properties": { "id": 104549, "insc_imob": "00.11.36.36.210", "quadra_cartorio": null, "lote_cartorio": "07", "matricula": "131416", "circunscricao": "1º CIRCUNSCRIÇÃO", "zoneamento": "AUM - ÁREA DE USO MISTO", "condominio": null, "area_geom": 200.0, "cnm": "062661.2.0131416-39" }, "geometry": { "type": "Polygon", "coordinates": [ [ [ -54.805763, -22.276804 ], [ -54.805856, -22.276777 ], [ -54.805949, -22.276751 ], [ -54.805977, -22.276838 ], [ -54.805791, -22.27689 ], [ -54.805763, -22.276804 ] ] ] } },
{ "type": "Feature", "properties": { "id": 104548, "insc_imob": "00.11.36.36.150", "quadra_cartorio": null, "lote_cartorio": "01", "matricula": "131410", "circunscricao": "1º CIRCUNSCRIÇÃO", "zoneamento": "AUM - ÁREA DE USO MISTO", "condominio": null, "area_geom": 200.0, "cnm": "062661.2.0131410-57" }, "geometry": { "type": "Polygon", "coordinates": [ [ [ -54.805667, -22.277132 ], [ -54.80576, -22.277106 ], [ -54.805816, -22.277279 ], [ -54.805723, -22.277305 ], [ -54.805667, -22.277132 ] ] ] } },
{ "type": "Feature", "properties": { "id": 104551, "insc_imob": "00.11.36.36.090", "quadra_cartorio": null, "lote_cartorio": "23", "matricula": "131432", "circunscricao": "1º CIRCUNSCRIÇÃO", "zoneamento": "AUM - ÁREA DE USO MISTO", "condominio": null, "area_geom": 200.0, "cnm": "062661.2.0131432-88" }, "geometry": { "type": "Polygon", "coordinates": [ [ [ -54.805494, -22.276596 ], [ -54.805587, -22.27657 ], [ -54.80568, -22.276544 ], [ -54.805708, -22.276631 ], [ -54.805615, -22.276657 ], [ -54.805522, -22.276683 ], [ -54.805494, -22.276596 ] ] ] } },
{ "type": "Feature", "properties": { "id": 104550, "insc_imob": "00.11.36.36.230", "quadra_cartorio": null, "lote_cartorio": "09", "matricula": "131718", "circunscricao": "1º CIRCUNSCRIÇÃO", "zoneamento": "AUM - ÁREA DE USO MISTO", "condominio": null, "area_geom": 200.0, "cnm": "062661.2.0131718-06" }, "geometry": { "type": "Polygon", "coordinates": [ [ [ -54.805708, -22.276631 ], [ -54.8058, -22.276605 ], [ -54.805893, -22.276579 ], [ -54.805921, -22.276665 ], [ -54.805828, -22.276691 ], [ -54.805735, -22.276717 ], [ -54.805708, -22.276631 ] ] ] } },
{ "type": "Feature", "properties": { "id": 104569, "insc_imob": "00.11.36.53.190", "quadra_cartorio": null, "lote_cartorio": "08", "matricula": "131395", "circunscricao": "1º CIRCUNSCRIÇÃO", "zoneamento": "AUM - ÁREA DE USO MISTO", "condominio": null, "area_geom": 200.0, "cnm": "062661.2.0131395-05" }, "geometry": { "type": "Polygon", "coordinates": [ [ [ -54.805252, -22.275221 ], [ -54.805345, -22.275195 ], [ -54.805437, -22.275169 ], [ -54.805465, -22.275256 ], [ -54.805373, -22.275282 ], [ -54.80528, -22.275308 ], [ -54.805252, -22.275221 ] ] ] } },
{ "type": "Feature", "properties": { "id": 104568, "insc_imob": "00.11.36.53.080", "quadra_cartorio": null, "lote_cartorio": "19", "matricula": "131406", "circunscricao": "1º CIRCUNSCRIÇÃO", "zoneamento": "AUM - ÁREA DE USO MISTO", "condominio": null, "area_geom": 200.0, "cnm": "062661.2.0131406-69" }, "geometry": { "type": "Polygon", "coordinates": [ [ [ -54.805066, -22.275273 ], [ -54.805159, -22.275247 ], [ -54.805252, -22.275221 ], [ -54.80528, -22.275308 ], [ -54.805187, -22.275334 ], [ -54.805094, -22.27536 ], [ -54.805066, -22.275273 ] ] ] } },
{ "type": "Feature", "properties": { "id": 104573, "insc_imob": "00.11.36.53.070", "quadra_cartorio": null, "lote_cartorio": "18", "matricula": "131405", "circunscricao": "1º CIRCUNSCRIÇÃO", "zoneamento": "AUM - ÁREA DE USO MISTO", "condominio": null, "area_geom": 200.0, "cnm": "062661.2.0131405-72" }, "geometry": { "type": "Polygon", "coordinates": [ [ [ -54.805131, -22.275161 ], [ -54.805224, -22.275135 ], [ -54.805252, -22.275221 ], [ -54.805159, -22.275247 ], [ -54.805066, -22.275273 ], [ -54.805038, -22.275187 ], [ -54.805131, -22.275161 ] ] ] } },
{ "type": "Feature", "properties": { "id": 104575, "insc_imob": "00.11.36.53.200", "quadra_cartorio": null, "lote_cartorio": "09", "matricula": "131396", "circunscricao": "1º CIRCUNSCRIÇÃO", "zoneamento": "AUM - ÁREA DE USO MISTO", "condominio": null, "area_geom": 200.0, "cnm": "062661.2.0131396-02" }, "geometry": { "type": "Polygon", "coordinates": [ [ [ -54.805224, -22.275135 ], [ -54.805317, -22.275109 ], [ -54.805409, -22.275083 ], [ -54.805437, -22.275169 ], [ -54.805345, -22.275195 ], [ -54.805252, -22.275221 ], [ -54.805224, -22.275135 ] ] ] } },
{ "type": "Feature", "properties": { "id": 104561, "insc_imob": "00.11.36.36.070", "quadra_cartorio": null, "lote_cartorio": "21", "matricula": "131430", "circunscricao": "1º CIRCUNSCRIÇÃO", "zoneamento": "AUM - ÁREA DE USO MISTO", "condominio": null, "area_geom": 200.0, "cnm": "062661.2.0131430-94" }, "geometry": { "type": "Polygon", "coordinates": [ [ [ -54.805438, -22.276423 ], [ -54.805531, -22.276397 ], [ -54.805624, -22.276371 ], [ -54.805652, -22.276458 ], [ -54.805559, -22.276484 ], [ -54.805466, -22.27651 ], [ -54.805438, -22.276423 ] ] ] } },
{ "type": "Feature", "properties": { "id": 104563, "insc_imob": "00.11.36.36.050", "quadra_cartorio": null, "lote_cartorio": "19", "matricula": "131428", "circunscricao": "1º CIRCUNSCRIÇÃO", "zoneamento": "AUM - ÁREA DE USO MISTO", "condominio": null, "area_geom": 220.0, "cnm": "062661.2.0131428-03" }, "geometry": { "type": "Polygon", "coordinates": [ [ [ -54.805469, -22.276207 ], [ -54.805562, -22.276181 ], [ -54.805593, -22.276276 ], [ -54.805407, -22.276328 ], [ -54.805376, -22.276233 ], [ -54.805469, -22.276207 ] ] ] } },
{ "type": "Feature", "properties": { "id": 104566, "insc_imob": "00.11.36.53.090", "quadra_cartorio": null, "lote_cartorio": "20", "matricula": "131407", "circunscricao": "1º CIRCUNSCRIÇÃO", "zoneamento": "AUM - ÁREA DE USO MISTO", "condominio": null, "area_geom": 200.0, "cnm": "062661.2.0131407-66" }, "geometry": { "type": "Polygon", "coordinates": [ [ [ -54.805094, -22.27536 ], [ -54.805187, -22.275334 ], [ -54.80528, -22.275308 ], [ -54.805308, -22.275394 ], [ -54.805215, -22.27542 ], [ -54.805122, -22.275446 ], [ -54.805094, -22.27536 ] ] ] } },
{ "type": "Feature", "properties": { "id": 104617, "insc_imob": "00.11.36.22.040", "quadra_cartorio": null, "lote_cartorio": "04", "matricula": "130708", "circunscricao": "1º CIRCUNSCRIÇÃO", "zoneamento": "AUM - ÁREA DE USO MISTO", "condominio": null, "area_geom": 200.04, "cnm": "062661.2.0130708-29" }, "geometry": { "type": "Polygon", "coordinates": [ [ [ -54.810531, -22.276473 ], [ -54.810692, -22.276372 ], [ -54.810746, -22.276447 ], [ -54.810586, -22.276548 ], [ -54.810531, -22.276473 ] ] ] } },
{ "type": "Feature", "properties": { "id": 104616, "insc_imob": "00.11.36.22.030", "quadra_cartorio": null, "lote_cartorio": "03", "matricula": "130707", "circunscricao": "1º CIRCUNSCRIÇÃO", "zoneamento": "AUM - ÁREA DE USO MISTO", "condominio": null, "area_geom": 200.04, "cnm": "062661.2.0130707-32" }, "geometry": { "type": "Polygon", "coordinates": [ [ [ -54.810477, -22.276399 ], [ -54.810638, -22.276297 ], [ -54.810692, -22.276372 ], [ -54.810531, -22.276473 ], [ -54.810477, -22.276399 ] ] ] } },
{ "type": "Feature", "properties": { "id": 104619, "insc_imob": "00.11.36.14.100", "quadra_cartorio": null, "lote_cartorio": "01", "matricula": "131456", "circunscricao": "1º CIRCUNSCRIÇÃO", "zoneamento": "AUM - ÁREA DE USO MISTO", "condominio": null, "area_geom": 200.0, "cnm": "062661.2.0131456-16" }, "geometry": { "type": "Polygon", "coordinates": [ [ [ -54.806271, -22.279 ], [ -54.806364, -22.278974 ], [ -54.80642, -22.279146 ], [ -54.806327, -22.279172 ], [ -54.806271, -22.279 ] ] ] } },
{ "type": "Feature", "properties": { "id": 104618, "insc_imob": "00.11.36.22.050", "quadra_cartorio": null, "lote_cartorio": "05", "matricula": "130709", "circunscricao": "1º CIRCUNSCRIÇÃO", "zoneamento": "AUM - ÁREA DE USO MISTO", "condominio": null, "area_geom": 200.04, "cnm": "062661.2.0130709-26" }, "geometry": { "type": "Polygon", "coordinates": [ [ [ -54.810586, -22.276548 ], [ -54.810746, -22.276447 ], [ -54.810801, -22.276521 ], [ -54.81064, -22.276623 ], [ -54.810586, -22.276548 ] ] ] } },
{ "type": "Feature", "properties": { "id": 104621, "insc_imob": "00.11.36.14.010", "quadra_cartorio": null, "lote_cartorio": "10", "matricula": "131465", "circunscricao": "1º CIRCUNSCRIÇÃO", "zoneamento": "AUM - ÁREA DE USO MISTO", "condominio": null, "area_geom": 200.0, "cnm": "062661.2.0131465-86" }, "geometry": { "type": "Polygon", "coordinates": [ [ [ -54.806348, -22.278299 ], [ -54.806441, -22.278273 ], [ -54.806497, -22.278446 ], [ -54.806404, -22.278472 ], [ -54.806348, -22.278299 ] ] ] } },
{ "type": "Feature", "properties": { "id": 104620, "insc_imob": "00.11.36.14.020", "quadra_cartorio": null, "lote_cartorio": "11", "matricula": "131466", "circunscricao": "1º CIRCUNSCRIÇÃO", "zoneamento": "AUM - ÁREA DE USO MISTO", "condominio": null, "area_geom": 200.0, "cnm": "062661.2.0131466-83" }, "geometry": { "type": "Polygon", "coordinates": [ [ [ -54.806256, -22.278325 ], [ -54.806348, -22.278299 ], [ -54.806404, -22.278472 ], [ -54.806312, -22.278498 ], [ -54.806256, -22.278325 ] ] ] } },
{ "type": "Feature", "properties": { "id": 104622, "insc_imob": "00.11.36.14.030", "quadra_cartorio": null, "lote_cartorio": "12", "matricula": "131467", "circunscricao": "1º CIRCUNSCRIÇÃO", "zoneamento": "AUM - ÁREA DE USO MISTO", "condominio": null, "area_geom": 200.0, "cnm": "062661.2.0131467-80" }, "geometry": { "type": "Polygon", "coordinates": [ [ [ -54.806163, -22.278351 ], [ -54.806256, -22.278325 ], [ -54.806312, -22.278498 ], [ -54.806219, -22.278524 ], [ -54.806163, -22.278351 ] ] ] } },
{ "type": "Feature", "properties": { "id": 104609, "insc_imob": "00.11.36.51.050", "quadra_cartorio": null, "lote_cartorio": "05", "matricula": "130836", "circunscricao": "1º CIRCUNSCRIÇÃO", "zoneamento": "AUM - ÁREA DE USO MISTO", "condominio": null, "area_geom": 243.74, "cnm": "062661.2.0130836-33" }, "geometry": { "type": "Polygon", "coordinates": [ [ [ -54.807649, -22.274739 ], [ -54.807741, -22.274713 ], [ -54.807805, -22.274911 ], [ -54.807721, -22.274963 ], [ -54.807649, -22.274739 ] ] ] } },
{ "type": "Feature", "properties": { "id": 104608, "insc_imob": "00.11.36.51.070", "quadra_cartorio": null, "lote_cartorio": "03", "matricula": "130834", "circunscricao": "1º CIRCUNSCRIÇÃO", "zoneamento": "AUM - ÁREA DE USO MISTO", "condominio": null, "area_geom": 303.4, "cnm": "062661.2.0130834-39" }, "geometry": { "type": "Polygon", "coordinates": [ [ [ -54.807463, -22.274791 ], [ -54.807556, -22.274765 ], [ -54.807636, -22.275014 ], [ -54.807552, -22.275066 ], [ -54.807463, -22.274791 ] ] ] } },
{ "type": "Feature", "properties": { "id": 104611, "insc_imob": "00.11.36.51.030", "quadra_cartorio": null, "lote_cartorio": "07", "matricula": "130838", "circunscricao": "1º CIRCUNSCRIÇÃO", "zoneamento": "AUM - ÁREA DE USO MISTO", "condominio": null, "area_geom": 200.86, "cnm": "062661.2.0130838-27" }, "geometry": { "type": "Polygon", "coordinates": [ [ [ -54.807834, -22.274687 ], [ -54.807937, -22.274658 ], [ -54.807983, -22.274802 ], [ -54.80789, -22.274859 ], [ -54.807834, -22.274687 ] ] ] } },
{ "type": "Feature", "properties": { "id": 104610, "insc_imob": "00.11.36.51.040", "quadra_cartorio": null, "lote_cartorio": "06", "matricula": "130837", "circunscricao": "1º CIRCUNSCRIÇÃO", "zoneamento": "AUM - ÁREA DE USO MISTO", "condominio": null, "area_geom": 213.92, "cnm": "062661.2.0130837-30" }, "geometry": { "type": "Polygon", "coordinates": [ [ [ -54.807741, -22.274713 ], [ -54.807834, -22.274687 ], [ -54.80789, -22.274859 ], [ -54.807805, -22.274911 ], [ -54.807741, -22.274713 ] ] ] } },
{ "type": "Feature", "properties": { "id": 104613, "insc_imob": "00.11.36.51.010", "quadra_cartorio": null, "lote_cartorio": "09", "matricula": "130840", "circunscricao": "1º CIRCUNSCRIÇÃO", "zoneamento": "AUM - ÁREA DE USO MISTO", "condominio": null, "area_geom": 259.59, "cnm": "062661.2.0130840-21" }, "geometry": { "type": "Polygon", "coordinates": [ [ [ -54.808067, -22.274622 ], [ -54.808454, -22.274513 ], [ -54.808101, -22.274729 ], [ -54.808067, -22.274622 ] ] ] } },
{ "type": "Feature", "properties": { "id": 104612, "insc_imob": "00.11.36.51.020", "quadra_cartorio": null, "lote_cartorio": "08", "matricula": "130839", "circunscricao": "1º CIRCUNSCRIÇÃO", "zoneamento": "AUM - ÁREA DE USO MISTO", "condominio": null, "area_geom": 203.44, "cnm": "062661.2.0130839-24" }, "geometry": { "type": "Polygon", "coordinates": [ [ [ -54.807937, -22.274658 ], [ -54.808067, -22.274622 ], [ -54.808101, -22.274729 ], [ -54.807983, -22.274802 ], [ -54.807937, -22.274658 ] ] ] } },
{ "type": "Feature", "properties": { "id": 104615, "insc_imob": "00.11.36.51.100", "quadra_cartorio": null, "lote_cartorio": "11", "matricula": "130842", "circunscricao": "1º CIRCUNSCRIÇÃO", "zoneamento": "AUM - ÁREA DE USO MISTO", "condominio": null, "area_geom": 240.0, "cnm": "062661.2.0130842-15" }, "geometry": { "type": "Polygon", "coordinates": [ [ [ -54.80722, -22.27498 ], [ -54.807406, -22.274928 ], [ -54.807439, -22.275032 ], [ -54.807254, -22.275084 ], [ -54.80722, -22.27498 ] ] ] } },
{ "type": "Feature", "properties": { "id": 104614, "insc_imob": "00.11.36.51.110", "quadra_cartorio": null, "lote_cartorio": "01", "matricula": "130832", "circunscricao": "1º CIRCUNSCRIÇÃO", "zoneamento": "AUM - ÁREA DE USO MISTO", "condominio": null, "area_geom": 259.29, "cnm": "062661.2.0130832-45" }, "geometry": { "type": "Polygon", "coordinates": [ [ [ -54.807254, -22.275084 ], [ -54.807439, -22.275032 ], [ -54.807467, -22.275118 ], [ -54.807298, -22.275222 ], [ -54.807254, -22.275084 ] ] ] } },
{ "type": "Feature", "properties": { "id": 104633, "insc_imob": "00.11.36.14.040", "quadra_cartorio": null, "lote_cartorio": "13", "matricula": "131468", "circunscricao": "1º CIRCUNSCRIÇÃO", "zoneamento": "AUM - ÁREA DE USO MISTO", "condominio": null, "area_geom": 200.0, "cnm": "062661.2.0131468-77" }, "geometry": { "type": "Polygon", "coordinates": [ [ [ -54.80607, -22.278377 ], [ -54.806163, -22.278351 ], [ -54.806219, -22.278524 ], [ -54.806126, -22.27855 ], [ -54.80607, -22.278377 ] ] ] } },
{ "type": "Feature", "properties": { "id": 104635, "insc_imob": "00.11.36.14.140", "quadra_cartorio": null, "lote_cartorio": "05", "matricula": "131460", "circunscricao": "1º CIRCUNSCRIÇÃO", "zoneamento": "AUM - ÁREA DE USO MISTO", "condominio": null, "area_geom": 220.04, "cnm": "062661.2.0131460-04" }, "geometry": { "type": "Polygon", "coordinates": [ [ [ -54.806426, -22.278852 ], [ -54.806519, -22.278826 ], [ -54.806612, -22.2788 ], [ -54.806643, -22.278895 ], [ -54.80655, -22.278922 ], [ -54.806457, -22.278948 ], [ -54.806426, -22.278852 ] ] ] } },
{ "type": "Feature", "properties": { "id": 104634, "insc_imob": "00.11.36.14.090", "quadra_cartorio": null, "lote_cartorio": "18", "matricula": "131473", "circunscricao": "1º CIRCUNSCRIÇÃO", "zoneamento": "AUM - ÁREA DE USO MISTO", "condominio": null, "area_geom": 220.04, "cnm": "062661.2.0131473-62" }, "geometry": { "type": "Polygon", "coordinates": [ [ [ -54.80624, -22.278904 ], [ -54.806333, -22.278878 ], [ -54.806426, -22.278852 ], [ -54.806457, -22.278948 ], [ -54.806364, -22.278974 ], [ -54.806271, -22.279 ], [ -54.80624, -22.278904 ] ] ] } },
{ "type": "Feature", "properties": { "id": 104637, "insc_imob": "00.11.36.14.180", "quadra_cartorio": null, "lote_cartorio": "09", "matricula": "131464", "circunscricao": "1º CIRCUNSCRIÇÃO", "zoneamento": "AUM - ÁREA DE USO MISTO", "condominio": null, "area_geom": 220.0, "cnm": "062661.2.0131464-89" }, "geometry": { "type": "Polygon", "coordinates": [ [ [ -54.806404, -22.278472 ], [ -54.806497, -22.278446 ], [ -54.806528, -22.278541 ], [ -54.806342, -22.278593 ], [ -54.806312, -22.278498 ], [ -54.806404, -22.278472 ] ] ] } },
{ "type": "Feature", "properties": { "id": 104636, "insc_imob": "00.11.36.14.050", "quadra_cartorio": null, "lote_cartorio": "14", "matricula": "131469", "circunscricao": "1º CIRCUNSCRIÇÃO", "zoneamento": "AUM - ÁREA DE USO MISTO", "condominio": null, "area_geom": 220.0, "cnm": "062661.2.0131469-74" }, "geometry": { "type": "Polygon", "coordinates": [ [ [ -54.806219, -22.278524 ], [ -54.806312, -22.278498 ], [ -54.806342, -22.278593 ], [ -54.806157, -22.278645 ], [ -54.806126, -22.27855 ], [ -54.806219, -22.278524 ] ] ] } },
{ "type": "Feature", "properties": { "id": 104639, "insc_imob": "00.11.36.14.170", "quadra_cartorio": null, "lote_cartorio": "08", "matricula": "131463", "circunscricao": "1º CIRCUNSCRIÇÃO", "zoneamento": "AUM - ÁREA DE USO MISTO", "condominio": null, "area_geom": 200.0, "cnm": "062661.2.0131463-92" }, "geometry": { "type": "Polygon", "coordinates": [ [ [ -54.806342, -22.278593 ], [ -54.806528, -22.278541 ], [ -54.806556, -22.278627 ], [ -54.80637, -22.278679 ], [ -54.806342, -22.278593 ] ] ] } },
{ "type": "Feature", "properties": { "id": 104638, "insc_imob": "00.11.36.14.060", "quadra_cartorio": null, "lote_cartorio": "15", "matricula": "131470", "circunscricao": "1º CIRCUNSCRIÇÃO", "zoneamento": "AUM - ÁREA DE USO MISTO", "condominio": null, "area_geom": 200.0, "cnm": "062661.2.0131470-71" }, "geometry": { "type": "Polygon", "coordinates": [ [ [ -54.806157, -22.278645 ], [ -54.806342, -22.278593 ], [ -54.80637, -22.278679 ], [ -54.806184, -22.278732 ], [ -54.806157, -22.278645 ] ] ] } },
{ "type": "Feature", "properties": { "id": 104584, "insc_imob": "00.11.36.53.020", "quadra_cartorio": null, "lote_cartorio": "13", "matricula": "131400", "circunscricao": "1º CIRCUNSCRIÇÃO", "zoneamento": "AUM - ÁREA DE USO MISTO", "condominio": null, "area_geom": 285.53, "cnm": "062661.2.0131400-87" }, "geometry": { "type": "Polygon", "coordinates": [ [ [ -54.805092, -22.274729 ], [ -54.805176, -22.274675 ], [ -54.805261, -22.274936 ], [ -54.805168, -22.274962 ], [ -54.805092, -22.274729 ] ] ] } },
{ "type": "Feature", "properties": { "id": 104587, "insc_imob": "00.11.36.55.130", "quadra_cartorio": null, "lote_cartorio": "06", "matricula": "131768", "circunscricao": "1º CIRCUNSCRIÇÃO", "zoneamento": "AUM - ÁREA DE USO MISTO", "condominio": null, "area_geom": 200.0, "cnm": "062661.2.0131768-50" }, "geometry": { "type": "Polygon", "coordinates": [ [ [ -54.803394, -22.276119 ], [ -54.803487, -22.276093 ], [ -54.803543, -22.276266 ], [ -54.80345, -22.276292 ], [ -54.803394, -22.276119 ] ] ] } },
{ "type": "Feature", "properties": { "id": 104586, "insc_imob": "00.11.36.53.010", "quadra_cartorio": null, "lote_cartorio": "12", "matricula": "131399", "circunscricao": "1º CIRCUNSCRIÇÃO", "zoneamento": "AUM - ÁREA DE USO MISTO", "condominio": null, "area_geom": 324.09, "cnm": "062661.2.0131399-90" }, "geometry": { "type": "Polygon", "coordinates": [ [ [ -54.805176, -22.274675 ], [ -54.805197, -22.274662 ], [ -54.805255, -22.274607 ], [ -54.805354, -22.27491 ], [ -54.805261, -22.274936 ], [ -54.805176, -22.274675 ] ] ] } },
{ "type": "Feature", "properties": { "id": 104588, "insc_imob": "00.11.36.55.120", "quadra_cartorio": null, "lote_cartorio": "05", "matricula": "131767", "circunscricao": "1º CIRCUNSCRIÇÃO", "zoneamento": "AUM - ÁREA DE USO MISTO", "condominio": null, "area_geom": 200.0, "cnm": "062661.2.0131767-53" }, "geometry": { "type": "Polygon", "coordinates": [ [ [ -54.803301, -22.276145 ], [ -54.803394, -22.276119 ], [ -54.80345, -22.276292 ], [ -54.803357, -22.276318 ], [ -54.803301, -22.276145 ] ] ] } },
{ "type": "Feature", "properties": { "id": 104590, "insc_imob": "00.11.36.55.110", "quadra_cartorio": null, "lote_cartorio": "04", "matricula": "131766", "circunscricao": "1º CIRCUNSCRIÇÃO", "zoneamento": "AUM - ÁREA DE USO MISTO", "condominio": null, "area_geom": 200.0, "cnm": "062661.2.0131766-56" }, "geometry": { "type": "Polygon", "coordinates": [ [ [ -54.803209, -22.276171 ], [ -54.803234, -22.276164 ], [ -54.803301, -22.276145 ], [ -54.803357, -22.276318 ], [ -54.803264, -22.276344 ], [ -54.803209, -22.276171 ] ] ] } },
{ "type": "Feature", "properties": { "id": 104579, "insc_imob": "00.11.36.53.210", "quadra_cartorio": null, "lote_cartorio": "10", "matricula": "131397", "circunscricao": "1º CIRCUNSCRIÇÃO", "zoneamento": "AUM - ÁREA DE USO MISTO", "condominio": null, "area_geom": 200.0, "cnm": "062661.2.0131397-96" }, "geometry": { "type": "Polygon", "coordinates": [ [ [ -54.805196, -22.275049 ], [ -54.805289, -22.275022 ], [ -54.805382, -22.274996 ], [ -54.805409, -22.275083 ], [ -54.805317, -22.275109 ], [ -54.805224, -22.275135 ], [ -54.805196, -22.275049 ] ] ] } },
{ "type": "Feature", "properties": { "id": 104578, "insc_imob": "00.11.36.53.060", "quadra_cartorio": null, "lote_cartorio": "17", "matricula": "131404", "circunscricao": "1º CIRCUNSCRIÇÃO", "zoneamento": "AUM - ÁREA DE USO MISTO", "condominio": null, "area_geom": 200.0, "cnm": "062661.2.0131404-75" }, "geometry": { "type": "Polygon", "coordinates": [ [ [ -54.80501, -22.275101 ], [ -54.805103, -22.275075 ], [ -54.805196, -22.275049 ], [ -54.805224, -22.275135 ], [ -54.805131, -22.275161 ], [ -54.805038, -22.275187 ], [ -54.80501, -22.275101 ] ] ] } },
{ "type": "Feature", "properties": { "id": 104581, "insc_imob": "00.11.36.53.220", "quadra_cartorio": null, "lote_cartorio": "11", "matricula": "131398", "circunscricao": "1º CIRCUNSCRIÇÃO", "zoneamento": "AUM - ÁREA DE USO MISTO", "condominio": null, "area_geom": 200.0, "cnm": "062661.2.0131398-93" }, "geometry": { "type": "Polygon", "coordinates": [ [ [ -54.805261, -22.274936 ], [ -54.805354, -22.27491 ], [ -54.805382, -22.274996 ], [ -54.805289, -22.275022 ], [ -54.805196, -22.275049 ], [ -54.805168, -22.274962 ], [ -54.805261, -22.274936 ] ] ] } },
{ "type": "Feature", "properties": { "id": 104580, "insc_imob": "00.11.36.53.050", "quadra_cartorio": null, "lote_cartorio": "16", "matricula": "131403", "circunscricao": "1º CIRCUNSCRIÇÃO", "zoneamento": "AUM - ÁREA DE USO MISTO", "condominio": null, "area_geom": 200.0, "cnm": "062661.2.0131403-78" }, "geometry": { "type": "Polygon", "coordinates": [ [ [ -54.805075, -22.274988 ], [ -54.805168, -22.274962 ], [ -54.805196, -22.275049 ], [ -54.805103, -22.275075 ], [ -54.80501, -22.275101 ], [ -54.804982, -22.275014 ], [ -54.805075, -22.274988 ] ] ] } },
{ "type": "Feature", "properties": { "id": 104583, "insc_imob": "00.11.36.53.030", "quadra_cartorio": null, "lote_cartorio": "14", "matricula": "131401", "circunscricao": "1º CIRCUNSCRIÇÃO", "zoneamento": "AUM - ÁREA DE USO MISTO", "condominio": null, "area_geom": 253.51, "cnm": "062661.2.0131401-84" }, "geometry": { "type": "Polygon", "coordinates": [ [ [ -54.805008, -22.274783 ], [ -54.805092, -22.274729 ], [ -54.805168, -22.274962 ], [ -54.805075, -22.274988 ], [ -54.805008, -22.274783 ] ] ] } },
{ "type": "Feature", "properties": { "id": 104601, "insc_imob": "00.11.36.60.010", "quadra_cartorio": null, "lote_cartorio": "06", "matricula": "131073", "circunscricao": "1º CIRCUNSCRIÇÃO", "zoneamento": "AUM - ÁREA DE USO MISTO", "condominio": null, "area_geom": 289.99, "cnm": "062661.2.0131073-98" }, "geometry": { "type": "Polygon", "coordinates": [ [ [ -54.806287, -22.273837 ], [ -54.806613, -22.273935 ], [ -54.806343, -22.27401 ], [ -54.806287, -22.273837 ] ] ] } },
{ "type": "Feature", "properties": { "id": 104600, "insc_imob": "00.11.36.55.030", "quadra_cartorio": null, "lote_cartorio": "14", "matricula": "131776", "circunscricao": "1º CIRCUNSCRIÇÃO", "zoneamento": "AUM - ÁREA DE USO MISTO", "condominio": null, "area_geom": 203.95, "cnm": "062661.2.0131776-26" }, "geometry": { "type": "Polygon", "coordinates": [ [ [ -54.803061, -22.275721 ], [ -54.803185, -22.275687 ], [ -54.803219, -22.275791 ], [ -54.80319, -22.275799 ], [ -54.80303, -22.275844 ], [ -54.803061, -22.275721 ] ] ] } },
{ "type": "Feature", "properties": { "id": 104603, "insc_imob": "00.11.36.60.030", "quadra_cartorio": null, "lote_cartorio": "04", "matricula": "131071", "circunscricao": "1º CIRCUNSCRIÇÃO", "zoneamento": "AUM - ÁREA DE USO MISTO", "condominio": null, "area_geom": 289.98, "cnm": "062661.2.0131071-07" }, "geometry": { "type": "Polygon", "coordinates": [ [ [ -54.806079, -22.27382 ], [ -54.806115, -22.273786 ], [ -54.806175, -22.273804 ], [ -54.80625, -22.274036 ], [ -54.806158, -22.274062 ], [ -54.806079, -22.27382 ] ] ] } },
{ "type": "Feature", "properties": { "id": 104602, "insc_imob": "00.11.36.60.020", "quadra_cartorio": null, "lote_cartorio": "05", "matricula": "131072", "circunscricao": "1º CIRCUNSCRIÇÃO", "zoneamento": "AUM - ÁREA DE USO MISTO", "condominio": null, "area_geom": 234.48, "cnm": "062661.2.0131072-04" }, "geometry": { "type": "Polygon", "coordinates": [ [ [ -54.806175, -22.273804 ], [ -54.806287, -22.273837 ], [ -54.806343, -22.27401 ], [ -54.80625, -22.274036 ], [ -54.806175, -22.273804 ] ] ] } },
{ "type": "Feature", "properties": { "id": 104605, "insc_imob": "00.11.36.60.050", "quadra_cartorio": null, "lote_cartorio": "02", "matricula": "131069", "circunscricao": "1º CIRCUNSCRIÇÃO", "zoneamento": "AUM - ÁREA DE USO MISTO", "condominio": null, "area_geom": 213.7, "cnm": "062661.2.0131069-13" }, "geometry": { "type": "Polygon", "coordinates": [ [ [ -54.805917, -22.273975 ], [ -54.806002, -22.273894 ], [ -54.806065, -22.274088 ], [ -54.805962, -22.274117 ], [ -54.805917, -22.273975 ] ] ] } },
{ "type": "Feature", "properties": { "id": 104604, "insc_imob": "00.11.36.60.040", "quadra_cartorio": null, "lote_cartorio": "03", "matricula": "131070", "circunscricao": "1º CIRCUNSCRIÇÃO", "zoneamento": "AUM - ÁREA DE USO MISTO", "condominio": null, "area_geom": 252.39, "cnm": "062661.2.0131070-10" }, "geometry": { "type": "Polygon", "coordinates": [ [ [ -54.806002, -22.273894 ], [ -54.806079, -22.27382 ], [ -54.806158, -22.274062 ], [ -54.806065, -22.274088 ], [ -54.806002, -22.273894 ] ] ] } },
{ "type": "Feature", "properties": { "id": 104607, "insc_imob": "00.11.36.51.080", "quadra_cartorio": null, "lote_cartorio": "02", "matricula": "130833", "circunscricao": "1º CIRCUNSCRIÇÃO", "zoneamento": "AUM - ÁREA DE USO MISTO", "condominio": null, "area_geom": 333.22, "cnm": "062661.2.0130833-42" }, "geometry": { "type": "Polygon", "coordinates": [ [ [ -54.80737, -22.274817 ], [ -54.807463, -22.274791 ], [ -54.807552, -22.275066 ], [ -54.807467, -22.275118 ], [ -54.807439, -22.275032 ], [ -54.807406, -22.274928 ], [ -54.80737, -22.274817 ] ] ] } },
{ "type": "Feature", "properties": { "id": 104606, "insc_imob": "00.11.36.60.060", "quadra_cartorio": null, "lote_cartorio": "01", "matricula": "131068", "circunscricao": "1º CIRCUNSCRIÇÃO", "zoneamento": "AUM - ÁREA DE USO MISTO", "condominio": null, "area_geom": 242.44, "cnm": "062661.2.0131068-16" }, "geometry": { "type": "Polygon", "coordinates": [ [ [ -54.805917, -22.273975 ], [ -54.805962, -22.274117 ], [ -54.805688, -22.274194 ], [ -54.805917, -22.273975 ] ] ] } },
{ "type": "Feature", "properties": { "id": 104593, "insc_imob": "00.11.36.55.090", "quadra_cartorio": null, "lote_cartorio": "02", "matricula": "131764", "circunscricao": "1º CIRCUNSCRIÇÃO", "zoneamento": "AUM - ÁREA DE USO MISTO", "condominio": null, "area_geom": 200.0, "cnm": "062661.2.0131764-62" }, "geometry": { "type": "Polygon", "coordinates": [ [ [ -54.803023, -22.276223 ], [ -54.803116, -22.276197 ], [ -54.803172, -22.27637 ], [ -54.803079, -22.276396 ], [ -54.803051, -22.27631 ], [ -54.803023, -22.276223 ] ] ] } },
{ "type": "Feature", "properties": { "id": 104592, "insc_imob": "00.11.36.55.100", "quadra_cartorio": null, "lote_cartorio": "03", "matricula": "131765", "circunscricao": "1º CIRCUNSCRIÇÃO", "zoneamento": "AUM - ÁREA DE USO MISTO", "condominio": null, "area_geom": 200.0, "cnm": "062661.2.0131765-59" }, "geometry": { "type": "Polygon", "coordinates": [ [ [ -54.803116, -22.276197 ], [ -54.803209, -22.276171 ], [ -54.803264, -22.276344 ], [ -54.803172, -22.27637 ], [ -54.803116, -22.276197 ] ] ] } },
{ "type": "Feature", "properties": { "id": 104595, "insc_imob": "00.11.36.55.080", "quadra_cartorio": null, "lote_cartorio": "01", "matricula": "131763", "circunscricao": "1º CIRCUNSCRIÇÃO", "zoneamento": "AUM - ÁREA DE USO MISTO", "condominio": null, "area_geom": 321.64, "cnm": "062661.2.0131763-65" }, "geometry": { "type": "Polygon", "coordinates": [ [ [ -54.802927, -22.27625 ], [ -54.803023, -22.276223 ], [ -54.803051, -22.27631 ], [ -54.803079, -22.276396 ], [ -54.802876, -22.276453 ], [ -54.802927, -22.27625 ] ] ] } },
{ "type": "Feature", "properties": { "id": 104597, "insc_imob": "00.11.36.55.150", "quadra_cartorio": null, "lote_cartorio": "08", "matricula": "131770", "circunscricao": "1º CIRCUNSCRIÇÃO", "zoneamento": "AUM - ÁREA DE USO MISTO", "condominio": null, "area_geom": 243.81, "cnm": "062661.2.0131770-44" }, "geometry": { "type": "Polygon", "coordinates": [ [ [ -54.803205, -22.275984 ], [ -54.803232, -22.275976 ], [ -54.803431, -22.27592 ], [ -54.803459, -22.276007 ], [ -54.803233, -22.27607 ], [ -54.803205, -22.275984 ] ] ] } },
{ "type": "Feature", "properties": { "id": 104596, "insc_imob": "00.11.36.55.140", "quadra_cartorio": null, "lote_cartorio": "07", "matricula": "131769", "circunscricao": "1º CIRCUNSCRIÇÃO", "zoneamento": "AUM - ÁREA DE USO MISTO", "condominio": null, "area_geom": 272.67, "cnm": "062661.2.0131769-47" }, "geometry": { "type": "Polygon", "coordinates": [ [ [ -54.803206, -22.276077 ], [ -54.803233, -22.27607 ], [ -54.803459, -22.276007 ], [ -54.803487, -22.276093 ], [ -54.803394, -22.276119 ], [ -54.803301, -22.276145 ], [ -54.803234, -22.276164 ], [ -54.803206, -22.276077 ] ] ] } },
{ "type": "Feature", "properties": { "id": 104598, "insc_imob": "00.11.36.55.160", "quadra_cartorio": null, "lote_cartorio": "09", "matricula": "131771", "circunscricao": "1º CIRCUNSCRIÇÃO", "zoneamento": "AUM - ÁREA DE USO MISTO", "condominio": null, "area_geom": 214.94, "cnm": "062661.2.0131771-41" }, "geometry": { "type": "Polygon", "coordinates": [ [ [ -54.803204, -22.27589 ], [ -54.803218, -22.275886 ], [ -54.803403, -22.275834 ], [ -54.803431, -22.27592 ], [ -54.803232, -22.275976 ], [ -54.803204, -22.27589 ] ] ] } },
{ "type": "Feature", "properties": { "id": 104681, "insc_imob": "00.11.36.33.080", "quadra_cartorio": null, "lote_cartorio": "02", "matricula": "130755", "circunscricao": "1º CIRCUNSCRIÇÃO", "zoneamento": "AUM - ÁREA DE USO MISTO", "condominio": null, "area_geom": 200.0, "cnm": "062661.2.0130755-82" }, "geometry": { "type": "Polygon", "coordinates": [ [ [ -54.80942, -22.276081 ], [ -54.809513, -22.276055 ], [ -54.809541, -22.276141 ], [ -54.809569, -22.276228 ], [ -54.809476, -22.276254 ], [ -54.809448, -22.276167 ], [ -54.80942, -22.276081 ] ] ] } },
{ "type": "Feature", "properties": { "id": 104680, "insc_imob": "00.11.36.33.070", "quadra_cartorio": null, "lote_cartorio": "01", "matricula": "130754", "circunscricao": "1º CIRCUNSCRIÇÃO", "zoneamento": "AUM - ÁREA DE USO MISTO", "condominio": null, "area_geom": 200.0, "cnm": "062661.2.0130754-85" }, "geometry": { "type": "Polygon", "coordinates": [ [ [ -54.809262, -22.276219 ], [ -54.809448, -22.276167 ], [ -54.809476, -22.276254 ], [ -54.80929, -22.276306 ], [ -54.809262, -22.276219 ] ] ] } },
{ "type": "Feature", "properties": { "id": 104683, "insc_imob": "00.11.36.33.100", "quadra_cartorio": null, "lote_cartorio": "04", "matricula": "130757", "circunscricao": "1º CIRCUNSCRIÇÃO", "zoneamento": "AUM - ÁREA DE USO MISTO", "condominio": null, "area_geom": 200.0, "cnm": "062661.2.0130757-76" }, "geometry": { "type": "Polygon", "coordinates": [ [ [ -54.809606, -22.276029 ], [ -54.809699, -22.276003 ], [ -54.809727, -22.276089 ], [ -54.809754, -22.276176 ], [ -54.809662, -22.276202 ], [ -54.809634, -22.276115 ], [ -54.809606, -22.276029 ] ] ] } },
{ "type": "Feature", "properties": { "id": 104682, "insc_imob": "00.11.36.33.090", "quadra_cartorio": null, "lote_cartorio": "03", "matricula": "130756", "circunscricao": "1º CIRCUNSCRIÇÃO", "zoneamento": "AUM - ÁREA DE USO MISTO", "condominio": null, "area_geom": 200.0, "cnm": "062661.2.0130756-79" }, "geometry": { "type": "Polygon", "coordinates": [ [ [ -54.809513, -22.276055 ], [ -54.809606, -22.276029 ], [ -54.809634, -22.276115 ], [ -54.809662, -22.276202 ], [ -54.809569, -22.276228 ], [ -54.809541, -22.276141 ], [ -54.809513, -22.276055 ] ] ] } },
{ "type": "Feature", "properties": { "id": 104687, "insc_imob": "00.11.36.50.110", "quadra_cartorio": null, "lote_cartorio": "09", "matricula": "130733", "circunscricao": "1º CIRCUNSCRIÇÃO", "zoneamento": "AUM - ÁREA DE USO MISTO", "condominio": null, "area_geom": 263.46, "cnm": "062661.2.0130733-51" }, "geometry": { "type": "Polygon", "coordinates": [ [ [ -54.808849, -22.274864 ], [ -54.809079, -22.2748 ], [ -54.809136, -22.274878 ], [ -54.808877, -22.274951 ], [ -54.808849, -22.274864 ] ] ] } },
{ "type": "Feature", "properties": { "id": 104686, "insc_imob": "00.11.36.33.110", "quadra_cartorio": null, "lote_cartorio": "05", "matricula": "130758", "circunscricao": "1º CIRCUNSCRIÇÃO", "zoneamento": "AUM - ÁREA DE USO MISTO", "condominio": null, "area_geom": 275.87, "cnm": "062661.2.0130758-73" }, "geometry": { "type": "Polygon", "coordinates": [ [ [ -54.809968, -22.276021 ], [ -54.810025, -22.2761 ], [ -54.809754, -22.276176 ], [ -54.809727, -22.276089 ], [ -54.809968, -22.276021 ] ] ] } },
{ "type": "Feature", "properties": { "id": 104673, "insc_imob": "00.11.36.34.180", "quadra_cartorio": null, "lote_cartorio": "03", "matricula": "130905", "circunscricao": "1º CIRCUNSCRIÇÃO", "zoneamento": "AUM - ÁREA DE USO MISTO", "condominio": null, "area_geom": 200.0, "cnm": "062661.2.0130905-20" }, "geometry": { "type": "Polygon", "coordinates": [ [ [ -54.808008, -22.276476 ], [ -54.808101, -22.27645 ], [ -54.808129, -22.276537 ], [ -54.808157, -22.276623 ], [ -54.808064, -22.276649 ], [ -54.808036, -22.276563 ], [ -54.808008, -22.276476 ] ] ] } },
{ "type": "Feature", "properties": { "id": 104672, "insc_imob": "00.11.36.34.170", "quadra_cartorio": null, "lote_cartorio": "02", "matricula": "130904", "circunscricao": "1º CIRCUNSCRIÇÃO", "zoneamento": "AUM - ÁREA DE USO MISTO", "condominio": null, "area_geom": 200.0, "cnm": "062661.2.0130904-23" }, "geometry": { "type": "Polygon", "coordinates": [ [ [ -54.807915, -22.276502 ], [ -54.808008, -22.276476 ], [ -54.808036, -22.276563 ], [ -54.808064, -22.276649 ], [ -54.807971, -22.276675 ], [ -54.807943, -22.276589 ], [ -54.807915, -22.276502 ] ] ] } },
{ "type": "Feature", "properties": { "id": 104675, "insc_imob": "00.11.36.34.210", "quadra_cartorio": null, "lote_cartorio": "06", "matricula": "130908", "circunscricao": "1º CIRCUNSCRIÇÃO", "zoneamento": "AUM - ÁREA DE USO MISTO", "condominio": null, "area_geom": 200.0, "cnm": "062661.2.0130908-11" }, "geometry": { "type": "Polygon", "coordinates": [ [ [ -54.808287, -22.276398 ], [ -54.80838, -22.276372 ], [ -54.808407, -22.276459 ], [ -54.808435, -22.276545 ], [ -54.808343, -22.276571 ], [ -54.808315, -22.276485 ], [ -54.808287, -22.276398 ] ] ] } },
{ "type": "Feature", "properties": { "id": 104674, "insc_imob": "00.11.36.34.190", "quadra_cartorio": null, "lote_cartorio": "04", "matricula": "130906", "circunscricao": "1º CIRCUNSCRIÇÃO", "zoneamento": "AUM - ÁREA DE USO MISTO", "condominio": null, "area_geom": 200.0, "cnm": "062661.2.0130906-17" }, "geometry": { "type": "Polygon", "coordinates": [ [ [ -54.808101, -22.27645 ], [ -54.808194, -22.276424 ], [ -54.808222, -22.276511 ], [ -54.80825, -22.276597 ], [ -54.808157, -22.276623 ], [ -54.808129, -22.276537 ], [ -54.808101, -22.27645 ] ] ] } },
{ "type": "Feature", "properties": { "id": 104677, "insc_imob": "00.11.36.34.240", "quadra_cartorio": null, "lote_cartorio": "09", "matricula": "130911", "circunscricao": "1º CIRCUNSCRIÇÃO", "zoneamento": "AUM - ÁREA DE USO MISTO", "condominio": null, "area_geom": 200.0, "cnm": "062661.2.0130911-02" }, "geometry": { "type": "Polygon", "coordinates": [ [ [ -54.808565, -22.27632 ], [ -54.808658, -22.276294 ], [ -54.808686, -22.276381 ], [ -54.808714, -22.276467 ], [ -54.808621, -22.276493 ], [ -54.808593, -22.276407 ], [ -54.808565, -22.27632 ] ] ] } },
{ "type": "Feature", "properties": { "id": 104676, "insc_imob": "00.11.36.34.220", "quadra_cartorio": null, "lote_cartorio": "07", "matricula": "130909", "circunscricao": "1º CIRCUNSCRIÇÃO", "zoneamento": "AUM - ÁREA DE USO MISTO", "condominio": null, "area_geom": 200.0, "cnm": "062661.2.0130909-08" }, "geometry": { "type": "Polygon", "coordinates": [ [ [ -54.80838, -22.276372 ], [ -54.808472, -22.276346 ], [ -54.8085, -22.276433 ], [ -54.808528, -22.276519 ], [ -54.808435, -22.276545 ], [ -54.808407, -22.276459 ], [ -54.80838, -22.276372 ] ] ] } },
{ "type": "Feature", "properties": { "id": 104679, "insc_imob": "00.11.36.34.260", "quadra_cartorio": null, "lote_cartorio": "11", "matricula": "130913", "circunscricao": "1º CIRCUNSCRIÇÃO", "zoneamento": "AUM - ÁREA DE USO MISTO", "condominio": null, "area_geom": 200.0, "cnm": "062661.2.0130913-93" }, "geometry": { "type": "Polygon", "coordinates": [ [ [ -54.808751, -22.276268 ], [ -54.808844, -22.276242 ], [ -54.808872, -22.276329 ], [ -54.8089, -22.276415 ], [ -54.808807, -22.276441 ], [ -54.808779, -22.276355 ], [ -54.808751, -22.276268 ] ] ] } },
{ "type": "Feature", "properties": { "id": 104678, "insc_imob": "00.11.36.34.250", "quadra_cartorio": null, "lote_cartorio": "10", "matricula": "130912", "circunscricao": "1º CIRCUNSCRIÇÃO", "zoneamento": "AUM - ÁREA DE USO MISTO", "condominio": null, "area_geom": 200.0, "cnm": "062661.2.0130912-96" }, "geometry": { "type": "Polygon", "coordinates": [ [ [ -54.808658, -22.276294 ], [ -54.808751, -22.276268 ], [ -54.808779, -22.276355 ], [ -54.808807, -22.276441 ], [ -54.808714, -22.276467 ], [ -54.808686, -22.276381 ], [ -54.808658, -22.276294 ] ] ] } },
{ "type": "Feature", "properties": { "id": 104655, "insc_imob": "00.11.36.16.010", "quadra_cartorio": null, "lote_cartorio": "16", "matricula": "131899", "circunscricao": "1º CIRCUNSCRIÇÃO", "zoneamento": "AUM - ÁREA DE USO MISTO", "condominio": null, "area_geom": 200.0, "cnm": "062661.2.0131899-45" }, "geometry": { "type": "Polygon", "coordinates": [ [ [ -54.804339, -22.279352 ], [ -54.804525, -22.2793 ], [ -54.804553, -22.279387 ], [ -54.804367, -22.279439 ], [ -54.804339, -22.279352 ] ] ] } },
{ "type": "Feature", "properties": { "id": 104688, "insc_imob": "00.11.36.50.120", "quadra_cartorio": null, "lote_cartorio": "10", "matricula": "130734", "circunscricao": "1º CIRCUNSCRIÇÃO", "zoneamento": "AUM - ÁREA DE USO MISTO", "condominio": null, "area_geom": 232.14, "cnm": "062661.2.0130734-48" }, "geometry": { "type": "Polygon", "coordinates": [ [ [ -54.808872, -22.274763 ], [ -54.809022, -22.274721 ], [ -54.809079, -22.2748 ], [ -54.808849, -22.274864 ], [ -54.808821, -22.274778 ], [ -54.808872, -22.274763 ] ] ] } },
{ "type": "Feature", "properties": { "id": 104649, "insc_imob": "00.11.36.16.160", "quadra_cartorio": null, "lote_cartorio": "01", "matricula": "131884", "circunscricao": "1º CIRCUNSCRIÇÃO", "zoneamento": "ZEIA - ZONA ESPECIAL DE INTERESSE AMBIENTAL", "condominio": null, "area_geom": 200.0, "cnm": "062661.2.0131884-90" }, "geometry": { "type": "Polygon", "coordinates": [ [ [ -54.803401, -22.279898 ], [ -54.803429, -22.279985 ], [ -54.803243, -22.280037 ], [ -54.803215, -22.27995 ], [ -54.803401, -22.279898 ] ] ] } },
{ "type": "Feature", "properties": { "id": 104648, "insc_imob": "00.11.36.25.020", "quadra_cartorio": null, "lote_cartorio": "17", "matricula": "131299", "circunscricao": "1º CIRCUNSCRIÇÃO", "zoneamento": "AUM - ÁREA DE USO MISTO", "condominio": null, "area_geom": 200.0, "cnm": "062661.2.0131299-02" }, "geometry": { "type": "Polygon", "coordinates": [ [ [ -54.807596, -22.277459 ], [ -54.807689, -22.277433 ], [ -54.807717, -22.27752 ], [ -54.807745, -22.277606 ], [ -54.807652, -22.277632 ], [ -54.807624, -22.277546 ], [ -54.807596, -22.277459 ] ] ] } },
{ "type": "Feature", "properties": { "id": 104651, "insc_imob": "00.11.36.16.140", "quadra_cartorio": null, "lote_cartorio": "29", "matricula": "131912", "circunscricao": "1º CIRCUNSCRIÇÃO", "zoneamento": "ZEIA - ZONA ESPECIAL DE INTERESSE AMBIENTAL", "condominio": null, "area_geom": 200.0, "cnm": "062661.2.0131912-06" }, "geometry": { "type": "Polygon", "coordinates": [ [ [ -54.803159, -22.279777 ], [ -54.803345, -22.279725 ], [ -54.803373, -22.279812 ], [ -54.803187, -22.279864 ], [ -54.803159, -22.279777 ] ] ] } },
{ "type": "Feature", "properties": { "id": 104650, "insc_imob": "00.11.36.16.150", "quadra_cartorio": null, "lote_cartorio": "30", "matricula": "131913", "circunscricao": "1º CIRCUNSCRIÇÃO", "zoneamento": "ZEIA - ZONA ESPECIAL DE INTERESSE AMBIENTAL", "condominio": null, "area_geom": 200.0, "cnm": "062661.2.0131913-03" }, "geometry": { "type": "Polygon", "coordinates": [ [ [ -54.803187, -22.279864 ], [ -54.803373, -22.279812 ], [ -54.803401, -22.279898 ], [ -54.803215, -22.27995 ], [ -54.803187, -22.279864 ] ] ] } },
{ "type": "Feature", "properties": { "id": 104653, "insc_imob": "00.11.36.16.280", "quadra_cartorio": null, "lote_cartorio": "13", "matricula": "131896", "circunscricao": "1º CIRCUNSCRIÇÃO", "zoneamento": "AUM - ÁREA DE USO MISTO", "condominio": null, "area_geom": 200.0, "cnm": "062661.2.0131896-54" }, "geometry": { "type": "Polygon", "coordinates": [ [ [ -54.804423, -22.279612 ], [ -54.804609, -22.27956 ], [ -54.804636, -22.279646 ], [ -54.804451, -22.279698 ], [ -54.804423, -22.279612 ] ] ] } },
{ "type": "Feature", "properties": { "id": 104652, "insc_imob": "00.11.36.16.130", "quadra_cartorio": null, "lote_cartorio": "28", "matricula": "131911", "circunscricao": "1º CIRCUNSCRIÇÃO", "zoneamento": "ZEIA - ZONA ESPECIAL DE INTERESSE AMBIENTAL", "condominio": null, "area_geom": 200.0, "cnm": "062661.2.0131911-09" }, "geometry": { "type": "Polygon", "coordinates": [ [ [ -54.803131, -22.279691 ], [ -54.803317, -22.279639 ], [ -54.803345, -22.279725 ], [ -54.803159, -22.279777 ], [ -54.803131, -22.279691 ] ] ] } },
{ "type": "Feature", "properties": { "id": 104654, "insc_imob": "00.11.36.16.290", "quadra_cartorio": null, "lote_cartorio": "14", "matricula": "131897", "circunscricao": "1º CIRCUNSCRIÇÃO", "zoneamento": "AUM - ÁREA DE USO MISTO", "condominio": null, "area_geom": 200.0, "cnm": "062661.2.0131897-51" }, "geometry": { "type": "Polygon", "coordinates": [ [ [ -54.804395, -22.279525 ], [ -54.804581, -22.279473 ], [ -54.804609, -22.27956 ], [ -54.804423, -22.279612 ], [ -54.804395, -22.279525 ] ] ] } },
{ "type": "Feature", "properties": { "id": 104641, "insc_imob": "00.11.36.32.050", "quadra_cartorio": null, "lote_cartorio": "05", "matricula": "130700", "circunscricao": "1º CIRCUNSCRIÇÃO", "zoneamento": "AUM - ÁREA DE USO MISTO", "condominio": null, "area_geom": 200.04, "cnm": "062661.2.0130700-53" }, "geometry": { "type": "Polygon", "coordinates": [ [ [ -54.809947, -22.275671 ], [ -54.810108, -22.27557 ], [ -54.810162, -22.275644 ], [ -54.810002, -22.275746 ], [ -54.809947, -22.275671 ] ] ] } },
{ "type": "Feature", "properties": { "id": 104643, "insc_imob": "00.11.36.25.040", "quadra_cartorio": null, "lote_cartorio": "19", "matricula": "131301", "circunscricao": "1º CIRCUNSCRIÇÃO", "zoneamento": "AUM - ÁREA DE USO MISTO", "condominio": null, "area_geom": 200.0, "cnm": "062661.2.0131301-93" }, "geometry": { "type": "Polygon", "coordinates": [ [ [ -54.807439, -22.277598 ], [ -54.807411, -22.277511 ], [ -54.807504, -22.277485 ], [ -54.807532, -22.277572 ], [ -54.807559, -22.277658 ], [ -54.807467, -22.277684 ], [ -54.807439, -22.277598 ] ] ] } },
{ "type": "Feature", "properties": { "id": 104642, "insc_imob": "00.11.36.25.250", "quadra_cartorio": null, "lote_cartorio": "10", "matricula": "131292", "circunscricao": "1º CIRCUNSCRIÇÃO", "zoneamento": "AUM - ÁREA DE USO MISTO", "condominio": null, "area_geom": 200.0, "cnm": "062661.2.0131292-23" }, "geometry": { "type": "Polygon", "coordinates": [ [ [ -54.807467, -22.277684 ], [ -54.807559, -22.277658 ], [ -54.807587, -22.277744 ], [ -54.807615, -22.277831 ], [ -54.807523, -22.277857 ], [ -54.807495, -22.277771 ], [ -54.807467, -22.277684 ] ] ] } },
{ "type": "Feature", "properties": { "id": 104644, "insc_imob": "00.11.36.25.260", "quadra_cartorio": null, "lote_cartorio": "11", "matricula": "131293", "circunscricao": "1º CIRCUNSCRIÇÃO", "zoneamento": "AUM - ÁREA DE USO MISTO", "condominio": null, "area_geom": 200.0, "cnm": "062661.2.0131293-20" }, "geometry": { "type": "Polygon", "coordinates": [ [ [ -54.807559, -22.277658 ], [ -54.807652, -22.277632 ], [ -54.80768, -22.277718 ], [ -54.807708, -22.277805 ], [ -54.807615, -22.277831 ], [ -54.807587, -22.277744 ], [ -54.807559, -22.277658 ] ] ] } },
{ "type": "Feature", "properties": { "id": 104647, "insc_imob": "00.11.36.25.270", "quadra_cartorio": null, "lote_cartorio": "12", "matricula": "131294", "circunscricao": "1º CIRCUNSCRIÇÃO", "zoneamento": "AUM - ÁREA DE USO MISTO", "condominio": null, "area_geom": 200.0, "cnm": "062661.2.0131294-17" }, "geometry": { "type": "Polygon", "coordinates": [ [ [ -54.807652, -22.277632 ], [ -54.807745, -22.277606 ], [ -54.807773, -22.277692 ], [ -54.807801, -22.277779 ], [ -54.807708, -22.277805 ], [ -54.80768, -22.277718 ], [ -54.807652, -22.277632 ] ] ] } },
{ "type": "Feature", "properties": { "id": 104646, "insc_imob": "00.11.36.25.030", "quadra_cartorio": null, "lote_cartorio": "18", "matricula": "131300", "circunscricao": "1º CIRCUNSCRIÇÃO", "zoneamento": "AUM - ÁREA DE USO MISTO", "condominio": null, "area_geom": 200.0, "cnm": "062661.2.0131300-96" }, "geometry": { "type": "Polygon", "coordinates": [ [ [ -54.807504, -22.277485 ], [ -54.807596, -22.277459 ], [ -54.807624, -22.277546 ], [ -54.807652, -22.277632 ], [ -54.807559, -22.277658 ], [ -54.807532, -22.277572 ], [ -54.807504, -22.277485 ] ] ] } },
{ "type": "Feature", "properties": { "id": 104665, "insc_imob": "00.11.36.04.070", "quadra_cartorio": null, "lote_cartorio": "01", "matricula": "130824", "circunscricao": "1º CIRCUNSCRIÇÃO", "zoneamento": "AUM - ÁREA DE USO MISTO", "condominio": null, "area_geom": 198.75, "cnm": "062661.2.0130824-69" }, "geometry": { "type": "Polygon", "coordinates": [ [ [ -54.810006, -22.278518 ], [ -54.80995, -22.278347 ], [ -54.810043, -22.278321 ], [ -54.810099, -22.278493 ], [ -54.810006, -22.278518 ] ] ] } },
{ "type": "Feature", "properties": { "id": 104664, "insc_imob": "00.11.36.04.060", "quadra_cartorio": null, "lote_cartorio": "02", "matricula": "130825", "circunscricao": "1º CIRCUNSCRIÇÃO", "zoneamento": "AUM - ÁREA DE USO MISTO", "condominio": null, "area_geom": 198.9, "cnm": "062661.2.0130825-66" }, "geometry": { "type": "Polygon", "coordinates": [ [ [ -54.810043, -22.278321 ], [ -54.810136, -22.278295 ], [ -54.810192, -22.278467 ], [ -54.810099, -22.278493 ], [ -54.810043, -22.278321 ] ] ] } },
{ "type": "Feature", "properties": { "id": 104667, "insc_imob": "00.11.36.23.010", "quadra_cartorio": null, "lote_cartorio": "AREA INST.", "matricula": "131929", "circunscricao": "1º CIRCUNSCRIÇÃO", "zoneamento": "AUM - ÁREA DE USO MISTO", "condominio": null, "area_geom": 9178.82, "cnm": "062661.2.0131929-52" }, "geometry": { "type": "Polygon", "coordinates": [ [ [ -54.810664, -22.276977 ], [ -54.809603, -22.277274 ], [ -54.809346, -22.276479 ], [ -54.810139, -22.276256 ], [ -54.810664, -22.276977 ] ] ] } },
{ "type": "Feature", "properties": { "id": 104669, "insc_imob": "00.11.36.34.160", "quadra_cartorio": null, "lote_cartorio": "01", "matricula": "130903", "circunscricao": "1º CIRCUNSCRIÇÃO", "zoneamento": "AUM - ÁREA DE USO MISTO", "condominio": null, "area_geom": 200.0, "cnm": "062661.2.0130903-26" }, "geometry": { "type": "Polygon", "coordinates": [ [ [ -54.807757, -22.276641 ], [ -54.807943, -22.276589 ], [ -54.807971, -22.276675 ], [ -54.807785, -22.276727 ], [ -54.807757, -22.276641 ] ] ] } },
{ "type": "Feature", "properties": { "id": 104668, "insc_imob": "00.11.36.28.010", "quadra_cartorio": null, "lote_cartorio": "AREA INST.", "matricula": "131855", "circunscricao": "1º CIRCUNSCRIÇÃO", "zoneamento": "AUM - ÁREA DE USO MISTO", "condominio": null, "area_geom": 11435.94, "cnm": "062661.2.0131855-80" }, "geometry": { "type": "Polygon", "coordinates": [ [ [ -54.804346, -22.278747 ], [ -54.803117, -22.279091 ], [ -54.803146, -22.278605 ], [ -54.802809, -22.27831 ], [ -54.804088, -22.277952 ], [ -54.804346, -22.278747 ] ] ] } },
{ "type": "Feature", "properties": { "id": 104671, "insc_imob": "00.11.36.34.280", "quadra_cartorio": null, "lote_cartorio": "13", "matricula": "130915", "circunscricao": "1º CIRCUNSCRIÇÃO", "zoneamento": "AUM - ÁREA DE USO MISTO", "condominio": null, "area_geom": 200.0, "cnm": "062661.2.0130915-87" }, "geometry": { "type": "Polygon", "coordinates": [ [ [ -54.808965, -22.276302 ], [ -54.809151, -22.27625 ], [ -54.809179, -22.276337 ], [ -54.808993, -22.276389 ], [ -54.808965, -22.276302 ] ] ] } },
{ "type": "Feature", "properties": { "id": 104657, "insc_imob": "00.11.36.16.120", "quadra_cartorio": null, "lote_cartorio": "27", "matricula": "131910", "circunscricao": "1º CIRCUNSCRIÇÃO", "zoneamento": "ZEIA - ZONA ESPECIAL DE INTERESSE AMBIENTAL", "condominio": null, "area_geom": 200.0, "cnm": "062661.2.0131910-12" }, "geometry": { "type": "Polygon", "coordinates": [ [ [ -54.803317, -22.279639 ], [ -54.80341, -22.279613 ], [ -54.803438, -22.279699 ], [ -54.803466, -22.279786 ], [ -54.803373, -22.279812 ], [ -54.803345, -22.279725 ], [ -54.803317, -22.279639 ] ] ] } },
{ "type": "Feature", "properties": { "id": 104656, "insc_imob": "00.11.36.16.170", "quadra_cartorio": null, "lote_cartorio": "02", "matricula": "131885", "circunscricao": "1º CIRCUNSCRIÇÃO", "zoneamento": "ZEIA - ZONA ESPECIAL DE INTERESSE AMBIENTAL", "condominio": null, "area_geom": 200.0, "cnm": "062661.2.0131885-87" }, "geometry": { "type": "Polygon", "coordinates": [ [ [ -54.803373, -22.279812 ], [ -54.803466, -22.279786 ], [ -54.803494, -22.279872 ], [ -54.803522, -22.279958 ], [ -54.803429, -22.279985 ], [ -54.803401, -22.279898 ], [ -54.803373, -22.279812 ] ] ] } },
{ "type": "Feature", "properties": { "id": 104659, "insc_imob": "00.11.36.16.110", "quadra_cartorio": null, "lote_cartorio": "26", "matricula": "131909", "circunscricao": "1º CIRCUNSCRIÇÃO", "zoneamento": "AUM - ÁREA DE USO MISTO", "condominio": null, "area_geom": 200.0, "cnm": "062661.2.0131909-15" }, "geometry": { "type": "Polygon", "coordinates": [ [ [ -54.80341, -22.279613 ], [ -54.803503, -22.279587 ], [ -54.803531, -22.279673 ], [ -54.803559, -22.27976 ], [ -54.803466, -22.279786 ], [ -54.803438, -22.279699 ], [ -54.80341, -22.279613 ] ] ] } },
{ "type": "Feature", "properties": { "id": 104658, "insc_imob": "00.11.36.16.180", "quadra_cartorio": null, "lote_cartorio": "03", "matricula": "131886", "circunscricao": "1º CIRCUNSCRIÇÃO", "zoneamento": "AUM - ÁREA DE USO MISTO", "condominio": null, "area_geom": 200.0, "cnm": "062661.2.0131886-84" }, "geometry": { "type": "Polygon", "coordinates": [ [ [ -54.803466, -22.279786 ], [ -54.803559, -22.27976 ], [ -54.803587, -22.279846 ], [ -54.803615, -22.279932 ], [ -54.803522, -22.279958 ], [ -54.803494, -22.279872 ], [ -54.803466, -22.279786 ] ] ] } },
{ "type": "Feature", "properties": { "id": 104661, "insc_imob": "00.11.36.16.200", "quadra_cartorio": null, "lote_cartorio": "05", "matricula": "131888", "circunscricao": "1º CIRCUNSCRIÇÃO", "zoneamento": "AUM - ÁREA DE USO MISTO", "condominio": null, "area_geom": 200.0, "cnm": "062661.2.0131888-78" }, "geometry": { "type": "Polygon", "coordinates": [ [ [ -54.803652, -22.279734 ], [ -54.803745, -22.279707 ], [ -54.803772, -22.279794 ], [ -54.8038, -22.27988 ], [ -54.803708, -22.279906 ], [ -54.80368, -22.27982 ], [ -54.803652, -22.279734 ] ] ] } },
{ "type": "Feature", "properties": { "id": 104660, "insc_imob": "00.11.36.16.190", "quadra_cartorio": null, "lote_cartorio": "04", "matricula": "131887", "circunscricao": "1º CIRCUNSCRIÇÃO", "zoneamento": "AUM - ÁREA DE USO MISTO", "condominio": null, "area_geom": 200.0, "cnm": "062661.2.0131887-81" }, "geometry": { "type": "Polygon", "coordinates": [ [ [ -54.803559, -22.27976 ], [ -54.803652, -22.279734 ], [ -54.80368, -22.27982 ], [ -54.803708, -22.279906 ], [ -54.803615, -22.279932 ], [ -54.803587, -22.279846 ], [ -54.803559, -22.27976 ] ] ] } },
{ "type": "Feature", "properties": { "id": 104663, "insc_imob": "00.11.36.04.040", "quadra_cartorio": null, "lote_cartorio": "04", "matricula": "130827", "circunscricao": "1º CIRCUNSCRIÇÃO", "zoneamento": "AUM - ÁREA DE USO MISTO", "condominio": null, "area_geom": 199.06, "cnm": "062661.2.0130827-60" }, "geometry": { "type": "Polygon", "coordinates": [ [ [ -54.810229, -22.278269 ], [ -54.810322, -22.278242 ], [ -54.810378, -22.278415 ], [ -54.810285, -22.278441 ], [ -54.810229, -22.278269 ] ] ] } },
{ "type": "Feature", "properties": { "id": 104662, "insc_imob": "00.11.36.16.210", "quadra_cartorio": null, "lote_cartorio": "06", "matricula": "131889", "circunscricao": "1º CIRCUNSCRIÇÃO", "zoneamento": "AUM - ÁREA DE USO MISTO", "condominio": null, "area_geom": 200.0, "cnm": "062661.2.0131889-75" }, "geometry": { "type": "Polygon", "coordinates": [ [ [ -54.803745, -22.279707 ], [ -54.803837, -22.279681 ], [ -54.803865, -22.279768 ], [ -54.803893, -22.279854 ], [ -54.8038, -22.27988 ], [ -54.803772, -22.279794 ], [ -54.803745, -22.279707 ] ] ] } },
{ "type": "Feature", "properties": { "id": 105191, "insc_imob": "00.11.36.51.090", "quadra_cartorio": null, "lote_cartorio": "10", "matricula": "130841", "circunscricao": "1º CIRCUNSCRIÇÃO", "zoneamento": "AUM - ÁREA DE USO MISTO", "condominio": null, "area_geom": 256.63, "cnm": "062661.2.0130841-18" }, "geometry": { "type": "Polygon", "coordinates": [ [ [ -54.807184, -22.274869 ], [ -54.80737, -22.274817 ], [ -54.807406, -22.274928 ], [ -54.80722, -22.27498 ], [ -54.807184, -22.274869 ] ] ] } },
{ "type": "Feature", "properties": { "id": 105190, "insc_imob": "00.11.36.18.040", "quadra_cartorio": null, "lote_cartorio": "19", "matricula": "131011", "circunscricao": "1º CIRCUNSCRIÇÃO", "zoneamento": "AUM - ÁREA DE USO MISTO", "condominio": null, "area_geom": 200.0, "cnm": "062661.2.0131011-90" }, "geometry": { "type": "Polygon", "coordinates": [ [ [ -54.809089, -22.277625 ], [ -54.809061, -22.277539 ], [ -54.809154, -22.277513 ], [ -54.809182, -22.277599 ], [ -54.80921, -22.277686 ], [ -54.809117, -22.277712 ], [ -54.809089, -22.277625 ] ] ] } },
{ "type": "Feature", "properties": { "id": 5184, "insc_imob": "00.11.36.15.240", "quadra_cartorio": null, "lote_cartorio": "09", "matricula": "131726", "circunscricao": "1º CIRCUNSCRIÇÃO", "zoneamento": "AUM - ÁREA DE USO MISTO", "condominio": null, "area_geom": 200.0, "cnm": "062661.2.0131726-79" }, "geometry": { "type": "Polygon", "coordinates": [ [ [ -54.805528, -22.279208 ], [ -54.805621, -22.279182 ], [ -54.805649, -22.279268 ], [ -54.805677, -22.279355 ], [ -54.805584, -22.279381 ], [ -54.805556, -22.279294 ], [ -54.805528, -22.279208 ] ] ] } },
{ "type": "Feature", "properties": { "id": 105705, "insc_imob": "00.11.36.15.160", "quadra_cartorio": null, "lote_cartorio": "01", "matricula": "131718", "circunscricao": "1º CIRCUNSCRIÇÃO", "zoneamento": "AUM - ÁREA DE USO MISTO", "condominio": null, "area_geom": 200.0, "cnm": "062661.2.0131718-06" }, "geometry": { "type": "Polygon", "coordinates": [ [ [ -54.80472, -22.279528 ], [ -54.804906, -22.279476 ], [ -54.804934, -22.279563 ], [ -54.804748, -22.279615 ], [ -54.80472, -22.279528 ] ] ] } },
{ "type": "Feature", "properties": { "id": 105704, "insc_imob": "00.11.36.30.010", "quadra_cartorio": null, "lote_cartorio": "16", "matricula": "131268", "circunscricao": "1º CIRCUNSCRIÇÃO", "zoneamento": "AUM - ÁREA DE USO MISTO", "condominio": null, "area_geom": 200.0, "cnm": "062661.2.0131268-95" }, "geometry": { "type": "Polygon", "coordinates": [ [ [ -54.807544, -22.276984 ], [ -54.80773, -22.276931 ], [ -54.807758, -22.277018 ], [ -54.807572, -22.27707 ], [ -54.807544, -22.276984 ] ] ] } },
{ "type": "Feature", "properties": { "id": 105715, "insc_imob": "00.11.32.21.014", "quadra_cartorio": null, "lote_cartorio": "S", "matricula": "141198", "circunscricao": "1º CIRCUNSCRIÇÃO", "zoneamento": "AUM - ÁREA DE USO MISTO", "condominio": null, "area_geom": 379.61, "cnm": "062661.2.0141198-84" }, "geometry": { "type": "Polygon", "coordinates": [ [ [ -54.778475, -22.272602 ], [ -54.778462, -22.272782 ], [ -54.778274, -22.272828 ], [ -54.778288, -22.272647 ], [ -54.778475, -22.272602 ] ] ] } },
{ "type": "Feature", "properties": { "id": 106153, "insc_imob": "00.11.36.57.090", "quadra_cartorio": null, "lote_cartorio": "24", "matricula": "131126", "circunscricao": "1º CIRCUNSCRIÇÃO", "zoneamento": "AUM - ÁREA DE USO MISTO", "condominio": null, "area_geom": 200.0, "cnm": "062661.2.0131126-36" }, "geometry": { "type": "Polygon", "coordinates": [ [ [ -54.805998, -22.274711 ], [ -54.806091, -22.274685 ], [ -54.806119, -22.274771 ], [ -54.806147, -22.274857 ], [ -54.806054, -22.274883 ], [ -54.806026, -22.274797 ], [ -54.805998, -22.274711 ] ] ] } },
{ "type": "Feature", "properties": { "id": 106148, "insc_imob": "00.11.36.51.060", "quadra_cartorio": null, "lote_cartorio": "04", "matricula": "130835", "circunscricao": "1º CIRCUNSCRIÇÃO", "zoneamento": "AUM - ÁREA DE USO MISTO", "condominio": null, "area_geom": 273.57, "cnm": "062661.2.0130835-36" }, "geometry": { "type": "Polygon", "coordinates": [ [ [ -54.807556, -22.274765 ], [ -54.807649, -22.274739 ], [ -54.807721, -22.274963 ], [ -54.807636, -22.275014 ], [ -54.807556, -22.274765 ] ] ] } },
{ "type": "Feature", "properties": { "id": 102422, "insc_imob": "00.11.36.14.160", "quadra_cartorio": null, "lote_cartorio": "07", "matricula": "131462", "circunscricao": "1º CIRCUNSCRIÇÃO", "zoneamento": "AUM - ÁREA DE USO MISTO", "condominio": null, "area_geom": 200.0, "cnm": "062661.2.0131462-95" }, "geometry": { "type": "Polygon", "coordinates": [ [ [ -54.80637, -22.278679 ], [ -54.806556, -22.278627 ], [ -54.806584, -22.278714 ], [ -54.806398, -22.278766 ], [ -54.80637, -22.278679 ] ] ] } },
{ "type": "Feature", "properties": { "id": 102963, "insc_imob": "00.11.36.12.240", "quadra_cartorio": null, "lote_cartorio": "09", "matricula": "131031", "circunscricao": "1º CIRCUNSCRIÇÃO", "zoneamento": "AUM - ÁREA DE USO MISTO", "condominio": null, "area_geom": 200.0, "cnm": "062661.2.0131031-30" }, "geometry": { "type": "Polygon", "coordinates": [ [ [ -54.809169, -22.278188 ], [ -54.809262, -22.278162 ], [ -54.80929, -22.278248 ], [ -54.809318, -22.278334 ], [ -54.809225, -22.27836 ], [ -54.809197, -22.278274 ], [ -54.809169, -22.278188 ] ] ] } },
{ "type": "Feature", "properties": { "id": 102964, "insc_imob": "00.11.36.40.030", "quadra_cartorio": null, "lote_cartorio": "18", "matricula": "130890", "circunscricao": "1º CIRCUNSCRIÇÃO", "zoneamento": "AUM - ÁREA DE USO MISTO", "condominio": null, "area_geom": 200.0, "cnm": "062661.2.0130890-65" }, "geometry": { "type": "Polygon", "coordinates": [ [ [ -54.80855, -22.275646 ], [ -54.808643, -22.27562 ], [ -54.808671, -22.275706 ], [ -54.808699, -22.275793 ], [ -54.808606, -22.275819 ], [ -54.808578, -22.275732 ], [ -54.80855, -22.275646 ] ] ] } },
{ "type": "Feature", "properties": { "id": 100645, "insc_imob": "00.11.36.48.140", "quadra_cartorio": null, "lote_cartorio": "29", "matricula": "131566", "circunscricao": "1º CIRCUNSCRIÇÃO", "zoneamento": "AUM - ÁREA DE USO MISTO", "condominio": null, "area_geom": 200.0, "cnm": "062661.2.0131566-74" }, "geometry": { "type": "Polygon", "coordinates": [ [ [ -54.803769, -22.276589 ], [ -54.803955, -22.276537 ], [ -54.803983, -22.276623 ], [ -54.803797, -22.276676 ], [ -54.803769, -22.276589 ] ] ] } },
{ "type": "Feature", "properties": { "id": 100833, "insc_imob": "00.11.36.16.240", "quadra_cartorio": null, "lote_cartorio": "09", "matricula": "131892", "circunscricao": "1º CIRCUNSCRIÇÃO", "zoneamento": "AUM - ÁREA DE USO MISTO", "condominio": null, "area_geom": 200.0, "cnm": "062661.2.0131892-66" }, "geometry": { "type": "Polygon", "coordinates": [ [ [ -54.804023, -22.279629 ], [ -54.804116, -22.279603 ], [ -54.804144, -22.27969 ], [ -54.804172, -22.279776 ], [ -54.804079, -22.279802 ], [ -54.804051, -22.279716 ], [ -54.804023, -22.279629 ] ] ] } },
{ "type": "Feature", "properties": { "id": 100832, "insc_imob": "00.11.36.48.160", "quadra_cartorio": null, "lote_cartorio": "01", "matricula": "131538", "circunscricao": "1º CIRCUNSCRIÇÃO", "zoneamento": "AUM - ÁREA DE USO MISTO", "condominio": null, "area_geom": 200.0, "cnm": "062661.2.0131538-61" }, "geometry": { "type": "Polygon", "coordinates": [ [ [ -54.804011, -22.27671 ], [ -54.804039, -22.276796 ], [ -54.803853, -22.276848 ], [ -54.803825, -22.276762 ], [ -54.804011, -22.27671 ] ] ] } },
{ "type": "Feature", "properties": { "id": 100831, "insc_imob": "00.11.36.49.070", "quadra_cartorio": null, "lote_cartorio": "17", "matricula": "131797", "circunscricao": "1º CIRCUNSCRIÇÃO", "zoneamento": "AUM - ÁREA DE USO MISTO", "condominio": null, "area_geom": 226.4, "cnm": "062661.2.0131797-60" }, "geometry": { "type": "Polygon", "coordinates": [ [ [ -54.802796, -22.276767 ], [ -54.80298, -22.276716 ], [ -54.803008, -22.276802 ], [ -54.80277, -22.276869 ], [ -54.802796, -22.276767 ] ] ] } },
{ "type": "Feature", "properties": { "id": 101537, "insc_imob": "00.11.36.43.160", "quadra_cartorio": null, "lote_cartorio": "04", "matricula": "131803", "circunscricao": "1º CIRCUNSCRIÇÃO", "zoneamento": "AUM - ÁREA DE USO MISTO", "condominio": null, "area_geom": 200.0, "cnm": "062661.2.0131803-42" }, "geometry": { "type": "Polygon", "coordinates": [ [ [ -54.802995, -22.277391 ], [ -54.803088, -22.277365 ], [ -54.803144, -22.277537 ], [ -54.803051, -22.277563 ], [ -54.802995, -22.277391 ] ] ] } },
{ "type": "Feature", "properties": { "id": 101536, "insc_imob": "00.11.36.37.220", "quadra_cartorio": null, "lote_cartorio": "07", "matricula": "131604", "circunscricao": "1º CIRCUNSCRIÇÃO", "zoneamento": "AUM - ÁREA DE USO MISTO", "condominio": null, "area_geom": 200.0, "cnm": "062661.2.0131604-57" }, "geometry": { "type": "Polygon", "coordinates": [ [ [ -54.804738, -22.277392 ], [ -54.804831, -22.277366 ], [ -54.804859, -22.277453 ], [ -54.804887, -22.277539 ], [ -54.804794, -22.277565 ], [ -54.804766, -22.277479 ], [ -54.804738, -22.277392 ] ] ] } },
{ "type": "Feature", "properties": { "id": 101538, "insc_imob": "00.11.36.29.300", "quadra_cartorio": null, "lote_cartorio": "15", "matricula": "130947", "circunscricao": "1º CIRCUNSCRIÇÃO", "zoneamento": "AUM - ÁREA DE USO MISTO", "condominio": null, "area_geom": 200.0, "cnm": "062661.2.0130947-88" }, "geometry": { "type": "Polygon", "coordinates": [ [ [ -54.809077, -22.276648 ], [ -54.809262, -22.276596 ], [ -54.80929, -22.276683 ], [ -54.809105, -22.276735 ], [ -54.809077, -22.276648 ] ] ] } },
{ "type": "Feature", "properties": { "id": 101541, "insc_imob": "00.11.36.52.230", "quadra_cartorio": null, "lote_cartorio": "08", "matricula": "131140", "circunscricao": "1º CIRCUNSCRIÇÃO", "zoneamento": "AUM - ÁREA DE USO MISTO", "condominio": null, "area_geom": 200.0, "cnm": "062661.2.0131140-91" }, "geometry": { "type": "Polygon", "coordinates": [ [ [ -54.806478, -22.275255 ], [ -54.806571, -22.275229 ], [ -54.806599, -22.275315 ], [ -54.806627, -22.275402 ], [ -54.806534, -22.275428 ], [ -54.806506, -22.275341 ], [ -54.806478, -22.275255 ] ] ] } },
{ "type": "Feature", "properties": { "id": 101529, "insc_imob": "00.11.36.12.100", "quadra_cartorio": null, "lote_cartorio": "25", "matricula": "131047", "circunscricao": "1º CIRCUNSCRIÇÃO", "zoneamento": "AUM - ÁREA DE USO MISTO", "condominio": null, "area_geom": 200.0, "cnm": "062661.2.0131047-79" }, "geometry": { "type": "Polygon", "coordinates": [ [ [ -54.808677, -22.278231 ], [ -54.808649, -22.278145 ], [ -54.808742, -22.278119 ], [ -54.80877, -22.278205 ], [ -54.808798, -22.278292 ], [ -54.808705, -22.278318 ], [ -54.808677, -22.278231 ] ] ] } },
{ "type": "Feature", "properties": { "id": 101535, "insc_imob": "00.11.36.30.280", "quadra_cartorio": null, "lote_cartorio": "13", "matricula": "131265", "circunscricao": "1º CIRCUNSCRIÇÃO", "zoneamento": "AUM - ÁREA DE USO MISTO", "condominio": null, "area_geom": 200.0, "cnm": "062661.2.0131265-07" }, "geometry": { "type": "Polygon", "coordinates": [ [ [ -54.807628, -22.277243 ], [ -54.807814, -22.277191 ], [ -54.807842, -22.277277 ], [ -54.807656, -22.277329 ], [ -54.807628, -22.277243 ] ] ] } },
{ "type": "Feature", "properties": { "id": 98601, "insc_imob": "00.11.36.26.100", "quadra_cartorio": null, "lote_cartorio": "01", "matricula": "131438", "circunscricao": "1º CIRCUNSCRIÇÃO", "zoneamento": "AUM - ÁREA DE USO MISTO", "condominio": null, "area_geom": 200.0, "cnm": "062661.2.0131438-70" }, "geometry": { "type": "Polygon", "coordinates": [ [ [ -54.80598, -22.278101 ], [ -54.806073, -22.278074 ], [ -54.806129, -22.278247 ], [ -54.806036, -22.278273 ], [ -54.80598, -22.278101 ] ] ] } },
{ "type": "Feature", "properties": { "id": 98600, "insc_imob": "00.11.36.26.110", "quadra_cartorio": null, "lote_cartorio": "02", "matricula": "131439", "circunscricao": "1º CIRCUNSCRIÇÃO", "zoneamento": "AUM - ÁREA DE USO MISTO", "condominio": null, "area_geom": 200.0, "cnm": "062661.2.0131439-67" }, "geometry": { "type": "Polygon", "coordinates": [ [ [ -54.806073, -22.278074 ], [ -54.806166, -22.278048 ], [ -54.806222, -22.278221 ], [ -54.806129, -22.278247 ], [ -54.806073, -22.278074 ] ] ] } },
{ "type": "Feature", "properties": { "id": 98603, "insc_imob": "00.11.36.26.040", "quadra_cartorio": null, "lote_cartorio": "13", "matricula": "131450", "circunscricao": "1º CIRCUNSCRIÇÃO", "zoneamento": "AUM - ÁREA DE USO MISTO", "condominio": null, "area_geom": 200.0, "cnm": "062661.2.0131450-34" }, "geometry": { "type": "Polygon", "coordinates": [ [ [ -54.805779, -22.277478 ], [ -54.805872, -22.277452 ], [ -54.805928, -22.277625 ], [ -54.805835, -22.277651 ], [ -54.805779, -22.277478 ] ] ] } },
{ "type": "Feature", "properties": { "id": 98602, "insc_imob": "00.11.36.26.020", "quadra_cartorio": null, "lote_cartorio": "11", "matricula": "131448", "circunscricao": "1º CIRCUNSCRIÇÃO", "zoneamento": "AUM - ÁREA DE USO MISTO", "condominio": null, "area_geom": 200.0, "cnm": "062661.2.0131448-40" }, "geometry": { "type": "Polygon", "coordinates": [ [ [ -54.805965, -22.277426 ], [ -54.806058, -22.2774 ], [ -54.806114, -22.277573 ], [ -54.806021, -22.277599 ], [ -54.805965, -22.277426 ] ] ] } },
{ "type": "Feature", "properties": { "id": 98605, "insc_imob": "00.11.36.26.180", "quadra_cartorio": null, "lote_cartorio": "09", "matricula": "131446", "circunscricao": "1º CIRCUNSCRIÇÃO", "zoneamento": "AUM - ÁREA DE USO MISTO", "condominio": null, "area_geom": 220.0, "cnm": "062661.2.0131446-46" }, "geometry": { "type": "Polygon", "coordinates": [ [ [ -54.806114, -22.277573 ], [ -54.806206, -22.277547 ], [ -54.806237, -22.277642 ], [ -54.806051, -22.277694 ], [ -54.806021, -22.277599 ], [ -54.806114, -22.277573 ] ] ] } },
{ "type": "Feature", "properties": { "id": 98604, "insc_imob": "00.11.36.26.090", "quadra_cartorio": null, "lote_cartorio": "18", "matricula": "131455", "circunscricao": "1º CIRCUNSCRIÇÃO", "zoneamento": "AUM - ÁREA DE USO MISTO", "condominio": null, "area_geom": 220.04, "cnm": "062661.2.0131455-19" }, "geometry": { "type": "Polygon", "coordinates": [ [ [ -54.80595, -22.278005 ], [ -54.806042, -22.277979 ], [ -54.806135, -22.277953 ], [ -54.806166, -22.278048 ], [ -54.806073, -22.278074 ], [ -54.80598, -22.278101 ], [ -54.80595, -22.278005 ] ] ] } },
{ "type": "Feature", "properties": { "id": 98607, "insc_imob": "00.11.36.26.170", "quadra_cartorio": null, "lote_cartorio": "08", "matricula": "131445", "circunscricao": "1º CIRCUNSCRIÇÃO", "zoneamento": "AUM - ÁREA DE USO MISTO", "condominio": null, "area_geom": 200.0, "cnm": "062661.2.0131445-49" }, "geometry": { "type": "Polygon", "coordinates": [ [ [ -54.806051, -22.277694 ], [ -54.806237, -22.277642 ], [ -54.806265, -22.277728 ], [ -54.806079, -22.27778 ], [ -54.806051, -22.277694 ] ] ] } },
{ "type": "Feature", "properties": { "id": 98606, "insc_imob": "00.11.36.26.060", "quadra_cartorio": null, "lote_cartorio": "15", "matricula": "131452", "circunscricao": "1º CIRCUNSCRIÇÃO", "zoneamento": "AUM - ÁREA DE USO MISTO", "condominio": null, "area_geom": 200.0, "cnm": "062661.2.0131452-28" }, "geometry": { "type": "Polygon", "coordinates": [ [ [ -54.805866, -22.277746 ], [ -54.806051, -22.277694 ], [ -54.806079, -22.27778 ], [ -54.805894, -22.277832 ], [ -54.805866, -22.277746 ] ] ] } },
{ "type": "Feature", "properties": { "id": 98597, "insc_imob": "00.11.36.59.140", "quadra_cartorio": null, "lote_cartorio": "29", "matricula": "131102", "circunscricao": "1º CIRCUNSCRIÇÃO", "zoneamento": "AUM - ÁREA DE USO MISTO", "condominio": null, "area_geom": 221.33, "cnm": "062661.2.0131102-11" }, "geometry": { "type": "Polygon", "coordinates": [ [ [ -54.805438, -22.274546 ], [ -54.805624, -22.274494 ], [ -54.80563, -22.274512 ], [ -54.805655, -22.274589 ], [ -54.805469, -22.274641 ], [ -54.805438, -22.274546 ] ] ] } },
{ "type": "Feature", "properties": { "id": 98596, "insc_imob": "00.11.36.59.150", "quadra_cartorio": null, "lote_cartorio": "01", "matricula": "131074", "circunscricao": "1º CIRCUNSCRIÇÃO", "zoneamento": "AUM - ÁREA DE USO MISTO", "condominio": null, "area_geom": 221.32, "cnm": "062661.2.0131074-95" }, "geometry": { "type": "Polygon", "coordinates": [ [ [ -54.805655, -22.274589 ], [ -54.805686, -22.274685 ], [ -54.8055, -22.274737 ], [ -54.805469, -22.274641 ], [ -54.805655, -22.274589 ] ] ] } },
{ "type": "Feature", "properties": { "id": 98599, "insc_imob": "00.11.36.26.120", "quadra_cartorio": null, "lote_cartorio": "03", "matricula": "131440", "circunscricao": "1º CIRCUNSCRIÇÃO", "zoneamento": "AUM - ÁREA DE USO MISTO", "condominio": null, "area_geom": 200.0, "cnm": "062661.2.0131440-64" }, "geometry": { "type": "Polygon", "coordinates": [ [ [ -54.806166, -22.278048 ], [ -54.806259, -22.278022 ], [ -54.806315, -22.278195 ], [ -54.806222, -22.278221 ], [ -54.806166, -22.278048 ] ] ] } },
{ "type": "Feature", "properties": { "id": 98598, "insc_imob": "00.11.36.26.130", "quadra_cartorio": null, "lote_cartorio": "04", "matricula": "131441", "circunscricao": "1º CIRCUNSCRIÇÃO", "zoneamento": "AUM - ÁREA DE USO MISTO", "condominio": null, "area_geom": 200.0, "cnm": "062661.2.0131441-61" }, "geometry": { "type": "Polygon", "coordinates": [ [ [ -54.806259, -22.278022 ], [ -54.806352, -22.277996 ], [ -54.806408, -22.278169 ], [ -54.806315, -22.278195 ], [ -54.806259, -22.278022 ] ] ] } },
{ "type": "Feature", "properties": { "id": 98569, "insc_imob": "00.11.36.46.100", "quadra_cartorio": null, "lote_cartorio": "25", "matricula": "130867", "circunscricao": "1º CIRCUNSCRIÇÃO", "zoneamento": "AUM - ÁREA DE USO MISTO", "condominio": null, "area_geom": 200.0, "cnm": "062661.2.0130867-37" }, "geometry": { "type": "Polygon", "coordinates": [ [ [ -54.807754, -22.275378 ], [ -54.807847, -22.275352 ], [ -54.807875, -22.275439 ], [ -54.807903, -22.275525 ], [ -54.80781, -22.275551 ], [ -54.807782, -22.275465 ], [ -54.807754, -22.275378 ] ] ] } },
{ "type": "Feature", "properties": { "id": 98568, "insc_imob": "00.11.36.46.190", "quadra_cartorio": null, "lote_cartorio": "04", "matricula": "130846", "circunscricao": "1º CIRCUNSCRIÇÃO", "zoneamento": "AUM - ÁREA DE USO MISTO", "condominio": null, "area_geom": 200.0, "cnm": "062661.2.0130846-03" }, "geometry": { "type": "Polygon", "coordinates": [ [ [ -54.80781, -22.275551 ], [ -54.807903, -22.275525 ], [ -54.807931, -22.275612 ], [ -54.807959, -22.275698 ], [ -54.807866, -22.275724 ], [ -54.807838, -22.275638 ], [ -54.80781, -22.275551 ] ] ] } },
{ "type": "Feature", "properties": { "id": 98570, "insc_imob": "00.11.36.46.200", "quadra_cartorio": null, "lote_cartorio": "05", "matricula": "130847", "circunscricao": "1º CIRCUNSCRIÇÃO", "zoneamento": "AUM - ÁREA DE USO MISTO", "condominio": null, "area_geom": 200.0, "cnm": "062661.2.0130847-97" }, "geometry": { "type": "Polygon", "coordinates": [ [ [ -54.807903, -22.275525 ], [ -54.807996, -22.275499 ], [ -54.808024, -22.275586 ], [ -54.808052, -22.275672 ], [ -54.807959, -22.275698 ], [ -54.807931, -22.275612 ], [ -54.807903, -22.275525 ] ] ] } },
{ "type": "Feature", "properties": { "id": 98572, "insc_imob": "00.11.36.52.290", "quadra_cartorio": null, "lote_cartorio": "14", "matricula": "131146", "circunscricao": "1º CIRCUNSCRIÇÃO", "zoneamento": "AUM - ÁREA DE USO MISTO", "condominio": null, "area_geom": 200.0, "cnm": "062661.2.0131146-73" }, "geometry": { "type": "Polygon", "coordinates": [ [ [ -54.806943, -22.275125 ], [ -54.807128, -22.275073 ], [ -54.807156, -22.275159 ], [ -54.806971, -22.275211 ], [ -54.806943, -22.275125 ] ] ] } },
{ "type": "Feature", "properties": { "id": 98575, "insc_imob": "00.11.36.41.260", "quadra_cartorio": null, "lote_cartorio": "11", "matricula": "131203", "circunscricao": "1º CIRCUNSCRIÇÃO", "zoneamento": "AUM - ÁREA DE USO MISTO", "condominio": null, "area_geom": 200.0, "cnm": "062661.2.0131203-96" }, "geometry": { "type": "Polygon", "coordinates": [ [ [ -54.807101, -22.27624 ], [ -54.807194, -22.276214 ], [ -54.807222, -22.276301 ], [ -54.80725, -22.276387 ], [ -54.807157, -22.276413 ], [ -54.807129, -22.276327 ], [ -54.807101, -22.27624 ] ] ] } },
{ "type": "Feature", "properties": { "id": 98574, "insc_imob": "00.11.36.41.040", "quadra_cartorio": null, "lote_cartorio": "19", "matricula": "131211", "circunscricao": "1º CIRCUNSCRIÇÃO", "zoneamento": "AUM - ÁREA DE USO MISTO", "condominio": null, "area_geom": 200.0, "cnm": "062661.2.0131211-72" }, "geometry": { "type": "Polygon", "coordinates": [ [ [ -54.80698, -22.27618 ], [ -54.806952, -22.276093 ], [ -54.807045, -22.276067 ], [ -54.807073, -22.276154 ], [ -54.807101, -22.27624 ], [ -54.807008, -22.276266 ], [ -54.80698, -22.27618 ] ] ] } },
{ "type": "Feature", "properties": { "id": 98561, "insc_imob": "00.11.36.40.070", "quadra_cartorio": null, "lote_cartorio": "22", "matricula": "130894", "circunscricao": "1º CIRCUNSCRIÇÃO", "zoneamento": "AUM - ÁREA DE USO MISTO", "condominio": null, "area_geom": 200.0, "cnm": "062661.2.0130894-53" }, "geometry": { "type": "Polygon", "coordinates": [ [ [ -54.808178, -22.27575 ], [ -54.808271, -22.275724 ], [ -54.808299, -22.27581 ], [ -54.808327, -22.275897 ], [ -54.808234, -22.275923 ], [ -54.808206, -22.275836 ], [ -54.808178, -22.27575 ] ] ] } },
{ "type": "Feature", "properties": { "id": 98560, "insc_imob": "00.11.36.40.220", "quadra_cartorio": null, "lote_cartorio": "07", "matricula": "130879", "circunscricao": "1º CIRCUNSCRIÇÃO", "zoneamento": "AUM - ÁREA DE USO MISTO", "condominio": null, "area_geom": 200.0, "cnm": "062661.2.0130879-98" }, "geometry": { "type": "Polygon", "coordinates": [ [ [ -54.808234, -22.275923 ], [ -54.808327, -22.275897 ], [ -54.808355, -22.275983 ], [ -54.808383, -22.27607 ], [ -54.80829, -22.276096 ], [ -54.808262, -22.276009 ], [ -54.808234, -22.275923 ] ] ] } },
{ "type": "Feature", "properties": { "id": 98563, "insc_imob": "00.11.36.40.060", "quadra_cartorio": null, "lote_cartorio": "21", "matricula": "130893", "circunscricao": "1º CIRCUNSCRIÇÃO", "zoneamento": "AUM - ÁREA DE USO MISTO", "condominio": null, "area_geom": 200.0, "cnm": "062661.2.0130893-56" }, "geometry": { "type": "Polygon", "coordinates": [ [ [ -54.808271, -22.275724 ], [ -54.808364, -22.275698 ], [ -54.808392, -22.275784 ], [ -54.80842, -22.275871 ], [ -54.808327, -22.275897 ], [ -54.808299, -22.27581 ], [ -54.808271, -22.275724 ] ] ] } },
{ "type": "Feature", "properties": { "id": 98562, "insc_imob": "00.11.36.40.230", "quadra_cartorio": null, "lote_cartorio": "08", "matricula": "130880", "circunscricao": "1º CIRCUNSCRIÇÃO", "zoneamento": "AUM - ÁREA DE USO MISTO", "condominio": null, "area_geom": 200.0, "cnm": "062661.2.0130880-95" }, "geometry": { "type": "Polygon", "coordinates": [ [ [ -54.808327, -22.275897 ], [ -54.80842, -22.275871 ], [ -54.808448, -22.275957 ], [ -54.808476, -22.276044 ], [ -54.808383, -22.27607 ], [ -54.808355, -22.275983 ], [ -54.808327, -22.275897 ] ] ] } },
{ "type": "Feature", "properties": { "id": 98565, "insc_imob": "00.11.36.40.250", "quadra_cartorio": null, "lote_cartorio": "10", "matricula": "130882", "circunscricao": "1º CIRCUNSCRIÇÃO", "zoneamento": "AUM - ÁREA DE USO MISTO", "condominio": null, "area_geom": 200.0, "cnm": "062661.2.0130882-89" }, "geometry": { "type": "Polygon", "coordinates": [ [ [ -54.808513, -22.275845 ], [ -54.808606, -22.275819 ], [ -54.808634, -22.275905 ], [ -54.808662, -22.275991 ], [ -54.808569, -22.276017 ], [ -54.808541, -22.275931 ], [ -54.808513, -22.275845 ] ] ] } },
{ "type": "Feature", "properties": { "id": 98564, "insc_imob": "00.11.36.40.240", "quadra_cartorio": null, "lote_cartorio": "09", "matricula": "130881", "circunscricao": "1º CIRCUNSCRIÇÃO", "zoneamento": "AUM - ÁREA DE USO MISTO", "condominio": null, "area_geom": 200.0, "cnm": "062661.2.0130881-92" }, "geometry": { "type": "Polygon", "coordinates": [ [ [ -54.80842, -22.275871 ], [ -54.808513, -22.275845 ], [ -54.808541, -22.275931 ], [ -54.808569, -22.276017 ], [ -54.808476, -22.276044 ], [ -54.808448, -22.275957 ], [ -54.80842, -22.275871 ] ] ] } },
{ "type": "Feature", "properties": { "id": 98566, "insc_imob": "00.11.36.40.040", "quadra_cartorio": null, "lote_cartorio": "19", "matricula": "130891", "circunscricao": "1º CIRCUNSCRIÇÃO", "zoneamento": "AUM - ÁREA DE USO MISTO", "condominio": null, "area_geom": 200.0, "cnm": "062661.2.0130891-62" }, "geometry": { "type": "Polygon", "coordinates": [ [ [ -54.808485, -22.275758 ], [ -54.808457, -22.275672 ], [ -54.80855, -22.275646 ], [ -54.808578, -22.275732 ], [ -54.808606, -22.275819 ], [ -54.808513, -22.275845 ], [ -54.808485, -22.275758 ] ] ] } },
{ "type": "Feature", "properties": { "id": 98577, "insc_imob": "00.11.36.59.070", "quadra_cartorio": null, "lote_cartorio": "22", "matricula": "131095", "circunscricao": "1º CIRCUNSCRIÇÃO", "zoneamento": "AUM - ÁREA DE USO MISTO", "condominio": null, "area_geom": 200.0, "cnm": "062661.2.0131095-32" }, "geometry": { "type": "Polygon", "coordinates": [ [ [ -54.806067, -22.274295 ], [ -54.806039, -22.274209 ], [ -54.806131, -22.274183 ], [ -54.806187, -22.274356 ], [ -54.806094, -22.274382 ], [ -54.806067, -22.274295 ] ] ] } },
{ "type": "Feature", "properties": { "id": 98576, "insc_imob": "00.11.36.59.210", "quadra_cartorio": null, "lote_cartorio": "07", "matricula": "131080", "circunscricao": "1º CIRCUNSCRIÇÃO", "zoneamento": "AUM - ÁREA DE USO MISTO", "condominio": null, "area_geom": 200.0, "cnm": "062661.2.0131080-77" }, "geometry": { "type": "Polygon", "coordinates": [ [ [ -54.806094, -22.274382 ], [ -54.806187, -22.274356 ], [ -54.806243, -22.274529 ], [ -54.80615, -22.274555 ], [ -54.806122, -22.274468 ], [ -54.806094, -22.274382 ] ] ] } },
{ "type": "Feature", "properties": { "id": 98579, "insc_imob": "00.11.36.59.090", "quadra_cartorio": null, "lote_cartorio": "24", "matricula": "131097", "circunscricao": "1º CIRCUNSCRIÇÃO", "zoneamento": "AUM - ÁREA DE USO MISTO", "condominio": null, "area_geom": 200.0, "cnm": "062661.2.0131097-26" }, "geometry": { "type": "Polygon", "coordinates": [ [ [ -54.805881, -22.274347 ], [ -54.805853, -22.274261 ], [ -54.805946, -22.274235 ], [ -54.806002, -22.274408 ], [ -54.805909, -22.274434 ], [ -54.805881, -22.274347 ] ] ] } },
{ "type": "Feature", "properties": { "id": 98578, "insc_imob": "00.11.36.59.180", "quadra_cartorio": null, "lote_cartorio": "04", "matricula": "131077", "circunscricao": "1º CIRCUNSCRIÇÃO", "zoneamento": "AUM - ÁREA DE USO MISTO", "condominio": null, "area_geom": 200.0, "cnm": "062661.2.0131077-86" }, "geometry": { "type": "Polygon", "coordinates": [ [ [ -54.805816, -22.27446 ], [ -54.805909, -22.274434 ], [ -54.805937, -22.27452 ], [ -54.805965, -22.274607 ], [ -54.805872, -22.274633 ], [ -54.805816, -22.27446 ] ] ] } },
{ "type": "Feature", "properties": { "id": 98581, "insc_imob": "00.11.36.59.120", "quadra_cartorio": null, "lote_cartorio": "27", "matricula": "131100", "circunscricao": "1º CIRCUNSCRIÇÃO", "zoneamento": "AUM - ÁREA DE USO MISTO", "condominio": null, "area_geom": 200.0, "cnm": "062661.2.0131100-17" }, "geometry": { "type": "Polygon", "coordinates": [ [ [ -54.805574, -22.274339 ], [ -54.805667, -22.274313 ], [ -54.805695, -22.274399 ], [ -54.805723, -22.274486 ], [ -54.80563, -22.274512 ], [ -54.805624, -22.274494 ], [ -54.805602, -22.274426 ], [ -54.805574, -22.274339 ] ] ] } },
{ "type": "Feature", "properties": { "id": 98580, "insc_imob": "00.11.36.59.160", "quadra_cartorio": null, "lote_cartorio": "02", "matricula": "131075", "circunscricao": "1º CIRCUNSCRIÇÃO", "zoneamento": "AUM - ÁREA DE USO MISTO", "condominio": null, "area_geom": 200.0, "cnm": "062661.2.0131075-92" }, "geometry": { "type": "Polygon", "coordinates": [ [ [ -54.80563, -22.274512 ], [ -54.805723, -22.274486 ], [ -54.805751, -22.274572 ], [ -54.805779, -22.274659 ], [ -54.805686, -22.274685 ], [ -54.805655, -22.274589 ], [ -54.80563, -22.274512 ] ] ] } },
{ "type": "Feature", "properties": { "id": 98583, "insc_imob": "00.11.36.59.110", "quadra_cartorio": null, "lote_cartorio": "26", "matricula": "131099", "circunscricao": "1º CIRCUNSCRIÇÃO", "zoneamento": "AUM - ÁREA DE USO MISTO", "condominio": null, "area_geom": 200.0, "cnm": "062661.2.0131099-20" }, "geometry": { "type": "Polygon", "coordinates": [ [ [ -54.805695, -22.274399 ], [ -54.805667, -22.274313 ], [ -54.80576, -22.274287 ], [ -54.805816, -22.27446 ], [ -54.805723, -22.274486 ], [ -54.805695, -22.274399 ] ] ] } },
{ "type": "Feature", "properties": { "id": 98582, "insc_imob": "00.11.36.59.170", "quadra_cartorio": null, "lote_cartorio": "03", "matricula": "131076", "circunscricao": "1º CIRCUNSCRIÇÃO", "zoneamento": "AUM - ÁREA DE USO MISTO", "condominio": null, "area_geom": 200.0, "cnm": "062661.2.0131076-89" }, "geometry": { "type": "Polygon", "coordinates": [ [ [ -54.805723, -22.274486 ], [ -54.805816, -22.27446 ], [ -54.805872, -22.274633 ], [ -54.805779, -22.274659 ], [ -54.805751, -22.274572 ], [ -54.805723, -22.274486 ] ] ] } },
{ "type": "Feature", "properties": { "id": 98665, "insc_imob": "00.11.36.44.060", "quadra_cartorio": null, "lote_cartorio": "06", "matricula": "130691", "circunscricao": "1º CIRCUNSCRIÇÃO", "zoneamento": "AUM - ÁREA DE USO MISTO", "condominio": null, "area_geom": 200.01, "cnm": "062661.2.0130691-80" }, "geometry": { "type": "Polygon", "coordinates": [ [ [ -54.809355, -22.274857 ], [ -54.809516, -22.274756 ], [ -54.80957, -22.274831 ], [ -54.80941, -22.274932 ], [ -54.809355, -22.274857 ] ] ] } },
{ "type": "Feature", "properties": { "id": 98667, "insc_imob": "00.11.36.62.030", "quadra_cartorio": null, "lote_cartorio": "11", "matricula": "130672", "circunscricao": "1º CIRCUNSCRIÇÃO", "zoneamento": "AUM - ÁREA DE USO MISTO", "condominio": null, "area_geom": 199.9, "cnm": "062661.2.0130672-40" }, "geometry": { "type": "Polygon", "coordinates": [ [ [ -54.8073, -22.273952 ], [ -54.807359, -22.27378 ], [ -54.807452, -22.273807 ], [ -54.807392, -22.273979 ], [ -54.8073, -22.273952 ] ] ] } },
{ "type": "Feature", "properties": { "id": 98666, "insc_imob": "00.11.36.62.040", "quadra_cartorio": null, "lote_cartorio": "10", "matricula": "130671", "circunscricao": "1º CIRCUNSCRIÇÃO", "zoneamento": "AUM - ÁREA DE USO MISTO", "condominio": null, "area_geom": 199.9, "cnm": "062661.2.0130671-43" }, "geometry": { "type": "Polygon", "coordinates": [ [ [ -54.807208, -22.273924 ], [ -54.807267, -22.273752 ], [ -54.807359, -22.27378 ], [ -54.8073, -22.273952 ], [ -54.807208, -22.273924 ] ] ] } },
{ "type": "Feature", "properties": { "id": 98676, "insc_imob": "00.11.36.10.070", "quadra_cartorio": null, "lote_cartorio": "07", "matricula": "130720", "circunscricao": "1º CIRCUNSCRIÇÃO", "zoneamento": "AUM - ÁREA DE USO MISTO", "condominio": null, "area_geom": 200.0, "cnm": "062661.2.0130720-90" }, "geometry": { "type": "Polygon", "coordinates": [ [ [ -54.811288, -22.277512 ], [ -54.811448, -22.277411 ], [ -54.811503, -22.277485 ], [ -54.811342, -22.277587 ], [ -54.811288, -22.277512 ] ] ] } },
{ "type": "Feature", "properties": { "id": 98680, "insc_imob": "00.11.36.32.020", "quadra_cartorio": null, "lote_cartorio": "02", "matricula": "130697", "circunscricao": "1º CIRCUNSCRIÇÃO", "zoneamento": "AUM - ÁREA DE USO MISTO", "condominio": null, "area_geom": 200.04, "cnm": "062661.2.0130697-62" }, "geometry": { "type": "Polygon", "coordinates": [ [ [ -54.809784, -22.275447 ], [ -54.809945, -22.275345 ], [ -54.809999, -22.27542 ], [ -54.809838, -22.275521 ], [ -54.809784, -22.275447 ] ] ] } },
{ "type": "Feature", "properties": { "id": 98673, "insc_imob": "00.11.36.10.040", "quadra_cartorio": null, "lote_cartorio": "04", "matricula": "130717", "circunscricao": "1º CIRCUNSCRIÇÃO", "zoneamento": "AUM - ÁREA DE USO MISTO", "condominio": null, "area_geom": 200.27, "cnm": "062661.2.0130717-02" }, "geometry": { "type": "Polygon", "coordinates": [ [ [ -54.811124, -22.277288 ], [ -54.811285, -22.277186 ], [ -54.811339, -22.277261 ], [ -54.811179, -22.277363 ], [ -54.811124, -22.277288 ] ] ] } },
{ "type": "Feature", "properties": { "id": 98672, "insc_imob": "00.11.36.10.020", "quadra_cartorio": null, "lote_cartorio": "02", "matricula": "130715", "circunscricao": "1º CIRCUNSCRIÇÃO", "zoneamento": "AUM - ÁREA DE USO MISTO", "condominio": null, "area_geom": 200.02, "cnm": "062661.2.0130715-08" }, "geometry": { "type": "Polygon", "coordinates": [ [ [ -54.811016, -22.277138 ], [ -54.811176, -22.277037 ], [ -54.811231, -22.277112 ], [ -54.81107, -22.277213 ], [ -54.811016, -22.277138 ] ] ] } },
{ "type": "Feature", "properties": { "id": 98675, "insc_imob": "00.11.36.10.060", "quadra_cartorio": null, "lote_cartorio": "06", "matricula": "130719", "circunscricao": "1º CIRCUNSCRIÇÃO", "zoneamento": "AUM - ÁREA DE USO MISTO", "condominio": null, "area_geom": 199.76, "cnm": "062661.2.0130719-93" }, "geometry": { "type": "Polygon", "coordinates": [ [ [ -54.811233, -22.277437 ], [ -54.811394, -22.277336 ], [ -54.811448, -22.277411 ], [ -54.811288, -22.277512 ], [ -54.811233, -22.277437 ] ] ] } },
{ "type": "Feature", "properties": { "id": 98674, "insc_imob": "00.11.36.10.050", "quadra_cartorio": null, "lote_cartorio": "05", "matricula": "130718", "circunscricao": "1º CIRCUNSCRIÇÃO", "zoneamento": "AUM - ÁREA DE USO MISTO", "condominio": null, "area_geom": 200.02, "cnm": "062661.2.0130718-96" }, "geometry": { "type": "Polygon", "coordinates": [ [ [ -54.811179, -22.277363 ], [ -54.811339, -22.277261 ], [ -54.811394, -22.277336 ], [ -54.811233, -22.277437 ], [ -54.811179, -22.277363 ] ] ] } },
{ "type": "Feature", "properties": { "id": 98677, "insc_imob": "00.11.36.10.080", "quadra_cartorio": null, "lote_cartorio": "08", "matricula": "130721", "circunscricao": "1º CIRCUNSCRIÇÃO", "zoneamento": "AUM - ÁREA DE USO MISTO", "condominio": null, "area_geom": 200.0, "cnm": "062661.2.0130721-87" }, "geometry": { "type": "Polygon", "coordinates": [ [ [ -54.811342, -22.277587 ], [ -54.811503, -22.277485 ], [ -54.811557, -22.27756 ], [ -54.811396, -22.277661 ], [ -54.811342, -22.277587 ] ] ] } },
{ "type": "Feature", "properties": { "id": 98679, "insc_imob": "00.11.36.32.010", "quadra_cartorio": null, "lote_cartorio": "01", "matricula": "130696", "circunscricao": "1º CIRCUNSCRIÇÃO", "zoneamento": "AUM - ÁREA DE USO MISTO", "condominio": null, "area_geom": 262.56, "cnm": "062661.2.0130696-65" }, "geometry": { "type": "Polygon", "coordinates": [ [ [ -54.809696, -22.275325 ], [ -54.80989, -22.275271 ], [ -54.809945, -22.275345 ], [ -54.809784, -22.275447 ], [ -54.809696, -22.275325 ] ] ] } },
{ "type": "Feature", "properties": { "id": 98678, "insc_imob": "00.11.36.10.090", "quadra_cartorio": null, "lote_cartorio": "09", "matricula": "130722", "circunscricao": "1º CIRCUNSCRIÇÃO", "zoneamento": "AUM - ÁREA DE USO MISTO", "condominio": null, "area_geom": 265.32, "cnm": "062661.2.0130722-84" }, "geometry": { "type": "Polygon", "coordinates": [ [ [ -54.811396, -22.277661 ], [ -54.811557, -22.27756 ], [ -54.811646, -22.277683 ], [ -54.811452, -22.277737 ], [ -54.811396, -22.277661 ] ] ] } },
{ "type": "Feature", "properties": { "id": 98633, "insc_imob": "00.11.36.36.130", "quadra_cartorio": null, "lote_cartorio": "27", "matricula": "131436", "circunscricao": "1º CIRCUNSCRIÇÃO", "zoneamento": "AUM - ÁREA DE USO MISTO", "condominio": null, "area_geom": 220.0, "cnm": "062661.2.0131436-76" }, "geometry": { "type": "Polygon", "coordinates": [ [ [ -54.805606, -22.276942 ], [ -54.805699, -22.276916 ], [ -54.805791, -22.27689 ], [ -54.805822, -22.276985 ], [ -54.805636, -22.277037 ], [ -54.805606, -22.276942 ] ] ] } },
{ "type": "Feature", "properties": { "id": 98627, "insc_imob": "00.11.36.36.110", "quadra_cartorio": null, "lote_cartorio": "25", "matricula": "131434", "circunscricao": "1º CIRCUNSCRIÇÃO", "zoneamento": "AUM - ÁREA DE USO MISTO", "condominio": null, "area_geom": 200.0, "cnm": "062661.2.0131434-82" }, "geometry": { "type": "Polygon", "coordinates": [ [ [ -54.80555, -22.276769 ], [ -54.805643, -22.276743 ], [ -54.805735, -22.276717 ], [ -54.805763, -22.276804 ], [ -54.805671, -22.27683 ], [ -54.805578, -22.276856 ], [ -54.80555, -22.276769 ] ] ] } },
{ "type": "Feature", "properties": { "id": 98626, "insc_imob": "00.11.36.12.080", "quadra_cartorio": null, "lote_cartorio": "23", "matricula": "131045", "circunscricao": "1º CIRCUNSCRIÇÃO", "zoneamento": "AUM - ÁREA DE USO MISTO", "condominio": null, "area_geom": 200.0, "cnm": "062661.2.0131045-85" }, "geometry": { "type": "Polygon", "coordinates": [ [ [ -54.808863, -22.278179 ], [ -54.808835, -22.278093 ], [ -54.808928, -22.278067 ], [ -54.808956, -22.278153 ], [ -54.808984, -22.27824 ], [ -54.808891, -22.278266 ], [ -54.808863, -22.278179 ] ] ] } },
{ "type": "Feature", "properties": { "id": 98629, "insc_imob": "00.11.36.36.100", "quadra_cartorio": null, "lote_cartorio": "24", "matricula": "131433", "circunscricao": "1º CIRCUNSCRIÇÃO", "zoneamento": "AUM - ÁREA DE USO MISTO", "condominio": null, "area_geom": 200.0, "cnm": "062661.2.0131433-85" }, "geometry": { "type": "Polygon", "coordinates": [ [ [ -54.805522, -22.276683 ], [ -54.805615, -22.276657 ], [ -54.805708, -22.276631 ], [ -54.805735, -22.276717 ], [ -54.805643, -22.276743 ], [ -54.80555, -22.276769 ], [ -54.805522, -22.276683 ] ] ] } },
{ "type": "Feature", "properties": { "id": 98628, "insc_imob": "00.11.36.36.220", "quadra_cartorio": null, "lote_cartorio": "08", "matricula": "131417", "circunscricao": "1º CIRCUNSCRIÇÃO", "zoneamento": "AUM - ÁREA DE USO MISTO", "condominio": null, "area_geom": 200.0, "cnm": "062661.2.0131417-36" }, "geometry": { "type": "Polygon", "coordinates": [ [ [ -54.805735, -22.276717 ], [ -54.805828, -22.276691 ], [ -54.805921, -22.276665 ], [ -54.805949, -22.276751 ], [ -54.805856, -22.276777 ], [ -54.805763, -22.276804 ], [ -54.805735, -22.276717 ] ] ] } },
{ "type": "Feature", "properties": { "id": 98702, "insc_imob": "00.11.36.16.090", "quadra_cartorio": null, "lote_cartorio": "24", "matricula": "131907", "circunscricao": "1º CIRCUNSCRIÇÃO", "zoneamento": "AUM - ÁREA DE USO MISTO", "condominio": null, "area_geom": 200.0, "cnm": "062661.2.0131907-21" }, "geometry": { "type": "Polygon", "coordinates": [ [ [ -54.803624, -22.279647 ], [ -54.803596, -22.279561 ], [ -54.803689, -22.279535 ], [ -54.803717, -22.279621 ], [ -54.803745, -22.279707 ], [ -54.803652, -22.279734 ], [ -54.803624, -22.279647 ] ] ] } },
{ "type": "Feature", "properties": { "id": 98709, "insc_imob": "00.11.36.02.020", "quadra_cartorio": null, "lote_cartorio": "02", "matricula": "130724", "circunscricao": "1º CIRCUNSCRIÇÃO", "zoneamento": "AUM - ÁREA DE USO MISTO", "condominio": null, "area_geom": 209.54, "cnm": "062661.2.0130724-78" }, "geometry": { "type": "Polygon", "coordinates": [ [ [ -54.811623, -22.277972 ], [ -54.811817, -22.277918 ], [ -54.811874, -22.277996 ], [ -54.81168, -22.27805 ], [ -54.811623, -22.277972 ] ] ] } },
{ "type": "Feature", "properties": { "id": 98710, "insc_imob": "00.11.36.02.010", "quadra_cartorio": null, "lote_cartorio": "01", "matricula": "130723", "circunscricao": "1º CIRCUNSCRIÇÃO", "zoneamento": "AUM - ÁREA DE USO MISTO", "condominio": null, "area_geom": 209.54, "cnm": "062661.2.0130723-81" }, "geometry": { "type": "Polygon", "coordinates": [ [ [ -54.811566, -22.277894 ], [ -54.81176, -22.277839 ], [ -54.811817, -22.277918 ], [ -54.811623, -22.277972 ], [ -54.811566, -22.277894 ] ] ] } },
{ "type": "Feature", "properties": { "id": 98414, "insc_imob": "00.11.36.25.230", "quadra_cartorio": null, "lote_cartorio": "08", "matricula": "131290", "circunscricao": "1º CIRCUNSCRIÇÃO", "zoneamento": "AUM - ÁREA DE USO MISTO", "condominio": null, "area_geom": 200.0, "cnm": "062661.2.0131290-29" }, "geometry": { "type": "Polygon", "coordinates": [ [ [ -54.807281, -22.277736 ], [ -54.807374, -22.27771 ], [ -54.807402, -22.277797 ], [ -54.80743, -22.277883 ], [ -54.807337, -22.277909 ], [ -54.807309, -22.277823 ], [ -54.807281, -22.277736 ] ] ] } },
{ "type": "Feature", "properties": { "id": 98422, "insc_imob": "00.11.36.15.170", "quadra_cartorio": null, "lote_cartorio": "02", "matricula": "131719", "circunscricao": "1º CIRCUNSCRIÇÃO", "zoneamento": "AUM - ÁREA DE USO MISTO", "condominio": null, "area_geom": 200.0, "cnm": "062661.2.0131719-03" }, "geometry": { "type": "Polygon", "coordinates": [ [ [ -54.804878, -22.27939 ], [ -54.804971, -22.279364 ], [ -54.804999, -22.27945 ], [ -54.805027, -22.279537 ], [ -54.804934, -22.279563 ], [ -54.804906, -22.279476 ], [ -54.804878, -22.27939 ] ] ] } },
{ "type": "Feature", "properties": { "id": 98378, "insc_imob": "00.11.36.09.020", "quadra_cartorio": null, "lote_cartorio": "14", "matricula": "131927", "circunscricao": "1º CIRCUNSCRIÇÃO", "zoneamento": "AUM - ÁREA DE USO MISTO", "condominio": null, "area_geom": 200.0, "cnm": "062661.2.0131927-58" }, "geometry": { "type": "Polygon", "coordinates": [ [ [ -54.804561, -22.280039 ], [ -54.804507, -22.279872 ], [ -54.8046, -22.279846 ], [ -54.804654, -22.280013 ], [ -54.804656, -22.280019 ], [ -54.804563, -22.280045 ], [ -54.804561, -22.280039 ] ] ] } },
{ "type": "Feature", "properties": { "id": 98381, "insc_imob": "00.11.36.03.010", "quadra_cartorio": null, "lote_cartorio": "07", "matricula": "130823", "circunscricao": "1º CIRCUNSCRIÇÃO", "zoneamento": "AUM - ÁREA DE USO MISTO", "condominio": null, "area_geom": 281.11, "cnm": "062661.2.0130823-72" }, "geometry": { "type": "Polygon", "coordinates": [ [ [ -54.811269, -22.277977 ], [ -54.811371, -22.277948 ], [ -54.811485, -22.278105 ], [ -54.811325, -22.27815 ], [ -54.811269, -22.277977 ] ] ] } },
{ "type": "Feature", "properties": { "id": 98382, "insc_imob": "00.11.36.03.030", "quadra_cartorio": null, "lote_cartorio": "05", "matricula": "130821", "circunscricao": "1º CIRCUNSCRIÇÃO", "zoneamento": "AUM - ÁREA DE USO MISTO", "condominio": null, "area_geom": 199.68, "cnm": "062661.2.0130821-78" }, "geometry": { "type": "Polygon", "coordinates": [ [ [ -54.811084, -22.278029 ], [ -54.811177, -22.278003 ], [ -54.811232, -22.278176 ], [ -54.811139, -22.278202 ], [ -54.811084, -22.278029 ] ] ] } },
{ "type": "Feature", "properties": { "id": 98397, "insc_imob": "00.11.36.08.050", "quadra_cartorio": null, "lote_cartorio": "11", "matricula": "131758", "circunscricao": "1º CIRCUNSCRIÇÃO", "zoneamento": "AUM - ÁREA DE USO MISTO", "condominio": null, "area_geom": 199.36, "cnm": "062661.2.0131758-80" }, "geometry": { "type": "Polygon", "coordinates": [ [ [ -54.805787, -22.279696 ], [ -54.805733, -22.279529 ], [ -54.805826, -22.279503 ], [ -54.80588, -22.27967 ], [ -54.805882, -22.279675 ], [ -54.805789, -22.279701 ], [ -54.805787, -22.279696 ] ] ] } },
{ "type": "Feature", "properties": { "id": 98384, "insc_imob": "00.11.36.03.050", "quadra_cartorio": null, "lote_cartorio": "03", "matricula": "130819", "circunscricao": "1º CIRCUNSCRIÇÃO", "zoneamento": "AUM - ÁREA DE USO MISTO", "condominio": null, "area_geom": 199.58, "cnm": "062661.2.0130819-84" }, "geometry": { "type": "Polygon", "coordinates": [ [ [ -54.810898, -22.278081 ], [ -54.810991, -22.278055 ], [ -54.811046, -22.278228 ], [ -54.810954, -22.278254 ], [ -54.810898, -22.278081 ] ] ] } },
{ "type": "Feature", "properties": { "id": 98465, "insc_imob": "00.11.36.11.240", "quadra_cartorio": null, "lote_cartorio": "11", "matricula": "130800", "circunscricao": "1º CIRCUNSCRIÇÃO", "zoneamento": "AUM - ÁREA DE USO MISTO", "condominio": null, "area_geom": 200.0, "cnm": "062661.2.0130800-44" }, "geometry": { "type": "Polygon", "coordinates": [ [ [ -54.81086, -22.277714 ], [ -54.810953, -22.277688 ], [ -54.810981, -22.277774 ], [ -54.811009, -22.277861 ], [ -54.810916, -22.277887 ], [ -54.810888, -22.2778 ], [ -54.81086, -22.277714 ] ] ] } },
{ "type": "Feature", "properties": { "id": 98445, "insc_imob": "00.11.36.15.220", "quadra_cartorio": null, "lote_cartorio": "07", "matricula": "131724", "circunscricao": "1º CIRCUNSCRIÇÃO", "zoneamento": "AUM - ÁREA DE USO MISTO", "condominio": null, "area_geom": 200.0, "cnm": "062661.2.0131724-85" }, "geometry": { "type": "Polygon", "coordinates": [ [ [ -54.80537, -22.279346 ], [ -54.805342, -22.27926 ], [ -54.805435, -22.279234 ], [ -54.805463, -22.27932 ], [ -54.805491, -22.279407 ], [ -54.805398, -22.279433 ], [ -54.80537, -22.279346 ] ] ] } },
{ "type": "Feature", "properties": { "id": 98437, "insc_imob": "00.11.36.61.010", "quadra_cartorio": null, "lote_cartorio": "11", "matricula": "130685", "circunscricao": "1º CIRCUNSCRIÇÃO", "zoneamento": "AUM - ÁREA DE USO MISTO", "condominio": null, "area_geom": 273.64, "cnm": "062661.2.0130685-98" }, "geometry": { "type": "Polygon", "coordinates": [ [ [ -54.808639, -22.274353 ], [ -54.808698, -22.274181 ], [ -54.808899, -22.274241 ], [ -54.808691, -22.274368 ], [ -54.808639, -22.274353 ] ] ] } },
{ "type": "Feature", "properties": { "id": 98463, "insc_imob": "00.11.36.15.070", "quadra_cartorio": null, "lote_cartorio": "22", "matricula": "131739", "circunscricao": "1º CIRCUNSCRIÇÃO", "zoneamento": "AUM - ÁREA DE USO MISTO", "condominio": null, "area_geom": 200.0, "cnm": "062661.2.0131739-40" }, "geometry": { "type": "Polygon", "coordinates": [ [ [ -54.805314, -22.279173 ], [ -54.805286, -22.279087 ], [ -54.805379, -22.279061 ], [ -54.805407, -22.279147 ], [ -54.805435, -22.279234 ], [ -54.805342, -22.27926 ], [ -54.805314, -22.279173 ] ] ] } },
{ "type": "Feature", "properties": { "id": 98539, "insc_imob": "00.11.36.58.180", "quadra_cartorio": null, "lote_cartorio": "03", "matricula": "131480", "circunscricao": "1º CIRCUNSCRIÇÃO", "zoneamento": "AUM - ÁREA DE USO MISTO", "condominio": null, "area_geom": 200.0, "cnm": "062661.2.0131480-41" }, "geometry": { "type": "Polygon", "coordinates": [ [ [ -54.803732, -22.275534 ], [ -54.803825, -22.275508 ], [ -54.803853, -22.275595 ], [ -54.803881, -22.275681 ], [ -54.803788, -22.275707 ], [ -54.80376, -22.275621 ], [ -54.803732, -22.275534 ] ] ] } },
{ "type": "Feature", "properties": { "id": 98529, "insc_imob": "00.11.36.43.100", "quadra_cartorio": null, "lote_cartorio": "23", "matricula": "131822", "circunscricao": "1º CIRCUNSCRIÇÃO", "zoneamento": "ZEIA - ZONA ESPECIAL DE INTERESSE AMBIENTAL", "condominio": null, "area_geom": 238.39, "cnm": "062661.2.0131822-82" }, "geometry": { "type": "Polygon", "coordinates": [ [ [ -54.802653, -22.277298 ], [ -54.802846, -22.277244 ], [ -54.802874, -22.27733 ], [ -54.802625, -22.2774 ], [ -54.802653, -22.277298 ] ] ] } },
{ "type": "Feature", "properties": { "id": 98553, "insc_imob": "00.11.36.34.080", "quadra_cartorio": null, "lote_cartorio": "23", "matricula": "130925", "circunscricao": "1º CIRCUNSCRIÇÃO", "zoneamento": "AUM - ÁREA DE USO MISTO", "condominio": null, "area_geom": 200.0, "cnm": "062661.2.0130925-57" }, "geometry": { "type": "Polygon", "coordinates": [ [ [ -54.808259, -22.276312 ], [ -54.808231, -22.276225 ], [ -54.808324, -22.276199 ], [ -54.808352, -22.276286 ], [ -54.80838, -22.276372 ], [ -54.808287, -22.276398 ], [ -54.808259, -22.276312 ] ] ] } },
{ "type": "Feature", "properties": { "id": 98552, "insc_imob": "00.11.36.34.090", "quadra_cartorio": null, "lote_cartorio": "24", "matricula": "130926", "circunscricao": "1º CIRCUNSCRIÇÃO", "zoneamento": "AUM - ÁREA DE USO MISTO", "condominio": null, "area_geom": 200.0, "cnm": "062661.2.0130926-54" }, "geometry": { "type": "Polygon", "coordinates": [ [ [ -54.808166, -22.276338 ], [ -54.808138, -22.276251 ], [ -54.808231, -22.276225 ], [ -54.808259, -22.276312 ], [ -54.808287, -22.276398 ], [ -54.808194, -22.276424 ], [ -54.808166, -22.276338 ] ] ] } },
{ "type": "Feature", "properties": { "id": 98555, "insc_imob": "00.11.36.34.060", "quadra_cartorio": null, "lote_cartorio": "21", "matricula": "130923", "circunscricao": "1º CIRCUNSCRIÇÃO", "zoneamento": "AUM - ÁREA DE USO MISTO", "condominio": null, "area_geom": 200.0, "cnm": "062661.2.0130923-63" }, "geometry": { "type": "Polygon", "coordinates": [ [ [ -54.808444, -22.27626 ], [ -54.808416, -22.276173 ], [ -54.808509, -22.276147 ], [ -54.808537, -22.276234 ], [ -54.808565, -22.27632 ], [ -54.808472, -22.276346 ], [ -54.808444, -22.27626 ] ] ] } },
{ "type": "Feature", "properties": { "id": 98554, "insc_imob": "00.11.36.34.070", "quadra_cartorio": null, "lote_cartorio": "22", "matricula": "130924", "circunscricao": "1º CIRCUNSCRIÇÃO", "zoneamento": "AUM - ÁREA DE USO MISTO", "condominio": null, "area_geom": 200.0, "cnm": "062661.2.0130924-60" }, "geometry": { "type": "Polygon", "coordinates": [ [ [ -54.808352, -22.276286 ], [ -54.808324, -22.276199 ], [ -54.808416, -22.276173 ], [ -54.808444, -22.27626 ], [ -54.808472, -22.276346 ], [ -54.80838, -22.276372 ], [ -54.808352, -22.276286 ] ] ] } },
{ "type": "Feature", "properties": { "id": 98557, "insc_imob": "00.11.36.39.100", "quadra_cartorio": null, "lote_cartorio": "05", "matricula": "130748", "circunscricao": "1º CIRCUNSCRIÇÃO", "zoneamento": "AUM - ÁREA DE USO MISTO", "condominio": null, "area_geom": 250.86, "cnm": "062661.2.0130748-06" }, "geometry": { "type": "Polygon", "coordinates": [ [ [ -54.809339, -22.275519 ], [ -54.809558, -22.275457 ], [ -54.809615, -22.275536 ], [ -54.809367, -22.275605 ], [ -54.809339, -22.275519 ] ] ] } },
{ "type": "Feature", "properties": { "id": 98559, "insc_imob": "00.11.36.45.050", "quadra_cartorio": null, "lote_cartorio": "01", "matricula": "130737", "circunscricao": "1º CIRCUNSCRIÇÃO", "zoneamento": "AUM - ÁREA DE USO MISTO", "condominio": null, "area_geom": 200.0, "cnm": "062661.2.0130737-39" }, "geometry": { "type": "Polygon", "coordinates": [ [ [ -54.808971, -22.27532 ], [ -54.809157, -22.275268 ], [ -54.809185, -22.275354 ], [ -54.808999, -22.275407 ], [ -54.808971, -22.27532 ] ] ] } },
{ "type": "Feature", "properties": { "id": 98558, "insc_imob": "00.11.36.39.010", "quadra_cartorio": null, "lote_cartorio": "06", "matricula": "130749", "circunscricao": "1º CIRCUNSCRIÇÃO", "zoneamento": "AUM - ÁREA DE USO MISTO", "condominio": null, "area_geom": 219.61, "cnm": "062661.2.0130749-03" }, "geometry": { "type": "Polygon", "coordinates": [ [ [ -54.809311, -22.275432 ], [ -54.809501, -22.275379 ], [ -54.809558, -22.275457 ], [ -54.809339, -22.275519 ], [ -54.809311, -22.275432 ] ] ] } },
{ "type": "Feature", "properties": { "id": 98545, "insc_imob": "00.11.36.47.090", "quadra_cartorio": null, "lote_cartorio": "24", "matricula": "131186", "circunscricao": "1º CIRCUNSCRIÇÃO", "zoneamento": "AUM - ÁREA DE USO MISTO", "condominio": null, "area_geom": 200.0, "cnm": "062661.2.0131186-50" }, "geometry": { "type": "Polygon", "coordinates": [ [ [ -54.80637, -22.27586 ], [ -54.806342, -22.275774 ], [ -54.806435, -22.275748 ], [ -54.806463, -22.275834 ], [ -54.806491, -22.275921 ], [ -54.806398, -22.275947 ], [ -54.80637, -22.27586 ] ] ] } },
{ "type": "Feature", "properties": { "id": 98544, "insc_imob": "00.11.36.58.290", "quadra_cartorio": null, "lote_cartorio": "14", "matricula": "131491", "circunscricao": "1º CIRCUNSCRIÇÃO", "zoneamento": "AUM - ÁREA DE USO MISTO", "condominio": null, "area_geom": 220.0, "cnm": "062661.2.0131491-08" }, "geometry": { "type": "Polygon", "coordinates": [ [ [ -54.804655, -22.275257 ], [ -54.804748, -22.275231 ], [ -54.804841, -22.275204 ], [ -54.804872, -22.2753 ], [ -54.804779, -22.275326 ], [ -54.804686, -22.275352 ], [ -54.804661, -22.275274 ], [ -54.804655, -22.275257 ] ] ] } },
{ "type": "Feature", "properties": { "id": 98546, "insc_imob": "00.11.36.47.210", "quadra_cartorio": null, "lote_cartorio": "06", "matricula": "131168", "circunscricao": "1º CIRCUNSCRIÇÃO", "zoneamento": "AUM - ÁREA DE USO MISTO", "condominio": null, "area_geom": 200.0, "cnm": "062661.2.0131168-07" }, "geometry": { "type": "Polygon", "coordinates": [ [ [ -54.806491, -22.275921 ], [ -54.806584, -22.275895 ], [ -54.806612, -22.275981 ], [ -54.80664, -22.276068 ], [ -54.806547, -22.276094 ], [ -54.806519, -22.276007 ], [ -54.806491, -22.275921 ] ] ] } },
{ "type": "Feature", "properties": { "id": 98549, "insc_imob": "00.11.36.29.180", "quadra_cartorio": null, "lote_cartorio": "03", "matricula": "130935", "circunscricao": "1º CIRCUNSCRIÇÃO", "zoneamento": "AUM - ÁREA DE USO MISTO", "condominio": null, "area_geom": 200.0, "cnm": "062661.2.0130935-27" }, "geometry": { "type": "Polygon", "coordinates": [ [ [ -54.808176, -22.276995 ], [ -54.808269, -22.276969 ], [ -54.808297, -22.277055 ], [ -54.808325, -22.277142 ], [ -54.808232, -22.277168 ], [ -54.808204, -22.277081 ], [ -54.808176, -22.276995 ] ] ] } },
{ "type": "Feature", "properties": { "id": 98548, "insc_imob": "00.11.36.29.120", "quadra_cartorio": null, "lote_cartorio": "27", "matricula": "130959", "circunscricao": "1º CIRCUNSCRIÇÃO", "zoneamento": "AUM - ÁREA DE USO MISTO", "condominio": null, "area_geom": 200.0, "cnm": "062661.2.0130959-52" }, "geometry": { "type": "Polygon", "coordinates": [ [ [ -54.808055, -22.276935 ], [ -54.808027, -22.276848 ], [ -54.80812, -22.276822 ], [ -54.808148, -22.276909 ], [ -54.808176, -22.276995 ], [ -54.808083, -22.277021 ], [ -54.808055, -22.276935 ] ] ] } },
{ "type": "Feature", "properties": { "id": 98550, "insc_imob": "00.11.36.29.190", "quadra_cartorio": null, "lote_cartorio": "04", "matricula": "130936", "circunscricao": "1º CIRCUNSCRIÇÃO", "zoneamento": "AUM - ÁREA DE USO MISTO", "condominio": null, "area_geom": 200.0, "cnm": "062661.2.0130936-24" }, "geometry": { "type": "Polygon", "coordinates": [ [ [ -54.808269, -22.276969 ], [ -54.808362, -22.276943 ], [ -54.808389, -22.277029 ], [ -54.808417, -22.277116 ], [ -54.808325, -22.277142 ], [ -54.808297, -22.277055 ], [ -54.808269, -22.276969 ] ] ] } },
{ "type": "Feature", "properties": { "id": 98502, "insc_imob": "00.11.36.19.070", "quadra_cartorio": null, "lote_cartorio": "22", "matricula": "131334", "circunscricao": "1º CIRCUNSCRIÇÃO", "zoneamento": "AUM - ÁREA DE USO MISTO", "condominio": null, "area_geom": 200.0, "cnm": "062661.2.0131334-91" }, "geometry": { "type": "Polygon", "coordinates": [ [ [ -54.807277, -22.278039 ], [ -54.80737, -22.278013 ], [ -54.807398, -22.278099 ], [ -54.807426, -22.278186 ], [ -54.807333, -22.278212 ], [ -54.807305, -22.278125 ], [ -54.807277, -22.278039 ] ] ] } },
{ "type": "Feature", "properties": { "id": 98521, "insc_imob": "00.11.36.38.170", "quadra_cartorio": null, "lote_cartorio": "02", "matricula": "131826", "circunscricao": "1º CIRCUNSCRIÇÃO", "zoneamento": "ZEIA - ZONA ESPECIAL DE INTERESSE AMBIENTAL", "condominio": null, "area_geom": 199.95, "cnm": "062661.2.0131826-70" }, "geometry": { "type": "Polygon", "coordinates": [ [ [ -54.802769, -22.277944 ], [ -54.802862, -22.277918 ], [ -54.802918, -22.278091 ], [ -54.802825, -22.278117 ], [ -54.802797, -22.278031 ], [ -54.802769, -22.277944 ] ] ] } },
{ "type": "Feature", "properties": { "id": 98523, "insc_imob": "00.11.36.38.140", "quadra_cartorio": null, "lote_cartorio": "29", "matricula": "131853", "circunscricao": "1º CIRCUNSCRIÇÃO", "zoneamento": "ZEIA - ZONA ESPECIAL DE INTERESSE AMBIENTAL", "condominio": null, "area_geom": 200.0, "cnm": "062661.2.0131853-86" }, "geometry": { "type": "Polygon", "coordinates": [ [ [ -54.802555, -22.27791 ], [ -54.802741, -22.277858 ], [ -54.802769, -22.277944 ], [ -54.802583, -22.277996 ], [ -54.802555, -22.27791 ] ] ] } },
{ "type": "Feature", "properties": { "id": 98522, "insc_imob": "00.11.36.38.150", "quadra_cartorio": null, "lote_cartorio": "30", "matricula": "131854", "circunscricao": "1º CIRCUNSCRIÇÃO", "zoneamento": "ZEIA - ZONA ESPECIAL DE INTERESSE AMBIENTAL", "condominio": null, "area_geom": 199.68, "cnm": "062661.2.0131854-83" }, "geometry": { "type": "Polygon", "coordinates": [ [ [ -54.802583, -22.277996 ], [ -54.802769, -22.277944 ], [ -54.802797, -22.278031 ], [ -54.802611, -22.278083 ], [ -54.802583, -22.277996 ] ] ] } },
{ "type": "Feature", "properties": { "id": 99173, "insc_imob": "00.11.36.44.010", "quadra_cartorio": null, "lote_cartorio": "01", "matricula": "130686", "circunscricao": "1º CIRCUNSCRIÇÃO", "zoneamento": "AUM - ÁREA DE USO MISTO", "condominio": null, "area_geom": 237.48, "cnm": "062661.2.0130686-95" }, "geometry": { "type": "Polygon", "coordinates": [ [ [ -54.809138, -22.274558 ], [ -54.809085, -22.274486 ], [ -54.809058, -22.274478 ], [ -54.809235, -22.27437 ], [ -54.809298, -22.274457 ], [ -54.809138, -22.274558 ] ] ] } },
{ "type": "Feature", "properties": { "id": 99175, "insc_imob": "00.11.36.61.040", "quadra_cartorio": null, "lote_cartorio": "08", "matricula": "130682", "circunscricao": "1º CIRCUNSCRIÇÃO", "zoneamento": "AUM - ÁREA DE USO MISTO", "condominio": null, "area_geom": 199.9, "cnm": "062661.2.0130682-10" }, "geometry": { "type": "Polygon", "coordinates": [ [ [ -54.808362, -22.27427 ], [ -54.808421, -22.274098 ], [ -54.808514, -22.274125 ], [ -54.808454, -22.274297 ], [ -54.808362, -22.27427 ] ] ] } },
{ "type": "Feature", "properties": { "id": 99174, "insc_imob": "00.11.36.50.060", "quadra_cartorio": null, "lote_cartorio": "04", "matricula": "130728", "circunscricao": "1º CIRCUNSCRIÇÃO", "zoneamento": "AUM - ÁREA DE USO MISTO", "condominio": null, "area_geom": 214.27, "cnm": "062661.2.0130728-66" }, "geometry": { "type": "Polygon", "coordinates": [ [ [ -54.808357, -22.274908 ], [ -54.808441, -22.274857 ], [ -54.808505, -22.275055 ], [ -54.808412, -22.275081 ], [ -54.808357, -22.274908 ] ] ] } },
{ "type": "Feature", "properties": { "id": 98853, "insc_imob": "00.11.36.58.010", "quadra_cartorio": null, "lote_cartorio": "16", "matricula": "131493", "circunscricao": "1º CIRCUNSCRIÇÃO", "zoneamento": "AUM - ÁREA DE USO MISTO", "condominio": null, "area_geom": 318.93, "cnm": "062661.2.0131493-02" }, "geometry": { "type": "Polygon", "coordinates": [ [ [ -54.804589, -22.275051 ], [ -54.804757, -22.274944 ], [ -54.80481, -22.275109 ], [ -54.804624, -22.275161 ], [ -54.804589, -22.275051 ] ] ] } },
{ "type": "Feature", "properties": { "id": 99547, "insc_imob": "00.11.36.36.260", "quadra_cartorio": null, "lote_cartorio": "12", "matricula": "131421", "circunscricao": "1º CIRCUNSCRIÇÃO", "zoneamento": "AUM - ÁREA DE USO MISTO", "condominio": null, "area_geom": 200.0, "cnm": "062661.2.0131421-24" }, "geometry": { "type": "Polygon", "coordinates": [ [ [ -54.805624, -22.276371 ], [ -54.805716, -22.276345 ], [ -54.805809, -22.276319 ], [ -54.805837, -22.276406 ], [ -54.805744, -22.276432 ], [ -54.805652, -22.276458 ], [ -54.805624, -22.276371 ] ] ] } },
{ "type": "Feature", "properties": { "id": 99546, "insc_imob": "00.11.36.54.010", "quadra_cartorio": null, "lote_cartorio": "16", "matricula": "131523", "circunscricao": "1º CIRCUNSCRIÇÃO", "zoneamento": "AUM - ÁREA DE USO MISTO", "condominio": null, "area_geom": 200.0, "cnm": "062661.2.0131523-09" }, "geometry": { "type": "Polygon", "coordinates": [ [ [ -54.80475, -22.27555 ], [ -54.804936, -22.275498 ], [ -54.804964, -22.275585 ], [ -54.804778, -22.275637 ], [ -54.80475, -22.27555 ] ] ] } },
{ "type": "Feature", "properties": { "id": 99549, "insc_imob": "00.11.36.54.120", "quadra_cartorio": null, "lote_cartorio": "27", "matricula": "131534", "circunscricao": "1º CIRCUNSCRIÇÃO", "zoneamento": "AUM - ÁREA DE USO MISTO", "condominio": null, "area_geom": 200.0, "cnm": "062661.2.0131534-73" }, "geometry": { "type": "Polygon", "coordinates": [ [ [ -54.803728, -22.275837 ], [ -54.803821, -22.275811 ], [ -54.803849, -22.275897 ], [ -54.803877, -22.275984 ], [ -54.803784, -22.27601 ], [ -54.803756, -22.275923 ], [ -54.803728, -22.275837 ] ] ] } },
{ "type": "Feature", "properties": { "id": 99550, "insc_imob": "00.11.36.59.290", "quadra_cartorio": null, "lote_cartorio": "15", "matricula": "131088", "circunscricao": "1º CIRCUNSCRIÇÃO", "zoneamento": "AUM - ÁREA DE USO MISTO", "condominio": null, "area_geom": 200.0, "cnm": "062661.2.0131088-53" }, "geometry": { "type": "Polygon", "coordinates": [ [ [ -54.806624, -22.274139 ], [ -54.80681, -22.274087 ], [ -54.806838, -22.274174 ], [ -54.806652, -22.274226 ], [ -54.806624, -22.274139 ] ] ] } },
{ "type": "Feature", "properties": { "id": 99978, "insc_imob": "00.11.36.59.010", "quadra_cartorio": null, "lote_cartorio": "16", "matricula": "131089", "circunscricao": "1º CIRCUNSCRIÇÃO", "zoneamento": "AUM - ÁREA DE USO MISTO", "condominio": null, "area_geom": 200.0, "cnm": "062661.2.0131089-50" }, "geometry": { "type": "Polygon", "coordinates": [ [ [ -54.806596, -22.274053 ], [ -54.806782, -22.274001 ], [ -54.80681, -22.274087 ], [ -54.806624, -22.274139 ], [ -54.806596, -22.274053 ] ] ] } },
{ "type": "Feature", "properties": { "id": 113252, "insc_imob": "00.11.36.50.050", "quadra_cartorio": null, "lote_cartorio": "05", "matricula": "130729", "circunscricao": "1º CIRCUNSCRIÇÃO", "zoneamento": "AUM - ÁREA DE USO MISTO", "condominio": null, "area_geom": 244.09, "cnm": "062661.2.0130729-63" }, "geometry": { "type": "Polygon", "coordinates": [ [ [ -54.808441, -22.274857 ], [ -54.808526, -22.274805 ], [ -54.808598, -22.275029 ], [ -54.808505, -22.275055 ], [ -54.808441, -22.274857 ] ] ] } },
{ "type": "Feature", "properties": { "id": 113939, "insc_imob": "00.11.36.26.140", "quadra_cartorio": null, "lote_cartorio": "05", "matricula": "131442", "circunscricao": "1º CIRCUNSCRIÇÃO", "zoneamento": "AUM - ÁREA DE USO MISTO", "condominio": null, "area_geom": 220.04, "cnm": "062661.2.0131442-58" }, "geometry": { "type": "Polygon", "coordinates": [ [ [ -54.806135, -22.277953 ], [ -54.806228, -22.277927 ], [ -54.806321, -22.277901 ], [ -54.806352, -22.277996 ], [ -54.806259, -22.278022 ], [ -54.806166, -22.278048 ], [ -54.806135, -22.277953 ] ] ] } },
{ "type": "Feature", "properties": { "id": 111677, "insc_imob": "00.11.32.41.010", "quadra_cartorio": null, "lote_cartorio": "AREA D", "matricula": "118070", "circunscricao": "1º CIRCUNSCRIÇÃO", "zoneamento": "AUM - ÁREA DE USO MISTO", "condominio": null, "area_geom": 9966.63, "cnm": "062661.2.0118070-16" }, "geometry": { "type": "Polygon", "coordinates": [ [ [ -54.776503, -22.27705 ], [ -54.776555, -22.276692 ], [ -54.777014, -22.276711 ], [ -54.778783, -22.276784 ], [ -54.778969, -22.276791 ], [ -54.778978, -22.276792 ], [ -54.778926, -22.277151 ], [ -54.776503, -22.27705 ] ] ] } },
{ "type": "Feature", "properties": { "id": 106857, "insc_imob": "00.11.36.41.140", "quadra_cartorio": null, "lote_cartorio": "29", "matricula": "131221", "circunscricao": "1º CIRCUNSCRIÇÃO", "zoneamento": "AUM - ÁREA DE USO MISTO", "condominio": null, "area_geom": 200.0, "cnm": "062661.2.0131221-42" }, "geometry": { "type": "Polygon", "coordinates": [ [ [ -54.806051, -22.27644 ], [ -54.806237, -22.276388 ], [ -54.806265, -22.276474 ], [ -54.806079, -22.276526 ], [ -54.806051, -22.27644 ] ] ] } },
{ "type": "Feature", "properties": { "id": 106859, "insc_imob": "00.11.36.41.280", "quadra_cartorio": null, "lote_cartorio": "13", "matricula": "131205", "circunscricao": "1º CIRCUNSCRIÇÃO", "zoneamento": "AUM - ÁREA DE USO MISTO", "condominio": null, "area_geom": 200.0, "cnm": "062661.2.0131205-90" }, "geometry": { "type": "Polygon", "coordinates": [ [ [ -54.807315, -22.276275 ], [ -54.8075, -22.276223 ], [ -54.807528, -22.276309 ], [ -54.807343, -22.276361 ], [ -54.807315, -22.276275 ] ] ] } },
{ "type": "Feature", "properties": { "id": 106851, "insc_imob": "00.11.36.35.030", "quadra_cartorio": null, "lote_cartorio": "18", "matricula": "131240", "circunscricao": "1º CIRCUNSCRIÇÃO", "zoneamento": "AUM - ÁREA DE USO MISTO", "condominio": null, "area_geom": 200.0, "cnm": "062661.2.0131240-82" }, "geometry": { "type": "Polygon", "coordinates": [ [ [ -54.807218, -22.276603 ], [ -54.80719, -22.276517 ], [ -54.807283, -22.276491 ], [ -54.807311, -22.276577 ], [ -54.807339, -22.276664 ], [ -54.807246, -22.27669 ], [ -54.807218, -22.276603 ] ] ] } },
{ "type": "Feature", "properties": { "id": 106850, "insc_imob": "00.11.36.35.040", "quadra_cartorio": null, "lote_cartorio": "19", "matricula": "131241", "circunscricao": "1º CIRCUNSCRIÇÃO", "zoneamento": "AUM - ÁREA DE USO MISTO", "condominio": null, "area_geom": 200.0, "cnm": "062661.2.0131241-79" }, "geometry": { "type": "Polygon", "coordinates": [ [ [ -54.807125, -22.276629 ], [ -54.807097, -22.276543 ], [ -54.80719, -22.276517 ], [ -54.807218, -22.276603 ], [ -54.807246, -22.27669 ], [ -54.807153, -22.276716 ], [ -54.807125, -22.276629 ] ] ] } },
{ "type": "Feature", "properties": { "id": 106852, "insc_imob": "00.11.36.35.020", "quadra_cartorio": null, "lote_cartorio": "17", "matricula": "131239", "circunscricao": "1º CIRCUNSCRIÇÃO", "zoneamento": "AUM - ÁREA DE USO MISTO", "condominio": null, "area_geom": 200.0, "cnm": "062661.2.0131239-85" }, "geometry": { "type": "Polygon", "coordinates": [ [ [ -54.807283, -22.276491 ], [ -54.807376, -22.276465 ], [ -54.807404, -22.276551 ], [ -54.807432, -22.276638 ], [ -54.807339, -22.276664 ], [ -54.807311, -22.276577 ], [ -54.807283, -22.276491 ] ] ] } },
{ "type": "Feature", "properties": { "id": 106854, "insc_imob": "00.11.36.41.150", "quadra_cartorio": null, "lote_cartorio": "30", "matricula": "131222", "circunscricao": "1º CIRCUNSCRIÇÃO", "zoneamento": "AUM - ÁREA DE USO MISTO", "condominio": null, "area_geom": 200.0, "cnm": "062661.2.0131222-39" }, "geometry": { "type": "Polygon", "coordinates": [ [ [ -54.806079, -22.276526 ], [ -54.806265, -22.276474 ], [ -54.806293, -22.276561 ], [ -54.806107, -22.276613 ], [ -54.806079, -22.276526 ] ] ] } },
{ "type": "Feature", "properties": { "id": 106867, "insc_imob": "00.11.36.41.190", "quadra_cartorio": null, "lote_cartorio": "04", "matricula": "131196", "circunscricao": "1º CIRCUNSCRIÇÃO", "zoneamento": "AUM - ÁREA DE USO MISTO", "condominio": null, "area_geom": 200.0, "cnm": "062661.2.0131196-20" }, "geometry": { "type": "Polygon", "coordinates": [ [ [ -54.806451, -22.276422 ], [ -54.806544, -22.276396 ], [ -54.806571, -22.276483 ], [ -54.806599, -22.276569 ], [ -54.806507, -22.276595 ], [ -54.806479, -22.276509 ], [ -54.806451, -22.276422 ] ] ] } },
{ "type": "Feature", "properties": { "id": 106866, "insc_imob": "00.11.36.41.110", "quadra_cartorio": null, "lote_cartorio": "26", "matricula": "131218", "circunscricao": "1º CIRCUNSCRIÇÃO", "zoneamento": "AUM - ÁREA DE USO MISTO", "condominio": null, "area_geom": 200.0, "cnm": "062661.2.0131218-51" }, "geometry": { "type": "Polygon", "coordinates": [ [ [ -54.80633, -22.276362 ], [ -54.806302, -22.276276 ], [ -54.806395, -22.276249 ], [ -54.806423, -22.276336 ], [ -54.806451, -22.276422 ], [ -54.806358, -22.276448 ], [ -54.80633, -22.276362 ] ] ] } },
{ "type": "Feature", "properties": { "id": 106841, "insc_imob": "00.11.36.35.300", "quadra_cartorio": null, "lote_cartorio": "15", "matricula": "131237", "circunscricao": "1º CIRCUNSCRIÇÃO", "zoneamento": "AUM - ÁREA DE USO MISTO", "condominio": null, "area_geom": 200.0, "cnm": "062661.2.0131237-91" }, "geometry": { "type": "Polygon", "coordinates": [ [ [ -54.807404, -22.276551 ], [ -54.80759, -22.276499 ], [ -54.807618, -22.276586 ], [ -54.807432, -22.276638 ], [ -54.807404, -22.276551 ] ] ] } },
{ "type": "Feature", "properties": { "id": 106840, "insc_imob": "00.11.36.35.290", "quadra_cartorio": null, "lote_cartorio": "14", "matricula": "131236", "circunscricao": "1º CIRCUNSCRIÇÃO", "zoneamento": "AUM - ÁREA DE USO MISTO", "condominio": null, "area_geom": 200.0, "cnm": "062661.2.0131236-94" }, "geometry": { "type": "Polygon", "coordinates": [ [ [ -54.807432, -22.276638 ], [ -54.807618, -22.276586 ], [ -54.807646, -22.276672 ], [ -54.80746, -22.276724 ], [ -54.807432, -22.276638 ] ] ] } },
{ "type": "Feature", "properties": { "id": 106843, "insc_imob": "00.11.36.35.120", "quadra_cartorio": null, "lote_cartorio": "27", "matricula": "131249", "circunscricao": "1º CIRCUNSCRIÇÃO", "zoneamento": "AUM - ÁREA DE USO MISTO", "condominio": null, "area_geom": 200.0, "cnm": "062661.2.0131249-55" }, "geometry": { "type": "Polygon", "coordinates": [ [ [ -54.806382, -22.276838 ], [ -54.806354, -22.276751 ], [ -54.806447, -22.276725 ], [ -54.806475, -22.276812 ], [ -54.806503, -22.276898 ], [ -54.80641, -22.276924 ], [ -54.806382, -22.276838 ] ] ] } },
{ "type": "Feature", "properties": { "id": 106842, "insc_imob": "00.11.36.35.010", "quadra_cartorio": null, "lote_cartorio": "16", "matricula": "131238", "circunscricao": "1º CIRCUNSCRIÇÃO", "zoneamento": "AUM - ÁREA DE USO MISTO", "condominio": null, "area_geom": 200.0, "cnm": "062661.2.0131238-88" }, "geometry": { "type": "Polygon", "coordinates": [ [ [ -54.807376, -22.276465 ], [ -54.807562, -22.276413 ], [ -54.80759, -22.276499 ], [ -54.807404, -22.276551 ], [ -54.807376, -22.276465 ] ] ] } },
{ "type": "Feature", "properties": { "id": 106845, "insc_imob": "00.11.36.35.100", "quadra_cartorio": null, "lote_cartorio": "25", "matricula": "131247", "circunscricao": "1º CIRCUNSCRIÇÃO", "zoneamento": "AUM - ÁREA DE USO MISTO", "condominio": null, "area_geom": 200.0, "cnm": "062661.2.0131247-61" }, "geometry": { "type": "Polygon", "coordinates": [ [ [ -54.80654, -22.276699 ], [ -54.806633, -22.276673 ], [ -54.806661, -22.276759 ], [ -54.806689, -22.276846 ], [ -54.806596, -22.276872 ], [ -54.806568, -22.276785 ], [ -54.80654, -22.276699 ] ] ] } },
{ "type": "Feature", "properties": { "id": 106844, "insc_imob": "00.11.36.35.110", "quadra_cartorio": null, "lote_cartorio": "26", "matricula": "131248", "circunscricao": "1º CIRCUNSCRIÇÃO", "zoneamento": "AUM - ÁREA DE USO MISTO", "condominio": null, "area_geom": 200.0, "cnm": "062661.2.0131248-58" }, "geometry": { "type": "Polygon", "coordinates": [ [ [ -54.806447, -22.276725 ], [ -54.80654, -22.276699 ], [ -54.806568, -22.276785 ], [ -54.806596, -22.276872 ], [ -54.806503, -22.276898 ], [ -54.806475, -22.276812 ], [ -54.806447, -22.276725 ] ] ] } },
{ "type": "Feature", "properties": { "id": 106847, "insc_imob": "00.11.36.35.080", "quadra_cartorio": null, "lote_cartorio": "23", "matricula": "131245", "circunscricao": "1º CIRCUNSCRIÇÃO", "zoneamento": "AUM - ÁREA DE USO MISTO", "condominio": null, "area_geom": 200.0, "cnm": "062661.2.0131245-67" }, "geometry": { "type": "Polygon", "coordinates": [ [ [ -54.806726, -22.276647 ], [ -54.806819, -22.276621 ], [ -54.806847, -22.276707 ], [ -54.806875, -22.276794 ], [ -54.806782, -22.27682 ], [ -54.806754, -22.276733 ], [ -54.806726, -22.276647 ] ] ] } },
{ "type": "Feature", "properties": { "id": 106837, "insc_imob": "00.11.36.58.020", "quadra_cartorio": null, "lote_cartorio": "17", "matricula": "131494", "circunscricao": "1º CIRCUNSCRIÇÃO", "zoneamento": "AUM - ÁREA DE USO MISTO", "condominio": null, "area_geom": 241.45, "cnm": "062661.2.0131494-96" }, "geometry": { "type": "Polygon", "coordinates": [ [ [ -54.804505, -22.275105 ], [ -54.804589, -22.275051 ], [ -54.804624, -22.275161 ], [ -54.804655, -22.275257 ], [ -54.804661, -22.275274 ], [ -54.804568, -22.2753 ], [ -54.804505, -22.275105 ] ] ] } },
{ "type": "Feature", "properties": { "id": 106836, "insc_imob": "00.11.36.58.030", "quadra_cartorio": null, "lote_cartorio": "18", "matricula": "131495", "circunscricao": "1º CIRCUNSCRIÇÃO", "zoneamento": "AUM - ÁREA DE USO MISTO", "condominio": null, "area_geom": 210.11, "cnm": "062661.2.0131495-93" }, "geometry": { "type": "Polygon", "coordinates": [ [ [ -54.804419, -22.275153 ], [ -54.804438, -22.275148 ], [ -54.804505, -22.275105 ], [ -54.804568, -22.2753 ], [ -54.804475, -22.275326 ], [ -54.804419, -22.275153 ] ] ] } },
{ "type": "Feature", "properties": { "id": 106839, "insc_imob": "00.11.36.35.130", "quadra_cartorio": null, "lote_cartorio": "28", "matricula": "131250", "circunscricao": "1º CIRCUNSCRIÇÃO", "zoneamento": "AUM - ÁREA DE USO MISTO", "condominio": null, "area_geom": 200.0, "cnm": "062661.2.0131250-52" }, "geometry": { "type": "Polygon", "coordinates": [ [ [ -54.806169, -22.276803 ], [ -54.806354, -22.276751 ], [ -54.806382, -22.276838 ], [ -54.806197, -22.27689 ], [ -54.806169, -22.276803 ] ] ] } },
{ "type": "Feature", "properties": { "id": 106838, "insc_imob": "00.11.36.35.140", "quadra_cartorio": null, "lote_cartorio": "29", "matricula": "131251", "circunscricao": "1º CIRCUNSCRIÇÃO", "zoneamento": "AUM - ÁREA DE USO MISTO", "condominio": null, "area_geom": 200.0, "cnm": "062661.2.0131251-49" }, "geometry": { "type": "Polygon", "coordinates": [ [ [ -54.806197, -22.27689 ], [ -54.806382, -22.276838 ], [ -54.80641, -22.276924 ], [ -54.806224, -22.276976 ], [ -54.806197, -22.27689 ] ] ] } },
{ "type": "Feature", "properties": { "id": 106609, "insc_imob": "00.11.36.19.250", "quadra_cartorio": null, "lote_cartorio": "10", "matricula": "131322", "circunscricao": "1º CIRCUNSCRIÇÃO", "zoneamento": "AUM - ÁREA DE USO MISTO", "condominio": null, "area_geom": 200.0, "cnm": "062661.2.0131322-30" }, "geometry": { "type": "Polygon", "coordinates": [ [ [ -54.807612, -22.278134 ], [ -54.807705, -22.278108 ], [ -54.807733, -22.278194 ], [ -54.807761, -22.27828 ], [ -54.807668, -22.278307 ], [ -54.80764, -22.27822 ], [ -54.807612, -22.278134 ] ] ] } },
{ "type": "Feature", "properties": { "id": 106610, "insc_imob": "00.11.36.04.050", "quadra_cartorio": null, "lote_cartorio": "03", "matricula": "130826", "circunscricao": "1º CIRCUNSCRIÇÃO", "zoneamento": "AUM - ÁREA DE USO MISTO", "condominio": null, "area_geom": 198.98, "cnm": "062661.2.0130826-63" }, "geometry": { "type": "Polygon", "coordinates": [ [ [ -54.810136, -22.278295 ], [ -54.810229, -22.278269 ], [ -54.810285, -22.278441 ], [ -54.810192, -22.278467 ], [ -54.810136, -22.278295 ] ] ] } },
{ "type": "Feature", "properties": { "id": 106632, "insc_imob": "00.11.36.61.080", "quadra_cartorio": null, "lote_cartorio": "04", "matricula": "130678", "circunscricao": "1º CIRCUNSCRIÇÃO", "zoneamento": "AUM - ÁREA DE USO MISTO", "condominio": null, "area_geom": 199.91, "cnm": "062661.2.0130678-22" }, "geometry": { "type": "Polygon", "coordinates": [ [ [ -54.807993, -22.274159 ], [ -54.808052, -22.273987 ], [ -54.808144, -22.274015 ], [ -54.808085, -22.274187 ], [ -54.807993, -22.274159 ] ] ] } },
{ "type": "Feature", "properties": { "id": 107273, "insc_imob": "00.11.36.25.120", "quadra_cartorio": null, "lote_cartorio": "27", "matricula": "131309", "circunscricao": "1º CIRCUNSCRIÇÃO", "zoneamento": "AUM - ÁREA DE USO MISTO", "condominio": null, "area_geom": 200.0, "cnm": "062661.2.0131309-69" }, "geometry": { "type": "Polygon", "coordinates": [ [ [ -54.806695, -22.277806 ], [ -54.806668, -22.277719 ], [ -54.80676, -22.277693 ], [ -54.806788, -22.27778 ], [ -54.806816, -22.277866 ], [ -54.806723, -22.277892 ], [ -54.806695, -22.277806 ] ] ] } },
{ "type": "Feature", "properties": { "id": 107272, "insc_imob": "00.11.36.25.170", "quadra_cartorio": null, "lote_cartorio": "02", "matricula": "131284", "circunscricao": "1º CIRCUNSCRIÇÃO", "zoneamento": "AUM - ÁREA DE USO MISTO", "condominio": null, "area_geom": 200.0, "cnm": "062661.2.0131284-47" }, "geometry": { "type": "Polygon", "coordinates": [ [ [ -54.806723, -22.277892 ], [ -54.806816, -22.277866 ], [ -54.806844, -22.277953 ], [ -54.806872, -22.278039 ], [ -54.806779, -22.278065 ], [ -54.806751, -22.277979 ], [ -54.806723, -22.277892 ] ] ] } },
{ "type": "Feature", "properties": { "id": 107275, "insc_imob": "00.11.36.25.110", "quadra_cartorio": null, "lote_cartorio": "26", "matricula": "131308", "circunscricao": "1º CIRCUNSCRIÇÃO", "zoneamento": "AUM - ÁREA DE USO MISTO", "condominio": null, "area_geom": 200.0, "cnm": "062661.2.0131308-72" }, "geometry": { "type": "Polygon", "coordinates": [ [ [ -54.80676, -22.277693 ], [ -54.806853, -22.277667 ], [ -54.806881, -22.277754 ], [ -54.806909, -22.27784 ], [ -54.806816, -22.277866 ], [ -54.806788, -22.27778 ], [ -54.80676, -22.277693 ] ] ] } },
{ "type": "Feature", "properties": { "id": 107274, "insc_imob": "00.11.36.25.180", "quadra_cartorio": null, "lote_cartorio": "03", "matricula": "131285", "circunscricao": "1º CIRCUNSCRIÇÃO", "zoneamento": "AUM - ÁREA DE USO MISTO", "condominio": null, "area_geom": 200.0, "cnm": "062661.2.0131285-44" }, "geometry": { "type": "Polygon", "coordinates": [ [ [ -54.806816, -22.277866 ], [ -54.806909, -22.27784 ], [ -54.806937, -22.277927 ], [ -54.806965, -22.278013 ], [ -54.806872, -22.278039 ], [ -54.806844, -22.277953 ], [ -54.806816, -22.277866 ] ] ] } },
{ "type": "Feature", "properties": { "id": 107276, "insc_imob": "00.11.36.25.190", "quadra_cartorio": null, "lote_cartorio": "04", "matricula": "131286", "circunscricao": "1º CIRCUNSCRIÇÃO", "zoneamento": "AUM - ÁREA DE USO MISTO", "condominio": null, "area_geom": 200.0, "cnm": "062661.2.0131286-41" }, "geometry": { "type": "Polygon", "coordinates": [ [ [ -54.806909, -22.27784 ], [ -54.807002, -22.277814 ], [ -54.80703, -22.277901 ], [ -54.807058, -22.277987 ], [ -54.806965, -22.278013 ], [ -54.806937, -22.277927 ], [ -54.806909, -22.27784 ] ] ] } },
{ "type": "Feature", "properties": { "id": 107265, "insc_imob": "00.11.36.24.050", "quadra_cartorio": null, "lote_cartorio": "20", "matricula": "130982", "circunscricao": "1º CIRCUNSCRIÇÃO", "zoneamento": "AUM - ÁREA DE USO MISTO", "condominio": null, "area_geom": 200.0, "cnm": "062661.2.0130982-80" }, "geometry": { "type": "Polygon", "coordinates": [ [ [ -54.808823, -22.277116 ], [ -54.808915, -22.277089 ], [ -54.808943, -22.277176 ], [ -54.808971, -22.277262 ], [ -54.808879, -22.277288 ], [ -54.808851, -22.277202 ], [ -54.808823, -22.277116 ] ] ] } },
{ "type": "Feature", "properties": { "id": 107264, "insc_imob": "00.11.36.24.240", "quadra_cartorio": null, "lote_cartorio": "09", "matricula": "130971", "circunscricao": "1º CIRCUNSCRIÇÃO", "zoneamento": "AUM - ÁREA DE USO MISTO", "condominio": null, "area_geom": 200.0, "cnm": "062661.2.0130971-16" }, "geometry": { "type": "Polygon", "coordinates": [ [ [ -54.808879, -22.277288 ], [ -54.808971, -22.277262 ], [ -54.808999, -22.277349 ], [ -54.809027, -22.277435 ], [ -54.808934, -22.277461 ], [ -54.808906, -22.277375 ], [ -54.808879, -22.277288 ] ] ] } },
{ "type": "Feature", "properties": { "id": 107266, "insc_imob": "00.11.36.24.250", "quadra_cartorio": null, "lote_cartorio": "10", "matricula": "130972", "circunscricao": "1º CIRCUNSCRIÇÃO", "zoneamento": "AUM - ÁREA DE USO MISTO", "condominio": null, "area_geom": 200.0, "cnm": "062661.2.0130972-13" }, "geometry": { "type": "Polygon", "coordinates": [ [ [ -54.808971, -22.277262 ], [ -54.809064, -22.277236 ], [ -54.809092, -22.277323 ], [ -54.80912, -22.277409 ], [ -54.809027, -22.277435 ], [ -54.808999, -22.277349 ], [ -54.808971, -22.277262 ] ] ] } },
{ "type": "Feature", "properties": { "id": 107269, "insc_imob": "00.11.36.24.260", "quadra_cartorio": null, "lote_cartorio": "11", "matricula": "130973", "circunscricao": "1º CIRCUNSCRIÇÃO", "zoneamento": "AUM - ÁREA DE USO MISTO", "condominio": null, "area_geom": 200.0, "cnm": "062661.2.0130973-10" }, "geometry": { "type": "Polygon", "coordinates": [ [ [ -54.809064, -22.277236 ], [ -54.809157, -22.27721 ], [ -54.809185, -22.277297 ], [ -54.809213, -22.277383 ], [ -54.80912, -22.277409 ], [ -54.809092, -22.277323 ], [ -54.809064, -22.277236 ] ] ] } },
{ "type": "Feature", "properties": { "id": 107268, "insc_imob": "00.11.36.24.040", "quadra_cartorio": null, "lote_cartorio": "19", "matricula": "130981", "circunscricao": "1º CIRCUNSCRIÇÃO", "zoneamento": "AUM - ÁREA DE USO MISTO", "condominio": null, "area_geom": 200.0, "cnm": "062661.2.0130981-83" }, "geometry": { "type": "Polygon", "coordinates": [ [ [ -54.808915, -22.277089 ], [ -54.809008, -22.277063 ], [ -54.809036, -22.27715 ], [ -54.809064, -22.277236 ], [ -54.808971, -22.277262 ], [ -54.808943, -22.277176 ], [ -54.808915, -22.277089 ] ] ] } },
{ "type": "Feature", "properties": { "id": 107271, "insc_imob": "00.11.36.24.270", "quadra_cartorio": null, "lote_cartorio": "12", "matricula": "130974", "circunscricao": "1º CIRCUNSCRIÇÃO", "zoneamento": "AUM - ÁREA DE USO MISTO", "condominio": null, "area_geom": 200.0, "cnm": "062661.2.0130974-07" }, "geometry": { "type": "Polygon", "coordinates": [ [ [ -54.809157, -22.27721 ], [ -54.80925, -22.277184 ], [ -54.809278, -22.277271 ], [ -54.809306, -22.277357 ], [ -54.809213, -22.277383 ], [ -54.809185, -22.277297 ], [ -54.809157, -22.27721 ] ] ] } },
{ "type": "Feature", "properties": { "id": 107270, "insc_imob": "00.11.36.24.030", "quadra_cartorio": null, "lote_cartorio": "18", "matricula": "130980", "circunscricao": "1º CIRCUNSCRIÇÃO", "zoneamento": "AUM - ÁREA DE USO MISTO", "condominio": null, "area_geom": 200.0, "cnm": "062661.2.0130980-86" }, "geometry": { "type": "Polygon", "coordinates": [ [ [ -54.809008, -22.277063 ], [ -54.809101, -22.277037 ], [ -54.809129, -22.277124 ], [ -54.809157, -22.27721 ], [ -54.809064, -22.277236 ], [ -54.809036, -22.27715 ], [ -54.809008, -22.277063 ] ] ] } },
{ "type": "Feature", "properties": { "id": 107181, "insc_imob": "00.11.36.52.030", "quadra_cartorio": null, "lote_cartorio": "18", "matricula": "131150", "circunscricao": "1º CIRCUNSCRIÇÃO", "zoneamento": "AUM - ÁREA DE USO MISTO", "condominio": null, "area_geom": 200.0, "cnm": "062661.2.0131150-61" }, "geometry": { "type": "Polygon", "coordinates": [ [ [ -54.806729, -22.27509 ], [ -54.806701, -22.275004 ], [ -54.806794, -22.274978 ], [ -54.806822, -22.275064 ], [ -54.80685, -22.275151 ], [ -54.806757, -22.275177 ], [ -54.806729, -22.27509 ] ] ] } },
{ "type": "Feature", "properties": { "id": 107183, "insc_imob": "00.11.36.41.080", "quadra_cartorio": null, "lote_cartorio": "23", "matricula": "131215", "circunscricao": "1º CIRCUNSCRIÇÃO", "zoneamento": "AUM - ÁREA DE USO MISTO", "condominio": null, "area_geom": 200.0, "cnm": "062661.2.0131215-60" }, "geometry": { "type": "Polygon", "coordinates": [ [ [ -54.806608, -22.276284 ], [ -54.80658, -22.276197 ], [ -54.806673, -22.276171 ], [ -54.806701, -22.276258 ], [ -54.806729, -22.276344 ], [ -54.806636, -22.27637 ], [ -54.806608, -22.276284 ] ] ] } },
{ "type": "Feature", "properties": { "id": 107182, "insc_imob": "00.11.36.19.230", "quadra_cartorio": null, "lote_cartorio": "08", "matricula": "131320", "circunscricao": "1º CIRCUNSCRIÇÃO", "zoneamento": "AUM - ÁREA DE USO MISTO", "condominio": null, "area_geom": 200.0, "cnm": "062661.2.0131320-36" }, "geometry": { "type": "Polygon", "coordinates": [ [ [ -54.807426, -22.278186 ], [ -54.807519, -22.27816 ], [ -54.807547, -22.278246 ], [ -54.807575, -22.278333 ], [ -54.807482, -22.278359 ], [ -54.807454, -22.278272 ], [ -54.807426, -22.278186 ] ] ] } },
{ "type": "Feature", "properties": { "id": 107185, "insc_imob": "00.11.36.34.200", "quadra_cartorio": null, "lote_cartorio": "05", "matricula": "130907", "circunscricao": "1º CIRCUNSCRIÇÃO", "zoneamento": "AUM - ÁREA DE USO MISTO", "condominio": null, "area_geom": 200.0, "cnm": "062661.2.0130907-14" }, "geometry": { "type": "Polygon", "coordinates": [ [ [ -54.808194, -22.276424 ], [ -54.808287, -22.276398 ], [ -54.808315, -22.276485 ], [ -54.808343, -22.276571 ], [ -54.80825, -22.276597 ], [ -54.808222, -22.276511 ], [ -54.808194, -22.276424 ] ] ] } },
{ "type": "Feature", "properties": { "id": 107184, "insc_imob": "00.11.36.59.100", "quadra_cartorio": null, "lote_cartorio": "25", "matricula": "131098", "circunscricao": "1º CIRCUNSCRIÇÃO", "zoneamento": "AUM - ÁREA DE USO MISTO", "condominio": null, "area_geom": 200.0, "cnm": "062661.2.0131098-23" }, "geometry": { "type": "Polygon", "coordinates": [ [ [ -54.80576, -22.274287 ], [ -54.805853, -22.274261 ], [ -54.805881, -22.274347 ], [ -54.805909, -22.274434 ], [ -54.805816, -22.27446 ], [ -54.80576, -22.274287 ] ] ] } },
{ "type": "Feature", "properties": { "id": 107261, "insc_imob": "00.11.36.24.070", "quadra_cartorio": null, "lote_cartorio": "22", "matricula": "130984", "circunscricao": "1º CIRCUNSCRIÇÃO", "zoneamento": "AUM - ÁREA DE USO MISTO", "condominio": null, "area_geom": 200.0, "cnm": "062661.2.0130984-74" }, "geometry": { "type": "Polygon", "coordinates": [ [ [ -54.808665, -22.277254 ], [ -54.808637, -22.277168 ], [ -54.80873, -22.277142 ], [ -54.808758, -22.277228 ], [ -54.808786, -22.277314 ], [ -54.808693, -22.27734 ], [ -54.808665, -22.277254 ] ] ] } },
{ "type": "Feature", "properties": { "id": 107260, "insc_imob": "00.11.36.24.220", "quadra_cartorio": null, "lote_cartorio": "07", "matricula": "130969", "circunscricao": "1º CIRCUNSCRIÇÃO", "zoneamento": "AUM - ÁREA DE USO MISTO", "condominio": null, "area_geom": 200.0, "cnm": "062661.2.0130969-22" }, "geometry": { "type": "Polygon", "coordinates": [ [ [ -54.808693, -22.27734 ], [ -54.808786, -22.277314 ], [ -54.808814, -22.277401 ], [ -54.808842, -22.277487 ], [ -54.808749, -22.277513 ], [ -54.808721, -22.277427 ], [ -54.808693, -22.27734 ] ] ] } },
{ "type": "Feature", "properties": { "id": 107263, "insc_imob": "00.11.36.24.060", "quadra_cartorio": null, "lote_cartorio": "21", "matricula": "130983", "circunscricao": "1º CIRCUNSCRIÇÃO", "zoneamento": "AUM - ÁREA DE USO MISTO", "condominio": null, "area_geom": 200.0, "cnm": "062661.2.0130983-77" }, "geometry": { "type": "Polygon", "coordinates": [ [ [ -54.808758, -22.277228 ], [ -54.80873, -22.277142 ], [ -54.808823, -22.277116 ], [ -54.808851, -22.277202 ], [ -54.808879, -22.277288 ], [ -54.808786, -22.277314 ], [ -54.808758, -22.277228 ] ] ] } },
{ "type": "Feature", "properties": { "id": 107262, "insc_imob": "00.11.36.24.230", "quadra_cartorio": null, "lote_cartorio": "08", "matricula": "130970", "circunscricao": "1º CIRCUNSCRIÇÃO", "zoneamento": "AUM - ÁREA DE USO MISTO", "condominio": null, "area_geom": 200.0, "cnm": "062661.2.0130970-19" }, "geometry": { "type": "Polygon", "coordinates": [ [ [ -54.808786, -22.277314 ], [ -54.808879, -22.277288 ], [ -54.808906, -22.277375 ], [ -54.808934, -22.277461 ], [ -54.808842, -22.277487 ], [ -54.808814, -22.277401 ], [ -54.808786, -22.277314 ] ] ] } },
{ "type": "Feature", "properties": { "id": 117753, "insc_imob": "00.11.36.59.250", "quadra_cartorio": null, "lote_cartorio": "11", "matricula": "131084", "circunscricao": "1º CIRCUNSCRIÇÃO", "zoneamento": "AUM - ÁREA DE USO MISTO", "condominio": null, "area_geom": 200.0, "cnm": "062661.2.0131084-65" }, "geometry": { "type": "Polygon", "coordinates": [ [ [ -54.806466, -22.274278 ], [ -54.806559, -22.274252 ], [ -54.806587, -22.274338 ], [ -54.806615, -22.274425 ], [ -54.806522, -22.274451 ], [ -54.806494, -22.274364 ], [ -54.806466, -22.274278 ] ] ] } },
{ "type": "Feature", "properties": { "id": 78251, "insc_imob": "00.11.31.19.180", "quadra_cartorio": null, "lote_cartorio": "05", "matricula": "149399", "circunscricao": "1º CIRCUNSCRIÇÃO", "zoneamento": "AUM - ÁREA DE USO MISTO", "condominio": null, "area_geom": 200.0, "cnm": "062661.2.0149399-22" }, "geometry": { "type": "Polygon", "coordinates": [ [ [ -54.767536, -22.274721 ], [ -54.76751, -22.2749 ], [ -54.767414, -22.274888 ], [ -54.76744, -22.274709 ], [ -54.767536, -22.274721 ] ] ] } },
{ "type": "Feature", "properties": { "id": 78244, "insc_imob": "00.11.31.18.010", "quadra_cartorio": null, "lote_cartorio": "01", "matricula": "149388", "circunscricao": "1º CIRCUNSCRIÇÃO", "zoneamento": "AUM - ÁREA DE USO MISTO", "condominio": null, "area_geom": 200.0, "cnm": "062661.2.0149388-55" }, "geometry": { "type": "Polygon", "coordinates": [ [ [ -54.768292, -22.274907 ], [ -54.7681, -22.274883 ], [ -54.768113, -22.274794 ], [ -54.768305, -22.274818 ], [ -54.768292, -22.274907 ] ] ] } },
{ "type": "Feature", "properties": { "id": 78246, "insc_imob": "00.11.31.18.020", "quadra_cartorio": null, "lote_cartorio": "02", "matricula": "149389", "circunscricao": "1º CIRCUNSCRIÇÃO", "zoneamento": "AUM - ÁREA DE USO MISTO", "condominio": null, "area_geom": 200.0, "cnm": "062661.2.0149389-52" }, "geometry": { "type": "Polygon", "coordinates": [ [ [ -54.768279, -22.274997 ], [ -54.768087, -22.274973 ], [ -54.7681, -22.274883 ], [ -54.768292, -22.274907 ], [ -54.768279, -22.274997 ] ] ] } },
{ "type": "Feature", "properties": { "id": 78344, "insc_imob": "00.11.31.39.210", "quadra_cartorio": null, "lote_cartorio": "05", "matricula": "149489", "circunscricao": "1º CIRCUNSCRIÇÃO", "zoneamento": "AUM - ÁREA DE USO MISTO", "condominio": null, "area_geom": 200.0, "cnm": "062661.2.0149489-43" }, "geometry": { "type": "Polygon", "coordinates": [ [ [ -54.767135, -22.275966 ], [ -54.766943, -22.275942 ], [ -54.766956, -22.275853 ], [ -54.767148, -22.275877 ], [ -54.767135, -22.275966 ] ] ] } },
{ "type": "Feature", "properties": { "id": 78345, "insc_imob": "00.11.31.39.200", "quadra_cartorio": null, "lote_cartorio": "06", "matricula": "149490", "circunscricao": "1º CIRCUNSCRIÇÃO", "zoneamento": "AUM - ÁREA DE USO MISTO", "condominio": null, "area_geom": 200.0, "cnm": "062661.2.0149490-40" }, "geometry": { "type": "Polygon", "coordinates": [ [ [ -54.767122, -22.276056 ], [ -54.76693, -22.276032 ], [ -54.766933, -22.276007 ], [ -54.766943, -22.275942 ], [ -54.767135, -22.275966 ], [ -54.767122, -22.276056 ] ] ] } },
{ "type": "Feature", "properties": { "id": 78346, "insc_imob": "00.11.31.39.190", "quadra_cartorio": null, "lote_cartorio": "07", "matricula": "149491", "circunscricao": "1º CIRCUNSCRIÇÃO", "zoneamento": "AUM - ÁREA DE USO MISTO", "condominio": null, "area_geom": 200.0, "cnm": "062661.2.0149491-37" }, "geometry": { "type": "Polygon", "coordinates": [ [ [ -54.767109, -22.276145 ], [ -54.766917, -22.276121 ], [ -54.76693, -22.276032 ], [ -54.767122, -22.276056 ], [ -54.767109, -22.276145 ] ] ] } },
{ "type": "Feature", "properties": { "id": 78347, "insc_imob": "00.11.31.39.180", "quadra_cartorio": null, "lote_cartorio": "08", "matricula": "149492", "circunscricao": "1º CIRCUNSCRIÇÃO", "zoneamento": "AUM - ÁREA DE USO MISTO", "condominio": null, "area_geom": 200.0, "cnm": "062661.2.0149492-34" }, "geometry": { "type": "Polygon", "coordinates": [ [ [ -54.767096, -22.276235 ], [ -54.766904, -22.276211 ], [ -54.766917, -22.276121 ], [ -54.767109, -22.276145 ], [ -54.767096, -22.276235 ] ] ] } },
{ "type": "Feature", "properties": { "id": 78372, "insc_imob": "00.11.31.40.200", "quadra_cartorio": null, "lote_cartorio": "06", "matricula": "149514", "circunscricao": "1º CIRCUNSCRIÇÃO", "zoneamento": "AUM - ÁREA DE USO MISTO", "condominio": null, "area_geom": 200.0, "cnm": "062661.2.0149514-65" }, "geometry": { "type": "Polygon", "coordinates": [ [ [ -54.766142, -22.275548 ], [ -54.766116, -22.275727 ], [ -54.76602, -22.275715 ], [ -54.766046, -22.275536 ], [ -54.766142, -22.275548 ] ] ] } },
{ "type": "Feature", "properties": { "id": 78374, "insc_imob": "00.11.31.40.180", "quadra_cartorio": null, "lote_cartorio": "08", "matricula": "149516", "circunscricao": "1º CIRCUNSCRIÇÃO", "zoneamento": "AUM - ÁREA DE USO MISTO", "condominio": null, "area_geom": 200.0, "cnm": "062661.2.0149516-59" }, "geometry": { "type": "Polygon", "coordinates": [ [ [ -54.76595, -22.275524 ], [ -54.765924, -22.275703 ], [ -54.765828, -22.275691 ], [ -54.765854, -22.275512 ], [ -54.76595, -22.275524 ] ] ] } },
{ "type": "Feature", "properties": { "id": 78375, "insc_imob": "00.11.31.40.170", "quadra_cartorio": null, "lote_cartorio": "09", "matricula": "149517", "circunscricao": "1º CIRCUNSCRIÇÃO", "zoneamento": "AUM - ÁREA DE USO MISTO", "condominio": null, "area_geom": 200.0, "cnm": "062661.2.0149517-56" }, "geometry": { "type": "Polygon", "coordinates": [ [ [ -54.765854, -22.275512 ], [ -54.765828, -22.275691 ], [ -54.765732, -22.275679 ], [ -54.765758, -22.2755 ], [ -54.765854, -22.275512 ] ] ] } },
{ "type": "Feature", "properties": { "id": 78354, "insc_imob": "00.11.31.39.010", "quadra_cartorio": null, "lote_cartorio": "01", "matricula": "149485", "circunscricao": "1º CIRCUNSCRIÇÃO", "zoneamento": "AUM - ÁREA DE USO MISTO", "condominio": null, "area_geom": 243.63, "cnm": "062661.2.0149485-55" }, "geometry": { "type": "Polygon", "coordinates": [ [ [ -54.767203, -22.275499 ], [ -54.767187, -22.275608 ], [ -54.766995, -22.275584 ], [ -54.767011, -22.275475 ], [ -54.767203, -22.275499 ] ] ] } },
{ "type": "Feature", "properties": { "id": 78401, "insc_imob": "00.11.31.60.020", "quadra_cartorio": null, "lote_cartorio": "02", "matricula": "149560", "circunscricao": "1º CIRCUNSCRIÇÃO", "zoneamento": "AUM - ÁREA DE USO MISTO", "condominio": null, "area_geom": 235.55, "cnm": "062661.2.0149560-24" }, "geometry": { "type": "Polygon", "coordinates": [ [ [ -54.766248, -22.276382 ], [ -54.766223, -22.276553 ], [ -54.766106, -22.276547 ], [ -54.766133, -22.276367 ], [ -54.766248, -22.276382 ] ] ] } },
{ "type": "Feature", "properties": { "id": 78402, "insc_imob": "00.11.31.60.010", "quadra_cartorio": null, "lote_cartorio": "01", "matricula": "149559", "circunscricao": "1º CIRCUNSCRIÇÃO", "zoneamento": "AUM - ÁREA DE USO MISTO", "condominio": null, "area_geom": 223.7, "cnm": "062661.2.0149559-27" }, "geometry": { "type": "Polygon", "coordinates": [ [ [ -54.766363, -22.276396 ], [ -54.76634, -22.276559 ], [ -54.766223, -22.276553 ], [ -54.766248, -22.276382 ], [ -54.766363, -22.276396 ] ] ] } },
{ "type": "Feature", "properties": { "id": 78405, "insc_imob": "00.11.31.18.030", "quadra_cartorio": null, "lote_cartorio": "03", "matricula": "149390", "circunscricao": "1º CIRCUNSCRIÇÃO", "zoneamento": "AUM - ÁREA DE USO MISTO", "condominio": null, "area_geom": 200.0, "cnm": "062661.2.0149390-49" }, "geometry": { "type": "Polygon", "coordinates": [ [ [ -54.768266, -22.275086 ], [ -54.768074, -22.275062 ], [ -54.768087, -22.274973 ], [ -54.768279, -22.274997 ], [ -54.768266, -22.275086 ] ] ] } },
{ "type": "Feature", "properties": { "id": 115801, "insc_imob": "00.11.36.22.020", "quadra_cartorio": null, "lote_cartorio": "02", "matricula": "130706", "circunscricao": "1º CIRCUNSCRIÇÃO", "zoneamento": "AUM - ÁREA DE USO MISTO", "condominio": null, "area_geom": 200.04, "cnm": "062661.2.0130706-35" }, "geometry": { "type": "Polygon", "coordinates": [ [ [ -54.810423, -22.276324 ], [ -54.810583, -22.276222 ], [ -54.810638, -22.276297 ], [ -54.810477, -22.276399 ], [ -54.810423, -22.276324 ] ] ] } },
{ "type": "Feature", "properties": { "id": 6317, "insc_imob": "00.11.36.31.130", "quadra_cartorio": null, "lote_cartorio": "28", "matricula": "131655", "circunscricao": "1º CIRCUNSCRIÇÃO", "zoneamento": "AUM - ÁREA DE USO MISTO", "condominio": null, "area_geom": 200.0, "cnm": "062661.2.0131655-98" }, "geometry": { "type": "Polygon", "coordinates": [ [ [ -54.8042, -22.27792 ], [ -54.804386, -22.277868 ], [ -54.804414, -22.277955 ], [ -54.804228, -22.278007 ], [ -54.8042, -22.27792 ] ] ] } },
{ "type": "Feature", "properties": { "id": 76802, "insc_imob": "00.11.31.10.180", "quadra_cartorio": null, "lote_cartorio": "18", "matricula": "140886", "circunscricao": "1º CIRCUNSCRIÇÃO", "zoneamento": "AUM - ÁREA DE USO MISTO", "condominio": null, "area_geom": 200.0, "cnm": "062661.2.0140886-50" }, "geometry": { "type": "Polygon", "coordinates": [ [ [ -54.766405, -22.274078 ], [ -54.766501, -22.27409 ], [ -54.766475, -22.274269 ], [ -54.766379, -22.274257 ], [ -54.766405, -22.274078 ] ] ] } },
{ "type": "Feature", "properties": { "id": 77000, "insc_imob": "00.11.31.19.010", "quadra_cartorio": null, "lote_cartorio": "01", "matricula": "140897", "circunscricao": "1º CIRCUNSCRIÇÃO", "zoneamento": "AUM - ÁREA DE USO MISTO", "condominio": null, "area_geom": 200.0, "cnm": "062661.2.0140897-17" }, "geometry": { "type": "Polygon", "coordinates": [ [ [ -54.767754, -22.274566 ], [ -54.767946, -22.274591 ], [ -54.767933, -22.27468 ], [ -54.767741, -22.274656 ], [ -54.767754, -22.274566 ] ] ] } },
{ "type": "Feature", "properties": { "id": 77001, "insc_imob": "00.11.31.19.090", "quadra_cartorio": null, "lote_cartorio": "09", "matricula": "140905", "circunscricao": "1º CIRCUNSCRIÇÃO", "zoneamento": "AUM - ÁREA DE USO MISTO", "condominio": null, "area_geom": 199.99, "cnm": "062661.2.0140905-90" }, "geometry": { "type": "Polygon", "coordinates": [ [ [ -54.767081, -22.274482 ], [ -54.767177, -22.274494 ], [ -54.767151, -22.274673 ], [ -54.767055, -22.274661 ], [ -54.767081, -22.274482 ] ] ] } },
{ "type": "Feature", "properties": { "id": 122398, "insc_imob": "00.11.33.13.090", "quadra_cartorio": "13", "lote_cartorio": "08", "matricula": "162780", "circunscricao": "1º CIRCUNSCRIÇÃO", "zoneamento": "ZEII - ZONA ESPECIAL DE INTERESSE INDUSTRIAL", "condominio": null, "area_geom": 6044.4, "cnm": "062661.2.0162780-37" }, "geometry": { "type": "Polygon", "coordinates": [ [ [ -54.780562, -22.275914 ], [ -54.780082, -22.275849 ], [ -54.780107, -22.27567 ], [ -54.77963, -22.275609 ], [ -54.779677, -22.275241 ], [ -54.780157, -22.275309 ], [ -54.780185, -22.275131 ], [ -54.780665, -22.275198 ], [ -54.780562, -22.275914 ] ] ] } },
{ "type": "Feature", "properties": { "id": 6319, "insc_imob": "00.11.36.31.290", "quadra_cartorio": null, "lote_cartorio": "14", "matricula": "131641", "circunscricao": "1º CIRCUNSCRIÇÃO", "zoneamento": "AUM - ÁREA DE USO MISTO", "condominio": null, "area_geom": 200.0, "cnm": "062661.2.0131641-43" }, "geometry": { "type": "Polygon", "coordinates": [ [ [ -54.805463, -22.277755 ], [ -54.805649, -22.277703 ], [ -54.805677, -22.277789 ], [ -54.805491, -22.277841 ], [ -54.805463, -22.277755 ] ] ] } },
{ "type": "Feature", "properties": { "id": 6318, "insc_imob": "00.11.36.31.280", "quadra_cartorio": null, "lote_cartorio": "13", "matricula": "131640", "circunscricao": "1º CIRCUNSCRIÇÃO", "zoneamento": "AUM - ÁREA DE USO MISTO", "condominio": null, "area_geom": 200.0, "cnm": "062661.2.0131640-46" }, "geometry": { "type": "Polygon", "coordinates": [ [ [ -54.805677, -22.277789 ], [ -54.805705, -22.277876 ], [ -54.805519, -22.277928 ], [ -54.805491, -22.277841 ], [ -54.805677, -22.277789 ] ] ] } },
{ "type": "Feature", "properties": { "id": 6329, "insc_imob": "00.11.36.31.090", "quadra_cartorio": null, "lote_cartorio": "24", "matricula": "131651", "circunscricao": "1º CIRCUNSCRIÇÃO", "zoneamento": "AUM - ÁREA DE USO MISTO", "condominio": null, "area_geom": 200.0, "cnm": "062661.2.0131651-13" }, "geometry": { "type": "Polygon", "coordinates": [ [ [ -54.804692, -22.277877 ], [ -54.804664, -22.27779 ], [ -54.804757, -22.277764 ], [ -54.804785, -22.277851 ], [ -54.804813, -22.277937 ], [ -54.80472, -22.277963 ], [ -54.804692, -22.277877 ] ] ] } },
{ "type": "Feature", "properties": { "id": 6328, "insc_imob": "00.11.36.31.200", "quadra_cartorio": null, "lote_cartorio": "05", "matricula": "131632", "circunscricao": "1º CIRCUNSCRIÇÃO", "zoneamento": "AUM - ÁREA DE USO MISTO", "condominio": null, "area_geom": 200.0, "cnm": "062661.2.0131632-70" }, "geometry": { "type": "Polygon", "coordinates": [ [ [ -54.80472, -22.277963 ], [ -54.804813, -22.277937 ], [ -54.804841, -22.278024 ], [ -54.804869, -22.27811 ], [ -54.804776, -22.278136 ], [ -54.804748, -22.27805 ], [ -54.80472, -22.277963 ] ] ] } },
{ "type": "Feature", "properties": { "id": 6335, "insc_imob": "00.11.36.31.220", "quadra_cartorio": null, "lote_cartorio": "07", "matricula": "131634", "circunscricao": "1º CIRCUNSCRIÇÃO", "zoneamento": "AUM - ÁREA DE USO MISTO", "condominio": null, "area_geom": 200.0, "cnm": "062661.2.0131634-64" }, "geometry": { "type": "Polygon", "coordinates": [ [ [ -54.804906, -22.277911 ], [ -54.804999, -22.277885 ], [ -54.805027, -22.277972 ], [ -54.805055, -22.278058 ], [ -54.804962, -22.278084 ], [ -54.804934, -22.277998 ], [ -54.804906, -22.277911 ] ] ] } },
{ "type": "Feature", "properties": { "id": 6334, "insc_imob": "00.11.36.31.210", "quadra_cartorio": null, "lote_cartorio": "06", "matricula": "131633", "circunscricao": "1º CIRCUNSCRIÇÃO", "zoneamento": "AUM - ÁREA DE USO MISTO", "condominio": null, "area_geom": 200.0, "cnm": "062661.2.0131633-67" }, "geometry": { "type": "Polygon", "coordinates": [ [ [ -54.804813, -22.277937 ], [ -54.804906, -22.277911 ], [ -54.804934, -22.277998 ], [ -54.804962, -22.278084 ], [ -54.804869, -22.27811 ], [ -54.804841, -22.278024 ], [ -54.804813, -22.277937 ] ] ] } },
{ "type": "Feature", "properties": { "id": 6321, "insc_imob": "00.11.36.31.010", "quadra_cartorio": null, "lote_cartorio": "16", "matricula": "131643", "circunscricao": "1º CIRCUNSCRIÇÃO", "zoneamento": "AUM - ÁREA DE USO MISTO", "condominio": null, "area_geom": 200.0, "cnm": "062661.2.0131643-37" }, "geometry": { "type": "Polygon", "coordinates": [ [ [ -54.805407, -22.277582 ], [ -54.805593, -22.27753 ], [ -54.805621, -22.277617 ], [ -54.805435, -22.277669 ], [ -54.805407, -22.277582 ] ] ] } },
{ "type": "Feature", "properties": { "id": 6320, "insc_imob": "00.11.36.31.300", "quadra_cartorio": null, "lote_cartorio": "15", "matricula": "131642", "circunscricao": "1º CIRCUNSCRIÇÃO", "zoneamento": "AUM - ÁREA DE USO MISTO", "condominio": null, "area_geom": 200.0, "cnm": "062661.2.0131642-40" }, "geometry": { "type": "Polygon", "coordinates": [ [ [ -54.805435, -22.277669 ], [ -54.805621, -22.277617 ], [ -54.805649, -22.277703 ], [ -54.805463, -22.277755 ], [ -54.805435, -22.277669 ] ] ] } },
{ "type": "Feature", "properties": { "id": 6323, "insc_imob": "00.11.36.31.120", "quadra_cartorio": null, "lote_cartorio": "27", "matricula": "131654", "circunscricao": "1º CIRCUNSCRIÇÃO", "zoneamento": "AUM - ÁREA DE USO MISTO", "condominio": null, "area_geom": 200.0, "cnm": "062661.2.0131654-04" }, "geometry": { "type": "Polygon", "coordinates": [ [ [ -54.804386, -22.277868 ], [ -54.804479, -22.277842 ], [ -54.804506, -22.277929 ], [ -54.804534, -22.278015 ], [ -54.804442, -22.278041 ], [ -54.804414, -22.277955 ], [ -54.804386, -22.277868 ] ] ] } },
{ "type": "Feature", "properties": { "id": 6322, "insc_imob": "00.11.36.31.170", "quadra_cartorio": null, "lote_cartorio": "02", "matricula": "131629", "circunscricao": "1º CIRCUNSCRIÇÃO", "zoneamento": "AUM - ÁREA DE USO MISTO", "condominio": null, "area_geom": 200.0, "cnm": "062661.2.0131629-79" }, "geometry": { "type": "Polygon", "coordinates": [ [ [ -54.804442, -22.278041 ], [ -54.804534, -22.278015 ], [ -54.804562, -22.278102 ], [ -54.80459, -22.278188 ], [ -54.804497, -22.278214 ], [ -54.80447, -22.278128 ], [ -54.804442, -22.278041 ] ] ] } },
{ "type": "Feature", "properties": { "id": 6325, "insc_imob": "00.11.36.31.110", "quadra_cartorio": null, "lote_cartorio": "26", "matricula": "131653", "circunscricao": "1º CIRCUNSCRIÇÃO", "zoneamento": "AUM - ÁREA DE USO MISTO", "condominio": null, "area_geom": 200.0, "cnm": "062661.2.0131653-07" }, "geometry": { "type": "Polygon", "coordinates": [ [ [ -54.804506, -22.277929 ], [ -54.804479, -22.277842 ], [ -54.804571, -22.277816 ], [ -54.804599, -22.277903 ], [ -54.804627, -22.277989 ], [ -54.804534, -22.278015 ], [ -54.804506, -22.277929 ] ] ] } },
{ "type": "Feature", "properties": { "id": 6324, "insc_imob": "00.11.36.31.180", "quadra_cartorio": null, "lote_cartorio": "03", "matricula": "131630", "circunscricao": "1º CIRCUNSCRIÇÃO", "zoneamento": "AUM - ÁREA DE USO MISTO", "condominio": null, "area_geom": 200.0, "cnm": "062661.2.0131630-76" }, "geometry": { "type": "Polygon", "coordinates": [ [ [ -54.804534, -22.278015 ], [ -54.804627, -22.277989 ], [ -54.804655, -22.278076 ], [ -54.804683, -22.278162 ], [ -54.80459, -22.278188 ], [ -54.804562, -22.278102 ], [ -54.804534, -22.278015 ] ] ] } },
{ "type": "Feature", "properties": { "id": 6581, "insc_imob": "00.11.36.42.100", "quadra_cartorio": null, "lote_cartorio": "25", "matricula": "131592", "circunscricao": "1º CIRCUNSCRIÇÃO", "zoneamento": "AUM - ÁREA DE USO MISTO", "condominio": null, "area_geom": 200.0, "cnm": "062661.2.0131592-93" }, "geometry": { "type": "Polygon", "coordinates": [ [ [ -54.804286, -22.276935 ], [ -54.804258, -22.276848 ], [ -54.804351, -22.276822 ], [ -54.804379, -22.276909 ], [ -54.804407, -22.276995 ], [ -54.804314, -22.277021 ], [ -54.804286, -22.276935 ] ] ] } },
{ "type": "Feature", "properties": { "id": 6582, "insc_imob": "00.11.36.42.090", "quadra_cartorio": null, "lote_cartorio": "24", "matricula": "131591", "circunscricao": "1º CIRCUNSCRIÇÃO", "zoneamento": "AUM - ÁREA DE USO MISTO", "condominio": null, "area_geom": 200.0, "cnm": "062661.2.0131591-96" }, "geometry": { "type": "Polygon", "coordinates": [ [ [ -54.804379, -22.276909 ], [ -54.804351, -22.276822 ], [ -54.804444, -22.276796 ], [ -54.804472, -22.276882 ], [ -54.8045, -22.276969 ], [ -54.804407, -22.276995 ], [ -54.804379, -22.276909 ] ] ] } },
{ "type": "Feature", "properties": { "id": 7738, "insc_imob": "00.11.36.34.130", "quadra_cartorio": null, "lote_cartorio": "28", "matricula": "130930", "circunscricao": "1º CIRCUNSCRIÇÃO", "zoneamento": "AUM - ÁREA DE USO MISTO", "condominio": null, "area_geom": 200.0, "cnm": "062661.2.0130930-42" }, "geometry": { "type": "Polygon", "coordinates": [ [ [ -54.807673, -22.276382 ], [ -54.807859, -22.276329 ], [ -54.807887, -22.276416 ], [ -54.807701, -22.276468 ], [ -54.807673, -22.276382 ] ] ] } },
{ "type": "Feature", "properties": { "id": 6583, "insc_imob": "00.11.36.42.210", "quadra_cartorio": null, "lote_cartorio": "06", "matricula": "131573", "circunscricao": "1º CIRCUNSCRIÇÃO", "zoneamento": "AUM - ÁREA DE USO MISTO", "condominio": null, "area_geom": 200.0, "cnm": "062661.2.0131573-53" }, "geometry": { "type": "Polygon", "coordinates": [ [ [ -54.8045, -22.276969 ], [ -54.804593, -22.276943 ], [ -54.804621, -22.277029 ], [ -54.804649, -22.277116 ], [ -54.804556, -22.277142 ], [ -54.804528, -22.277055 ], [ -54.8045, -22.276969 ] ] ] } },
{ "type": "Feature", "properties": { "id": 6297, "insc_imob": "00.11.36.31.140", "quadra_cartorio": null, "lote_cartorio": "29", "matricula": "131656", "circunscricao": "1º CIRCUNSCRIÇÃO", "zoneamento": "AUM - ÁREA DE USO MISTO", "condominio": null, "area_geom": 200.0, "cnm": "062661.2.0131656-95" }, "geometry": { "type": "Polygon", "coordinates": [ [ [ -54.804228, -22.278007 ], [ -54.804414, -22.277955 ], [ -54.804442, -22.278041 ], [ -54.804256, -22.278093 ], [ -54.804228, -22.278007 ] ] ] } },
{ "type": "Feature", "properties": { "id": 6296, "insc_imob": "00.11.36.31.150", "quadra_cartorio": null, "lote_cartorio": "30", "matricula": "131657", "circunscricao": "1º CIRCUNSCRIÇÃO", "zoneamento": "AUM - ÁREA DE USO MISTO", "condominio": null, "area_geom": 200.0, "cnm": "062661.2.0131657-92" }, "geometry": { "type": "Polygon", "coordinates": [ [ [ -54.804256, -22.278093 ], [ -54.804442, -22.278041 ], [ -54.80447, -22.278128 ], [ -54.804284, -22.27818 ], [ -54.804256, -22.278093 ] ] ] } },
{ "type": "Feature", "properties": { "id": 6539, "insc_imob": "00.11.36.43.220", "quadra_cartorio": null, "lote_cartorio": "10", "matricula": "131809", "circunscricao": "1º CIRCUNSCRIÇÃO", "zoneamento": "AUM - ÁREA DE USO MISTO", "condominio": null, "area_geom": 200.0, "cnm": "062661.2.0131809-24" }, "geometry": { "type": "Polygon", "coordinates": [ [ [ -54.803552, -22.277234 ], [ -54.803645, -22.277208 ], [ -54.803673, -22.277295 ], [ -54.803701, -22.277381 ], [ -54.803608, -22.277407 ], [ -54.803552, -22.277234 ] ] ] } },
{ "type": "Feature", "properties": { "id": 6538, "insc_imob": "00.11.36.43.010", "quadra_cartorio": null, "lote_cartorio": "14", "matricula": "131813", "circunscricao": "1º CIRCUNSCRIÇÃO", "zoneamento": "AUM - ÁREA DE USO MISTO", "condominio": null, "area_geom": 200.0, "cnm": "062661.2.0131813-12" }, "geometry": { "type": "Polygon", "coordinates": [ [ [ -54.803589, -22.277035 ], [ -54.803775, -22.276983 ], [ -54.803803, -22.27707 ], [ -54.803617, -22.277122 ], [ -54.803589, -22.277035 ] ] ] } },
{ "type": "Feature", "properties": { "id": 6541, "insc_imob": "00.11.36.43.210", "quadra_cartorio": null, "lote_cartorio": "09", "matricula": "131808", "circunscricao": "1º CIRCUNSCRIÇÃO", "zoneamento": "AUM - ÁREA DE USO MISTO", "condominio": null, "area_geom": 200.0, "cnm": "062661.2.0131808-27" }, "geometry": { "type": "Polygon", "coordinates": [ [ [ -54.80346, -22.27726 ], [ -54.803552, -22.277234 ], [ -54.803608, -22.277407 ], [ -54.803515, -22.277433 ], [ -54.80346, -22.27726 ] ] ] } },
{ "type": "Feature", "properties": { "id": 6540, "insc_imob": "00.11.36.43.020", "quadra_cartorio": null, "lote_cartorio": "15", "matricula": "131814", "circunscricao": "1º CIRCUNSCRIÇÃO", "zoneamento": "AUM - ÁREA DE USO MISTO", "condominio": null, "area_geom": 200.0, "cnm": "062661.2.0131814-09" }, "geometry": { "type": "Polygon", "coordinates": [ [ [ -54.803497, -22.277061 ], [ -54.803589, -22.277035 ], [ -54.803617, -22.277122 ], [ -54.803645, -22.277208 ], [ -54.803552, -22.277234 ], [ -54.803497, -22.277061 ] ] ] } },
{ "type": "Feature", "properties": { "id": 6543, "insc_imob": "00.11.36.43.200", "quadra_cartorio": null, "lote_cartorio": "08", "matricula": "131807", "circunscricao": "1º CIRCUNSCRIÇÃO", "zoneamento": "AUM - ÁREA DE USO MISTO", "condominio": null, "area_geom": 200.0, "cnm": "062661.2.0131807-30" }, "geometry": { "type": "Polygon", "coordinates": [ [ [ -54.803367, -22.277286 ], [ -54.80346, -22.27726 ], [ -54.803515, -22.277433 ], [ -54.803423, -22.277459 ], [ -54.803367, -22.277286 ] ] ] } },
{ "type": "Feature", "properties": { "id": 6542, "insc_imob": "00.11.36.43.030", "quadra_cartorio": null, "lote_cartorio": "16", "matricula": "131815", "circunscricao": "1º CIRCUNSCRIÇÃO", "zoneamento": "AUM - ÁREA DE USO MISTO", "condominio": null, "area_geom": 200.0, "cnm": "062661.2.0131815-06" }, "geometry": { "type": "Polygon", "coordinates": [ [ [ -54.803404, -22.277088 ], [ -54.803497, -22.277061 ], [ -54.803552, -22.277234 ], [ -54.80346, -22.27726 ], [ -54.803404, -22.277088 ] ] ] } },
{ "type": "Feature", "properties": { "id": 7740, "insc_imob": "00.11.36.34.010", "quadra_cartorio": null, "lote_cartorio": "16", "matricula": "130918", "circunscricao": "1º CIRCUNSCRIÇÃO", "zoneamento": "AUM - ÁREA DE USO MISTO", "condominio": null, "area_geom": 200.0, "cnm": "062661.2.0130918-78" }, "geometry": { "type": "Polygon", "coordinates": [ [ [ -54.808881, -22.276043 ], [ -54.809067, -22.275991 ], [ -54.809095, -22.276078 ], [ -54.808909, -22.27613 ], [ -54.808881, -22.276043 ] ] ] } },
{ "type": "Feature", "properties": { "id": 11967, "insc_imob": "00.11.36.12.290", "quadra_cartorio": null, "lote_cartorio": "14", "matricula": "131036", "circunscricao": "1º CIRCUNSCRIÇÃO", "zoneamento": "AUM - ÁREA DE USO MISTO", "condominio": null, "area_geom": 200.0, "cnm": "062661.2.0131036-15" }, "geometry": { "type": "Polygon", "coordinates": [ [ [ -54.809541, -22.278083 ], [ -54.809727, -22.278031 ], [ -54.809755, -22.278118 ], [ -54.809569, -22.27817 ], [ -54.809541, -22.278083 ] ] ] } },
{ "type": "Feature", "properties": { "id": 6531, "insc_imob": "00.11.36.38.190", "quadra_cartorio": null, "lote_cartorio": "14", "matricula": "131828", "circunscricao": "1º CIRCUNSCRIÇÃO", "zoneamento": "ZEIA - ZONA ESPECIAL DE INTERESSE AMBIENTAL", "condominio": null, "area_geom": 200.0, "cnm": "062661.2.0131828-64" }, "geometry": { "type": "Polygon", "coordinates": [ [ [ -54.802955, -22.277892 ], [ -54.803048, -22.277866 ], [ -54.803104, -22.278039 ], [ -54.803011, -22.278065 ], [ -54.802955, -22.277892 ] ] ] } },
{ "type": "Feature", "properties": { "id": 6530, "insc_imob": "00.11.36.38.090", "quadra_cartorio": null, "lote_cartorio": "24", "matricula": "131848", "circunscricao": "1º CIRCUNSCRIÇÃO", "zoneamento": "AUM - ÁREA DE USO MISTO", "condominio": null, "area_geom": 200.0, "cnm": "062661.2.0131848-04" }, "geometry": { "type": "Polygon", "coordinates": [ [ [ -54.802992, -22.277693 ], [ -54.803085, -22.277667 ], [ -54.803141, -22.27784 ], [ -54.803048, -22.277866 ], [ -54.802992, -22.277693 ] ] ] } },
{ "type": "Feature", "properties": { "id": 6533, "insc_imob": "00.11.36.38.180", "quadra_cartorio": null, "lote_cartorio": "03", "matricula": "131827", "circunscricao": "1º CIRCUNSCRIÇÃO", "zoneamento": "ZEIA - ZONA ESPECIAL DE INTERESSE AMBIENTAL", "condominio": null, "area_geom": 200.0, "cnm": "062661.2.0131827-67" }, "geometry": { "type": "Polygon", "coordinates": [ [ [ -54.802862, -22.277918 ], [ -54.802955, -22.277892 ], [ -54.803011, -22.278065 ], [ -54.802918, -22.278091 ], [ -54.802862, -22.277918 ] ] ] } },
{ "type": "Feature", "properties": { "id": 6532, "insc_imob": "00.11.36.38.100", "quadra_cartorio": null, "lote_cartorio": "25", "matricula": "131849", "circunscricao": "1º CIRCUNSCRIÇÃO", "zoneamento": "ZEIA - ZONA ESPECIAL DE INTERESSE AMBIENTAL", "condominio": null, "area_geom": 200.0, "cnm": "062661.2.0131849-98" }, "geometry": { "type": "Polygon", "coordinates": [ [ [ -54.802899, -22.277719 ], [ -54.802992, -22.277693 ], [ -54.803048, -22.277866 ], [ -54.802955, -22.277892 ], [ -54.802899, -22.277719 ] ] ] } },
{ "type": "Feature", "properties": { "id": 6535, "insc_imob": "00.11.36.38.160", "quadra_cartorio": null, "lote_cartorio": "01", "matricula": "131825", "circunscricao": "1º CIRCUNSCRIÇÃO", "zoneamento": "ZEIA - ZONA ESPECIAL DE INTERESSE AMBIENTAL", "condominio": null, "area_geom": 200.05, "cnm": "062661.2.0131825-73" }, "geometry": { "type": "Polygon", "coordinates": [ [ [ -54.802611, -22.278083 ], [ -54.802797, -22.278031 ], [ -54.802825, -22.278117 ], [ -54.802639, -22.278169 ], [ -54.802611, -22.278083 ] ] ] } },
{ "type": "Feature", "properties": { "id": 6534, "insc_imob": "00.11.36.38.110", "quadra_cartorio": null, "lote_cartorio": "26", "matricula": "131850", "circunscricao": "1º CIRCUNSCRIÇÃO", "zoneamento": "ZEIA - ZONA ESPECIAL DE INTERESSE AMBIENTAL", "condominio": null, "area_geom": 200.0, "cnm": "062661.2.0131850-95" }, "geometry": { "type": "Polygon", "coordinates": [ [ [ -54.802806, -22.277745 ], [ -54.802899, -22.277719 ], [ -54.802955, -22.277892 ], [ -54.802862, -22.277918 ], [ -54.802806, -22.277745 ] ] ] } },
{ "type": "Feature", "properties": { "id": 6553, "insc_imob": "00.11.36.43.090", "quadra_cartorio": null, "lote_cartorio": "22", "matricula": "131821", "circunscricao": "1º CIRCUNSCRIÇÃO", "zoneamento": "AUM - ÁREA DE USO MISTO", "condominio": null, "area_geom": 200.0, "cnm": "062661.2.0131821-85" }, "geometry": { "type": "Polygon", "coordinates": [ [ [ -54.802846, -22.277244 ], [ -54.802939, -22.277218 ], [ -54.802995, -22.277391 ], [ -54.802902, -22.277417 ], [ -54.802874, -22.27733 ], [ -54.802846, -22.277244 ] ] ] } },
{ "type": "Feature", "properties": { "id": 6552, "insc_imob": "00.11.36.43.150", "quadra_cartorio": null, "lote_cartorio": "03", "matricula": "131802", "circunscricao": "1º CIRCUNSCRIÇÃO", "zoneamento": "AUM - ÁREA DE USO MISTO", "condominio": null, "area_geom": 200.0, "cnm": "062661.2.0131802-45" }, "geometry": { "type": "Polygon", "coordinates": [ [ [ -54.802902, -22.277417 ], [ -54.802995, -22.277391 ], [ -54.803051, -22.277563 ], [ -54.802958, -22.277589 ], [ -54.802902, -22.277417 ] ] ] } },
{ "type": "Feature", "properties": { "id": 6555, "insc_imob": "00.11.36.43.120", "quadra_cartorio": null, "lote_cartorio": "25", "matricula": "131824", "circunscricao": "1º CIRCUNSCRIÇÃO", "zoneamento": "ZEIA - ZONA ESPECIAL DE INTERESSE AMBIENTAL", "condominio": null, "area_geom": 259.18, "cnm": "062661.2.0131824-76" }, "geometry": { "type": "Polygon", "coordinates": [ [ [ -54.802597, -22.277502 ], [ -54.802809, -22.277443 ], [ -54.802837, -22.277529 ], [ -54.802568, -22.277604 ], [ -54.802597, -22.277502 ] ] ] } },
{ "type": "Feature", "properties": { "id": 6554, "insc_imob": "00.11.36.43.130", "quadra_cartorio": null, "lote_cartorio": "01", "matricula": "131800", "circunscricao": "1º CIRCUNSCRIÇÃO", "zoneamento": "ZEIA - ZONA ESPECIAL DE INTERESSE AMBIENTAL", "condominio": null, "area_geom": 319.56, "cnm": "062661.2.0131800-51" }, "geometry": { "type": "Polygon", "coordinates": [ [ [ -54.802568, -22.277604 ], [ -54.802837, -22.277529 ], [ -54.802865, -22.277616 ], [ -54.80254, -22.277707 ], [ -54.802568, -22.277604 ] ] ] } },
{ "type": "Feature", "properties": { "id": 6557, "insc_imob": "00.11.36.42.160", "quadra_cartorio": null, "lote_cartorio": "01", "matricula": "131568", "circunscricao": "1º CIRCUNSCRIÇÃO", "zoneamento": "AUM - ÁREA DE USO MISTO", "condominio": null, "area_geom": 200.0, "cnm": "062661.2.0131568-68" }, "geometry": { "type": "Polygon", "coordinates": [ [ [ -54.804156, -22.27716 ], [ -54.804184, -22.277246 ], [ -54.803999, -22.277298 ], [ -54.803971, -22.277212 ], [ -54.804156, -22.27716 ] ] ] } },
{ "type": "Feature", "properties": { "id": 6433, "insc_imob": "00.11.36.38.300", "quadra_cartorio": null, "lote_cartorio": "15", "matricula": "131839", "circunscricao": "1º CIRCUNSCRIÇÃO", "zoneamento": "AUM - ÁREA DE USO MISTO", "condominio": null, "area_geom": 200.0, "cnm": "062661.2.0131839-31" }, "geometry": { "type": "Polygon", "coordinates": [ [ [ -54.803763, -22.277571 ], [ -54.803949, -22.277519 ], [ -54.803977, -22.277606 ], [ -54.803791, -22.277658 ], [ -54.803763, -22.277571 ] ] ] } },
{ "type": "Feature", "properties": { "id": 6432, "insc_imob": "00.11.36.37.010", "quadra_cartorio": null, "lote_cartorio": "16", "matricula": "131613", "circunscricao": "1º CIRCUNSCRIÇÃO", "zoneamento": "AUM - ÁREA DE USO MISTO", "condominio": null, "area_geom": 200.0, "cnm": "062661.2.0131613-30" }, "geometry": { "type": "Polygon", "coordinates": [ [ [ -54.80524, -22.277063 ], [ -54.805425, -22.277011 ], [ -54.805453, -22.277098 ], [ -54.805268, -22.27715 ], [ -54.80524, -22.277063 ] ] ] } },
{ "type": "Feature", "properties": { "id": 6435, "insc_imob": "00.11.36.38.270", "quadra_cartorio": null, "lote_cartorio": "12", "matricula": "131836", "circunscricao": "1º CIRCUNSCRIÇÃO", "zoneamento": "AUM - ÁREA DE USO MISTO", "condominio": null, "area_geom": 200.0, "cnm": "062661.2.0131836-40" }, "geometry": { "type": "Polygon", "coordinates": [ [ [ -54.803698, -22.277684 ], [ -54.803791, -22.277658 ], [ -54.803819, -22.277744 ], [ -54.803847, -22.277831 ], [ -54.803754, -22.277857 ], [ -54.803698, -22.277684 ] ] ] } },
{ "type": "Feature", "properties": { "id": 6434, "insc_imob": "00.11.36.38.010", "quadra_cartorio": null, "lote_cartorio": "16", "matricula": "131840", "circunscricao": "1º CIRCUNSCRIÇÃO", "zoneamento": "AUM - ÁREA DE USO MISTO", "condominio": null, "area_geom": 200.0, "cnm": "062661.2.0131840-28" }, "geometry": { "type": "Polygon", "coordinates": [ [ [ -54.803735, -22.277485 ], [ -54.803921, -22.277433 ], [ -54.803949, -22.277519 ], [ -54.803763, -22.277571 ], [ -54.803735, -22.277485 ] ] ] } },
{ "type": "Feature", "properties": { "id": 6556, "insc_imob": "00.11.36.43.110", "quadra_cartorio": null, "lote_cartorio": "24", "matricula": "131823", "circunscricao": "1º CIRCUNSCRIÇÃO", "zoneamento": "ZEIA - ZONA ESPECIAL DE INTERESSE AMBIENTAL", "condominio": null, "area_geom": 298.78, "cnm": "062661.2.0131823-79" }, "geometry": { "type": "Polygon", "coordinates": [ [ [ -54.802625, -22.2774 ], [ -54.802874, -22.27733 ], [ -54.802902, -22.277417 ], [ -54.802809, -22.277443 ], [ -54.802597, -22.277502 ], [ -54.802625, -22.2774 ] ] ] } },
{ "type": "Feature", "properties": { "id": 6559, "insc_imob": "00.11.36.42.170", "quadra_cartorio": null, "lote_cartorio": "02", "matricula": "131569", "circunscricao": "1º CIRCUNSCRIÇÃO", "zoneamento": "AUM - ÁREA DE USO MISTO", "condominio": null, "area_geom": 200.0, "cnm": "062661.2.0131569-65" }, "geometry": { "type": "Polygon", "coordinates": [ [ [ -54.804128, -22.277073 ], [ -54.804221, -22.277047 ], [ -54.804249, -22.277133 ], [ -54.804277, -22.27722 ], [ -54.804184, -22.277246 ], [ -54.804156, -22.27716 ], [ -54.804128, -22.277073 ] ] ] } },
{ "type": "Feature", "properties": { "id": 6558, "insc_imob": "00.11.36.42.130", "quadra_cartorio": null, "lote_cartorio": "28", "matricula": "131595", "circunscricao": "1º CIRCUNSCRIÇÃO", "zoneamento": "AUM - ÁREA DE USO MISTO", "condominio": null, "area_geom": 200.0, "cnm": "062661.2.0131595-84" }, "geometry": { "type": "Polygon", "coordinates": [ [ [ -54.803887, -22.276952 ], [ -54.804072, -22.2769 ], [ -54.8041, -22.276987 ], [ -54.803915, -22.277039 ], [ -54.803887, -22.276952 ] ] ] } },
{ "type": "Feature", "properties": { "id": 6547, "insc_imob": "00.11.36.43.050", "quadra_cartorio": null, "lote_cartorio": "18", "matricula": "131817", "circunscricao": "1º CIRCUNSCRIÇÃO", "zoneamento": "AUM - ÁREA DE USO MISTO", "condominio": null, "area_geom": 200.0, "cnm": "062661.2.0131817-97" }, "geometry": { "type": "Polygon", "coordinates": [ [ [ -54.803218, -22.27714 ], [ -54.803311, -22.277114 ], [ -54.803367, -22.277286 ], [ -54.803274, -22.277312 ], [ -54.803218, -22.27714 ] ] ] } },
{ "type": "Feature", "properties": { "id": 6546, "insc_imob": "00.11.36.43.190", "quadra_cartorio": null, "lote_cartorio": "07", "matricula": "131806", "circunscricao": "1º CIRCUNSCRIÇÃO", "zoneamento": "AUM - ÁREA DE USO MISTO", "condominio": null, "area_geom": 200.0, "cnm": "062661.2.0131806-33" }, "geometry": { "type": "Polygon", "coordinates": [ [ [ -54.803274, -22.277312 ], [ -54.803367, -22.277286 ], [ -54.803423, -22.277459 ], [ -54.80333, -22.277485 ], [ -54.803274, -22.277312 ] ] ] } },
{ "type": "Feature", "properties": { "id": 6549, "insc_imob": "00.11.36.43.060", "quadra_cartorio": null, "lote_cartorio": "19", "matricula": "131818", "circunscricao": "1º CIRCUNSCRIÇÃO", "zoneamento": "AUM - ÁREA DE USO MISTO", "condominio": null, "area_geom": 200.0, "cnm": "062661.2.0131818-94" }, "geometry": { "type": "Polygon", "coordinates": [ [ [ -54.803125, -22.277166 ], [ -54.803218, -22.27714 ], [ -54.803274, -22.277312 ], [ -54.803181, -22.277339 ], [ -54.803125, -22.277166 ] ] ] } },
{ "type": "Feature", "properties": { "id": 6548, "insc_imob": "00.11.36.43.180", "quadra_cartorio": null, "lote_cartorio": "06", "matricula": "131805", "circunscricao": "1º CIRCUNSCRIÇÃO", "zoneamento": "AUM - ÁREA DE USO MISTO", "condominio": null, "area_geom": 200.0, "cnm": "062661.2.0131805-36" }, "geometry": { "type": "Polygon", "coordinates": [ [ [ -54.803181, -22.277339 ], [ -54.803274, -22.277312 ], [ -54.80333, -22.277485 ], [ -54.803237, -22.277511 ], [ -54.803181, -22.277339 ] ] ] } },
{ "type": "Feature", "properties": { "id": 6551, "insc_imob": "00.11.36.43.080", "quadra_cartorio": null, "lote_cartorio": "21", "matricula": "131820", "circunscricao": "1º CIRCUNSCRIÇÃO", "zoneamento": "AUM - ÁREA DE USO MISTO", "condominio": null, "area_geom": 200.0, "cnm": "062661.2.0131820-88" }, "geometry": { "type": "Polygon", "coordinates": [ [ [ -54.802939, -22.277218 ], [ -54.803032, -22.277192 ], [ -54.803088, -22.277365 ], [ -54.802995, -22.277391 ], [ -54.802939, -22.277218 ] ] ] } },
{ "type": "Feature", "properties": { "id": 6462, "insc_imob": "00.11.36.38.030", "quadra_cartorio": null, "lote_cartorio": "18", "matricula": "131842", "circunscricao": "1º CIRCUNSCRIÇÃO", "zoneamento": "AUM - ÁREA DE USO MISTO", "condominio": null, "area_geom": 200.0, "cnm": "062661.2.0131842-22" }, "geometry": { "type": "Polygon", "coordinates": [ [ [ -54.803549, -22.277537 ], [ -54.803642, -22.277511 ], [ -54.803698, -22.277684 ], [ -54.803605, -22.27771 ], [ -54.803549, -22.277537 ] ] ] } },
{ "type": "Feature", "properties": { "id": 6633, "insc_imob": "00.11.36.42.240", "quadra_cartorio": null, "lote_cartorio": "09", "matricula": "131576", "circunscricao": "1º CIRCUNSCRIÇÃO", "zoneamento": "AUM - ÁREA DE USO MISTO", "condominio": null, "area_geom": 200.0, "cnm": "062661.2.0131576-44" }, "geometry": { "type": "Polygon", "coordinates": [ [ [ -54.804779, -22.276891 ], [ -54.804871, -22.276865 ], [ -54.804899, -22.276951 ], [ -54.804927, -22.277038 ], [ -54.804835, -22.277064 ], [ -54.804807, -22.276977 ], [ -54.804779, -22.276891 ] ] ] } },
{ "type": "Feature", "properties": { "id": 6632, "insc_imob": "00.11.36.42.060", "quadra_cartorio": null, "lote_cartorio": "21", "matricula": "131588", "circunscricao": "1º CIRCUNSCRIÇÃO", "zoneamento": "AUM - ÁREA DE USO MISTO", "condominio": null, "area_geom": 200.0, "cnm": "062661.2.0131588-08" }, "geometry": { "type": "Polygon", "coordinates": [ [ [ -54.804658, -22.27683 ], [ -54.80463, -22.276744 ], [ -54.804723, -22.276718 ], [ -54.804751, -22.276804 ], [ -54.804779, -22.276891 ], [ -54.804686, -22.276917 ], [ -54.804658, -22.27683 ] ] ] } },
{ "type": "Feature", "properties": { "id": 6460, "insc_imob": "00.11.36.38.020", "quadra_cartorio": null, "lote_cartorio": "17", "matricula": "131841", "circunscricao": "1º CIRCUNSCRIÇÃO", "zoneamento": "AUM - ÁREA DE USO MISTO", "condominio": null, "area_geom": 200.0, "cnm": "062661.2.0131841-25" }, "geometry": { "type": "Polygon", "coordinates": [ [ [ -54.803642, -22.277511 ], [ -54.803735, -22.277485 ], [ -54.803763, -22.277571 ], [ -54.803791, -22.277658 ], [ -54.803698, -22.277684 ], [ -54.803642, -22.277511 ] ] ] } },
{ "type": "Feature", "properties": { "id": 6463, "insc_imob": "00.11.36.38.250", "quadra_cartorio": null, "lote_cartorio": "10", "matricula": "131834", "circunscricao": "1º CIRCUNSCRIÇÃO", "zoneamento": "AUM - ÁREA DE USO MISTO", "condominio": null, "area_geom": 200.0, "cnm": "062661.2.0131834-46" }, "geometry": { "type": "Polygon", "coordinates": [ [ [ -54.803512, -22.277736 ], [ -54.803605, -22.27771 ], [ -54.803661, -22.277883 ], [ -54.803568, -22.277909 ], [ -54.803512, -22.277736 ] ] ] } },
{ "type": "Feature", "properties": { "id": 6409, "insc_imob": "00.11.36.31.030", "quadra_cartorio": null, "lote_cartorio": "18", "matricula": "131645", "circunscricao": "1º CIRCUNSCRIÇÃO", "zoneamento": "AUM - ÁREA DE USO MISTO", "condominio": null, "area_geom": 200.0, "cnm": "062661.2.0131645-31" }, "geometry": { "type": "Polygon", "coordinates": [ [ [ -54.80525, -22.277721 ], [ -54.805222, -22.277634 ], [ -54.805315, -22.277608 ], [ -54.805343, -22.277695 ], [ -54.80537, -22.277781 ], [ -54.805278, -22.277807 ], [ -54.80525, -22.277721 ] ] ] } },
{ "type": "Feature", "properties": { "id": 6411, "insc_imob": "00.11.36.37.160", "quadra_cartorio": null, "lote_cartorio": "01", "matricula": "131598", "circunscricao": "1º CIRCUNSCRIÇÃO", "zoneamento": "AUM - ÁREA DE USO MISTO", "condominio": null, "area_geom": 200.0, "cnm": "062661.2.0131598-75" }, "geometry": { "type": "Polygon", "coordinates": [ [ [ -54.804116, -22.277661 ], [ -54.804302, -22.277609 ], [ -54.80433, -22.277696 ], [ -54.804144, -22.277748 ], [ -54.804116, -22.277661 ] ] ] } },
{ "type": "Feature", "properties": { "id": 6410, "insc_imob": "00.11.36.31.020", "quadra_cartorio": null, "lote_cartorio": "17", "matricula": "131644", "circunscricao": "1º CIRCUNSCRIÇÃO", "zoneamento": "AUM - ÁREA DE USO MISTO", "condominio": null, "area_geom": 200.0, "cnm": "062661.2.0131644-34" }, "geometry": { "type": "Polygon", "coordinates": [ [ [ -54.805315, -22.277608 ], [ -54.805407, -22.277582 ], [ -54.805435, -22.277669 ], [ -54.805463, -22.277755 ], [ -54.80537, -22.277781 ], [ -54.805343, -22.277695 ], [ -54.805315, -22.277608 ] ] ] } },
{ "type": "Feature", "properties": { "id": 6413, "insc_imob": "00.11.36.37.140", "quadra_cartorio": null, "lote_cartorio": "29", "matricula": "131626", "circunscricao": "1º CIRCUNSCRIÇÃO", "zoneamento": "AUM - ÁREA DE USO MISTO", "condominio": null, "area_geom": 200.0, "cnm": "062661.2.0131626-88" }, "geometry": { "type": "Polygon", "coordinates": [ [ [ -54.80406, -22.277488 ], [ -54.804246, -22.277436 ], [ -54.804274, -22.277523 ], [ -54.804088, -22.277575 ], [ -54.80406, -22.277488 ] ] ] } },
{ "type": "Feature", "properties": { "id": 6412, "insc_imob": "00.11.36.37.150", "quadra_cartorio": null, "lote_cartorio": "30", "matricula": "131627", "circunscricao": "1º CIRCUNSCRIÇÃO", "zoneamento": "AUM - ÁREA DE USO MISTO", "condominio": null, "area_geom": 200.0, "cnm": "062661.2.0131627-85" }, "geometry": { "type": "Polygon", "coordinates": [ [ [ -54.804088, -22.277575 ], [ -54.804274, -22.277523 ], [ -54.804302, -22.277609 ], [ -54.804116, -22.277661 ], [ -54.804088, -22.277575 ] ] ] } },
{ "type": "Feature", "properties": { "id": 6415, "insc_imob": "00.11.36.37.280", "quadra_cartorio": null, "lote_cartorio": "13", "matricula": "131610", "circunscricao": "1º CIRCUNSCRIÇÃO", "zoneamento": "AUM - ÁREA DE USO MISTO", "condominio": null, "area_geom": 200.0, "cnm": "062661.2.0131610-39" }, "geometry": { "type": "Polygon", "coordinates": [ [ [ -54.805324, -22.277323 ], [ -54.805509, -22.277271 ], [ -54.805537, -22.277357 ], [ -54.805352, -22.277409 ], [ -54.805324, -22.277323 ] ] ] } },
{ "type": "Feature", "properties": { "id": 6414, "insc_imob": "00.11.36.37.130", "quadra_cartorio": null, "lote_cartorio": "28", "matricula": "131625", "circunscricao": "1º CIRCUNSCRIÇÃO", "zoneamento": "AUM - ÁREA DE USO MISTO", "condominio": null, "area_geom": 200.0, "cnm": "062661.2.0131625-91" }, "geometry": { "type": "Polygon", "coordinates": [ [ [ -54.804032, -22.277402 ], [ -54.804218, -22.27735 ], [ -54.804246, -22.277436 ], [ -54.80406, -22.277488 ], [ -54.804032, -22.277402 ] ] ] } },
{ "type": "Feature", "properties": { "id": 7446, "insc_imob": "00.11.36.29.130", "quadra_cartorio": null, "lote_cartorio": "28", "matricula": "130960", "circunscricao": "1º CIRCUNSCRIÇÃO", "zoneamento": "AUM - ÁREA DE USO MISTO", "condominio": null, "area_geom": 200.0, "cnm": "062661.2.0130960-49" }, "geometry": { "type": "Polygon", "coordinates": [ [ [ -54.807841, -22.2769 ], [ -54.808027, -22.276848 ], [ -54.808055, -22.276935 ], [ -54.807869, -22.276987 ], [ -54.807841, -22.2769 ] ] ] } },
{ "type": "Feature", "properties": { "id": 6431, "insc_imob": "00.11.36.37.300", "quadra_cartorio": null, "lote_cartorio": "15", "matricula": "131612", "circunscricao": "1º CIRCUNSCRIÇÃO", "zoneamento": "AUM - ÁREA DE USO MISTO", "condominio": null, "area_geom": 200.0, "cnm": "062661.2.0131612-33" }, "geometry": { "type": "Polygon", "coordinates": [ [ [ -54.805268, -22.27715 ], [ -54.805453, -22.277098 ], [ -54.805481, -22.277184 ], [ -54.805296, -22.277236 ], [ -54.805268, -22.27715 ] ] ] } },
{ "type": "Feature", "properties": { "id": 6416, "insc_imob": "00.11.36.37.290", "quadra_cartorio": null, "lote_cartorio": "14", "matricula": "131611", "circunscricao": "1º CIRCUNSCRIÇÃO", "zoneamento": "AUM - ÁREA DE USO MISTO", "condominio": null, "area_geom": 200.0, "cnm": "062661.2.0131611-36" }, "geometry": { "type": "Polygon", "coordinates": [ [ [ -54.805296, -22.277236 ], [ -54.805481, -22.277184 ], [ -54.805509, -22.277271 ], [ -54.805324, -22.277323 ], [ -54.805296, -22.277236 ] ] ] } },
{ "type": "Feature", "properties": { "id": 6507, "insc_imob": "00.11.36.38.210", "quadra_cartorio": null, "lote_cartorio": "06", "matricula": "131830", "circunscricao": "1º CIRCUNSCRIÇÃO", "zoneamento": "AUM - ÁREA DE USO MISTO", "condominio": null, "area_geom": 200.0, "cnm": "062661.2.0131830-58" }, "geometry": { "type": "Polygon", "coordinates": [ [ [ -54.803141, -22.27784 ], [ -54.803233, -22.277814 ], [ -54.803261, -22.277901 ], [ -54.803289, -22.277987 ], [ -54.803196, -22.278013 ], [ -54.803141, -22.27784 ] ] ] } },
{ "type": "Feature", "properties": { "id": 6509, "insc_imob": "00.11.36.38.200", "quadra_cartorio": null, "lote_cartorio": "05", "matricula": "131829", "circunscricao": "1º CIRCUNSCRIÇÃO", "zoneamento": "AUM - ÁREA DE USO MISTO", "condominio": null, "area_geom": 200.0, "cnm": "062661.2.0131829-61" }, "geometry": { "type": "Polygon", "coordinates": [ [ [ -54.803048, -22.277866 ], [ -54.803141, -22.27784 ], [ -54.803196, -22.278013 ], [ -54.803104, -22.278039 ], [ -54.803048, -22.277866 ] ] ] } },
{ "type": "Feature", "properties": { "id": 6508, "insc_imob": "00.11.36.38.080", "quadra_cartorio": null, "lote_cartorio": "23", "matricula": "131847", "circunscricao": "1º CIRCUNSCRIÇÃO", "zoneamento": "AUM - ÁREA DE USO MISTO", "condominio": null, "area_geom": 200.0, "cnm": "062661.2.0131847-07" }, "geometry": { "type": "Polygon", "coordinates": [ [ [ -54.803085, -22.277667 ], [ -54.803177, -22.277641 ], [ -54.803233, -22.277814 ], [ -54.803141, -22.27784 ], [ -54.803085, -22.277667 ] ] ] } },
{ "type": "Feature", "properties": { "id": 6479, "insc_imob": "00.11.36.38.060", "quadra_cartorio": null, "lote_cartorio": "21", "matricula": "131845", "circunscricao": "1º CIRCUNSCRIÇÃO", "zoneamento": "AUM - ÁREA DE USO MISTO", "condominio": null, "area_geom": 200.0, "cnm": "062661.2.0131845-13" }, "geometry": { "type": "Polygon", "coordinates": [ [ [ -54.80327, -22.277615 ], [ -54.803363, -22.277589 ], [ -54.803419, -22.277762 ], [ -54.803326, -22.277788 ], [ -54.80327, -22.277615 ] ] ] } },
{ "type": "Feature", "properties": { "id": 6478, "insc_imob": "00.11.36.38.230", "quadra_cartorio": null, "lote_cartorio": "08", "matricula": "131832", "circunscricao": "1º CIRCUNSCRIÇÃO", "zoneamento": "AUM - ÁREA DE USO MISTO", "condominio": null, "area_geom": 200.0, "cnm": "062661.2.0131832-52" }, "geometry": { "type": "Polygon", "coordinates": [ [ [ -54.803326, -22.277788 ], [ -54.803419, -22.277762 ], [ -54.803475, -22.277935 ], [ -54.803382, -22.277961 ], [ -54.803326, -22.277788 ] ] ] } },
{ "type": "Feature", "properties": { "id": 6465, "insc_imob": "00.11.36.38.240", "quadra_cartorio": null, "lote_cartorio": "09", "matricula": "131833", "circunscricao": "1º CIRCUNSCRIÇÃO", "zoneamento": "AUM - ÁREA DE USO MISTO", "condominio": null, "area_geom": 200.0, "cnm": "062661.2.0131833-49" }, "geometry": { "type": "Polygon", "coordinates": [ [ [ -54.803419, -22.277762 ], [ -54.803512, -22.277736 ], [ -54.803568, -22.277909 ], [ -54.803475, -22.277935 ], [ -54.803419, -22.277762 ] ] ] } },
{ "type": "Feature", "properties": { "id": 6464, "insc_imob": "00.11.36.38.040", "quadra_cartorio": null, "lote_cartorio": "19", "matricula": "131843", "circunscricao": "1º CIRCUNSCRIÇÃO", "zoneamento": "AUM - ÁREA DE USO MISTO", "condominio": null, "area_geom": 200.0, "cnm": "062661.2.0131843-19" }, "geometry": { "type": "Polygon", "coordinates": [ [ [ -54.803456, -22.277563 ], [ -54.803549, -22.277537 ], [ -54.803605, -22.27771 ], [ -54.803512, -22.277736 ], [ -54.803456, -22.277563 ] ] ] } },
{ "type": "Feature", "properties": { "id": 6466, "insc_imob": "00.11.36.38.050", "quadra_cartorio": null, "lote_cartorio": "20", "matricula": "131844", "circunscricao": "1º CIRCUNSCRIÇÃO", "zoneamento": "AUM - ÁREA DE USO MISTO", "condominio": null, "area_geom": 200.0, "cnm": "062661.2.0131844-16" }, "geometry": { "type": "Polygon", "coordinates": [ [ [ -54.803363, -22.277589 ], [ -54.803456, -22.277563 ], [ -54.803512, -22.277736 ], [ -54.803419, -22.277762 ], [ -54.803363, -22.277589 ] ] ] } },
{ "type": "Feature", "properties": { "id": 6481, "insc_imob": "00.11.36.38.070", "quadra_cartorio": null, "lote_cartorio": "22", "matricula": "131846", "circunscricao": "1º CIRCUNSCRIÇÃO", "zoneamento": "AUM - ÁREA DE USO MISTO", "condominio": null, "area_geom": 200.0, "cnm": "062661.2.0131846-10" }, "geometry": { "type": "Polygon", "coordinates": [ [ [ -54.803177, -22.277641 ], [ -54.80327, -22.277615 ], [ -54.803326, -22.277788 ], [ -54.803233, -22.277814 ], [ -54.803177, -22.277641 ] ] ] } },
{ "type": "Feature", "properties": { "id": 6480, "insc_imob": "00.11.36.38.220", "quadra_cartorio": null, "lote_cartorio": "07", "matricula": "131831", "circunscricao": "1º CIRCUNSCRIÇÃO", "zoneamento": "AUM - ÁREA DE USO MISTO", "condominio": null, "area_geom": 200.0, "cnm": "062661.2.0131831-55" }, "geometry": { "type": "Polygon", "coordinates": [ [ [ -54.803233, -22.277814 ], [ -54.803326, -22.277788 ], [ -54.803382, -22.277961 ], [ -54.803289, -22.277987 ], [ -54.803261, -22.277901 ], [ -54.803233, -22.277814 ] ] ] } },
{ "type": "Feature", "properties": { "id": 6561, "insc_imob": "00.11.36.42.180", "quadra_cartorio": null, "lote_cartorio": "03", "matricula": "131570", "circunscricao": "1º CIRCUNSCRIÇÃO", "zoneamento": "AUM - ÁREA DE USO MISTO", "condominio": null, "area_geom": 200.0, "cnm": "062661.2.0131570-62" }, "geometry": { "type": "Polygon", "coordinates": [ [ [ -54.804221, -22.277047 ], [ -54.804314, -22.277021 ], [ -54.804342, -22.277107 ], [ -54.80437, -22.277194 ], [ -54.804277, -22.27722 ], [ -54.804249, -22.277133 ], [ -54.804221, -22.277047 ] ] ] } },
{ "type": "Feature", "properties": { "id": 6560, "insc_imob": "00.11.36.42.120", "quadra_cartorio": null, "lote_cartorio": "27", "matricula": "131594", "circunscricao": "1º CIRCUNSCRIÇÃO", "zoneamento": "AUM - ÁREA DE USO MISTO", "condominio": null, "area_geom": 200.0, "cnm": "062661.2.0131594-87" }, "geometry": { "type": "Polygon", "coordinates": [ [ [ -54.804072, -22.2769 ], [ -54.804165, -22.276874 ], [ -54.804193, -22.276961 ], [ -54.804221, -22.277047 ], [ -54.804128, -22.277073 ], [ -54.8041, -22.276987 ], [ -54.804072, -22.2769 ] ] ] } },
{ "type": "Feature", "properties": { "id": 6563, "insc_imob": "00.11.36.42.190", "quadra_cartorio": null, "lote_cartorio": "04", "matricula": "131571", "circunscricao": "1º CIRCUNSCRIÇÃO", "zoneamento": "AUM - ÁREA DE USO MISTO", "condominio": null, "area_geom": 200.0, "cnm": "062661.2.0131571-59" }, "geometry": { "type": "Polygon", "coordinates": [ [ [ -54.804314, -22.277021 ], [ -54.804407, -22.276995 ], [ -54.804435, -22.277081 ], [ -54.804463, -22.277168 ], [ -54.80437, -22.277194 ], [ -54.804342, -22.277107 ], [ -54.804314, -22.277021 ] ] ] } },
{ "type": "Feature", "properties": { "id": 6562, "insc_imob": "00.11.36.42.110", "quadra_cartorio": null, "lote_cartorio": "26", "matricula": "131593", "circunscricao": "1º CIRCUNSCRIÇÃO", "zoneamento": "AUM - ÁREA DE USO MISTO", "condominio": null, "area_geom": 200.0, "cnm": "062661.2.0131593-90" }, "geometry": { "type": "Polygon", "coordinates": [ [ [ -54.804165, -22.276874 ], [ -54.804258, -22.276848 ], [ -54.804286, -22.276935 ], [ -54.804314, -22.277021 ], [ -54.804221, -22.277047 ], [ -54.804193, -22.276961 ], [ -54.804165, -22.276874 ] ] ] } },
{ "type": "Feature", "properties": { "id": 6609, "insc_imob": "00.11.36.42.070", "quadra_cartorio": null, "lote_cartorio": "22", "matricula": "131589", "circunscricao": "1º CIRCUNSCRIÇÃO", "zoneamento": "AUM - ÁREA DE USO MISTO", "condominio": null, "area_geom": 200.0, "cnm": "062661.2.0131589-05" }, "geometry": { "type": "Polygon", "coordinates": [ [ [ -54.804565, -22.276856 ], [ -54.804537, -22.27677 ], [ -54.80463, -22.276744 ], [ -54.804658, -22.27683 ], [ -54.804686, -22.276917 ], [ -54.804593, -22.276943 ], [ -54.804565, -22.276856 ] ] ] } },
{ "type": "Feature", "properties": { "id": 6608, "insc_imob": "00.11.36.42.220", "quadra_cartorio": null, "lote_cartorio": "07", "matricula": "131574", "circunscricao": "1º CIRCUNSCRIÇÃO", "zoneamento": "AUM - ÁREA DE USO MISTO", "condominio": null, "area_geom": 200.0, "cnm": "062661.2.0131574-50" }, "geometry": { "type": "Polygon", "coordinates": [ [ [ -54.804593, -22.276943 ], [ -54.804686, -22.276917 ], [ -54.804714, -22.277003 ], [ -54.804742, -22.27709 ], [ -54.804649, -22.277116 ], [ -54.804621, -22.277029 ], [ -54.804593, -22.276943 ] ] ] } },
{ "type": "Feature", "properties": { "id": 6201, "insc_imob": "00.11.36.27.250", "quadra_cartorio": null, "lote_cartorio": "10", "matricula": "131667", "circunscricao": "1º CIRCUNSCRIÇÃO", "zoneamento": "AUM - ÁREA DE USO MISTO", "condominio": null, "area_geom": 200.0, "cnm": "062661.2.0131667-62" }, "geometry": { "type": "Polygon", "coordinates": [ [ [ -54.80533, -22.278283 ], [ -54.805423, -22.278257 ], [ -54.805451, -22.278343 ], [ -54.805479, -22.27843 ], [ -54.805386, -22.278456 ], [ -54.805358, -22.278369 ], [ -54.80533, -22.278283 ] ] ] } },
{ "type": "Feature", "properties": { "id": 6200, "insc_imob": "00.11.36.27.050", "quadra_cartorio": null, "lote_cartorio": "20", "matricula": "131677", "circunscricao": "1º CIRCUNSCRIÇÃO", "zoneamento": "AUM - ÁREA DE USO MISTO", "condominio": null, "area_geom": 200.0, "cnm": "062661.2.0131677-32" }, "geometry": { "type": "Polygon", "coordinates": [ [ [ -54.805209, -22.278222 ], [ -54.805181, -22.278136 ], [ -54.805274, -22.27811 ], [ -54.805302, -22.278196 ], [ -54.80533, -22.278283 ], [ -54.805237, -22.278309 ], [ -54.805209, -22.278222 ] ] ] } },
{ "type": "Feature", "properties": { "id": 6197, "insc_imob": "00.11.36.27.230", "quadra_cartorio": null, "lote_cartorio": "08", "matricula": "131665", "circunscricao": "1º CIRCUNSCRIÇÃO", "zoneamento": "AUM - ÁREA DE USO MISTO", "condominio": null, "area_geom": 200.0, "cnm": "062661.2.0131665-68" }, "geometry": { "type": "Polygon", "coordinates": [ [ [ -54.805144, -22.278335 ], [ -54.805237, -22.278309 ], [ -54.805265, -22.278395 ], [ -54.805293, -22.278482 ], [ -54.8052, -22.278508 ], [ -54.805172, -22.278421 ], [ -54.805144, -22.278335 ] ] ] } },
{ "type": "Feature", "properties": { "id": 6199, "insc_imob": "00.11.36.27.240", "quadra_cartorio": null, "lote_cartorio": "09", "matricula": "131666", "circunscricao": "1º CIRCUNSCRIÇÃO", "zoneamento": "AUM - ÁREA DE USO MISTO", "condominio": null, "area_geom": 200.0, "cnm": "062661.2.0131666-65" }, "geometry": { "type": "Polygon", "coordinates": [ [ [ -54.805237, -22.278309 ], [ -54.80533, -22.278283 ], [ -54.805358, -22.278369 ], [ -54.805386, -22.278456 ], [ -54.805293, -22.278482 ], [ -54.805265, -22.278395 ], [ -54.805237, -22.278309 ] ] ] } },
{ "type": "Feature", "properties": { "id": 6145, "insc_imob": "00.11.36.27.090", "quadra_cartorio": null, "lote_cartorio": "24", "matricula": "131681", "circunscricao": "1º CIRCUNSCRIÇÃO", "zoneamento": "AUM - ÁREA DE USO MISTO", "condominio": null, "area_geom": 200.0, "cnm": "062661.2.0131681-20" }, "geometry": { "type": "Polygon", "coordinates": [ [ [ -54.80481, -22.27824 ], [ -54.804903, -22.278214 ], [ -54.804931, -22.2783 ], [ -54.804959, -22.278387 ], [ -54.804866, -22.278413 ], [ -54.804838, -22.278326 ], [ -54.80481, -22.27824 ] ] ] } },
{ "type": "Feature", "properties": { "id": 6171, "insc_imob": "00.11.36.27.080", "quadra_cartorio": null, "lote_cartorio": "23", "matricula": "131680", "circunscricao": "1º CIRCUNSCRIÇÃO", "zoneamento": "AUM - ÁREA DE USO MISTO", "condominio": null, "area_geom": 200.0, "cnm": "062661.2.0131680-23" }, "geometry": { "type": "Polygon", "coordinates": [ [ [ -54.804903, -22.278214 ], [ -54.804995, -22.278188 ], [ -54.805023, -22.278274 ], [ -54.805051, -22.278361 ], [ -54.804959, -22.278387 ], [ -54.804931, -22.2783 ], [ -54.804903, -22.278214 ] ] ] } },
{ "type": "Feature", "properties": { "id": 6170, "insc_imob": "00.11.36.27.210", "quadra_cartorio": null, "lote_cartorio": "06", "matricula": "131663", "circunscricao": "1º CIRCUNSCRIÇÃO", "zoneamento": "AUM - ÁREA DE USO MISTO", "condominio": null, "area_geom": 200.0, "cnm": "062661.2.0131663-74" }, "geometry": { "type": "Polygon", "coordinates": [ [ [ -54.804959, -22.278387 ], [ -54.805051, -22.278361 ], [ -54.805079, -22.278447 ], [ -54.805107, -22.278534 ], [ -54.805014, -22.27856 ], [ -54.804987, -22.278473 ], [ -54.804959, -22.278387 ] ] ] } },
{ "type": "Feature", "properties": { "id": 6173, "insc_imob": "00.11.36.27.070", "quadra_cartorio": null, "lote_cartorio": "22", "matricula": "131679", "circunscricao": "1º CIRCUNSCRIÇÃO", "zoneamento": "AUM - ÁREA DE USO MISTO", "condominio": null, "area_geom": 200.0, "cnm": "062661.2.0131679-26" }, "geometry": { "type": "Polygon", "coordinates": [ [ [ -54.804995, -22.278188 ], [ -54.805088, -22.278162 ], [ -54.805116, -22.278248 ], [ -54.805144, -22.278335 ], [ -54.805051, -22.278361 ], [ -54.805023, -22.278274 ], [ -54.804995, -22.278188 ] ] ] } },
{ "type": "Feature", "properties": { "id": 6172, "insc_imob": "00.11.36.27.220", "quadra_cartorio": null, "lote_cartorio": "07", "matricula": "131664", "circunscricao": "1º CIRCUNSCRIÇÃO", "zoneamento": "AUM - ÁREA DE USO MISTO", "condominio": null, "area_geom": 200.0, "cnm": "062661.2.0131664-71" }, "geometry": { "type": "Polygon", "coordinates": [ [ [ -54.805051, -22.278361 ], [ -54.805144, -22.278335 ], [ -54.805172, -22.278421 ], [ -54.8052, -22.278508 ], [ -54.805107, -22.278534 ], [ -54.805079, -22.278447 ], [ -54.805051, -22.278361 ] ] ] } },
{ "type": "Feature", "properties": { "id": 6262, "insc_imob": "00.11.36.27.040", "quadra_cartorio": null, "lote_cartorio": "19", "matricula": "131676", "circunscricao": "1º CIRCUNSCRIÇÃO", "zoneamento": "AUM - ÁREA DE USO MISTO", "condominio": null, "area_geom": 200.0, "cnm": "062661.2.0131676-35" }, "geometry": { "type": "Polygon", "coordinates": [ [ [ -54.805302, -22.278196 ], [ -54.805274, -22.27811 ], [ -54.805367, -22.278084 ], [ -54.805395, -22.27817 ], [ -54.805423, -22.278257 ], [ -54.80533, -22.278283 ], [ -54.805302, -22.278196 ] ] ] } },
{ "type": "Feature", "properties": { "id": 6326, "insc_imob": "00.11.36.31.190", "quadra_cartorio": null, "lote_cartorio": "04", "matricula": "131631", "circunscricao": "1º CIRCUNSCRIÇÃO", "zoneamento": "AUM - ÁREA DE USO MISTO", "condominio": null, "area_geom": 200.0, "cnm": "062661.2.0131631-73" }, "geometry": { "type": "Polygon", "coordinates": [ [ [ -54.804627, -22.277989 ], [ -54.80472, -22.277963 ], [ -54.804748, -22.27805 ], [ -54.804776, -22.278136 ], [ -54.804683, -22.278162 ], [ -54.804655, -22.278076 ], [ -54.804627, -22.277989 ] ] ] } },
{ "type": "Feature", "properties": { "id": 6293, "insc_imob": "00.11.36.27.030", "quadra_cartorio": null, "lote_cartorio": "18", "matricula": "131675", "circunscricao": "1º CIRCUNSCRIÇÃO", "zoneamento": "AUM - ÁREA DE USO MISTO", "condominio": null, "area_geom": 200.0, "cnm": "062661.2.0131675-38" }, "geometry": { "type": "Polygon", "coordinates": [ [ [ -54.805395, -22.27817 ], [ -54.805367, -22.278084 ], [ -54.80546, -22.278058 ], [ -54.805488, -22.278144 ], [ -54.805516, -22.278231 ], [ -54.805423, -22.278257 ], [ -54.805395, -22.27817 ] ] ] } },
{ "type": "Feature", "properties": { "id": 6292, "insc_imob": "00.11.36.27.260", "quadra_cartorio": null, "lote_cartorio": "11", "matricula": "131668", "circunscricao": "1º CIRCUNSCRIÇÃO", "zoneamento": "AUM - ÁREA DE USO MISTO", "condominio": null, "area_geom": 200.0, "cnm": "062661.2.0131668-59" }, "geometry": { "type": "Polygon", "coordinates": [ [ [ -54.805423, -22.278257 ], [ -54.805516, -22.278231 ], [ -54.805544, -22.278317 ], [ -54.805572, -22.278404 ], [ -54.805479, -22.27843 ], [ -54.805451, -22.278343 ], [ -54.805423, -22.278257 ] ] ] } },
{ "type": "Feature", "properties": { "id": 6295, "insc_imob": "00.11.36.31.160", "quadra_cartorio": null, "lote_cartorio": "01", "matricula": "131628", "circunscricao": "1º CIRCUNSCRIÇÃO", "zoneamento": "AUM - ÁREA DE USO MISTO", "condominio": null, "area_geom": 200.0, "cnm": "062661.2.0131628-82" }, "geometry": { "type": "Polygon", "coordinates": [ [ [ -54.80447, -22.278128 ], [ -54.804497, -22.278214 ], [ -54.804312, -22.278266 ], [ -54.804284, -22.27818 ], [ -54.80447, -22.278128 ] ] ] } },
{ "type": "Feature", "properties": { "id": 6294, "insc_imob": "00.11.36.27.270", "quadra_cartorio": null, "lote_cartorio": "12", "matricula": "131669", "circunscricao": "1º CIRCUNSCRIÇÃO", "zoneamento": "AUM - ÁREA DE USO MISTO", "condominio": null, "area_geom": 200.0, "cnm": "062661.2.0131669-56" }, "geometry": { "type": "Polygon", "coordinates": [ [ [ -54.805516, -22.278231 ], [ -54.805609, -22.278205 ], [ -54.805637, -22.278291 ], [ -54.805665, -22.278377 ], [ -54.805572, -22.278404 ], [ -54.805544, -22.278317 ], [ -54.805516, -22.278231 ] ] ] } },
{ "type": "Feature", "properties": { "id": 6385, "insc_imob": "00.11.36.31.040", "quadra_cartorio": null, "lote_cartorio": "19", "matricula": "131646", "circunscricao": "1º CIRCUNSCRIÇÃO", "zoneamento": "AUM - ÁREA DE USO MISTO", "condominio": null, "area_geom": 200.0, "cnm": "062661.2.0131646-28" }, "geometry": { "type": "Polygon", "coordinates": [ [ [ -54.805157, -22.277747 ], [ -54.805129, -22.27766 ], [ -54.805222, -22.277634 ], [ -54.80525, -22.277721 ], [ -54.805278, -22.277807 ], [ -54.805185, -22.277833 ], [ -54.805157, -22.277747 ] ] ] } },
{ "type": "Feature", "properties": { "id": 6384, "insc_imob": "00.11.36.31.250", "quadra_cartorio": null, "lote_cartorio": "10", "matricula": "131637", "circunscricao": "1º CIRCUNSCRIÇÃO", "zoneamento": "AUM - ÁREA DE USO MISTO", "condominio": null, "area_geom": 200.0, "cnm": "062661.2.0131637-55" }, "geometry": { "type": "Polygon", "coordinates": [ [ [ -54.805185, -22.277833 ], [ -54.805278, -22.277807 ], [ -54.805306, -22.277894 ], [ -54.805334, -22.27798 ], [ -54.805241, -22.278006 ], [ -54.805213, -22.27792 ], [ -54.805185, -22.277833 ] ] ] } },
{ "type": "Feature", "properties": { "id": 6386, "insc_imob": "00.11.36.31.260", "quadra_cartorio": null, "lote_cartorio": "11", "matricula": "131638", "circunscricao": "1º CIRCUNSCRIÇÃO", "zoneamento": "AUM - ÁREA DE USO MISTO", "condominio": null, "area_geom": 200.0, "cnm": "062661.2.0131638-52" }, "geometry": { "type": "Polygon", "coordinates": [ [ [ -54.805278, -22.277807 ], [ -54.80537, -22.277781 ], [ -54.805398, -22.277868 ], [ -54.805426, -22.277954 ], [ -54.805334, -22.27798 ], [ -54.805306, -22.277894 ], [ -54.805278, -22.277807 ] ] ] } },
{ "type": "Feature", "properties": { "id": 6336, "insc_imob": "00.11.36.31.070", "quadra_cartorio": null, "lote_cartorio": "22", "matricula": "131649", "circunscricao": "1º CIRCUNSCRIÇÃO", "zoneamento": "AUM - ÁREA DE USO MISTO", "condominio": null, "area_geom": 200.0, "cnm": "062661.2.0131649-19" }, "geometry": { "type": "Polygon", "coordinates": [ [ [ -54.804878, -22.277825 ], [ -54.80485, -22.277738 ], [ -54.804943, -22.277712 ], [ -54.804971, -22.277799 ], [ -54.804999, -22.277885 ], [ -54.804906, -22.277911 ], [ -54.804878, -22.277825 ] ] ] } },
{ "type": "Feature", "properties": { "id": 6361, "insc_imob": "00.11.36.31.060", "quadra_cartorio": null, "lote_cartorio": "21", "matricula": "131648", "circunscricao": "1º CIRCUNSCRIÇÃO", "zoneamento": "AUM - ÁREA DE USO MISTO", "condominio": null, "area_geom": 200.0, "cnm": "062661.2.0131648-22" }, "geometry": { "type": "Polygon", "coordinates": [ [ [ -54.804971, -22.277799 ], [ -54.804943, -22.277712 ], [ -54.805036, -22.277686 ], [ -54.805064, -22.277773 ], [ -54.805092, -22.277859 ], [ -54.804999, -22.277885 ], [ -54.804971, -22.277799 ] ] ] } },
{ "type": "Feature", "properties": { "id": 6360, "insc_imob": "00.11.36.31.230", "quadra_cartorio": null, "lote_cartorio": "08", "matricula": "131635", "circunscricao": "1º CIRCUNSCRIÇÃO", "zoneamento": "AUM - ÁREA DE USO MISTO", "condominio": null, "area_geom": 200.0, "cnm": "062661.2.0131635-61" }, "geometry": { "type": "Polygon", "coordinates": [ [ [ -54.804999, -22.277885 ], [ -54.805092, -22.277859 ], [ -54.80512, -22.277946 ], [ -54.805148, -22.278032 ], [ -54.805055, -22.278058 ], [ -54.805027, -22.277972 ], [ -54.804999, -22.277885 ] ] ] } },
{ "type": "Feature", "properties": { "id": 6363, "insc_imob": "00.11.36.31.050", "quadra_cartorio": null, "lote_cartorio": "20", "matricula": "131647", "circunscricao": "1º CIRCUNSCRIÇÃO", "zoneamento": "AUM - ÁREA DE USO MISTO", "condominio": null, "area_geom": 200.0, "cnm": "062661.2.0131647-25" }, "geometry": { "type": "Polygon", "coordinates": [ [ [ -54.805064, -22.277773 ], [ -54.805036, -22.277686 ], [ -54.805129, -22.27766 ], [ -54.805157, -22.277747 ], [ -54.805185, -22.277833 ], [ -54.805092, -22.277859 ], [ -54.805064, -22.277773 ] ] ] } },
{ "type": "Feature", "properties": { "id": 6362, "insc_imob": "00.11.36.31.240", "quadra_cartorio": null, "lote_cartorio": "09", "matricula": "131636", "circunscricao": "1º CIRCUNSCRIÇÃO", "zoneamento": "AUM - ÁREA DE USO MISTO", "condominio": null, "area_geom": 200.0, "cnm": "062661.2.0131636-58" }, "geometry": { "type": "Polygon", "coordinates": [ [ [ -54.805092, -22.277859 ], [ -54.805185, -22.277833 ], [ -54.805213, -22.27792 ], [ -54.805241, -22.278006 ], [ -54.805148, -22.278032 ], [ -54.80512, -22.277946 ], [ -54.805092, -22.277859 ] ] ] } },
{ "type": "Feature", "properties": { "id": 6959, "insc_imob": "00.11.36.48.100", "quadra_cartorio": null, "lote_cartorio": "25", "matricula": "131562", "circunscricao": "1º CIRCUNSCRIÇÃO", "zoneamento": "AUM - ÁREA DE USO MISTO", "condominio": null, "area_geom": 200.0, "cnm": "062661.2.0131562-86" }, "geometry": { "type": "Polygon", "coordinates": [ [ [ -54.804113, -22.276399 ], [ -54.804206, -22.276373 ], [ -54.804234, -22.276459 ], [ -54.804262, -22.276545 ], [ -54.804169, -22.276571 ], [ -54.804141, -22.276485 ], [ -54.804113, -22.276399 ] ] ] } },
{ "type": "Feature", "properties": { "id": 6969, "insc_imob": "00.11.36.48.250", "quadra_cartorio": null, "lote_cartorio": "10", "matricula": "131547", "circunscricao": "1º CIRCUNSCRIÇÃO", "zoneamento": "AUM - ÁREA DE USO MISTO", "condominio": null, "area_geom": 200.0, "cnm": "062661.2.0131547-34" }, "geometry": { "type": "Polygon", "coordinates": [ [ [ -54.804726, -22.276415 ], [ -54.804819, -22.276389 ], [ -54.804847, -22.276476 ], [ -54.804875, -22.276562 ], [ -54.804782, -22.276588 ], [ -54.804754, -22.276502 ], [ -54.804726, -22.276415 ] ] ] } },
{ "type": "Feature", "properties": { "id": 6968, "insc_imob": "00.11.36.48.050", "quadra_cartorio": null, "lote_cartorio": "20", "matricula": "131557", "circunscricao": "1º CIRCUNSCRIÇÃO", "zoneamento": "AUM - ÁREA DE USO MISTO", "condominio": null, "area_geom": 200.0, "cnm": "062661.2.0131557-04" }, "geometry": { "type": "Polygon", "coordinates": [ [ [ -54.804577, -22.276268 ], [ -54.80467, -22.276242 ], [ -54.804698, -22.276329 ], [ -54.804726, -22.276415 ], [ -54.804633, -22.276441 ], [ -54.804605, -22.276355 ], [ -54.804577, -22.276268 ] ] ] } },
{ "type": "Feature", "properties": { "id": 6971, "insc_imob": "00.11.36.48.030", "quadra_cartorio": null, "lote_cartorio": "18", "matricula": "131555", "circunscricao": "1º CIRCUNSCRIÇÃO", "zoneamento": "AUM - ÁREA DE USO MISTO", "condominio": null, "area_geom": 200.0, "cnm": "062661.2.0131555-10" }, "geometry": { "type": "Polygon", "coordinates": [ [ [ -54.804763, -22.276216 ], [ -54.804856, -22.27619 ], [ -54.804884, -22.276277 ], [ -54.804912, -22.276363 ], [ -54.804819, -22.276389 ], [ -54.804791, -22.276303 ], [ -54.804763, -22.276216 ] ] ] } },
{ "type": "Feature", "properties": { "id": 6970, "insc_imob": "00.11.36.48.040", "quadra_cartorio": null, "lote_cartorio": "19", "matricula": "131556", "circunscricao": "1º CIRCUNSCRIÇÃO", "zoneamento": "AUM - ÁREA DE USO MISTO", "condominio": null, "area_geom": 200.0, "cnm": "062661.2.0131556-07" }, "geometry": { "type": "Polygon", "coordinates": [ [ [ -54.804698, -22.276329 ], [ -54.80467, -22.276242 ], [ -54.804763, -22.276216 ], [ -54.804791, -22.276303 ], [ -54.804819, -22.276389 ], [ -54.804726, -22.276415 ], [ -54.804698, -22.276329 ] ] ] } },
{ "type": "Feature", "properties": { "id": 6960, "insc_imob": "00.11.36.48.200", "quadra_cartorio": null, "lote_cartorio": "05", "matricula": "131542", "circunscricao": "1º CIRCUNSCRIÇÃO", "zoneamento": "AUM - ÁREA DE USO MISTO", "condominio": null, "area_geom": 200.0, "cnm": "062661.2.0131542-49" }, "geometry": { "type": "Polygon", "coordinates": [ [ [ -54.804262, -22.276545 ], [ -54.804355, -22.276519 ], [ -54.804382, -22.276606 ], [ -54.80441, -22.276692 ], [ -54.804318, -22.276718 ], [ -54.80429, -22.276632 ], [ -54.804262, -22.276545 ] ] ] } },
{ "type": "Feature", "properties": { "id": 6963, "insc_imob": "00.11.36.48.080", "quadra_cartorio": null, "lote_cartorio": "23", "matricula": "131560", "circunscricao": "1º CIRCUNSCRIÇÃO", "zoneamento": "AUM - ÁREA DE USO MISTO", "condominio": null, "area_geom": 200.0, "cnm": "062661.2.0131560-92" }, "geometry": { "type": "Polygon", "coordinates": [ [ [ -54.804327, -22.276433 ], [ -54.804299, -22.276346 ], [ -54.804391, -22.27632 ], [ -54.804419, -22.276407 ], [ -54.804447, -22.276493 ], [ -54.804355, -22.276519 ], [ -54.804327, -22.276433 ] ] ] } },
{ "type": "Feature", "properties": { "id": 6962, "insc_imob": "00.11.36.48.210", "quadra_cartorio": null, "lote_cartorio": "06", "matricula": "131543", "circunscricao": "1º CIRCUNSCRIÇÃO", "zoneamento": "AUM - ÁREA DE USO MISTO", "condominio": null, "area_geom": 200.0, "cnm": "062661.2.0131543-46" }, "geometry": { "type": "Polygon", "coordinates": [ [ [ -54.804355, -22.276519 ], [ -54.804447, -22.276493 ], [ -54.804475, -22.27658 ], [ -54.804503, -22.276666 ], [ -54.80441, -22.276692 ], [ -54.804382, -22.276606 ], [ -54.804355, -22.276519 ] ] ] } },
{ "type": "Feature", "properties": { "id": 6965, "insc_imob": "00.11.36.48.230", "quadra_cartorio": null, "lote_cartorio": "08", "matricula": "131545", "circunscricao": "1º CIRCUNSCRIÇÃO", "zoneamento": "AUM - ÁREA DE USO MISTO", "condominio": null, "area_geom": 200.0, "cnm": "062661.2.0131545-40" }, "geometry": { "type": "Polygon", "coordinates": [ [ [ -54.80454, -22.276467 ], [ -54.804633, -22.276441 ], [ -54.804661, -22.276528 ], [ -54.804689, -22.276614 ], [ -54.804596, -22.27664 ], [ -54.804568, -22.276554 ], [ -54.80454, -22.276467 ] ] ] } },
{ "type": "Feature", "properties": { "id": 6964, "insc_imob": "00.11.36.48.070", "quadra_cartorio": null, "lote_cartorio": "22", "matricula": "131559", "circunscricao": "1º CIRCUNSCRIÇÃO", "zoneamento": "AUM - ÁREA DE USO MISTO", "condominio": null, "area_geom": 200.0, "cnm": "062661.2.0131559-95" }, "geometry": { "type": "Polygon", "coordinates": [ [ [ -54.804419, -22.276407 ], [ -54.804391, -22.27632 ], [ -54.804484, -22.276294 ], [ -54.804512, -22.276381 ], [ -54.80454, -22.276467 ], [ -54.804447, -22.276493 ], [ -54.804419, -22.276407 ] ] ] } },
{ "type": "Feature", "properties": { "id": 6967, "insc_imob": "00.11.36.48.240", "quadra_cartorio": null, "lote_cartorio": "09", "matricula": "131546", "circunscricao": "1º CIRCUNSCRIÇÃO", "zoneamento": "AUM - ÁREA DE USO MISTO", "condominio": null, "area_geom": 200.0, "cnm": "062661.2.0131546-37" }, "geometry": { "type": "Polygon", "coordinates": [ [ [ -54.804633, -22.276441 ], [ -54.804726, -22.276415 ], [ -54.804754, -22.276502 ], [ -54.804782, -22.276588 ], [ -54.804689, -22.276614 ], [ -54.804661, -22.276528 ], [ -54.804633, -22.276441 ] ] ] } },
{ "type": "Feature", "properties": { "id": 6966, "insc_imob": "00.11.36.48.060", "quadra_cartorio": null, "lote_cartorio": "21", "matricula": "131558", "circunscricao": "1º CIRCUNSCRIÇÃO", "zoneamento": "AUM - ÁREA DE USO MISTO", "condominio": null, "area_geom": 200.0, "cnm": "062661.2.0131558-98" }, "geometry": { "type": "Polygon", "coordinates": [ [ [ -54.804512, -22.276381 ], [ -54.804484, -22.276294 ], [ -54.804577, -22.276268 ], [ -54.804605, -22.276355 ], [ -54.804633, -22.276441 ], [ -54.80454, -22.276467 ], [ -54.804512, -22.276381 ] ] ] } },
{ "type": "Feature", "properties": { "id": 6921, "insc_imob": "00.11.36.48.010", "quadra_cartorio": null, "lote_cartorio": "16", "matricula": "131553", "circunscricao": "1º CIRCUNSCRIÇÃO", "zoneamento": "AUM - ÁREA DE USO MISTO", "condominio": null, "area_geom": 200.0, "cnm": "062661.2.0131553-16" }, "geometry": { "type": "Polygon", "coordinates": [ [ [ -54.804949, -22.276164 ], [ -54.805135, -22.276112 ], [ -54.805163, -22.276199 ], [ -54.804977, -22.276251 ], [ -54.804949, -22.276164 ] ] ] } },
{ "type": "Feature", "properties": { "id": 6920, "insc_imob": "00.11.36.48.300", "quadra_cartorio": null, "lote_cartorio": "15", "matricula": "131552", "circunscricao": "1º CIRCUNSCRIÇÃO", "zoneamento": "AUM - ÁREA DE USO MISTO", "condominio": null, "area_geom": 200.0, "cnm": "062661.2.0131552-19" }, "geometry": { "type": "Polygon", "coordinates": [ [ [ -54.804977, -22.276251 ], [ -54.805163, -22.276199 ], [ -54.805191, -22.276285 ], [ -54.805005, -22.276337 ], [ -54.804977, -22.276251 ] ] ] } },
{ "type": "Feature", "properties": { "id": 6922, "insc_imob": "00.11.36.48.170", "quadra_cartorio": null, "lote_cartorio": "02", "matricula": "131539", "circunscricao": "1º CIRCUNSCRIÇÃO", "zoneamento": "AUM - ÁREA DE USO MISTO", "condominio": null, "area_geom": 200.0, "cnm": "062661.2.0131539-58" }, "geometry": { "type": "Polygon", "coordinates": [ [ [ -54.803983, -22.276623 ], [ -54.804076, -22.276597 ], [ -54.804104, -22.276684 ], [ -54.804132, -22.27677 ], [ -54.804039, -22.276796 ], [ -54.804011, -22.27671 ], [ -54.803983, -22.276623 ] ] ] } },
{ "type": "Feature", "properties": { "id": 6919, "insc_imob": "00.11.36.48.290", "quadra_cartorio": null, "lote_cartorio": "14", "matricula": "131551", "circunscricao": "1º CIRCUNSCRIÇÃO", "zoneamento": "AUM - ÁREA DE USO MISTO", "condominio": null, "area_geom": 200.0, "cnm": "062661.2.0131551-22" }, "geometry": { "type": "Polygon", "coordinates": [ [ [ -54.805005, -22.276337 ], [ -54.805191, -22.276285 ], [ -54.805218, -22.276372 ], [ -54.805033, -22.276424 ], [ -54.805005, -22.276337 ] ] ] } },
{ "type": "Feature", "properties": { "id": 6937, "insc_imob": "00.11.36.48.180", "quadra_cartorio": null, "lote_cartorio": "03", "matricula": "131540", "circunscricao": "1º CIRCUNSCRIÇÃO", "zoneamento": "AUM - ÁREA DE USO MISTO", "condominio": null, "area_geom": 200.0, "cnm": "062661.2.0131540-55" }, "geometry": { "type": "Polygon", "coordinates": [ [ [ -54.804076, -22.276597 ], [ -54.804169, -22.276571 ], [ -54.804197, -22.276658 ], [ -54.804225, -22.276744 ], [ -54.804132, -22.27677 ], [ -54.804104, -22.276684 ], [ -54.804076, -22.276597 ] ] ] } },
{ "type": "Feature", "properties": { "id": 6936, "insc_imob": "00.11.36.48.120", "quadra_cartorio": null, "lote_cartorio": "27", "matricula": "131564", "circunscricao": "1º CIRCUNSCRIÇÃO", "zoneamento": "AUM - ÁREA DE USO MISTO", "condominio": null, "area_geom": 200.0, "cnm": "062661.2.0131564-80" }, "geometry": { "type": "Polygon", "coordinates": [ [ [ -54.803927, -22.276451 ], [ -54.80402, -22.276425 ], [ -54.804048, -22.276511 ], [ -54.804076, -22.276597 ], [ -54.803983, -22.276623 ], [ -54.803955, -22.276537 ], [ -54.803927, -22.276451 ] ] ] } },
{ "type": "Feature", "properties": { "id": 6938, "insc_imob": "00.11.36.48.190", "quadra_cartorio": null, "lote_cartorio": "04", "matricula": "131541", "circunscricao": "1º CIRCUNSCRIÇÃO", "zoneamento": "AUM - ÁREA DE USO MISTO", "condominio": null, "area_geom": 200.0, "cnm": "062661.2.0131541-52" }, "geometry": { "type": "Polygon", "coordinates": [ [ [ -54.804169, -22.276571 ], [ -54.804262, -22.276545 ], [ -54.80429, -22.276632 ], [ -54.804318, -22.276718 ], [ -54.804225, -22.276744 ], [ -54.804197, -22.276658 ], [ -54.804169, -22.276571 ] ] ] } },
{ "type": "Feature", "properties": { "id": 7021, "insc_imob": "00.11.36.54.180", "quadra_cartorio": null, "lote_cartorio": "03", "matricula": "131510", "circunscricao": "1º CIRCUNSCRIÇÃO", "zoneamento": "AUM - ÁREA DE USO MISTO", "condominio": null, "area_geom": 200.0, "cnm": "062661.2.0131510-48" }, "geometry": { "type": "Polygon", "coordinates": [ [ [ -54.803877, -22.275984 ], [ -54.80397, -22.275958 ], [ -54.803998, -22.276044 ], [ -54.804026, -22.276131 ], [ -54.803933, -22.276157 ], [ -54.803905, -22.27607 ], [ -54.803877, -22.275984 ] ] ] } },
{ "type": "Feature", "properties": { "id": 7020, "insc_imob": "00.11.36.54.300", "quadra_cartorio": null, "lote_cartorio": "15", "matricula": "131522", "circunscricao": "1º CIRCUNSCRIÇÃO", "zoneamento": "AUM - ÁREA DE USO MISTO", "condominio": null, "area_geom": 200.0, "cnm": "062661.2.0131522-12" }, "geometry": { "type": "Polygon", "coordinates": [ [ [ -54.804778, -22.275637 ], [ -54.804964, -22.275585 ], [ -54.804992, -22.275671 ], [ -54.804806, -22.275723 ], [ -54.804778, -22.275637 ] ] ] } },
{ "type": "Feature", "properties": { "id": 7023, "insc_imob": "00.11.36.54.190", "quadra_cartorio": null, "lote_cartorio": "04", "matricula": "131511", "circunscricao": "1º CIRCUNSCRIÇÃO", "zoneamento": "AUM - ÁREA DE USO MISTO", "condominio": null, "area_geom": 200.0, "cnm": "062661.2.0131511-45" }, "geometry": { "type": "Polygon", "coordinates": [ [ [ -54.80397, -22.275958 ], [ -54.804063, -22.275932 ], [ -54.804091, -22.276018 ], [ -54.804119, -22.276105 ], [ -54.804026, -22.276131 ], [ -54.803998, -22.276044 ], [ -54.80397, -22.275958 ] ] ] } },
{ "type": "Feature", "properties": { "id": 7022, "insc_imob": "00.11.36.54.110", "quadra_cartorio": null, "lote_cartorio": "26", "matricula": "131533", "circunscricao": "1º CIRCUNSCRIÇÃO", "zoneamento": "AUM - ÁREA DE USO MISTO", "condominio": null, "area_geom": 200.0, "cnm": "062661.2.0131533-76" }, "geometry": { "type": "Polygon", "coordinates": [ [ [ -54.803821, -22.275811 ], [ -54.803914, -22.275785 ], [ -54.803942, -22.275871 ], [ -54.80397, -22.275958 ], [ -54.803877, -22.275984 ], [ -54.803849, -22.275897 ], [ -54.803821, -22.275811 ] ] ] } },
{ "type": "Feature", "properties": { "id": 7024, "insc_imob": "00.11.36.54.100", "quadra_cartorio": null, "lote_cartorio": "25", "matricula": "131532", "circunscricao": "1º CIRCUNSCRIÇÃO", "zoneamento": "AUM - ÁREA DE USO MISTO", "condominio": null, "area_geom": 200.0, "cnm": "062661.2.0131532-79" }, "geometry": { "type": "Polygon", "coordinates": [ [ [ -54.803914, -22.275785 ], [ -54.804007, -22.275759 ], [ -54.804035, -22.275845 ], [ -54.804063, -22.275932 ], [ -54.80397, -22.275958 ], [ -54.803942, -22.275871 ], [ -54.803914, -22.275785 ] ] ] } },
{ "type": "Feature", "properties": { "id": 6990, "insc_imob": "00.11.36.54.290", "quadra_cartorio": null, "lote_cartorio": "14", "matricula": "131521", "circunscricao": "1º CIRCUNSCRIÇÃO", "zoneamento": "AUM - ÁREA DE USO MISTO", "condominio": null, "area_geom": 200.0, "cnm": "062661.2.0131521-15" }, "geometry": { "type": "Polygon", "coordinates": [ [ [ -54.804806, -22.275723 ], [ -54.804992, -22.275671 ], [ -54.80502, -22.275758 ], [ -54.804834, -22.27581 ], [ -54.804806, -22.275723 ] ] ] } },
{ "type": "Feature", "properties": { "id": 6977, "insc_imob": "00.11.36.54.150", "quadra_cartorio": null, "lote_cartorio": "30", "matricula": "131537", "circunscricao": "1º CIRCUNSCRIÇÃO", "zoneamento": "AUM - ÁREA DE USO MISTO", "condominio": null, "area_geom": 200.0, "cnm": "062661.2.0131537-64" }, "geometry": { "type": "Polygon", "coordinates": [ [ [ -54.803599, -22.276062 ], [ -54.803784, -22.27601 ], [ -54.803812, -22.276096 ], [ -54.803627, -22.276148 ], [ -54.803599, -22.276062 ] ] ] } },
{ "type": "Feature", "properties": { "id": 6976, "insc_imob": "00.11.36.54.160", "quadra_cartorio": null, "lote_cartorio": "01", "matricula": "131508", "circunscricao": "1º CIRCUNSCRIÇÃO", "zoneamento": "AUM - ÁREA DE USO MISTO", "condominio": null, "area_geom": 200.0, "cnm": "062661.2.0131508-54" }, "geometry": { "type": "Polygon", "coordinates": [ [ [ -54.803812, -22.276096 ], [ -54.80384, -22.276183 ], [ -54.803655, -22.276235 ], [ -54.803627, -22.276148 ], [ -54.803812, -22.276096 ] ] ] } },
{ "type": "Feature", "properties": { "id": 6978, "insc_imob": "00.11.36.54.140", "quadra_cartorio": null, "lote_cartorio": "29", "matricula": "131536", "circunscricao": "1º CIRCUNSCRIÇÃO", "zoneamento": "AUM - ÁREA DE USO MISTO", "condominio": null, "area_geom": 200.0, "cnm": "062661.2.0131536-67" }, "geometry": { "type": "Polygon", "coordinates": [ [ [ -54.803571, -22.275975 ], [ -54.803756, -22.275923 ], [ -54.803784, -22.27601 ], [ -54.803599, -22.276062 ], [ -54.803571, -22.275975 ] ] ] } },
{ "type": "Feature", "properties": { "id": 7073, "insc_imob": "00.11.36.54.210", "quadra_cartorio": null, "lote_cartorio": "06", "matricula": "131513", "circunscricao": "1º CIRCUNSCRIÇÃO", "zoneamento": "AUM - ÁREA DE USO MISTO", "condominio": null, "area_geom": 200.0, "cnm": "062661.2.0131513-39" }, "geometry": { "type": "Polygon", "coordinates": [ [ [ -54.804156, -22.275906 ], [ -54.804249, -22.27588 ], [ -54.804277, -22.275966 ], [ -54.804305, -22.276052 ], [ -54.804212, -22.276078 ], [ -54.804184, -22.275992 ], [ -54.804156, -22.275906 ] ] ] } },
{ "type": "Feature", "properties": { "id": 7103, "insc_imob": "00.11.36.54.220", "quadra_cartorio": null, "lote_cartorio": "07", "matricula": "131514", "circunscricao": "1º CIRCUNSCRIÇÃO", "zoneamento": "AUM - ÁREA DE USO MISTO", "condominio": null, "area_geom": 200.0, "cnm": "062661.2.0131514-36" }, "geometry": { "type": "Polygon", "coordinates": [ [ [ -54.804249, -22.27588 ], [ -54.804342, -22.275854 ], [ -54.80437, -22.27594 ], [ -54.804398, -22.276026 ], [ -54.804305, -22.276052 ], [ -54.804277, -22.275966 ], [ -54.804249, -22.27588 ] ] ] } },
{ "type": "Feature", "properties": { "id": 7102, "insc_imob": "00.11.36.54.080", "quadra_cartorio": null, "lote_cartorio": "23", "matricula": "131530", "circunscricao": "1º CIRCUNSCRIÇÃO", "zoneamento": "AUM - ÁREA DE USO MISTO", "condominio": null, "area_geom": 200.0, "cnm": "062661.2.0131530-85" }, "geometry": { "type": "Polygon", "coordinates": [ [ [ -54.8041, -22.275733 ], [ -54.804193, -22.275707 ], [ -54.804221, -22.275793 ], [ -54.804249, -22.27588 ], [ -54.804156, -22.275906 ], [ -54.804128, -22.275819 ], [ -54.8041, -22.275733 ] ] ] } },
{ "type": "Feature", "properties": { "id": 7044, "insc_imob": "00.11.36.54.200", "quadra_cartorio": null, "lote_cartorio": "05", "matricula": "131512", "circunscricao": "1º CIRCUNSCRIÇÃO", "zoneamento": "AUM - ÁREA DE USO MISTO", "condominio": null, "area_geom": 200.0, "cnm": "062661.2.0131512-42" }, "geometry": { "type": "Polygon", "coordinates": [ [ [ -54.804063, -22.275932 ], [ -54.804156, -22.275906 ], [ -54.804184, -22.275992 ], [ -54.804212, -22.276078 ], [ -54.804119, -22.276105 ], [ -54.804091, -22.276018 ], [ -54.804063, -22.275932 ] ] ] } },
{ "type": "Feature", "properties": { "id": 7149, "insc_imob": "00.11.36.58.160", "quadra_cartorio": null, "lote_cartorio": "01", "matricula": "131478", "circunscricao": "1º CIRCUNSCRIÇÃO", "zoneamento": "AUM - ÁREA DE USO MISTO", "condominio": null, "area_geom": 200.0, "cnm": "062661.2.0131478-47" }, "geometry": { "type": "Polygon", "coordinates": [ [ [ -54.803481, -22.275699 ], [ -54.803667, -22.275647 ], [ -54.803695, -22.275733 ], [ -54.803509, -22.275785 ], [ -54.803481, -22.275699 ] ] ] } },
{ "type": "Feature", "properties": { "id": 7148, "insc_imob": "00.11.36.54.020", "quadra_cartorio": null, "lote_cartorio": "17", "matricula": "131524", "circunscricao": "1º CIRCUNSCRIÇÃO", "zoneamento": "AUM - ÁREA DE USO MISTO", "condominio": null, "area_geom": 200.0, "cnm": "062661.2.0131524-06" }, "geometry": { "type": "Polygon", "coordinates": [ [ [ -54.804657, -22.275577 ], [ -54.80475, -22.27555 ], [ -54.804778, -22.275637 ], [ -54.804806, -22.275723 ], [ -54.804713, -22.275749 ], [ -54.804685, -22.275663 ], [ -54.804657, -22.275577 ] ] ] } },
{ "type": "Feature", "properties": { "id": 7151, "insc_imob": "00.11.36.58.140", "quadra_cartorio": null, "lote_cartorio": "29", "matricula": "131506", "circunscricao": "1º CIRCUNSCRIÇÃO", "zoneamento": "AUM - ÁREA DE USO MISTO", "condominio": null, "area_geom": 200.0, "cnm": "062661.2.0131506-60" }, "geometry": { "type": "Polygon", "coordinates": [ [ [ -54.803425, -22.275526 ], [ -54.803611, -22.275474 ], [ -54.803639, -22.27556 ], [ -54.803453, -22.275612 ], [ -54.803425, -22.275526 ] ] ] } },
{ "type": "Feature", "properties": { "id": 7150, "insc_imob": "00.11.36.58.150", "quadra_cartorio": null, "lote_cartorio": "30", "matricula": "131507", "circunscricao": "1º CIRCUNSCRIÇÃO", "zoneamento": "AUM - ÁREA DE USO MISTO", "condominio": null, "area_geom": 200.0, "cnm": "062661.2.0131507-57" }, "geometry": { "type": "Polygon", "coordinates": [ [ [ -54.803453, -22.275612 ], [ -54.803639, -22.27556 ], [ -54.803667, -22.275647 ], [ -54.803481, -22.275699 ], [ -54.803453, -22.275612 ] ] ] } },
{ "type": "Feature", "properties": { "id": 7137, "insc_imob": "00.11.36.54.260", "quadra_cartorio": null, "lote_cartorio": "11", "matricula": "131518", "circunscricao": "1º CIRCUNSCRIÇÃO", "zoneamento": "AUM - ÁREA DE USO MISTO", "condominio": null, "area_geom": 200.0, "cnm": "062661.2.0131518-24" }, "geometry": { "type": "Polygon", "coordinates": [ [ [ -54.80462, -22.275775 ], [ -54.804713, -22.275749 ], [ -54.804741, -22.275836 ], [ -54.804769, -22.275922 ], [ -54.804676, -22.275948 ], [ -54.804648, -22.275862 ], [ -54.80462, -22.275775 ] ] ] } },
{ "type": "Feature", "properties": { "id": 7139, "insc_imob": "00.11.36.54.270", "quadra_cartorio": null, "lote_cartorio": "12", "matricula": "131519", "circunscricao": "1º CIRCUNSCRIÇÃO", "zoneamento": "AUM - ÁREA DE USO MISTO", "condominio": null, "area_geom": 200.0, "cnm": "062661.2.0131519-21" }, "geometry": { "type": "Polygon", "coordinates": [ [ [ -54.804713, -22.275749 ], [ -54.804806, -22.275723 ], [ -54.804834, -22.27581 ], [ -54.804862, -22.275896 ], [ -54.804769, -22.275922 ], [ -54.804741, -22.275836 ], [ -54.804713, -22.275749 ] ] ] } },
{ "type": "Feature", "properties": { "id": 7138, "insc_imob": "00.11.36.54.030", "quadra_cartorio": null, "lote_cartorio": "18", "matricula": "131525", "circunscricao": "1º CIRCUNSCRIÇÃO", "zoneamento": "AUM - ÁREA DE USO MISTO", "condominio": null, "area_geom": 200.0, "cnm": "062661.2.0131525-03" }, "geometry": { "type": "Polygon", "coordinates": [ [ [ -54.804564, -22.275603 ], [ -54.804657, -22.275577 ], [ -54.804685, -22.275663 ], [ -54.804713, -22.275749 ], [ -54.80462, -22.275775 ], [ -54.804592, -22.275689 ], [ -54.804564, -22.275603 ] ] ] } },
{ "type": "Feature", "properties": { "id": 7152, "insc_imob": "00.11.36.58.130", "quadra_cartorio": null, "lote_cartorio": "28", "matricula": "131505", "circunscricao": "1º CIRCUNSCRIÇÃO", "zoneamento": "AUM - ÁREA DE USO MISTO", "condominio": null, "area_geom": 200.0, "cnm": "062661.2.0131505-63" }, "geometry": { "type": "Polygon", "coordinates": [ [ [ -54.803397, -22.275439 ], [ -54.803583, -22.275387 ], [ -54.803611, -22.275474 ], [ -54.803425, -22.275526 ], [ -54.803397, -22.275439 ] ] ] } },
{ "type": "Feature", "properties": { "id": 7133, "insc_imob": "00.11.36.54.230", "quadra_cartorio": null, "lote_cartorio": "08", "matricula": "131515", "circunscricao": "1º CIRCUNSCRIÇÃO", "zoneamento": "AUM - ÁREA DE USO MISTO", "condominio": null, "area_geom": 200.0, "cnm": "062661.2.0131515-33" }, "geometry": { "type": "Polygon", "coordinates": [ [ [ -54.804342, -22.275854 ], [ -54.804435, -22.275827 ], [ -54.804463, -22.275914 ], [ -54.804491, -22.276 ], [ -54.804398, -22.276026 ], [ -54.80437, -22.27594 ], [ -54.804342, -22.275854 ] ] ] } },
{ "type": "Feature", "properties": { "id": 7134, "insc_imob": "00.11.36.54.060", "quadra_cartorio": null, "lote_cartorio": "21", "matricula": "131528", "circunscricao": "1º CIRCUNSCRIÇÃO", "zoneamento": "AUM - ÁREA DE USO MISTO", "condominio": null, "area_geom": 200.0, "cnm": "062661.2.0131528-91" }, "geometry": { "type": "Polygon", "coordinates": [ [ [ -54.804286, -22.275681 ], [ -54.804379, -22.275655 ], [ -54.804407, -22.275741 ], [ -54.804435, -22.275827 ], [ -54.804342, -22.275854 ], [ -54.804314, -22.275767 ], [ -54.804286, -22.275681 ] ] ] } },
{ "type": "Feature", "properties": { "id": 6691, "insc_imob": "00.11.36.42.250", "quadra_cartorio": null, "lote_cartorio": "10", "matricula": "131577", "circunscricao": "1º CIRCUNSCRIÇÃO", "zoneamento": "AUM - ÁREA DE USO MISTO", "condominio": null, "area_geom": 200.0, "cnm": "062661.2.0131577-41" }, "geometry": { "type": "Polygon", "coordinates": [ [ [ -54.804871, -22.276865 ], [ -54.804964, -22.276839 ], [ -54.804992, -22.276925 ], [ -54.80502, -22.277012 ], [ -54.804927, -22.277038 ], [ -54.804899, -22.276951 ], [ -54.804871, -22.276865 ] ] ] } },
{ "type": "Feature", "properties": { "id": 6690, "insc_imob": "00.11.36.42.050", "quadra_cartorio": null, "lote_cartorio": "20", "matricula": "131587", "circunscricao": "1º CIRCUNSCRIÇÃO", "zoneamento": "AUM - ÁREA DE USO MISTO", "condominio": null, "area_geom": 200.0, "cnm": "062661.2.0131587-11" }, "geometry": { "type": "Polygon", "coordinates": [ [ [ -54.804751, -22.276804 ], [ -54.804723, -22.276718 ], [ -54.804816, -22.276692 ], [ -54.804844, -22.276778 ], [ -54.804871, -22.276865 ], [ -54.804779, -22.276891 ], [ -54.804751, -22.276804 ] ] ] } },
{ "type": "Feature", "properties": { "id": 6781, "insc_imob": "00.11.36.42.030", "quadra_cartorio": null, "lote_cartorio": "18", "matricula": "131585", "circunscricao": "1º CIRCUNSCRIÇÃO", "zoneamento": "AUM - ÁREA DE USO MISTO", "condominio": null, "area_geom": 200.0, "cnm": "062661.2.0131585-17" }, "geometry": { "type": "Polygon", "coordinates": [ [ [ -54.804936, -22.276752 ], [ -54.804908, -22.276666 ], [ -54.805001, -22.27664 ], [ -54.805029, -22.276726 ], [ -54.805057, -22.276813 ], [ -54.804964, -22.276839 ], [ -54.804936, -22.276752 ] ] ] } },
{ "type": "Feature", "properties": { "id": 6780, "insc_imob": "00.11.36.42.260", "quadra_cartorio": null, "lote_cartorio": "11", "matricula": "131578", "circunscricao": "1º CIRCUNSCRIÇÃO", "zoneamento": "AUM - ÁREA DE USO MISTO", "condominio": null, "area_geom": 200.0, "cnm": "062661.2.0131578-38" }, "geometry": { "type": "Polygon", "coordinates": [ [ [ -54.804964, -22.276839 ], [ -54.805057, -22.276813 ], [ -54.805085, -22.276899 ], [ -54.805113, -22.276986 ], [ -54.80502, -22.277012 ], [ -54.804992, -22.276925 ], [ -54.804964, -22.276839 ] ] ] } },
{ "type": "Feature", "properties": { "id": 6750, "insc_imob": "00.11.36.42.040", "quadra_cartorio": null, "lote_cartorio": "19", "matricula": "131586", "circunscricao": "1º CIRCUNSCRIÇÃO", "zoneamento": "AUM - ÁREA DE USO MISTO", "condominio": null, "area_geom": 200.0, "cnm": "062661.2.0131586-14" }, "geometry": { "type": "Polygon", "coordinates": [ [ [ -54.804844, -22.276778 ], [ -54.804816, -22.276692 ], [ -54.804908, -22.276666 ], [ -54.804936, -22.276752 ], [ -54.804964, -22.276839 ], [ -54.804871, -22.276865 ], [ -54.804844, -22.276778 ] ] ] } },
{ "type": "Feature", "properties": { "id": 6827, "insc_imob": "00.11.36.42.020", "quadra_cartorio": null, "lote_cartorio": "17", "matricula": "131584", "circunscricao": "1º CIRCUNSCRIÇÃO", "zoneamento": "AUM - ÁREA DE USO MISTO", "condominio": null, "area_geom": 200.0, "cnm": "062661.2.0131584-20" }, "geometry": { "type": "Polygon", "coordinates": [ [ [ -54.805001, -22.27664 ], [ -54.805094, -22.276614 ], [ -54.805122, -22.2767 ], [ -54.80515, -22.276787 ], [ -54.805057, -22.276813 ], [ -54.805029, -22.276726 ], [ -54.805001, -22.27664 ] ] ] } },
{ "type": "Feature", "properties": { "id": 6829, "insc_imob": "00.11.36.49.180", "quadra_cartorio": null, "lote_cartorio": "09", "matricula": "131789", "circunscricao": "1º CIRCUNSCRIÇÃO", "zoneamento": "AUM - ÁREA DE USO MISTO", "condominio": null, "area_geom": 200.0, "cnm": "062661.2.0131789-84" }, "geometry": { "type": "Polygon", "coordinates": [ [ [ -54.8035, -22.276759 ], [ -54.803686, -22.276707 ], [ -54.803714, -22.276793 ], [ -54.803528, -22.276845 ], [ -54.8035, -22.276759 ] ] ] } },
{ "type": "Feature", "properties": { "id": 6828, "insc_imob": "00.11.36.49.170", "quadra_cartorio": null, "lote_cartorio": "08", "matricula": "131788", "circunscricao": "1º CIRCUNSCRIÇÃO", "zoneamento": "AUM - ÁREA DE USO MISTO", "condominio": null, "area_geom": 200.0, "cnm": "062661.2.0131788-87" }, "geometry": { "type": "Polygon", "coordinates": [ [ [ -54.803528, -22.276845 ], [ -54.803714, -22.276793 ], [ -54.803742, -22.27688 ], [ -54.803556, -22.276932 ], [ -54.803528, -22.276845 ] ] ] } },
{ "type": "Feature", "properties": { "id": 6831, "insc_imob": "00.11.36.49.010", "quadra_cartorio": null, "lote_cartorio": "11", "matricula": "131791", "circunscricao": "1º CIRCUNSCRIÇÃO", "zoneamento": "AUM - ÁREA DE USO MISTO", "condominio": null, "area_geom": 200.0, "cnm": "062661.2.0131791-78" }, "geometry": { "type": "Polygon", "coordinates": [ [ [ -54.803444, -22.276586 ], [ -54.80363, -22.276534 ], [ -54.803658, -22.27662 ], [ -54.803472, -22.276672 ], [ -54.803444, -22.276586 ] ] ] } },
{ "type": "Feature", "properties": { "id": 6830, "insc_imob": "00.11.36.49.190", "quadra_cartorio": null, "lote_cartorio": "10", "matricula": "131790", "circunscricao": "1º CIRCUNSCRIÇÃO", "zoneamento": "AUM - ÁREA DE USO MISTO", "condominio": null, "area_geom": 200.0, "cnm": "062661.2.0131790-81" }, "geometry": { "type": "Polygon", "coordinates": [ [ [ -54.803472, -22.276672 ], [ -54.803658, -22.27662 ], [ -54.803686, -22.276707 ], [ -54.8035, -22.276759 ], [ -54.803472, -22.276672 ] ] ] } },
{ "type": "Feature", "properties": { "id": 6832, "insc_imob": "00.11.36.49.160", "quadra_cartorio": null, "lote_cartorio": "07", "matricula": "131787", "circunscricao": "1º CIRCUNSCRIÇÃO", "zoneamento": "AUM - ÁREA DE USO MISTO", "condominio": null, "area_geom": 200.0, "cnm": "062661.2.0131787-90" }, "geometry": { "type": "Polygon", "coordinates": [ [ [ -54.803407, -22.276785 ], [ -54.8035, -22.276759 ], [ -54.803528, -22.276845 ], [ -54.803556, -22.276932 ], [ -54.803463, -22.276958 ], [ -54.803407, -22.276785 ] ] ] } },
{ "type": "Feature", "properties": { "id": 6801, "insc_imob": "00.11.36.42.280", "quadra_cartorio": null, "lote_cartorio": "13", "matricula": "131580", "circunscricao": "1º CIRCUNSCRIÇÃO", "zoneamento": "AUM - ÁREA DE USO MISTO", "condominio": null, "area_geom": 200.0, "cnm": "062661.2.0131580-32" }, "geometry": { "type": "Polygon", "coordinates": [ [ [ -54.805178, -22.276873 ], [ -54.805364, -22.276821 ], [ -54.805392, -22.276908 ], [ -54.805206, -22.27696 ], [ -54.805178, -22.276873 ] ] ] } },
{ "type": "Feature", "properties": { "id": 6800, "insc_imob": "00.11.36.42.270", "quadra_cartorio": null, "lote_cartorio": "12", "matricula": "131579", "circunscricao": "1º CIRCUNSCRIÇÃO", "zoneamento": "AUM - ÁREA DE USO MISTO", "condominio": null, "area_geom": 200.0, "cnm": "062661.2.0131579-35" }, "geometry": { "type": "Polygon", "coordinates": [ [ [ -54.805057, -22.276813 ], [ -54.80515, -22.276787 ], [ -54.805178, -22.276873 ], [ -54.805206, -22.27696 ], [ -54.805113, -22.276986 ], [ -54.805085, -22.276899 ], [ -54.805057, -22.276813 ] ] ] } },
{ "type": "Feature", "properties": { "id": 6803, "insc_imob": "00.11.36.42.010", "quadra_cartorio": null, "lote_cartorio": "16", "matricula": "131583", "circunscricao": "1º CIRCUNSCRIÇÃO", "zoneamento": "AUM - ÁREA DE USO MISTO", "condominio": null, "area_geom": 200.0, "cnm": "062661.2.0131583-23" }, "geometry": { "type": "Polygon", "coordinates": [ [ [ -54.805094, -22.276614 ], [ -54.80528, -22.276562 ], [ -54.805308, -22.276648 ], [ -54.805122, -22.2767 ], [ -54.805094, -22.276614 ] ] ] } },
{ "type": "Feature", "properties": { "id": 6802, "insc_imob": "00.11.36.42.290", "quadra_cartorio": null, "lote_cartorio": "14", "matricula": "131581", "circunscricao": "1º CIRCUNSCRIÇÃO", "zoneamento": "AUM - ÁREA DE USO MISTO", "condominio": null, "area_geom": 200.0, "cnm": "062661.2.0131581-29" }, "geometry": { "type": "Polygon", "coordinates": [ [ [ -54.80515, -22.276787 ], [ -54.805336, -22.276735 ], [ -54.805364, -22.276821 ], [ -54.805178, -22.276873 ], [ -54.80515, -22.276787 ] ] ] } },
{ "type": "Feature", "properties": { "id": 6880, "insc_imob": "00.11.36.49.120", "quadra_cartorio": null, "lote_cartorio": "03", "matricula": "131783", "circunscricao": "1º CIRCUNSCRIÇÃO", "zoneamento": "AUM - ÁREA DE USO MISTO", "condominio": null, "area_geom": 200.0, "cnm": "062661.2.0131783-05" }, "geometry": { "type": "Polygon", "coordinates": [ [ [ -54.803035, -22.276889 ], [ -54.803128, -22.276863 ], [ -54.803184, -22.277036 ], [ -54.803091, -22.277062 ], [ -54.803035, -22.276889 ] ] ] } },
{ "type": "Feature", "properties": { "id": 6902, "insc_imob": "00.11.36.49.090", "quadra_cartorio": null, "lote_cartorio": "19", "matricula": "131799", "circunscricao": "1º CIRCUNSCRIÇÃO", "zoneamento": "AUM - ÁREA DE USO MISTO", "condominio": null, "area_geom": 245.17, "cnm": "062661.2.0131799-54" }, "geometry": { "type": "Polygon", "coordinates": [ [ [ -54.802743, -22.276971 ], [ -54.802943, -22.276915 ], [ -54.802971, -22.277001 ], [ -54.802715, -22.277073 ], [ -54.802743, -22.276971 ] ] ] } },
{ "type": "Feature", "properties": { "id": 6905, "insc_imob": "00.11.36.48.280", "quadra_cartorio": null, "lote_cartorio": "13", "matricula": "131550", "circunscricao": "1º CIRCUNSCRIÇÃO", "zoneamento": "AUM - ÁREA DE USO MISTO", "condominio": null, "area_geom": 200.0, "cnm": "062661.2.0131550-25" }, "geometry": { "type": "Polygon", "coordinates": [ [ [ -54.805033, -22.276424 ], [ -54.805218, -22.276372 ], [ -54.805246, -22.276458 ], [ -54.805061, -22.27651 ], [ -54.805033, -22.276424 ] ] ] } },
{ "type": "Feature", "properties": { "id": 6904, "insc_imob": "00.11.36.48.150", "quadra_cartorio": null, "lote_cartorio": "30", "matricula": "131567", "circunscricao": "1º CIRCUNSCRIÇÃO", "zoneamento": "AUM - ÁREA DE USO MISTO", "condominio": null, "area_geom": 200.0, "cnm": "062661.2.0131567-71" }, "geometry": { "type": "Polygon", "coordinates": [ [ [ -54.803797, -22.276676 ], [ -54.803983, -22.276623 ], [ -54.804011, -22.27671 ], [ -54.803825, -22.276762 ], [ -54.803797, -22.276676 ] ] ] } },
{ "type": "Feature", "properties": { "id": 6899, "insc_imob": "00.11.36.49.060", "quadra_cartorio": null, "lote_cartorio": "16", "matricula": "131796", "circunscricao": "1º CIRCUNSCRIÇÃO", "zoneamento": "AUM - ÁREA DE USO MISTO", "condominio": null, "area_geom": 200.0, "cnm": "062661.2.0131796-63" }, "geometry": { "type": "Polygon", "coordinates": [ [ [ -54.80298, -22.276716 ], [ -54.803072, -22.27669 ], [ -54.803128, -22.276863 ], [ -54.803035, -22.276889 ], [ -54.803008, -22.276802 ], [ -54.80298, -22.276716 ] ] ] } },
{ "type": "Feature", "properties": { "id": 6901, "insc_imob": "00.11.36.49.100", "quadra_cartorio": null, "lote_cartorio": "01", "matricula": "131781", "circunscricao": "1º CIRCUNSCRIÇÃO", "zoneamento": "ZEIA - ZONA ESPECIAL DE INTERESSE AMBIENTAL", "condominio": null, "area_geom": 305.54, "cnm": "062661.2.0131781-11" }, "geometry": { "type": "Polygon", "coordinates": [ [ [ -54.802715, -22.277073 ], [ -54.802971, -22.277001 ], [ -54.802999, -22.277088 ], [ -54.802687, -22.277175 ], [ -54.802715, -22.277073 ] ] ] } },
{ "type": "Feature", "properties": { "id": 6900, "insc_imob": "00.11.36.49.110", "quadra_cartorio": null, "lote_cartorio": "02", "matricula": "131782", "circunscricao": "1º CIRCUNSCRIÇÃO", "zoneamento": "AUM - ÁREA DE USO MISTO", "condominio": null, "area_geom": 200.0, "cnm": "062661.2.0131782-08" }, "geometry": { "type": "Polygon", "coordinates": [ [ [ -54.802943, -22.276915 ], [ -54.803035, -22.276889 ], [ -54.803091, -22.277062 ], [ -54.802999, -22.277088 ], [ -54.802971, -22.277001 ], [ -54.802943, -22.276915 ] ] ] } },
{ "type": "Feature", "properties": { "id": 6853, "insc_imob": "00.11.36.49.020", "quadra_cartorio": null, "lote_cartorio": "12", "matricula": "131792", "circunscricao": "1º CIRCUNSCRIÇÃO", "zoneamento": "AUM - ÁREA DE USO MISTO", "condominio": null, "area_geom": 200.0, "cnm": "062661.2.0131792-75" }, "geometry": { "type": "Polygon", "coordinates": [ [ [ -54.803351, -22.276612 ], [ -54.803444, -22.276586 ], [ -54.803472, -22.276672 ], [ -54.8035, -22.276759 ], [ -54.803407, -22.276785 ], [ -54.803351, -22.276612 ] ] ] } },
{ "type": "Feature", "properties": { "id": 6875, "insc_imob": "00.11.36.49.150", "quadra_cartorio": null, "lote_cartorio": "06", "matricula": "131786", "circunscricao": "1º CIRCUNSCRIÇÃO", "zoneamento": "AUM - ÁREA DE USO MISTO", "condominio": null, "area_geom": 200.0, "cnm": "062661.2.0131786-93" }, "geometry": { "type": "Polygon", "coordinates": [ [ [ -54.803314, -22.276811 ], [ -54.803407, -22.276785 ], [ -54.803463, -22.276958 ], [ -54.80337, -22.276984 ], [ -54.803314, -22.276811 ] ] ] } },
{ "type": "Feature", "properties": { "id": 6877, "insc_imob": "00.11.36.49.140", "quadra_cartorio": null, "lote_cartorio": "05", "matricula": "131785", "circunscricao": "1º CIRCUNSCRIÇÃO", "zoneamento": "AUM - ÁREA DE USO MISTO", "condominio": null, "area_geom": 200.0, "cnm": "062661.2.0131785-96" }, "geometry": { "type": "Polygon", "coordinates": [ [ [ -54.803221, -22.276837 ], [ -54.803314, -22.276811 ], [ -54.80337, -22.276984 ], [ -54.803277, -22.27701 ], [ -54.803221, -22.276837 ] ] ] } },
{ "type": "Feature", "properties": { "id": 6876, "insc_imob": "00.11.36.49.030", "quadra_cartorio": null, "lote_cartorio": "13", "matricula": "131793", "circunscricao": "1º CIRCUNSCRIÇÃO", "zoneamento": "AUM - ÁREA DE USO MISTO", "condominio": null, "area_geom": 200.0, "cnm": "062661.2.0131793-72" }, "geometry": { "type": "Polygon", "coordinates": [ [ [ -54.803258, -22.276638 ], [ -54.803351, -22.276612 ], [ -54.803407, -22.276785 ], [ -54.803314, -22.276811 ], [ -54.803258, -22.276638 ] ] ] } },
{ "type": "Feature", "properties": { "id": 7473, "insc_imob": "00.11.36.29.170", "quadra_cartorio": null, "lote_cartorio": "02", "matricula": "130934", "circunscricao": "1º CIRCUNSCRIÇÃO", "zoneamento": "AUM - ÁREA DE USO MISTO", "condominio": null, "area_geom": 200.0, "cnm": "062661.2.0130934-30" }, "geometry": { "type": "Polygon", "coordinates": [ [ [ -54.808083, -22.277021 ], [ -54.808176, -22.276995 ], [ -54.808204, -22.277081 ], [ -54.808232, -22.277168 ], [ -54.808139, -22.277194 ], [ -54.808111, -22.277108 ], [ -54.808083, -22.277021 ] ] ] } },
{ "type": "Feature", "properties": { "id": 7472, "insc_imob": "00.11.36.29.010", "quadra_cartorio": null, "lote_cartorio": "16", "matricula": "130948", "circunscricao": "1º CIRCUNSCRIÇÃO", "zoneamento": "AUM - ÁREA DE USO MISTO", "condominio": null, "area_geom": 200.0, "cnm": "062661.2.0130948-85" }, "geometry": { "type": "Polygon", "coordinates": [ [ [ -54.809049, -22.276562 ], [ -54.809234, -22.27651 ], [ -54.809262, -22.276596 ], [ -54.809077, -22.276648 ], [ -54.809049, -22.276562 ] ] ] } },
{ "type": "Feature", "properties": { "id": 7448, "insc_imob": "00.11.36.29.290", "quadra_cartorio": null, "lote_cartorio": "14", "matricula": "130946", "circunscricao": "1º CIRCUNSCRIÇÃO", "zoneamento": "AUM - ÁREA DE USO MISTO", "condominio": null, "area_geom": 200.0, "cnm": "062661.2.0130946-91" }, "geometry": { "type": "Polygon", "coordinates": [ [ [ -54.809105, -22.276735 ], [ -54.80929, -22.276683 ], [ -54.809318, -22.276769 ], [ -54.809133, -22.276821 ], [ -54.809105, -22.276735 ] ] ] } },
{ "type": "Feature", "properties": { "id": 7445, "insc_imob": "00.11.36.29.140", "quadra_cartorio": null, "lote_cartorio": "29", "matricula": "130961", "circunscricao": "1º CIRCUNSCRIÇÃO", "zoneamento": "AUM - ÁREA DE USO MISTO", "condominio": null, "area_geom": 200.0, "cnm": "062661.2.0130961-46" }, "geometry": { "type": "Polygon", "coordinates": [ [ [ -54.807869, -22.276987 ], [ -54.808055, -22.276935 ], [ -54.808083, -22.277021 ], [ -54.807897, -22.277073 ], [ -54.807869, -22.276987 ] ] ] } },
{ "type": "Feature", "properties": { "id": 7447, "insc_imob": "00.11.36.29.280", "quadra_cartorio": null, "lote_cartorio": "13", "matricula": "130945", "circunscricao": "1º CIRCUNSCRIÇÃO", "zoneamento": "AUM - ÁREA DE USO MISTO", "condominio": null, "area_geom": 200.0, "cnm": "062661.2.0130945-94" }, "geometry": { "type": "Polygon", "coordinates": [ [ [ -54.809133, -22.276821 ], [ -54.809318, -22.276769 ], [ -54.809346, -22.276856 ], [ -54.809161, -22.276908 ], [ -54.809133, -22.276821 ] ] ] } },
{ "type": "Feature", "properties": { "id": 7528, "insc_imob": "00.11.36.29.100", "quadra_cartorio": null, "lote_cartorio": "25", "matricula": "130957", "circunscricao": "1º CIRCUNSCRIÇÃO", "zoneamento": "AUM - ÁREA DE USO MISTO", "condominio": null, "area_geom": 200.0, "cnm": "062661.2.0130957-58" }, "geometry": { "type": "Polygon", "coordinates": [ [ [ -54.808241, -22.276883 ], [ -54.808213, -22.276796 ], [ -54.808306, -22.27677 ], [ -54.808334, -22.276857 ], [ -54.808362, -22.276943 ], [ -54.808269, -22.276969 ], [ -54.808241, -22.276883 ] ] ] } },
{ "type": "Feature", "properties": { "id": 7500, "insc_imob": "00.11.36.29.110", "quadra_cartorio": null, "lote_cartorio": "26", "matricula": "130958", "circunscricao": "1º CIRCUNSCRIÇÃO", "zoneamento": "AUM - ÁREA DE USO MISTO", "condominio": null, "area_geom": 200.0, "cnm": "062661.2.0130958-55" }, "geometry": { "type": "Polygon", "coordinates": [ [ [ -54.80812, -22.276822 ], [ -54.808213, -22.276796 ], [ -54.808241, -22.276883 ], [ -54.808269, -22.276969 ], [ -54.808176, -22.276995 ], [ -54.808148, -22.276909 ], [ -54.80812, -22.276822 ] ] ] } },
{ "type": "Feature", "properties": { "id": 7607, "insc_imob": "00.11.36.29.090", "quadra_cartorio": null, "lote_cartorio": "24", "matricula": "130956", "circunscricao": "1º CIRCUNSCRIÇÃO", "zoneamento": "AUM - ÁREA DE USO MISTO", "condominio": null, "area_geom": 200.0, "cnm": "062661.2.0130956-61" }, "geometry": { "type": "Polygon", "coordinates": [ [ [ -54.808306, -22.27677 ], [ -54.808398, -22.276744 ], [ -54.808426, -22.276831 ], [ -54.808454, -22.276917 ], [ -54.808362, -22.276943 ], [ -54.808334, -22.276857 ], [ -54.808306, -22.27677 ] ] ] } },
{ "type": "Feature", "properties": { "id": 7556, "insc_imob": "00.11.36.29.200", "quadra_cartorio": null, "lote_cartorio": "05", "matricula": "130937", "circunscricao": "1º CIRCUNSCRIÇÃO", "zoneamento": "AUM - ÁREA DE USO MISTO", "condominio": null, "area_geom": 200.0, "cnm": "062661.2.0130937-21" }, "geometry": { "type": "Polygon", "coordinates": [ [ [ -54.808362, -22.276943 ], [ -54.808454, -22.276917 ], [ -54.808482, -22.277003 ], [ -54.80851, -22.27709 ], [ -54.808417, -22.277116 ], [ -54.808389, -22.277029 ], [ -54.808362, -22.276943 ] ] ] } },
{ "type": "Feature", "properties": { "id": 7659, "insc_imob": "00.11.36.29.060", "quadra_cartorio": null, "lote_cartorio": "21", "matricula": "130953", "circunscricao": "1º CIRCUNSCRIÇÃO", "zoneamento": "AUM - ÁREA DE USO MISTO", "condominio": null, "area_geom": 200.0, "cnm": "062661.2.0130953-70" }, "geometry": { "type": "Polygon", "coordinates": [ [ [ -54.808612, -22.276778 ], [ -54.808584, -22.276692 ], [ -54.808677, -22.276666 ], [ -54.808705, -22.276752 ], [ -54.808733, -22.276839 ], [ -54.80864, -22.276865 ], [ -54.808612, -22.276778 ] ] ] } },
{ "type": "Feature", "properties": { "id": 7658, "insc_imob": "00.11.36.29.230", "quadra_cartorio": null, "lote_cartorio": "08", "matricula": "130940", "circunscricao": "1º CIRCUNSCRIÇÃO", "zoneamento": "AUM - ÁREA DE USO MISTO", "condominio": null, "area_geom": 200.0, "cnm": "062661.2.0130940-12" }, "geometry": { "type": "Polygon", "coordinates": [ [ [ -54.80864, -22.276865 ], [ -54.808733, -22.276839 ], [ -54.808761, -22.276925 ], [ -54.808789, -22.277012 ], [ -54.808696, -22.277038 ], [ -54.808668, -22.276951 ], [ -54.80864, -22.276865 ] ] ] } },
{ "type": "Feature", "properties": { "id": 7660, "insc_imob": "00.11.36.29.240", "quadra_cartorio": null, "lote_cartorio": "09", "matricula": "130941", "circunscricao": "1º CIRCUNSCRIÇÃO", "zoneamento": "AUM - ÁREA DE USO MISTO", "condominio": null, "area_geom": 200.0, "cnm": "062661.2.0130941-09" }, "geometry": { "type": "Polygon", "coordinates": [ [ [ -54.808733, -22.276839 ], [ -54.808826, -22.276813 ], [ -54.808854, -22.276899 ], [ -54.808882, -22.276986 ], [ -54.808789, -22.277012 ], [ -54.808761, -22.276925 ], [ -54.808733, -22.276839 ] ] ] } },
{ "type": "Feature", "properties": { "id": 7633, "insc_imob": "00.11.36.29.210", "quadra_cartorio": null, "lote_cartorio": "06", "matricula": "130938", "circunscricao": "1º CIRCUNSCRIÇÃO", "zoneamento": "AUM - ÁREA DE USO MISTO", "condominio": null, "area_geom": 200.0, "cnm": "062661.2.0130938-18" }, "geometry": { "type": "Polygon", "coordinates": [ [ [ -54.808454, -22.276917 ], [ -54.808547, -22.276891 ], [ -54.808575, -22.276977 ], [ -54.808603, -22.277064 ], [ -54.80851, -22.27709 ], [ -54.808482, -22.277003 ], [ -54.808454, -22.276917 ] ] ] } },
{ "type": "Feature", "properties": { "id": 7635, "insc_imob": "00.11.36.29.070", "quadra_cartorio": null, "lote_cartorio": "22", "matricula": "130954", "circunscricao": "1º CIRCUNSCRIÇÃO", "zoneamento": "AUM - ÁREA DE USO MISTO", "condominio": null, "area_geom": 200.0, "cnm": "062661.2.0130954-67" }, "geometry": { "type": "Polygon", "coordinates": [ [ [ -54.808519, -22.276804 ], [ -54.808491, -22.276718 ], [ -54.808584, -22.276692 ], [ -54.808612, -22.276778 ], [ -54.80864, -22.276865 ], [ -54.808547, -22.276891 ], [ -54.808519, -22.276804 ] ] ] } },
{ "type": "Feature", "properties": { "id": 7634, "insc_imob": "00.11.36.29.220", "quadra_cartorio": null, "lote_cartorio": "07", "matricula": "130939", "circunscricao": "1º CIRCUNSCRIÇÃO", "zoneamento": "AUM - ÁREA DE USO MISTO", "condominio": null, "area_geom": 200.0, "cnm": "062661.2.0130939-15" }, "geometry": { "type": "Polygon", "coordinates": [ [ [ -54.808547, -22.276891 ], [ -54.80864, -22.276865 ], [ -54.808668, -22.276951 ], [ -54.808696, -22.277038 ], [ -54.808603, -22.277064 ], [ -54.808575, -22.276977 ], [ -54.808547, -22.276891 ] ] ] } },
{ "type": "Feature", "properties": { "id": 7209, "insc_imob": "00.11.36.58.060", "quadra_cartorio": null, "lote_cartorio": "21", "matricula": "131498", "circunscricao": "1º CIRCUNSCRIÇÃO", "zoneamento": "AUM - ÁREA DE USO MISTO", "condominio": null, "area_geom": 200.0, "cnm": "062661.2.0131498-84" }, "geometry": { "type": "Polygon", "coordinates": [ [ [ -54.804168, -22.275318 ], [ -54.80414, -22.275231 ], [ -54.804233, -22.275205 ], [ -54.804261, -22.275291 ], [ -54.804289, -22.275378 ], [ -54.804196, -22.275404 ], [ -54.804168, -22.275318 ] ] ] } },
{ "type": "Feature", "properties": { "id": 7208, "insc_imob": "00.11.36.58.230", "quadra_cartorio": null, "lote_cartorio": "08", "matricula": "131485", "circunscricao": "1º CIRCUNSCRIÇÃO", "zoneamento": "AUM - ÁREA DE USO MISTO", "condominio": null, "area_geom": 200.0, "cnm": "062661.2.0131485-26" }, "geometry": { "type": "Polygon", "coordinates": [ [ [ -54.804196, -22.275404 ], [ -54.804289, -22.275378 ], [ -54.804317, -22.275464 ], [ -54.804345, -22.275551 ], [ -54.804252, -22.275577 ], [ -54.804224, -22.27549 ], [ -54.804196, -22.275404 ] ] ] } },
{ "type": "Feature", "properties": { "id": 7201, "insc_imob": "00.11.36.58.100", "quadra_cartorio": null, "lote_cartorio": "25", "matricula": "131502", "circunscricao": "1º CIRCUNSCRIÇÃO", "zoneamento": "AUM - ÁREA DE USO MISTO", "condominio": null, "area_geom": 200.0, "cnm": "062661.2.0131502-72" }, "geometry": { "type": "Polygon", "coordinates": [ [ [ -54.803797, -22.275422 ], [ -54.803769, -22.275335 ], [ -54.803862, -22.275309 ], [ -54.80389, -22.275396 ], [ -54.803918, -22.275482 ], [ -54.803825, -22.275508 ], [ -54.803797, -22.275422 ] ] ] } },
{ "type": "Feature", "properties": { "id": 7200, "insc_imob": "00.11.36.58.190", "quadra_cartorio": null, "lote_cartorio": "04", "matricula": "131481", "circunscricao": "1º CIRCUNSCRIÇÃO", "zoneamento": "AUM - ÁREA DE USO MISTO", "condominio": null, "area_geom": 200.0, "cnm": "062661.2.0131481-38" }, "geometry": { "type": "Polygon", "coordinates": [ [ [ -54.803825, -22.275508 ], [ -54.803918, -22.275482 ], [ -54.803946, -22.275568 ], [ -54.803974, -22.275655 ], [ -54.803881, -22.275681 ], [ -54.803853, -22.275595 ], [ -54.803825, -22.275508 ] ] ] } },
{ "type": "Feature", "properties": { "id": 7203, "insc_imob": "00.11.36.58.090", "quadra_cartorio": null, "lote_cartorio": "24", "matricula": "131501", "circunscricao": "1º CIRCUNSCRIÇÃO", "zoneamento": "AUM - ÁREA DE USO MISTO", "condominio": null, "area_geom": 200.0, "cnm": "062661.2.0131501-75" }, "geometry": { "type": "Polygon", "coordinates": [ [ [ -54.803862, -22.275309 ], [ -54.803955, -22.275283 ], [ -54.803983, -22.27537 ], [ -54.804011, -22.275456 ], [ -54.803918, -22.275482 ], [ -54.80389, -22.275396 ], [ -54.803862, -22.275309 ] ] ] } },
{ "type": "Feature", "properties": { "id": 7202, "insc_imob": "00.11.36.58.200", "quadra_cartorio": null, "lote_cartorio": "05", "matricula": "131482", "circunscricao": "1º CIRCUNSCRIÇÃO", "zoneamento": "AUM - ÁREA DE USO MISTO", "condominio": null, "area_geom": 200.0, "cnm": "062661.2.0131482-35" }, "geometry": { "type": "Polygon", "coordinates": [ [ [ -54.803918, -22.275482 ], [ -54.804011, -22.275456 ], [ -54.804039, -22.275542 ], [ -54.804066, -22.275629 ], [ -54.803974, -22.275655 ], [ -54.803946, -22.275568 ], [ -54.803918, -22.275482 ] ] ] } },
{ "type": "Feature", "properties": { "id": 7207, "insc_imob": "00.11.36.58.070", "quadra_cartorio": null, "lote_cartorio": "22", "matricula": "131499", "circunscricao": "1º CIRCUNSCRIÇÃO", "zoneamento": "AUM - ÁREA DE USO MISTO", "condominio": null, "area_geom": 200.0, "cnm": "062661.2.0131499-81" }, "geometry": { "type": "Polygon", "coordinates": [ [ [ -54.804048, -22.275257 ], [ -54.80414, -22.275231 ], [ -54.804168, -22.275318 ], [ -54.804196, -22.275404 ], [ -54.804103, -22.27543 ], [ -54.804075, -22.275344 ], [ -54.804048, -22.275257 ] ] ] } },
{ "type": "Feature", "properties": { "id": 7206, "insc_imob": "00.11.36.58.220", "quadra_cartorio": null, "lote_cartorio": "07", "matricula": "131484", "circunscricao": "1º CIRCUNSCRIÇÃO", "zoneamento": "AUM - ÁREA DE USO MISTO", "condominio": null, "area_geom": 200.0, "cnm": "062661.2.0131484-29" }, "geometry": { "type": "Polygon", "coordinates": [ [ [ -54.804103, -22.27543 ], [ -54.804196, -22.275404 ], [ -54.804224, -22.27549 ], [ -54.804252, -22.275577 ], [ -54.804159, -22.275603 ], [ -54.804131, -22.275516 ], [ -54.804103, -22.27543 ] ] ] } },
{ "type": "Feature", "properties": { "id": 7225, "insc_imob": "00.11.36.58.240", "quadra_cartorio": null, "lote_cartorio": "09", "matricula": "131486", "circunscricao": "1º CIRCUNSCRIÇÃO", "zoneamento": "AUM - ÁREA DE USO MISTO", "condominio": null, "area_geom": 200.0, "cnm": "062661.2.0131486-23" }, "geometry": { "type": "Polygon", "coordinates": [ [ [ -54.804289, -22.275378 ], [ -54.804382, -22.275352 ], [ -54.80441, -22.275438 ], [ -54.804438, -22.275525 ], [ -54.804345, -22.275551 ], [ -54.804317, -22.275464 ], [ -54.804289, -22.275378 ] ] ] } },
{ "type": "Feature", "properties": { "id": 7227, "insc_imob": "00.11.36.58.250", "quadra_cartorio": null, "lote_cartorio": "10", "matricula": "131487", "circunscricao": "1º CIRCUNSCRIÇÃO", "zoneamento": "AUM - ÁREA DE USO MISTO", "condominio": null, "area_geom": 200.0, "cnm": "062661.2.0131487-20" }, "geometry": { "type": "Polygon", "coordinates": [ [ [ -54.804382, -22.275352 ], [ -54.804475, -22.275326 ], [ -54.804503, -22.275412 ], [ -54.804531, -22.275499 ], [ -54.804438, -22.275525 ], [ -54.80441, -22.275438 ], [ -54.804382, -22.275352 ] ] ] } },
{ "type": "Feature", "properties": { "id": 7226, "insc_imob": "00.11.36.58.050", "quadra_cartorio": null, "lote_cartorio": "20", "matricula": "131497", "circunscricao": "1º CIRCUNSCRIÇÃO", "zoneamento": "AUM - ÁREA DE USO MISTO", "condominio": null, "area_geom": 200.0, "cnm": "062661.2.0131497-87" }, "geometry": { "type": "Polygon", "coordinates": [ [ [ -54.804261, -22.275291 ], [ -54.804233, -22.275205 ], [ -54.804326, -22.275179 ], [ -54.804354, -22.275265 ], [ -54.804382, -22.275352 ], [ -54.804289, -22.275378 ], [ -54.804261, -22.275291 ] ] ] } },
{ "type": "Feature", "properties": { "id": 7173, "insc_imob": "00.11.36.58.170", "quadra_cartorio": null, "lote_cartorio": "02", "matricula": "131479", "circunscricao": "1º CIRCUNSCRIÇÃO", "zoneamento": "AUM - ÁREA DE USO MISTO", "condominio": null, "area_geom": 200.0, "cnm": "062661.2.0131479-44" }, "geometry": { "type": "Polygon", "coordinates": [ [ [ -54.803639, -22.27556 ], [ -54.803732, -22.275534 ], [ -54.80376, -22.275621 ], [ -54.803788, -22.275707 ], [ -54.803695, -22.275733 ], [ -54.803667, -22.275647 ], [ -54.803639, -22.27556 ] ] ] } },
{ "type": "Feature", "properties": { "id": 7174, "insc_imob": "00.11.36.58.120", "quadra_cartorio": null, "lote_cartorio": "27", "matricula": "131504", "circunscricao": "1º CIRCUNSCRIÇÃO", "zoneamento": "AUM - ÁREA DE USO MISTO", "condominio": null, "area_geom": 200.0, "cnm": "062661.2.0131504-66" }, "geometry": { "type": "Polygon", "coordinates": [ [ [ -54.803611, -22.275474 ], [ -54.803583, -22.275387 ], [ -54.803676, -22.275361 ], [ -54.803704, -22.275448 ], [ -54.803732, -22.275534 ], [ -54.803639, -22.27556 ], [ -54.803611, -22.275474 ] ] ] } },
{ "type": "Feature", "properties": { "id": 7285, "insc_imob": "00.11.36.58.280", "quadra_cartorio": null, "lote_cartorio": "13", "matricula": "131490", "circunscricao": "1º CIRCUNSCRIÇÃO", "zoneamento": "AUM - ÁREA DE USO MISTO", "condominio": null, "area_geom": 220.0, "cnm": "062661.2.0131490-11" }, "geometry": { "type": "Polygon", "coordinates": [ [ [ -54.804686, -22.275352 ], [ -54.804779, -22.275326 ], [ -54.804872, -22.2753 ], [ -54.804902, -22.275395 ], [ -54.80481, -22.275421 ], [ -54.804717, -22.275447 ], [ -54.804686, -22.275352 ] ] ] } },
{ "type": "Feature", "properties": { "id": 7287, "insc_imob": "00.11.36.47.080", "quadra_cartorio": null, "lote_cartorio": "23", "matricula": "131185", "circunscricao": "1º CIRCUNSCRIÇÃO", "zoneamento": "AUM - ÁREA DE USO MISTO", "condominio": null, "area_geom": 200.0, "cnm": "062661.2.0131185-53" }, "geometry": { "type": "Polygon", "coordinates": [ [ [ -54.806463, -22.275834 ], [ -54.806435, -22.275748 ], [ -54.806528, -22.275722 ], [ -54.806556, -22.275808 ], [ -54.806584, -22.275895 ], [ -54.806491, -22.275921 ], [ -54.806463, -22.275834 ] ] ] } },
{ "type": "Feature", "properties": { "id": 7286, "insc_imob": "00.11.36.58.300", "quadra_cartorio": null, "lote_cartorio": "15", "matricula": "131492", "circunscricao": "1º CIRCUNSCRIÇÃO", "zoneamento": "AUM - ÁREA DE USO MISTO", "condominio": null, "area_geom": 220.0, "cnm": "062661.2.0131492-05" }, "geometry": { "type": "Polygon", "coordinates": [ [ [ -54.804624, -22.275161 ], [ -54.80481, -22.275109 ], [ -54.804841, -22.275204 ], [ -54.804748, -22.275231 ], [ -54.804655, -22.275257 ], [ -54.804624, -22.275161 ] ] ] } },
{ "type": "Feature", "properties": { "id": 7249, "insc_imob": "00.11.36.58.260", "quadra_cartorio": null, "lote_cartorio": "11", "matricula": "131488", "circunscricao": "1º CIRCUNSCRIÇÃO", "zoneamento": "AUM - ÁREA DE USO MISTO", "condominio": null, "area_geom": 200.0, "cnm": "062661.2.0131488-17" }, "geometry": { "type": "Polygon", "coordinates": [ [ [ -54.804475, -22.275326 ], [ -54.804568, -22.2753 ], [ -54.804596, -22.275386 ], [ -54.804624, -22.275473 ], [ -54.804531, -22.275499 ], [ -54.804503, -22.275412 ], [ -54.804475, -22.275326 ] ] ] } },
{ "type": "Feature", "properties": { "id": 7248, "insc_imob": "00.11.36.58.040", "quadra_cartorio": null, "lote_cartorio": "19", "matricula": "131496", "circunscricao": "1º CIRCUNSCRIÇÃO", "zoneamento": "AUM - ÁREA DE USO MISTO", "condominio": null, "area_geom": 200.0, "cnm": "062661.2.0131496-90" }, "geometry": { "type": "Polygon", "coordinates": [ [ [ -54.804326, -22.275179 ], [ -54.804419, -22.275153 ], [ -54.804475, -22.275326 ], [ -54.804382, -22.275352 ], [ -54.804354, -22.275265 ], [ -54.804326, -22.275179 ] ] ] } },
{ "type": "Feature", "properties": { "id": 7250, "insc_imob": "00.11.36.58.270", "quadra_cartorio": null, "lote_cartorio": "12", "matricula": "131489", "circunscricao": "1º CIRCUNSCRIÇÃO", "zoneamento": "AUM - ÁREA DE USO MISTO", "condominio": null, "area_geom": 200.0, "cnm": "062661.2.0131489-14" }, "geometry": { "type": "Polygon", "coordinates": [ [ [ -54.804568, -22.2753 ], [ -54.804661, -22.275274 ], [ -54.804686, -22.275352 ], [ -54.804717, -22.275447 ], [ -54.804624, -22.275473 ], [ -54.804596, -22.275386 ], [ -54.804568, -22.2753 ] ] ] } },
{ "type": "Feature", "properties": { "id": 7341, "insc_imob": "00.11.36.30.070", "quadra_cartorio": null, "lote_cartorio": "22", "matricula": "131274", "circunscricao": "1º CIRCUNSCRIÇÃO", "zoneamento": "AUM - ÁREA DE USO MISTO", "condominio": null, "area_geom": 200.0, "cnm": "062661.2.0131274-77" }, "geometry": { "type": "Polygon", "coordinates": [ [ [ -54.807015, -22.277226 ], [ -54.806987, -22.27714 ], [ -54.807079, -22.277114 ], [ -54.807107, -22.2772 ], [ -54.807135, -22.277287 ], [ -54.807042, -22.277313 ], [ -54.807015, -22.277226 ] ] ] } },
{ "type": "Feature", "properties": { "id": 7340, "insc_imob": "00.11.36.30.080", "quadra_cartorio": null, "lote_cartorio": "23", "matricula": "131275", "circunscricao": "1º CIRCUNSCRIÇÃO", "zoneamento": "AUM - ÁREA DE USO MISTO", "condominio": null, "area_geom": 200.0, "cnm": "062661.2.0131275-74" }, "geometry": { "type": "Polygon", "coordinates": [ [ [ -54.806922, -22.277252 ], [ -54.806894, -22.277166 ], [ -54.806987, -22.27714 ], [ -54.807015, -22.277226 ], [ -54.807042, -22.277313 ], [ -54.80695, -22.277339 ], [ -54.806922, -22.277252 ] ] ] } },
{ "type": "Feature", "properties": { "id": 7395, "insc_imob": "00.11.36.30.250", "quadra_cartorio": null, "lote_cartorio": "10", "matricula": "131262", "circunscricao": "1º CIRCUNSCRIÇÃO", "zoneamento": "AUM - ÁREA DE USO MISTO", "condominio": null, "area_geom": 200.0, "cnm": "062661.2.0131262-16" }, "geometry": { "type": "Polygon", "coordinates": [ [ [ -54.807321, -22.277234 ], [ -54.807414, -22.277208 ], [ -54.807442, -22.277295 ], [ -54.80747, -22.277381 ], [ -54.807377, -22.277407 ], [ -54.807349, -22.277321 ], [ -54.807321, -22.277234 ] ] ] } },
{ "type": "Feature", "properties": { "id": 7421, "insc_imob": "00.11.36.30.030", "quadra_cartorio": null, "lote_cartorio": "18", "matricula": "131270", "circunscricao": "1º CIRCUNSCRIÇÃO", "zoneamento": "AUM - ÁREA DE USO MISTO", "condominio": null, "area_geom": 200.0, "cnm": "062661.2.0131270-89" }, "geometry": { "type": "Polygon", "coordinates": [ [ [ -54.807358, -22.277036 ], [ -54.807451, -22.27701 ], [ -54.807479, -22.277096 ], [ -54.807507, -22.277182 ], [ -54.807414, -22.277208 ], [ -54.807386, -22.277122 ], [ -54.807358, -22.277036 ] ] ] } },
{ "type": "Feature", "properties": { "id": 7420, "insc_imob": "00.11.36.30.260", "quadra_cartorio": null, "lote_cartorio": "11", "matricula": "131263", "circunscricao": "1º CIRCUNSCRIÇÃO", "zoneamento": "AUM - ÁREA DE USO MISTO", "condominio": null, "area_geom": 200.0, "cnm": "062661.2.0131263-13" }, "geometry": { "type": "Polygon", "coordinates": [ [ [ -54.807414, -22.277208 ], [ -54.807507, -22.277182 ], [ -54.807535, -22.277269 ], [ -54.807563, -22.277355 ], [ -54.80747, -22.277381 ], [ -54.807442, -22.277295 ], [ -54.807414, -22.277208 ] ] ] } },
{ "type": "Feature", "properties": { "id": 7423, "insc_imob": "00.11.36.30.020", "quadra_cartorio": null, "lote_cartorio": "17", "matricula": "131269", "circunscricao": "1º CIRCUNSCRIÇÃO", "zoneamento": "AUM - ÁREA DE USO MISTO", "condominio": null, "area_geom": 200.0, "cnm": "062661.2.0131269-92" }, "geometry": { "type": "Polygon", "coordinates": [ [ [ -54.807451, -22.27701 ], [ -54.807544, -22.276984 ], [ -54.807572, -22.27707 ], [ -54.8076, -22.277156 ], [ -54.807507, -22.277182 ], [ -54.807479, -22.277096 ], [ -54.807451, -22.27701 ] ] ] } },
{ "type": "Feature", "properties": { "id": 7422, "insc_imob": "00.11.36.30.270", "quadra_cartorio": null, "lote_cartorio": "12", "matricula": "131264", "circunscricao": "1º CIRCUNSCRIÇÃO", "zoneamento": "AUM - ÁREA DE USO MISTO", "condominio": null, "area_geom": 200.0, "cnm": "062661.2.0131264-10" }, "geometry": { "type": "Polygon", "coordinates": [ [ [ -54.807507, -22.277182 ], [ -54.8076, -22.277156 ], [ -54.807628, -22.277243 ], [ -54.807656, -22.277329 ], [ -54.807563, -22.277355 ], [ -54.807535, -22.277269 ], [ -54.807507, -22.277182 ] ] ] } },
{ "type": "Feature", "properties": { "id": 7368, "insc_imob": "00.11.36.30.230", "quadra_cartorio": null, "lote_cartorio": "08", "matricula": "131260", "circunscricao": "1º CIRCUNSCRIÇÃO", "zoneamento": "AUM - ÁREA DE USO MISTO", "condominio": null, "area_geom": 200.0, "cnm": "062661.2.0131260-22" }, "geometry": { "type": "Polygon", "coordinates": [ [ [ -54.807135, -22.277287 ], [ -54.807228, -22.277261 ], [ -54.807256, -22.277347 ], [ -54.807284, -22.277433 ], [ -54.807191, -22.277459 ], [ -54.807163, -22.277373 ], [ -54.807135, -22.277287 ] ] ] } },
{ "type": "Feature", "properties": { "id": 8140, "insc_imob": "00.11.36.39.090", "quadra_cartorio": null, "lote_cartorio": "04", "matricula": "130747", "circunscricao": "1º CIRCUNSCRIÇÃO", "zoneamento": "AUM - ÁREA DE USO MISTO", "condominio": null, "area_geom": 282.11, "cnm": "062661.2.0130747-09" }, "geometry": { "type": "Polygon", "coordinates": [ [ [ -54.809615, -22.275536 ], [ -54.809672, -22.275614 ], [ -54.809395, -22.275692 ], [ -54.809367, -22.275605 ], [ -54.809615, -22.275536 ] ] ] } },
{ "type": "Feature", "properties": { "id": 7712, "insc_imob": "00.11.36.34.150", "quadra_cartorio": null, "lote_cartorio": "30", "matricula": "130932", "circunscricao": "1º CIRCUNSCRIÇÃO", "zoneamento": "AUM - ÁREA DE USO MISTO", "condominio": null, "area_geom": 200.0, "cnm": "062661.2.0130932-36" }, "geometry": { "type": "Polygon", "coordinates": [ [ [ -54.807729, -22.276554 ], [ -54.807915, -22.276502 ], [ -54.807943, -22.276589 ], [ -54.807757, -22.276641 ], [ -54.807729, -22.276554 ] ] ] } },
{ "type": "Feature", "properties": { "id": 7737, "insc_imob": "00.11.36.34.140", "quadra_cartorio": null, "lote_cartorio": "29", "matricula": "130931", "circunscricao": "1º CIRCUNSCRIÇÃO", "zoneamento": "AUM - ÁREA DE USO MISTO", "condominio": null, "area_geom": 200.0, "cnm": "062661.2.0130931-39" }, "geometry": { "type": "Polygon", "coordinates": [ [ [ -54.807701, -22.276468 ], [ -54.807887, -22.276416 ], [ -54.807915, -22.276502 ], [ -54.807729, -22.276554 ], [ -54.807701, -22.276468 ] ] ] } },
{ "type": "Feature", "properties": { "id": 7683, "insc_imob": "00.11.36.29.040", "quadra_cartorio": null, "lote_cartorio": "19", "matricula": "130951", "circunscricao": "1º CIRCUNSCRIÇÃO", "zoneamento": "AUM - ÁREA DE USO MISTO", "condominio": null, "area_geom": 200.0, "cnm": "062661.2.0130951-76" }, "geometry": { "type": "Polygon", "coordinates": [ [ [ -54.808798, -22.276726 ], [ -54.80877, -22.27664 ], [ -54.808863, -22.276614 ], [ -54.808891, -22.2767 ], [ -54.808919, -22.276787 ], [ -54.808826, -22.276813 ], [ -54.808798, -22.276726 ] ] ] } },
{ "type": "Feature", "properties": { "id": 7684, "insc_imob": "00.11.36.29.030", "quadra_cartorio": null, "lote_cartorio": "18", "matricula": "130950", "circunscricao": "1º CIRCUNSCRIÇÃO", "zoneamento": "AUM - ÁREA DE USO MISTO", "condominio": null, "area_geom": 200.0, "cnm": "062661.2.0130950-79" }, "geometry": { "type": "Polygon", "coordinates": [ [ [ -54.808863, -22.276614 ], [ -54.808956, -22.276588 ], [ -54.808984, -22.276674 ], [ -54.809012, -22.276761 ], [ -54.808919, -22.276787 ], [ -54.808891, -22.2767 ], [ -54.808863, -22.276614 ] ] ] } },
{ "type": "Feature", "properties": { "id": 7711, "insc_imob": "00.11.36.29.020", "quadra_cartorio": null, "lote_cartorio": "17", "matricula": "130949", "circunscricao": "1º CIRCUNSCRIÇÃO", "zoneamento": "AUM - ÁREA DE USO MISTO", "condominio": null, "area_geom": 200.0, "cnm": "062661.2.0130949-82" }, "geometry": { "type": "Polygon", "coordinates": [ [ [ -54.808956, -22.276588 ], [ -54.809049, -22.276562 ], [ -54.809077, -22.276648 ], [ -54.809105, -22.276735 ], [ -54.809012, -22.276761 ], [ -54.808984, -22.276674 ], [ -54.808956, -22.276588 ] ] ] } },
{ "type": "Feature", "properties": { "id": 7710, "insc_imob": "00.11.36.29.270", "quadra_cartorio": null, "lote_cartorio": "12", "matricula": "130944", "circunscricao": "1º CIRCUNSCRIÇÃO", "zoneamento": "AUM - ÁREA DE USO MISTO", "condominio": null, "area_geom": 200.0, "cnm": "062661.2.0130944-97" }, "geometry": { "type": "Polygon", "coordinates": [ [ [ -54.809012, -22.276761 ], [ -54.809105, -22.276735 ], [ -54.809133, -22.276821 ], [ -54.809161, -22.276908 ], [ -54.809068, -22.276934 ], [ -54.80904, -22.276847 ], [ -54.809012, -22.276761 ] ] ] } },
{ "type": "Feature", "properties": { "id": 7789, "insc_imob": "00.11.36.33.040", "quadra_cartorio": null, "lote_cartorio": "11", "matricula": "130764", "circunscricao": "1º CIRCUNSCRIÇÃO", "zoneamento": "AUM - ÁREA DE USO MISTO", "condominio": null, "area_geom": 200.0, "cnm": "062661.2.0130764-55" }, "geometry": { "type": "Polygon", "coordinates": [ [ [ -54.809178, -22.27596 ], [ -54.809364, -22.275908 ], [ -54.809392, -22.275994 ], [ -54.809206, -22.276046 ], [ -54.809178, -22.27596 ] ] ] } },
{ "type": "Feature", "properties": { "id": 7788, "insc_imob": "00.11.36.33.050", "quadra_cartorio": null, "lote_cartorio": "12", "matricula": "130765", "circunscricao": "1º CIRCUNSCRIÇÃO", "zoneamento": "AUM - ÁREA DE USO MISTO", "condominio": null, "area_geom": 200.0, "cnm": "062661.2.0130765-52" }, "geometry": { "type": "Polygon", "coordinates": [ [ [ -54.809206, -22.276046 ], [ -54.809392, -22.275994 ], [ -54.80942, -22.276081 ], [ -54.809234, -22.276133 ], [ -54.809206, -22.276046 ] ] ] } },
{ "type": "Feature", "properties": { "id": 7790, "insc_imob": "00.11.36.33.030", "quadra_cartorio": null, "lote_cartorio": "10", "matricula": "130763", "circunscricao": "1º CIRCUNSCRIÇÃO", "zoneamento": "AUM - ÁREA DE USO MISTO", "condominio": null, "area_geom": 200.0, "cnm": "062661.2.0130763-58" }, "geometry": { "type": "Polygon", "coordinates": [ [ [ -54.809392, -22.275994 ], [ -54.809364, -22.275908 ], [ -54.809457, -22.275882 ], [ -54.809485, -22.275968 ], [ -54.809513, -22.276055 ], [ -54.80942, -22.276081 ], [ -54.809392, -22.275994 ] ] ] } },
{ "type": "Feature", "properties": { "id": 7769, "insc_imob": "00.11.36.34.040", "quadra_cartorio": null, "lote_cartorio": "19", "matricula": "130921", "circunscricao": "1º CIRCUNSCRIÇÃO", "zoneamento": "AUM - ÁREA DE USO MISTO", "condominio": null, "area_geom": 200.0, "cnm": "062661.2.0130921-69" }, "geometry": { "type": "Polygon", "coordinates": [ [ [ -54.808602, -22.276121 ], [ -54.808695, -22.276095 ], [ -54.808723, -22.276182 ], [ -54.808751, -22.276268 ], [ -54.808658, -22.276294 ], [ -54.80863, -22.276208 ], [ -54.808602, -22.276121 ] ] ] } },
{ "type": "Feature", "properties": { "id": 7768, "insc_imob": "00.11.36.34.050", "quadra_cartorio": null, "lote_cartorio": "20", "matricula": "130922", "circunscricao": "1º CIRCUNSCRIÇÃO", "zoneamento": "AUM - ÁREA DE USO MISTO", "condominio": null, "area_geom": 200.0, "cnm": "062661.2.0130922-66" }, "geometry": { "type": "Polygon", "coordinates": [ [ [ -54.808537, -22.276234 ], [ -54.808509, -22.276147 ], [ -54.808602, -22.276121 ], [ -54.80863, -22.276208 ], [ -54.808658, -22.276294 ], [ -54.808565, -22.27632 ], [ -54.808537, -22.276234 ] ] ] } },
{ "type": "Feature", "properties": { "id": 7771, "insc_imob": "00.11.36.33.060", "quadra_cartorio": null, "lote_cartorio": "13", "matricula": "130766", "circunscricao": "1º CIRCUNSCRIÇÃO", "zoneamento": "AUM - ÁREA DE USO MISTO", "condominio": null, "area_geom": 200.0, "cnm": "062661.2.0130766-49" }, "geometry": { "type": "Polygon", "coordinates": [ [ [ -54.809234, -22.276133 ], [ -54.80942, -22.276081 ], [ -54.809448, -22.276167 ], [ -54.809262, -22.276219 ], [ -54.809234, -22.276133 ] ] ] } },
{ "type": "Feature", "properties": { "id": 7770, "insc_imob": "00.11.36.34.020", "quadra_cartorio": null, "lote_cartorio": "17", "matricula": "130919", "circunscricao": "1º CIRCUNSCRIÇÃO", "zoneamento": "AUM - ÁREA DE USO MISTO", "condominio": null, "area_geom": 200.0, "cnm": "062661.2.0130919-75" }, "geometry": { "type": "Polygon", "coordinates": [ [ [ -54.808788, -22.276069 ], [ -54.808881, -22.276043 ], [ -54.808909, -22.27613 ], [ -54.808937, -22.276216 ], [ -54.808844, -22.276242 ], [ -54.808816, -22.276156 ], [ -54.808788, -22.276069 ] ] ] } },
{ "type": "Feature", "properties": { "id": 7765, "insc_imob": "00.11.36.34.120", "quadra_cartorio": null, "lote_cartorio": "27", "matricula": "130929", "circunscricao": "1º CIRCUNSCRIÇÃO", "zoneamento": "AUM - ÁREA DE USO MISTO", "condominio": null, "area_geom": 200.0, "cnm": "062661.2.0130929-45" }, "geometry": { "type": "Polygon", "coordinates": [ [ [ -54.807859, -22.276329 ], [ -54.807952, -22.276303 ], [ -54.80798, -22.27639 ], [ -54.808008, -22.276476 ], [ -54.807915, -22.276502 ], [ -54.807887, -22.276416 ], [ -54.807859, -22.276329 ] ] ] } },
{ "type": "Feature", "properties": { "id": 7767, "insc_imob": "00.11.36.34.100", "quadra_cartorio": null, "lote_cartorio": "25", "matricula": "130927", "circunscricao": "1º CIRCUNSCRIÇÃO", "zoneamento": "AUM - ÁREA DE USO MISTO", "condominio": null, "area_geom": 200.0, "cnm": "062661.2.0130927-51" }, "geometry": { "type": "Polygon", "coordinates": [ [ [ -54.808073, -22.276364 ], [ -54.808045, -22.276277 ], [ -54.808138, -22.276251 ], [ -54.808166, -22.276338 ], [ -54.808194, -22.276424 ], [ -54.808101, -22.27645 ], [ -54.808073, -22.276364 ] ] ] } },
{ "type": "Feature", "properties": { "id": 7766, "insc_imob": "00.11.36.34.110", "quadra_cartorio": null, "lote_cartorio": "26", "matricula": "130928", "circunscricao": "1º CIRCUNSCRIÇÃO", "zoneamento": "AUM - ÁREA DE USO MISTO", "condominio": null, "area_geom": 200.0, "cnm": "062661.2.0130928-48" }, "geometry": { "type": "Polygon", "coordinates": [ [ [ -54.80798, -22.27639 ], [ -54.807952, -22.276303 ], [ -54.808045, -22.276277 ], [ -54.808073, -22.276364 ], [ -54.808101, -22.27645 ], [ -54.808008, -22.276476 ], [ -54.80798, -22.27639 ] ] ] } },
{ "type": "Feature", "properties": { "id": 7817, "insc_imob": "00.11.36.33.130", "quadra_cartorio": null, "lote_cartorio": "07", "matricula": "130760", "circunscricao": "1º CIRCUNSCRIÇÃO", "zoneamento": "AUM - ÁREA DE USO MISTO", "condominio": null, "area_geom": 282.05, "cnm": "062661.2.0130760-67" }, "geometry": { "type": "Polygon", "coordinates": [ [ [ -54.80955, -22.275856 ], [ -54.809797, -22.275786 ], [ -54.809854, -22.275865 ], [ -54.809578, -22.275942 ], [ -54.80955, -22.275856 ] ] ] } },
{ "type": "Feature", "properties": { "id": 7816, "insc_imob": "00.11.36.33.120", "quadra_cartorio": null, "lote_cartorio": "06", "matricula": "130759", "circunscricao": "1º CIRCUNSCRIÇÃO", "zoneamento": "AUM - ÁREA DE USO MISTO", "condominio": null, "area_geom": 244.59, "cnm": "062661.2.0130759-70" }, "geometry": { "type": "Polygon", "coordinates": [ [ [ -54.809699, -22.276003 ], [ -54.809911, -22.275943 ], [ -54.809968, -22.276021 ], [ -54.809727, -22.276089 ], [ -54.809699, -22.276003 ] ] ] } },
{ "type": "Feature", "properties": { "id": 7815, "insc_imob": "00.11.36.33.020", "quadra_cartorio": null, "lote_cartorio": "09", "matricula": "130762", "circunscricao": "1º CIRCUNSCRIÇÃO", "zoneamento": "AUM - ÁREA DE USO MISTO", "condominio": null, "area_geom": 200.0, "cnm": "062661.2.0130762-61" }, "geometry": { "type": "Polygon", "coordinates": [ [ [ -54.809457, -22.275882 ], [ -54.80955, -22.275856 ], [ -54.809578, -22.275942 ], [ -54.809606, -22.276029 ], [ -54.809513, -22.276055 ], [ -54.809485, -22.275968 ], [ -54.809457, -22.275882 ] ] ] } },
{ "type": "Feature", "properties": { "id": 7929, "insc_imob": "00.11.36.39.070", "quadra_cartorio": null, "lote_cartorio": "02", "matricula": "130745", "circunscricao": "1º CIRCUNSCRIÇÃO", "zoneamento": "AUM - ÁREA DE USO MISTO", "condominio": null, "area_geom": 200.0, "cnm": "062661.2.0130745-15" }, "geometry": { "type": "Polygon", "coordinates": [ [ [ -54.809302, -22.275718 ], [ -54.809274, -22.275631 ], [ -54.809367, -22.275605 ], [ -54.809395, -22.275692 ], [ -54.809423, -22.275778 ], [ -54.80933, -22.275804 ], [ -54.809302, -22.275718 ] ] ] } },
{ "type": "Feature", "properties": { "id": 7928, "insc_imob": "00.11.36.30.220", "quadra_cartorio": null, "lote_cartorio": "07", "matricula": "131259", "circunscricao": "1º CIRCUNSCRIÇÃO", "zoneamento": "AUM - ÁREA DE USO MISTO", "condominio": null, "area_geom": 200.0, "cnm": "062661.2.0131259-25" }, "geometry": { "type": "Polygon", "coordinates": [ [ [ -54.807042, -22.277313 ], [ -54.807135, -22.277287 ], [ -54.807163, -22.277373 ], [ -54.807191, -22.277459 ], [ -54.807098, -22.277485 ], [ -54.80707, -22.277399 ], [ -54.807042, -22.277313 ] ] ] } },
{ "type": "Feature", "properties": { "id": 7931, "insc_imob": "00.11.36.39.080", "quadra_cartorio": null, "lote_cartorio": "03", "matricula": "130746", "circunscricao": "1º CIRCUNSCRIÇÃO", "zoneamento": "AUM - ÁREA DE USO MISTO", "condominio": null, "area_geom": 313.36, "cnm": "062661.2.0130746-12" }, "geometry": { "type": "Polygon", "coordinates": [ [ [ -54.809395, -22.275692 ], [ -54.809672, -22.275614 ], [ -54.809729, -22.275692 ], [ -54.809423, -22.275778 ], [ -54.809395, -22.275692 ] ] ] } },
{ "type": "Feature", "properties": { "id": 7930, "insc_imob": "00.11.36.39.020", "quadra_cartorio": null, "lote_cartorio": "07", "matricula": "130750", "circunscricao": "1º CIRCUNSCRIÇÃO", "zoneamento": "AUM - ÁREA DE USO MISTO", "condominio": null, "area_geom": 200.0, "cnm": "062661.2.0130750-97" }, "geometry": { "type": "Polygon", "coordinates": [ [ [ -54.809246, -22.275545 ], [ -54.809219, -22.275458 ], [ -54.809311, -22.275432 ], [ -54.809339, -22.275519 ], [ -54.809367, -22.275605 ], [ -54.809274, -22.275631 ], [ -54.809246, -22.275545 ] ] ] } },
{ "type": "Feature", "properties": { "id": 7927, "insc_imob": "00.11.36.48.130", "quadra_cartorio": null, "lote_cartorio": "28", "matricula": "131565", "circunscricao": "1º CIRCUNSCRIÇÃO", "zoneamento": "AUM - ÁREA DE USO MISTO", "condominio": null, "area_geom": 200.0, "cnm": "062661.2.0131565-77" }, "geometry": { "type": "Polygon", "coordinates": [ [ [ -54.803741, -22.276503 ], [ -54.803927, -22.276451 ], [ -54.803955, -22.276537 ], [ -54.803769, -22.276589 ], [ -54.803741, -22.276503 ] ] ] } },
{ "type": "Feature", "properties": { "id": 7873, "insc_imob": "00.11.36.39.060", "quadra_cartorio": null, "lote_cartorio": "01", "matricula": "130744", "circunscricao": "1º CIRCUNSCRIÇÃO", "zoneamento": "AUM - ÁREA DE USO MISTO", "condominio": null, "area_geom": 200.0, "cnm": "062661.2.0130744-18" }, "geometry": { "type": "Polygon", "coordinates": [ [ [ -54.809117, -22.27577 ], [ -54.809302, -22.275718 ], [ -54.80933, -22.275804 ], [ -54.809145, -22.275856 ], [ -54.809117, -22.27577 ] ] ] } },
{ "type": "Feature", "properties": { "id": 7872, "insc_imob": "00.11.36.33.130", "quadra_cartorio": null, "lote_cartorio": "07", "matricula": "130760", "circunscricao": "1º CIRCUNSCRIÇÃO", "zoneamento": "AUM - ÁREA DE USO MISTO", "condominio": null, "area_geom": 313.32, "cnm": "062661.2.0130760-67" }, "geometry": { "type": "Polygon", "coordinates": [ [ [ -54.809578, -22.275942 ], [ -54.809854, -22.275865 ], [ -54.809911, -22.275943 ], [ -54.809699, -22.276003 ], [ -54.809606, -22.276029 ], [ -54.809578, -22.275942 ] ] ] } },
{ "type": "Feature", "properties": { "id": 7874, "insc_imob": "00.11.36.39.050", "quadra_cartorio": null, "lote_cartorio": "10", "matricula": "130753", "circunscricao": "1º CIRCUNSCRIÇÃO", "zoneamento": "AUM - ÁREA DE USO MISTO", "condominio": null, "area_geom": 200.0, "cnm": "062661.2.0130753-88" }, "geometry": { "type": "Polygon", "coordinates": [ [ [ -54.809089, -22.275683 ], [ -54.809274, -22.275631 ], [ -54.809302, -22.275718 ], [ -54.809117, -22.27577 ], [ -54.809089, -22.275683 ] ] ] } },
{ "type": "Feature", "properties": { "id": 7899, "insc_imob": "00.11.36.39.040", "quadra_cartorio": null, "lote_cartorio": "09", "matricula": "130752", "circunscricao": "1º CIRCUNSCRIÇÃO", "zoneamento": "AUM - ÁREA DE USO MISTO", "condominio": null, "area_geom": 200.0, "cnm": "062661.2.0130752-91" }, "geometry": { "type": "Polygon", "coordinates": [ [ [ -54.809061, -22.275597 ], [ -54.809246, -22.275545 ], [ -54.809274, -22.275631 ], [ -54.809089, -22.275683 ], [ -54.809061, -22.275597 ] ] ] } },
{ "type": "Feature", "properties": { "id": 7900, "insc_imob": "00.11.36.39.030", "quadra_cartorio": null, "lote_cartorio": "08", "matricula": "130751", "circunscricao": "1º CIRCUNSCRIÇÃO", "zoneamento": "AUM - ÁREA DE USO MISTO", "condominio": null, "area_geom": 200.0, "cnm": "062661.2.0130751-94" }, "geometry": { "type": "Polygon", "coordinates": [ [ [ -54.809033, -22.27551 ], [ -54.809219, -22.275458 ], [ -54.809246, -22.275545 ], [ -54.809061, -22.275597 ], [ -54.809033, -22.27551 ] ] ] } },
{ "type": "Feature", "properties": { "id": 4479, "insc_imob": "00.11.36.08.040", "quadra_cartorio": null, "lote_cartorio": "12", "matricula": "131759", "circunscricao": "1º CIRCUNSCRIÇÃO", "zoneamento": "AUM - ÁREA DE USO MISTO", "condominio": null, "area_geom": 199.36, "cnm": "062661.2.0131759-77" }, "geometry": { "type": "Polygon", "coordinates": [ [ [ -54.80588, -22.27967 ], [ -54.805826, -22.279503 ], [ -54.805919, -22.279477 ], [ -54.805973, -22.279644 ], [ -54.805975, -22.279649 ], [ -54.805882, -22.279675 ], [ -54.80588, -22.27967 ] ] ] } },
{ "type": "Feature", "properties": { "id": 4537, "insc_imob": "00.11.36.30.300", "quadra_cartorio": null, "lote_cartorio": "15", "matricula": "131267", "circunscricao": "1º CIRCUNSCRIÇÃO", "zoneamento": "AUM - ÁREA DE USO MISTO", "condominio": null, "area_geom": 200.0, "cnm": "062661.2.0131267-98" }, "geometry": { "type": "Polygon", "coordinates": [ [ [ -54.807572, -22.27707 ], [ -54.807758, -22.277018 ], [ -54.807786, -22.277104 ], [ -54.8076, -22.277156 ], [ -54.807572, -22.27707 ] ] ] } },
{ "type": "Feature", "properties": { "id": 4521, "insc_imob": "00.11.36.20.020", "quadra_cartorio": null, "lote_cartorio": "17", "matricula": "131704", "circunscricao": "1º CIRCUNSCRIÇÃO", "zoneamento": "AUM - ÁREA DE USO MISTO", "condominio": null, "area_geom": 200.0, "cnm": "062661.2.0131704-48" }, "geometry": { "type": "Polygon", "coordinates": [ [ [ -54.805605, -22.278507 ], [ -54.805698, -22.278481 ], [ -54.805726, -22.278568 ], [ -54.805754, -22.278654 ], [ -54.805661, -22.27868 ], [ -54.805633, -22.278594 ], [ -54.805605, -22.278507 ] ] ] } },
{ "type": "Feature", "properties": { "id": 4520, "insc_imob": "00.11.36.20.270", "quadra_cartorio": null, "lote_cartorio": "12", "matricula": "131699", "circunscricao": "1º CIRCUNSCRIÇÃO", "zoneamento": "AUM - ÁREA DE USO MISTO", "condominio": null, "area_geom": 200.0, "cnm": "062661.2.0131699-63" }, "geometry": { "type": "Polygon", "coordinates": [ [ [ -54.805661, -22.27868 ], [ -54.805754, -22.278654 ], [ -54.805782, -22.278741 ], [ -54.80581, -22.278827 ], [ -54.805717, -22.278853 ], [ -54.805689, -22.278767 ], [ -54.805661, -22.27868 ] ] ] } },
{ "type": "Feature", "properties": { "id": 4522, "insc_imob": "00.11.36.21.260", "quadra_cartorio": null, "lote_cartorio": "13", "matricula": "131868", "circunscricao": "1º CIRCUNSCRIÇÃO", "zoneamento": "AUM - ÁREA DE USO MISTO", "condominio": null, "area_geom": 200.0, "cnm": "062661.2.0131868-41" }, "geometry": { "type": "Polygon", "coordinates": [ [ [ -54.804277, -22.279162 ], [ -54.804463, -22.27911 ], [ -54.804491, -22.279197 ], [ -54.804305, -22.279249 ], [ -54.804277, -22.279162 ] ] ] } },
{ "type": "Feature", "properties": { "id": 4525, "insc_imob": "00.11.36.47.070", "quadra_cartorio": null, "lote_cartorio": "22", "matricula": "131184", "circunscricao": "1º CIRCUNSCRIÇÃO", "zoneamento": "AUM - ÁREA DE USO MISTO", "condominio": null, "area_geom": 200.0, "cnm": "062661.2.0131184-56" }, "geometry": { "type": "Polygon", "coordinates": [ [ [ -54.806528, -22.275722 ], [ -54.806621, -22.275696 ], [ -54.806649, -22.275782 ], [ -54.806677, -22.275869 ], [ -54.806584, -22.275895 ], [ -54.806556, -22.275808 ], [ -54.806528, -22.275722 ] ] ] } },
{ "type": "Feature", "properties": { "id": 5241, "insc_imob": "00.11.36.13.160", "quadra_cartorio": null, "lote_cartorio": "01", "matricula": "131343", "circunscricao": "1º CIRCUNSCRIÇÃO", "zoneamento": "AUM - ÁREA DE USO MISTO", "condominio": null, "area_geom": 200.0, "cnm": "062661.2.0131343-64" }, "geometry": { "type": "Polygon", "coordinates": [ [ [ -54.806856, -22.27893 ], [ -54.807042, -22.278878 ], [ -54.80707, -22.278964 ], [ -54.806884, -22.279016 ], [ -54.806856, -22.27893 ] ] ] } },
{ "type": "Feature", "properties": { "id": 4526, "insc_imob": "00.11.36.47.230", "quadra_cartorio": null, "lote_cartorio": "08", "matricula": "131170", "circunscricao": "1º CIRCUNSCRIÇÃO", "zoneamento": "AUM - ÁREA DE USO MISTO", "condominio": null, "area_geom": 200.0, "cnm": "062661.2.0131170-98" }, "geometry": { "type": "Polygon", "coordinates": [ [ [ -54.806677, -22.275869 ], [ -54.80677, -22.275843 ], [ -54.806798, -22.275929 ], [ -54.806826, -22.276016 ], [ -54.806733, -22.276042 ], [ -54.806705, -22.275955 ], [ -54.806677, -22.275869 ] ] ] } },
{ "type": "Feature", "properties": { "id": 4513, "insc_imob": "00.11.36.20.060", "quadra_cartorio": null, "lote_cartorio": "21", "matricula": "131708", "circunscricao": "1º CIRCUNSCRIÇÃO", "zoneamento": "AUM - ÁREA DE USO MISTO", "condominio": null, "area_geom": 200.0, "cnm": "062661.2.0131708-36" }, "geometry": { "type": "Polygon", "coordinates": [ [ [ -54.805262, -22.278698 ], [ -54.805234, -22.278611 ], [ -54.805327, -22.278585 ], [ -54.805355, -22.278672 ], [ -54.805383, -22.278758 ], [ -54.80529, -22.278784 ], [ -54.805262, -22.278698 ] ] ] } },
{ "type": "Feature", "properties": { "id": 4512, "insc_imob": "00.11.36.20.230", "quadra_cartorio": null, "lote_cartorio": "08", "matricula": "131695", "circunscricao": "1º CIRCUNSCRIÇÃO", "zoneamento": "AUM - ÁREA DE USO MISTO", "condominio": null, "area_geom": 200.0, "cnm": "062661.2.0131695-75" }, "geometry": { "type": "Polygon", "coordinates": [ [ [ -54.80529, -22.278784 ], [ -54.805383, -22.278758 ], [ -54.805411, -22.278845 ], [ -54.805439, -22.278931 ], [ -54.805346, -22.278957 ], [ -54.805318, -22.278871 ], [ -54.80529, -22.278784 ] ] ] } },
{ "type": "Feature", "properties": { "id": 4515, "insc_imob": "00.11.36.20.050", "quadra_cartorio": null, "lote_cartorio": "20", "matricula": "131707", "circunscricao": "1º CIRCUNSCRIÇÃO", "zoneamento": "AUM - ÁREA DE USO MISTO", "condominio": null, "area_geom": 200.0, "cnm": "062661.2.0131707-39" }, "geometry": { "type": "Polygon", "coordinates": [ [ [ -54.805327, -22.278585 ], [ -54.80542, -22.278559 ], [ -54.805448, -22.278646 ], [ -54.805476, -22.278732 ], [ -54.805383, -22.278758 ], [ -54.805355, -22.278672 ], [ -54.805327, -22.278585 ] ] ] } },
{ "type": "Feature", "properties": { "id": 4514, "insc_imob": "00.11.36.20.240", "quadra_cartorio": null, "lote_cartorio": "09", "matricula": "131696", "circunscricao": "1º CIRCUNSCRIÇÃO", "zoneamento": "AUM - ÁREA DE USO MISTO", "condominio": null, "area_geom": 200.0, "cnm": "062661.2.0131696-72" }, "geometry": { "type": "Polygon", "coordinates": [ [ [ -54.805383, -22.278758 ], [ -54.805476, -22.278732 ], [ -54.805503, -22.278819 ], [ -54.805531, -22.278905 ], [ -54.805439, -22.278931 ], [ -54.805411, -22.278845 ], [ -54.805383, -22.278758 ] ] ] } },
{ "type": "Feature", "properties": { "id": 4517, "insc_imob": "00.11.36.20.040", "quadra_cartorio": null, "lote_cartorio": "19", "matricula": "131706", "circunscricao": "1º CIRCUNSCRIÇÃO", "zoneamento": "AUM - ÁREA DE USO MISTO", "condominio": null, "area_geom": 200.0, "cnm": "062661.2.0131706-42" }, "geometry": { "type": "Polygon", "coordinates": [ [ [ -54.805448, -22.278646 ], [ -54.80542, -22.278559 ], [ -54.805512, -22.278533 ], [ -54.80554, -22.27862 ], [ -54.805568, -22.278706 ], [ -54.805476, -22.278732 ], [ -54.805448, -22.278646 ] ] ] } },
{ "type": "Feature", "properties": { "id": 4516, "insc_imob": "00.11.36.20.250", "quadra_cartorio": null, "lote_cartorio": "10", "matricula": "131697", "circunscricao": "1º CIRCUNSCRIÇÃO", "zoneamento": "AUM - ÁREA DE USO MISTO", "condominio": null, "area_geom": 200.0, "cnm": "062661.2.0131697-69" }, "geometry": { "type": "Polygon", "coordinates": [ [ [ -54.805476, -22.278732 ], [ -54.805568, -22.278706 ], [ -54.805596, -22.278793 ], [ -54.805624, -22.278879 ], [ -54.805531, -22.278905 ], [ -54.805503, -22.278819 ], [ -54.805476, -22.278732 ] ] ] } },
{ "type": "Feature", "properties": { "id": 4519, "insc_imob": "00.11.36.20.030", "quadra_cartorio": null, "lote_cartorio": "18", "matricula": "131705", "circunscricao": "1º CIRCUNSCRIÇÃO", "zoneamento": "AUM - ÁREA DE USO MISTO", "condominio": null, "area_geom": 200.0, "cnm": "062661.2.0131705-45" }, "geometry": { "type": "Polygon", "coordinates": [ [ [ -54.805512, -22.278533 ], [ -54.805605, -22.278507 ], [ -54.805633, -22.278594 ], [ -54.805661, -22.27868 ], [ -54.805568, -22.278706 ], [ -54.80554, -22.27862 ], [ -54.805512, -22.278533 ] ] ] } },
{ "type": "Feature", "properties": { "id": 4518, "insc_imob": "00.11.36.20.260", "quadra_cartorio": null, "lote_cartorio": "11", "matricula": "131698", "circunscricao": "1º CIRCUNSCRIÇÃO", "zoneamento": "AUM - ÁREA DE USO MISTO", "condominio": null, "area_geom": 200.0, "cnm": "062661.2.0131698-66" }, "geometry": { "type": "Polygon", "coordinates": [ [ [ -54.805568, -22.278706 ], [ -54.805661, -22.27868 ], [ -54.805689, -22.278767 ], [ -54.805717, -22.278853 ], [ -54.805624, -22.278879 ], [ -54.805596, -22.278793 ], [ -54.805568, -22.278706 ] ] ] } },
{ "type": "Feature", "properties": { "id": 4536, "insc_imob": "00.11.36.30.290", "quadra_cartorio": null, "lote_cartorio": "14", "matricula": "131266", "circunscricao": "1º CIRCUNSCRIÇÃO", "zoneamento": "AUM - ÁREA DE USO MISTO", "condominio": null, "area_geom": 200.0, "cnm": "062661.2.0131266-04" }, "geometry": { "type": "Polygon", "coordinates": [ [ [ -54.8076, -22.277156 ], [ -54.807786, -22.277104 ], [ -54.807814, -22.277191 ], [ -54.807628, -22.277243 ], [ -54.8076, -22.277156 ] ] ] } },
{ "type": "Feature", "properties": { "id": 4543, "insc_imob": "00.11.36.30.120", "quadra_cartorio": null, "lote_cartorio": "27", "matricula": "131279", "circunscricao": "1º CIRCUNSCRIÇÃO", "zoneamento": "AUM - ÁREA DE USO MISTO", "condominio": null, "area_geom": 200.0, "cnm": "062661.2.0131279-62" }, "geometry": { "type": "Polygon", "coordinates": [ [ [ -54.80655, -22.277356 ], [ -54.806522, -22.27727 ], [ -54.806615, -22.277244 ], [ -54.806643, -22.27733 ], [ -54.806671, -22.277417 ], [ -54.806578, -22.277443 ], [ -54.80655, -22.277356 ] ] ] } },
{ "type": "Feature", "properties": { "id": 4542, "insc_imob": "00.11.36.30.170", "quadra_cartorio": null, "lote_cartorio": "02", "matricula": "131254", "circunscricao": "1º CIRCUNSCRIÇÃO", "zoneamento": "AUM - ÁREA DE USO MISTO", "condominio": null, "area_geom": 200.0, "cnm": "062661.2.0131254-40" }, "geometry": { "type": "Polygon", "coordinates": [ [ [ -54.806578, -22.277443 ], [ -54.806671, -22.277417 ], [ -54.806699, -22.277503 ], [ -54.806727, -22.27759 ], [ -54.806634, -22.277616 ], [ -54.806606, -22.277529 ], [ -54.806578, -22.277443 ] ] ] } },
{ "type": "Feature", "properties": { "id": 4529, "insc_imob": "00.11.36.47.250", "quadra_cartorio": null, "lote_cartorio": "10", "matricula": "131172", "circunscricao": "1º CIRCUNSCRIÇÃO", "zoneamento": "AUM - ÁREA DE USO MISTO", "condominio": null, "area_geom": 200.0, "cnm": "062661.2.0131172-92" }, "geometry": { "type": "Polygon", "coordinates": [ [ [ -54.806863, -22.275817 ], [ -54.806955, -22.275791 ], [ -54.806983, -22.275877 ], [ -54.807011, -22.275964 ], [ -54.806918, -22.27599 ], [ -54.806891, -22.275903 ], [ -54.806863, -22.275817 ] ] ] } },
{ "type": "Feature", "properties": { "id": 4528, "insc_imob": "00.11.36.47.050", "quadra_cartorio": null, "lote_cartorio": "20", "matricula": "131182", "circunscricao": "1º CIRCUNSCRIÇÃO", "zoneamento": "AUM - ÁREA DE USO MISTO", "condominio": null, "area_geom": 200.0, "cnm": "062661.2.0131182-62" }, "geometry": { "type": "Polygon", "coordinates": [ [ [ -54.806742, -22.275756 ], [ -54.806714, -22.27567 ], [ -54.806807, -22.275644 ], [ -54.806835, -22.27573 ], [ -54.806863, -22.275817 ], [ -54.80677, -22.275843 ], [ -54.806742, -22.275756 ] ] ] } },
{ "type": "Feature", "properties": { "id": 4530, "insc_imob": "00.11.36.47.040", "quadra_cartorio": null, "lote_cartorio": "19", "matricula": "131181", "circunscricao": "1º CIRCUNSCRIÇÃO", "zoneamento": "AUM - ÁREA DE USO MISTO", "condominio": null, "area_geom": 200.0, "cnm": "062661.2.0131181-65" }, "geometry": { "type": "Polygon", "coordinates": [ [ [ -54.806807, -22.275644 ], [ -54.806899, -22.275618 ], [ -54.806927, -22.275704 ], [ -54.806955, -22.275791 ], [ -54.806863, -22.275817 ], [ -54.806835, -22.27573 ], [ -54.806807, -22.275644 ] ] ] } },
{ "type": "Feature", "properties": { "id": 4533, "insc_imob": "00.11.36.30.150", "quadra_cartorio": null, "lote_cartorio": "30", "matricula": "131282", "circunscricao": "1º CIRCUNSCRIÇÃO", "zoneamento": "AUM - ÁREA DE USO MISTO", "condominio": null, "area_geom": 200.0, "cnm": "062661.2.0131282-53" }, "geometry": { "type": "Polygon", "coordinates": [ [ [ -54.806392, -22.277495 ], [ -54.806578, -22.277443 ], [ -54.806606, -22.277529 ], [ -54.80642, -22.277581 ], [ -54.806392, -22.277495 ] ] ] } },
{ "type": "Feature", "properties": { "id": 4532, "insc_imob": "00.11.36.30.160", "quadra_cartorio": null, "lote_cartorio": "01", "matricula": "131253", "circunscricao": "1º CIRCUNSCRIÇÃO", "zoneamento": "AUM - ÁREA DE USO MISTO", "condominio": null, "area_geom": 200.0, "cnm": "062661.2.0131253-43" }, "geometry": { "type": "Polygon", "coordinates": [ [ [ -54.80642, -22.277581 ], [ -54.806606, -22.277529 ], [ -54.806634, -22.277616 ], [ -54.806448, -22.277668 ], [ -54.80642, -22.277581 ] ] ] } },
{ "type": "Feature", "properties": { "id": 4534, "insc_imob": "00.11.36.30.140", "quadra_cartorio": null, "lote_cartorio": "29", "matricula": "131281", "circunscricao": "1º CIRCUNSCRIÇÃO", "zoneamento": "AUM - ÁREA DE USO MISTO", "condominio": null, "area_geom": 200.0, "cnm": "062661.2.0131281-56" }, "geometry": { "type": "Polygon", "coordinates": [ [ [ -54.806364, -22.277408 ], [ -54.80655, -22.277356 ], [ -54.806578, -22.277443 ], [ -54.806392, -22.277495 ], [ -54.806364, -22.277408 ] ] ] } },
{ "type": "Feature", "properties": { "id": 4491, "insc_imob": "00.11.36.20.170", "quadra_cartorio": null, "lote_cartorio": "02", "matricula": "131689", "circunscricao": "1º CIRCUNSCRIÇÃO", "zoneamento": "AUM - ÁREA DE USO MISTO", "condominio": null, "area_geom": 200.0, "cnm": "062661.2.0131689-93" }, "geometry": { "type": "Polygon", "coordinates": [ [ [ -54.804732, -22.27894 ], [ -54.804825, -22.278914 ], [ -54.804853, -22.279001 ], [ -54.804881, -22.279087 ], [ -54.804788, -22.279113 ], [ -54.80476, -22.279027 ], [ -54.804732, -22.27894 ] ] ] } },
{ "type": "Feature", "properties": { "id": 4493, "insc_imob": "00.11.36.20.180", "quadra_cartorio": null, "lote_cartorio": "03", "matricula": "131690", "circunscricao": "1º CIRCUNSCRIÇÃO", "zoneamento": "AUM - ÁREA DE USO MISTO", "condominio": null, "area_geom": 200.0, "cnm": "062661.2.0131690-90" }, "geometry": { "type": "Polygon", "coordinates": [ [ [ -54.804825, -22.278914 ], [ -54.804918, -22.278888 ], [ -54.804946, -22.278975 ], [ -54.804974, -22.279061 ], [ -54.804881, -22.279087 ], [ -54.804853, -22.279001 ], [ -54.804825, -22.278914 ] ] ] } },
{ "type": "Feature", "properties": { "id": 4492, "insc_imob": "00.11.36.20.120", "quadra_cartorio": null, "lote_cartorio": "27", "matricula": "131714", "circunscricao": "1º CIRCUNSCRIÇÃO", "zoneamento": "AUM - ÁREA DE USO MISTO", "condominio": null, "area_geom": 200.0, "cnm": "062661.2.0131714-18" }, "geometry": { "type": "Polygon", "coordinates": [ [ [ -54.804676, -22.278768 ], [ -54.804769, -22.278742 ], [ -54.804797, -22.278828 ], [ -54.804825, -22.278914 ], [ -54.804732, -22.27894 ], [ -54.804704, -22.278854 ], [ -54.804676, -22.278768 ] ] ] } },
{ "type": "Feature", "properties": { "id": 4495, "insc_imob": "00.11.36.20.200", "quadra_cartorio": null, "lote_cartorio": "05", "matricula": "131692", "circunscricao": "1º CIRCUNSCRIÇÃO", "zoneamento": "AUM - ÁREA DE USO MISTO", "condominio": null, "area_geom": 200.0, "cnm": "062661.2.0131692-84" }, "geometry": { "type": "Polygon", "coordinates": [ [ [ -54.805011, -22.278862 ], [ -54.805104, -22.278836 ], [ -54.805132, -22.278923 ], [ -54.80516, -22.279009 ], [ -54.805067, -22.279035 ], [ -54.805039, -22.278949 ], [ -54.805011, -22.278862 ] ] ] } },
{ "type": "Feature", "properties": { "id": 4494, "insc_imob": "00.11.36.20.190", "quadra_cartorio": null, "lote_cartorio": "04", "matricula": "131691", "circunscricao": "1º CIRCUNSCRIÇÃO", "zoneamento": "AUM - ÁREA DE USO MISTO", "condominio": null, "area_geom": 200.0, "cnm": "062661.2.0131691-87" }, "geometry": { "type": "Polygon", "coordinates": [ [ [ -54.804918, -22.278888 ], [ -54.805011, -22.278862 ], [ -54.805039, -22.278949 ], [ -54.805067, -22.279035 ], [ -54.804974, -22.279061 ], [ -54.804946, -22.278975 ], [ -54.804918, -22.278888 ] ] ] } },
{ "type": "Feature", "properties": { "id": 4485, "insc_imob": "00.11.36.20.300", "quadra_cartorio": null, "lote_cartorio": "15", "matricula": "131702", "circunscricao": "1º CIRCUNSCRIÇÃO", "zoneamento": "AUM - ÁREA DE USO MISTO", "condominio": null, "area_geom": 200.0, "cnm": "062661.2.0131702-54" }, "geometry": { "type": "Polygon", "coordinates": [ [ [ -54.805726, -22.278568 ], [ -54.805912, -22.278516 ], [ -54.80594, -22.278602 ], [ -54.805754, -22.278654 ], [ -54.805726, -22.278568 ] ] ] } },
{ "type": "Feature", "properties": { "id": 4486, "insc_imob": "00.11.36.20.010", "quadra_cartorio": null, "lote_cartorio": "16", "matricula": "131703", "circunscricao": "1º CIRCUNSCRIÇÃO", "zoneamento": "AUM - ÁREA DE USO MISTO", "condominio": null, "area_geom": 200.0, "cnm": "062661.2.0131703-51" }, "geometry": { "type": "Polygon", "coordinates": [ [ [ -54.805698, -22.278481 ], [ -54.805884, -22.278429 ], [ -54.805912, -22.278516 ], [ -54.805726, -22.278568 ], [ -54.805698, -22.278481 ] ] ] } },
{ "type": "Feature", "properties": { "id": 4511, "insc_imob": "00.11.36.20.070", "quadra_cartorio": null, "lote_cartorio": "22", "matricula": "131709", "circunscricao": "1º CIRCUNSCRIÇÃO", "zoneamento": "AUM - ÁREA DE USO MISTO", "condominio": null, "area_geom": 200.0, "cnm": "062661.2.0131709-33" }, "geometry": { "type": "Polygon", "coordinates": [ [ [ -54.805141, -22.278637 ], [ -54.805234, -22.278611 ], [ -54.805262, -22.278698 ], [ -54.80529, -22.278784 ], [ -54.805197, -22.27881 ], [ -54.805169, -22.278724 ], [ -54.805141, -22.278637 ] ] ] } },
{ "type": "Feature", "properties": { "id": 4510, "insc_imob": "00.11.36.20.220", "quadra_cartorio": null, "lote_cartorio": "07", "matricula": "131694", "circunscricao": "1º CIRCUNSCRIÇÃO", "zoneamento": "AUM - ÁREA DE USO MISTO", "condominio": null, "area_geom": 200.0, "cnm": "062661.2.0131694-78" }, "geometry": { "type": "Polygon", "coordinates": [ [ [ -54.805197, -22.27881 ], [ -54.80529, -22.278784 ], [ -54.805318, -22.278871 ], [ -54.805346, -22.278957 ], [ -54.805253, -22.278983 ], [ -54.805225, -22.278897 ], [ -54.805197, -22.27881 ] ] ] } },
{ "type": "Feature", "properties": { "id": 4497, "insc_imob": "00.11.36.20.210", "quadra_cartorio": null, "lote_cartorio": "06", "matricula": "131693", "circunscricao": "1º CIRCUNSCRIÇÃO", "zoneamento": "AUM - ÁREA DE USO MISTO", "condominio": null, "area_geom": 200.0, "cnm": "062661.2.0131693-81" }, "geometry": { "type": "Polygon", "coordinates": [ [ [ -54.805104, -22.278836 ], [ -54.805197, -22.27881 ], [ -54.805225, -22.278897 ], [ -54.805253, -22.278983 ], [ -54.80516, -22.279009 ], [ -54.805132, -22.278923 ], [ -54.805104, -22.278836 ] ] ] } },
{ "type": "Feature", "properties": { "id": 4496, "insc_imob": "00.11.36.20.090", "quadra_cartorio": null, "lote_cartorio": "24", "matricula": "131711", "circunscricao": "1º CIRCUNSCRIÇÃO", "zoneamento": "AUM - ÁREA DE USO MISTO", "condominio": null, "area_geom": 200.0, "cnm": "062661.2.0131711-27" }, "geometry": { "type": "Polygon", "coordinates": [ [ [ -54.804983, -22.278776 ], [ -54.804955, -22.278689 ], [ -54.805048, -22.278663 ], [ -54.805076, -22.27875 ], [ -54.805104, -22.278836 ], [ -54.805011, -22.278862 ], [ -54.804983, -22.278776 ] ] ] } },
{ "type": "Feature", "properties": { "id": 4498, "insc_imob": "00.11.36.20.080", "quadra_cartorio": null, "lote_cartorio": "23", "matricula": "131710", "circunscricao": "1º CIRCUNSCRIÇÃO", "zoneamento": "AUM - ÁREA DE USO MISTO", "condominio": null, "area_geom": 200.0, "cnm": "062661.2.0131710-30" }, "geometry": { "type": "Polygon", "coordinates": [ [ [ -54.805076, -22.27875 ], [ -54.805048, -22.278663 ], [ -54.805141, -22.278637 ], [ -54.805169, -22.278724 ], [ -54.805197, -22.27881 ], [ -54.805104, -22.278836 ], [ -54.805076, -22.27875 ] ] ] } },
{ "type": "Feature", "properties": { "id": 4584, "insc_imob": "00.11.36.25.050", "quadra_cartorio": null, "lote_cartorio": "20", "matricula": "131302", "circunscricao": "1º CIRCUNSCRIÇÃO", "zoneamento": "AUM - ÁREA DE USO MISTO", "condominio": null, "area_geom": 200.0, "cnm": "062661.2.0131302-90" }, "geometry": { "type": "Polygon", "coordinates": [ [ [ -54.807318, -22.277537 ], [ -54.807411, -22.277511 ], [ -54.807439, -22.277598 ], [ -54.807467, -22.277684 ], [ -54.807374, -22.27771 ], [ -54.807346, -22.277624 ], [ -54.807318, -22.277537 ] ] ] } },
{ "type": "Feature", "properties": { "id": 4577, "insc_imob": "00.11.36.24.190", "quadra_cartorio": null, "lote_cartorio": "04", "matricula": "130966", "circunscricao": "1º CIRCUNSCRIÇÃO", "zoneamento": "AUM - ÁREA DE USO MISTO", "condominio": null, "area_geom": 200.0, "cnm": "062661.2.0130966-31" }, "geometry": { "type": "Polygon", "coordinates": [ [ [ -54.808442, -22.277505 ], [ -54.808414, -22.277419 ], [ -54.808507, -22.277393 ], [ -54.808535, -22.277479 ], [ -54.808563, -22.277565 ], [ -54.80847, -22.277591 ], [ -54.808442, -22.277505 ] ] ] } },
{ "type": "Feature", "properties": { "id": 4579, "insc_imob": "00.11.36.24.200", "quadra_cartorio": null, "lote_cartorio": "05", "matricula": "130967", "circunscricao": "1º CIRCUNSCRIÇÃO", "zoneamento": "AUM - ÁREA DE USO MISTO", "condominio": null, "area_geom": 200.0, "cnm": "062661.2.0130967-28" }, "geometry": { "type": "Polygon", "coordinates": [ [ [ -54.808507, -22.277393 ], [ -54.8086, -22.277367 ], [ -54.808628, -22.277453 ], [ -54.808656, -22.277539 ], [ -54.808563, -22.277565 ], [ -54.808535, -22.277479 ], [ -54.808507, -22.277393 ] ] ] } },
{ "type": "Feature", "properties": { "id": 4578, "insc_imob": "00.11.36.24.100", "quadra_cartorio": null, "lote_cartorio": "25", "matricula": "130987", "circunscricao": "1º CIRCUNSCRIÇÃO", "zoneamento": "AUM - ÁREA DE USO MISTO", "condominio": null, "area_geom": 200.0, "cnm": "062661.2.0130987-65" }, "geometry": { "type": "Polygon", "coordinates": [ [ [ -54.808358, -22.277246 ], [ -54.808451, -22.27722 ], [ -54.808479, -22.277306 ], [ -54.808507, -22.277393 ], [ -54.808414, -22.277419 ], [ -54.808386, -22.277332 ], [ -54.808358, -22.277246 ] ] ] } },
{ "type": "Feature", "properties": { "id": 4581, "insc_imob": "00.11.36.24.080", "quadra_cartorio": null, "lote_cartorio": "23", "matricula": "130985", "circunscricao": "1º CIRCUNSCRIÇÃO", "zoneamento": "AUM - ÁREA DE USO MISTO", "condominio": null, "area_geom": 200.0, "cnm": "062661.2.0130985-71" }, "geometry": { "type": "Polygon", "coordinates": [ [ [ -54.808572, -22.27728 ], [ -54.808544, -22.277194 ], [ -54.808637, -22.277168 ], [ -54.808665, -22.277254 ], [ -54.808693, -22.27734 ], [ -54.8086, -22.277367 ], [ -54.808572, -22.27728 ] ] ] } },
{ "type": "Feature", "properties": { "id": 4580, "insc_imob": "00.11.36.24.210", "quadra_cartorio": null, "lote_cartorio": "06", "matricula": "130968", "circunscricao": "1º CIRCUNSCRIÇÃO", "zoneamento": "AUM - ÁREA DE USO MISTO", "condominio": null, "area_geom": 200.0, "cnm": "062661.2.0130968-25" }, "geometry": { "type": "Polygon", "coordinates": [ [ [ -54.8086, -22.277367 ], [ -54.808693, -22.27734 ], [ -54.808721, -22.277427 ], [ -54.808749, -22.277513 ], [ -54.808656, -22.277539 ], [ -54.808628, -22.277453 ], [ -54.8086, -22.277367 ] ] ] } },
{ "type": "Feature", "properties": { "id": 4583, "insc_imob": "00.11.36.25.240", "quadra_cartorio": null, "lote_cartorio": "09", "matricula": "131291", "circunscricao": "1º CIRCUNSCRIÇÃO", "zoneamento": "AUM - ÁREA DE USO MISTO", "condominio": null, "area_geom": 200.0, "cnm": "062661.2.0131291-26" }, "geometry": { "type": "Polygon", "coordinates": [ [ [ -54.807374, -22.27771 ], [ -54.807467, -22.277684 ], [ -54.807495, -22.277771 ], [ -54.807523, -22.277857 ], [ -54.80743, -22.277883 ], [ -54.807402, -22.277797 ], [ -54.807374, -22.27771 ] ] ] } },
{ "type": "Feature", "properties": { "id": 4582, "insc_imob": "00.11.36.25.060", "quadra_cartorio": null, "lote_cartorio": "21", "matricula": "131303", "circunscricao": "1º CIRCUNSCRIÇÃO", "zoneamento": "AUM - ÁREA DE USO MISTO", "condominio": null, "area_geom": 200.0, "cnm": "062661.2.0131303-87" }, "geometry": { "type": "Polygon", "coordinates": [ [ [ -54.807225, -22.277563 ], [ -54.807318, -22.277537 ], [ -54.807346, -22.277624 ], [ -54.807374, -22.27771 ], [ -54.807281, -22.277736 ], [ -54.807253, -22.27765 ], [ -54.807225, -22.277563 ] ] ] } },
{ "type": "Feature", "properties": { "id": 4552, "insc_imob": "00.11.36.24.160", "quadra_cartorio": null, "lote_cartorio": "01", "matricula": "130963", "circunscricao": "1º CIRCUNSCRIÇÃO", "zoneamento": "AUM - ÁREA DE USO MISTO", "condominio": null, "area_geom": 200.0, "cnm": "062661.2.0130963-40" }, "geometry": { "type": "Polygon", "coordinates": [ [ [ -54.808256, -22.277557 ], [ -54.808284, -22.277644 ], [ -54.808098, -22.277696 ], [ -54.80807, -22.277609 ], [ -54.808256, -22.277557 ] ] ] } },
{ "type": "Feature", "properties": { "id": 4545, "insc_imob": "00.11.36.30.190", "quadra_cartorio": null, "lote_cartorio": "04", "matricula": "131256", "circunscricao": "1º CIRCUNSCRIÇÃO", "zoneamento": "AUM - ÁREA DE USO MISTO", "condominio": null, "area_geom": 200.0, "cnm": "062661.2.0131256-34" }, "geometry": { "type": "Polygon", "coordinates": [ [ [ -54.806764, -22.277391 ], [ -54.806857, -22.277365 ], [ -54.806885, -22.277451 ], [ -54.806913, -22.277538 ], [ -54.80682, -22.277564 ], [ -54.806792, -22.277477 ], [ -54.806764, -22.277391 ] ] ] } },
{ "type": "Feature", "properties": { "id": 4544, "insc_imob": "00.11.36.30.110", "quadra_cartorio": null, "lote_cartorio": "26", "matricula": "131278", "circunscricao": "1º CIRCUNSCRIÇÃO", "zoneamento": "AUM - ÁREA DE USO MISTO", "condominio": null, "area_geom": 200.0, "cnm": "062661.2.0131278-65" }, "geometry": { "type": "Polygon", "coordinates": [ [ [ -54.806643, -22.27733 ], [ -54.806615, -22.277244 ], [ -54.806708, -22.277218 ], [ -54.806736, -22.277304 ], [ -54.806764, -22.277391 ], [ -54.806671, -22.277417 ], [ -54.806643, -22.27733 ] ] ] } },
{ "type": "Feature", "properties": { "id": 4547, "insc_imob": "00.11.36.30.200", "quadra_cartorio": null, "lote_cartorio": "05", "matricula": "131257", "circunscricao": "1º CIRCUNSCRIÇÃO", "zoneamento": "AUM - ÁREA DE USO MISTO", "condominio": null, "area_geom": 200.0, "cnm": "062661.2.0131257-31" }, "geometry": { "type": "Polygon", "coordinates": [ [ [ -54.806857, -22.277365 ], [ -54.80695, -22.277339 ], [ -54.806978, -22.277425 ], [ -54.807006, -22.277512 ], [ -54.806913, -22.277538 ], [ -54.806885, -22.277451 ], [ -54.806857, -22.277365 ] ] ] } },
{ "type": "Feature", "properties": { "id": 4546, "insc_imob": "00.11.36.30.100", "quadra_cartorio": null, "lote_cartorio": "25", "matricula": "131277", "circunscricao": "1º CIRCUNSCRIÇÃO", "zoneamento": "AUM - ÁREA DE USO MISTO", "condominio": null, "area_geom": 200.0, "cnm": "062661.2.0131277-68" }, "geometry": { "type": "Polygon", "coordinates": [ [ [ -54.806736, -22.277304 ], [ -54.806708, -22.277218 ], [ -54.806801, -22.277192 ], [ -54.806829, -22.277278 ], [ -54.806857, -22.277365 ], [ -54.806764, -22.277391 ], [ -54.806736, -22.277304 ] ] ] } },
{ "type": "Feature", "properties": { "id": 4549, "insc_imob": "00.11.36.32.070", "quadra_cartorio": null, "lote_cartorio": "07", "matricula": "130702", "circunscricao": "1º CIRCUNSCRIÇÃO", "zoneamento": "AUM - ÁREA DE USO MISTO", "condominio": null, "area_geom": 200.06, "cnm": "062661.2.0130702-47" }, "geometry": { "type": "Polygon", "coordinates": [ [ [ -54.810056, -22.27582 ], [ -54.810217, -22.275719 ], [ -54.810271, -22.275794 ], [ -54.81011, -22.275895 ], [ -54.810056, -22.27582 ] ] ] } },
{ "type": "Feature", "properties": { "id": 4548, "insc_imob": "00.11.36.32.060", "quadra_cartorio": null, "lote_cartorio": "06", "matricula": "130701", "circunscricao": "1º CIRCUNSCRIÇÃO", "zoneamento": "AUM - ÁREA DE USO MISTO", "condominio": null, "area_geom": 200.05, "cnm": "062661.2.0130701-50" }, "geometry": { "type": "Polygon", "coordinates": [ [ [ -54.810002, -22.275746 ], [ -54.810162, -22.275644 ], [ -54.810217, -22.275719 ], [ -54.810056, -22.27582 ], [ -54.810002, -22.275746 ] ] ] } },
{ "type": "Feature", "properties": { "id": 4551, "insc_imob": "00.11.36.32.090", "quadra_cartorio": null, "lote_cartorio": "09", "matricula": "130704", "circunscricao": "1º CIRCUNSCRIÇÃO", "zoneamento": "AUM - ÁREA DE USO MISTO", "condominio": null, "area_geom": 265.36, "cnm": "062661.2.0130704-41" }, "geometry": { "type": "Polygon", "coordinates": [ [ [ -54.810165, -22.27597 ], [ -54.810326, -22.275869 ], [ -54.810415, -22.275991 ], [ -54.81022, -22.276046 ], [ -54.810165, -22.27597 ] ] ] } },
{ "type": "Feature", "properties": { "id": 4550, "insc_imob": "00.11.36.32.080", "quadra_cartorio": null, "lote_cartorio": "08", "matricula": "130703", "circunscricao": "1º CIRCUNSCRIÇÃO", "zoneamento": "AUM - ÁREA DE USO MISTO", "condominio": null, "area_geom": 200.07, "cnm": "062661.2.0130703-44" }, "geometry": { "type": "Polygon", "coordinates": [ [ [ -54.81011, -22.275895 ], [ -54.810271, -22.275794 ], [ -54.810295, -22.275826 ], [ -54.810326, -22.275869 ], [ -54.810165, -22.27597 ], [ -54.810134, -22.275927 ], [ -54.81011, -22.275895 ] ] ] } },
{ "type": "Feature", "properties": { "id": 4569, "insc_imob": "00.11.36.24.110", "quadra_cartorio": null, "lote_cartorio": "26", "matricula": "130988", "circunscricao": "1º CIRCUNSCRIÇÃO", "zoneamento": "AUM - ÁREA DE USO MISTO", "condominio": null, "area_geom": 200.0, "cnm": "062661.2.0130988-62" }, "geometry": { "type": "Polygon", "coordinates": [ [ [ -54.808293, -22.277358 ], [ -54.808265, -22.277272 ], [ -54.808358, -22.277246 ], [ -54.808386, -22.277332 ], [ -54.808414, -22.277419 ], [ -54.808321, -22.277445 ], [ -54.808293, -22.277358 ] ] ] } },
{ "type": "Feature", "properties": { "id": 4568, "insc_imob": "00.11.36.24.180", "quadra_cartorio": null, "lote_cartorio": "03", "matricula": "130965", "circunscricao": "1º CIRCUNSCRIÇÃO", "zoneamento": "AUM - ÁREA DE USO MISTO", "condominio": null, "area_geom": 200.0, "cnm": "062661.2.0130965-34" }, "geometry": { "type": "Polygon", "coordinates": [ [ [ -54.808349, -22.277531 ], [ -54.808321, -22.277445 ], [ -54.808414, -22.277419 ], [ -54.808442, -22.277505 ], [ -54.80847, -22.277591 ], [ -54.808377, -22.277618 ], [ -54.808349, -22.277531 ] ] ] } },
{ "type": "Feature", "properties": { "id": 4561, "insc_imob": "00.11.36.24.150", "quadra_cartorio": null, "lote_cartorio": "30", "matricula": "13992", "circunscricao": "1º CIRCUNSCRIÇÃO", "zoneamento": "AUM - ÁREA DE USO MISTO", "condominio": null, "area_geom": 200.0, "cnm": "062661.2.0013992-07" }, "geometry": { "type": "Polygon", "coordinates": [ [ [ -54.808228, -22.277471 ], [ -54.808256, -22.277557 ], [ -54.80807, -22.277609 ], [ -54.808043, -22.277523 ], [ -54.808228, -22.277471 ] ] ] } },
{ "type": "Feature", "properties": { "id": 4563, "insc_imob": "00.11.36.24.130", "quadra_cartorio": null, "lote_cartorio": "28", "matricula": "130990", "circunscricao": "1º CIRCUNSCRIÇÃO", "zoneamento": "AUM - ÁREA DE USO MISTO", "condominio": null, "area_geom": 200.0, "cnm": "062661.2.0130990-56" }, "geometry": { "type": "Polygon", "coordinates": [ [ [ -54.807987, -22.27735 ], [ -54.808172, -22.277298 ], [ -54.8082, -22.277384 ], [ -54.808015, -22.277436 ], [ -54.807987, -22.27735 ] ] ] } },
{ "type": "Feature", "properties": { "id": 4562, "insc_imob": "00.11.36.24.140", "quadra_cartorio": null, "lote_cartorio": "29", "matricula": "130991", "circunscricao": "1º CIRCUNSCRIÇÃO", "zoneamento": "AUM - ÁREA DE USO MISTO", "condominio": null, "area_geom": 200.0, "cnm": "062661.2.0130991-53" }, "geometry": { "type": "Polygon", "coordinates": [ [ [ -54.808015, -22.277436 ], [ -54.8082, -22.277384 ], [ -54.808228, -22.277471 ], [ -54.808043, -22.277523 ], [ -54.808015, -22.277436 ] ] ] } },
{ "type": "Feature", "properties": { "id": 4565, "insc_imob": "00.11.36.24.290", "quadra_cartorio": null, "lote_cartorio": "14", "matricula": "130976", "circunscricao": "1º CIRCUNSCRIÇÃO", "zoneamento": "AUM - ÁREA DE USO MISTO", "condominio": null, "area_geom": 200.0, "cnm": "062661.2.0130976-98" }, "geometry": { "type": "Polygon", "coordinates": [ [ [ -54.80925, -22.277184 ], [ -54.809436, -22.277132 ], [ -54.809464, -22.277219 ], [ -54.809278, -22.277271 ], [ -54.80925, -22.277184 ] ] ] } },
{ "type": "Feature", "properties": { "id": 4564, "insc_imob": "00.11.36.24.280", "quadra_cartorio": null, "lote_cartorio": "13", "matricula": "130975", "circunscricao": "1º CIRCUNSCRIÇÃO", "zoneamento": "AUM - ÁREA DE USO MISTO", "condominio": null, "area_geom": 200.0, "cnm": "062661.2.0130975-04" }, "geometry": { "type": "Polygon", "coordinates": [ [ [ -54.809278, -22.277271 ], [ -54.809464, -22.277219 ], [ -54.809492, -22.277305 ], [ -54.809306, -22.277357 ], [ -54.809278, -22.277271 ] ] ] } },
{ "type": "Feature", "properties": { "id": 4567, "insc_imob": "00.11.36.24.120", "quadra_cartorio": null, "lote_cartorio": "27", "matricula": "130989", "circunscricao": "1º CIRCUNSCRIÇÃO", "zoneamento": "AUM - ÁREA DE USO MISTO", "condominio": null, "area_geom": 200.0, "cnm": "062661.2.0130989-59" }, "geometry": { "type": "Polygon", "coordinates": [ [ [ -54.8082, -22.277384 ], [ -54.808172, -22.277298 ], [ -54.808265, -22.277272 ], [ -54.808293, -22.277358 ], [ -54.808321, -22.277445 ], [ -54.808228, -22.277471 ], [ -54.8082, -22.277384 ] ] ] } },
{ "type": "Feature", "properties": { "id": 4566, "insc_imob": "00.11.36.24.300", "quadra_cartorio": null, "lote_cartorio": "15", "matricula": "130977", "circunscricao": "1º CIRCUNSCRIÇÃO", "zoneamento": "AUM - ÁREA DE USO MISTO", "condominio": null, "area_geom": 200.0, "cnm": "062661.2.0130977-95" }, "geometry": { "type": "Polygon", "coordinates": [ [ [ -54.809222, -22.277098 ], [ -54.809408, -22.277046 ], [ -54.809436, -22.277132 ], [ -54.80925, -22.277184 ], [ -54.809222, -22.277098 ] ] ] } },
{ "type": "Feature", "properties": { "id": 4195, "insc_imob": "00.11.36.09.030", "quadra_cartorio": null, "lote_cartorio": "13", "matricula": "131926", "circunscricao": "1º CIRCUNSCRIÇÃO", "zoneamento": "AUM - ÁREA DE USO MISTO", "condominio": null, "area_geom": 200.0, "cnm": "062661.2.0131926-61" }, "geometry": { "type": "Polygon", "coordinates": [ [ [ -54.804468, -22.280065 ], [ -54.804414, -22.279898 ], [ -54.804507, -22.279872 ], [ -54.804561, -22.280039 ], [ -54.804563, -22.280045 ], [ -54.80447, -22.280071 ], [ -54.804468, -22.280065 ] ] ] } },
{ "type": "Feature", "properties": { "id": 4197, "insc_imob": "00.11.36.09.060", "quadra_cartorio": null, "lote_cartorio": "10", "matricula": "131923", "circunscricao": "1º CIRCUNSCRIÇÃO", "zoneamento": "AUM - ÁREA DE USO MISTO", "condominio": null, "area_geom": 200.0, "cnm": "062661.2.0131923-70" }, "geometry": { "type": "Polygon", "coordinates": [ [ [ -54.804189, -22.280142 ], [ -54.804135, -22.279976 ], [ -54.804228, -22.27995 ], [ -54.804282, -22.280116 ], [ -54.804284, -22.280123 ], [ -54.804191, -22.280149 ], [ -54.804189, -22.280142 ] ] ] } },
{ "type": "Feature", "properties": { "id": 4196, "insc_imob": "00.11.36.09.040", "quadra_cartorio": null, "lote_cartorio": "11", "matricula": "131924", "circunscricao": "1º CIRCUNSCRIÇÃO", "zoneamento": "AUM - ÁREA DE USO MISTO", "condominio": null, "area_geom": 200.0, "cnm": "062661.2.0131924-67" }, "geometry": { "type": "Polygon", "coordinates": [ [ [ -54.804375, -22.280091 ], [ -54.804321, -22.279924 ], [ -54.804414, -22.279898 ], [ -54.804468, -22.280065 ], [ -54.80447, -22.280071 ], [ -54.804377, -22.280097 ], [ -54.804375, -22.280091 ] ] ] } },
{ "type": "Feature", "properties": { "id": 4199, "insc_imob": "00.11.36.09.110", "quadra_cartorio": null, "lote_cartorio": "05", "matricula": "131918", "circunscricao": "1º CIRCUNSCRIÇÃO", "zoneamento": "AUM - ÁREA DE USO MISTO", "condominio": null, "area_geom": 200.0, "cnm": "062661.2.0131918-85" }, "geometry": { "type": "Polygon", "coordinates": [ [ [ -54.803725, -22.280272 ], [ -54.803671, -22.280106 ], [ -54.803764, -22.28008 ], [ -54.803817, -22.280246 ], [ -54.80382, -22.280253 ], [ -54.803727, -22.280279 ], [ -54.803725, -22.280272 ] ] ] } },
{ "type": "Feature", "properties": { "id": 4198, "insc_imob": "00.11.36.09.100", "quadra_cartorio": null, "lote_cartorio": "06", "matricula": "131919", "circunscricao": "1º CIRCUNSCRIÇÃO", "zoneamento": "AUM - ÁREA DE USO MISTO", "condominio": null, "area_geom": 200.0, "cnm": "062661.2.0131919-82" }, "geometry": { "type": "Polygon", "coordinates": [ [ [ -54.803817, -22.280246 ], [ -54.803764, -22.28008 ], [ -54.803857, -22.280054 ], [ -54.80391, -22.28022 ], [ -54.803912, -22.280227 ], [ -54.80382, -22.280253 ], [ -54.803817, -22.280246 ] ] ] } },
{ "type": "Feature", "properties": { "id": 4217, "insc_imob": "00.11.36.08.080", "quadra_cartorio": null, "lote_cartorio": "08", "matricula": "131755", "circunscricao": "1º CIRCUNSCRIÇÃO", "zoneamento": "AUM - ÁREA DE USO MISTO", "condominio": null, "area_geom": 199.36, "cnm": "062661.2.0131755-89" }, "geometry": { "type": "Polygon", "coordinates": [ [ [ -54.805509, -22.279774 ], [ -54.805454, -22.279607 ], [ -54.805547, -22.279581 ], [ -54.805601, -22.279748 ], [ -54.805603, -22.279753 ], [ -54.80551, -22.279779 ], [ -54.805509, -22.279774 ] ] ] } },
{ "type": "Feature", "properties": { "id": 4216, "insc_imob": "00.11.36.08.070", "quadra_cartorio": null, "lote_cartorio": "09", "matricula": "131756", "circunscricao": "1º CIRCUNSCRIÇÃO", "zoneamento": "AUM - ÁREA DE USO MISTO", "condominio": null, "area_geom": 199.35, "cnm": "062661.2.0131756-86" }, "geometry": { "type": "Polygon", "coordinates": [ [ [ -54.805601, -22.279748 ], [ -54.805547, -22.279581 ], [ -54.80564, -22.279555 ], [ -54.805694, -22.279722 ], [ -54.805696, -22.279727 ], [ -54.805603, -22.279753 ], [ -54.805601, -22.279748 ] ] ] } },
{ "type": "Feature", "properties": { "id": 4219, "insc_imob": "00.11.36.08.100", "quadra_cartorio": null, "lote_cartorio": "06", "matricula": "131753", "circunscricao": "1º CIRCUNSCRIÇÃO", "zoneamento": "AUM - ÁREA DE USO MISTO", "condominio": null, "area_geom": 199.36, "cnm": "062661.2.0131753-95" }, "geometry": { "type": "Polygon", "coordinates": [ [ [ -54.805323, -22.279826 ], [ -54.805269, -22.279659 ], [ -54.805362, -22.279633 ], [ -54.805416, -22.2798 ], [ -54.805417, -22.279805 ], [ -54.805324, -22.279831 ], [ -54.805323, -22.279826 ] ] ] } },
{ "type": "Feature", "properties": { "id": 4218, "insc_imob": "00.11.36.08.090", "quadra_cartorio": null, "lote_cartorio": "07", "matricula": "131754", "circunscricao": "1º CIRCUNSCRIÇÃO", "zoneamento": "AUM - ÁREA DE USO MISTO", "condominio": null, "area_geom": 199.36, "cnm": "062661.2.0131754-92" }, "geometry": { "type": "Polygon", "coordinates": [ [ [ -54.805416, -22.2798 ], [ -54.805362, -22.279633 ], [ -54.805454, -22.279607 ], [ -54.805509, -22.279774 ], [ -54.80551, -22.279779 ], [ -54.805417, -22.279805 ], [ -54.805416, -22.2798 ] ] ] } },
{ "type": "Feature", "properties": { "id": 4221, "insc_imob": "00.11.36.08.120", "quadra_cartorio": null, "lote_cartorio": "04", "matricula": "131751", "circunscricao": "1º CIRCUNSCRIÇÃO", "zoneamento": "AUM - ÁREA DE USO MISTO", "condominio": null, "area_geom": 199.36, "cnm": "062661.2.0131751-04" }, "geometry": { "type": "Polygon", "coordinates": [ [ [ -54.805137, -22.279878 ], [ -54.805083, -22.279711 ], [ -54.805176, -22.279685 ], [ -54.80523, -22.279852 ], [ -54.805232, -22.279857 ], [ -54.805139, -22.279883 ], [ -54.805137, -22.279878 ] ] ] } },
{ "type": "Feature", "properties": { "id": 4220, "insc_imob": "00.11.36.08.110", "quadra_cartorio": null, "lote_cartorio": "05", "matricula": "131752", "circunscricao": "1º CIRCUNSCRIÇÃO", "zoneamento": "AUM - ÁREA DE USO MISTO", "condominio": null, "area_geom": 199.35, "cnm": "062661.2.0131752-98" }, "geometry": { "type": "Polygon", "coordinates": [ [ [ -54.80523, -22.279852 ], [ -54.805176, -22.279685 ], [ -54.805269, -22.279659 ], [ -54.805323, -22.279826 ], [ -54.805324, -22.279831 ], [ -54.805232, -22.279857 ], [ -54.80523, -22.279852 ] ] ] } },
{ "type": "Feature", "properties": { "id": 4222, "insc_imob": "00.11.36.08.140", "quadra_cartorio": null, "lote_cartorio": "02", "matricula": "131749", "circunscricao": "1º CIRCUNSCRIÇÃO", "zoneamento": "AUM - ÁREA DE USO MISTO", "condominio": null, "area_geom": 199.36, "cnm": "062661.2.0131749-10" }, "geometry": { "type": "Polygon", "coordinates": [ [ [ -54.804951, -22.27993 ], [ -54.804897, -22.279763 ], [ -54.80499, -22.279737 ], [ -54.805044, -22.279904 ], [ -54.805046, -22.279909 ], [ -54.804953, -22.279935 ], [ -54.804951, -22.27993 ] ] ] } },
{ "type": "Feature", "properties": { "id": 4211, "insc_imob": "00.11.36.09.130", "quadra_cartorio": null, "lote_cartorio": "03", "matricula": "131916", "circunscricao": "1º CIRCUNSCRIÇÃO", "zoneamento": "AUM - ÁREA DE USO MISTO", "condominio": null, "area_geom": 200.0, "cnm": "062661.2.0131916-91" }, "geometry": { "type": "Polygon", "coordinates": [ [ [ -54.803539, -22.280324 ], [ -54.803485, -22.280158 ], [ -54.803578, -22.280132 ], [ -54.803632, -22.280298 ], [ -54.803634, -22.280305 ], [ -54.803541, -22.280331 ], [ -54.803539, -22.280324 ] ] ] } },
{ "type": "Feature", "properties": { "id": 4210, "insc_imob": "00.11.36.09.120", "quadra_cartorio": null, "lote_cartorio": "04", "matricula": "131917", "circunscricao": "1º CIRCUNSCRIÇÃO", "zoneamento": "AUM - ÁREA DE USO MISTO", "condominio": null, "area_geom": 200.0, "cnm": "062661.2.0131917-88" }, "geometry": { "type": "Polygon", "coordinates": [ [ [ -54.803632, -22.280298 ], [ -54.803578, -22.280132 ], [ -54.803671, -22.280106 ], [ -54.803725, -22.280272 ], [ -54.803727, -22.280279 ], [ -54.803634, -22.280305 ], [ -54.803632, -22.280298 ] ] ] } },
{ "type": "Feature", "properties": { "id": 4213, "insc_imob": "00.11.36.09.150", "quadra_cartorio": null, "lote_cartorio": "01", "matricula": "131914", "circunscricao": "1º CIRCUNSCRIÇÃO", "zoneamento": "ZEIA - ZONA ESPECIAL DE INTERESSE AMBIENTAL", "condominio": null, "area_geom": 200.0, "cnm": "062661.2.0131914-97" }, "geometry": { "type": "Polygon", "coordinates": [ [ [ -54.803353, -22.280376 ], [ -54.803299, -22.28021 ], [ -54.803392, -22.280184 ], [ -54.803446, -22.28035 ], [ -54.803448, -22.280357 ], [ -54.803355, -22.280383 ], [ -54.803353, -22.280376 ] ] ] } },
{ "type": "Feature", "properties": { "id": 4212, "insc_imob": "00.11.36.09.140", "quadra_cartorio": null, "lote_cartorio": "02", "matricula": "131915", "circunscricao": "1º CIRCUNSCRIÇÃO", "zoneamento": "AUM - ÁREA DE USO MISTO", "condominio": null, "area_geom": 200.0, "cnm": "062661.2.0131915-94" }, "geometry": { "type": "Polygon", "coordinates": [ [ [ -54.803446, -22.28035 ], [ -54.803392, -22.280184 ], [ -54.803485, -22.280158 ], [ -54.803539, -22.280324 ], [ -54.803541, -22.280331 ], [ -54.803448, -22.280357 ], [ -54.803446, -22.28035 ] ] ] } },
{ "type": "Feature", "properties": { "id": 4214, "insc_imob": "00.11.36.08.030", "quadra_cartorio": null, "lote_cartorio": "13", "matricula": "131760", "circunscricao": "1º CIRCUNSCRIÇÃO", "zoneamento": "AUM - ÁREA DE USO MISTO", "condominio": null, "area_geom": 199.36, "cnm": "062661.2.0131760-74" }, "geometry": { "type": "Polygon", "coordinates": [ [ [ -54.805973, -22.279644 ], [ -54.805919, -22.279477 ], [ -54.806012, -22.279451 ], [ -54.806066, -22.279618 ], [ -54.806068, -22.279623 ], [ -54.805975, -22.279649 ], [ -54.805973, -22.279644 ] ] ] } },
{ "type": "Feature", "properties": { "id": 4233, "insc_imob": "00.11.36.06.070", "quadra_cartorio": null, "lote_cartorio": "09", "matricula": "131381", "circunscricao": "1º CIRCUNSCRIÇÃO", "zoneamento": "AUM - ÁREA DE USO MISTO", "condominio": null, "area_geom": 200.0, "cnm": "062661.2.0131381-47" }, "geometry": { "type": "Polygon", "coordinates": [ [ [ -54.807739, -22.279151 ], [ -54.807684, -22.278982 ], [ -54.807777, -22.278956 ], [ -54.807831, -22.279125 ], [ -54.807833, -22.279128 ], [ -54.80774, -22.279154 ], [ -54.807739, -22.279151 ] ] ] } },
{ "type": "Feature", "properties": { "id": 4232, "insc_imob": "00.11.36.06.060", "quadra_cartorio": null, "lote_cartorio": "10", "matricula": "131382", "circunscricao": "1º CIRCUNSCRIÇÃO", "zoneamento": "AUM - ÁREA DE USO MISTO", "condominio": null, "area_geom": 200.0, "cnm": "062661.2.0131382-44" }, "geometry": { "type": "Polygon", "coordinates": [ [ [ -54.807831, -22.279125 ], [ -54.807777, -22.278956 ], [ -54.807869, -22.27893 ], [ -54.807924, -22.279099 ], [ -54.807925, -22.279102 ], [ -54.807833, -22.279128 ], [ -54.807831, -22.279125 ] ] ] } },
{ "type": "Feature", "properties": { "id": 4252, "insc_imob": "00.11.36.05.120", "quadra_cartorio": null, "lote_cartorio": "04", "matricula": "131056", "circunscricao": "1º CIRCUNSCRIÇÃO", "zoneamento": "AUM - ÁREA DE USO MISTO", "condominio": null, "area_geom": 199.31, "cnm": "062661.2.0131056-52" }, "geometry": { "type": "Polygon", "coordinates": [ [ [ -54.808779, -22.278861 ], [ -54.808724, -22.27869 ], [ -54.808817, -22.278664 ], [ -54.808873, -22.278836 ], [ -54.80878, -22.278863 ], [ -54.808779, -22.278861 ] ] ] } },
{ "type": "Feature", "properties": { "id": 4235, "insc_imob": "00.11.36.06.090", "quadra_cartorio": null, "lote_cartorio": "07", "matricula": "131379", "circunscricao": "1º CIRCUNSCRIÇÃO", "zoneamento": "AUM - ÁREA DE USO MISTO", "condominio": null, "area_geom": 200.0, "cnm": "062661.2.0131379-53" }, "geometry": { "type": "Polygon", "coordinates": [ [ [ -54.807553, -22.279203 ], [ -54.807498, -22.279034 ], [ -54.807591, -22.279008 ], [ -54.807646, -22.279177 ], [ -54.807647, -22.279181 ], [ -54.807554, -22.279207 ], [ -54.807553, -22.279203 ] ] ] } },
{ "type": "Feature", "properties": { "id": 4234, "insc_imob": "00.11.36.06.080", "quadra_cartorio": null, "lote_cartorio": "08", "matricula": "131380", "circunscricao": "1º CIRCUNSCRIÇÃO", "zoneamento": "AUM - ÁREA DE USO MISTO", "condominio": null, "area_geom": 200.0, "cnm": "062661.2.0131380-50" }, "geometry": { "type": "Polygon", "coordinates": [ [ [ -54.807646, -22.279177 ], [ -54.807591, -22.279008 ], [ -54.807684, -22.278982 ], [ -54.807739, -22.279151 ], [ -54.80774, -22.279154 ], [ -54.807647, -22.279181 ], [ -54.807646, -22.279177 ] ] ] } },
{ "type": "Feature", "properties": { "id": 4237, "insc_imob": "00.11.36.06.110", "quadra_cartorio": null, "lote_cartorio": "05", "matricula": "131377", "circunscricao": "1º CIRCUNSCRIÇÃO", "zoneamento": "AUM - ÁREA DE USO MISTO", "condominio": null, "area_geom": 200.0, "cnm": "062661.2.0131377-59" }, "geometry": { "type": "Polygon", "coordinates": [ [ [ -54.807367, -22.279255 ], [ -54.807312, -22.279086 ], [ -54.807405, -22.27906 ], [ -54.80746, -22.279229 ], [ -54.807461, -22.279233 ], [ -54.807368, -22.279259 ], [ -54.807367, -22.279255 ] ] ] } },
{ "type": "Feature", "properties": { "id": 4236, "insc_imob": "00.11.36.06.100", "quadra_cartorio": null, "lote_cartorio": "06", "matricula": "131378", "circunscricao": "1º CIRCUNSCRIÇÃO", "zoneamento": "AUM - ÁREA DE USO MISTO", "condominio": null, "area_geom": 200.0, "cnm": "062661.2.0131378-56" }, "geometry": { "type": "Polygon", "coordinates": [ [ [ -54.80746, -22.279229 ], [ -54.807405, -22.27906 ], [ -54.807498, -22.279034 ], [ -54.807553, -22.279203 ], [ -54.807554, -22.279207 ], [ -54.807461, -22.279233 ], [ -54.80746, -22.279229 ] ] ] } },
{ "type": "Feature", "properties": { "id": 4239, "insc_imob": "00.11.36.06.140", "quadra_cartorio": null, "lote_cartorio": "02", "matricula": "131374", "circunscricao": "1º CIRCUNSCRIÇÃO", "zoneamento": "AUM - ÁREA DE USO MISTO", "condominio": null, "area_geom": 200.0, "cnm": "062661.2.0131374-68" }, "geometry": { "type": "Polygon", "coordinates": [ [ [ -54.807088, -22.279333 ], [ -54.807033, -22.279164 ], [ -54.807126, -22.279138 ], [ -54.807181, -22.279307 ], [ -54.807182, -22.279311 ], [ -54.807089, -22.279337 ], [ -54.807088, -22.279333 ] ] ] } },
{ "type": "Feature", "properties": { "id": 4238, "insc_imob": "00.11.36.06.130", "quadra_cartorio": null, "lote_cartorio": "03", "matricula": "131375", "circunscricao": "1º CIRCUNSCRIÇÃO", "zoneamento": "AUM - ÁREA DE USO MISTO", "condominio": null, "area_geom": 200.0, "cnm": "062661.2.0131375-65" }, "geometry": { "type": "Polygon", "coordinates": [ [ [ -54.807181, -22.279307 ], [ -54.807126, -22.279138 ], [ -54.807219, -22.279112 ], [ -54.807274, -22.279281 ], [ -54.807275, -22.279285 ], [ -54.807182, -22.279311 ], [ -54.807181, -22.279307 ] ] ] } },
{ "type": "Feature", "properties": { "id": 4244, "insc_imob": "00.11.36.05.040", "quadra_cartorio": null, "lote_cartorio": "12", "matricula": "131064", "circunscricao": "1º CIRCUNSCRIÇÃO", "zoneamento": "AUM - ÁREA DE USO MISTO", "condominio": null, "area_geom": 198.75, "cnm": "062661.2.0131064-28" }, "geometry": { "type": "Polygon", "coordinates": [ [ [ -54.809467, -22.278482 ], [ -54.80956, -22.278456 ], [ -54.809616, -22.278628 ], [ -54.809523, -22.278654 ], [ -54.809467, -22.278482 ] ] ] } },
{ "type": "Feature", "properties": { "id": 4225, "insc_imob": "00.11.36.07.010", "quadra_cartorio": null, "lote_cartorio": "04", "matricula": "131477", "circunscricao": "1º CIRCUNSCRIÇÃO", "zoneamento": "AUM - ÁREA DE USO MISTO", "condominio": null, "area_geom": 200.0, "cnm": "062661.2.0131477-50" }, "geometry": { "type": "Polygon", "coordinates": [ [ [ -54.806716, -22.279437 ], [ -54.806662, -22.279268 ], [ -54.806755, -22.279242 ], [ -54.806809, -22.279411 ], [ -54.806811, -22.279415 ], [ -54.806718, -22.279441 ], [ -54.806716, -22.279437 ] ] ] } },
{ "type": "Feature", "properties": { "id": 4227, "insc_imob": "00.11.36.07.030", "quadra_cartorio": null, "lote_cartorio": "02", "matricula": "131475", "circunscricao": "1º CIRCUNSCRIÇÃO", "zoneamento": "AUM - ÁREA DE USO MISTO", "condominio": null, "area_geom": 200.0, "cnm": "062661.2.0131475-56" }, "geometry": { "type": "Polygon", "coordinates": [ [ [ -54.806531, -22.279489 ], [ -54.806476, -22.27932 ], [ -54.806569, -22.279294 ], [ -54.806624, -22.279463 ], [ -54.806625, -22.279467 ], [ -54.806532, -22.279493 ], [ -54.806531, -22.279489 ] ] ] } },
{ "type": "Feature", "properties": { "id": 4226, "insc_imob": "00.11.36.07.020", "quadra_cartorio": null, "lote_cartorio": "03", "matricula": "131476", "circunscricao": "1º CIRCUNSCRIÇÃO", "zoneamento": "AUM - ÁREA DE USO MISTO", "condominio": null, "area_geom": 200.0, "cnm": "062661.2.0131476-53" }, "geometry": { "type": "Polygon", "coordinates": [ [ [ -54.806624, -22.279463 ], [ -54.806569, -22.279294 ], [ -54.806662, -22.279268 ], [ -54.806716, -22.279437 ], [ -54.806718, -22.279441 ], [ -54.806625, -22.279467 ], [ -54.806624, -22.279463 ] ] ] } },
{ "type": "Feature", "properties": { "id": 4229, "insc_imob": "00.11.36.06.010", "quadra_cartorio": null, "lote_cartorio": "15", "matricula": "131387", "circunscricao": "1º CIRCUNSCRIÇÃO", "zoneamento": "AUM - ÁREA DE USO MISTO", "condominio": null, "area_geom": 200.0, "cnm": "062661.2.0131387-29" }, "geometry": { "type": "Polygon", "coordinates": [ [ [ -54.808296, -22.278995 ], [ -54.808241, -22.278825 ], [ -54.808334, -22.278799 ], [ -54.808389, -22.27897 ], [ -54.80839, -22.278972 ], [ -54.808297, -22.278998 ], [ -54.808296, -22.278995 ] ] ] } },
{ "type": "Feature", "properties": { "id": 4228, "insc_imob": "00.11.36.07.040", "quadra_cartorio": null, "lote_cartorio": "01", "matricula": "131474", "circunscricao": "1º CIRCUNSCRIÇÃO", "zoneamento": "AUM - ÁREA DE USO MISTO", "condominio": null, "area_geom": 200.0, "cnm": "062661.2.0131474-59" }, "geometry": { "type": "Polygon", "coordinates": [ [ [ -54.806438, -22.279514 ], [ -54.806383, -22.279346 ], [ -54.806476, -22.27932 ], [ -54.806531, -22.279489 ], [ -54.806532, -22.279493 ], [ -54.806439, -22.279519 ], [ -54.806438, -22.279514 ] ] ] } },
{ "type": "Feature", "properties": { "id": 4230, "insc_imob": "00.11.36.06.020", "quadra_cartorio": null, "lote_cartorio": "14", "matricula": "131386", "circunscricao": "1º CIRCUNSCRIÇÃO", "zoneamento": "AUM - ÁREA DE USO MISTO", "condominio": null, "area_geom": 200.0, "cnm": "062661.2.0131386-32" }, "geometry": { "type": "Polygon", "coordinates": [ [ [ -54.808203, -22.279021 ], [ -54.808148, -22.278851 ], [ -54.808241, -22.278825 ], [ -54.808296, -22.278995 ], [ -54.808297, -22.278998 ], [ -54.808204, -22.279024 ], [ -54.808203, -22.279021 ] ] ] } },
{ "type": "Feature", "properties": { "id": 4249, "insc_imob": "00.11.36.05.090", "quadra_cartorio": null, "lote_cartorio": "07", "matricula": "131059", "circunscricao": "1º CIRCUNSCRIÇÃO", "zoneamento": "AUM - ÁREA DE USO MISTO", "condominio": null, "area_geom": 198.73, "cnm": "062661.2.0131059-43" }, "geometry": { "type": "Polygon", "coordinates": [ [ [ -54.809003, -22.278612 ], [ -54.809096, -22.278586 ], [ -54.809151, -22.278758 ], [ -54.809058, -22.278784 ], [ -54.809003, -22.278612 ] ] ] } },
{ "type": "Feature", "properties": { "id": 4248, "insc_imob": "00.11.36.05.080", "quadra_cartorio": null, "lote_cartorio": "08", "matricula": "131060", "circunscricao": "1º CIRCUNSCRIÇÃO", "zoneamento": "AUM - ÁREA DE USO MISTO", "condominio": null, "area_geom": 198.78, "cnm": "062661.2.0131060-40" }, "geometry": { "type": "Polygon", "coordinates": [ [ [ -54.809096, -22.278586 ], [ -54.809189, -22.27856 ], [ -54.809244, -22.278732 ], [ -54.809151, -22.278758 ], [ -54.809096, -22.278586 ] ] ] } },
{ "type": "Feature", "properties": { "id": 4251, "insc_imob": "00.11.36.05.110", "quadra_cartorio": null, "lote_cartorio": "05", "matricula": "131057", "circunscricao": "1º CIRCUNSCRIÇÃO", "zoneamento": "AUM - ÁREA DE USO MISTO", "condominio": null, "area_geom": 198.65, "cnm": "062661.2.0131057-49" }, "geometry": { "type": "Polygon", "coordinates": [ [ [ -54.808817, -22.278664 ], [ -54.80891, -22.278638 ], [ -54.808965, -22.27881 ], [ -54.808873, -22.278836 ], [ -54.808817, -22.278664 ] ] ] } },
{ "type": "Feature", "properties": { "id": 4250, "insc_imob": "00.11.36.05.100", "quadra_cartorio": null, "lote_cartorio": "06", "matricula": "131058", "circunscricao": "1º CIRCUNSCRIÇÃO", "zoneamento": "AUM - ÁREA DE USO MISTO", "condominio": null, "area_geom": 198.69, "cnm": "062661.2.0131058-46" }, "geometry": { "type": "Polygon", "coordinates": [ [ [ -54.80891, -22.278638 ], [ -54.809003, -22.278612 ], [ -54.809058, -22.278784 ], [ -54.808965, -22.27881 ], [ -54.80891, -22.278638 ] ] ] } },
{ "type": "Feature", "properties": { "id": 4253, "insc_imob": "00.11.36.05.140", "quadra_cartorio": null, "lote_cartorio": "02", "matricula": "131054", "circunscricao": "1º CIRCUNSCRIÇÃO", "zoneamento": "AUM - ÁREA DE USO MISTO", "condominio": null, "area_geom": 200.0, "cnm": "062661.2.0131054-58" }, "geometry": { "type": "Polygon", "coordinates": [ [ [ -54.808593, -22.278912 ], [ -54.808538, -22.278742 ], [ -54.808631, -22.278716 ], [ -54.808686, -22.278886 ], [ -54.808687, -22.278889 ], [ -54.808594, -22.278915 ], [ -54.808593, -22.278912 ] ] ] } },
{ "type": "Feature", "properties": { "id": 4255, "insc_imob": "00.11.36.05.150", "quadra_cartorio": null, "lote_cartorio": "01", "matricula": "131053", "circunscricao": "1º CIRCUNSCRIÇÃO", "zoneamento": "AUM - ÁREA DE USO MISTO", "condominio": null, "area_geom": 200.0, "cnm": "062661.2.0131053-61" }, "geometry": { "type": "Polygon", "coordinates": [ [ [ -54.8085, -22.278938 ], [ -54.808445, -22.278768 ], [ -54.808538, -22.278742 ], [ -54.808593, -22.278912 ], [ -54.808594, -22.278915 ], [ -54.808501, -22.278941 ], [ -54.8085, -22.278938 ] ] ] } },
{ "type": "Feature", "properties": { "id": 4241, "insc_imob": "00.11.36.05.010", "quadra_cartorio": null, "lote_cartorio": "15", "matricula": "131067", "circunscricao": "1º CIRCUNSCRIÇÃO", "zoneamento": "AUM - ÁREA DE USO MISTO", "condominio": null, "area_geom": 198.85, "cnm": "062661.2.0131067-19" }, "geometry": { "type": "Polygon", "coordinates": [ [ [ -54.809746, -22.278404 ], [ -54.809839, -22.278378 ], [ -54.809894, -22.27855 ], [ -54.809801, -22.278576 ], [ -54.809746, -22.278404 ] ] ] } },
{ "type": "Feature", "properties": { "id": 4240, "insc_imob": "00.11.36.06.150", "quadra_cartorio": null, "lote_cartorio": "01", "matricula": "131373", "circunscricao": "1º CIRCUNSCRIÇÃO", "zoneamento": "AUM - ÁREA DE USO MISTO", "condominio": null, "area_geom": 200.0, "cnm": "062661.2.0131373-71" }, "geometry": { "type": "Polygon", "coordinates": [ [ [ -54.806995, -22.279359 ], [ -54.806941, -22.27919 ], [ -54.807033, -22.279164 ], [ -54.807088, -22.279333 ], [ -54.807089, -22.279337 ], [ -54.806996, -22.279363 ], [ -54.806995, -22.279359 ] ] ] } },
{ "type": "Feature", "properties": { "id": 4243, "insc_imob": "00.11.36.05.030", "quadra_cartorio": null, "lote_cartorio": "13", "matricula": "131065", "circunscricao": "1º CIRCUNSCRIÇÃO", "zoneamento": "AUM - ÁREA DE USO MISTO", "condominio": null, "area_geom": 198.8, "cnm": "062661.2.0131065-25" }, "geometry": { "type": "Polygon", "coordinates": [ [ [ -54.80956, -22.278456 ], [ -54.809653, -22.27843 ], [ -54.809709, -22.278602 ], [ -54.809616, -22.278628 ], [ -54.80956, -22.278456 ] ] ] } },
{ "type": "Feature", "properties": { "id": 4242, "insc_imob": "00.11.36.05.020", "quadra_cartorio": null, "lote_cartorio": "14", "matricula": "131066", "circunscricao": "1º CIRCUNSCRIÇÃO", "zoneamento": "AUM - ÁREA DE USO MISTO", "condominio": null, "area_geom": 198.86, "cnm": "062661.2.0131066-22" }, "geometry": { "type": "Polygon", "coordinates": [ [ [ -54.809653, -22.27843 ], [ -54.809746, -22.278404 ], [ -54.809801, -22.278576 ], [ -54.809709, -22.278602 ], [ -54.809653, -22.27843 ] ] ] } },
{ "type": "Feature", "properties": { "id": 4245, "insc_imob": "00.11.36.05.050", "quadra_cartorio": null, "lote_cartorio": "11", "matricula": "131063", "circunscricao": "1º CIRCUNSCRIÇÃO", "zoneamento": "AUM - ÁREA DE USO MISTO", "condominio": null, "area_geom": 198.7, "cnm": "062661.2.0131063-31" }, "geometry": { "type": "Polygon", "coordinates": [ [ [ -54.809374, -22.278508 ], [ -54.809467, -22.278482 ], [ -54.809523, -22.278654 ], [ -54.80943, -22.27868 ], [ -54.809374, -22.278508 ] ] ] } },
{ "type": "Feature", "properties": { "id": 4247, "insc_imob": "00.11.36.05.070", "quadra_cartorio": null, "lote_cartorio": "09", "matricula": "131061", "circunscricao": "1º CIRCUNSCRIÇÃO", "zoneamento": "AUM - ÁREA DE USO MISTO", "condominio": null, "area_geom": 198.71, "cnm": "062661.2.0131061-37" }, "geometry": { "type": "Polygon", "coordinates": [ [ [ -54.809189, -22.27856 ], [ -54.809281, -22.278534 ], [ -54.809337, -22.278706 ], [ -54.809244, -22.278732 ], [ -54.809189, -22.27856 ] ] ] } },
{ "type": "Feature", "properties": { "id": 4246, "insc_imob": "00.11.36.05.060", "quadra_cartorio": null, "lote_cartorio": "10", "matricula": "131062", "circunscricao": "1º CIRCUNSCRIÇÃO", "zoneamento": "AUM - ÁREA DE USO MISTO", "condominio": null, "area_geom": 198.64, "cnm": "062661.2.0131062-34" }, "geometry": { "type": "Polygon", "coordinates": [ [ [ -54.809281, -22.278534 ], [ -54.809374, -22.278508 ], [ -54.80943, -22.27868 ], [ -54.809337, -22.278706 ], [ -54.809281, -22.278534 ] ] ] } },
{ "type": "Feature", "properties": { "id": 4311, "insc_imob": "00.11.36.09.080", "quadra_cartorio": null, "lote_cartorio": "08", "matricula": "131921", "circunscricao": "1º CIRCUNSCRIÇÃO", "zoneamento": "AUM - ÁREA DE USO MISTO", "condominio": null, "area_geom": 200.0, "cnm": "062661.2.0131921-76" }, "geometry": { "type": "Polygon", "coordinates": [ [ [ -54.804003, -22.280194 ], [ -54.803949, -22.280028 ], [ -54.804042, -22.280002 ], [ -54.804096, -22.280168 ], [ -54.804098, -22.280175 ], [ -54.804005, -22.280201 ], [ -54.804003, -22.280194 ] ] ] } },
{ "type": "Feature", "properties": { "id": 4925, "insc_imob": "00.11.36.47.200", "quadra_cartorio": null, "lote_cartorio": "05", "matricula": "131167", "circunscricao": "1º CIRCUNSCRIÇÃO", "zoneamento": "AUM - ÁREA DE USO MISTO", "condominio": null, "area_geom": 200.0, "cnm": "062661.2.0131167-10" }, "geometry": { "type": "Polygon", "coordinates": [ [ [ -54.806398, -22.275947 ], [ -54.806491, -22.275921 ], [ -54.806519, -22.276007 ], [ -54.806547, -22.276094 ], [ -54.806454, -22.27612 ], [ -54.806426, -22.276033 ], [ -54.806398, -22.275947 ] ] ] } },
{ "type": "Feature", "properties": { "id": 4924, "insc_imob": "00.11.36.47.100", "quadra_cartorio": null, "lote_cartorio": "25", "matricula": "131187", "circunscricao": "1º CIRCUNSCRIÇÃO", "zoneamento": "AUM - ÁREA DE USO MISTO", "condominio": null, "area_geom": 200.0, "cnm": "062661.2.0131187-47" }, "geometry": { "type": "Polygon", "coordinates": [ [ [ -54.806277, -22.275886 ], [ -54.806249, -22.2758 ], [ -54.806342, -22.275774 ], [ -54.80637, -22.27586 ], [ -54.806398, -22.275947 ], [ -54.806305, -22.275973 ], [ -54.806277, -22.275886 ] ] ] } },
{ "type": "Feature", "properties": { "id": 4927, "insc_imob": "00.11.36.52.240", "quadra_cartorio": null, "lote_cartorio": "09", "matricula": "131141", "circunscricao": "1º CIRCUNSCRIÇÃO", "zoneamento": "AUM - ÁREA DE USO MISTO", "condominio": null, "area_geom": 200.0, "cnm": "062661.2.0131141-88" }, "geometry": { "type": "Polygon", "coordinates": [ [ [ -54.806571, -22.275229 ], [ -54.806664, -22.275203 ], [ -54.806692, -22.275289 ], [ -54.80672, -22.275376 ], [ -54.806627, -22.275402 ], [ -54.806599, -22.275315 ], [ -54.806571, -22.275229 ] ] ] } },
{ "type": "Feature", "properties": { "id": 4926, "insc_imob": "00.11.36.52.060", "quadra_cartorio": null, "lote_cartorio": "21", "matricula": "131153", "circunscricao": "1º CIRCUNSCRIÇÃO", "zoneamento": "AUM - ÁREA DE USO MISTO", "condominio": null, "area_geom": 200.0, "cnm": "062661.2.0131153-52" }, "geometry": { "type": "Polygon", "coordinates": [ [ [ -54.80645, -22.275168 ], [ -54.806422, -22.275082 ], [ -54.806515, -22.275056 ], [ -54.806543, -22.275142 ], [ -54.806571, -22.275229 ], [ -54.806478, -22.275255 ], [ -54.80645, -22.275168 ] ] ] } },
{ "type": "Feature", "properties": { "id": 4915, "insc_imob": "00.11.36.47.180", "quadra_cartorio": null, "lote_cartorio": "03", "matricula": "131165", "circunscricao": "1º CIRCUNSCRIÇÃO", "zoneamento": "AUM - ÁREA DE USO MISTO", "condominio": null, "area_geom": 200.0, "cnm": "062661.2.0131165-16" }, "geometry": { "type": "Polygon", "coordinates": [ [ [ -54.806212, -22.275999 ], [ -54.806305, -22.275973 ], [ -54.806333, -22.276059 ], [ -54.806361, -22.276146 ], [ -54.806268, -22.276172 ], [ -54.80624, -22.276085 ], [ -54.806212, -22.275999 ] ] ] } },
{ "type": "Feature", "properties": { "id": 4914, "insc_imob": "00.11.36.47.120", "quadra_cartorio": null, "lote_cartorio": "27", "matricula": "131189", "circunscricao": "1º CIRCUNSCRIÇÃO", "zoneamento": "AUM - ÁREA DE USO MISTO", "condominio": null, "area_geom": 200.0, "cnm": "062661.2.0131189-41" }, "geometry": { "type": "Polygon", "coordinates": [ [ [ -54.806091, -22.275938 ], [ -54.806063, -22.275852 ], [ -54.806156, -22.275826 ], [ -54.806184, -22.275912 ], [ -54.806212, -22.275999 ], [ -54.806119, -22.276025 ], [ -54.806091, -22.275938 ] ] ] } },
{ "type": "Feature", "properties": { "id": 4917, "insc_imob": "00.11.36.47.190", "quadra_cartorio": null, "lote_cartorio": "04", "matricula": "131166", "circunscricao": "1º CIRCUNSCRIÇÃO", "zoneamento": "AUM - ÁREA DE USO MISTO", "condominio": null, "area_geom": 200.0, "cnm": "062661.2.0131166-13" }, "geometry": { "type": "Polygon", "coordinates": [ [ [ -54.806305, -22.275973 ], [ -54.806398, -22.275947 ], [ -54.806426, -22.276033 ], [ -54.806454, -22.27612 ], [ -54.806361, -22.276146 ], [ -54.806333, -22.276059 ], [ -54.806305, -22.275973 ] ] ] } },
{ "type": "Feature", "properties": { "id": 4916, "insc_imob": "00.11.36.47.110", "quadra_cartorio": null, "lote_cartorio": "26", "matricula": "131188", "circunscricao": "1º CIRCUNSCRIÇÃO", "zoneamento": "AUM - ÁREA DE USO MISTO", "condominio": null, "area_geom": 200.0, "cnm": "062661.2.0131188-44" }, "geometry": { "type": "Polygon", "coordinates": [ [ [ -54.806184, -22.275912 ], [ -54.806156, -22.275826 ], [ -54.806249, -22.2758 ], [ -54.806277, -22.275886 ], [ -54.806305, -22.275973 ], [ -54.806212, -22.275999 ], [ -54.806184, -22.275912 ] ] ] } },
{ "type": "Feature", "properties": { "id": 4864, "insc_imob": "00.11.36.38.280", "quadra_cartorio": null, "lote_cartorio": "13", "matricula": "131837", "circunscricao": "1º CIRCUNSCRIÇÃO", "zoneamento": "AUM - ÁREA DE USO MISTO", "condominio": null, "area_geom": 200.0, "cnm": "062661.2.0131837-37" }, "geometry": { "type": "Polygon", "coordinates": [ [ [ -54.803819, -22.277744 ], [ -54.804004, -22.277692 ], [ -54.804032, -22.277779 ], [ -54.803847, -22.277831 ], [ -54.803819, -22.277744 ] ] ] } },
{ "type": "Feature", "properties": { "id": 4891, "insc_imob": "00.11.36.38.290", "quadra_cartorio": null, "lote_cartorio": "14", "matricula": "131838", "circunscricao": "1º CIRCUNSCRIÇÃO", "zoneamento": "AUM - ÁREA DE USO MISTO", "condominio": null, "area_geom": 200.0, "cnm": "062661.2.0131838-34" }, "geometry": { "type": "Polygon", "coordinates": [ [ [ -54.803791, -22.277658 ], [ -54.803977, -22.277606 ], [ -54.804004, -22.277692 ], [ -54.803819, -22.277744 ], [ -54.803791, -22.277658 ] ] ] } },
{ "type": "Feature", "properties": { "id": 4893, "insc_imob": "00.11.36.47.170", "quadra_cartorio": null, "lote_cartorio": "02", "matricula": "131164", "circunscricao": "1º CIRCUNSCRIÇÃO", "zoneamento": "AUM - ÁREA DE USO MISTO", "condominio": null, "area_geom": 200.0, "cnm": "062661.2.0131164-19" }, "geometry": { "type": "Polygon", "coordinates": [ [ [ -54.806119, -22.276025 ], [ -54.806212, -22.275999 ], [ -54.80624, -22.276085 ], [ -54.806268, -22.276172 ], [ -54.806175, -22.276198 ], [ -54.806147, -22.276111 ], [ -54.806119, -22.276025 ] ] ] } },
{ "type": "Feature", "properties": { "id": 4892, "insc_imob": "00.11.36.47.290", "quadra_cartorio": null, "lote_cartorio": "14", "matricula": "131176", "circunscricao": "1º CIRCUNSCRIÇÃO", "zoneamento": "AUM - ÁREA DE USO MISTO", "condominio": null, "area_geom": 200.0, "cnm": "062661.2.0131176-80" }, "geometry": { "type": "Polygon", "coordinates": [ [ [ -54.807141, -22.275739 ], [ -54.807327, -22.275687 ], [ -54.807355, -22.275773 ], [ -54.807169, -22.275825 ], [ -54.807141, -22.275739 ] ] ] } },
{ "type": "Feature", "properties": { "id": 4969, "insc_imob": "00.11.36.57.190", "quadra_cartorio": null, "lote_cartorio": "04", "matricula": "131106", "circunscricao": "1º CIRCUNSCRIÇÃO", "zoneamento": "AUM - ÁREA DE USO MISTO", "condominio": null, "area_geom": 200.0, "cnm": "062661.2.0131106-96" }, "geometry": { "type": "Polygon", "coordinates": [ [ [ -54.805961, -22.274909 ], [ -54.806054, -22.274883 ], [ -54.806082, -22.27497 ], [ -54.80611, -22.275056 ], [ -54.806017, -22.275082 ], [ -54.805989, -22.274996 ], [ -54.805961, -22.274909 ] ] ] } },
{ "type": "Feature", "properties": { "id": 4968, "insc_imob": "00.11.36.57.110", "quadra_cartorio": null, "lote_cartorio": "26", "matricula": "131128", "circunscricao": "1º CIRCUNSCRIÇÃO", "zoneamento": "AUM - ÁREA DE USO MISTO", "condominio": null, "area_geom": 200.0, "cnm": "062661.2.0131128-30" }, "geometry": { "type": "Polygon", "coordinates": [ [ [ -54.805812, -22.274763 ], [ -54.805905, -22.274737 ], [ -54.805933, -22.274823 ], [ -54.805961, -22.274909 ], [ -54.805868, -22.274935 ], [ -54.80584, -22.274849 ], [ -54.805812, -22.274763 ] ] ] } },
{ "type": "Feature", "properties": { "id": 4971, "insc_imob": "00.11.36.57.080", "quadra_cartorio": null, "lote_cartorio": "23", "matricula": "131125", "circunscricao": "1º CIRCUNSCRIÇÃO", "zoneamento": "AUM - ÁREA DE USO MISTO", "condominio": null, "area_geom": 200.0, "cnm": "062661.2.0131125-39" }, "geometry": { "type": "Polygon", "coordinates": [ [ [ -54.806091, -22.274685 ], [ -54.806184, -22.274658 ], [ -54.806212, -22.274745 ], [ -54.80624, -22.274831 ], [ -54.806147, -22.274857 ], [ -54.806119, -22.274771 ], [ -54.806091, -22.274685 ] ] ] } },
{ "type": "Feature", "properties": { "id": 4970, "insc_imob": "00.11.36.57.100", "quadra_cartorio": null, "lote_cartorio": "25", "matricula": "131127", "circunscricao": "1º CIRCUNSCRIÇÃO", "zoneamento": "AUM - ÁREA DE USO MISTO", "condominio": null, "area_geom": 200.0, "cnm": "062661.2.0131127-33" }, "geometry": { "type": "Polygon", "coordinates": [ [ [ -54.805933, -22.274823 ], [ -54.805905, -22.274737 ], [ -54.805998, -22.274711 ], [ -54.806026, -22.274797 ], [ -54.806054, -22.274883 ], [ -54.805961, -22.274909 ], [ -54.805933, -22.274823 ] ] ] } },
{ "type": "Feature", "properties": { "id": 4973, "insc_imob": "00.11.36.57.070", "quadra_cartorio": null, "lote_cartorio": "22", "matricula": "131124", "circunscricao": "1º CIRCUNSCRIÇÃO", "zoneamento": "AUM - ÁREA DE USO MISTO", "condominio": null, "area_geom": 200.0, "cnm": "062661.2.0131124-42" }, "geometry": { "type": "Polygon", "coordinates": [ [ [ -54.806184, -22.274658 ], [ -54.806277, -22.274632 ], [ -54.806305, -22.274719 ], [ -54.806333, -22.274805 ], [ -54.80624, -22.274831 ], [ -54.806212, -22.274745 ], [ -54.806184, -22.274658 ] ] ] } },
{ "type": "Feature", "properties": { "id": 4972, "insc_imob": "00.11.36.57.220", "quadra_cartorio": null, "lote_cartorio": "07", "matricula": "131109", "circunscricao": "1º CIRCUNSCRIÇÃO", "zoneamento": "AUM - ÁREA DE USO MISTO", "condominio": null, "area_geom": 200.0, "cnm": "062661.2.0131109-87" }, "geometry": { "type": "Polygon", "coordinates": [ [ [ -54.80624, -22.274831 ], [ -54.806333, -22.274805 ], [ -54.806361, -22.274892 ], [ -54.806389, -22.274978 ], [ -54.806296, -22.275004 ], [ -54.806268, -22.274918 ], [ -54.80624, -22.274831 ] ] ] } },
{ "type": "Feature", "properties": { "id": 4975, "insc_imob": "00.11.36.57.060", "quadra_cartorio": null, "lote_cartorio": "21", "matricula": "131123", "circunscricao": "1º CIRCUNSCRIÇÃO", "zoneamento": "AUM - ÁREA DE USO MISTO", "condominio": null, "area_geom": 200.0, "cnm": "062661.2.0131123-45" }, "geometry": { "type": "Polygon", "coordinates": [ [ [ -54.806277, -22.274632 ], [ -54.80637, -22.274606 ], [ -54.806398, -22.274693 ], [ -54.806426, -22.274779 ], [ -54.806333, -22.274805 ], [ -54.806305, -22.274719 ], [ -54.806277, -22.274632 ] ] ] } },
{ "type": "Feature", "properties": { "id": 4974, "insc_imob": "00.11.36.57.230", "quadra_cartorio": null, "lote_cartorio": "08", "matricula": "131110", "circunscricao": "1º CIRCUNSCRIÇÃO", "zoneamento": "AUM - ÁREA DE USO MISTO", "condominio": null, "area_geom": 200.0, "cnm": "062661.2.0131110-84" }, "geometry": { "type": "Polygon", "coordinates": [ [ [ -54.806333, -22.274805 ], [ -54.806426, -22.274779 ], [ -54.806454, -22.274866 ], [ -54.806482, -22.274952 ], [ -54.806389, -22.274978 ], [ -54.806361, -22.274892 ], [ -54.806333, -22.274805 ] ] ] } },
{ "type": "Feature", "properties": { "id": 4987, "insc_imob": "00.11.36.57.040", "quadra_cartorio": null, "lote_cartorio": "19", "matricula": "131121", "circunscricao": "1º CIRCUNSCRIÇÃO", "zoneamento": "AUM - ÁREA DE USO MISTO", "condominio": null, "area_geom": 200.0, "cnm": "062661.2.0131121-51" }, "geometry": { "type": "Polygon", "coordinates": [ [ [ -54.806491, -22.274667 ], [ -54.806463, -22.27458 ], [ -54.806556, -22.274554 ], [ -54.806583, -22.274641 ], [ -54.806611, -22.274727 ], [ -54.806519, -22.274753 ], [ -54.806491, -22.274667 ] ] ] } },
{ "type": "Feature", "properties": { "id": 4989, "insc_imob": "00.11.36.57.270", "quadra_cartorio": null, "lote_cartorio": "12", "matricula": "131114", "circunscricao": "1º CIRCUNSCRIÇÃO", "zoneamento": "AUM - ÁREA DE USO MISTO", "condominio": null, "area_geom": 200.0, "cnm": "062661.2.0131114-72" }, "geometry": { "type": "Polygon", "coordinates": [ [ [ -54.806704, -22.274701 ], [ -54.806797, -22.274675 ], [ -54.806825, -22.274762 ], [ -54.806853, -22.274848 ], [ -54.80676, -22.274874 ], [ -54.806732, -22.274788 ], [ -54.806704, -22.274701 ] ] ] } },
{ "type": "Feature", "properties": { "id": 4988, "insc_imob": "00.11.36.57.260", "quadra_cartorio": null, "lote_cartorio": "11", "matricula": "131113", "circunscricao": "1º CIRCUNSCRIÇÃO", "zoneamento": "AUM - ÁREA DE USO MISTO", "condominio": null, "area_geom": 200.0, "cnm": "062661.2.0131113-75" }, "geometry": { "type": "Polygon", "coordinates": [ [ [ -54.806611, -22.274727 ], [ -54.806704, -22.274701 ], [ -54.806732, -22.274788 ], [ -54.80676, -22.274874 ], [ -54.806667, -22.2749 ], [ -54.806639, -22.274814 ], [ -54.806611, -22.274727 ] ] ] } },
{ "type": "Feature", "properties": { "id": 4990, "insc_imob": "00.11.36.57.020", "quadra_cartorio": null, "lote_cartorio": "17", "matricula": "131119", "circunscricao": "1º CIRCUNSCRIÇÃO", "zoneamento": "AUM - ÁREA DE USO MISTO", "condominio": null, "area_geom": 200.0, "cnm": "062661.2.0131119-57" }, "geometry": { "type": "Polygon", "coordinates": [ [ [ -54.806648, -22.274528 ], [ -54.806741, -22.274502 ], [ -54.806769, -22.274589 ], [ -54.806797, -22.274675 ], [ -54.806704, -22.274701 ], [ -54.806676, -22.274615 ], [ -54.806648, -22.274528 ] ] ] } },
{ "type": "Feature", "properties": { "id": 4977, "insc_imob": "00.11.36.57.050", "quadra_cartorio": null, "lote_cartorio": "20", "matricula": "131122", "circunscricao": "1º CIRCUNSCRIÇÃO", "zoneamento": "AUM - ÁREA DE USO MISTO", "condominio": null, "area_geom": 200.0, "cnm": "062661.2.0131122-48" }, "geometry": { "type": "Polygon", "coordinates": [ [ [ -54.806398, -22.274693 ], [ -54.80637, -22.274606 ], [ -54.806463, -22.27458 ], [ -54.806491, -22.274667 ], [ -54.806519, -22.274753 ], [ -54.806426, -22.274779 ], [ -54.806398, -22.274693 ] ] ] } },
{ "type": "Feature", "properties": { "id": 4976, "insc_imob": "00.11.36.57.240", "quadra_cartorio": null, "lote_cartorio": "09", "matricula": "131111", "circunscricao": "1º CIRCUNSCRIÇÃO", "zoneamento": "AUM - ÁREA DE USO MISTO", "condominio": null, "area_geom": 200.0, "cnm": "062661.2.0131111-81" }, "geometry": { "type": "Polygon", "coordinates": [ [ [ -54.806426, -22.274779 ], [ -54.806519, -22.274753 ], [ -54.806547, -22.27484 ], [ -54.806574, -22.274926 ], [ -54.806482, -22.274952 ], [ -54.806454, -22.274866 ], [ -54.806426, -22.274779 ] ] ] } },
{ "type": "Feature", "properties": { "id": 4943, "insc_imob": "00.11.36.57.130", "quadra_cartorio": null, "lote_cartorio": "28", "matricula": "131130", "circunscricao": "1º CIRCUNSCRIÇÃO", "zoneamento": "AUM - ÁREA DE USO MISTO", "condominio": null, "area_geom": 200.0, "cnm": "062661.2.0131130-24" }, "geometry": { "type": "Polygon", "coordinates": [ [ [ -54.805534, -22.274841 ], [ -54.80572, -22.274789 ], [ -54.805747, -22.274875 ], [ -54.805562, -22.274927 ], [ -54.805534, -22.274841 ] ] ] } },
{ "type": "Feature", "properties": { "id": 4929, "insc_imob": "00.11.36.52.250", "quadra_cartorio": null, "lote_cartorio": "10", "matricula": "131142", "circunscricao": "1º CIRCUNSCRIÇÃO", "zoneamento": "AUM - ÁREA DE USO MISTO", "condominio": null, "area_geom": 200.0, "cnm": "062661.2.0131142-85" }, "geometry": { "type": "Polygon", "coordinates": [ [ [ -54.806664, -22.275203 ], [ -54.806757, -22.275177 ], [ -54.806785, -22.275263 ], [ -54.806813, -22.27535 ], [ -54.80672, -22.275376 ], [ -54.806692, -22.275289 ], [ -54.806664, -22.275203 ] ] ] } },
{ "type": "Feature", "properties": { "id": 4928, "insc_imob": "00.11.36.52.050", "quadra_cartorio": null, "lote_cartorio": "20", "matricula": "131152", "circunscricao": "1º CIRCUNSCRIÇÃO", "zoneamento": "AUM - ÁREA DE USO MISTO", "condominio": null, "area_geom": 200.0, "cnm": "062661.2.0131152-55" }, "geometry": { "type": "Polygon", "coordinates": [ [ [ -54.806515, -22.275056 ], [ -54.806608, -22.27503 ], [ -54.806636, -22.275116 ], [ -54.806664, -22.275203 ], [ -54.806571, -22.275229 ], [ -54.806543, -22.275142 ], [ -54.806515, -22.275056 ] ] ] } },
{ "type": "Feature", "properties": { "id": 4931, "insc_imob": "00.11.36.52.020", "quadra_cartorio": null, "lote_cartorio": "17", "matricula": "131149", "circunscricao": "1º CIRCUNSCRIÇÃO", "zoneamento": "AUM - ÁREA DE USO MISTO", "condominio": null, "area_geom": 200.0, "cnm": "062661.2.0131149-64" }, "geometry": { "type": "Polygon", "coordinates": [ [ [ -54.806794, -22.274978 ], [ -54.806887, -22.274952 ], [ -54.806915, -22.275038 ], [ -54.806943, -22.275125 ], [ -54.80685, -22.275151 ], [ -54.806822, -22.275064 ], [ -54.806794, -22.274978 ] ] ] } },
{ "type": "Feature", "properties": { "id": 4930, "insc_imob": "00.11.36.52.260", "quadra_cartorio": null, "lote_cartorio": "11", "matricula": "131143", "circunscricao": "1º CIRCUNSCRIÇÃO", "zoneamento": "AUM - ÁREA DE USO MISTO", "condominio": null, "area_geom": 200.0, "cnm": "062661.2.0131143-82" }, "geometry": { "type": "Polygon", "coordinates": [ [ [ -54.806757, -22.275177 ], [ -54.80685, -22.275151 ], [ -54.806878, -22.275237 ], [ -54.806906, -22.275324 ], [ -54.806813, -22.27535 ], [ -54.806785, -22.275263 ], [ -54.806757, -22.275177 ] ] ] } },
{ "type": "Feature", "properties": { "id": 4933, "insc_imob": "00.11.36.57.150", "quadra_cartorio": null, "lote_cartorio": "30", "matricula": "131132", "circunscricao": "1º CIRCUNSCRIÇÃO", "zoneamento": "AUM - ÁREA DE USO MISTO", "condominio": null, "area_geom": 200.0, "cnm": "062661.2.0131132-18" }, "geometry": { "type": "Polygon", "coordinates": [ [ [ -54.80559, -22.275014 ], [ -54.805775, -22.274962 ], [ -54.805803, -22.275048 ], [ -54.805618, -22.2751 ], [ -54.80559, -22.275014 ] ] ] } },
{ "type": "Feature", "properties": { "id": 4932, "insc_imob": "00.11.36.57.160", "quadra_cartorio": null, "lote_cartorio": "01", "matricula": "131103", "circunscricao": "1º CIRCUNSCRIÇÃO", "zoneamento": "AUM - ÁREA DE USO MISTO", "condominio": null, "area_geom": 200.0, "cnm": "062661.2.0131103-08" }, "geometry": { "type": "Polygon", "coordinates": [ [ [ -54.805618, -22.2751 ], [ -54.805803, -22.275048 ], [ -54.805831, -22.275134 ], [ -54.805646, -22.275186 ], [ -54.805618, -22.2751 ] ] ] } },
{ "type": "Feature", "properties": { "id": 4945, "insc_imob": "00.11.36.57.010", "quadra_cartorio": null, "lote_cartorio": "16", "matricula": "131118", "circunscricao": "1º CIRCUNSCRIÇÃO", "zoneamento": "AUM - ÁREA DE USO MISTO", "condominio": null, "area_geom": 200.0, "cnm": "062661.2.0131118-60" }, "geometry": { "type": "Polygon", "coordinates": [ [ [ -54.806741, -22.274502 ], [ -54.806927, -22.27445 ], [ -54.806955, -22.274537 ], [ -54.806769, -22.274589 ], [ -54.806741, -22.274502 ] ] ] } },
{ "type": "Feature", "properties": { "id": 4944, "insc_imob": "00.11.36.57.290", "quadra_cartorio": null, "lote_cartorio": "14", "matricula": "131116", "circunscricao": "1º CIRCUNSCRIÇÃO", "zoneamento": "AUM - ÁREA DE USO MISTO", "condominio": null, "area_geom": 200.0, "cnm": "062661.2.0131116-66" }, "geometry": { "type": "Polygon", "coordinates": [ [ [ -54.806797, -22.274675 ], [ -54.806983, -22.274623 ], [ -54.807011, -22.27471 ], [ -54.806825, -22.274762 ], [ -54.806797, -22.274675 ] ] ] } },
{ "type": "Feature", "properties": { "id": 4947, "insc_imob": "00.11.36.57.180", "quadra_cartorio": null, "lote_cartorio": "03", "matricula": "131105", "circunscricao": "1º CIRCUNSCRIÇÃO", "zoneamento": "AUM - ÁREA DE USO MISTO", "condominio": null, "area_geom": 200.0, "cnm": "062661.2.0131105-02" }, "geometry": { "type": "Polygon", "coordinates": [ [ [ -54.805868, -22.274935 ], [ -54.805961, -22.274909 ], [ -54.805989, -22.274996 ], [ -54.806017, -22.275082 ], [ -54.805924, -22.275108 ], [ -54.805896, -22.275022 ], [ -54.805868, -22.274935 ] ] ] } },
{ "type": "Feature", "properties": { "id": 4946, "insc_imob": "00.11.36.57.170", "quadra_cartorio": null, "lote_cartorio": "02", "matricula": "131104", "circunscricao": "1º CIRCUNSCRIÇÃO", "zoneamento": "AUM - ÁREA DE USO MISTO", "condominio": null, "area_geom": 200.0, "cnm": "062661.2.0131104-05" }, "geometry": { "type": "Polygon", "coordinates": [ [ [ -54.805775, -22.274962 ], [ -54.805868, -22.274935 ], [ -54.805896, -22.275022 ], [ -54.805924, -22.275108 ], [ -54.805831, -22.275134 ], [ -54.805803, -22.275048 ], [ -54.805775, -22.274962 ] ] ] } },
{ "type": "Feature", "properties": { "id": 5033, "insc_imob": "00.11.36.62.060", "quadra_cartorio": null, "lote_cartorio": "08", "matricula": "130669", "circunscricao": "1º CIRCUNSCRIÇÃO", "zoneamento": "AUM - ÁREA DE USO MISTO", "condominio": null, "area_geom": 199.9, "cnm": "062661.2.0130669-49" }, "geometry": { "type": "Polygon", "coordinates": [ [ [ -54.807023, -22.273869 ], [ -54.807082, -22.273697 ], [ -54.807175, -22.273724 ], [ -54.807115, -22.273896 ], [ -54.807023, -22.273869 ] ] ] } },
{ "type": "Feature", "properties": { "id": 5032, "insc_imob": "00.11.36.62.070", "quadra_cartorio": null, "lote_cartorio": "07", "matricula": "130668", "circunscricao": "1º CIRCUNSCRIÇÃO", "zoneamento": "AUM - ÁREA DE USO MISTO", "condominio": null, "area_geom": 199.9, "cnm": "062661.2.0130668-52" }, "geometry": { "type": "Polygon", "coordinates": [ [ [ -54.806931, -22.273841 ], [ -54.80699, -22.273669 ], [ -54.807082, -22.273697 ], [ -54.807023, -22.273869 ], [ -54.806931, -22.273841 ] ] ] } },
{ "type": "Feature", "properties": { "id": 5034, "insc_imob": "00.11.36.62.050", "quadra_cartorio": null, "lote_cartorio": "09", "matricula": "130670", "circunscricao": "1º CIRCUNSCRIÇÃO", "zoneamento": "AUM - ÁREA DE USO MISTO", "condominio": null, "area_geom": 199.9, "cnm": "062661.2.0130670-46" }, "geometry": { "type": "Polygon", "coordinates": [ [ [ -54.807115, -22.273896 ], [ -54.807175, -22.273724 ], [ -54.807267, -22.273752 ], [ -54.807208, -22.273924 ], [ -54.807115, -22.273896 ] ] ] } },
{ "type": "Feature", "properties": { "id": 5031, "insc_imob": "00.11.36.62.080", "quadra_cartorio": null, "lote_cartorio": "06", "matricula": "130667", "circunscricao": "1º CIRCUNSCRIÇÃO", "zoneamento": "AUM - ÁREA DE USO MISTO", "condominio": null, "area_geom": 199.9, "cnm": "062661.2.0130667-55" }, "geometry": { "type": "Polygon", "coordinates": [ [ [ -54.806838, -22.273813 ], [ -54.806898, -22.273642 ], [ -54.80699, -22.273669 ], [ -54.806931, -22.273841 ], [ -54.806838, -22.273813 ] ] ] } },
{ "type": "Feature", "properties": { "id": 5017, "insc_imob": "00.11.36.62.130", "quadra_cartorio": null, "lote_cartorio": "01", "matricula": "130662", "circunscricao": "1º CIRCUNSCRIÇÃO", "zoneamento": "AUM - ÁREA DE USO MISTO", "condominio": null, "area_geom": 318.4, "cnm": "062661.2.0130662-70" }, "geometry": { "type": "Polygon", "coordinates": [ [ [ -54.80646, -22.2737 ], [ -54.806267, -22.273642 ], [ -54.806418, -22.273498 ], [ -54.806519, -22.273528 ], [ -54.80646, -22.2737 ] ] ] } },
{ "type": "Feature", "properties": { "id": 5016, "insc_imob": "00.11.36.61.060", "quadra_cartorio": null, "lote_cartorio": "06", "matricula": "130680", "circunscricao": "1º CIRCUNSCRIÇÃO", "zoneamento": "AUM - ÁREA DE USO MISTO", "condominio": null, "area_geom": 199.9, "cnm": "062661.2.0130680-16" }, "geometry": { "type": "Polygon", "coordinates": [ [ [ -54.808177, -22.274214 ], [ -54.808237, -22.274043 ], [ -54.808329, -22.27407 ], [ -54.80827, -22.274242 ], [ -54.808177, -22.274214 ] ] ] } },
{ "type": "Feature", "properties": { "id": 5019, "insc_imob": "00.11.36.62.100", "quadra_cartorio": null, "lote_cartorio": "04", "matricula": "130665", "circunscricao": "1º CIRCUNSCRIÇÃO", "zoneamento": "AUM - ÁREA DE USO MISTO", "condominio": null, "area_geom": 199.89, "cnm": "062661.2.0130665-61" }, "geometry": { "type": "Polygon", "coordinates": [ [ [ -54.806654, -22.273758 ], [ -54.806713, -22.273586 ], [ -54.806805, -22.273614 ], [ -54.806746, -22.273786 ], [ -54.806654, -22.273758 ] ] ] } },
{ "type": "Feature", "properties": { "id": 5018, "insc_imob": "00.11.36.62.120", "quadra_cartorio": null, "lote_cartorio": "02", "matricula": "130663", "circunscricao": "1º CIRCUNSCRIÇÃO", "zoneamento": "AUM - ÁREA DE USO MISTO", "condominio": null, "area_geom": 219.89, "cnm": "062661.2.0130663-67" }, "geometry": { "type": "Polygon", "coordinates": [ [ [ -54.80646, -22.2737 ], [ -54.806519, -22.273528 ], [ -54.806621, -22.273559 ], [ -54.806561, -22.27373 ], [ -54.80646, -22.2737 ] ] ] } },
{ "type": "Feature", "properties": { "id": 5011, "insc_imob": "00.11.36.44.090", "quadra_cartorio": null, "lote_cartorio": "09", "matricula": "130694", "circunscricao": "1º CIRCUNSCRIÇÃO", "zoneamento": "AUM - ÁREA DE USO MISTO", "condominio": null, "area_geom": 200.02, "cnm": "062661.2.0130694-71" }, "geometry": { "type": "Polygon", "coordinates": [ [ [ -54.809519, -22.275082 ], [ -54.809679, -22.27498 ], [ -54.809734, -22.275055 ], [ -54.809573, -22.275156 ], [ -54.809519, -22.275082 ] ] ] } },
{ "type": "Feature", "properties": { "id": 5010, "insc_imob": "00.11.36.44.070", "quadra_cartorio": null, "lote_cartorio": "07", "matricula": "130692", "circunscricao": "1º CIRCUNSCRIÇÃO", "zoneamento": "AUM - ÁREA DE USO MISTO", "condominio": null, "area_geom": 200.01, "cnm": "062661.2.0130692-77" }, "geometry": { "type": "Polygon", "coordinates": [ [ [ -54.80941, -22.274932 ], [ -54.80957, -22.274831 ], [ -54.809625, -22.274906 ], [ -54.809464, -22.275007 ], [ -54.80941, -22.274932 ] ] ] } },
{ "type": "Feature", "properties": { "id": 5013, "insc_imob": "00.11.36.44.100", "quadra_cartorio": null, "lote_cartorio": "10", "matricula": "130695", "circunscricao": "1º CIRCUNSCRIÇÃO", "zoneamento": "AUM - ÁREA DE USO MISTO", "condominio": null, "area_geom": 262.54, "cnm": "062661.2.0130695-68" }, "geometry": { "type": "Polygon", "coordinates": [ [ [ -54.809573, -22.275156 ], [ -54.809734, -22.275055 ], [ -54.809822, -22.275177 ], [ -54.809627, -22.275231 ], [ -54.809573, -22.275156 ] ] ] } },
{ "type": "Feature", "properties": { "id": 5012, "insc_imob": "00.11.36.44.080", "quadra_cartorio": null, "lote_cartorio": "08", "matricula": "130693", "circunscricao": "1º CIRCUNSCRIÇÃO", "zoneamento": "AUM - ÁREA DE USO MISTO", "condominio": null, "area_geom": 200.02, "cnm": "062661.2.0130693-74" }, "geometry": { "type": "Polygon", "coordinates": [ [ [ -54.809464, -22.275007 ], [ -54.809625, -22.274906 ], [ -54.809679, -22.27498 ], [ -54.809519, -22.275082 ], [ -54.809464, -22.275007 ] ] ] } },
{ "type": "Feature", "properties": { "id": 5015, "insc_imob": "00.11.36.61.070", "quadra_cartorio": null, "lote_cartorio": "05", "matricula": "130679", "circunscricao": "1º CIRCUNSCRIÇÃO", "zoneamento": "AUM - ÁREA DE USO MISTO", "condominio": null, "area_geom": 199.91, "cnm": "062661.2.0130679-19" }, "geometry": { "type": "Polygon", "coordinates": [ [ [ -54.808085, -22.274187 ], [ -54.808144, -22.274015 ], [ -54.808237, -22.274043 ], [ -54.808177, -22.274214 ], [ -54.808085, -22.274187 ] ] ] } },
{ "type": "Feature", "properties": { "id": 5014, "insc_imob": "00.11.36.61.110", "quadra_cartorio": null, "lote_cartorio": "01", "matricula": "130675", "circunscricao": "1º CIRCUNSCRIÇÃO", "zoneamento": "AUM - ÁREA DE USO MISTO", "condominio": null, "area_geom": 199.9, "cnm": "062661.2.0130675-31" }, "geometry": { "type": "Polygon", "coordinates": [ [ [ -54.807808, -22.274104 ], [ -54.807716, -22.274076 ], [ -54.807775, -22.273904 ], [ -54.807867, -22.273932 ], [ -54.807808, -22.274104 ] ] ] } },
{ "type": "Feature", "properties": { "id": 5106, "insc_imob": "00.11.36.15.100", "quadra_cartorio": null, "lote_cartorio": "25", "matricula": "131742", "circunscricao": "1º CIRCUNSCRIÇÃO", "zoneamento": "AUM - ÁREA DE USO MISTO", "condominio": null, "area_geom": 200.0, "cnm": "062661.2.0131742-31" }, "geometry": { "type": "Polygon", "coordinates": [ [ [ -54.805008, -22.279165 ], [ -54.805101, -22.279139 ], [ -54.805129, -22.279225 ], [ -54.805156, -22.279312 ], [ -54.805064, -22.279338 ], [ -54.805036, -22.279251 ], [ -54.805008, -22.279165 ] ] ] } },
{ "type": "Feature", "properties": { "id": 4769, "insc_imob": "00.11.36.03.060", "quadra_cartorio": null, "lote_cartorio": "02", "matricula": "130818", "circunscricao": "1º CIRCUNSCRIÇÃO", "zoneamento": "AUM - ÁREA DE USO MISTO", "condominio": null, "area_geom": 199.52, "cnm": "062661.2.0130818-87" }, "geometry": { "type": "Polygon", "coordinates": [ [ [ -54.810805, -22.278107 ], [ -54.810898, -22.278081 ], [ -54.810954, -22.278254 ], [ -54.810861, -22.278279 ], [ -54.810805, -22.278107 ] ] ] } },
{ "type": "Feature", "properties": { "id": 4771, "insc_imob": "00.11.36.15.140", "quadra_cartorio": null, "lote_cartorio": "29", "matricula": "131746", "circunscricao": "1º CIRCUNSCRIÇÃO", "zoneamento": "AUM - ÁREA DE USO MISTO", "condominio": null, "area_geom": 200.0, "cnm": "062661.2.0131746-19" }, "geometry": { "type": "Polygon", "coordinates": [ [ [ -54.804664, -22.279356 ], [ -54.80485, -22.279304 ], [ -54.804878, -22.27939 ], [ -54.804692, -22.279442 ], [ -54.804664, -22.279356 ] ] ] } },
{ "type": "Feature", "properties": { "id": 4770, "insc_imob": "00.11.36.03.070", "quadra_cartorio": null, "lote_cartorio": "01", "matricula": "130817", "circunscricao": "1º CIRCUNSCRIÇÃO", "zoneamento": "AUM - ÁREA DE USO MISTO", "condominio": null, "area_geom": 199.44, "cnm": "062661.2.0130817-90" }, "geometry": { "type": "Polygon", "coordinates": [ [ [ -54.810768, -22.278305 ], [ -54.810712, -22.278133 ], [ -54.810805, -22.278107 ], [ -54.810861, -22.278279 ], [ -54.810768, -22.278305 ] ] ] } },
{ "type": "Feature", "properties": { "id": 4793, "insc_imob": "00.11.36.15.130", "quadra_cartorio": null, "lote_cartorio": "28", "matricula": "131745", "circunscricao": "1º CIRCUNSCRIÇÃO", "zoneamento": "AUM - ÁREA DE USO MISTO", "condominio": null, "area_geom": 200.0, "cnm": "062661.2.0131745-22" }, "geometry": { "type": "Polygon", "coordinates": [ [ [ -54.804636, -22.279269 ], [ -54.804822, -22.279217 ], [ -54.80485, -22.279304 ], [ -54.804664, -22.279356 ], [ -54.804636, -22.279269 ] ] ] } },
{ "type": "Feature", "properties": { "id": 4795, "insc_imob": "00.11.36.15.300", "quadra_cartorio": null, "lote_cartorio": "15", "matricula": "131732", "circunscricao": "1º CIRCUNSCRIÇÃO", "zoneamento": "AUM - ÁREA DE USO MISTO", "condominio": null, "area_geom": 200.0, "cnm": "062661.2.0131732-61" }, "geometry": { "type": "Polygon", "coordinates": [ [ [ -54.805872, -22.279017 ], [ -54.806057, -22.278965 ], [ -54.806085, -22.279052 ], [ -54.8059, -22.279104 ], [ -54.805872, -22.279017 ] ] ] } },
{ "type": "Feature", "properties": { "id": 4794, "insc_imob": "00.11.36.15.280", "quadra_cartorio": null, "lote_cartorio": "13", "matricula": "131730", "circunscricao": "1º CIRCUNSCRIÇÃO", "zoneamento": "AUM - ÁREA DE USO MISTO", "condominio": null, "area_geom": 200.0, "cnm": "062661.2.0131730-67" }, "geometry": { "type": "Polygon", "coordinates": [ [ [ -54.805928, -22.27919 ], [ -54.806113, -22.279138 ], [ -54.806141, -22.279225 ], [ -54.805956, -22.279277 ], [ -54.805928, -22.27919 ] ] ] } },
{ "type": "Feature", "properties": { "id": 4797, "insc_imob": "00.11.36.15.120", "quadra_cartorio": null, "lote_cartorio": "27", "matricula": "131744", "circunscricao": "1º CIRCUNSCRIÇÃO", "zoneamento": "AUM - ÁREA DE USO MISTO", "condominio": null, "area_geom": 200.0, "cnm": "062661.2.0131744-25" }, "geometry": { "type": "Polygon", "coordinates": [ [ [ -54.80485, -22.279304 ], [ -54.804822, -22.279217 ], [ -54.804915, -22.279191 ], [ -54.804943, -22.279278 ], [ -54.804971, -22.279364 ], [ -54.804878, -22.27939 ], [ -54.80485, -22.279304 ] ] ] } },
{ "type": "Feature", "properties": { "id": 4796, "insc_imob": "00.11.36.15.010", "quadra_cartorio": null, "lote_cartorio": "16", "matricula": "131733", "circunscricao": "1º CIRCUNSCRIÇÃO", "zoneamento": "AUM - ÁREA DE USO MISTO", "condominio": null, "area_geom": 200.0, "cnm": "062661.2.0131733-58" }, "geometry": { "type": "Polygon", "coordinates": [ [ [ -54.805844, -22.278931 ], [ -54.806029, -22.278879 ], [ -54.806057, -22.278965 ], [ -54.805872, -22.279017 ], [ -54.805844, -22.278931 ] ] ] } },
{ "type": "Feature", "properties": { "id": 4799, "insc_imob": "00.11.36.37.170", "quadra_cartorio": null, "lote_cartorio": "02", "matricula": "131599", "circunscricao": "1º CIRCUNSCRIÇÃO", "zoneamento": "AUM - ÁREA DE USO MISTO", "condominio": null, "area_geom": 200.0, "cnm": "062661.2.0131599-72" }, "geometry": { "type": "Polygon", "coordinates": [ [ [ -54.804274, -22.277523 ], [ -54.804367, -22.277497 ], [ -54.804395, -22.277583 ], [ -54.804423, -22.277669 ], [ -54.80433, -22.277696 ], [ -54.804302, -22.277609 ], [ -54.804274, -22.277523 ] ] ] } },
{ "type": "Feature", "properties": { "id": 4798, "insc_imob": "00.11.36.15.190", "quadra_cartorio": null, "lote_cartorio": "04", "matricula": "131721", "circunscricao": "1º CIRCUNSCRIÇÃO", "zoneamento": "AUM - ÁREA DE USO MISTO", "condominio": null, "area_geom": 200.0, "cnm": "062661.2.0131721-94" }, "geometry": { "type": "Polygon", "coordinates": [ [ [ -54.805064, -22.279338 ], [ -54.805156, -22.279312 ], [ -54.805184, -22.279398 ], [ -54.805212, -22.279485 ], [ -54.80512, -22.279511 ], [ -54.805092, -22.279424 ], [ -54.805064, -22.279338 ] ] ] } },
{ "type": "Feature", "properties": { "id": 4841, "insc_imob": "00.11.36.37.090", "quadra_cartorio": null, "lote_cartorio": "24", "matricula": "131621", "circunscricao": "1º CIRCUNSCRIÇÃO", "zoneamento": "AUM - ÁREA DE USO MISTO", "condominio": null, "area_geom": 200.0, "cnm": "062661.2.0131621-06" }, "geometry": { "type": "Polygon", "coordinates": [ [ [ -54.804524, -22.277358 ], [ -54.804497, -22.277272 ], [ -54.804589, -22.277246 ], [ -54.804617, -22.277332 ], [ -54.804645, -22.277419 ], [ -54.804552, -22.277445 ], [ -54.804524, -22.277358 ] ] ] } },
{ "type": "Feature", "properties": { "id": 4840, "insc_imob": "00.11.36.37.200", "quadra_cartorio": null, "lote_cartorio": "05", "matricula": "131602", "circunscricao": "1º CIRCUNSCRIÇÃO", "zoneamento": "AUM - ÁREA DE USO MISTO", "condominio": null, "area_geom": 200.0, "cnm": "062661.2.0131602-63" }, "geometry": { "type": "Polygon", "coordinates": [ [ [ -54.804552, -22.277445 ], [ -54.804645, -22.277419 ], [ -54.804673, -22.277505 ], [ -54.804701, -22.277591 ], [ -54.804608, -22.277617 ], [ -54.80458, -22.277531 ], [ -54.804552, -22.277445 ] ] ] } },
{ "type": "Feature", "properties": { "id": 4843, "insc_imob": "00.11.36.37.060", "quadra_cartorio": null, "lote_cartorio": "21", "matricula": "131618", "circunscricao": "1º CIRCUNSCRIÇÃO", "zoneamento": "AUM - ÁREA DE USO MISTO", "condominio": null, "area_geom": 200.0, "cnm": "062661.2.0131618-15" }, "geometry": { "type": "Polygon", "coordinates": [ [ [ -54.804803, -22.27728 ], [ -54.804775, -22.277194 ], [ -54.804868, -22.277168 ], [ -54.804896, -22.277254 ], [ -54.804924, -22.27734 ], [ -54.804831, -22.277366 ], [ -54.804803, -22.27728 ] ] ] } },
{ "type": "Feature", "properties": { "id": 4842, "insc_imob": "00.11.36.37.210", "quadra_cartorio": null, "lote_cartorio": "06", "matricula": "131603", "circunscricao": "1º CIRCUNSCRIÇÃO", "zoneamento": "AUM - ÁREA DE USO MISTO", "condominio": null, "area_geom": 200.0, "cnm": "062661.2.0131603-60" }, "geometry": { "type": "Polygon", "coordinates": [ [ [ -54.804645, -22.277419 ], [ -54.804738, -22.277392 ], [ -54.804766, -22.277479 ], [ -54.804794, -22.277565 ], [ -54.804701, -22.277591 ], [ -54.804673, -22.277505 ], [ -54.804645, -22.277419 ] ] ] } },
{ "type": "Feature", "properties": { "id": 4845, "insc_imob": "00.11.36.37.050", "quadra_cartorio": null, "lote_cartorio": "20", "matricula": "131617", "circunscricao": "1º CIRCUNSCRIÇÃO", "zoneamento": "AUM - ÁREA DE USO MISTO", "condominio": null, "area_geom": 200.0, "cnm": "062661.2.0131617-18" }, "geometry": { "type": "Polygon", "coordinates": [ [ [ -54.804896, -22.277254 ], [ -54.804868, -22.277168 ], [ -54.804961, -22.277141 ], [ -54.804989, -22.277228 ], [ -54.805017, -22.277314 ], [ -54.804924, -22.27734 ], [ -54.804896, -22.277254 ] ] ] } },
{ "type": "Feature", "properties": { "id": 4844, "insc_imob": "00.11.36.37.240", "quadra_cartorio": null, "lote_cartorio": "09", "matricula": "131606", "circunscricao": "1º CIRCUNSCRIÇÃO", "zoneamento": "AUM - ÁREA DE USO MISTO", "condominio": null, "area_geom": 200.0, "cnm": "062661.2.0131606-51" }, "geometry": { "type": "Polygon", "coordinates": [ [ [ -54.804924, -22.27734 ], [ -54.805017, -22.277314 ], [ -54.805045, -22.277401 ], [ -54.805073, -22.277487 ], [ -54.80498, -22.277513 ], [ -54.804952, -22.277427 ], [ -54.804924, -22.27734 ] ] ] } },
{ "type": "Feature", "properties": { "id": 4847, "insc_imob": "00.11.36.37.040", "quadra_cartorio": null, "lote_cartorio": "19", "matricula": "131616", "circunscricao": "1º CIRCUNSCRIÇÃO", "zoneamento": "AUM - ÁREA DE USO MISTO", "condominio": null, "area_geom": 200.0, "cnm": "062661.2.0131616-21" }, "geometry": { "type": "Polygon", "coordinates": [ [ [ -54.804989, -22.277228 ], [ -54.804961, -22.277141 ], [ -54.805054, -22.277115 ], [ -54.805082, -22.277202 ], [ -54.80511, -22.277288 ], [ -54.805017, -22.277314 ], [ -54.804989, -22.277228 ] ] ] } },
{ "type": "Feature", "properties": { "id": 4846, "insc_imob": "00.11.36.37.250", "quadra_cartorio": null, "lote_cartorio": "10", "matricula": "131607", "circunscricao": "1º CIRCUNSCRIÇÃO", "zoneamento": "AUM - ÁREA DE USO MISTO", "condominio": null, "area_geom": 200.0, "cnm": "062661.2.0131607-48" }, "geometry": { "type": "Polygon", "coordinates": [ [ [ -54.805017, -22.277314 ], [ -54.80511, -22.277288 ], [ -54.805138, -22.277375 ], [ -54.805166, -22.277461 ], [ -54.805073, -22.277487 ], [ -54.805045, -22.277401 ], [ -54.805017, -22.277314 ] ] ] } },
{ "type": "Feature", "properties": { "id": 4861, "insc_imob": "00.11.36.37.030", "quadra_cartorio": null, "lote_cartorio": "18", "matricula": "131615", "circunscricao": "1º CIRCUNSCRIÇÃO", "zoneamento": "AUM - ÁREA DE USO MISTO", "condominio": null, "area_geom": 200.0, "cnm": "062661.2.0131615-24" }, "geometry": { "type": "Polygon", "coordinates": [ [ [ -54.805054, -22.277115 ], [ -54.805147, -22.277089 ], [ -54.805175, -22.277176 ], [ -54.805203, -22.277262 ], [ -54.80511, -22.277288 ], [ -54.805082, -22.277202 ], [ -54.805054, -22.277115 ] ] ] } },
{ "type": "Feature", "properties": { "id": 4860, "insc_imob": "00.11.36.37.260", "quadra_cartorio": null, "lote_cartorio": "11", "matricula": "131608", "circunscricao": "1º CIRCUNSCRIÇÃO", "zoneamento": "AUM - ÁREA DE USO MISTO", "condominio": null, "area_geom": 200.0, "cnm": "062661.2.0131608-45" }, "geometry": { "type": "Polygon", "coordinates": [ [ [ -54.80511, -22.277288 ], [ -54.805203, -22.277262 ], [ -54.805231, -22.277349 ], [ -54.805259, -22.277435 ], [ -54.805166, -22.277461 ], [ -54.805138, -22.277375 ], [ -54.80511, -22.277288 ] ] ] } },
{ "type": "Feature", "properties": { "id": 4863, "insc_imob": "00.11.36.37.020", "quadra_cartorio": null, "lote_cartorio": "17", "matricula": "131614", "circunscricao": "1º CIRCUNSCRIÇÃO", "zoneamento": "AUM - ÁREA DE USO MISTO", "condominio": null, "area_geom": 200.0, "cnm": "062661.2.0131614-27" }, "geometry": { "type": "Polygon", "coordinates": [ [ [ -54.805147, -22.277089 ], [ -54.80524, -22.277063 ], [ -54.805268, -22.27715 ], [ -54.805296, -22.277236 ], [ -54.805203, -22.277262 ], [ -54.805175, -22.277176 ], [ -54.805147, -22.277089 ] ] ] } },
{ "type": "Feature", "properties": { "id": 4862, "insc_imob": "00.11.36.37.270", "quadra_cartorio": null, "lote_cartorio": "12", "matricula": "131609", "circunscricao": "1º CIRCUNSCRIÇÃO", "zoneamento": "AUM - ÁREA DE USO MISTO", "condominio": null, "area_geom": 200.0, "cnm": "062661.2.0131609-42" }, "geometry": { "type": "Polygon", "coordinates": [ [ [ -54.805203, -22.277262 ], [ -54.805296, -22.277236 ], [ -54.805324, -22.277323 ], [ -54.805352, -22.277409 ], [ -54.805259, -22.277435 ], [ -54.805231, -22.277349 ], [ -54.805203, -22.277262 ] ] ] } },
{ "type": "Feature", "properties": { "id": 4817, "insc_imob": "00.11.36.37.180", "quadra_cartorio": null, "lote_cartorio": "03", "matricula": "131600", "circunscricao": "1º CIRCUNSCRIÇÃO", "zoneamento": "AUM - ÁREA DE USO MISTO", "condominio": null, "area_geom": 200.0, "cnm": "062661.2.0131600-69" }, "geometry": { "type": "Polygon", "coordinates": [ [ [ -54.804367, -22.277497 ], [ -54.80446, -22.277471 ], [ -54.804488, -22.277557 ], [ -54.804515, -22.277643 ], [ -54.804423, -22.277669 ], [ -54.804395, -22.277583 ], [ -54.804367, -22.277497 ] ] ] } },
{ "type": "Feature", "properties": { "id": 4816, "insc_imob": "00.11.36.37.120", "quadra_cartorio": null, "lote_cartorio": "27", "matricula": "131624", "circunscricao": "1º CIRCUNSCRIÇÃO", "zoneamento": "AUM - ÁREA DE USO MISTO", "condominio": null, "area_geom": 200.0, "cnm": "062661.2.0131624-94" }, "geometry": { "type": "Polygon", "coordinates": [ [ [ -54.804246, -22.277436 ], [ -54.804218, -22.27735 ], [ -54.804311, -22.277324 ], [ -54.804339, -22.27741 ], [ -54.804367, -22.277497 ], [ -54.804274, -22.277523 ], [ -54.804246, -22.277436 ] ] ] } },
{ "type": "Feature", "properties": { "id": 4819, "insc_imob": "00.11.36.37.190", "quadra_cartorio": null, "lote_cartorio": "04", "matricula": "131601", "circunscricao": "1º CIRCUNSCRIÇÃO", "zoneamento": "AUM - ÁREA DE USO MISTO", "condominio": null, "area_geom": 200.0, "cnm": "062661.2.0131601-66" }, "geometry": { "type": "Polygon", "coordinates": [ [ [ -54.80446, -22.277471 ], [ -54.804552, -22.277445 ], [ -54.80458, -22.277531 ], [ -54.804608, -22.277617 ], [ -54.804515, -22.277643 ], [ -54.804488, -22.277557 ], [ -54.80446, -22.277471 ] ] ] } },
{ "type": "Feature", "properties": { "id": 4818, "insc_imob": "00.11.36.37.110", "quadra_cartorio": null, "lote_cartorio": "26", "matricula": "131623", "circunscricao": "1º CIRCUNSCRIÇÃO", "zoneamento": "AUM - ÁREA DE USO MISTO", "condominio": null, "area_geom": 200.0, "cnm": "062661.2.0131623-97" }, "geometry": { "type": "Polygon", "coordinates": [ [ [ -54.804311, -22.277324 ], [ -54.804404, -22.277298 ], [ -54.804432, -22.277384 ], [ -54.80446, -22.277471 ], [ -54.804367, -22.277497 ], [ -54.804339, -22.27741 ], [ -54.804311, -22.277324 ] ] ] } },
{ "type": "Feature", "properties": { "id": 5387, "insc_imob": "00.11.36.09.090", "quadra_cartorio": null, "lote_cartorio": "07", "matricula": "131920", "circunscricao": "1º CIRCUNSCRIÇÃO", "zoneamento": "AUM - ÁREA DE USO MISTO", "condominio": null, "area_geom": 200.0, "cnm": "062661.2.0131920-79" }, "geometry": { "type": "Polygon", "coordinates": [ [ [ -54.80391, -22.28022 ], [ -54.803857, -22.280054 ], [ -54.803949, -22.280028 ], [ -54.804003, -22.280194 ], [ -54.804005, -22.280201 ], [ -54.803912, -22.280227 ], [ -54.80391, -22.28022 ] ] ] } },
{ "type": "Feature", "properties": { "id": 4820, "insc_imob": "00.11.36.37.100", "quadra_cartorio": null, "lote_cartorio": "25", "matricula": "131622", "circunscricao": "1º CIRCUNSCRIÇÃO", "zoneamento": "AUM - ÁREA DE USO MISTO", "condominio": null, "area_geom": 200.0, "cnm": "062661.2.0131622-03" }, "geometry": { "type": "Polygon", "coordinates": [ [ [ -54.804432, -22.277384 ], [ -54.804404, -22.277298 ], [ -54.804497, -22.277272 ], [ -54.804524, -22.277358 ], [ -54.804552, -22.277445 ], [ -54.80446, -22.277471 ], [ -54.804432, -22.277384 ] ] ] } },
{ "type": "Feature", "properties": { "id": 5409, "insc_imob": "00.11.36.13.240", "quadra_cartorio": null, "lote_cartorio": "09", "matricula": "131351", "circunscricao": "1º CIRCUNSCRIÇÃO", "zoneamento": "AUM - ÁREA DE USO MISTO", "condominio": null, "area_geom": 200.0, "cnm": "062661.2.0131351-40" }, "geometry": { "type": "Polygon", "coordinates": [ [ [ -54.807665, -22.278609 ], [ -54.807757, -22.278583 ], [ -54.807785, -22.27867 ], [ -54.807813, -22.278756 ], [ -54.80772, -22.278782 ], [ -54.807693, -22.278696 ], [ -54.807665, -22.278609 ] ] ] } },
{ "type": "Feature", "properties": { "id": 5408, "insc_imob": "00.11.36.13.060", "quadra_cartorio": null, "lote_cartorio": "21", "matricula": "131363", "circunscricao": "1º CIRCUNSCRIÇÃO", "zoneamento": "AUM - ÁREA DE USO MISTO", "condominio": null, "area_geom": 200.0, "cnm": "062661.2.0131363-04" }, "geometry": { "type": "Polygon", "coordinates": [ [ [ -54.807544, -22.278549 ], [ -54.807516, -22.278462 ], [ -54.807609, -22.278436 ], [ -54.807637, -22.278523 ], [ -54.807665, -22.278609 ], [ -54.807572, -22.278635 ], [ -54.807544, -22.278549 ] ] ] } },
{ "type": "Feature", "properties": { "id": 5410, "insc_imob": "00.11.36.13.250", "quadra_cartorio": null, "lote_cartorio": "10", "matricula": "131352", "circunscricao": "1º CIRCUNSCRIÇÃO", "zoneamento": "AUM - ÁREA DE USO MISTO", "condominio": null, "area_geom": 200.0, "cnm": "062661.2.0131352-37" }, "geometry": { "type": "Polygon", "coordinates": [ [ [ -54.807757, -22.278583 ], [ -54.80785, -22.278557 ], [ -54.807878, -22.278644 ], [ -54.807906, -22.27873 ], [ -54.807813, -22.278756 ], [ -54.807785, -22.27867 ], [ -54.807757, -22.278583 ] ] ] } },
{ "type": "Feature", "properties": { "id": 5432, "insc_imob": "00.11.36.13.040", "quadra_cartorio": null, "lote_cartorio": "19", "matricula": "131361", "circunscricao": "1º CIRCUNSCRIÇÃO", "zoneamento": "AUM - ÁREA DE USO MISTO", "condominio": null, "area_geom": 200.0, "cnm": "062661.2.0131361-10" }, "geometry": { "type": "Polygon", "coordinates": [ [ [ -54.807729, -22.278497 ], [ -54.807701, -22.27841 ], [ -54.807794, -22.278384 ], [ -54.807822, -22.278471 ], [ -54.80785, -22.278557 ], [ -54.807757, -22.278583 ], [ -54.807729, -22.278497 ] ] ] } },
{ "type": "Feature", "properties": { "id": 5389, "insc_imob": "00.11.36.13.210", "quadra_cartorio": null, "lote_cartorio": "06", "matricula": "131348", "circunscricao": "1º CIRCUNSCRIÇÃO", "zoneamento": "AUM - ÁREA DE USO MISTO", "condominio": null, "area_geom": 200.0, "cnm": "062661.2.0131348-49" }, "geometry": { "type": "Polygon", "coordinates": [ [ [ -54.807386, -22.278687 ], [ -54.807479, -22.278661 ], [ -54.807507, -22.278748 ], [ -54.807535, -22.278834 ], [ -54.807442, -22.27886 ], [ -54.807414, -22.278774 ], [ -54.807386, -22.278687 ] ] ] } },
{ "type": "Feature", "properties": { "id": 5388, "insc_imob": "00.11.36.06.040", "quadra_cartorio": null, "lote_cartorio": "12", "matricula": "131384", "circunscricao": "1º CIRCUNSCRIÇÃO", "zoneamento": "AUM - ÁREA DE USO MISTO", "condominio": null, "area_geom": 200.0, "cnm": "062661.2.0131384-38" }, "geometry": { "type": "Polygon", "coordinates": [ [ [ -54.808017, -22.279073 ], [ -54.807962, -22.278903 ], [ -54.808055, -22.278877 ], [ -54.80811, -22.279047 ], [ -54.808111, -22.27905 ], [ -54.808018, -22.279076 ], [ -54.808017, -22.279073 ] ] ] } },
{ "type": "Feature", "properties": { "id": 5391, "insc_imob": "00.11.36.13.220", "quadra_cartorio": null, "lote_cartorio": "07", "matricula": "131349", "circunscricao": "1º CIRCUNSCRIÇÃO", "zoneamento": "AUM - ÁREA DE USO MISTO", "condominio": null, "area_geom": 200.0, "cnm": "062661.2.0131349-46" }, "geometry": { "type": "Polygon", "coordinates": [ [ [ -54.807479, -22.278661 ], [ -54.807572, -22.278635 ], [ -54.8076, -22.278722 ], [ -54.807628, -22.278808 ], [ -54.807535, -22.278834 ], [ -54.807507, -22.278748 ], [ -54.807479, -22.278661 ] ] ] } },
{ "type": "Feature", "properties": { "id": 5390, "insc_imob": "00.11.36.13.080", "quadra_cartorio": null, "lote_cartorio": "23", "matricula": "131365", "circunscricao": "1º CIRCUNSCRIÇÃO", "zoneamento": "AUM - ÁREA DE USO MISTO", "condominio": null, "area_geom": 200.0, "cnm": "062661.2.0131365-95" }, "geometry": { "type": "Polygon", "coordinates": [ [ [ -54.807358, -22.278601 ], [ -54.80733, -22.278514 ], [ -54.807423, -22.278488 ], [ -54.807451, -22.278575 ], [ -54.807479, -22.278661 ], [ -54.807386, -22.278687 ], [ -54.807358, -22.278601 ] ] ] } },
{ "type": "Feature", "properties": { "id": 5393, "insc_imob": "00.11.36.13.230", "quadra_cartorio": null, "lote_cartorio": "08", "matricula": "131350", "circunscricao": "1º CIRCUNSCRIÇÃO", "zoneamento": "AUM - ÁREA DE USO MISTO", "condominio": null, "area_geom": 200.0, "cnm": "062661.2.0131350-43" }, "geometry": { "type": "Polygon", "coordinates": [ [ [ -54.807572, -22.278635 ], [ -54.807665, -22.278609 ], [ -54.807693, -22.278696 ], [ -54.80772, -22.278782 ], [ -54.807628, -22.278808 ], [ -54.8076, -22.278722 ], [ -54.807572, -22.278635 ] ] ] } },
{ "type": "Feature", "properties": { "id": 5392, "insc_imob": "00.11.36.13.070", "quadra_cartorio": null, "lote_cartorio": "22", "matricula": "131364", "circunscricao": "1º CIRCUNSCRIÇÃO", "zoneamento": "AUM - ÁREA DE USO MISTO", "condominio": null, "area_geom": 200.0, "cnm": "062661.2.0131364-98" }, "geometry": { "type": "Polygon", "coordinates": [ [ [ -54.807451, -22.278575 ], [ -54.807423, -22.278488 ], [ -54.807516, -22.278462 ], [ -54.807544, -22.278549 ], [ -54.807572, -22.278635 ], [ -54.807479, -22.278661 ], [ -54.807451, -22.278575 ] ] ] } },
{ "type": "Feature", "properties": { "id": 5482, "insc_imob": "00.11.36.12.130", "quadra_cartorio": null, "lote_cartorio": "28", "matricula": "131050", "circunscricao": "1º CIRCUNSCRIÇÃO", "zoneamento": "AUM - ÁREA DE USO MISTO", "condominio": null, "area_geom": 200.0, "cnm": "062661.2.0131050-70" }, "geometry": { "type": "Polygon", "coordinates": [ [ [ -54.808277, -22.278249 ], [ -54.808463, -22.278197 ], [ -54.808491, -22.278283 ], [ -54.808305, -22.278335 ], [ -54.808277, -22.278249 ] ] ] } },
{ "type": "Feature", "properties": { "id": 5465, "insc_imob": "00.11.36.12.140", "quadra_cartorio": null, "lote_cartorio": "29", "matricula": "131051", "circunscricao": "1º CIRCUNSCRIÇÃO", "zoneamento": "AUM - ÁREA DE USO MISTO", "condominio": null, "area_geom": 200.0, "cnm": "062661.2.0131051-67" }, "geometry": { "type": "Polygon", "coordinates": [ [ [ -54.808305, -22.278335 ], [ -54.808491, -22.278283 ], [ -54.808519, -22.27837 ], [ -54.808333, -22.278422 ], [ -54.808305, -22.278335 ] ] ] } },
{ "type": "Feature", "properties": { "id": 5464, "insc_imob": "00.11.36.12.150", "quadra_cartorio": null, "lote_cartorio": "30", "matricula": "131052", "circunscricao": "1º CIRCUNSCRIÇÃO", "zoneamento": "AUM - ÁREA DE USO MISTO", "condominio": null, "area_geom": 200.0, "cnm": "062661.2.0131052-64" }, "geometry": { "type": "Polygon", "coordinates": [ [ [ -54.808333, -22.278422 ], [ -54.808519, -22.27837 ], [ -54.808547, -22.278456 ], [ -54.808361, -22.278508 ], [ -54.808333, -22.278422 ] ] ] } },
{ "type": "Feature", "properties": { "id": 5459, "insc_imob": "00.11.36.13.260", "quadra_cartorio": null, "lote_cartorio": "11", "matricula": "131353", "circunscricao": "1º CIRCUNSCRIÇÃO", "zoneamento": "AUM - ÁREA DE USO MISTO", "condominio": null, "area_geom": 200.0, "cnm": "062661.2.0131353-34" }, "geometry": { "type": "Polygon", "coordinates": [ [ [ -54.80785, -22.278557 ], [ -54.807943, -22.278531 ], [ -54.807971, -22.278618 ], [ -54.807999, -22.278704 ], [ -54.807906, -22.27873 ], [ -54.807878, -22.278644 ], [ -54.80785, -22.278557 ] ] ] } },
{ "type": "Feature", "properties": { "id": 5461, "insc_imob": "00.11.36.13.270", "quadra_cartorio": null, "lote_cartorio": "12", "matricula": "131354", "circunscricao": "1º CIRCUNSCRIÇÃO", "zoneamento": "AUM - ÁREA DE USO MISTO", "condominio": null, "area_geom": 200.0, "cnm": "062661.2.0131354-31" }, "geometry": { "type": "Polygon", "coordinates": [ [ [ -54.807943, -22.278531 ], [ -54.808036, -22.278505 ], [ -54.808064, -22.278592 ], [ -54.808092, -22.278678 ], [ -54.807999, -22.278704 ], [ -54.807971, -22.278618 ], [ -54.807943, -22.278531 ] ] ] } },
{ "type": "Feature", "properties": { "id": 5460, "insc_imob": "00.11.36.13.030", "quadra_cartorio": null, "lote_cartorio": "18", "matricula": "131360", "circunscricao": "1º CIRCUNSCRIÇÃO", "zoneamento": "AUM - ÁREA DE USO MISTO", "condominio": null, "area_geom": 200.0, "cnm": "062661.2.0131360-13" }, "geometry": { "type": "Polygon", "coordinates": [ [ [ -54.807794, -22.278384 ], [ -54.807887, -22.278358 ], [ -54.807915, -22.278445 ], [ -54.807943, -22.278531 ], [ -54.80785, -22.278557 ], [ -54.807822, -22.278471 ], [ -54.807794, -22.278384 ] ] ] } },
{ "type": "Feature", "properties": { "id": 5463, "insc_imob": "00.11.36.12.160", "quadra_cartorio": null, "lote_cartorio": "01", "matricula": "131023", "circunscricao": "1º CIRCUNSCRIÇÃO", "zoneamento": "AUM - ÁREA DE USO MISTO", "condominio": null, "area_geom": 200.0, "cnm": "062661.2.0131023-54" }, "geometry": { "type": "Polygon", "coordinates": [ [ [ -54.808361, -22.278508 ], [ -54.808547, -22.278456 ], [ -54.808575, -22.278543 ], [ -54.808389, -22.278595 ], [ -54.808361, -22.278508 ] ] ] } },
{ "type": "Feature", "properties": { "id": 5462, "insc_imob": "00.11.36.13.020", "quadra_cartorio": null, "lote_cartorio": "17", "matricula": "131359", "circunscricao": "1º CIRCUNSCRIÇÃO", "zoneamento": "AUM - ÁREA DE USO MISTO", "condominio": null, "area_geom": 200.0, "cnm": "062661.2.0131359-16" }, "geometry": { "type": "Polygon", "coordinates": [ [ [ -54.807887, -22.278358 ], [ -54.80798, -22.278332 ], [ -54.808008, -22.278419 ], [ -54.808036, -22.278505 ], [ -54.807943, -22.278531 ], [ -54.807915, -22.278445 ], [ -54.807887, -22.278358 ] ] ] } },
{ "type": "Feature", "properties": { "id": 5545, "insc_imob": "00.11.36.12.210", "quadra_cartorio": null, "lote_cartorio": "06", "matricula": "131028", "circunscricao": "1º CIRCUNSCRIÇÃO", "zoneamento": "AUM - ÁREA DE USO MISTO", "condominio": null, "area_geom": 200.0, "cnm": "062661.2.0131028-39" }, "geometry": { "type": "Polygon", "coordinates": [ [ [ -54.808891, -22.278266 ], [ -54.808984, -22.27824 ], [ -54.809012, -22.278326 ], [ -54.80904, -22.278412 ], [ -54.808947, -22.278439 ], [ -54.808919, -22.278352 ], [ -54.808891, -22.278266 ] ] ] } },
{ "type": "Feature", "properties": { "id": 5544, "insc_imob": "00.11.36.12.200", "quadra_cartorio": null, "lote_cartorio": "05", "matricula": "131027", "circunscricao": "1º CIRCUNSCRIÇÃO", "zoneamento": "AUM - ÁREA DE USO MISTO", "condominio": null, "area_geom": 200.0, "cnm": "062661.2.0131027-42" }, "geometry": { "type": "Polygon", "coordinates": [ [ [ -54.808798, -22.278292 ], [ -54.808891, -22.278266 ], [ -54.808919, -22.278352 ], [ -54.808947, -22.278439 ], [ -54.808854, -22.278465 ], [ -54.808826, -22.278378 ], [ -54.808798, -22.278292 ] ] ] } },
{ "type": "Feature", "properties": { "id": 5539, "insc_imob": "00.11.36.12.170", "quadra_cartorio": null, "lote_cartorio": "02", "matricula": "131024", "circunscricao": "1º CIRCUNSCRIÇÃO", "zoneamento": "AUM - ÁREA DE USO MISTO", "condominio": null, "area_geom": 200.0, "cnm": "062661.2.0131024-51" }, "geometry": { "type": "Polygon", "coordinates": [ [ [ -54.808519, -22.27837 ], [ -54.808612, -22.278344 ], [ -54.80864, -22.27843 ], [ -54.808668, -22.278517 ], [ -54.808575, -22.278543 ], [ -54.808547, -22.278456 ], [ -54.808519, -22.27837 ] ] ] } },
{ "type": "Feature", "properties": { "id": 5538, "insc_imob": "00.11.36.12.010", "quadra_cartorio": null, "lote_cartorio": "16", "matricula": "131038", "circunscricao": "1º CIRCUNSCRIÇÃO", "zoneamento": "AUM - ÁREA DE USO MISTO", "condominio": null, "area_geom": 200.0, "cnm": "062661.2.0131038-09" }, "geometry": { "type": "Polygon", "coordinates": [ [ [ -54.809485, -22.277911 ], [ -54.809671, -22.277858 ], [ -54.809699, -22.277945 ], [ -54.809513, -22.277997 ], [ -54.809485, -22.277911 ] ] ] } },
{ "type": "Feature", "properties": { "id": 5541, "insc_imob": "00.11.36.12.180", "quadra_cartorio": null, "lote_cartorio": "03", "matricula": "131025", "circunscricao": "1º CIRCUNSCRIÇÃO", "zoneamento": "AUM - ÁREA DE USO MISTO", "condominio": null, "area_geom": 200.0, "cnm": "062661.2.0131025-48" }, "geometry": { "type": "Polygon", "coordinates": [ [ [ -54.808612, -22.278344 ], [ -54.808705, -22.278318 ], [ -54.808733, -22.278404 ], [ -54.808761, -22.278491 ], [ -54.808668, -22.278517 ], [ -54.80864, -22.27843 ], [ -54.808612, -22.278344 ] ] ] } },
{ "type": "Feature", "properties": { "id": 5540, "insc_imob": "00.11.36.12.120", "quadra_cartorio": null, "lote_cartorio": "27", "matricula": "131049", "circunscricao": "1º CIRCUNSCRIÇÃO", "zoneamento": "AUM - ÁREA DE USO MISTO", "condominio": null, "area_geom": 200.0, "cnm": "062661.2.0131049-73" }, "geometry": { "type": "Polygon", "coordinates": [ [ [ -54.808463, -22.278197 ], [ -54.808556, -22.278171 ], [ -54.808584, -22.278257 ], [ -54.808612, -22.278344 ], [ -54.808519, -22.27837 ], [ -54.808491, -22.278283 ], [ -54.808463, -22.278197 ] ] ] } },
{ "type": "Feature", "properties": { "id": 5543, "insc_imob": "00.11.36.12.190", "quadra_cartorio": null, "lote_cartorio": "04", "matricula": "131026", "circunscricao": "1º CIRCUNSCRIÇÃO", "zoneamento": "AUM - ÁREA DE USO MISTO", "condominio": null, "area_geom": 200.0, "cnm": "062661.2.0131026-45" }, "geometry": { "type": "Polygon", "coordinates": [ [ [ -54.808705, -22.278318 ], [ -54.808798, -22.278292 ], [ -54.808826, -22.278378 ], [ -54.808854, -22.278465 ], [ -54.808761, -22.278491 ], [ -54.808733, -22.278404 ], [ -54.808705, -22.278318 ] ] ] } },
{ "type": "Feature", "properties": { "id": 5542, "insc_imob": "00.11.36.12.110", "quadra_cartorio": null, "lote_cartorio": "26", "matricula": "131048", "circunscricao": "1º CIRCUNSCRIÇÃO", "zoneamento": "AUM - ÁREA DE USO MISTO", "condominio": null, "area_geom": 200.0, "cnm": "062661.2.0131048-76" }, "geometry": { "type": "Polygon", "coordinates": [ [ [ -54.808584, -22.278257 ], [ -54.808556, -22.278171 ], [ -54.808649, -22.278145 ], [ -54.808677, -22.278231 ], [ -54.808705, -22.278318 ], [ -54.808612, -22.278344 ], [ -54.808584, -22.278257 ] ] ] } },
{ "type": "Feature", "properties": { "id": 5511, "insc_imob": "00.11.36.12.300", "quadra_cartorio": null, "lote_cartorio": "15", "matricula": "131037", "circunscricao": "1º CIRCUNSCRIÇÃO", "zoneamento": "AUM - ÁREA DE USO MISTO", "condominio": null, "area_geom": 200.0, "cnm": "062661.2.0131037-12" }, "geometry": { "type": "Polygon", "coordinates": [ [ [ -54.809513, -22.277997 ], [ -54.809699, -22.277945 ], [ -54.809727, -22.278031 ], [ -54.809541, -22.278083 ], [ -54.809513, -22.277997 ] ] ] } },
{ "type": "Feature", "properties": { "id": 5510, "insc_imob": "00.11.36.12.280", "quadra_cartorio": null, "lote_cartorio": "13", "matricula": "131035", "circunscricao": "1º CIRCUNSCRIÇÃO", "zoneamento": "AUM - ÁREA DE USO MISTO", "condominio": null, "area_geom": 200.0, "cnm": "062661.2.0131035-18" }, "geometry": { "type": "Polygon", "coordinates": [ [ [ -54.809569, -22.27817 ], [ -54.809755, -22.278118 ], [ -54.809783, -22.278204 ], [ -54.809597, -22.278256 ], [ -54.809569, -22.27817 ] ] ] } },
{ "type": "Feature", "properties": { "id": 5609, "insc_imob": "00.11.36.12.270", "quadra_cartorio": null, "lote_cartorio": "12", "matricula": "131034", "circunscricao": "1º CIRCUNSCRIÇÃO", "zoneamento": "AUM - ÁREA DE USO MISTO", "condominio": null, "area_geom": 200.0, "cnm": "062661.2.0131034-21" }, "geometry": { "type": "Polygon", "coordinates": [ [ [ -54.809448, -22.278109 ], [ -54.809541, -22.278083 ], [ -54.809569, -22.27817 ], [ -54.809597, -22.278256 ], [ -54.809504, -22.278282 ], [ -54.809476, -22.278196 ], [ -54.809448, -22.278109 ] ] ] } },
{ "type": "Feature", "properties": { "id": 5608, "insc_imob": "00.11.36.12.030", "quadra_cartorio": null, "lote_cartorio": "18", "matricula": "131040", "circunscricao": "1º CIRCUNSCRIÇÃO", "zoneamento": "AUM - ÁREA DE USO MISTO", "condominio": null, "area_geom": 200.0, "cnm": "062661.2.0131040-03" }, "geometry": { "type": "Polygon", "coordinates": [ [ [ -54.809327, -22.278049 ], [ -54.809299, -22.277963 ], [ -54.809392, -22.277937 ], [ -54.80942, -22.278023 ], [ -54.809448, -22.278109 ], [ -54.809355, -22.278135 ], [ -54.809327, -22.278049 ] ] ] } },
{ "type": "Feature", "properties": { "id": 5610, "insc_imob": "00.11.36.11.140", "quadra_cartorio": null, "lote_cartorio": "01", "matricula": "130790", "circunscricao": "1º CIRCUNSCRIÇÃO", "zoneamento": "AUM - ÁREA DE USO MISTO", "condominio": null, "area_geom": 200.0, "cnm": "062661.2.0130790-74" }, "geometry": { "type": "Polygon", "coordinates": [ [ [ -54.809866, -22.278087 ], [ -54.810052, -22.278035 ], [ -54.81008, -22.278121 ], [ -54.809894, -22.278173 ], [ -54.809866, -22.278087 ] ] ] } },
{ "type": "Feature", "properties": { "id": 5583, "insc_imob": "00.11.36.12.060", "quadra_cartorio": null, "lote_cartorio": "21", "matricula": "131043", "circunscricao": "1º CIRCUNSCRIÇÃO", "zoneamento": "AUM - ÁREA DE USO MISTO", "condominio": null, "area_geom": 200.0, "cnm": "062661.2.0131043-91" }, "geometry": { "type": "Polygon", "coordinates": [ [ [ -54.809049, -22.278127 ], [ -54.809021, -22.278041 ], [ -54.809113, -22.278015 ], [ -54.809141, -22.278101 ], [ -54.809169, -22.278188 ], [ -54.809076, -22.278214 ], [ -54.809049, -22.278127 ] ] ] } },
{ "type": "Feature", "properties": { "id": 5240, "insc_imob": "00.11.36.15.020", "quadra_cartorio": null, "lote_cartorio": "17", "matricula": "131734", "circunscricao": "1º CIRCUNSCRIÇÃO", "zoneamento": "AUM - ÁREA DE USO MISTO", "condominio": null, "area_geom": 200.0, "cnm": "062661.2.0131734-55" }, "geometry": { "type": "Polygon", "coordinates": [ [ [ -54.805751, -22.278957 ], [ -54.805844, -22.278931 ], [ -54.805872, -22.279017 ], [ -54.8059, -22.279104 ], [ -54.805807, -22.27913 ], [ -54.805779, -22.279043 ], [ -54.805751, -22.278957 ] ] ] } },
{ "type": "Feature", "properties": { "id": 5187, "insc_imob": "00.11.36.15.040", "quadra_cartorio": null, "lote_cartorio": "19", "matricula": "131736", "circunscricao": "1º CIRCUNSCRIÇÃO", "zoneamento": "AUM - ÁREA DE USO MISTO", "condominio": null, "area_geom": 200.0, "cnm": "062661.2.0131736-49" }, "geometry": { "type": "Polygon", "coordinates": [ [ [ -54.805565, -22.279009 ], [ -54.805658, -22.278983 ], [ -54.805686, -22.279069 ], [ -54.805714, -22.279156 ], [ -54.805621, -22.279182 ], [ -54.805593, -22.279095 ], [ -54.805565, -22.279009 ] ] ] } },
{ "type": "Feature", "properties": { "id": 5186, "insc_imob": "00.11.36.15.250", "quadra_cartorio": null, "lote_cartorio": "10", "matricula": "131727", "circunscricao": "1º CIRCUNSCRIÇÃO", "zoneamento": "AUM - ÁREA DE USO MISTO", "condominio": null, "area_geom": 200.0, "cnm": "062661.2.0131727-76" }, "geometry": { "type": "Polygon", "coordinates": [ [ [ -54.805621, -22.279182 ], [ -54.805714, -22.279156 ], [ -54.805742, -22.279242 ], [ -54.80577, -22.279329 ], [ -54.805677, -22.279355 ], [ -54.805649, -22.279268 ], [ -54.805621, -22.279182 ] ] ] } },
{ "type": "Feature", "properties": { "id": 5260, "insc_imob": "00.11.36.13.140", "quadra_cartorio": null, "lote_cartorio": "29", "matricula": "131371", "circunscricao": "1º CIRCUNSCRIÇÃO", "zoneamento": "AUM - ÁREA DE USO MISTO", "condominio": null, "area_geom": 200.0, "cnm": "062661.2.0131371-77" }, "geometry": { "type": "Polygon", "coordinates": [ [ [ -54.806801, -22.278757 ], [ -54.806986, -22.278705 ], [ -54.807014, -22.278791 ], [ -54.806829, -22.278843 ], [ -54.806801, -22.278757 ] ] ] } },
{ "type": "Feature", "properties": { "id": 5320, "insc_imob": "00.11.36.13.110", "quadra_cartorio": null, "lote_cartorio": "26", "matricula": "131368", "circunscricao": "1º CIRCUNSCRIÇÃO", "zoneamento": "AUM - ÁREA DE USO MISTO", "condominio": null, "area_geom": 200.0, "cnm": "062661.2.0131368-86" }, "geometry": { "type": "Polygon", "coordinates": [ [ [ -54.807079, -22.278679 ], [ -54.807051, -22.278592 ], [ -54.807144, -22.278566 ], [ -54.807172, -22.278653 ], [ -54.8072, -22.278739 ], [ -54.807107, -22.278765 ], [ -54.807079, -22.278679 ] ] ] } },
{ "type": "Feature", "properties": { "id": 5315, "insc_imob": "00.11.36.13.280", "quadra_cartorio": null, "lote_cartorio": "13", "matricula": "131355", "circunscricao": "1º CIRCUNSCRIÇÃO", "zoneamento": "AUM - ÁREA DE USO MISTO", "condominio": null, "area_geom": 200.0, "cnm": "062661.2.0131355-28" }, "geometry": { "type": "Polygon", "coordinates": [ [ [ -54.808064, -22.278592 ], [ -54.80825, -22.278539 ], [ -54.808278, -22.278626 ], [ -54.808092, -22.278678 ], [ -54.808064, -22.278592 ] ] ] } },
{ "type": "Feature", "properties": { "id": 5314, "insc_imob": "00.11.36.13.130", "quadra_cartorio": null, "lote_cartorio": "28", "matricula": "131370", "circunscricao": "1º CIRCUNSCRIÇÃO", "zoneamento": "AUM - ÁREA DE USO MISTO", "condominio": null, "area_geom": 200.0, "cnm": "062661.2.0131370-80" }, "geometry": { "type": "Polygon", "coordinates": [ [ [ -54.806773, -22.278671 ], [ -54.806958, -22.278618 ], [ -54.806986, -22.278705 ], [ -54.806801, -22.278757 ], [ -54.806773, -22.278671 ] ] ] } },
{ "type": "Feature", "properties": { "id": 5317, "insc_imob": "00.11.36.13.300", "quadra_cartorio": null, "lote_cartorio": "15", "matricula": "131357", "circunscricao": "1º CIRCUNSCRIÇÃO", "zoneamento": "AUM - ÁREA DE USO MISTO", "condominio": null, "area_geom": 200.0, "cnm": "062661.2.0131357-22" }, "geometry": { "type": "Polygon", "coordinates": [ [ [ -54.808008, -22.278419 ], [ -54.808194, -22.278367 ], [ -54.808222, -22.278453 ], [ -54.808036, -22.278505 ], [ -54.808008, -22.278419 ] ] ] } },
{ "type": "Feature", "properties": { "id": 5316, "insc_imob": "00.11.36.13.290", "quadra_cartorio": null, "lote_cartorio": "14", "matricula": "131356", "circunscricao": "1º CIRCUNSCRIÇÃO", "zoneamento": "AUM - ÁREA DE USO MISTO", "condominio": null, "area_geom": 200.0, "cnm": "062661.2.0131356-25" }, "geometry": { "type": "Polygon", "coordinates": [ [ [ -54.808036, -22.278505 ], [ -54.808222, -22.278453 ], [ -54.80825, -22.278539 ], [ -54.808064, -22.278592 ], [ -54.808036, -22.278505 ] ] ] } },
{ "type": "Feature", "properties": { "id": 5319, "insc_imob": "00.11.36.13.180", "quadra_cartorio": null, "lote_cartorio": "03", "matricula": "131345", "circunscricao": "1º CIRCUNSCRIÇÃO", "zoneamento": "AUM - ÁREA DE USO MISTO", "condominio": null, "area_geom": 200.0, "cnm": "062661.2.0131345-58" }, "geometry": { "type": "Polygon", "coordinates": [ [ [ -54.807107, -22.278765 ], [ -54.8072, -22.278739 ], [ -54.807228, -22.278826 ], [ -54.807256, -22.278912 ], [ -54.807163, -22.278938 ], [ -54.807135, -22.278852 ], [ -54.807107, -22.278765 ] ] ] } },
{ "type": "Feature", "properties": { "id": 5318, "insc_imob": "00.11.36.13.170", "quadra_cartorio": null, "lote_cartorio": "02", "matricula": "131344", "circunscricao": "1º CIRCUNSCRIÇÃO", "zoneamento": "AUM - ÁREA DE USO MISTO", "condominio": null, "area_geom": 200.0, "cnm": "062661.2.0131344-61" }, "geometry": { "type": "Polygon", "coordinates": [ [ [ -54.807014, -22.278791 ], [ -54.807107, -22.278765 ], [ -54.807135, -22.278852 ], [ -54.807163, -22.278938 ], [ -54.80707, -22.278964 ], [ -54.807042, -22.278878 ], [ -54.807014, -22.278791 ] ] ] } },
{ "type": "Feature", "properties": { "id": 5331, "insc_imob": "00.11.36.13.100", "quadra_cartorio": null, "lote_cartorio": "25", "matricula": "131367", "circunscricao": "1º CIRCUNSCRIÇÃO", "zoneamento": "AUM - ÁREA DE USO MISTO", "condominio": null, "area_geom": 200.0, "cnm": "062661.2.0131367-89" }, "geometry": { "type": "Polygon", "coordinates": [ [ [ -54.807172, -22.278653 ], [ -54.807144, -22.278566 ], [ -54.807237, -22.27854 ], [ -54.807265, -22.278627 ], [ -54.807293, -22.278713 ], [ -54.8072, -22.278739 ], [ -54.807172, -22.278653 ] ] ] } },
{ "type": "Feature", "properties": { "id": 5933, "insc_imob": "00.11.36.19.200", "quadra_cartorio": null, "lote_cartorio": "05", "matricula": "131317", "circunscricao": "1º CIRCUNSCRIÇÃO", "zoneamento": "AUM - ÁREA DE USO MISTO", "condominio": null, "area_geom": 200.0, "cnm": "062661.2.0131317-45" }, "geometry": { "type": "Polygon", "coordinates": [ [ [ -54.807148, -22.278264 ], [ -54.80724, -22.278238 ], [ -54.807268, -22.278324 ], [ -54.807296, -22.278411 ], [ -54.807203, -22.278437 ], [ -54.807176, -22.27835 ], [ -54.807148, -22.278264 ] ] ] } },
{ "type": "Feature", "properties": { "id": 5935, "insc_imob": "00.11.36.19.080", "quadra_cartorio": null, "lote_cartorio": "23", "matricula": "131335", "circunscricao": "1º CIRCUNSCRIÇÃO", "zoneamento": "AUM - ÁREA DE USO MISTO", "condominio": null, "area_geom": 200.0, "cnm": "062661.2.0131335-88" }, "geometry": { "type": "Polygon", "coordinates": [ [ [ -54.807212, -22.278151 ], [ -54.807185, -22.278065 ], [ -54.807277, -22.278039 ], [ -54.807305, -22.278125 ], [ -54.807333, -22.278212 ], [ -54.80724, -22.278238 ], [ -54.807212, -22.278151 ] ] ] } },
{ "type": "Feature", "properties": { "id": 5934, "insc_imob": "00.11.36.19.090", "quadra_cartorio": null, "lote_cartorio": "24", "matricula": "131336", "circunscricao": "1º CIRCUNSCRIÇÃO", "zoneamento": "AUM - ÁREA DE USO MISTO", "condominio": null, "area_geom": 200.0, "cnm": "062661.2.0131336-85" }, "geometry": { "type": "Polygon", "coordinates": [ [ [ -54.807092, -22.278091 ], [ -54.807185, -22.278065 ], [ -54.807212, -22.278151 ], [ -54.80724, -22.278238 ], [ -54.807148, -22.278264 ], [ -54.80712, -22.278177 ], [ -54.807092, -22.278091 ] ] ] } },
{ "type": "Feature", "properties": { "id": 5936, "insc_imob": "00.11.36.19.220", "quadra_cartorio": null, "lote_cartorio": "07", "matricula": "131319", "circunscricao": "1º CIRCUNSCRIÇÃO", "zoneamento": "AUM - ÁREA DE USO MISTO", "condominio": null, "area_geom": 200.0, "cnm": "062661.2.0131319-39" }, "geometry": { "type": "Polygon", "coordinates": [ [ [ -54.807333, -22.278212 ], [ -54.807426, -22.278186 ], [ -54.807454, -22.278272 ], [ -54.807482, -22.278359 ], [ -54.807389, -22.278385 ], [ -54.807361, -22.278298 ], [ -54.807333, -22.278212 ] ] ] } },
{ "type": "Feature", "properties": { "id": 5913, "insc_imob": "00.11.36.19.110", "quadra_cartorio": null, "lote_cartorio": "26", "matricula": "131338", "circunscricao": "1º CIRCUNSCRIÇÃO", "zoneamento": "AUM - ÁREA DE USO MISTO", "condominio": null, "area_geom": 200.0, "cnm": "062661.2.0131338-79" }, "geometry": { "type": "Polygon", "coordinates": [ [ [ -54.806934, -22.278229 ], [ -54.806906, -22.278143 ], [ -54.806999, -22.278117 ], [ -54.807027, -22.278203 ], [ -54.807055, -22.27829 ], [ -54.806962, -22.278316 ], [ -54.806934, -22.278229 ] ] ] } },
{ "type": "Feature", "properties": { "id": 5912, "insc_imob": "00.11.36.19.180", "quadra_cartorio": null, "lote_cartorio": "03", "matricula": "131315", "circunscricao": "1º CIRCUNSCRIÇÃO", "zoneamento": "AUM - ÁREA DE USO MISTO", "condominio": null, "area_geom": 200.0, "cnm": "062661.2.0131315-51" }, "geometry": { "type": "Polygon", "coordinates": [ [ [ -54.806962, -22.278316 ], [ -54.807055, -22.27829 ], [ -54.807083, -22.278376 ], [ -54.807111, -22.278463 ], [ -54.807018, -22.278489 ], [ -54.80699, -22.278402 ], [ -54.806962, -22.278316 ] ] ] } },
{ "type": "Feature", "properties": { "id": 5915, "insc_imob": "00.11.36.19.100", "quadra_cartorio": null, "lote_cartorio": "25", "matricula": "131337", "circunscricao": "1º CIRCUNSCRIÇÃO", "zoneamento": "AUM - ÁREA DE USO MISTO", "condominio": null, "area_geom": 200.0, "cnm": "062661.2.0131337-82" }, "geometry": { "type": "Polygon", "coordinates": [ [ [ -54.807027, -22.278203 ], [ -54.806999, -22.278117 ], [ -54.807092, -22.278091 ], [ -54.80712, -22.278177 ], [ -54.807148, -22.278264 ], [ -54.807055, -22.27829 ], [ -54.807027, -22.278203 ] ] ] } },
{ "type": "Feature", "properties": { "id": 5914, "insc_imob": "00.11.36.19.190", "quadra_cartorio": null, "lote_cartorio": "04", "matricula": "131316", "circunscricao": "1º CIRCUNSCRIÇÃO", "zoneamento": "AUM - ÁREA DE USO MISTO", "condominio": null, "area_geom": 200.0, "cnm": "062661.2.0131316-48" }, "geometry": { "type": "Polygon", "coordinates": [ [ [ -54.807055, -22.27829 ], [ -54.807148, -22.278264 ], [ -54.807176, -22.27835 ], [ -54.807203, -22.278437 ], [ -54.807111, -22.278463 ], [ -54.807083, -22.278376 ], [ -54.807055, -22.27829 ] ] ] } },
{ "type": "Feature", "properties": { "id": 5911, "insc_imob": "00.11.36.19.120", "quadra_cartorio": null, "lote_cartorio": "27", "matricula": "131339", "circunscricao": "1º CIRCUNSCRIÇÃO", "zoneamento": "AUM - ÁREA DE USO MISTO", "condominio": null, "area_geom": 200.0, "cnm": "062661.2.0131339-76" }, "geometry": { "type": "Polygon", "coordinates": [ [ [ -54.806841, -22.278255 ], [ -54.806813, -22.278169 ], [ -54.806906, -22.278143 ], [ -54.806934, -22.278229 ], [ -54.806962, -22.278316 ], [ -54.806869, -22.278342 ], [ -54.806841, -22.278255 ] ] ] } },
{ "type": "Feature", "properties": { "id": 5910, "insc_imob": "00.11.36.19.170", "quadra_cartorio": null, "lote_cartorio": "02", "matricula": "131314", "circunscricao": "1º CIRCUNSCRIÇÃO", "zoneamento": "AUM - ÁREA DE USO MISTO", "condominio": null, "area_geom": 200.0, "cnm": "062661.2.0131314-54" }, "geometry": { "type": "Polygon", "coordinates": [ [ [ -54.806869, -22.278342 ], [ -54.806962, -22.278316 ], [ -54.80699, -22.278402 ], [ -54.807018, -22.278489 ], [ -54.806925, -22.278515 ], [ -54.806897, -22.278428 ], [ -54.806869, -22.278342 ] ] ] } },
{ "type": "Feature", "properties": { "id": 5985, "insc_imob": "00.11.36.20.160", "quadra_cartorio": null, "lote_cartorio": "01", "matricula": "131688", "circunscricao": "1º CIRCUNSCRIÇÃO", "zoneamento": "AUM - ÁREA DE USO MISTO", "condominio": null, "area_geom": 200.0, "cnm": "062661.2.0131688-96" }, "geometry": { "type": "Polygon", "coordinates": [ [ [ -54.80476, -22.279027 ], [ -54.804788, -22.279113 ], [ -54.804603, -22.279165 ], [ -54.804575, -22.279079 ], [ -54.80476, -22.279027 ] ] ] } },
{ "type": "Feature", "properties": { "id": 5984, "insc_imob": "00.11.36.19.020", "quadra_cartorio": null, "lote_cartorio": "17", "matricula": "131329", "circunscricao": "1º CIRCUNSCRIÇÃO", "zoneamento": "AUM - ÁREA DE USO MISTO", "condominio": null, "area_geom": 200.0, "cnm": "062661.2.0131329-09" }, "geometry": { "type": "Polygon", "coordinates": [ [ [ -54.807742, -22.277909 ], [ -54.807835, -22.277883 ], [ -54.807863, -22.277969 ], [ -54.807891, -22.278056 ], [ -54.807798, -22.278082 ], [ -54.80777, -22.277995 ], [ -54.807742, -22.277909 ] ] ] } },
{ "type": "Feature", "properties": { "id": 5986, "insc_imob": "00.11.36.20.140", "quadra_cartorio": null, "lote_cartorio": "29", "matricula": "131716", "circunscricao": "1º CIRCUNSCRIÇÃO", "zoneamento": "AUM - ÁREA DE USO MISTO", "condominio": null, "area_geom": 200.0, "cnm": "062661.2.0131716-12" }, "geometry": { "type": "Polygon", "coordinates": [ [ [ -54.804519, -22.278906 ], [ -54.804704, -22.278854 ], [ -54.804732, -22.27894 ], [ -54.804547, -22.278992 ], [ -54.804519, -22.278906 ] ] ] } },
{ "type": "Feature", "properties": { "id": 6009, "insc_imob": "00.11.36.20.280", "quadra_cartorio": null, "lote_cartorio": "13", "matricula": "131700", "circunscricao": "1º CIRCUNSCRIÇÃO", "zoneamento": "AUM - ÁREA DE USO MISTO", "condominio": null, "area_geom": 200.0, "cnm": "062661.2.0131700-60" }, "geometry": { "type": "Polygon", "coordinates": [ [ [ -54.805782, -22.278741 ], [ -54.805968, -22.278689 ], [ -54.805996, -22.278775 ], [ -54.80581, -22.278827 ], [ -54.805782, -22.278741 ] ] ] } },
{ "type": "Feature", "properties": { "id": 6008, "insc_imob": "00.11.36.20.130", "quadra_cartorio": null, "lote_cartorio": "28", "matricula": "131715", "circunscricao": "1º CIRCUNSCRIÇÃO", "zoneamento": "AUM - ÁREA DE USO MISTO", "condominio": null, "area_geom": 200.0, "cnm": "062661.2.0131715-15" }, "geometry": { "type": "Polygon", "coordinates": [ [ [ -54.804491, -22.27882 ], [ -54.804676, -22.278768 ], [ -54.804704, -22.278854 ], [ -54.804519, -22.278906 ], [ -54.804491, -22.27882 ] ] ] } },
{ "type": "Feature", "properties": { "id": 6011, "insc_imob": "00.11.36.21.280", "quadra_cartorio": null, "lote_cartorio": "15", "matricula": "131870", "circunscricao": "1º CIRCUNSCRIÇÃO", "zoneamento": "AUM - ÁREA DE USO MISTO", "condominio": null, "area_geom": 200.0, "cnm": "062661.2.0131870-35" }, "geometry": { "type": "Polygon", "coordinates": [ [ [ -54.804221, -22.278989 ], [ -54.804407, -22.278937 ], [ -54.804435, -22.279024 ], [ -54.804249, -22.279076 ], [ -54.804221, -22.278989 ] ] ] } },
{ "type": "Feature", "properties": { "id": 6010, "insc_imob": "00.11.36.21.270", "quadra_cartorio": null, "lote_cartorio": "14", "matricula": "131869", "circunscricao": "1º CIRCUNSCRIÇÃO", "zoneamento": "AUM - ÁREA DE USO MISTO", "condominio": null, "area_geom": 200.0, "cnm": "062661.2.0131869-38" }, "geometry": { "type": "Polygon", "coordinates": [ [ [ -54.804249, -22.279076 ], [ -54.804435, -22.279024 ], [ -54.804463, -22.27911 ], [ -54.804277, -22.279162 ], [ -54.804249, -22.279076 ] ] ] } },
{ "type": "Feature", "properties": { "id": 6013, "insc_imob": "00.11.36.21.020", "quadra_cartorio": null, "lote_cartorio": "17", "matricula": "131872", "circunscricao": "1º CIRCUNSCRIÇÃO", "zoneamento": "AUM - ÁREA DE USO MISTO", "condominio": null, "area_geom": 200.0, "cnm": "062661.2.0131872-29" }, "geometry": { "type": "Polygon", "coordinates": [ [ [ -54.804101, -22.278929 ], [ -54.804193, -22.278903 ], [ -54.804221, -22.278989 ], [ -54.804249, -22.279076 ], [ -54.804156, -22.279102 ], [ -54.804101, -22.278929 ] ] ] } },
{ "type": "Feature", "properties": { "id": 6012, "insc_imob": "00.11.36.21.010", "quadra_cartorio": null, "lote_cartorio": "16", "matricula": "131871", "circunscricao": "1º CIRCUNSCRIÇÃO", "zoneamento": "AUM - ÁREA DE USO MISTO", "condominio": null, "area_geom": 200.0, "cnm": "062661.2.0131871-32" }, "geometry": { "type": "Polygon", "coordinates": [ [ [ -54.804193, -22.278903 ], [ -54.804379, -22.278851 ], [ -54.804407, -22.278937 ], [ -54.804221, -22.278989 ], [ -54.804193, -22.278903 ] ] ] } },
{ "type": "Feature", "properties": { "id": 6015, "insc_imob": "00.11.36.21.230", "quadra_cartorio": null, "lote_cartorio": "10", "matricula": "131865", "circunscricao": "1º CIRCUNSCRIÇÃO", "zoneamento": "AUM - ÁREA DE USO MISTO", "condominio": null, "area_geom": 200.0, "cnm": "062661.2.0131865-50" }, "geometry": { "type": "Polygon", "coordinates": [ [ [ -54.803971, -22.279154 ], [ -54.804064, -22.279128 ], [ -54.804119, -22.279301 ], [ -54.804027, -22.279327 ], [ -54.803971, -22.279154 ] ] ] } },
{ "type": "Feature", "properties": { "id": 6014, "insc_imob": "00.11.36.21.240", "quadra_cartorio": null, "lote_cartorio": "11", "matricula": "131866", "circunscricao": "1º CIRCUNSCRIÇÃO", "zoneamento": "AUM - ÁREA DE USO MISTO", "condominio": null, "area_geom": 200.0, "cnm": "062661.2.0131866-47" }, "geometry": { "type": "Polygon", "coordinates": [ [ [ -54.804064, -22.279128 ], [ -54.804156, -22.279102 ], [ -54.804212, -22.279275 ], [ -54.804119, -22.279301 ], [ -54.804064, -22.279128 ] ] ] } },
{ "type": "Feature", "properties": { "id": 5961, "insc_imob": "00.11.36.19.040", "quadra_cartorio": null, "lote_cartorio": "19", "matricula": "131331", "circunscricao": "1º CIRCUNSCRIÇÃO", "zoneamento": "AUM - ÁREA DE USO MISTO", "condominio": null, "area_geom": 200.0, "cnm": "062661.2.0131331-03" }, "geometry": { "type": "Polygon", "coordinates": [ [ [ -54.807584, -22.278047 ], [ -54.807556, -22.277961 ], [ -54.807649, -22.277935 ], [ -54.807677, -22.278021 ], [ -54.807705, -22.278108 ], [ -54.807612, -22.278134 ], [ -54.807584, -22.278047 ] ] ] } },
{ "type": "Feature", "properties": { "id": 5960, "insc_imob": "00.11.36.19.050", "quadra_cartorio": null, "lote_cartorio": "20", "matricula": "131332", "circunscricao": "1º CIRCUNSCRIÇÃO", "zoneamento": "AUM - ÁREA DE USO MISTO", "condominio": null, "area_geom": 200.0, "cnm": "062661.2.0131332-97" }, "geometry": { "type": "Polygon", "coordinates": [ [ [ -54.807491, -22.278073 ], [ -54.807463, -22.277987 ], [ -54.807556, -22.277961 ], [ -54.807584, -22.278047 ], [ -54.807612, -22.278134 ], [ -54.807519, -22.27816 ], [ -54.807491, -22.278073 ] ] ] } },
{ "type": "Feature", "properties": { "id": 5962, "insc_imob": "00.11.36.19.260", "quadra_cartorio": null, "lote_cartorio": "11", "matricula": "131323", "circunscricao": "1º CIRCUNSCRIÇÃO", "zoneamento": "AUM - ÁREA DE USO MISTO", "condominio": null, "area_geom": 200.0, "cnm": "062661.2.0131323-27" }, "geometry": { "type": "Polygon", "coordinates": [ [ [ -54.807705, -22.278108 ], [ -54.807798, -22.278082 ], [ -54.807826, -22.278168 ], [ -54.807854, -22.278254 ], [ -54.807761, -22.27828 ], [ -54.807733, -22.278194 ], [ -54.807705, -22.278108 ] ] ] } },
{ "type": "Feature", "properties": { "id": 5959, "insc_imob": "00.11.36.19.240", "quadra_cartorio": null, "lote_cartorio": "09", "matricula": "131321", "circunscricao": "1º CIRCUNSCRIÇÃO", "zoneamento": "AUM - ÁREA DE USO MISTO", "condominio": null, "area_geom": 200.0, "cnm": "062661.2.0131321-33" }, "geometry": { "type": "Polygon", "coordinates": [ [ [ -54.807519, -22.27816 ], [ -54.807612, -22.278134 ], [ -54.80764, -22.27822 ], [ -54.807668, -22.278307 ], [ -54.807575, -22.278333 ], [ -54.807547, -22.278246 ], [ -54.807519, -22.27816 ] ] ] } },
{ "type": "Feature", "properties": { "id": 5958, "insc_imob": "00.11.36.19.060", "quadra_cartorio": null, "lote_cartorio": "21", "matricula": "131333", "circunscricao": "1º CIRCUNSCRIÇÃO", "zoneamento": "AUM - ÁREA DE USO MISTO", "condominio": null, "area_geom": 200.0, "cnm": "062661.2.0131333-94" }, "geometry": { "type": "Polygon", "coordinates": [ [ [ -54.80737, -22.278013 ], [ -54.807463, -22.277987 ], [ -54.807491, -22.278073 ], [ -54.807519, -22.27816 ], [ -54.807426, -22.278186 ], [ -54.807398, -22.278099 ], [ -54.80737, -22.278013 ] ] ] } },
{ "type": "Feature", "properties": { "id": 5983, "insc_imob": "00.11.36.19.270", "quadra_cartorio": null, "lote_cartorio": "12", "matricula": "131324", "circunscricao": "1º CIRCUNSCRIÇÃO", "zoneamento": "AUM - ÁREA DE USO MISTO", "condominio": null, "area_geom": 200.0, "cnm": "062661.2.0131324-24" }, "geometry": { "type": "Polygon", "coordinates": [ [ [ -54.807798, -22.278082 ], [ -54.807891, -22.278056 ], [ -54.807919, -22.278142 ], [ -54.807947, -22.278228 ], [ -54.807854, -22.278254 ], [ -54.807826, -22.278168 ], [ -54.807798, -22.278082 ] ] ] } },
{ "type": "Feature", "properties": { "id": 5982, "insc_imob": "00.11.36.19.030", "quadra_cartorio": null, "lote_cartorio": "18", "matricula": "131330", "circunscricao": "1º CIRCUNSCRIÇÃO", "zoneamento": "AUM - ÁREA DE USO MISTO", "condominio": null, "area_geom": 200.0, "cnm": "062661.2.0131330-06" }, "geometry": { "type": "Polygon", "coordinates": [ [ [ -54.807677, -22.278021 ], [ -54.807649, -22.277935 ], [ -54.807742, -22.277909 ], [ -54.80777, -22.277995 ], [ -54.807798, -22.278082 ], [ -54.807705, -22.278108 ], [ -54.807677, -22.278021 ] ] ] } },
{ "type": "Feature", "properties": { "id": 6051, "insc_imob": "00.11.36.21.070", "quadra_cartorio": null, "lote_cartorio": "22", "matricula": "131877", "circunscricao": "1º CIRCUNSCRIÇÃO", "zoneamento": "AUM - ÁREA DE USO MISTO", "condominio": null, "area_geom": 200.0, "cnm": "062661.2.0131877-14" }, "geometry": { "type": "Polygon", "coordinates": [ [ [ -54.803636, -22.279059 ], [ -54.803729, -22.279033 ], [ -54.803785, -22.279206 ], [ -54.803692, -22.279232 ], [ -54.803636, -22.279059 ] ] ] } },
{ "type": "Feature", "properties": { "id": 6050, "insc_imob": "00.11.36.21.060", "quadra_cartorio": null, "lote_cartorio": "21", "matricula": "131876", "circunscricao": "1º CIRCUNSCRIÇÃO", "zoneamento": "AUM - ÁREA DE USO MISTO", "condominio": null, "area_geom": 200.0, "cnm": "062661.2.0131876-17" }, "geometry": { "type": "Polygon", "coordinates": [ [ [ -54.803729, -22.279033 ], [ -54.803822, -22.279007 ], [ -54.80385, -22.279093 ], [ -54.803878, -22.27918 ], [ -54.803785, -22.279206 ], [ -54.803729, -22.279033 ] ] ] } },
{ "type": "Feature", "properties": { "id": 6052, "insc_imob": "00.11.36.21.080", "quadra_cartorio": null, "lote_cartorio": "23", "matricula": "131878", "circunscricao": "1º CIRCUNSCRIÇÃO", "zoneamento": "AUM - ÁREA DE USO MISTO", "condominio": null, "area_geom": 200.0, "cnm": "062661.2.0131878-11" }, "geometry": { "type": "Polygon", "coordinates": [ [ [ -54.803543, -22.279085 ], [ -54.803636, -22.279059 ], [ -54.803692, -22.279232 ], [ -54.803599, -22.279258 ], [ -54.803543, -22.279085 ] ] ] } },
{ "type": "Feature", "properties": { "id": 6077, "insc_imob": "00.11.36.21.090", "quadra_cartorio": null, "lote_cartorio": "24", "matricula": "131879", "circunscricao": "1º CIRCUNSCRIÇÃO", "zoneamento": "AUM - ÁREA DE USO MISTO", "condominio": null, "area_geom": 200.0, "cnm": "062661.2.0131879-08" }, "geometry": { "type": "Polygon", "coordinates": [ [ [ -54.80345, -22.279111 ], [ -54.803543, -22.279085 ], [ -54.803599, -22.279258 ], [ -54.803506, -22.279284 ], [ -54.80345, -22.279111 ] ] ] } },
{ "type": "Feature", "properties": { "id": 6079, "insc_imob": "00.11.36.21.110", "quadra_cartorio": null, "lote_cartorio": "26", "matricula": "131881", "circunscricao": "1º CIRCUNSCRIÇÃO", "zoneamento": "ZEIA - ZONA ESPECIAL DE INTERESSE AMBIENTAL", "condominio": null, "area_geom": 200.0, "cnm": "062661.2.0131881-02" }, "geometry": { "type": "Polygon", "coordinates": [ [ [ -54.803265, -22.279163 ], [ -54.803357, -22.279137 ], [ -54.803413, -22.27931 ], [ -54.80332, -22.279336 ], [ -54.803265, -22.279163 ] ] ] } },
{ "type": "Feature", "properties": { "id": 6078, "insc_imob": "00.11.36.21.100", "quadra_cartorio": null, "lote_cartorio": "25", "matricula": "131880", "circunscricao": "1º CIRCUNSCRIÇÃO", "zoneamento": "ZEIA - ZONA ESPECIAL DE INTERESSE AMBIENTAL", "condominio": null, "area_geom": 200.0, "cnm": "062661.2.0131880-05" }, "geometry": { "type": "Polygon", "coordinates": [ [ [ -54.803357, -22.279137 ], [ -54.80345, -22.279111 ], [ -54.803506, -22.279284 ], [ -54.803413, -22.27931 ], [ -54.803357, -22.279137 ] ] ] } },
{ "type": "Feature", "properties": { "id": 6031, "insc_imob": "00.11.36.21.220", "quadra_cartorio": null, "lote_cartorio": "09", "matricula": "131864", "circunscricao": "1º CIRCUNSCRIÇÃO", "zoneamento": "AUM - ÁREA DE USO MISTO", "condominio": null, "area_geom": 200.0, "cnm": "062661.2.0131864-53" }, "geometry": { "type": "Polygon", "coordinates": [ [ [ -54.803878, -22.27918 ], [ -54.803971, -22.279154 ], [ -54.804027, -22.279327 ], [ -54.803934, -22.279353 ], [ -54.803906, -22.279266 ], [ -54.803878, -22.27918 ] ] ] } },
{ "type": "Feature", "properties": { "id": 6041, "insc_imob": "00.11.36.21.050", "quadra_cartorio": null, "lote_cartorio": "20", "matricula": "131875", "circunscricao": "1º CIRCUNSCRIÇÃO", "zoneamento": "AUM - ÁREA DE USO MISTO", "condominio": null, "area_geom": 200.0, "cnm": "062661.2.0131875-20" }, "geometry": { "type": "Polygon", "coordinates": [ [ [ -54.80385, -22.279093 ], [ -54.803822, -22.279007 ], [ -54.803915, -22.278981 ], [ -54.803971, -22.279154 ], [ -54.803878, -22.27918 ], [ -54.80385, -22.279093 ] ] ] } },
{ "type": "Feature", "properties": { "id": 6040, "insc_imob": "00.11.36.21.040", "quadra_cartorio": null, "lote_cartorio": "19", "matricula": "131874", "circunscricao": "1º CIRCUNSCRIÇÃO", "zoneamento": "AUM - ÁREA DE USO MISTO", "condominio": null, "area_geom": 200.0, "cnm": "062661.2.0131874-23" }, "geometry": { "type": "Polygon", "coordinates": [ [ [ -54.803915, -22.278981 ], [ -54.804008, -22.278955 ], [ -54.804064, -22.279128 ], [ -54.803971, -22.279154 ], [ -54.803915, -22.278981 ] ] ] } },
{ "type": "Feature", "properties": { "id": 6033, "insc_imob": "00.11.36.21.200", "quadra_cartorio": null, "lote_cartorio": "07", "matricula": "131862", "circunscricao": "1º CIRCUNSCRIÇÃO", "zoneamento": "AUM - ÁREA DE USO MISTO", "condominio": null, "area_geom": 200.0, "cnm": "062661.2.0131862-59" }, "geometry": { "type": "Polygon", "coordinates": [ [ [ -54.803692, -22.279232 ], [ -54.803785, -22.279206 ], [ -54.803841, -22.279379 ], [ -54.803748, -22.279405 ], [ -54.803692, -22.279232 ] ] ] } },
{ "type": "Feature", "properties": { "id": 6032, "insc_imob": "00.11.36.21.210", "quadra_cartorio": null, "lote_cartorio": "08", "matricula": "131863", "circunscricao": "1º CIRCUNSCRIÇÃO", "zoneamento": "AUM - ÁREA DE USO MISTO", "condominio": null, "area_geom": 200.0, "cnm": "062661.2.0131863-56" }, "geometry": { "type": "Polygon", "coordinates": [ [ [ -54.803785, -22.279206 ], [ -54.803878, -22.27918 ], [ -54.803906, -22.279266 ], [ -54.803934, -22.279353 ], [ -54.803841, -22.279379 ], [ -54.803785, -22.279206 ] ] ] } },
{ "type": "Feature", "properties": { "id": 6035, "insc_imob": "00.11.36.21.180", "quadra_cartorio": null, "lote_cartorio": "05", "matricula": "131860", "circunscricao": "1º CIRCUNSCRIÇÃO", "zoneamento": "AUM - ÁREA DE USO MISTO", "condominio": null, "area_geom": 200.0, "cnm": "062661.2.0131860-65" }, "geometry": { "type": "Polygon", "coordinates": [ [ [ -54.803506, -22.279284 ], [ -54.803599, -22.279258 ], [ -54.803655, -22.279431 ], [ -54.803562, -22.279457 ], [ -54.803506, -22.279284 ] ] ] } },
{ "type": "Feature", "properties": { "id": 6034, "insc_imob": "00.11.36.21.190", "quadra_cartorio": null, "lote_cartorio": "06", "matricula": "131861", "circunscricao": "1º CIRCUNSCRIÇÃO", "zoneamento": "AUM - ÁREA DE USO MISTO", "condominio": null, "area_geom": 200.0, "cnm": "062661.2.0131861-62" }, "geometry": { "type": "Polygon", "coordinates": [ [ [ -54.803599, -22.279258 ], [ -54.803692, -22.279232 ], [ -54.803748, -22.279405 ], [ -54.803655, -22.279431 ], [ -54.803599, -22.279258 ] ] ] } },
{ "type": "Feature", "properties": { "id": 6037, "insc_imob": "00.11.36.21.160", "quadra_cartorio": null, "lote_cartorio": "03", "matricula": "131858", "circunscricao": "1º CIRCUNSCRIÇÃO", "zoneamento": "ZEIA - ZONA ESPECIAL DE INTERESSE AMBIENTAL", "condominio": null, "area_geom": 200.0, "cnm": "062661.2.0131858-71" }, "geometry": { "type": "Polygon", "coordinates": [ [ [ -54.80332, -22.279336 ], [ -54.803413, -22.27931 ], [ -54.803441, -22.279396 ], [ -54.803469, -22.279483 ], [ -54.803376, -22.279509 ], [ -54.80332, -22.279336 ] ] ] } },
{ "type": "Feature", "properties": { "id": 6036, "insc_imob": "00.11.36.21.170", "quadra_cartorio": null, "lote_cartorio": "04", "matricula": "131859", "circunscricao": "1º CIRCUNSCRIÇÃO", "zoneamento": "AUM - ÁREA DE USO MISTO", "condominio": null, "area_geom": 200.0, "cnm": "062661.2.0131859-68" }, "geometry": { "type": "Polygon", "coordinates": [ [ [ -54.803413, -22.27931 ], [ -54.803506, -22.279284 ], [ -54.803562, -22.279457 ], [ -54.803469, -22.279483 ], [ -54.803441, -22.279396 ], [ -54.803413, -22.27931 ] ] ] } },
{ "type": "Feature", "properties": { "id": 6039, "insc_imob": "00.11.36.21.030", "quadra_cartorio": null, "lote_cartorio": "18", "matricula": "131873", "circunscricao": "1º CIRCUNSCRIÇÃO", "zoneamento": "AUM - ÁREA DE USO MISTO", "condominio": null, "area_geom": 200.0, "cnm": "062661.2.0131873-26" }, "geometry": { "type": "Polygon", "coordinates": [ [ [ -54.804008, -22.278955 ], [ -54.804101, -22.278929 ], [ -54.804156, -22.279102 ], [ -54.804064, -22.279128 ], [ -54.804008, -22.278955 ] ] ] } },
{ "type": "Feature", "properties": { "id": 6125, "insc_imob": "00.11.36.27.120", "quadra_cartorio": null, "lote_cartorio": "27", "matricula": "131684", "circunscricao": "1º CIRCUNSCRIÇÃO", "zoneamento": "AUM - ÁREA DE USO MISTO", "condominio": null, "area_geom": 200.0, "cnm": "062661.2.0131684-11" }, "geometry": { "type": "Polygon", "coordinates": [ [ [ -54.804559, -22.278404 ], [ -54.804531, -22.278318 ], [ -54.804624, -22.278292 ], [ -54.804652, -22.278378 ], [ -54.80468, -22.278465 ], [ -54.804587, -22.278491 ], [ -54.804559, -22.278404 ] ] ] } },
{ "type": "Feature", "properties": { "id": 6124, "insc_imob": "00.11.36.27.170", "quadra_cartorio": null, "lote_cartorio": "02", "matricula": "131659", "circunscricao": "1º CIRCUNSCRIÇÃO", "zoneamento": "AUM - ÁREA DE USO MISTO", "condominio": null, "area_geom": 200.0, "cnm": "062661.2.0131659-86" }, "geometry": { "type": "Polygon", "coordinates": [ [ [ -54.804587, -22.278491 ], [ -54.80468, -22.278465 ], [ -54.804708, -22.278551 ], [ -54.804736, -22.278638 ], [ -54.804643, -22.278664 ], [ -54.804615, -22.278577 ], [ -54.804587, -22.278491 ] ] ] } },
{ "type": "Feature", "properties": { "id": 6127, "insc_imob": "00.11.36.27.110", "quadra_cartorio": null, "lote_cartorio": "26", "matricula": "131683", "circunscricao": "1º CIRCUNSCRIÇÃO", "zoneamento": "AUM - ÁREA DE USO MISTO", "condominio": null, "area_geom": 200.0, "cnm": "062661.2.0131683-14" }, "geometry": { "type": "Polygon", "coordinates": [ [ [ -54.804624, -22.278292 ], [ -54.804717, -22.278266 ], [ -54.804745, -22.278352 ], [ -54.804773, -22.278439 ], [ -54.80468, -22.278465 ], [ -54.804652, -22.278378 ], [ -54.804624, -22.278292 ] ] ] } },
{ "type": "Feature", "properties": { "id": 6126, "insc_imob": "00.11.36.27.180", "quadra_cartorio": null, "lote_cartorio": "03", "matricula": "131660", "circunscricao": "1º CIRCUNSCRIÇÃO", "zoneamento": "AUM - ÁREA DE USO MISTO", "condominio": null, "area_geom": 200.0, "cnm": "062661.2.0131660-83" }, "geometry": { "type": "Polygon", "coordinates": [ [ [ -54.80468, -22.278465 ], [ -54.804773, -22.278439 ], [ -54.804801, -22.278525 ], [ -54.804829, -22.278612 ], [ -54.804736, -22.278638 ], [ -54.804708, -22.278551 ], [ -54.80468, -22.278465 ] ] ] } },
{ "type": "Feature", "properties": { "id": 6129, "insc_imob": "00.11.36.27.100", "quadra_cartorio": null, "lote_cartorio": "25", "matricula": "131682", "circunscricao": "1º CIRCUNSCRIÇÃO", "zoneamento": "AUM - ÁREA DE USO MISTO", "condominio": null, "area_geom": 200.0, "cnm": "062661.2.0131682-17" }, "geometry": { "type": "Polygon", "coordinates": [ [ [ -54.804717, -22.278266 ], [ -54.80481, -22.27824 ], [ -54.804838, -22.278326 ], [ -54.804866, -22.278413 ], [ -54.804773, -22.278439 ], [ -54.804745, -22.278352 ], [ -54.804717, -22.278266 ] ] ] } },
{ "type": "Feature", "properties": { "id": 6128, "insc_imob": "00.11.36.27.190", "quadra_cartorio": null, "lote_cartorio": "04", "matricula": "131661", "circunscricao": "1º CIRCUNSCRIÇÃO", "zoneamento": "AUM - ÁREA DE USO MISTO", "condominio": null, "area_geom": 200.0, "cnm": "062661.2.0131661-80" }, "geometry": { "type": "Polygon", "coordinates": [ [ [ -54.804773, -22.278439 ], [ -54.804866, -22.278413 ], [ -54.804894, -22.278499 ], [ -54.804922, -22.278586 ], [ -54.804829, -22.278612 ], [ -54.804801, -22.278525 ], [ -54.804773, -22.278439 ] ] ] } },
{ "type": "Feature", "properties": { "id": 6130, "insc_imob": "00.11.36.27.200", "quadra_cartorio": null, "lote_cartorio": "05", "matricula": "131662", "circunscricao": "1º CIRCUNSCRIÇÃO", "zoneamento": "AUM - ÁREA DE USO MISTO", "condominio": null, "area_geom": 200.0, "cnm": "062661.2.0131662-77" }, "geometry": { "type": "Polygon", "coordinates": [ [ [ -54.804866, -22.278413 ], [ -54.804959, -22.278387 ], [ -54.804987, -22.278473 ], [ -54.805014, -22.27856 ], [ -54.804922, -22.278586 ], [ -54.804894, -22.278499 ], [ -54.804866, -22.278413 ] ] ] } },
{ "type": "Feature", "properties": { "id": 6081, "insc_imob": "00.11.36.21.130", "quadra_cartorio": null, "lote_cartorio": "28", "matricula": "131883", "circunscricao": "1º CIRCUNSCRIÇÃO", "zoneamento": "ZEIA - ZONA ESPECIAL DE INTERESSE AMBIENTAL", "condominio": null, "area_geom": 211.78, "cnm": "062661.2.0131883-93" }, "geometry": { "type": "Polygon", "coordinates": [ [ [ -54.803107, -22.279254 ], [ -54.803186, -22.279232 ], [ -54.803228, -22.279362 ], [ -54.803236, -22.279388 ], [ -54.803096, -22.279427 ], [ -54.803107, -22.279254 ] ] ] } },
{ "type": "Feature", "properties": { "id": 6080, "insc_imob": "00.11.36.21.120", "quadra_cartorio": null, "lote_cartorio": "27", "matricula": "131882", "circunscricao": "1º CIRCUNSCRIÇÃO", "zoneamento": "ZEIA - ZONA ESPECIAL DE INTERESSE AMBIENTAL", "condominio": null, "area_geom": 200.0, "cnm": "062661.2.0131882-96" }, "geometry": { "type": "Polygon", "coordinates": [ [ [ -54.803172, -22.279189 ], [ -54.803265, -22.279163 ], [ -54.80332, -22.279336 ], [ -54.803228, -22.279362 ], [ -54.803186, -22.279232 ], [ -54.803172, -22.279189 ] ] ] } },
{ "type": "Feature", "properties": { "id": 6083, "insc_imob": "00.11.36.27.160", "quadra_cartorio": null, "lote_cartorio": "01", "matricula": "131658", "circunscricao": "1º CIRCUNSCRIÇÃO", "zoneamento": "AUM - ÁREA DE USO MISTO", "condominio": null, "area_geom": 200.0, "cnm": "062661.2.0131658-89" }, "geometry": { "type": "Polygon", "coordinates": [ [ [ -54.804615, -22.278577 ], [ -54.804643, -22.278664 ], [ -54.804457, -22.278716 ], [ -54.804429, -22.278629 ], [ -54.804615, -22.278577 ] ] ] } },
{ "type": "Feature", "properties": { "id": 6082, "insc_imob": "00.11.36.21.140", "quadra_cartorio": null, "lote_cartorio": "01", "matricula": "131856", "circunscricao": "1º CIRCUNSCRIÇÃO", "zoneamento": "ZEIA - ZONA ESPECIAL DE INTERESSE AMBIENTAL", "condominio": null, "area_geom": 306.4, "cnm": "062661.2.0131856-77" }, "geometry": { "type": "Polygon", "coordinates": [ [ [ -54.803096, -22.279427 ], [ -54.803236, -22.279388 ], [ -54.803283, -22.279535 ], [ -54.803098, -22.279587 ], [ -54.803088, -22.279558 ], [ -54.803096, -22.279427 ] ] ] } },
{ "type": "Feature", "properties": { "id": 6084, "insc_imob": "00.11.36.27.150", "quadra_cartorio": null, "lote_cartorio": "30", "matricula": "131687", "circunscricao": "1º CIRCUNSCRIÇÃO", "zoneamento": "AUM - ÁREA DE USO MISTO", "condominio": null, "area_geom": 200.0, "cnm": "062661.2.0131687-02" }, "geometry": { "type": "Polygon", "coordinates": [ [ [ -54.804401, -22.278543 ], [ -54.804587, -22.278491 ], [ -54.804615, -22.278577 ], [ -54.804429, -22.278629 ], [ -54.804401, -22.278543 ] ] ] } },
{ "type": "Feature", "properties": { "id": 6104, "insc_imob": "00.11.36.27.010", "quadra_cartorio": null, "lote_cartorio": "16", "matricula": "131673", "circunscricao": "1º CIRCUNSCRIÇÃO", "zoneamento": "AUM - ÁREA DE USO MISTO", "condominio": null, "area_geom": 200.0, "cnm": "062661.2.0131673-44" }, "geometry": { "type": "Polygon", "coordinates": [ [ [ -54.805553, -22.278032 ], [ -54.805739, -22.27798 ], [ -54.805767, -22.278066 ], [ -54.805581, -22.278118 ], [ -54.805553, -22.278032 ] ] ] } },
{ "type": "Feature", "properties": { "id": 6099, "insc_imob": "00.11.36.27.140", "quadra_cartorio": null, "lote_cartorio": "29", "matricula": "131686", "circunscricao": "1º CIRCUNSCRIÇÃO", "zoneamento": "AUM - ÁREA DE USO MISTO", "condominio": null, "area_geom": 200.0, "cnm": "062661.2.0131686-05" }, "geometry": { "type": "Polygon", "coordinates": [ [ [ -54.804373, -22.278456 ], [ -54.804559, -22.278404 ], [ -54.804587, -22.278491 ], [ -54.804401, -22.278543 ], [ -54.804373, -22.278456 ] ] ] } },
{ "type": "Feature", "properties": { "id": 6101, "insc_imob": "00.11.36.27.280", "quadra_cartorio": null, "lote_cartorio": "13", "matricula": "131670", "circunscricao": "1º CIRCUNSCRIÇÃO", "zoneamento": "AUM - ÁREA DE USO MISTO", "condominio": null, "area_geom": 200.0, "cnm": "062661.2.0131670-53" }, "geometry": { "type": "Polygon", "coordinates": [ [ [ -54.805637, -22.278291 ], [ -54.805823, -22.278239 ], [ -54.80585, -22.278325 ], [ -54.805665, -22.278377 ], [ -54.805637, -22.278291 ] ] ] } },
{ "type": "Feature", "properties": { "id": 6100, "insc_imob": "00.11.36.27.130", "quadra_cartorio": null, "lote_cartorio": "28", "matricula": "131685", "circunscricao": "1º CIRCUNSCRIÇÃO", "zoneamento": "AUM - ÁREA DE USO MISTO", "condominio": null, "area_geom": 200.0, "cnm": "062661.2.0131685-08" }, "geometry": { "type": "Polygon", "coordinates": [ [ [ -54.804345, -22.27837 ], [ -54.804531, -22.278318 ], [ -54.804559, -22.278404 ], [ -54.804373, -22.278456 ], [ -54.804345, -22.27837 ] ] ] } },
{ "type": "Feature", "properties": { "id": 6103, "insc_imob": "00.11.36.27.300", "quadra_cartorio": null, "lote_cartorio": "15", "matricula": "131672", "circunscricao": "1º CIRCUNSCRIÇÃO", "zoneamento": "AUM - ÁREA DE USO MISTO", "condominio": null, "area_geom": 200.0, "cnm": "062661.2.0131672-47" }, "geometry": { "type": "Polygon", "coordinates": [ [ [ -54.805581, -22.278118 ], [ -54.805767, -22.278066 ], [ -54.805795, -22.278153 ], [ -54.805609, -22.278205 ], [ -54.805581, -22.278118 ] ] ] } },
{ "type": "Feature", "properties": { "id": 6102, "insc_imob": "00.11.36.27.290", "quadra_cartorio": null, "lote_cartorio": "14", "matricula": "131671", "circunscricao": "1º CIRCUNSCRIÇÃO", "zoneamento": "AUM - ÁREA DE USO MISTO", "condominio": null, "area_geom": 200.0, "cnm": "062661.2.0131671-50" }, "geometry": { "type": "Polygon", "coordinates": [ [ [ -54.805609, -22.278205 ], [ -54.805795, -22.278153 ], [ -54.805823, -22.278239 ], [ -54.805637, -22.278291 ], [ -54.805609, -22.278205 ] ] ] } },
{ "type": "Feature", "properties": { "id": 5664, "insc_imob": "00.11.36.11.080", "quadra_cartorio": null, "lote_cartorio": "22", "matricula": "130811", "circunscricao": "1º CIRCUNSCRIÇÃO", "zoneamento": "AUM - ÁREA DE USO MISTO", "condominio": null, "area_geom": 200.0, "cnm": "062661.2.0130811-11" }, "geometry": { "type": "Polygon", "coordinates": [ [ [ -54.810182, -22.27781 ], [ -54.810154, -22.277723 ], [ -54.810247, -22.277697 ], [ -54.810275, -22.277784 ], [ -54.810303, -22.27787 ], [ -54.81021, -22.277896 ], [ -54.810182, -22.27781 ] ] ] } },
{ "type": "Feature", "properties": { "id": 5683, "insc_imob": "00.11.36.11.180", "quadra_cartorio": null, "lote_cartorio": "05", "matricula": "130794", "circunscricao": "1º CIRCUNSCRIÇÃO", "zoneamento": "AUM - ÁREA DE USO MISTO", "condominio": null, "area_geom": 200.0, "cnm": "062661.2.0130794-62" }, "geometry": { "type": "Polygon", "coordinates": [ [ [ -54.810303, -22.27787 ], [ -54.810396, -22.277844 ], [ -54.810423, -22.27793 ], [ -54.810451, -22.278017 ], [ -54.810359, -22.278043 ], [ -54.810331, -22.277956 ], [ -54.810303, -22.27787 ] ] ] } },
{ "type": "Feature", "properties": { "id": 5685, "insc_imob": "00.11.36.11.190", "quadra_cartorio": null, "lote_cartorio": "06", "matricula": "130795", "circunscricao": "1º CIRCUNSCRIÇÃO", "zoneamento": "AUM - ÁREA DE USO MISTO", "condominio": null, "area_geom": 200.0, "cnm": "062661.2.0130795-59" }, "geometry": { "type": "Polygon", "coordinates": [ [ [ -54.810396, -22.277844 ], [ -54.810488, -22.277818 ], [ -54.810516, -22.277904 ], [ -54.810544, -22.277991 ], [ -54.810451, -22.278017 ], [ -54.810423, -22.27793 ], [ -54.810396, -22.277844 ] ] ] } },
{ "type": "Feature", "properties": { "id": 5684, "insc_imob": "00.11.36.11.070", "quadra_cartorio": null, "lote_cartorio": "21", "matricula": "130810", "circunscricao": "1º CIRCUNSCRIÇÃO", "zoneamento": "AUM - ÁREA DE USO MISTO", "condominio": null, "area_geom": 200.0, "cnm": "062661.2.0130810-14" }, "geometry": { "type": "Polygon", "coordinates": [ [ [ -54.810247, -22.277697 ], [ -54.81034, -22.277671 ], [ -54.810368, -22.277757 ], [ -54.810396, -22.277844 ], [ -54.810303, -22.27787 ], [ -54.810275, -22.277784 ], [ -54.810247, -22.277697 ] ] ] } },
{ "type": "Feature", "properties": { "id": 5637, "insc_imob": "00.11.36.11.110", "quadra_cartorio": null, "lote_cartorio": "25", "matricula": "130814", "circunscricao": "1º CIRCUNSCRIÇÃO", "zoneamento": "AUM - ÁREA DE USO MISTO", "condominio": null, "area_geom": 200.0, "cnm": "062661.2.0130814-02" }, "geometry": { "type": "Polygon", "coordinates": [ [ [ -54.809782, -22.277827 ], [ -54.809968, -22.277775 ], [ -54.809996, -22.277862 ], [ -54.80981, -22.277914 ], [ -54.809782, -22.277827 ] ] ] } },
{ "type": "Feature", "properties": { "id": 5636, "insc_imob": "00.11.36.11.120", "quadra_cartorio": null, "lote_cartorio": "26", "matricula": "130815", "circunscricao": "1º CIRCUNSCRIÇÃO", "zoneamento": "AUM - ÁREA DE USO MISTO", "condominio": null, "area_geom": 200.0, "cnm": "062661.2.0130815-96" }, "geometry": { "type": "Polygon", "coordinates": [ [ [ -54.80981, -22.277914 ], [ -54.809996, -22.277862 ], [ -54.810024, -22.277948 ], [ -54.809838, -22.278 ], [ -54.80981, -22.277914 ] ] ] } },
{ "type": "Feature", "properties": { "id": 5638, "insc_imob": "00.11.36.11.150", "quadra_cartorio": null, "lote_cartorio": "02", "matricula": "130791", "circunscricao": "1º CIRCUNSCRIÇÃO", "zoneamento": "AUM - ÁREA DE USO MISTO", "condominio": null, "area_geom": 200.0, "cnm": "062661.2.0130791-71" }, "geometry": { "type": "Polygon", "coordinates": [ [ [ -54.810024, -22.277948 ], [ -54.810117, -22.277922 ], [ -54.810145, -22.278008 ], [ -54.810173, -22.278095 ], [ -54.81008, -22.278121 ], [ -54.810052, -22.278035 ], [ -54.810024, -22.277948 ] ] ] } },
{ "type": "Feature", "properties": { "id": 5661, "insc_imob": "00.11.36.11.160", "quadra_cartorio": null, "lote_cartorio": "03", "matricula": "130792", "circunscricao": "1º CIRCUNSCRIÇÃO", "zoneamento": "AUM - ÁREA DE USO MISTO", "condominio": null, "area_geom": 200.0, "cnm": "062661.2.0130792-68" }, "geometry": { "type": "Polygon", "coordinates": [ [ [ -54.810117, -22.277922 ], [ -54.81021, -22.277896 ], [ -54.810238, -22.277982 ], [ -54.810266, -22.278069 ], [ -54.810173, -22.278095 ], [ -54.810145, -22.278008 ], [ -54.810117, -22.277922 ] ] ] } },
{ "type": "Feature", "properties": { "id": 5660, "insc_imob": "00.11.36.11.100", "quadra_cartorio": null, "lote_cartorio": "24", "matricula": "130813", "circunscricao": "1º CIRCUNSCRIÇÃO", "zoneamento": "AUM - ÁREA DE USO MISTO", "condominio": null, "area_geom": 200.0, "cnm": "062661.2.0130813-05" }, "geometry": { "type": "Polygon", "coordinates": [ [ [ -54.809996, -22.277862 ], [ -54.809968, -22.277775 ], [ -54.810061, -22.277749 ], [ -54.810089, -22.277836 ], [ -54.810117, -22.277922 ], [ -54.810024, -22.277948 ], [ -54.809996, -22.277862 ] ] ] } },
{ "type": "Feature", "properties": { "id": 5663, "insc_imob": "00.11.36.11.170", "quadra_cartorio": null, "lote_cartorio": "04", "matricula": "130793", "circunscricao": "1º CIRCUNSCRIÇÃO", "zoneamento": "AUM - ÁREA DE USO MISTO", "condominio": null, "area_geom": 200.0, "cnm": "062661.2.0130793-65" }, "geometry": { "type": "Polygon", "coordinates": [ [ [ -54.81021, -22.277896 ], [ -54.810303, -22.27787 ], [ -54.810331, -22.277956 ], [ -54.810359, -22.278043 ], [ -54.810266, -22.278069 ], [ -54.810238, -22.277982 ], [ -54.81021, -22.277896 ] ] ] } },
{ "type": "Feature", "properties": { "id": 5662, "insc_imob": "00.11.36.11.090", "quadra_cartorio": null, "lote_cartorio": "23", "matricula": "130812", "circunscricao": "1º CIRCUNSCRIÇÃO", "zoneamento": "AUM - ÁREA DE USO MISTO", "condominio": null, "area_geom": 200.0, "cnm": "062661.2.0130812-08" }, "geometry": { "type": "Polygon", "coordinates": [ [ [ -54.810089, -22.277836 ], [ -54.810061, -22.277749 ], [ -54.810154, -22.277723 ], [ -54.810182, -22.27781 ], [ -54.81021, -22.277896 ], [ -54.810117, -22.277922 ], [ -54.810089, -22.277836 ] ] ] } },
{ "type": "Feature", "properties": { "id": 5729, "insc_imob": "00.11.36.11.260", "quadra_cartorio": null, "lote_cartorio": "13", "matricula": "130802", "circunscricao": "1º CIRCUNSCRIÇÃO", "zoneamento": "AUM - ÁREA DE USO MISTO", "condominio": null, "area_geom": 220.07, "cnm": "062661.2.0130802-38" }, "geometry": { "type": "Polygon", "coordinates": [ [ [ -54.810953, -22.277688 ], [ -54.811143, -22.277635 ], [ -54.8112, -22.277713 ], [ -54.810981, -22.277774 ], [ -54.810953, -22.277688 ] ] ] } },
{ "type": "Feature", "properties": { "id": 5728, "insc_imob": "00.11.36.11.250", "quadra_cartorio": null, "lote_cartorio": "12", "matricula": "130801", "circunscricao": "1º CIRCUNSCRIÇÃO", "zoneamento": "AUM - ÁREA DE USO MISTO", "condominio": null, "area_geom": 251.35, "cnm": "062661.2.0130801-41" }, "geometry": { "type": "Polygon", "coordinates": [ [ [ -54.8112, -22.277713 ], [ -54.811257, -22.277791 ], [ -54.811009, -22.277861 ], [ -54.810981, -22.277774 ], [ -54.8112, -22.277713 ] ] ] } },
{ "type": "Feature", "properties": { "id": 5731, "insc_imob": "00.11.36.11.010", "quadra_cartorio": null, "lote_cartorio": "15", "matricula": "130804", "circunscricao": "1º CIRCUNSCRIÇÃO", "zoneamento": "AUM - ÁREA DE USO MISTO", "condominio": null, "area_geom": 257.53, "cnm": "062661.2.0130804-32" }, "geometry": { "type": "Polygon", "coordinates": [ [ [ -54.810804, -22.277541 ], [ -54.811029, -22.277478 ], [ -54.811086, -22.277556 ], [ -54.810832, -22.277627 ], [ -54.810804, -22.277541 ] ] ] } },
{ "type": "Feature", "properties": { "id": 5730, "insc_imob": "00.11.36.11.270", "quadra_cartorio": null, "lote_cartorio": "14", "matricula": "130803", "circunscricao": "1º CIRCUNSCRIÇÃO", "zoneamento": "AUM - ÁREA DE USO MISTO", "condominio": null, "area_geom": 288.8, "cnm": "062661.2.0130803-35" }, "geometry": { "type": "Polygon", "coordinates": [ [ [ -54.811086, -22.277556 ], [ -54.811143, -22.277635 ], [ -54.810953, -22.277688 ], [ -54.81086, -22.277714 ], [ -54.810832, -22.277627 ], [ -54.811086, -22.277556 ] ] ] } },
{ "type": "Feature", "properties": { "id": 5733, "insc_imob": "00.11.36.17.110", "quadra_cartorio": null, "lote_cartorio": "23", "matricula": "130789", "circunscricao": "1º CIRCUNSCRIÇÃO", "zoneamento": "AUM - ÁREA DE USO MISTO", "condominio": null, "area_geom": 200.0, "cnm": "062661.2.0130789-77" }, "geometry": { "type": "Polygon", "coordinates": [ [ [ -54.809693, -22.277551 ], [ -54.809879, -22.277499 ], [ -54.809906, -22.277585 ], [ -54.809721, -22.277637 ], [ -54.809693, -22.277551 ] ] ] } },
{ "type": "Feature", "properties": { "id": 5732, "insc_imob": "00.11.36.17.120", "quadra_cartorio": null, "lote_cartorio": "01", "matricula": "130767", "circunscricao": "1º CIRCUNSCRIÇÃO", "zoneamento": "AUM - ÁREA DE USO MISTO", "condominio": null, "area_geom": 200.0, "cnm": "062661.2.0130767-46" }, "geometry": { "type": "Polygon", "coordinates": [ [ [ -54.809721, -22.277637 ], [ -54.809906, -22.277585 ], [ -54.809934, -22.277671 ], [ -54.809749, -22.277723 ], [ -54.809721, -22.277637 ] ] ] } },
{ "type": "Feature", "properties": { "id": 5735, "insc_imob": "00.11.36.17.090", "quadra_cartorio": null, "lote_cartorio": "21", "matricula": "130787", "circunscricao": "1º CIRCUNSCRIÇÃO", "zoneamento": "AUM - ÁREA DE USO MISTO", "condominio": null, "area_geom": 200.0, "cnm": "062661.2.0130787-83" }, "geometry": { "type": "Polygon", "coordinates": [ [ [ -54.809637, -22.277378 ], [ -54.809823, -22.277326 ], [ -54.809851, -22.277412 ], [ -54.809665, -22.277464 ], [ -54.809637, -22.277378 ] ] ] } },
{ "type": "Feature", "properties": { "id": 5734, "insc_imob": "00.11.36.17.100", "quadra_cartorio": null, "lote_cartorio": "22", "matricula": "130788", "circunscricao": "1º CIRCUNSCRIÇÃO", "zoneamento": "AUM - ÁREA DE USO MISTO", "condominio": null, "area_geom": 200.0, "cnm": "062661.2.0130788-80" }, "geometry": { "type": "Polygon", "coordinates": [ [ [ -54.809665, -22.277464 ], [ -54.809851, -22.277412 ], [ -54.809879, -22.277499 ], [ -54.809693, -22.277551 ], [ -54.809665, -22.277464 ] ] ] } },
{ "type": "Feature", "properties": { "id": 5753, "insc_imob": "00.11.36.17.150", "quadra_cartorio": null, "lote_cartorio": "04", "matricula": "130770", "circunscricao": "1º CIRCUNSCRIÇÃO", "zoneamento": "AUM - ÁREA DE USO MISTO", "condominio": null, "area_geom": 200.0, "cnm": "062661.2.0130770-37" }, "geometry": { "type": "Polygon", "coordinates": [ [ [ -54.810064, -22.277446 ], [ -54.810157, -22.27742 ], [ -54.810185, -22.277507 ], [ -54.810213, -22.277593 ], [ -54.81012, -22.277619 ], [ -54.810092, -22.277533 ], [ -54.810064, -22.277446 ] ] ] } },
{ "type": "Feature", "properties": { "id": 5752, "insc_imob": "00.11.36.17.070", "quadra_cartorio": null, "lote_cartorio": "18", "matricula": "130785", "circunscricao": "1º CIRCUNSCRIÇÃO", "zoneamento": "AUM - ÁREA DE USO MISTO", "condominio": null, "area_geom": 200.0, "cnm": "062661.2.0130785-89" }, "geometry": { "type": "Polygon", "coordinates": [ [ [ -54.809943, -22.277386 ], [ -54.809915, -22.2773 ], [ -54.810008, -22.277274 ], [ -54.810036, -22.27736 ], [ -54.810064, -22.277446 ], [ -54.809971, -22.277472 ], [ -54.809943, -22.277386 ] ] ] } },
{ "type": "Feature", "properties": { "id": 5755, "insc_imob": "00.11.36.17.160", "quadra_cartorio": null, "lote_cartorio": "05", "matricula": "130771", "circunscricao": "1º CIRCUNSCRIÇÃO", "zoneamento": "AUM - ÁREA DE USO MISTO", "condominio": null, "area_geom": 200.0, "cnm": "062661.2.0130771-34" }, "geometry": { "type": "Polygon", "coordinates": [ [ [ -54.810157, -22.27742 ], [ -54.81025, -22.277394 ], [ -54.810278, -22.277481 ], [ -54.810306, -22.277567 ], [ -54.810213, -22.277593 ], [ -54.810185, -22.277507 ], [ -54.810157, -22.27742 ] ] ] } },
{ "type": "Feature", "properties": { "id": 5754, "insc_imob": "00.11.36.17.060", "quadra_cartorio": null, "lote_cartorio": "18", "matricula": "130784", "circunscricao": "1º CIRCUNSCRIÇÃO", "zoneamento": "AUM - ÁREA DE USO MISTO", "condominio": null, "area_geom": 200.0, "cnm": "062661.2.0130784-92" }, "geometry": { "type": "Polygon", "coordinates": [ [ [ -54.810036, -22.27736 ], [ -54.810008, -22.277274 ], [ -54.810101, -22.277248 ], [ -54.810129, -22.277334 ], [ -54.810157, -22.27742 ], [ -54.810064, -22.277446 ], [ -54.810036, -22.27736 ] ] ] } },
{ "type": "Feature", "properties": { "id": 5757, "insc_imob": "00.11.36.17.170", "quadra_cartorio": null, "lote_cartorio": "06", "matricula": "130772", "circunscricao": "1º CIRCUNSCRIÇÃO", "zoneamento": "AUM - ÁREA DE USO MISTO", "condominio": null, "area_geom": 200.0, "cnm": "062661.2.0130772-31" }, "geometry": { "type": "Polygon", "coordinates": [ [ [ -54.81025, -22.277394 ], [ -54.810343, -22.277368 ], [ -54.810371, -22.277455 ], [ -54.810399, -22.277541 ], [ -54.810306, -22.277567 ], [ -54.810278, -22.277481 ], [ -54.81025, -22.277394 ] ] ] } },
{ "type": "Feature", "properties": { "id": 5756, "insc_imob": "00.11.36.17.050", "quadra_cartorio": null, "lote_cartorio": "17", "matricula": "130783", "circunscricao": "1º CIRCUNSCRIÇÃO", "zoneamento": "AUM - ÁREA DE USO MISTO", "condominio": null, "area_geom": 200.0, "cnm": "062661.2.0130783-95" }, "geometry": { "type": "Polygon", "coordinates": [ [ [ -54.810129, -22.277334 ], [ -54.810101, -22.277248 ], [ -54.810194, -22.277221 ], [ -54.810222, -22.277308 ], [ -54.81025, -22.277394 ], [ -54.810157, -22.27742 ], [ -54.810129, -22.277334 ] ] ] } },
{ "type": "Feature", "properties": { "id": 5749, "insc_imob": "00.11.36.17.130", "quadra_cartorio": null, "lote_cartorio": "02", "matricula": "130768", "circunscricao": "1º CIRCUNSCRIÇÃO", "zoneamento": "AUM - ÁREA DE USO MISTO", "condominio": null, "area_geom": 200.0, "cnm": "062661.2.0130768-43" }, "geometry": { "type": "Polygon", "coordinates": [ [ [ -54.809879, -22.277499 ], [ -54.809971, -22.277472 ], [ -54.809999, -22.277559 ], [ -54.810027, -22.277645 ], [ -54.809934, -22.277671 ], [ -54.809906, -22.277585 ], [ -54.809879, -22.277499 ] ] ] } },
{ "type": "Feature", "properties": { "id": 5751, "insc_imob": "00.11.36.17.140", "quadra_cartorio": null, "lote_cartorio": "03", "matricula": "130769", "circunscricao": "1º CIRCUNSCRIÇÃO", "zoneamento": "AUM - ÁREA DE USO MISTO", "condominio": null, "area_geom": 200.0, "cnm": "062661.2.0130769-40" }, "geometry": { "type": "Polygon", "coordinates": [ [ [ -54.809971, -22.277472 ], [ -54.810064, -22.277446 ], [ -54.810092, -22.277533 ], [ -54.81012, -22.277619 ], [ -54.810027, -22.277645 ], [ -54.809999, -22.277559 ], [ -54.809971, -22.277472 ] ] ] } },
{ "type": "Feature", "properties": { "id": 5750, "insc_imob": "00.11.36.17.080", "quadra_cartorio": null, "lote_cartorio": "20", "matricula": "130786", "circunscricao": "1º CIRCUNSCRIÇÃO", "zoneamento": "AUM - ÁREA DE USO MISTO", "condominio": null, "area_geom": 200.0, "cnm": "062661.2.0130786-86" }, "geometry": { "type": "Polygon", "coordinates": [ [ [ -54.809851, -22.277412 ], [ -54.809823, -22.277326 ], [ -54.809915, -22.2773 ], [ -54.809943, -22.277386 ], [ -54.809971, -22.277472 ], [ -54.809879, -22.277499 ], [ -54.809851, -22.277412 ] ] ] } },
{ "type": "Feature", "properties": { "id": 5721, "insc_imob": "00.11.36.11.210", "quadra_cartorio": null, "lote_cartorio": "08", "matricula": "130797", "circunscricao": "1º CIRCUNSCRIÇÃO", "zoneamento": "AUM - ÁREA DE USO MISTO", "condominio": null, "area_geom": 200.0, "cnm": "062661.2.0130797-53" }, "geometry": { "type": "Polygon", "coordinates": [ [ [ -54.810581, -22.277792 ], [ -54.810674, -22.277766 ], [ -54.810702, -22.277852 ], [ -54.81073, -22.277939 ], [ -54.810637, -22.277965 ], [ -54.810609, -22.277878 ], [ -54.810581, -22.277792 ] ] ] } },
{ "type": "Feature", "properties": { "id": 5720, "insc_imob": "00.11.36.11.050", "quadra_cartorio": null, "lote_cartorio": "19", "matricula": "130808", "circunscricao": "1º CIRCUNSCRIÇÃO", "zoneamento": "AUM - ÁREA DE USO MISTO", "condominio": null, "area_geom": 200.0, "cnm": "062661.2.0130808-20" }, "geometry": { "type": "Polygon", "coordinates": [ [ [ -54.81046, -22.277731 ], [ -54.810432, -22.277645 ], [ -54.810525, -22.277619 ], [ -54.810553, -22.277705 ], [ -54.810581, -22.277792 ], [ -54.810488, -22.277818 ], [ -54.81046, -22.277731 ] ] ] } },
{ "type": "Feature", "properties": { "id": 5723, "insc_imob": "00.11.36.11.220", "quadra_cartorio": null, "lote_cartorio": "09", "matricula": "130798", "circunscricao": "1º CIRCUNSCRIÇÃO", "zoneamento": "AUM - ÁREA DE USO MISTO", "condominio": null, "area_geom": 200.0, "cnm": "062661.2.0130798-50" }, "geometry": { "type": "Polygon", "coordinates": [ [ [ -54.810674, -22.277766 ], [ -54.810767, -22.27774 ], [ -54.810795, -22.277826 ], [ -54.810823, -22.277913 ], [ -54.81073, -22.277939 ], [ -54.810702, -22.277852 ], [ -54.810674, -22.277766 ] ] ] } },
{ "type": "Feature", "properties": { "id": 5722, "insc_imob": "00.11.36.11.040", "quadra_cartorio": null, "lote_cartorio": "18", "matricula": "130807", "circunscricao": "1º CIRCUNSCRIÇÃO", "zoneamento": "AUM - ÁREA DE USO MISTO", "condominio": null, "area_geom": 200.0, "cnm": "062661.2.0130807-23" }, "geometry": { "type": "Polygon", "coordinates": [ [ [ -54.810553, -22.277705 ], [ -54.810525, -22.277619 ], [ -54.810618, -22.277593 ], [ -54.810646, -22.277679 ], [ -54.810674, -22.277766 ], [ -54.810581, -22.277792 ], [ -54.810553, -22.277705 ] ] ] } },
{ "type": "Feature", "properties": { "id": 5727, "insc_imob": "00.11.36.11.020", "quadra_cartorio": null, "lote_cartorio": "16", "matricula": "130805", "circunscricao": "1º CIRCUNSCRIÇÃO", "zoneamento": "AUM - ÁREA DE USO MISTO", "condominio": null, "area_geom": 200.0, "cnm": "062661.2.0130805-29" }, "geometry": { "type": "Polygon", "coordinates": [ [ [ -54.810739, -22.277653 ], [ -54.810711, -22.277567 ], [ -54.810804, -22.277541 ], [ -54.810832, -22.277627 ], [ -54.81086, -22.277714 ], [ -54.810767, -22.27774 ], [ -54.810739, -22.277653 ] ] ] } },
{ "type": "Feature", "properties": { "id": 5717, "insc_imob": "00.11.36.61.050", "quadra_cartorio": null, "lote_cartorio": "07", "matricula": "130681", "circunscricao": "1º CIRCUNSCRIÇÃO", "zoneamento": "AUM - ÁREA DE USO MISTO", "condominio": null, "area_geom": 199.9, "cnm": "062661.2.0130681-13" }, "geometry": { "type": "Polygon", "coordinates": [ [ [ -54.80827, -22.274242 ], [ -54.808329, -22.27407 ], [ -54.808421, -22.274098 ], [ -54.808362, -22.27427 ], [ -54.80827, -22.274242 ] ] ] } },
{ "type": "Feature", "properties": { "id": 5716, "insc_imob": "00.11.36.52.040", "quadra_cartorio": null, "lote_cartorio": "19", "matricula": "131151", "circunscricao": "1º CIRCUNSCRIÇÃO", "zoneamento": "AUM - ÁREA DE USO MISTO", "condominio": null, "area_geom": 200.0, "cnm": "062661.2.0131151-58" }, "geometry": { "type": "Polygon", "coordinates": [ [ [ -54.806636, -22.275116 ], [ -54.806608, -22.27503 ], [ -54.806701, -22.275004 ], [ -54.806729, -22.27509 ], [ -54.806757, -22.275177 ], [ -54.806664, -22.275203 ], [ -54.806636, -22.275116 ] ] ] } },
{ "type": "Feature", "properties": { "id": 5719, "insc_imob": "00.11.36.11.200", "quadra_cartorio": null, "lote_cartorio": "07", "matricula": "130796", "circunscricao": "1º CIRCUNSCRIÇÃO", "zoneamento": "AUM - ÁREA DE USO MISTO", "condominio": null, "area_geom": 200.0, "cnm": "062661.2.0130796-56" }, "geometry": { "type": "Polygon", "coordinates": [ [ [ -54.810488, -22.277818 ], [ -54.810581, -22.277792 ], [ -54.810609, -22.277878 ], [ -54.810637, -22.277965 ], [ -54.810544, -22.277991 ], [ -54.810516, -22.277904 ], [ -54.810488, -22.277818 ] ] ] } },
{ "type": "Feature", "properties": { "id": 5718, "insc_imob": "00.11.36.11.060", "quadra_cartorio": null, "lote_cartorio": "20", "matricula": "130809", "circunscricao": "1º CIRCUNSCRIÇÃO", "zoneamento": "AUM - ÁREA DE USO MISTO", "condominio": null, "area_geom": 200.0, "cnm": "062661.2.0130809-17" }, "geometry": { "type": "Polygon", "coordinates": [ [ [ -54.81034, -22.277671 ], [ -54.810432, -22.277645 ], [ -54.81046, -22.277731 ], [ -54.810488, -22.277818 ], [ -54.810396, -22.277844 ], [ -54.810368, -22.277757 ], [ -54.81034, -22.277671 ] ] ] } },
{ "type": "Feature", "properties": { "id": 5807, "insc_imob": "00.11.36.17.220", "quadra_cartorio": null, "lote_cartorio": "11", "matricula": "130777", "circunscricao": "1º CIRCUNSCRIÇÃO", "zoneamento": "AUM - ÁREA DE USO MISTO", "condominio": null, "area_geom": 257.46, "cnm": "062661.2.0130777-16" }, "geometry": { "type": "Polygon", "coordinates": [ [ [ -54.810622, -22.27729 ], [ -54.810846, -22.277227 ], [ -54.810903, -22.277306 ], [ -54.81065, -22.277377 ], [ -54.810622, -22.27729 ] ] ] } },
{ "type": "Feature", "properties": { "id": 5793, "insc_imob": "00.11.36.17.210", "quadra_cartorio": null, "lote_cartorio": "10", "matricula": "130776", "circunscricao": "1º CIRCUNSCRIÇÃO", "zoneamento": "AUM - ÁREA DE USO MISTO", "condominio": null, "area_geom": 288.73, "cnm": "062661.2.0130776-19" }, "geometry": { "type": "Polygon", "coordinates": [ [ [ -54.81065, -22.277377 ], [ -54.810903, -22.277306 ], [ -54.81096, -22.277384 ], [ -54.810678, -22.277463 ], [ -54.81065, -22.277377 ] ] ] } },
{ "type": "Feature", "properties": { "id": 5792, "insc_imob": "00.11.36.17.200", "quadra_cartorio": null, "lote_cartorio": "09", "matricula": "130775", "circunscricao": "1º CIRCUNSCRIÇÃO", "zoneamento": "AUM - ÁREA DE USO MISTO", "condominio": null, "area_geom": 200.0, "cnm": "062661.2.0130775-22" }, "geometry": { "type": "Polygon", "coordinates": [ [ [ -54.810557, -22.277403 ], [ -54.810529, -22.277316 ], [ -54.810622, -22.27729 ], [ -54.81065, -22.277377 ], [ -54.810678, -22.277463 ], [ -54.810585, -22.277489 ], [ -54.810557, -22.277403 ] ] ] } },
{ "type": "Feature", "properties": { "id": 5817, "insc_imob": "00.11.36.18.010", "quadra_cartorio": null, "lote_cartorio": "16", "matricula": "131008", "circunscricao": "1º CIRCUNSCRIÇÃO", "zoneamento": "AUM - ÁREA DE USO MISTO", "condominio": null, "area_geom": 200.0, "cnm": "062661.2.0131008-02" }, "geometry": { "type": "Polygon", "coordinates": [ [ [ -54.80934, -22.277461 ], [ -54.809525, -22.277409 ], [ -54.809553, -22.277495 ], [ -54.809368, -22.277547 ], [ -54.80934, -22.277461 ] ] ] } },
{ "type": "Feature", "properties": { "id": 5816, "insc_imob": "00.11.36.18.300", "quadra_cartorio": null, "lote_cartorio": "15", "matricula": "131007", "circunscricao": "1º CIRCUNSCRIÇÃO", "zoneamento": "AUM - ÁREA DE USO MISTO", "condominio": null, "area_geom": 200.0, "cnm": "062661.2.0131007-05" }, "geometry": { "type": "Polygon", "coordinates": [ [ [ -54.809368, -22.277547 ], [ -54.809553, -22.277495 ], [ -54.809581, -22.277582 ], [ -54.809395, -22.277634 ], [ -54.809368, -22.277547 ] ] ] } },
{ "type": "Feature", "properties": { "id": 5809, "insc_imob": "00.11.36.17.010", "quadra_cartorio": null, "lote_cartorio": "13", "matricula": "130779", "circunscricao": "1º CIRCUNSCRIÇÃO", "zoneamento": "AUM - ÁREA DE USO MISTO", "condominio": null, "area_geom": 294.91, "cnm": "062661.2.0130779-10" }, "geometry": { "type": "Polygon", "coordinates": [ [ [ -54.810732, -22.277071 ], [ -54.810789, -22.277149 ], [ -54.810501, -22.27723 ], [ -54.810473, -22.277143 ], [ -54.810732, -22.277071 ] ] ] } },
{ "type": "Feature", "properties": { "id": 5808, "insc_imob": "00.11.36.17.230", "quadra_cartorio": null, "lote_cartorio": "12", "matricula": "130778", "circunscricao": "1º CIRCUNSCRIÇÃO", "zoneamento": "AUM - ÁREA DE USO MISTO", "condominio": null, "area_geom": 326.19, "cnm": "062661.2.0130778-13" }, "geometry": { "type": "Polygon", "coordinates": [ [ [ -54.810789, -22.277149 ], [ -54.810846, -22.277227 ], [ -54.810622, -22.27729 ], [ -54.810529, -22.277316 ], [ -54.810501, -22.27723 ], [ -54.810789, -22.277149 ] ] ] } },
{ "type": "Feature", "properties": { "id": 5811, "insc_imob": "00.11.36.18.150", "quadra_cartorio": null, "lote_cartorio": "30", "matricula": "131022", "circunscricao": "1º CIRCUNSCRIÇÃO", "zoneamento": "AUM - ÁREA DE USO MISTO", "condominio": null, "area_geom": 200.0, "cnm": "062661.2.0131022-57" }, "geometry": { "type": "Polygon", "coordinates": [ [ [ -54.808374, -22.27792 ], [ -54.808402, -22.278007 ], [ -54.808216, -22.278059 ], [ -54.808188, -22.277972 ], [ -54.808374, -22.27792 ] ] ] } },
{ "type": "Feature", "properties": { "id": 5810, "insc_imob": "00.11.36.18.160", "quadra_cartorio": null, "lote_cartorio": "01", "matricula": "130993", "circunscricao": "1º CIRCUNSCRIÇÃO", "zoneamento": "AUM - ÁREA DE USO MISTO", "condominio": null, "area_geom": 200.0, "cnm": "062661.2.0130993-47" }, "geometry": { "type": "Polygon", "coordinates": [ [ [ -54.808216, -22.278059 ], [ -54.808402, -22.278007 ], [ -54.80843, -22.278093 ], [ -54.808244, -22.278145 ], [ -54.808216, -22.278059 ] ] ] } },
{ "type": "Feature", "properties": { "id": 5813, "insc_imob": "00.11.36.18.130", "quadra_cartorio": null, "lote_cartorio": "28", "matricula": "131020", "circunscricao": "1º CIRCUNSCRIÇÃO", "zoneamento": "AUM - ÁREA DE USO MISTO", "condominio": null, "area_geom": 200.0, "cnm": "062661.2.0131020-63" }, "geometry": { "type": "Polygon", "coordinates": [ [ [ -54.808132, -22.277799 ], [ -54.808318, -22.277747 ], [ -54.808346, -22.277834 ], [ -54.80816, -22.277886 ], [ -54.808132, -22.277799 ] ] ] } },
{ "type": "Feature", "properties": { "id": 5812, "insc_imob": "00.11.36.18.140", "quadra_cartorio": null, "lote_cartorio": "29", "matricula": "131021", "circunscricao": "1º CIRCUNSCRIÇÃO", "zoneamento": "AUM - ÁREA DE USO MISTO", "condominio": null, "area_geom": 200.0, "cnm": "062661.2.0131021-60" }, "geometry": { "type": "Polygon", "coordinates": [ [ [ -54.80816, -22.277886 ], [ -54.808346, -22.277834 ], [ -54.808374, -22.27792 ], [ -54.808188, -22.277972 ], [ -54.80816, -22.277886 ] ] ] } },
{ "type": "Feature", "properties": { "id": 5815, "insc_imob": "00.11.36.18.290", "quadra_cartorio": null, "lote_cartorio": "14", "matricula": "131006", "circunscricao": "1º CIRCUNSCRIÇÃO", "zoneamento": "AUM - ÁREA DE USO MISTO", "condominio": null, "area_geom": 200.0, "cnm": "062661.2.0131006-08" }, "geometry": { "type": "Polygon", "coordinates": [ [ [ -54.809395, -22.277634 ], [ -54.809581, -22.277582 ], [ -54.809609, -22.277668 ], [ -54.809423, -22.27772 ], [ -54.809395, -22.277634 ] ] ] } },
{ "type": "Feature", "properties": { "id": 5814, "insc_imob": "00.11.36.18.280", "quadra_cartorio": null, "lote_cartorio": "13", "matricula": "131005", "circunscricao": "1º CIRCUNSCRIÇÃO", "zoneamento": "AUM - ÁREA DE USO MISTO", "condominio": null, "area_geom": 200.0, "cnm": "062661.2.0131005-11" }, "geometry": { "type": "Polygon", "coordinates": [ [ [ -54.809423, -22.27772 ], [ -54.809609, -22.277668 ], [ -54.809637, -22.277755 ], [ -54.809451, -22.277807 ], [ -54.809423, -22.27772 ] ] ] } },
{ "type": "Feature", "properties": { "id": 5771, "insc_imob": "00.11.36.17.180", "quadra_cartorio": null, "lote_cartorio": "07", "matricula": "130773", "circunscricao": "1º CIRCUNSCRIÇÃO", "zoneamento": "AUM - ÁREA DE USO MISTO", "condominio": null, "area_geom": 200.0, "cnm": "062661.2.0130773-28" }, "geometry": { "type": "Polygon", "coordinates": [ [ [ -54.810343, -22.277368 ], [ -54.810436, -22.277342 ], [ -54.810464, -22.277429 ], [ -54.810492, -22.277515 ], [ -54.810399, -22.277541 ], [ -54.810371, -22.277455 ], [ -54.810343, -22.277368 ] ] ] } },
{ "type": "Feature", "properties": { "id": 5770, "insc_imob": "00.11.36.17.040", "quadra_cartorio": null, "lote_cartorio": "16", "matricula": "130782", "circunscricao": "1º CIRCUNSCRIÇÃO", "zoneamento": "AUM - ÁREA DE USO MISTO", "condominio": null, "area_geom": 200.0, "cnm": "062661.2.0130782-98" }, "geometry": { "type": "Polygon", "coordinates": [ [ [ -54.810222, -22.277308 ], [ -54.810194, -22.277221 ], [ -54.810287, -22.277195 ], [ -54.810315, -22.277282 ], [ -54.810343, -22.277368 ], [ -54.81025, -22.277394 ], [ -54.810222, -22.277308 ] ] ] } },
{ "type": "Feature", "properties": { "id": 5773, "insc_imob": "00.11.36.17.020", "quadra_cartorio": null, "lote_cartorio": "14", "matricula": "130780", "circunscricao": "1º CIRCUNSCRIÇÃO", "zoneamento": "AUM - ÁREA DE USO MISTO", "condominio": null, "area_geom": 200.0, "cnm": "062661.2.0130780-07" }, "geometry": { "type": "Polygon", "coordinates": [ [ [ -54.81038, -22.277169 ], [ -54.810473, -22.277143 ], [ -54.810501, -22.27723 ], [ -54.810529, -22.277316 ], [ -54.810436, -22.277342 ], [ -54.810408, -22.277256 ], [ -54.81038, -22.277169 ] ] ] } },
{ "type": "Feature", "properties": { "id": 5772, "insc_imob": "00.11.36.17.190", "quadra_cartorio": null, "lote_cartorio": "08", "matricula": "130774", "circunscricao": "1º CIRCUNSCRIÇÃO", "zoneamento": "AUM - ÁREA DE USO MISTO", "condominio": null, "area_geom": 200.0, "cnm": "062661.2.0130774-25" }, "geometry": { "type": "Polygon", "coordinates": [ [ [ -54.810436, -22.277342 ], [ -54.810529, -22.277316 ], [ -54.810557, -22.277403 ], [ -54.810585, -22.277489 ], [ -54.810492, -22.277515 ], [ -54.810464, -22.277429 ], [ -54.810436, -22.277342 ] ] ] } },
{ "type": "Feature", "properties": { "id": 5865, "insc_imob": "00.11.36.19.150", "quadra_cartorio": null, "lote_cartorio": "30", "matricula": "131342", "circunscricao": "1º CIRCUNSCRIÇÃO", "zoneamento": "AUM - ÁREA DE USO MISTO", "condominio": null, "area_geom": 200.0, "cnm": "062661.2.0131342-67" }, "geometry": { "type": "Polygon", "coordinates": [ [ [ -54.806869, -22.278342 ], [ -54.806897, -22.278428 ], [ -54.806711, -22.27848 ], [ -54.806683, -22.278394 ], [ -54.806869, -22.278342 ] ] ] } },
{ "type": "Feature", "properties": { "id": 5864, "insc_imob": "00.11.36.19.160", "quadra_cartorio": null, "lote_cartorio": "01", "matricula": "131313", "circunscricao": "1º CIRCUNSCRIÇÃO", "zoneamento": "AUM - ÁREA DE USO MISTO", "condominio": null, "area_geom": 200.0, "cnm": "062661.2.0131313-57" }, "geometry": { "type": "Polygon", "coordinates": [ [ [ -54.806711, -22.27848 ], [ -54.806897, -22.278428 ], [ -54.806925, -22.278515 ], [ -54.806739, -22.278567 ], [ -54.806711, -22.27848 ] ] ] } },
{ "type": "Feature", "properties": { "id": 5867, "insc_imob": "00.11.36.19.130", "quadra_cartorio": null, "lote_cartorio": "28", "matricula": "131340", "circunscricao": "1º CIRCUNSCRIÇÃO", "zoneamento": "AUM - ÁREA DE USO MISTO", "condominio": null, "area_geom": 200.0, "cnm": "062661.2.0131340-73" }, "geometry": { "type": "Polygon", "coordinates": [ [ [ -54.806627, -22.278221 ], [ -54.806813, -22.278169 ], [ -54.806841, -22.278255 ], [ -54.806655, -22.278307 ], [ -54.806627, -22.278221 ] ] ] } },
{ "type": "Feature", "properties": { "id": 5866, "insc_imob": "00.11.36.19.140", "quadra_cartorio": null, "lote_cartorio": "29", "matricula": "131341", "circunscricao": "1º CIRCUNSCRIÇÃO", "zoneamento": "AUM - ÁREA DE USO MISTO", "condominio": null, "area_geom": 200.0, "cnm": "062661.2.0131341-70" }, "geometry": { "type": "Polygon", "coordinates": [ [ [ -54.806655, -22.278307 ], [ -54.806841, -22.278255 ], [ -54.806869, -22.278342 ], [ -54.806683, -22.278394 ], [ -54.806655, -22.278307 ] ] ] } },
{ "type": "Feature", "properties": { "id": 5869, "insc_imob": "00.11.36.19.290", "quadra_cartorio": null, "lote_cartorio": "14", "matricula": "131326", "circunscricao": "1º CIRCUNSCRIÇÃO", "zoneamento": "AUM - ÁREA DE USO MISTO", "condominio": null, "area_geom": 200.0, "cnm": "062661.2.0131326-18" }, "geometry": { "type": "Polygon", "coordinates": [ [ [ -54.807891, -22.278056 ], [ -54.808076, -22.278003 ], [ -54.808104, -22.27809 ], [ -54.807919, -22.278142 ], [ -54.807891, -22.278056 ] ] ] } },
{ "type": "Feature", "properties": { "id": 5868, "insc_imob": "00.11.36.19.280", "quadra_cartorio": null, "lote_cartorio": "13", "matricula": "131325", "circunscricao": "1º CIRCUNSCRIÇÃO", "zoneamento": "AUM - ÁREA DE USO MISTO", "condominio": null, "area_geom": 200.0, "cnm": "062661.2.0131325-21" }, "geometry": { "type": "Polygon", "coordinates": [ [ [ -54.807919, -22.278142 ], [ -54.808104, -22.27809 ], [ -54.808132, -22.278176 ], [ -54.807947, -22.278228 ], [ -54.807919, -22.278142 ] ] ] } },
{ "type": "Feature", "properties": { "id": 5870, "insc_imob": "00.11.36.19.300", "quadra_cartorio": null, "lote_cartorio": "15", "matricula": "131327", "circunscricao": "1º CIRCUNSCRIÇÃO", "zoneamento": "AUM - ÁREA DE USO MISTO", "condominio": null, "area_geom": 200.0, "cnm": "062661.2.0131327-15" }, "geometry": { "type": "Polygon", "coordinates": [ [ [ -54.807863, -22.277969 ], [ -54.808048, -22.277917 ], [ -54.808076, -22.278003 ], [ -54.807891, -22.278056 ], [ -54.807863, -22.277969 ] ] ] } },
{ "type": "Feature", "properties": { "id": 5861, "insc_imob": "00.11.36.18.260", "quadra_cartorio": null, "lote_cartorio": "11", "matricula": "131003", "circunscricao": "1º CIRCUNSCRIÇÃO", "zoneamento": "AUM - ÁREA DE USO MISTO", "condominio": null, "area_geom": 200.0, "cnm": "062661.2.0131003-17" }, "geometry": { "type": "Polygon", "coordinates": [ [ [ -54.80921, -22.277686 ], [ -54.809303, -22.27766 ], [ -54.809331, -22.277746 ], [ -54.809359, -22.277833 ], [ -54.809266, -22.277859 ], [ -54.809238, -22.277772 ], [ -54.80921, -22.277686 ] ] ] } },
{ "type": "Feature", "properties": { "id": 5863, "insc_imob": "00.11.36.18.020", "quadra_cartorio": null, "lote_cartorio": "17", "matricula": "131009", "circunscricao": "1º CIRCUNSCRIÇÃO", "zoneamento": "AUM - ÁREA DE USO MISTO", "condominio": null, "area_geom": 200.0, "cnm": "062661.2.0131009-96" }, "geometry": { "type": "Polygon", "coordinates": [ [ [ -54.809247, -22.277487 ], [ -54.80934, -22.277461 ], [ -54.809368, -22.277547 ], [ -54.809395, -22.277634 ], [ -54.809303, -22.27766 ], [ -54.809275, -22.277573 ], [ -54.809247, -22.277487 ] ] ] } },
{ "type": "Feature", "properties": { "id": 5862, "insc_imob": "00.11.36.18.030", "quadra_cartorio": null, "lote_cartorio": "18", "matricula": "131010", "circunscricao": "1º CIRCUNSCRIÇÃO", "zoneamento": "AUM - ÁREA DE USO MISTO", "condominio": null, "area_geom": 200.0, "cnm": "062661.2.0131010-93" }, "geometry": { "type": "Polygon", "coordinates": [ [ [ -54.809182, -22.277599 ], [ -54.809154, -22.277513 ], [ -54.809247, -22.277487 ], [ -54.809275, -22.277573 ], [ -54.809303, -22.27766 ], [ -54.80921, -22.277686 ], [ -54.809182, -22.277599 ] ] ] } },
{ "type": "Feature", "properties": { "id": 5881, "insc_imob": "00.11.36.19.010", "quadra_cartorio": null, "lote_cartorio": "16", "matricula": "131328", "circunscricao": "1º CIRCUNSCRIÇÃO", "zoneamento": "AUM - ÁREA DE USO MISTO", "condominio": null, "area_geom": 200.0, "cnm": "062661.2.0131328-12" }, "geometry": { "type": "Polygon", "coordinates": [ [ [ -54.807835, -22.277883 ], [ -54.808021, -22.277831 ], [ -54.808048, -22.277917 ], [ -54.807863, -22.277969 ], [ -54.807835, -22.277883 ] ] ] } },
{ "type": "Feature", "properties": { "id": 5839, "insc_imob": "00.11.36.18.240", "quadra_cartorio": null, "lote_cartorio": "09", "matricula": "131001", "circunscricao": "1º CIRCUNSCRIÇÃO", "zoneamento": "AUM - ÁREA DE USO MISTO", "condominio": null, "area_geom": 200.0, "cnm": "062661.2.0131001-23" }, "geometry": { "type": "Polygon", "coordinates": [ [ [ -54.809024, -22.277738 ], [ -54.809117, -22.277712 ], [ -54.809145, -22.277798 ], [ -54.809173, -22.277885 ], [ -54.80908, -22.277911 ], [ -54.809052, -22.277824 ], [ -54.809024, -22.277738 ] ] ] } },
{ "type": "Feature", "properties": { "id": 5827, "insc_imob": "00.11.36.18.220", "quadra_cartorio": null, "lote_cartorio": "07", "matricula": "130999", "circunscricao": "1º CIRCUNSCRIÇÃO", "zoneamento": "AUM - ÁREA DE USO MISTO", "condominio": null, "area_geom": 200.0, "cnm": "062661.2.0130999-29" }, "geometry": { "type": "Polygon", "coordinates": [ [ [ -54.808838, -22.27779 ], [ -54.808931, -22.277764 ], [ -54.808959, -22.27785 ], [ -54.808987, -22.277937 ], [ -54.808894, -22.277963 ], [ -54.808866, -22.277876 ], [ -54.808838, -22.27779 ] ] ] } },
{ "type": "Feature", "properties": { "id": 5829, "insc_imob": "00.11.36.18.230", "quadra_cartorio": null, "lote_cartorio": "08", "matricula": "131000", "circunscricao": "1º CIRCUNSCRIÇÃO", "zoneamento": "AUM - ÁREA DE USO MISTO", "condominio": null, "area_geom": 200.0, "cnm": "062661.2.0131000-26" }, "geometry": { "type": "Polygon", "coordinates": [ [ [ -54.808931, -22.277764 ], [ -54.809024, -22.277738 ], [ -54.809052, -22.277824 ], [ -54.80908, -22.277911 ], [ -54.808987, -22.277937 ], [ -54.808959, -22.27785 ], [ -54.808931, -22.277764 ] ] ] } },
{ "type": "Feature", "properties": { "id": 5828, "insc_imob": "00.11.36.18.070", "quadra_cartorio": null, "lote_cartorio": "22", "matricula": "131014", "circunscricao": "1º CIRCUNSCRIÇÃO", "zoneamento": "AUM - ÁREA DE USO MISTO", "condominio": null, "area_geom": 200.0, "cnm": "062661.2.0131014-81" }, "geometry": { "type": "Polygon", "coordinates": [ [ [ -54.80881, -22.277704 ], [ -54.808782, -22.277617 ], [ -54.808875, -22.277591 ], [ -54.808903, -22.277678 ], [ -54.808931, -22.277764 ], [ -54.808838, -22.27779 ], [ -54.80881, -22.277704 ] ] ] } },
{ "type": "Feature", "properties": { "id": 5830, "insc_imob": "00.11.36.18.060", "quadra_cartorio": null, "lote_cartorio": "21", "matricula": "131013", "circunscricao": "1º CIRCUNSCRIÇÃO", "zoneamento": "AUM - ÁREA DE USO MISTO", "condominio": null, "area_geom": 200.0, "cnm": "062661.2.0131013-84" }, "geometry": { "type": "Polygon", "coordinates": [ [ [ -54.808903, -22.277678 ], [ -54.808875, -22.277591 ], [ -54.808968, -22.277565 ], [ -54.808996, -22.277652 ], [ -54.809024, -22.277738 ], [ -54.808931, -22.277764 ], [ -54.808903, -22.277678 ] ] ] } },
{ "type": "Feature", "properties": { "id": 5841, "insc_imob": "00.11.36.18.250", "quadra_cartorio": null, "lote_cartorio": "10", "matricula": "131002", "circunscricao": "1º CIRCUNSCRIÇÃO", "zoneamento": "AUM - ÁREA DE USO MISTO", "condominio": null, "area_geom": 200.0, "cnm": "062661.2.0131002-20" }, "geometry": { "type": "Polygon", "coordinates": [ [ [ -54.809117, -22.277712 ], [ -54.80921, -22.277686 ], [ -54.809238, -22.277772 ], [ -54.809266, -22.277859 ], [ -54.809173, -22.277885 ], [ -54.809145, -22.277798 ], [ -54.809117, -22.277712 ] ] ] } },
{ "type": "Feature", "properties": { "id": 5840, "insc_imob": "00.11.36.18.050", "quadra_cartorio": null, "lote_cartorio": "20", "matricula": "131012", "circunscricao": "1º CIRCUNSCRIÇÃO", "zoneamento": "AUM - ÁREA DE USO MISTO", "condominio": null, "area_geom": 200.0, "cnm": "062661.2.0131012-87" }, "geometry": { "type": "Polygon", "coordinates": [ [ [ -54.808968, -22.277565 ], [ -54.809061, -22.277539 ], [ -54.809089, -22.277625 ], [ -54.809117, -22.277712 ], [ -54.809024, -22.277738 ], [ -54.808996, -22.277652 ], [ -54.808968, -22.277565 ] ] ] } },
{ "type": "Feature", "properties": { "id": 104736, "insc_imob": "00.11.36.34.270", "quadra_cartorio": null, "lote_cartorio": "12", "matricula": "130914", "circunscricao": "1º CIRCUNSCRIÇÃO", "zoneamento": "AUM - ÁREA DE USO MISTO", "condominio": null, "area_geom": 200.0, "cnm": "062661.2.0130914-90" }, "geometry": { "type": "Polygon", "coordinates": [ [ [ -54.808844, -22.276242 ], [ -54.808937, -22.276216 ], [ -54.808965, -22.276302 ], [ -54.808993, -22.276389 ], [ -54.8089, -22.276415 ], [ -54.808872, -22.276329 ], [ -54.808844, -22.276242 ] ] ] } },
{ "type": "Feature", "properties": { "id": 104739, "insc_imob": "00.11.36.43.040", "quadra_cartorio": null, "lote_cartorio": "17", "matricula": "131816", "circunscricao": "1º CIRCUNSCRIÇÃO", "zoneamento": "AUM - ÁREA DE USO MISTO", "condominio": null, "area_geom": 200.0, "cnm": "062661.2.0131816-03" }, "geometry": { "type": "Polygon", "coordinates": [ [ [ -54.803311, -22.277114 ], [ -54.803404, -22.277088 ], [ -54.80346, -22.27726 ], [ -54.803367, -22.277286 ], [ -54.803311, -22.277114 ] ] ] } },
{ "type": "Feature", "properties": { "id": 104738, "insc_imob": "00.11.36.38.120", "quadra_cartorio": null, "lote_cartorio": "27", "matricula": "131851", "circunscricao": "1º CIRCUNSCRIÇÃO", "zoneamento": "ZEIA - ZONA ESPECIAL DE INTERESSE AMBIENTAL", "condominio": null, "area_geom": 200.0, "cnm": "062661.2.0131851-92" }, "geometry": { "type": "Polygon", "coordinates": [ [ [ -54.802741, -22.277858 ], [ -54.802713, -22.277771 ], [ -54.802806, -22.277745 ], [ -54.802862, -22.277918 ], [ -54.802769, -22.277944 ], [ -54.802741, -22.277858 ] ] ] } },
{ "type": "Feature", "properties": { "id": 104740, "insc_imob": "00.11.36.42.300", "quadra_cartorio": null, "lote_cartorio": "15", "matricula": "131582", "circunscricao": "1º CIRCUNSCRIÇÃO", "zoneamento": "AUM - ÁREA DE USO MISTO", "condominio": null, "area_geom": 200.0, "cnm": "062661.2.0131582-26" }, "geometry": { "type": "Polygon", "coordinates": [ [ [ -54.805122, -22.2767 ], [ -54.805308, -22.276648 ], [ -54.805336, -22.276735 ], [ -54.80515, -22.276787 ], [ -54.805122, -22.2767 ] ] ] } },
{ "type": "Feature", "properties": { "id": 104486, "insc_imob": "00.11.36.42.140", "quadra_cartorio": null, "lote_cartorio": "29", "matricula": "131596", "circunscricao": "1º CIRCUNSCRIÇÃO", "zoneamento": "AUM - ÁREA DE USO MISTO", "condominio": null, "area_geom": 200.0, "cnm": "062661.2.0131596-81" }, "geometry": { "type": "Polygon", "coordinates": [ [ [ -54.803915, -22.277039 ], [ -54.8041, -22.276987 ], [ -54.804128, -22.277073 ], [ -54.803943, -22.277125 ], [ -54.803915, -22.277039 ] ] ] } },
{ "type": "Feature", "properties": { "id": 104565, "insc_imob": "00.11.36.53.170", "quadra_cartorio": null, "lote_cartorio": "06", "matricula": "131393", "circunscricao": "1º CIRCUNSCRIÇÃO", "zoneamento": "AUM - ÁREA DE USO MISTO", "condominio": null, "area_geom": 200.0, "cnm": "062661.2.0131393-11" }, "geometry": { "type": "Polygon", "coordinates": [ [ [ -54.805308, -22.275394 ], [ -54.805401, -22.275368 ], [ -54.805493, -22.275342 ], [ -54.805521, -22.275429 ], [ -54.805428, -22.275455 ], [ -54.805336, -22.275481 ], [ -54.805308, -22.275394 ] ] ] } },
{ "type": "Feature", "properties": { "id": 104564, "insc_imob": "00.11.36.36.280", "quadra_cartorio": null, "lote_cartorio": "14", "matricula": "131423", "circunscricao": "1º CIRCUNSCRIÇÃO", "zoneamento": "AUM - ÁREA DE USO MISTO", "condominio": null, "area_geom": 220.0, "cnm": "062661.2.0131423-18" }, "geometry": { "type": "Polygon", "coordinates": [ [ [ -54.805655, -22.276155 ], [ -54.805748, -22.276129 ], [ -54.805779, -22.276224 ], [ -54.805593, -22.276276 ], [ -54.805562, -22.276181 ], [ -54.805655, -22.276155 ] ] ] } },
{ "type": "Feature", "properties": { "id": 104567, "insc_imob": "00.11.36.53.180", "quadra_cartorio": null, "lote_cartorio": "07", "matricula": "131394", "circunscricao": "1º CIRCUNSCRIÇÃO", "zoneamento": "AUM - ÁREA DE USO MISTO", "condominio": null, "area_geom": 200.0, "cnm": "062661.2.0131394-08" }, "geometry": { "type": "Polygon", "coordinates": [ [ [ -54.80528, -22.275308 ], [ -54.805373, -22.275282 ], [ -54.805465, -22.275256 ], [ -54.805493, -22.275342 ], [ -54.805401, -22.275368 ], [ -54.805308, -22.275394 ], [ -54.80528, -22.275308 ] ] ] } },
{ "type": "Feature", "properties": { "id": 104640, "insc_imob": "00.11.36.14.070", "quadra_cartorio": null, "lote_cartorio": "16", "matricula": "131471", "circunscricao": "1º CIRCUNSCRIÇÃO", "zoneamento": "AUM - ÁREA DE USO MISTO", "condominio": null, "area_geom": 200.0, "cnm": "062661.2.0131471-68" }, "geometry": { "type": "Polygon", "coordinates": [ [ [ -54.806184, -22.278732 ], [ -54.80637, -22.278679 ], [ -54.806398, -22.278766 ], [ -54.806212, -22.278818 ], [ -54.806184, -22.278732 ] ] ] } },
{ "type": "Feature", "properties": { "id": 104666, "insc_imob": "00.11.36.56.010", "quadra_cartorio": null, "lote_cartorio": "AREA INST.", "matricula": "130831", "circunscricao": "1º CIRCUNSCRIÇÃO", "zoneamento": "AUM - ÁREA DE USO MISTO", "condominio": null, "area_geom": 5320.41, "cnm": "062661.2.0130831-48" }, "geometry": { "type": "Polygon", "coordinates": [ [ [ -54.808304, -22.274442 ], [ -54.807151, -22.274765 ], [ -54.806911, -22.274025 ], [ -54.808304, -22.274442 ] ] ] } },
{ "type": "Feature", "properties": { "id": 105087, "insc_imob": "00.11.36.48.110", "quadra_cartorio": null, "lote_cartorio": "26", "matricula": "131563", "circunscricao": "1º CIRCUNSCRIÇÃO", "zoneamento": "AUM - ÁREA DE USO MISTO", "condominio": null, "area_geom": 200.0, "cnm": "062661.2.0131563-83" }, "geometry": { "type": "Polygon", "coordinates": [ [ [ -54.80402, -22.276425 ], [ -54.804113, -22.276399 ], [ -54.804141, -22.276485 ], [ -54.804169, -22.276571 ], [ -54.804076, -22.276597 ], [ -54.804048, -22.276511 ], [ -54.80402, -22.276425 ] ] ] } },
{ "type": "Feature", "properties": { "id": 105192, "insc_imob": "00.11.36.35.190", "quadra_cartorio": null, "lote_cartorio": "04", "matricula": "131226", "circunscricao": "1º CIRCUNSCRIÇÃO", "zoneamento": "AUM - ÁREA DE USO MISTO", "condominio": null, "area_geom": 200.0, "cnm": "062661.2.0131226-27" }, "geometry": { "type": "Polygon", "coordinates": [ [ [ -54.806596, -22.276872 ], [ -54.806689, -22.276846 ], [ -54.806717, -22.276932 ], [ -54.806745, -22.277019 ], [ -54.806652, -22.277045 ], [ -54.806624, -22.276958 ], [ -54.806596, -22.276872 ] ] ] } },
{ "type": "Feature", "properties": { "id": 105195, "insc_imob": "00.11.36.54.280", "quadra_cartorio": null, "lote_cartorio": "13", "matricula": "131520", "circunscricao": "1º CIRCUNSCRIÇÃO", "zoneamento": "AUM - ÁREA DE USO MISTO", "condominio": null, "area_geom": 200.0, "cnm": "062661.2.0131520-18" }, "geometry": { "type": "Polygon", "coordinates": [ [ [ -54.804834, -22.27581 ], [ -54.80502, -22.275758 ], [ -54.805048, -22.275844 ], [ -54.804862, -22.275896 ], [ -54.804834, -22.27581 ] ] ] } },
{ "type": "Feature", "properties": { "id": 106147, "insc_imob": "00.11.36.47.270", "quadra_cartorio": null, "lote_cartorio": "12", "matricula": "131174", "circunscricao": "1º CIRCUNSCRIÇÃO", "zoneamento": "AUM - ÁREA DE USO MISTO", "condominio": null, "area_geom": 200.0, "cnm": "062661.2.0131174-86" }, "geometry": { "type": "Polygon", "coordinates": [ [ [ -54.807048, -22.275765 ], [ -54.807141, -22.275739 ], [ -54.807169, -22.275825 ], [ -54.807197, -22.275911 ], [ -54.807104, -22.275938 ], [ -54.807076, -22.275851 ], [ -54.807048, -22.275765 ] ] ] } },
{ "type": "Feature", "properties": { "id": 106149, "insc_imob": "00.11.36.32.040", "quadra_cartorio": null, "lote_cartorio": "04", "matricula": "113069", "circunscricao": "1º CIRCUNSCRIÇÃO", "zoneamento": "AUM - ÁREA DE USO MISTO", "condominio": null, "area_geom": 200.04, "cnm": "062661.2.0113069-81" }, "geometry": { "type": "Polygon", "coordinates": [ [ [ -54.809893, -22.275596 ], [ -54.810054, -22.275495 ], [ -54.810108, -22.27557 ], [ -54.809947, -22.275671 ], [ -54.809941, -22.275662 ], [ -54.809893, -22.275596 ] ] ] } },
{ "type": "Feature", "properties": { "id": 98573, "insc_imob": "00.11.36.52.300", "quadra_cartorio": null, "lote_cartorio": "15", "matricula": "131147", "circunscricao": "1º CIRCUNSCRIÇÃO", "zoneamento": "AUM - ÁREA DE USO MISTO", "condominio": null, "area_geom": 200.0, "cnm": "062661.2.0131147-70" }, "geometry": { "type": "Polygon", "coordinates": [ [ [ -54.806915, -22.275038 ], [ -54.8071, -22.274986 ], [ -54.807128, -22.275073 ], [ -54.806943, -22.275125 ], [ -54.806915, -22.275038 ] ] ] } },
{ "type": "Feature", "properties": { "id": 98383, "insc_imob": "00.11.36.03.040", "quadra_cartorio": null, "lote_cartorio": "04", "matricula": "130820", "circunscricao": "1º CIRCUNSCRIÇÃO", "zoneamento": "AUM - ÁREA DE USO MISTO", "condominio": null, "area_geom": 199.63, "cnm": "062661.2.0130820-81" }, "geometry": { "type": "Polygon", "coordinates": [ [ [ -54.810991, -22.278055 ], [ -54.811084, -22.278029 ], [ -54.811139, -22.278202 ], [ -54.811046, -22.278228 ], [ -54.810991, -22.278055 ] ] ] } },
{ "type": "Feature", "properties": { "id": 112766, "insc_imob": "00.11.36.42.230", "quadra_cartorio": null, "lote_cartorio": "08", "matricula": "131575", "circunscricao": "1º CIRCUNSCRIÇÃO", "zoneamento": "AUM - ÁREA DE USO MISTO", "condominio": null, "area_geom": 200.0, "cnm": "062661.2.0131575-47" }, "geometry": { "type": "Polygon", "coordinates": [ [ [ -54.804686, -22.276917 ], [ -54.804779, -22.276891 ], [ -54.804807, -22.276977 ], [ -54.804835, -22.277064 ], [ -54.804742, -22.27709 ], [ -54.804714, -22.277003 ], [ -54.804686, -22.276917 ] ] ] } },
{ "type": "Feature", "properties": { "id": 106858, "insc_imob": "00.11.36.41.130", "quadra_cartorio": null, "lote_cartorio": "28", "matricula": "131220", "circunscricao": "1º CIRCUNSCRIÇÃO", "zoneamento": "AUM - ÁREA DE USO MISTO", "condominio": null, "area_geom": 200.0, "cnm": "062661.2.0131220-45" }, "geometry": { "type": "Polygon", "coordinates": [ [ [ -54.806209, -22.276302 ], [ -54.806237, -22.276388 ], [ -54.806051, -22.27644 ], [ -54.806023, -22.276354 ], [ -54.806209, -22.276302 ] ] ] } },
{ "type": "Feature", "properties": { "id": 106861, "insc_imob": "00.11.36.41.300", "quadra_cartorio": null, "lote_cartorio": "15", "matricula": "131207", "circunscricao": "1º CIRCUNSCRIÇÃO", "zoneamento": "AUM - ÁREA DE USO MISTO", "condominio": null, "area_geom": 200.0, "cnm": "062661.2.0131207-84" }, "geometry": { "type": "Polygon", "coordinates": [ [ [ -54.807259, -22.276102 ], [ -54.807444, -22.27605 ], [ -54.807472, -22.276136 ], [ -54.807287, -22.276188 ], [ -54.807259, -22.276102 ] ] ] } },
{ "type": "Feature", "properties": { "id": 106860, "insc_imob": "00.11.36.41.290", "quadra_cartorio": null, "lote_cartorio": "14", "matricula": "131206", "circunscricao": "1º CIRCUNSCRIÇÃO", "zoneamento": "AUM - ÁREA DE USO MISTO", "condominio": null, "area_geom": 200.0, "cnm": "062661.2.0131206-87" }, "geometry": { "type": "Polygon", "coordinates": [ [ [ -54.807287, -22.276188 ], [ -54.807472, -22.276136 ], [ -54.8075, -22.276223 ], [ -54.807315, -22.276275 ], [ -54.807287, -22.276188 ] ] ] } },
{ "type": "Feature", "properties": { "id": 106863, "insc_imob": "00.11.36.41.170", "quadra_cartorio": null, "lote_cartorio": "02", "matricula": "131194", "circunscricao": "1º CIRCUNSCRIÇÃO", "zoneamento": "AUM - ÁREA DE USO MISTO", "condominio": null, "area_geom": 200.0, "cnm": "062661.2.0131194-26" }, "geometry": { "type": "Polygon", "coordinates": [ [ [ -54.806265, -22.276474 ], [ -54.806358, -22.276448 ], [ -54.806386, -22.276535 ], [ -54.806414, -22.276621 ], [ -54.806321, -22.276647 ], [ -54.806293, -22.276561 ], [ -54.806265, -22.276474 ] ] ] } },
{ "type": "Feature", "properties": { "id": 106862, "insc_imob": "00.11.36.41.010", "quadra_cartorio": null, "lote_cartorio": "16", "matricula": "131208", "circunscricao": "1º CIRCUNSCRIÇÃO", "zoneamento": "AUM - ÁREA DE USO MISTO", "condominio": null, "area_geom": 200.0, "cnm": "062661.2.0131208-81" }, "geometry": { "type": "Polygon", "coordinates": [ [ [ -54.807231, -22.276015 ], [ -54.807416, -22.275963 ], [ -54.807444, -22.27605 ], [ -54.807259, -22.276102 ], [ -54.807231, -22.276015 ] ] ] } },
{ "type": "Feature", "properties": { "id": 106849, "insc_imob": "00.11.36.35.060", "quadra_cartorio": null, "lote_cartorio": "20", "matricula": "131242", "circunscricao": "1º CIRCUNSCRIÇÃO", "zoneamento": "AUM - ÁREA DE USO MISTO", "condominio": null, "area_geom": 200.0, "cnm": "062661.2.0131242-76" }, "geometry": { "type": "Polygon", "coordinates": [ [ [ -54.806912, -22.276595 ], [ -54.807005, -22.276569 ], [ -54.807033, -22.276655 ], [ -54.80706, -22.276742 ], [ -54.806968, -22.276768 ], [ -54.80694, -22.276681 ], [ -54.806912, -22.276595 ] ] ] } },
{ "type": "Feature", "properties": { "id": 106848, "insc_imob": "00.11.36.35.070", "quadra_cartorio": null, "lote_cartorio": "22", "matricula": "131244", "circunscricao": "1º CIRCUNSCRIÇÃO", "zoneamento": "AUM - ÁREA DE USO MISTO", "condominio": null, "area_geom": 200.0, "cnm": "062661.2.0131244-70" }, "geometry": { "type": "Polygon", "coordinates": [ [ [ -54.806819, -22.276621 ], [ -54.806912, -22.276595 ], [ -54.80694, -22.276681 ], [ -54.806968, -22.276768 ], [ -54.806875, -22.276794 ], [ -54.806847, -22.276707 ], [ -54.806819, -22.276621 ] ] ] } },
{ "type": "Feature", "properties": { "id": 106853, "insc_imob": "00.11.36.41.160", "quadra_cartorio": null, "lote_cartorio": "01", "matricula": "131193", "circunscricao": "1º CIRCUNSCRIÇÃO", "zoneamento": "AUM - ÁREA DE USO MISTO", "condominio": null, "area_geom": 200.0, "cnm": "062661.2.0131193-29" }, "geometry": { "type": "Polygon", "coordinates": [ [ [ -54.806107, -22.276613 ], [ -54.806293, -22.276561 ], [ -54.806321, -22.276647 ], [ -54.806135, -22.276699 ], [ -54.806107, -22.276613 ] ] ] } },
{ "type": "Feature", "properties": { "id": 106865, "insc_imob": "00.11.36.41.180", "quadra_cartorio": null, "lote_cartorio": "03", "matricula": "131195", "circunscricao": "1º CIRCUNSCRIÇÃO", "zoneamento": "AUM - ÁREA DE USO MISTO", "condominio": null, "area_geom": 200.0, "cnm": "062661.2.0131195-23" }, "geometry": { "type": "Polygon", "coordinates": [ [ [ -54.806358, -22.276448 ], [ -54.806451, -22.276422 ], [ -54.806479, -22.276509 ], [ -54.806507, -22.276595 ], [ -54.806414, -22.276621 ], [ -54.806386, -22.276535 ], [ -54.806358, -22.276448 ] ] ] } },
{ "type": "Feature", "properties": { "id": 106864, "insc_imob": "00.11.36.41.120", "quadra_cartorio": null, "lote_cartorio": "27", "matricula": "131219", "circunscricao": "1º CIRCUNSCRIÇÃO", "zoneamento": "AUM - ÁREA DE USO MISTO", "condominio": null, "area_geom": 200.0, "cnm": "062661.2.0131219-48" }, "geometry": { "type": "Polygon", "coordinates": [ [ [ -54.806209, -22.276302 ], [ -54.806302, -22.276276 ], [ -54.80633, -22.276362 ], [ -54.806358, -22.276448 ], [ -54.806265, -22.276474 ], [ -54.806237, -22.276388 ], [ -54.806209, -22.276302 ] ] ] } },
{ "type": "Feature", "properties": { "id": 107267, "insc_imob": "00.11.36.16.300", "quadra_cartorio": null, "lote_cartorio": "15", "matricula": "131898", "circunscricao": "1º CIRCUNSCRIÇÃO", "zoneamento": "AUM - ÁREA DE USO MISTO", "condominio": null, "area_geom": 200.0, "cnm": "062661.2.0131898-48" }, "geometry": { "type": "Polygon", "coordinates": [ [ [ -54.804367, -22.279439 ], [ -54.804553, -22.279387 ], [ -54.804581, -22.279473 ], [ -54.804395, -22.279525 ], [ -54.804367, -22.279439 ] ] ] } },
{ "type": "Feature", "properties": { "id": 6537, "insc_imob": "00.11.36.43.250", "quadra_cartorio": null, "lote_cartorio": "13", "matricula": "131812", "circunscricao": "1º CIRCUNSCRIÇÃO", "zoneamento": "AUM - ÁREA DE USO MISTO", "condominio": null, "area_geom": 200.0, "cnm": "062661.2.0131812-15" }, "geometry": { "type": "Polygon", "coordinates": [ [ [ -54.803617, -22.277122 ], [ -54.803803, -22.27707 ], [ -54.803831, -22.277156 ], [ -54.803645, -22.277208 ], [ -54.803617, -22.277122 ] ] ] } },
{ "type": "Feature", "properties": { "id": 6536, "insc_imob": "00.11.36.43.240", "quadra_cartorio": null, "lote_cartorio": "12", "matricula": "131811", "circunscricao": "1º CIRCUNSCRIÇÃO", "zoneamento": "AUM - ÁREA DE USO MISTO", "condominio": null, "area_geom": 200.0, "cnm": "062661.2.0131811-18" }, "geometry": { "type": "Polygon", "coordinates": [ [ [ -54.803645, -22.277208 ], [ -54.803831, -22.277156 ], [ -54.803859, -22.277243 ], [ -54.803673, -22.277295 ], [ -54.803645, -22.277208 ] ] ] } },
{ "type": "Feature", "properties": { "id": 6878, "insc_imob": "00.11.36.49.040", "quadra_cartorio": null, "lote_cartorio": "14", "matricula": "131794", "circunscricao": "1º CIRCUNSCRIÇÃO", "zoneamento": "AUM - ÁREA DE USO MISTO", "condominio": null, "area_geom": 200.0, "cnm": "062661.2.0131794-69" }, "geometry": { "type": "Polygon", "coordinates": [ [ [ -54.803165, -22.276664 ], [ -54.803258, -22.276638 ], [ -54.803314, -22.276811 ], [ -54.803221, -22.276837 ], [ -54.803165, -22.276664 ] ] ] } },
{ "type": "Feature", "properties": { "id": 6198, "insc_imob": "00.11.36.27.060", "quadra_cartorio": null, "lote_cartorio": "21", "matricula": "131678", "circunscricao": "1º CIRCUNSCRIÇÃO", "zoneamento": "AUM - ÁREA DE USO MISTO", "condominio": null, "area_geom": 200.0, "cnm": "062661.2.0131678-29" }, "geometry": { "type": "Polygon", "coordinates": [ [ [ -54.805116, -22.278248 ], [ -54.805088, -22.278162 ], [ -54.805181, -22.278136 ], [ -54.805209, -22.278222 ], [ -54.805237, -22.278309 ], [ -54.805144, -22.278335 ], [ -54.805116, -22.278248 ] ] ] } },
{ "type": "Feature", "properties": { "id": 6327, "insc_imob": "00.11.36.31.100", "quadra_cartorio": null, "lote_cartorio": "25", "matricula": "131652", "circunscricao": "1º CIRCUNSCRIÇÃO", "zoneamento": "AUM - ÁREA DE USO MISTO", "condominio": null, "area_geom": 200.0, "cnm": "062661.2.0131652-10" }, "geometry": { "type": "Polygon", "coordinates": [ [ [ -54.804599, -22.277903 ], [ -54.804571, -22.277816 ], [ -54.804664, -22.27779 ], [ -54.804692, -22.277877 ], [ -54.80472, -22.277963 ], [ -54.804627, -22.277989 ], [ -54.804599, -22.277903 ] ] ] } },
{ "type": "Feature", "properties": { "id": 6961, "insc_imob": "00.11.36.48.090", "quadra_cartorio": null, "lote_cartorio": "24", "matricula": "131561", "circunscricao": "1º CIRCUNSCRIÇÃO", "zoneamento": "AUM - ÁREA DE USO MISTO", "condominio": null, "area_geom": 200.0, "cnm": "062661.2.0131561-89" }, "geometry": { "type": "Polygon", "coordinates": [ [ [ -54.804206, -22.276373 ], [ -54.804299, -22.276346 ], [ -54.804327, -22.276433 ], [ -54.804355, -22.276519 ], [ -54.804262, -22.276545 ], [ -54.804234, -22.276459 ], [ -54.804206, -22.276373 ] ] ] } },
{ "type": "Feature", "properties": { "id": 6979, "insc_imob": "00.11.36.54.130", "quadra_cartorio": null, "lote_cartorio": "28", "matricula": "131535", "circunscricao": "1º CIRCUNSCRIÇÃO", "zoneamento": "AUM - ÁREA DE USO MISTO", "condominio": null, "area_geom": 200.0, "cnm": "062661.2.0131535-70" }, "geometry": { "type": "Polygon", "coordinates": [ [ [ -54.803543, -22.275889 ], [ -54.803728, -22.275837 ], [ -54.803756, -22.275923 ], [ -54.803571, -22.275975 ], [ -54.803543, -22.275889 ] ] ] } },
{ "type": "Feature", "properties": { "id": 7136, "insc_imob": "00.11.36.54.040", "quadra_cartorio": null, "lote_cartorio": "19", "matricula": "131526", "circunscricao": "1º CIRCUNSCRIÇÃO", "zoneamento": "AUM - ÁREA DE USO MISTO", "condominio": null, "area_geom": 200.0, "cnm": "062661.2.0131526-97" }, "geometry": { "type": "Polygon", "coordinates": [ [ [ -54.804472, -22.275629 ], [ -54.804564, -22.275603 ], [ -54.804592, -22.275689 ], [ -54.80462, -22.275775 ], [ -54.804528, -22.275801 ], [ -54.8045, -22.275715 ], [ -54.804472, -22.275629 ] ] ] } },
{ "type": "Feature", "properties": { "id": 7132, "insc_imob": "00.11.36.54.070", "quadra_cartorio": null, "lote_cartorio": "22", "matricula": "131529", "circunscricao": "1º CIRCUNSCRIÇÃO", "zoneamento": "AUM - ÁREA DE USO MISTO", "condominio": null, "area_geom": 200.0, "cnm": "062661.2.0131529-88" }, "geometry": { "type": "Polygon", "coordinates": [ [ [ -54.804193, -22.275707 ], [ -54.804286, -22.275681 ], [ -54.804314, -22.275767 ], [ -54.804342, -22.275854 ], [ -54.804249, -22.27588 ], [ -54.804221, -22.275793 ], [ -54.804193, -22.275707 ] ] ] } },
{ "type": "Feature", "properties": { "id": 7135, "insc_imob": "00.11.36.54.240", "quadra_cartorio": null, "lote_cartorio": "09", "matricula": "131516", "circunscricao": "1º CIRCUNSCRIÇÃO", "zoneamento": "AUM - ÁREA DE USO MISTO", "condominio": null, "area_geom": 200.0, "cnm": "062661.2.0131516-30" }, "geometry": { "type": "Polygon", "coordinates": [ [ [ -54.804435, -22.275827 ], [ -54.804528, -22.275801 ], [ -54.804555, -22.275888 ], [ -54.804583, -22.275974 ], [ -54.804491, -22.276 ], [ -54.804463, -22.275914 ], [ -54.804435, -22.275827 ] ] ] } },
{ "type": "Feature", "properties": { "id": 6903, "insc_imob": "00.11.36.49.080", "quadra_cartorio": null, "lote_cartorio": "18", "matricula": "1231798", "circunscricao": "1º CIRCUNSCRIÇÃO", "zoneamento": "AUM - ÁREA DE USO MISTO", "condominio": null, "area_geom": 284.87, "cnm": "062661.2.1231798-94" }, "geometry": { "type": "Polygon", "coordinates": [ [ [ -54.80277, -22.276869 ], [ -54.803008, -22.276802 ], [ -54.803035, -22.276889 ], [ -54.802943, -22.276915 ], [ -54.802743, -22.276971 ], [ -54.802764, -22.276894 ], [ -54.80277, -22.276869 ] ] ] } },
{ "type": "Feature", "properties": { "id": 6879, "insc_imob": "00.11.36.49.050", "quadra_cartorio": null, "lote_cartorio": "15", "matricula": "131795", "circunscricao": "1º CIRCUNSCRIÇÃO", "zoneamento": "AUM - ÁREA DE USO MISTO", "condominio": null, "area_geom": 200.0, "cnm": "062661.2.0131795-66" }, "geometry": { "type": "Polygon", "coordinates": [ [ [ -54.803072, -22.27669 ], [ -54.803165, -22.276664 ], [ -54.803221, -22.276837 ], [ -54.803128, -22.276863 ], [ -54.803072, -22.27669 ] ] ] } },
{ "type": "Feature", "properties": { "id": 7424, "insc_imob": "00.11.36.29.150", "quadra_cartorio": null, "lote_cartorio": "30", "matricula": "130962", "circunscricao": "1º CIRCUNSCRIÇÃO", "zoneamento": "AUM - ÁREA DE USO MISTO", "condominio": null, "area_geom": 200.0, "cnm": "062661.2.0130962-43" }, "geometry": { "type": "Polygon", "coordinates": [ [ [ -54.807897, -22.277073 ], [ -54.808083, -22.277021 ], [ -54.808111, -22.277108 ], [ -54.807925, -22.27716 ], [ -54.807897, -22.277073 ] ] ] } },
{ "type": "Feature", "properties": { "id": 7205, "insc_imob": "00.11.36.58.080", "quadra_cartorio": null, "lote_cartorio": "23", "matricula": "131500", "circunscricao": "1º CIRCUNSCRIÇÃO", "zoneamento": "AUM - ÁREA DE USO MISTO", "condominio": null, "area_geom": 200.0, "cnm": "062661.2.0131500-78" }, "geometry": { "type": "Polygon", "coordinates": [ [ [ -54.803955, -22.275283 ], [ -54.804048, -22.275257 ], [ -54.804075, -22.275344 ], [ -54.804103, -22.27543 ], [ -54.804011, -22.275456 ], [ -54.803983, -22.27537 ], [ -54.803955, -22.275283 ] ] ] } },
{ "type": "Feature", "properties": { "id": 7204, "insc_imob": "00.11.36.58.210", "quadra_cartorio": null, "lote_cartorio": "06", "matricula": "131483", "circunscricao": "1º CIRCUNSCRIÇÃO", "zoneamento": "AUM - ÁREA DE USO MISTO", "condominio": null, "area_geom": 200.0, "cnm": "062661.2.0131483-32" }, "geometry": { "type": "Polygon", "coordinates": [ [ [ -54.804011, -22.275456 ], [ -54.804103, -22.27543 ], [ -54.804131, -22.275516 ], [ -54.804159, -22.275603 ], [ -54.804066, -22.275629 ], [ -54.804039, -22.275542 ], [ -54.804011, -22.275456 ] ] ] } },
{ "type": "Feature", "properties": { "id": 7311, "insc_imob": "00.11.36.30.210", "quadra_cartorio": null, "lote_cartorio": "06", "matricula": "131258", "circunscricao": "1º CIRCUNSCRIÇÃO", "zoneamento": "AUM - ÁREA DE USO MISTO", "condominio": null, "area_geom": 200.0, "cnm": "062661.2.0131258-28" }, "geometry": { "type": "Polygon", "coordinates": [ [ [ -54.80695, -22.277339 ], [ -54.807042, -22.277313 ], [ -54.80707, -22.277399 ], [ -54.807098, -22.277485 ], [ -54.807006, -22.277512 ], [ -54.806978, -22.277425 ], [ -54.80695, -22.277339 ] ] ] } },
{ "type": "Feature", "properties": { "id": 7394, "insc_imob": "00.11.36.30.050", "quadra_cartorio": null, "lote_cartorio": "20", "matricula": "131272", "circunscricao": "1º CIRCUNSCRIÇÃO", "zoneamento": "AUM - ÁREA DE USO MISTO", "condominio": null, "area_geom": 200.0, "cnm": "062661.2.0131272-83" }, "geometry": { "type": "Polygon", "coordinates": [ [ [ -54.807172, -22.277088 ], [ -54.807265, -22.277062 ], [ -54.807293, -22.277148 ], [ -54.807321, -22.277234 ], [ -54.807228, -22.277261 ], [ -54.8072, -22.277174 ], [ -54.807172, -22.277088 ] ] ] } },
{ "type": "Feature", "properties": { "id": 7396, "insc_imob": "00.11.36.30.040", "quadra_cartorio": null, "lote_cartorio": "19", "matricula": "131271", "circunscricao": "1º CIRCUNSCRIÇÃO", "zoneamento": "AUM - ÁREA DE USO MISTO", "condominio": null, "area_geom": 200.0, "cnm": "062661.2.0131271-86" }, "geometry": { "type": "Polygon", "coordinates": [ [ [ -54.807293, -22.277148 ], [ -54.807265, -22.277062 ], [ -54.807358, -22.277036 ], [ -54.807386, -22.277122 ], [ -54.807414, -22.277208 ], [ -54.807321, -22.277234 ], [ -54.807293, -22.277148 ] ] ] } },
{ "type": "Feature", "properties": { "id": 7369, "insc_imob": "00.11.36.30.240", "quadra_cartorio": null, "lote_cartorio": "09", "matricula": "131261", "circunscricao": "1º CIRCUNSCRIÇÃO", "zoneamento": "AUM - ÁREA DE USO MISTO", "condominio": null, "area_geom": 200.0, "cnm": "062661.2.0131261-19" }, "geometry": { "type": "Polygon", "coordinates": [ [ [ -54.807228, -22.277261 ], [ -54.807321, -22.277234 ], [ -54.807349, -22.277321 ], [ -54.807377, -22.277407 ], [ -54.807284, -22.277433 ], [ -54.807256, -22.277347 ], [ -54.807228, -22.277261 ] ] ] } },
{ "type": "Feature", "properties": { "id": 4527, "insc_imob": "00.11.36.47.240", "quadra_cartorio": null, "lote_cartorio": "09", "matricula": "131171", "circunscricao": "1º CIRCUNSCRIÇÃO", "zoneamento": "AUM - ÁREA DE USO MISTO", "condominio": null, "area_geom": 200.0, "cnm": "062661.2.0131171-95" }, "geometry": { "type": "Polygon", "coordinates": [ [ [ -54.80677, -22.275843 ], [ -54.806863, -22.275817 ], [ -54.806891, -22.275903 ], [ -54.806918, -22.27599 ], [ -54.806826, -22.276016 ], [ -54.806798, -22.275929 ], [ -54.80677, -22.275843 ] ] ] } },
{ "type": "Feature", "properties": { "id": 4535, "insc_imob": "00.11.36.30.130", "quadra_cartorio": null, "lote_cartorio": null, "matricula": null, "circunscricao": "1º CIRCUNSCRIÇÃO", "zoneamento": "AUM - ÁREA DE USO MISTO", "condominio": null, "area_geom": 200.0, "cnm": null }, "geometry": { "type": "Polygon", "coordinates": [ [ [ -54.806336, -22.277322 ], [ -54.806522, -22.27727 ], [ -54.80655, -22.277356 ], [ -54.806364, -22.277408 ], [ -54.806336, -22.277322 ] ] ] } },
{ "type": "Feature", "properties": { "id": 4531, "insc_imob": "00.11.36.47.020", "quadra_cartorio": null, "lote_cartorio": "17", "matricula": "131179", "circunscricao": "1º CIRCUNSCRIÇÃO", "zoneamento": "AUM - ÁREA DE USO MISTO", "condominio": null, "area_geom": 200.0, "cnm": "062661.2.0131179-71" }, "geometry": { "type": "Polygon", "coordinates": [ [ [ -54.806992, -22.275592 ], [ -54.807085, -22.275566 ], [ -54.807113, -22.275652 ], [ -54.807141, -22.275739 ], [ -54.807048, -22.275765 ], [ -54.80702, -22.275678 ], [ -54.806992, -22.275592 ] ] ] } },
{ "type": "Feature", "properties": { "id": 4215, "insc_imob": "00.11.36.08.060", "quadra_cartorio": null, "lote_cartorio": "10", "matricula": "131757", "circunscricao": "1º CIRCUNSCRIÇÃO", "zoneamento": "AUM - ÁREA DE USO MISTO", "condominio": null, "area_geom": 199.36, "cnm": "062661.2.0131757-83" }, "geometry": { "type": "Polygon", "coordinates": [ [ [ -54.805694, -22.279722 ], [ -54.80564, -22.279555 ], [ -54.805733, -22.279529 ], [ -54.805787, -22.279696 ], [ -54.805789, -22.279701 ], [ -54.805696, -22.279727 ], [ -54.805694, -22.279722 ] ] ] } },
{ "type": "Feature", "properties": { "id": 4231, "insc_imob": "00.11.36.06.050", "quadra_cartorio": null, "lote_cartorio": "11", "matricula": "131383", "circunscricao": "1º CIRCUNSCRIÇÃO", "zoneamento": "AUM - ÁREA DE USO MISTO", "condominio": null, "area_geom": 200.0, "cnm": "062661.2.0131383-41" }, "geometry": { "type": "Polygon", "coordinates": [ [ [ -54.807924, -22.279099 ], [ -54.807869, -22.27893 ], [ -54.807962, -22.278903 ], [ -54.808017, -22.279073 ], [ -54.808018, -22.279076 ], [ -54.807925, -22.279102 ], [ -54.807924, -22.279099 ] ] ] } },
{ "type": "Feature", "properties": { "id": 4986, "insc_imob": "00.11.36.57.250", "quadra_cartorio": null, "lote_cartorio": "10", "matricula": "131112", "circunscricao": "1º CIRCUNSCRIÇÃO", "zoneamento": "AUM - ÁREA DE USO MISTO", "condominio": null, "area_geom": 200.0, "cnm": "062661.2.0131112-78" }, "geometry": { "type": "Polygon", "coordinates": [ [ [ -54.806519, -22.274753 ], [ -54.806611, -22.274727 ], [ -54.806639, -22.274814 ], [ -54.806667, -22.2749 ], [ -54.806574, -22.274926 ], [ -54.806547, -22.27484 ], [ -54.806519, -22.274753 ] ] ] } },
{ "type": "Feature", "properties": { "id": 5557, "insc_imob": "00.11.36.12.230", "quadra_cartorio": null, "lote_cartorio": "08", "matricula": "131030", "circunscricao": "1º CIRCUNSCRIÇÃO", "zoneamento": "AUM - ÁREA DE USO MISTO", "condominio": null, "area_geom": 200.0, "cnm": "062661.2.0131030-33" }, "geometry": { "type": "Polygon", "coordinates": [ [ [ -54.809076, -22.278214 ], [ -54.809169, -22.278188 ], [ -54.809197, -22.278274 ], [ -54.809225, -22.27836 ], [ -54.809132, -22.278386 ], [ -54.809104, -22.2783 ], [ -54.809076, -22.278214 ] ] ] } },
{ "type": "Feature", "properties": { "id": 5556, "insc_imob": "00.11.36.12.220", "quadra_cartorio": null, "lote_cartorio": "07", "matricula": "131029", "circunscricao": "1º CIRCUNSCRIÇÃO", "zoneamento": "AUM - ÁREA DE USO MISTO", "condominio": null, "area_geom": 200.0, "cnm": "062661.2.0131029-36" }, "geometry": { "type": "Polygon", "coordinates": [ [ [ -54.808984, -22.27824 ], [ -54.809076, -22.278214 ], [ -54.809104, -22.2783 ], [ -54.809132, -22.278386 ], [ -54.80904, -22.278412 ], [ -54.809012, -22.278326 ], [ -54.808984, -22.27824 ] ] ] } },
{ "type": "Feature", "properties": { "id": 6038, "insc_imob": "00.11.36.21.150", "quadra_cartorio": null, "lote_cartorio": "02", "matricula": "131857", "circunscricao": "1º CIRCUNSCRIÇÃO", "zoneamento": "ZEIA - ZONA ESPECIAL DE INTERESSE AMBIENTAL", "condominio": null, "area_geom": 200.0, "cnm": "062661.2.0131857-74" }, "geometry": { "type": "Polygon", "coordinates": [ [ [ -54.803236, -22.279388 ], [ -54.803228, -22.279362 ], [ -54.80332, -22.279336 ], [ -54.803376, -22.279509 ], [ -54.803283, -22.279535 ], [ -54.803236, -22.279388 ] ] ] } },
{ "type": "Feature", "properties": { "id": 5635, "insc_imob": "00.11.36.11.130", "quadra_cartorio": null, "lote_cartorio": "27", "matricula": "130816", "circunscricao": "1º CIRCUNSCRIÇÃO", "zoneamento": "AUM - ÁREA DE USO MISTO", "condominio": null, "area_geom": 200.0, "cnm": "062661.2.0130816-93" }, "geometry": { "type": "Polygon", "coordinates": [ [ [ -54.809838, -22.278 ], [ -54.810024, -22.277948 ], [ -54.810052, -22.278035 ], [ -54.809866, -22.278087 ], [ -54.809838, -22.278 ] ] ] } },
{ "type": "Feature", "properties": { "id": 10769, "insc_imob": "00.11.36.14.120", "quadra_cartorio": null, "lote_cartorio": "03", "matricula": "131458", "circunscricao": "1º CIRCUNSCRIÇÃO", "zoneamento": "AUM - ÁREA DE USO MISTO", "condominio": null, "area_geom": 200.0, "cnm": "062661.2.0131458-10" }, "geometry": { "type": "Polygon", "coordinates": [ [ [ -54.806457, -22.278948 ], [ -54.80655, -22.278922 ], [ -54.806606, -22.279094 ], [ -54.806513, -22.27912 ], [ -54.806457, -22.278948 ] ] ] } },
{ "type": "Feature", "properties": { "id": 9160, "insc_imob": "00.11.36.46.130", "quadra_cartorio": null, "lote_cartorio": "28", "matricula": "130870", "circunscricao": "1º CIRCUNSCRIÇÃO", "zoneamento": "AUM - ÁREA DE USO MISTO", "condominio": null, "area_geom": 200.0, "cnm": "062661.2.0130870-28" }, "geometry": { "type": "Polygon", "coordinates": [ [ [ -54.807383, -22.275482 ], [ -54.807568, -22.27543 ], [ -54.807596, -22.275517 ], [ -54.80741, -22.275569 ], [ -54.807383, -22.275482 ] ] ] } },
{ "type": "Feature", "properties": { "id": 9553, "insc_imob": "00.11.36.36.170", "quadra_cartorio": null, "lote_cartorio": "03", "matricula": "131412", "circunscricao": "1º CIRCUNSCRIÇÃO", "zoneamento": "AUM - ÁREA DE USO MISTO", "condominio": null, "area_geom": 200.0, "cnm": "062661.2.0131412-51" }, "geometry": { "type": "Polygon", "coordinates": [ [ [ -54.805853, -22.27708 ], [ -54.805946, -22.277054 ], [ -54.806002, -22.277227 ], [ -54.805909, -22.277253 ], [ -54.805853, -22.27708 ] ] ] } },
{ "type": "Feature", "properties": { "id": 14389, "insc_imob": "00.11.36.05.130", "quadra_cartorio": null, "lote_cartorio": "03", "matricula": "131055", "circunscricao": "1º CIRCUNSCRIÇÃO", "zoneamento": "AUM - ÁREA DE USO MISTO", "condominio": null, "area_geom": 200.0, "cnm": "062661.2.0131055-55" }, "geometry": { "type": "Polygon", "coordinates": [ [ [ -54.808686, -22.278886 ], [ -54.808631, -22.278716 ], [ -54.808724, -22.27869 ], [ -54.808779, -22.278861 ], [ -54.80878, -22.278863 ], [ -54.808687, -22.278889 ], [ -54.808686, -22.278886 ] ] ] } },
{ "type": "Feature", "properties": { "id": 14463, "insc_imob": "00.11.36.54.170", "quadra_cartorio": null, "lote_cartorio": "02", "matricula": "131509", "circunscricao": "1º CIRCUNSCRIÇÃO", "zoneamento": "AUM - ÁREA DE USO MISTO", "condominio": null, "area_geom": 200.0, "cnm": "062661.2.0131509-51" }, "geometry": { "type": "Polygon", "coordinates": [ [ [ -54.803784, -22.27601 ], [ -54.803877, -22.275984 ], [ -54.803905, -22.27607 ], [ -54.803933, -22.276157 ], [ -54.80384, -22.276183 ], [ -54.803812, -22.276096 ], [ -54.803784, -22.27601 ] ] ] } },
{ "type": "Feature", "properties": { "id": 14406, "insc_imob": "00.11.36.52.110", "quadra_cartorio": null, "lote_cartorio": "25", "matricula": "131157", "circunscricao": "1º CIRCUNSCRIÇÃO", "zoneamento": "AUM - ÁREA DE USO MISTO", "condominio": null, "area_geom": 200.0, "cnm": "062661.2.0131157-40" }, "geometry": { "type": "Polygon", "coordinates": [ [ [ -54.805986, -22.275299 ], [ -54.805958, -22.275212 ], [ -54.806051, -22.275186 ], [ -54.806079, -22.275273 ], [ -54.806107, -22.275359 ], [ -54.806014, -22.275385 ], [ -54.805986, -22.275299 ] ] ] } },
{ "type": "Feature", "properties": { "id": 14464, "insc_imob": "00.11.36.53.040", "quadra_cartorio": null, "lote_cartorio": "15", "matricula": "131402", "circunscricao": "1º CIRCUNSCRIÇÃO", "zoneamento": "AUM - ÁREA DE USO MISTO", "condominio": null, "area_geom": 221.5, "cnm": "062661.2.0131402-81" }, "geometry": { "type": "Polygon", "coordinates": [ [ [ -54.804925, -22.274836 ], [ -54.805008, -22.274783 ], [ -54.805075, -22.274988 ], [ -54.804982, -22.275014 ], [ -54.804925, -22.274836 ] ] ] } },
{ "type": "Feature", "properties": { "id": 24975, "insc_imob": "00.11.36.35.050", "quadra_cartorio": null, "lote_cartorio": null, "matricula": null, "circunscricao": "1º CIRCUNSCRIÇÃO", "zoneamento": "AUM - ÁREA DE USO MISTO", "condominio": null, "area_geom": 200.0, "cnm": null }, "geometry": { "type": "Polygon", "coordinates": [ [ [ -54.807033, -22.276655 ], [ -54.807005, -22.276569 ], [ -54.807097, -22.276543 ], [ -54.807125, -22.276629 ], [ -54.807153, -22.276716 ], [ -54.80706, -22.276742 ], [ -54.807033, -22.276655 ] ] ] } },
{ "type": "Feature", "properties": { "id": 15667, "insc_imob": "00.11.36.61.030", "quadra_cartorio": null, "lote_cartorio": "09", "matricula": "130683", "circunscricao": "1º CIRCUNSCRIÇÃO", "zoneamento": "AUM - ÁREA DE USO MISTO", "condominio": null, "area_geom": 199.92, "cnm": "062661.2.0130683-07" }, "geometry": { "type": "Polygon", "coordinates": [ [ [ -54.808454, -22.274297 ], [ -54.808514, -22.274125 ], [ -54.808606, -22.274153 ], [ -54.808547, -22.274325 ], [ -54.808454, -22.274297 ] ] ] } },
{ "type": "Feature", "properties": { "id": 15643, "insc_imob": "00.11.36.40.050", "quadra_cartorio": null, "lote_cartorio": "20", "matricula": "130892", "circunscricao": "1º CIRCUNSCRIÇÃO", "zoneamento": "AUM - ÁREA DE USO MISTO", "condominio": null, "area_geom": 200.0, "cnm": "062661.2.0130892-59" }, "geometry": { "type": "Polygon", "coordinates": [ [ [ -54.808392, -22.275784 ], [ -54.808364, -22.275698 ], [ -54.808457, -22.275672 ], [ -54.808485, -22.275758 ], [ -54.808513, -22.275845 ], [ -54.80842, -22.275871 ], [ -54.808392, -22.275784 ] ] ] } },
{ "type": "Feature", "properties": { "id": 15642, "insc_imob": "00.11.36.30.060", "quadra_cartorio": null, "lote_cartorio": "21", "matricula": "131273", "circunscricao": "1º CIRCUNSCRIÇÃO", "zoneamento": "AUM - ÁREA DE USO MISTO", "condominio": null, "area_geom": 200.0, "cnm": "062661.2.0131273-80" }, "geometry": { "type": "Polygon", "coordinates": [ [ [ -54.807107, -22.2772 ], [ -54.807079, -22.277114 ], [ -54.807172, -22.277088 ], [ -54.8072, -22.277174 ], [ -54.807228, -22.277261 ], [ -54.807135, -22.277287 ], [ -54.807107, -22.2772 ] ] ] } },
{ "type": "Feature", "properties": { "id": 15755, "insc_imob": "00.11.36.25.160", "quadra_cartorio": null, "lote_cartorio": "01", "matricula": "131283", "circunscricao": "1º CIRCUNSCRIÇÃO", "zoneamento": "AUM - ÁREA DE USO MISTO", "condominio": null, "area_geom": 200.0, "cnm": "062661.2.0131283-50" }, "geometry": { "type": "Polygon", "coordinates": [ [ [ -54.806566, -22.278031 ], [ -54.806751, -22.277979 ], [ -54.806779, -22.278065 ], [ -54.806594, -22.278117 ], [ -54.806566, -22.278031 ] ] ] } },
{ "type": "Feature", "properties": { "id": 15754, "insc_imob": "00.11.36.24.020", "quadra_cartorio": null, "lote_cartorio": "17", "matricula": "130979", "circunscricao": "1º CIRCUNSCRIÇÃO", "zoneamento": "AUM - ÁREA DE USO MISTO", "condominio": null, "area_geom": 200.0, "cnm": "062661.2.0130979-89" }, "geometry": { "type": "Polygon", "coordinates": [ [ [ -54.809101, -22.277037 ], [ -54.809194, -22.277011 ], [ -54.809222, -22.277098 ], [ -54.80925, -22.277184 ], [ -54.809157, -22.27721 ], [ -54.809129, -22.277124 ], [ -54.809101, -22.277037 ] ] ] } },
{ "type": "Feature", "properties": { "id": 15757, "insc_imob": "00.11.36.25.140", "quadra_cartorio": null, "lote_cartorio": "29", "matricula": "131311", "circunscricao": "1º CIRCUNSCRIÇÃO", "zoneamento": "AUM - ÁREA DE USO MISTO", "condominio": null, "area_geom": 200.0, "cnm": "062661.2.0131311-63" }, "geometry": { "type": "Polygon", "coordinates": [ [ [ -54.80651, -22.277858 ], [ -54.806695, -22.277806 ], [ -54.806723, -22.277892 ], [ -54.806538, -22.277944 ], [ -54.80651, -22.277858 ] ] ] } },
{ "type": "Feature", "properties": { "id": 15756, "insc_imob": "00.11.36.25.150", "quadra_cartorio": null, "lote_cartorio": "30", "matricula": "131312", "circunscricao": "1º CIRCUNSCRIÇÃO", "zoneamento": "AUM - ÁREA DE USO MISTO", "condominio": null, "area_geom": 200.0, "cnm": "062661.2.0131312-60" }, "geometry": { "type": "Polygon", "coordinates": [ [ [ -54.806538, -22.277944 ], [ -54.806723, -22.277892 ], [ -54.806751, -22.277979 ], [ -54.806566, -22.278031 ], [ -54.806538, -22.277944 ] ] ] } },
{ "type": "Feature", "properties": { "id": 15759, "insc_imob": "00.11.36.25.280", "quadra_cartorio": null, "lote_cartorio": "13", "matricula": "131295", "circunscricao": "1º CIRCUNSCRIÇÃO", "zoneamento": "AUM - ÁREA DE USO MISTO", "condominio": null, "area_geom": 200.0, "cnm": "062661.2.0131295-14" }, "geometry": { "type": "Polygon", "coordinates": [ [ [ -54.807773, -22.277692 ], [ -54.807959, -22.27764 ], [ -54.807987, -22.277727 ], [ -54.807801, -22.277779 ], [ -54.807773, -22.277692 ] ] ] } },
{ "type": "Feature", "properties": { "id": 15758, "insc_imob": "00.11.36.25.130", "quadra_cartorio": null, "lote_cartorio": "28", "matricula": "131310", "circunscricao": "1º CIRCUNSCRIÇÃO", "zoneamento": "AUM - ÁREA DE USO MISTO", "condominio": null, "area_geom": 200.0, "cnm": "062661.2.0131310-66" }, "geometry": { "type": "Polygon", "coordinates": [ [ [ -54.806482, -22.277771 ], [ -54.806668, -22.277719 ], [ -54.806695, -22.277806 ], [ -54.80651, -22.277858 ], [ -54.806482, -22.277771 ] ] ] } },
{ "type": "Feature", "properties": { "id": 15769, "insc_imob": "00.11.36.25.080", "quadra_cartorio": null, "lote_cartorio": "23", "matricula": "131305", "circunscricao": "1º CIRCUNSCRIÇÃO", "zoneamento": "AUM - ÁREA DE USO MISTO", "condominio": null, "area_geom": 200.0, "cnm": "062661.2.0131305-81" }, "geometry": { "type": "Polygon", "coordinates": [ [ [ -54.807067, -22.277702 ], [ -54.807039, -22.277615 ], [ -54.807132, -22.277589 ], [ -54.80716, -22.277676 ], [ -54.807188, -22.277762 ], [ -54.807095, -22.277788 ], [ -54.807067, -22.277702 ] ] ] } },
{ "type": "Feature", "properties": { "id": 15768, "insc_imob": "00.11.36.25.210", "quadra_cartorio": null, "lote_cartorio": "06", "matricula": "131288", "circunscricao": "1º CIRCUNSCRIÇÃO", "zoneamento": "AUM - ÁREA DE USO MISTO", "condominio": null, "area_geom": 200.0, "cnm": "062661.2.0131288-35" }, "geometry": { "type": "Polygon", "coordinates": [ [ [ -54.807095, -22.277788 ], [ -54.807188, -22.277762 ], [ -54.807216, -22.277849 ], [ -54.807244, -22.277935 ], [ -54.807151, -22.277961 ], [ -54.807123, -22.277875 ], [ -54.807095, -22.277788 ] ] ] } },
{ "type": "Feature", "properties": { "id": 15771, "insc_imob": "00.11.36.25.070", "quadra_cartorio": null, "lote_cartorio": "22", "matricula": "131304", "circunscricao": "1º CIRCUNSCRIÇÃO", "zoneamento": "AUM - ÁREA DE USO MISTO", "condominio": null, "area_geom": 200.0, "cnm": "062661.2.0131304-84" }, "geometry": { "type": "Polygon", "coordinates": [ [ [ -54.80716, -22.277676 ], [ -54.807132, -22.277589 ], [ -54.807225, -22.277563 ], [ -54.807253, -22.27765 ], [ -54.807281, -22.277736 ], [ -54.807188, -22.277762 ], [ -54.80716, -22.277676 ] ] ] } },
{ "type": "Feature", "properties": { "id": 15770, "insc_imob": "00.11.36.25.220", "quadra_cartorio": null, "lote_cartorio": "07", "matricula": "131289", "circunscricao": "1º CIRCUNSCRIÇÃO", "zoneamento": "AUM - ÁREA DE USO MISTO", "condominio": null, "area_geom": 200.0, "cnm": "062661.2.0131289-32" }, "geometry": { "type": "Polygon", "coordinates": [ [ [ -54.807188, -22.277762 ], [ -54.807281, -22.277736 ], [ -54.807309, -22.277823 ], [ -54.807337, -22.277909 ], [ -54.807244, -22.277935 ], [ -54.807216, -22.277849 ], [ -54.807188, -22.277762 ] ] ] } },
{ "type": "Feature", "properties": { "id": 15761, "insc_imob": "00.11.36.25.300", "quadra_cartorio": null, "lote_cartorio": "15", "matricula": "131297", "circunscricao": "1º CIRCUNSCRIÇÃO", "zoneamento": "AUM - ÁREA DE USO MISTO", "condominio": null, "area_geom": 200.0, "cnm": "062661.2.0131297-08" }, "geometry": { "type": "Polygon", "coordinates": [ [ [ -54.807717, -22.27752 ], [ -54.807903, -22.277467 ], [ -54.807931, -22.277554 ], [ -54.807745, -22.277606 ], [ -54.807717, -22.27752 ] ] ] } },
{ "type": "Feature", "properties": { "id": 15760, "insc_imob": "00.11.36.25.290", "quadra_cartorio": null, "lote_cartorio": "14", "matricula": "131296", "circunscricao": "1º CIRCUNSCRIÇÃO", "zoneamento": "AUM - ÁREA DE USO MISTO", "condominio": null, "area_geom": 200.0, "cnm": "062661.2.0131296-11" }, "geometry": { "type": "Polygon", "coordinates": [ [ [ -54.807745, -22.277606 ], [ -54.807931, -22.277554 ], [ -54.807959, -22.27764 ], [ -54.807773, -22.277692 ], [ -54.807745, -22.277606 ] ] ] } },
{ "type": "Feature", "properties": { "id": 15762, "insc_imob": "00.11.36.25.010", "quadra_cartorio": null, "lote_cartorio": "16", "matricula": "131298", "circunscricao": "1º CIRCUNSCRIÇÃO", "zoneamento": "AUM - ÁREA DE USO MISTO", "condominio": null, "area_geom": 200.0, "cnm": "062661.2.0131298-05" }, "geometry": { "type": "Polygon", "coordinates": [ [ [ -54.807689, -22.277433 ], [ -54.807875, -22.277381 ], [ -54.807903, -22.277467 ], [ -54.807717, -22.27752 ], [ -54.807689, -22.277433 ] ] ] } },
{ "type": "Feature", "properties": { "id": 15767, "insc_imob": "00.11.36.25.200", "quadra_cartorio": null, "lote_cartorio": "05", "matricula": "131287", "circunscricao": "1º CIRCUNSCRIÇÃO", "zoneamento": "AUM - ÁREA DE USO MISTO", "condominio": null, "area_geom": 200.0, "cnm": "062661.2.0131287-38" }, "geometry": { "type": "Polygon", "coordinates": [ [ [ -54.807002, -22.277814 ], [ -54.807095, -22.277788 ], [ -54.807123, -22.277875 ], [ -54.807151, -22.277961 ], [ -54.807058, -22.277987 ], [ -54.80703, -22.277901 ], [ -54.807002, -22.277814 ] ] ] } },
{ "type": "Feature", "properties": { "id": 15766, "insc_imob": "00.11.36.25.100", "quadra_cartorio": null, "lote_cartorio": "25", "matricula": "131307", "circunscricao": "1º CIRCUNSCRIÇÃO", "zoneamento": "AUM - ÁREA DE USO MISTO", "condominio": null, "area_geom": 200.0, "cnm": "062661.2.0131307-75" }, "geometry": { "type": "Polygon", "coordinates": [ [ [ -54.806853, -22.277667 ], [ -54.806946, -22.277641 ], [ -54.806974, -22.277728 ], [ -54.807002, -22.277814 ], [ -54.806909, -22.27784 ], [ -54.806881, -22.277754 ], [ -54.806853, -22.277667 ] ] ] } },
{ "type": "Feature", "properties": { "id": 15464, "insc_imob": "00.11.36.13.150", "quadra_cartorio": null, "lote_cartorio": "30", "matricula": "131372", "circunscricao": "1º CIRCUNSCRIÇÃO", "zoneamento": "AUM - ÁREA DE USO MISTO", "condominio": null, "area_geom": 200.0, "cnm": "062661.2.0131372-74" }, "geometry": { "type": "Polygon", "coordinates": [ [ [ -54.806829, -22.278843 ], [ -54.807014, -22.278791 ], [ -54.807042, -22.278878 ], [ -54.806856, -22.27893 ], [ -54.806829, -22.278843 ] ] ] } },
{ "type": "Feature", "properties": { "id": 12894, "insc_imob": "00.11.36.37.070", "quadra_cartorio": null, "lote_cartorio": "22", "matricula": "131619", "circunscricao": "1º CIRCUNSCRIÇÃO", "zoneamento": "AUM - ÁREA DE USO MISTO", "condominio": null, "area_geom": 200.0, "cnm": "062661.2.0131619-12" }, "geometry": { "type": "Polygon", "coordinates": [ [ [ -54.80471, -22.277306 ], [ -54.804682, -22.27722 ], [ -54.804775, -22.277194 ], [ -54.804803, -22.27728 ], [ -54.804831, -22.277366 ], [ -54.804738, -22.277392 ], [ -54.80471, -22.277306 ] ] ] } },
{ "type": "Feature", "properties": { "id": 14175, "insc_imob": "00.11.36.57.210", "quadra_cartorio": null, "lote_cartorio": "06", "matricula": "131108", "circunscricao": "1º CIRCUNSCRIÇÃO", "zoneamento": "AUM - ÁREA DE USO MISTO", "condominio": null, "area_geom": 200.0, "cnm": "062661.2.0131108-90" }, "geometry": { "type": "Polygon", "coordinates": [ [ [ -54.806147, -22.274857 ], [ -54.80624, -22.274831 ], [ -54.806268, -22.274918 ], [ -54.806296, -22.275004 ], [ -54.806203, -22.27503 ], [ -54.806175, -22.274944 ], [ -54.806147, -22.274857 ] ] ] } },
{ "type": "Feature", "properties": { "id": 14307, "insc_imob": "00.11.36.43.140", "quadra_cartorio": null, "lote_cartorio": "02", "matricula": "131801", "circunscricao": "1º CIRCUNSCRIÇÃO", "zoneamento": "ZEIA - ZONA ESPECIAL DE INTERESSE AMBIENTAL", "condominio": null, "area_geom": 200.0, "cnm": "062661.2.0131801-48" }, "geometry": { "type": "Polygon", "coordinates": [ [ [ -54.802809, -22.277443 ], [ -54.802902, -22.277417 ], [ -54.802958, -22.277589 ], [ -54.802865, -22.277616 ], [ -54.802837, -22.277529 ], [ -54.802809, -22.277443 ] ] ] } },
{ "type": "Feature", "properties": { "id": 14306, "insc_imob": "00.11.36.57.140", "quadra_cartorio": null, "lote_cartorio": "29", "matricula": "131131", "circunscricao": "1º CIRCUNSCRIÇÃO", "zoneamento": "AUM - ÁREA DE USO MISTO", "condominio": null, "area_geom": 200.0, "cnm": "062661.2.0131131-21" }, "geometry": { "type": "Polygon", "coordinates": [ [ [ -54.805562, -22.274927 ], [ -54.805747, -22.274875 ], [ -54.805775, -22.274962 ], [ -54.80559, -22.275014 ], [ -54.805562, -22.274927 ] ] ] } },
{ "type": "Feature", "properties": { "id": 14287, "insc_imob": "00.11.36.36.200", "quadra_cartorio": null, "lote_cartorio": "06", "matricula": "131415", "circunscricao": "1º CIRCUNSCRIÇÃO", "zoneamento": "AUM - ÁREA DE USO MISTO", "condominio": null, "area_geom": 220.0, "cnm": "062661.2.0131415-42" }, "geometry": { "type": "Polygon", "coordinates": [ [ [ -54.805791, -22.27689 ], [ -54.805977, -22.276838 ], [ -54.806008, -22.276933 ], [ -54.805822, -22.276985 ], [ -54.805791, -22.27689 ] ] ] } },
{ "type": "Feature", "properties": { "id": 14286, "insc_imob": "00.11.36.03.020", "quadra_cartorio": null, "lote_cartorio": "06", "matricula": "130822", "circunscricao": "1º CIRCUNSCRIÇÃO", "zoneamento": "AUM - ÁREA DE USO MISTO", "condominio": null, "area_geom": 199.74, "cnm": "062661.2.0130822-75" }, "geometry": { "type": "Polygon", "coordinates": [ [ [ -54.811177, -22.278003 ], [ -54.811269, -22.277977 ], [ -54.811325, -22.27815 ], [ -54.811232, -22.278176 ], [ -54.811177, -22.278003 ] ] ] } },
{ "type": "Feature", "properties": { "id": 13932, "insc_imob": "00.11.36.17.030", "quadra_cartorio": null, "lote_cartorio": "15", "matricula": "130781", "circunscricao": "1º CIRCUNSCRIÇÃO", "zoneamento": "AUM - ÁREA DE USO MISTO", "condominio": null, "area_geom": 200.0, "cnm": "062661.2.0130781-04" }, "geometry": { "type": "Polygon", "coordinates": [ [ [ -54.810287, -22.277195 ], [ -54.81038, -22.277169 ], [ -54.810408, -22.277256 ], [ -54.810436, -22.277342 ], [ -54.810343, -22.277368 ], [ -54.810315, -22.277282 ], [ -54.810287, -22.277195 ] ] ] } },
{ "type": "Feature", "properties": { "id": 10675, "insc_imob": "00.11.36.36.270", "quadra_cartorio": null, "lote_cartorio": "13", "matricula": "131422", "circunscricao": "1º CIRCUNSCRIÇÃO", "zoneamento": "AUM - ÁREA DE USO MISTO", "condominio": null, "area_geom": 220.0, "cnm": "062661.2.0131422-21" }, "geometry": { "type": "Polygon", "coordinates": [ [ [ -54.805593, -22.276276 ], [ -54.805779, -22.276224 ], [ -54.805809, -22.276319 ], [ -54.805716, -22.276345 ], [ -54.805624, -22.276371 ], [ -54.805593, -22.276276 ] ] ] } },
{ "type": "Feature", "properties": { "id": 10674, "insc_imob": "00.11.36.36.060", "quadra_cartorio": null, "lote_cartorio": "20", "matricula": "131429", "circunscricao": "1º CIRCUNSCRIÇÃO", "zoneamento": "AUM - ÁREA DE USO MISTO", "condominio": null, "area_geom": 220.0, "cnm": "062661.2.0131429-97" }, "geometry": { "type": "Polygon", "coordinates": [ [ [ -54.805407, -22.276328 ], [ -54.805593, -22.276276 ], [ -54.805624, -22.276371 ], [ -54.805531, -22.276397 ], [ -54.805438, -22.276423 ], [ -54.805407, -22.276328 ] ] ] } },
{ "type": "Feature", "properties": { "id": 10676, "insc_imob": "00.11.36.36.140", "quadra_cartorio": null, "lote_cartorio": "28", "matricula": "131437", "circunscricao": "1º CIRCUNSCRIÇÃO", "zoneamento": "AUM - ÁREA DE USO MISTO", "condominio": null, "area_geom": 220.0, "cnm": "062661.2.0131437-73" }, "geometry": { "type": "Polygon", "coordinates": [ [ [ -54.805636, -22.277037 ], [ -54.805822, -22.276985 ], [ -54.805853, -22.27708 ], [ -54.80576, -22.277106 ], [ -54.805667, -22.277132 ], [ -54.805636, -22.277037 ] ] ] } },
{ "type": "Feature", "properties": { "id": 10729, "insc_imob": "00.11.36.53.100", "quadra_cartorio": null, "lote_cartorio": "21", "matricula": "131408", "circunscricao": "1º CIRCUNSCRIÇÃO", "zoneamento": "AUM - ÁREA DE USO MISTO", "condominio": null, "area_geom": 200.0, "cnm": "062661.2.0131408-63" }, "geometry": { "type": "Polygon", "coordinates": [ [ [ -54.805122, -22.275446 ], [ -54.805215, -22.27542 ], [ -54.805308, -22.275394 ], [ -54.805336, -22.275481 ], [ -54.805243, -22.275507 ], [ -54.80515, -22.275533 ], [ -54.805122, -22.275446 ] ] ] } },
{ "type": "Feature", "properties": { "id": 10728, "insc_imob": "00.11.36.53.160", "quadra_cartorio": null, "lote_cartorio": "05", "matricula": "131392", "circunscricao": "1º CIRCUNSCRIÇÃO", "zoneamento": "AUM - ÁREA DE USO MISTO", "condominio": null, "area_geom": 200.0, "cnm": "062661.2.0131392-14" }, "geometry": { "type": "Polygon", "coordinates": [ [ [ -54.805336, -22.275481 ], [ -54.805428, -22.275455 ], [ -54.805521, -22.275429 ], [ -54.805549, -22.275515 ], [ -54.805456, -22.275541 ], [ -54.805364, -22.275567 ], [ -54.805336, -22.275481 ] ] ] } },
{ "type": "Feature", "properties": { "id": 10731, "insc_imob": "00.11.36.55.170", "quadra_cartorio": null, "lote_cartorio": "10", "matricula": "131772", "circunscricao": "1º CIRCUNSCRIÇÃO", "zoneamento": "AUM - ÁREA DE USO MISTO", "condominio": null, "area_geom": 200.06, "cnm": "062661.2.0131772-38" }, "geometry": { "type": "Polygon", "coordinates": [ [ [ -54.803219, -22.275791 ], [ -54.803375, -22.275747 ], [ -54.803403, -22.275834 ], [ -54.803218, -22.275886 ], [ -54.80319, -22.275799 ], [ -54.803219, -22.275791 ] ] ] } },
{ "type": "Feature", "properties": { "id": 10733, "insc_imob": "00.11.36.55.060", "quadra_cartorio": null, "lote_cartorio": "17", "matricula": "131779", "circunscricao": "1º CIRCUNSCRIÇÃO", "zoneamento": "AUM - ÁREA DE USO MISTO", "condominio": null, "area_geom": 272.67, "cnm": "062661.2.0131779-17" }, "geometry": { "type": "Polygon", "coordinates": [ [ [ -54.803205, -22.275984 ], [ -54.803233, -22.27607 ], [ -54.803206, -22.276077 ], [ -54.802953, -22.276148 ], [ -54.802978, -22.276047 ], [ -54.803205, -22.275984 ] ] ] } },
{ "type": "Feature", "properties": { "id": 10732, "insc_imob": "00.11.36.55.070", "quadra_cartorio": null, "lote_cartorio": "18", "matricula": "131780", "circunscricao": "1º CIRCUNSCRIÇÃO", "zoneamento": "AUM - ÁREA DE USO MISTO", "condominio": null, "area_geom": 301.54, "cnm": "062661.2.0131780-14" }, "geometry": { "type": "Polygon", "coordinates": [ [ [ -54.802953, -22.276148 ], [ -54.803206, -22.276077 ], [ -54.803234, -22.276164 ], [ -54.803209, -22.276171 ], [ -54.803116, -22.276197 ], [ -54.803023, -22.276223 ], [ -54.802927, -22.27625 ], [ -54.802953, -22.276148 ] ] ] } },
{ "type": "Feature", "properties": { "id": 10735, "insc_imob": "00.11.36.55.040", "quadra_cartorio": null, "lote_cartorio": "15", "matricula": "131777", "circunscricao": "1º CIRCUNSCRIÇÃO", "zoneamento": "AUM - ÁREA DE USO MISTO", "condominio": null, "area_geom": 201.04, "cnm": "062661.2.0131777-23" }, "geometry": { "type": "Polygon", "coordinates": [ [ [ -54.80303, -22.275844 ], [ -54.80319, -22.275799 ], [ -54.803218, -22.275886 ], [ -54.803204, -22.27589 ], [ -54.803004, -22.275945 ], [ -54.80303, -22.275844 ] ] ] } },
{ "type": "Feature", "properties": { "id": 10734, "insc_imob": "00.11.36.55.050", "quadra_cartorio": null, "lote_cartorio": "16", "matricula": "131778", "circunscricao": "1º CIRCUNSCRIÇÃO", "zoneamento": "AUM - ÁREA DE USO MISTO", "condominio": null, "area_geom": 243.81, "cnm": "062661.2.0131778-20" }, "geometry": { "type": "Polygon", "coordinates": [ [ [ -54.803004, -22.275945 ], [ -54.803204, -22.27589 ], [ -54.803232, -22.275976 ], [ -54.803205, -22.275984 ], [ -54.802978, -22.276047 ], [ -54.803004, -22.275945 ] ] ] } },
{ "type": "Feature", "properties": { "id": 10727, "insc_imob": "00.11.36.53.110", "quadra_cartorio": null, "lote_cartorio": "22", "matricula": "131409", "circunscricao": "1º CIRCUNSCRIÇÃO", "zoneamento": "AUM - ÁREA DE USO MISTO", "condominio": null, "area_geom": 200.0, "cnm": "062661.2.0131409-60" }, "geometry": { "type": "Polygon", "coordinates": [ [ [ -54.805243, -22.275507 ], [ -54.805336, -22.275481 ], [ -54.805364, -22.275567 ], [ -54.805271, -22.275593 ], [ -54.805178, -22.275619 ], [ -54.80515, -22.275533 ], [ -54.805243, -22.275507 ] ] ] } },
{ "type": "Feature", "properties": { "id": 10737, "insc_imob": "00.11.36.22.070", "quadra_cartorio": null, "lote_cartorio": "07", "matricula": "130711", "circunscricao": "1º CIRCUNSCRIÇÃO", "zoneamento": "AUM - ÁREA DE USO MISTO", "condominio": null, "area_geom": 200.03, "cnm": "062661.2.0130711-20" }, "geometry": { "type": "Polygon", "coordinates": [ [ [ -54.810695, -22.276697 ], [ -54.810855, -22.276596 ], [ -54.81091, -22.276671 ], [ -54.810749, -22.276772 ], [ -54.810695, -22.276697 ] ] ] } },
{ "type": "Feature", "properties": { "id": 10736, "insc_imob": "00.11.36.22.060", "quadra_cartorio": null, "lote_cartorio": "06", "matricula": "130710", "circunscricao": "1º CIRCUNSCRIÇÃO", "zoneamento": "AUM - ÁREA DE USO MISTO", "condominio": null, "area_geom": 200.04, "cnm": "062661.2.0130710-23" }, "geometry": { "type": "Polygon", "coordinates": [ [ [ -54.81064, -22.276623 ], [ -54.810801, -22.276521 ], [ -54.810855, -22.276596 ], [ -54.810695, -22.276697 ], [ -54.81064, -22.276623 ] ] ] } },
{ "type": "Feature", "properties": { "id": 10739, "insc_imob": "00.11.36.22.090", "quadra_cartorio": null, "lote_cartorio": "09", "matricula": "130713", "circunscricao": "1º CIRCUNSCRIÇÃO", "zoneamento": "AUM - ÁREA DE USO MISTO", "condominio": null, "area_geom": 265.37, "cnm": "062661.2.0130713-14" }, "geometry": { "type": "Polygon", "coordinates": [ [ [ -54.810803, -22.276847 ], [ -54.810964, -22.276746 ], [ -54.811053, -22.276868 ], [ -54.810859, -22.276923 ], [ -54.810847, -22.276907 ], [ -54.810803, -22.276847 ] ] ] } },
{ "type": "Feature", "properties": { "id": 10738, "insc_imob": "00.11.36.22.080", "quadra_cartorio": null, "lote_cartorio": "08", "matricula": "130712", "circunscricao": "1º CIRCUNSCRIÇÃO", "zoneamento": "AUM - ÁREA DE USO MISTO", "condominio": null, "area_geom": 200.03, "cnm": "062661.2.0130712-17" }, "geometry": { "type": "Polygon", "coordinates": [ [ [ -54.810749, -22.276772 ], [ -54.81091, -22.276671 ], [ -54.810964, -22.276746 ], [ -54.810803, -22.276847 ], [ -54.810749, -22.276772 ] ] ] } },
{ "type": "Feature", "properties": { "id": 10741, "insc_imob": "00.11.36.44.020", "quadra_cartorio": null, "lote_cartorio": "02", "matricula": "130687", "circunscricao": "1º CIRCUNSCRIÇÃO", "zoneamento": "AUM - ÁREA DE USO MISTO", "condominio": null, "area_geom": 199.98, "cnm": "062661.2.0130687-92" }, "geometry": { "type": "Polygon", "coordinates": [ [ [ -54.809138, -22.274558 ], [ -54.809298, -22.274457 ], [ -54.809353, -22.274532 ], [ -54.809192, -22.274633 ], [ -54.809138, -22.274558 ] ] ] } },
{ "type": "Feature", "properties": { "id": 10740, "insc_imob": "00.11.36.22.010", "quadra_cartorio": null, "lote_cartorio": "01", "matricula": "130705", "circunscricao": "1º CIRCUNSCRIÇÃO", "zoneamento": "AUM - ÁREA DE USO MISTO", "condominio": null, "area_geom": 262.6, "cnm": "062661.2.0130705-38" }, "geometry": { "type": "Polygon", "coordinates": [ [ [ -54.810334, -22.276202 ], [ -54.810529, -22.276148 ], [ -54.810583, -22.276222 ], [ -54.810423, -22.276324 ], [ -54.810334, -22.276202 ] ] ] } },
{ "type": "Feature", "properties": { "id": 10703, "insc_imob": "00.11.36.53.150", "quadra_cartorio": null, "lote_cartorio": "04", "matricula": "131391", "circunscricao": "1º CIRCUNSCRIÇÃO", "zoneamento": "AUM - ÁREA DE USO MISTO", "condominio": null, "area_geom": 200.0, "cnm": "062661.2.0131391-17" }, "geometry": { "type": "Polygon", "coordinates": [ [ [ -54.805456, -22.275541 ], [ -54.805549, -22.275515 ], [ -54.805605, -22.275688 ], [ -54.805512, -22.275714 ], [ -54.805456, -22.275541 ] ] ] } },
{ "type": "Feature", "properties": { "id": 10702, "insc_imob": "00.11.36.36.190", "quadra_cartorio": null, "lote_cartorio": "05", "matricula": "131414", "circunscricao": "1º CIRCUNSCRIÇÃO", "zoneamento": "AUM - ÁREA DE USO MISTO", "condominio": null, "area_geom": 220.0, "cnm": "062661.2.0131414-45" }, "geometry": { "type": "Polygon", "coordinates": [ [ [ -54.805822, -22.276985 ], [ -54.806008, -22.276933 ], [ -54.806039, -22.277028 ], [ -54.805946, -22.277054 ], [ -54.805853, -22.27708 ], [ -54.805822, -22.276985 ] ] ] } },
{ "type": "Feature", "properties": { "id": 10705, "insc_imob": "00.11.36.53.130", "quadra_cartorio": null, "lote_cartorio": "02", "matricula": "131389", "circunscricao": "1º CIRCUNSCRIÇÃO", "zoneamento": "AUM - ÁREA DE USO MISTO", "condominio": null, "area_geom": 200.0, "cnm": "062661.2.0131389-23" }, "geometry": { "type": "Polygon", "coordinates": [ [ [ -54.805271, -22.275593 ], [ -54.805364, -22.275567 ], [ -54.805419, -22.27574 ], [ -54.805327, -22.275766 ], [ -54.805271, -22.275593 ] ] ] } },
{ "type": "Feature", "properties": { "id": 10704, "insc_imob": "00.11.36.53.140", "quadra_cartorio": null, "lote_cartorio": "03", "matricula": "131390", "circunscricao": "1º CIRCUNSCRIÇÃO", "zoneamento": "AUM - ÁREA DE USO MISTO", "condominio": null, "area_geom": 200.0, "cnm": "062661.2.0131390-20" }, "geometry": { "type": "Polygon", "coordinates": [ [ [ -54.805364, -22.275567 ], [ -54.805456, -22.275541 ], [ -54.805512, -22.275714 ], [ -54.805419, -22.27574 ], [ -54.805364, -22.275567 ] ] ] } },
{ "type": "Feature", "properties": { "id": 10706, "insc_imob": "00.11.36.53.120", "quadra_cartorio": null, "lote_cartorio": "01", "matricula": "131388", "circunscricao": "1º CIRCUNSCRIÇÃO", "zoneamento": "AUM - ÁREA DE USO MISTO", "condominio": null, "area_geom": 200.0, "cnm": "062661.2.0131388-26" }, "geometry": { "type": "Polygon", "coordinates": [ [ [ -54.805178, -22.275619 ], [ -54.805271, -22.275593 ], [ -54.805327, -22.275766 ], [ -54.805234, -22.275792 ], [ -54.805178, -22.275619 ] ] ] } },
{ "type": "Feature", "properties": { "id": 10799, "insc_imob": "00.11.36.16.230", "quadra_cartorio": null, "lote_cartorio": "08", "matricula": "131891", "circunscricao": "1º CIRCUNSCRIÇÃO", "zoneamento": "AUM - ÁREA DE USO MISTO", "condominio": null, "area_geom": 200.0, "cnm": "062661.2.0131891-69" }, "geometry": { "type": "Polygon", "coordinates": [ [ [ -54.80393, -22.279655 ], [ -54.804023, -22.279629 ], [ -54.804051, -22.279716 ], [ -54.804079, -22.279802 ], [ -54.803986, -22.279828 ], [ -54.803958, -22.279742 ], [ -54.80393, -22.279655 ] ] ] } },
{ "type": "Feature", "properties": { "id": 10800, "insc_imob": "00.11.36.16.060", "quadra_cartorio": null, "lote_cartorio": "21", "matricula": "131904", "circunscricao": "1º CIRCUNSCRIÇÃO", "zoneamento": "AUM - ÁREA DE USO MISTO", "condominio": null, "area_geom": 200.0, "cnm": "062661.2.0131904-30" }, "geometry": { "type": "Polygon", "coordinates": [ [ [ -54.803902, -22.279569 ], [ -54.803874, -22.279483 ], [ -54.803967, -22.279457 ], [ -54.803995, -22.279543 ], [ -54.804023, -22.279629 ], [ -54.80393, -22.279655 ], [ -54.803902, -22.279569 ] ] ] } },
{ "type": "Feature", "properties": { "id": 10763, "insc_imob": "00.11.36.44.030", "quadra_cartorio": null, "lote_cartorio": "03", "matricula": "130688", "circunscricao": "1º CIRCUNSCRIÇÃO", "zoneamento": "AUM - ÁREA DE USO MISTO", "condominio": null, "area_geom": 199.99, "cnm": "062661.2.0130688-89" }, "geometry": { "type": "Polygon", "coordinates": [ [ [ -54.809192, -22.274633 ], [ -54.809353, -22.274532 ], [ -54.809407, -22.274607 ], [ -54.809247, -22.274708 ], [ -54.809192, -22.274633 ] ] ] } },
{ "type": "Feature", "properties": { "id": 10765, "insc_imob": "00.11.36.44.050", "quadra_cartorio": null, "lote_cartorio": "05", "matricula": "130690", "circunscricao": "1º CIRCUNSCRIÇÃO", "zoneamento": "AUM - ÁREA DE USO MISTO", "condominio": null, "area_geom": 200.0, "cnm": "062661.2.0130690-83" }, "geometry": { "type": "Polygon", "coordinates": [ [ [ -54.809301, -22.274783 ], [ -54.809462, -22.274681 ], [ -54.809516, -22.274756 ], [ -54.809355, -22.274857 ], [ -54.809301, -22.274783 ] ] ] } },
{ "type": "Feature", "properties": { "id": 10764, "insc_imob": "00.11.36.44.040", "quadra_cartorio": null, "lote_cartorio": "04", "matricula": "130689", "circunscricao": "1º CIRCUNSCRIÇÃO", "zoneamento": "AUM - ÁREA DE USO MISTO", "condominio": null, "area_geom": 200.0, "cnm": "062661.2.0130689-86" }, "geometry": { "type": "Polygon", "coordinates": [ [ [ -54.809247, -22.274708 ], [ -54.809407, -22.274607 ], [ -54.809462, -22.274681 ], [ -54.809301, -22.274783 ], [ -54.809247, -22.274708 ] ] ] } },
{ "type": "Feature", "properties": { "id": 10767, "insc_imob": "00.11.36.62.020", "quadra_cartorio": null, "lote_cartorio": "12", "matricula": "130673", "circunscricao": "1º CIRCUNSCRIÇÃO", "zoneamento": "AUM - ÁREA DE USO MISTO", "condominio": null, "area_geom": 219.9, "cnm": "062661.2.0130673-37" }, "geometry": { "type": "Polygon", "coordinates": [ [ [ -54.807392, -22.273979 ], [ -54.807452, -22.273807 ], [ -54.807553, -22.273838 ], [ -54.807494, -22.27401 ], [ -54.807392, -22.273979 ] ] ] } },
{ "type": "Feature", "properties": { "id": 10766, "insc_imob": "00.11.36.62.010", "quadra_cartorio": null, "lote_cartorio": "13", "matricula": "130674", "circunscricao": "1º CIRCUNSCRIÇÃO", "zoneamento": "AUM - ÁREA DE USO MISTO", "condominio": null, "area_geom": 219.89, "cnm": "062661.2.0130674-34" }, "geometry": { "type": "Polygon", "coordinates": [ [ [ -54.807494, -22.27401 ], [ -54.807553, -22.273838 ], [ -54.807655, -22.273868 ], [ -54.807595, -22.27404 ], [ -54.807494, -22.27401 ] ] ] } },
{ "type": "Feature", "properties": { "id": 10777, "insc_imob": "00.11.36.16.220", "quadra_cartorio": null, "lote_cartorio": "07", "matricula": "131890", "circunscricao": "1º CIRCUNSCRIÇÃO", "zoneamento": "AUM - ÁREA DE USO MISTO", "condominio": null, "area_geom": 200.0, "cnm": "062661.2.0131890-72" }, "geometry": { "type": "Polygon", "coordinates": [ [ [ -54.803837, -22.279681 ], [ -54.80393, -22.279655 ], [ -54.803958, -22.279742 ], [ -54.803986, -22.279828 ], [ -54.803893, -22.279854 ], [ -54.803865, -22.279768 ], [ -54.803837, -22.279681 ] ] ] } },
{ "type": "Feature", "properties": { "id": 10776, "insc_imob": "00.11.36.16.080", "quadra_cartorio": null, "lote_cartorio": "23", "matricula": "131906", "circunscricao": "1º CIRCUNSCRIÇÃO", "zoneamento": "AUM - ÁREA DE USO MISTO", "condominio": null, "area_geom": 200.0, "cnm": "062661.2.0131906-24" }, "geometry": { "type": "Polygon", "coordinates": [ [ [ -54.803717, -22.279621 ], [ -54.803689, -22.279535 ], [ -54.803781, -22.279509 ], [ -54.803809, -22.279595 ], [ -54.803837, -22.279681 ], [ -54.803745, -22.279707 ], [ -54.803717, -22.279621 ] ] ] } },
{ "type": "Feature", "properties": { "id": 10778, "insc_imob": "00.11.36.16.070", "quadra_cartorio": null, "lote_cartorio": "22", "matricula": "131905", "circunscricao": "1º CIRCUNSCRIÇÃO", "zoneamento": "AUM - ÁREA DE USO MISTO", "condominio": null, "area_geom": 200.0, "cnm": "062661.2.0131905-27" }, "geometry": { "type": "Polygon", "coordinates": [ [ [ -54.803809, -22.279595 ], [ -54.803781, -22.279509 ], [ -54.803874, -22.279483 ], [ -54.803902, -22.279569 ], [ -54.80393, -22.279655 ], [ -54.803837, -22.279681 ], [ -54.803809, -22.279595 ] ] ] } },
{ "type": "Feature", "properties": { "id": 10768, "insc_imob": "00.11.36.14.130", "quadra_cartorio": null, "lote_cartorio": "04", "matricula": "131459", "circunscricao": "1º CIRCUNSCRIÇÃO", "zoneamento": "AUM - ÁREA DE USO MISTO", "condominio": null, "area_geom": 200.0, "cnm": "062661.2.0131459-07" }, "geometry": { "type": "Polygon", "coordinates": [ [ [ -54.80655, -22.278922 ], [ -54.806643, -22.278895 ], [ -54.806699, -22.279068 ], [ -54.806606, -22.279094 ], [ -54.80655, -22.278922 ] ] ] } },
{ "type": "Feature", "properties": { "id": 10770, "insc_imob": "00.11.36.14.110", "quadra_cartorio": null, "lote_cartorio": "02", "matricula": "131457", "circunscricao": "1º CIRCUNSCRIÇÃO", "zoneamento": "AUM - ÁREA DE USO MISTO", "condominio": null, "area_geom": 200.0, "cnm": "062661.2.0131457-13" }, "geometry": { "type": "Polygon", "coordinates": [ [ [ -54.806364, -22.278974 ], [ -54.806457, -22.278948 ], [ -54.806513, -22.27912 ], [ -54.80642, -22.279146 ], [ -54.806364, -22.278974 ] ] ] } },
{ "type": "Feature", "properties": { "id": 10773, "insc_imob": "00.11.36.14.150", "quadra_cartorio": null, "lote_cartorio": "06", "matricula": "131461", "circunscricao": "1º CIRCUNSCRIÇÃO", "zoneamento": "AUM - ÁREA DE USO MISTO", "condominio": null, "area_geom": 200.05, "cnm": "062661.2.0131461-98" }, "geometry": { "type": "Polygon", "coordinates": [ [ [ -54.806398, -22.278766 ], [ -54.806584, -22.278714 ], [ -54.806612, -22.2788 ], [ -54.806519, -22.278826 ], [ -54.806426, -22.278852 ], [ -54.806398, -22.278766 ] ] ] } },
{ "type": "Feature", "properties": { "id": 10772, "insc_imob": "00.11.36.14.080", "quadra_cartorio": null, "lote_cartorio": "17", "matricula": "131472", "circunscricao": "1º CIRCUNSCRIÇÃO", "zoneamento": "AUM - ÁREA DE USO MISTO", "condominio": null, "area_geom": 200.05, "cnm": "062661.2.0131472-65" }, "geometry": { "type": "Polygon", "coordinates": [ [ [ -54.806212, -22.278818 ], [ -54.806398, -22.278766 ], [ -54.806426, -22.278852 ], [ -54.806333, -22.278878 ], [ -54.80624, -22.278904 ], [ -54.806212, -22.278818 ] ] ] } },
{ "type": "Feature", "properties": { "id": 10774, "insc_imob": "00.11.36.32.030", "quadra_cartorio": null, "lote_cartorio": "03", "matricula": "130698", "circunscricao": "1º CIRCUNSCRIÇÃO", "zoneamento": "AUM - ÁREA DE USO MISTO", "condominio": null, "area_geom": 200.04, "cnm": "062661.2.0130698-59" }, "geometry": { "type": "Polygon", "coordinates": [ [ [ -54.809838, -22.275521 ], [ -54.809999, -22.27542 ], [ -54.810054, -22.275495 ], [ -54.809893, -22.275596 ], [ -54.809838, -22.275521 ] ] ] } },
{ "type": "Feature", "properties": { "id": 10859, "insc_imob": "00.11.36.16.250", "quadra_cartorio": null, "lote_cartorio": "10", "matricula": "131893", "circunscricao": "1º CIRCUNSCRIÇÃO", "zoneamento": "AUM - ÁREA DE USO MISTO", "condominio": null, "area_geom": 200.0, "cnm": "062661.2.0131893-63" }, "geometry": { "type": "Polygon", "coordinates": [ [ [ -54.804116, -22.279603 ], [ -54.804209, -22.279577 ], [ -54.804237, -22.279664 ], [ -54.804265, -22.27975 ], [ -54.804172, -22.279776 ], [ -54.804144, -22.27969 ], [ -54.804116, -22.279603 ] ] ] } },
{ "type": "Feature", "properties": { "id": 10858, "insc_imob": "00.11.36.16.050", "quadra_cartorio": null, "lote_cartorio": "20", "matricula": "131903", "circunscricao": "1º CIRCUNSCRIÇÃO", "zoneamento": "AUM - ÁREA DE USO MISTO", "condominio": null, "area_geom": 200.0, "cnm": "062661.2.0131903-33" }, "geometry": { "type": "Polygon", "coordinates": [ [ [ -54.803995, -22.279543 ], [ -54.803967, -22.279457 ], [ -54.80406, -22.27943 ], [ -54.804088, -22.279517 ], [ -54.804116, -22.279603 ], [ -54.804023, -22.279629 ], [ -54.803995, -22.279543 ] ] ] } },
{ "type": "Feature", "properties": { "id": 10861, "insc_imob": "00.11.36.16.260", "quadra_cartorio": null, "lote_cartorio": "11", "matricula": "131894", "circunscricao": "1º CIRCUNSCRIÇÃO", "zoneamento": "AUM - ÁREA DE USO MISTO", "condominio": null, "area_geom": 200.0, "cnm": "062661.2.0131894-60" }, "geometry": { "type": "Polygon", "coordinates": [ [ [ -54.804209, -22.279577 ], [ -54.804302, -22.279551 ], [ -54.80433, -22.279638 ], [ -54.804358, -22.279724 ], [ -54.804265, -22.27975 ], [ -54.804237, -22.279664 ], [ -54.804209, -22.279577 ] ] ] } },
{ "type": "Feature", "properties": { "id": 10860, "insc_imob": "00.11.36.16.040", "quadra_cartorio": null, "lote_cartorio": "19", "matricula": "131902", "circunscricao": "1º CIRCUNSCRIÇÃO", "zoneamento": "AUM - ÁREA DE USO MISTO", "condominio": null, "area_geom": 200.0, "cnm": "062661.2.0131902-36" }, "geometry": { "type": "Polygon", "coordinates": [ [ [ -54.80406, -22.27943 ], [ -54.804153, -22.279404 ], [ -54.804181, -22.279491 ], [ -54.804209, -22.279577 ], [ -54.804116, -22.279603 ], [ -54.804088, -22.279517 ], [ -54.80406, -22.27943 ] ] ] } },
{ "type": "Feature", "properties": { "id": 10863, "insc_imob": "00.11.36.16.270", "quadra_cartorio": null, "lote_cartorio": "12", "matricula": "131895", "circunscricao": "1º CIRCUNSCRIÇÃO", "zoneamento": "AUM - ÁREA DE USO MISTO", "condominio": null, "area_geom": 199.99, "cnm": "062661.2.0131895-57" }, "geometry": { "type": "Polygon", "coordinates": [ [ [ -54.804302, -22.279551 ], [ -54.804395, -22.279525 ], [ -54.804423, -22.279612 ], [ -54.804451, -22.279698 ], [ -54.804358, -22.279724 ], [ -54.80433, -22.279638 ], [ -54.804302, -22.279551 ] ] ] } },
{ "type": "Feature", "properties": { "id": 10862, "insc_imob": "00.11.36.16.030", "quadra_cartorio": null, "lote_cartorio": "18", "matricula": "131901", "circunscricao": "1º CIRCUNSCRIÇÃO", "zoneamento": "AUM - ÁREA DE USO MISTO", "condominio": null, "area_geom": 200.0, "cnm": "062661.2.0131901-39" }, "geometry": { "type": "Polygon", "coordinates": [ [ [ -54.804181, -22.279491 ], [ -54.804153, -22.279404 ], [ -54.804246, -22.279378 ], [ -54.804274, -22.279465 ], [ -54.804302, -22.279551 ], [ -54.804209, -22.279577 ], [ -54.804181, -22.279491 ] ] ] } },
{ "type": "Feature", "properties": { "id": 10873, "insc_imob": "00.11.36.04.020", "quadra_cartorio": null, "lote_cartorio": "06", "matricula": "130829", "circunscricao": "1º CIRCUNSCRIÇÃO", "zoneamento": "AUM - ÁREA DE USO MISTO", "condominio": null, "area_geom": 199.24, "cnm": "062661.2.0130829-54" }, "geometry": { "type": "Polygon", "coordinates": [ [ [ -54.810415, -22.278216 ], [ -54.810508, -22.27819 ], [ -54.810563, -22.278363 ], [ -54.81047, -22.278389 ], [ -54.810415, -22.278216 ] ] ] } },
{ "type": "Feature", "properties": { "id": 10872, "insc_imob": "00.11.36.04.010", "quadra_cartorio": null, "lote_cartorio": "07", "matricula": "130830", "circunscricao": "1º CIRCUNSCRIÇÃO", "zoneamento": "AUM - ÁREA DE USO MISTO", "condominio": null, "area_geom": 199.3, "cnm": "062661.2.0130830-51" }, "geometry": { "type": "Polygon", "coordinates": [ [ [ -54.810508, -22.27819 ], [ -54.8106, -22.278164 ], [ -54.810656, -22.278337 ], [ -54.810563, -22.278363 ], [ -54.810508, -22.27819 ] ] ] } },
{ "type": "Feature", "properties": { "id": 10875, "insc_imob": "00.11.36.35.160", "quadra_cartorio": null, "lote_cartorio": "01", "matricula": "131223", "circunscricao": "1º CIRCUNSCRIÇÃO", "zoneamento": "AUM - ÁREA DE USO MISTO", "condominio": null, "area_geom": 200.0, "cnm": "062661.2.0131223-36" }, "geometry": { "type": "Polygon", "coordinates": [ [ [ -54.806252, -22.277063 ], [ -54.806438, -22.27701 ], [ -54.806466, -22.277097 ], [ -54.80628, -22.277149 ], [ -54.806252, -22.277063 ] ] ] } },
{ "type": "Feature", "properties": { "id": 10874, "insc_imob": "00.11.36.04.030", "quadra_cartorio": null, "lote_cartorio": "05", "matricula": "130828", "circunscricao": "1º CIRCUNSCRIÇÃO", "zoneamento": "AUM - ÁREA DE USO MISTO", "condominio": null, "area_geom": 199.16, "cnm": "062661.2.0130828-57" }, "geometry": { "type": "Polygon", "coordinates": [ [ [ -54.810322, -22.278242 ], [ -54.810415, -22.278216 ], [ -54.81047, -22.278389 ], [ -54.810378, -22.278415 ], [ -54.810322, -22.278242 ] ] ] } },
{ "type": "Feature", "properties": { "id": 10877, "insc_imob": "00.11.36.35.170", "quadra_cartorio": null, "lote_cartorio": "02", "matricula": "131224", "circunscricao": "1º CIRCUNSCRIÇÃO", "zoneamento": "AUM - ÁREA DE USO MISTO", "condominio": null, "area_geom": 200.0, "cnm": "062661.2.0131224-33" }, "geometry": { "type": "Polygon", "coordinates": [ [ [ -54.80641, -22.276924 ], [ -54.806503, -22.276898 ], [ -54.806531, -22.276984 ], [ -54.806559, -22.277071 ], [ -54.806466, -22.277097 ], [ -54.806438, -22.27701 ], [ -54.80641, -22.276924 ] ] ] } },
{ "type": "Feature", "properties": { "id": 10876, "insc_imob": "00.11.36.35.280", "quadra_cartorio": null, "lote_cartorio": "13", "matricula": "131235", "circunscricao": "1º CIRCUNSCRIÇÃO", "zoneamento": "AUM - ÁREA DE USO MISTO", "condominio": null, "area_geom": 200.0, "cnm": "062661.2.0131235-97" }, "geometry": { "type": "Polygon", "coordinates": [ [ [ -54.80746, -22.276724 ], [ -54.807646, -22.276672 ], [ -54.807674, -22.276759 ], [ -54.807488, -22.276811 ], [ -54.80746, -22.276724 ] ] ] } },
{ "type": "Feature", "properties": { "id": 10879, "insc_imob": "00.11.36.35.200", "quadra_cartorio": null, "lote_cartorio": "05", "matricula": "131227", "circunscricao": "1º CIRCUNSCRIÇÃO", "zoneamento": "AUM - ÁREA DE USO MISTO", "condominio": null, "area_geom": 200.0, "cnm": "062661.2.0131227-24" }, "geometry": { "type": "Polygon", "coordinates": [ [ [ -54.806689, -22.276846 ], [ -54.806782, -22.27682 ], [ -54.80681, -22.276906 ], [ -54.806838, -22.276993 ], [ -54.806745, -22.277019 ], [ -54.806717, -22.276932 ], [ -54.806689, -22.276846 ] ] ] } },
{ "type": "Feature", "properties": { "id": 10878, "insc_imob": "00.11.36.35.180", "quadra_cartorio": null, "lote_cartorio": "03", "matricula": "131225", "circunscricao": "1º CIRCUNSCRIÇÃO", "zoneamento": "AUM - ÁREA DE USO MISTO", "condominio": null, "area_geom": 200.0, "cnm": "062661.2.0131225-30" }, "geometry": { "type": "Polygon", "coordinates": [ [ [ -54.806503, -22.276898 ], [ -54.806596, -22.276872 ], [ -54.806624, -22.276958 ], [ -54.806652, -22.277045 ], [ -54.806559, -22.277071 ], [ -54.806531, -22.276984 ], [ -54.806503, -22.276898 ] ] ] } },
{ "type": "Feature", "properties": { "id": 10865, "insc_imob": "00.11.36.50.100", "quadra_cartorio": null, "lote_cartorio": "08", "matricula": "130732", "circunscricao": "1º CIRCUNSCRIÇÃO", "zoneamento": "AUM - ÁREA DE USO MISTO", "condominio": null, "area_geom": 200.0, "cnm": "062661.2.0130732-54" }, "geometry": { "type": "Polygon", "coordinates": [ [ [ -54.808728, -22.274804 ], [ -54.808821, -22.274778 ], [ -54.808849, -22.274864 ], [ -54.808877, -22.274951 ], [ -54.808784, -22.274977 ], [ -54.808728, -22.274804 ] ] ] } },
{ "type": "Feature", "properties": { "id": 10864, "insc_imob": "00.11.36.16.020", "quadra_cartorio": null, "lote_cartorio": "17", "matricula": "131900", "circunscricao": "1º CIRCUNSCRIÇÃO", "zoneamento": "AUM - ÁREA DE USO MISTO", "condominio": null, "area_geom": 200.0, "cnm": "062661.2.0131900-42" }, "geometry": { "type": "Polygon", "coordinates": [ [ [ -54.804246, -22.279378 ], [ -54.804339, -22.279352 ], [ -54.804367, -22.279439 ], [ -54.804395, -22.279525 ], [ -54.804302, -22.279551 ], [ -54.804274, -22.279465 ], [ -54.804246, -22.279378 ] ] ] } },
{ "type": "Feature", "properties": { "id": 10867, "insc_imob": "00.11.36.50.070", "quadra_cartorio": null, "lote_cartorio": "02", "matricula": "130726", "circunscricao": "1º CIRCUNSCRIÇÃO", "zoneamento": "AUM - ÁREA DE USO MISTO", "condominio": null, "area_geom": 201.25, "cnm": "062661.2.0130726-72" }, "geometry": { "type": "Polygon", "coordinates": [ [ [ -54.808264, -22.274965 ], [ -54.808357, -22.274908 ], [ -54.808412, -22.275081 ], [ -54.80831, -22.275109 ], [ -54.808264, -22.274965 ] ] ] } },
{ "type": "Feature", "properties": { "id": 10866, "insc_imob": "00.11.36.50.030", "quadra_cartorio": null, "lote_cartorio": "07", "matricula": "130731", "circunscricao": "1º CIRCUNSCRIÇÃO", "zoneamento": "AUM - ÁREA DE USO MISTO", "condominio": null, "area_geom": 303.74, "cnm": "062661.2.0130731-57" }, "geometry": { "type": "Polygon", "coordinates": [ [ [ -54.80861, -22.274753 ], [ -54.808695, -22.274701 ], [ -54.808728, -22.274804 ], [ -54.808784, -22.274977 ], [ -54.808691, -22.275003 ], [ -54.80861, -22.274753 ] ] ] } },
{ "type": "Feature", "properties": { "id": 10869, "insc_imob": "00.11.36.50.090", "quadra_cartorio": null, "lote_cartorio": "01", "matricula": "130725", "circunscricao": "1º CIRCUNSCRIÇÃO", "zoneamento": "AUM - ÁREA DE USO MISTO", "condominio": null, "area_geom": 261.09, "cnm": "062661.2.0130725-75" }, "geometry": { "type": "Polygon", "coordinates": [ [ [ -54.808145, -22.275038 ], [ -54.80818, -22.275146 ], [ -54.807792, -22.275255 ], [ -54.808145, -22.275038 ] ] ] } },
{ "type": "Feature", "properties": { "id": 10868, "insc_imob": "00.11.36.50.080", "quadra_cartorio": null, "lote_cartorio": "03", "matricula": "130727", "circunscricao": "1º CIRCUNSCRIÇÃO", "zoneamento": "AUM - ÁREA DE USO MISTO", "condominio": null, "area_geom": 203.94, "cnm": "062661.2.0130727-69" }, "geometry": { "type": "Polygon", "coordinates": [ [ [ -54.808145, -22.275038 ], [ -54.808264, -22.274965 ], [ -54.80831, -22.275109 ], [ -54.80818, -22.275146 ], [ -54.808145, -22.275038 ] ] ] } },
{ "type": "Feature", "properties": { "id": 10871, "insc_imob": "00.11.36.50.020", "quadra_cartorio": null, "lote_cartorio": "12", "matricula": "130736", "circunscricao": "1º CIRCUNSCRIÇÃO", "zoneamento": "AUM - ÁREA DE USO MISTO", "condominio": null, "area_geom": 219.74, "cnm": "062661.2.0130736-42" }, "geometry": { "type": "Polygon", "coordinates": [ [ [ -54.808695, -22.274701 ], [ -54.808826, -22.274621 ], [ -54.808872, -22.274763 ], [ -54.808821, -22.274778 ], [ -54.808728, -22.274804 ], [ -54.808695, -22.274701 ] ] ] } },
{ "type": "Feature", "properties": { "id": 10870, "insc_imob": "00.11.36.50.010", "quadra_cartorio": null, "lote_cartorio": "11", "matricula": "130735", "circunscricao": "1º CIRCUNSCRIÇÃO", "zoneamento": "AUM - ÁREA DE USO MISTO", "condominio": null, "area_geom": 205.04, "cnm": "062661.2.0130735-45" }, "geometry": { "type": "Polygon", "coordinates": [ [ [ -54.808826, -22.274621 ], [ -54.808851, -22.274606 ], [ -54.808962, -22.274639 ], [ -54.809022, -22.274721 ], [ -54.808872, -22.274763 ], [ -54.808826, -22.274621 ] ] ] } },
{ "type": "Feature", "properties": { "id": 10921, "insc_imob": "00.11.36.55.010", "quadra_cartorio": null, "lote_cartorio": "13", "matricula": "131775", "circunscricao": "1º CIRCUNSCRIÇÃO", "zoneamento": "AUM - ÁREA DE USO MISTO", "condominio": null, "area_geom": 215.87, "cnm": "062661.2.0131775-29" }, "geometry": { "type": "Polygon", "coordinates": [ [ [ -54.803109, -22.275529 ], [ -54.803112, -22.275519 ], [ -54.803286, -22.27547 ], [ -54.803314, -22.275557 ], [ -54.803086, -22.275621 ], [ -54.803109, -22.275529 ] ] ] } },
{ "type": "Feature", "properties": { "id": 10920, "insc_imob": "00.11.36.55.180", "quadra_cartorio": null, "lote_cartorio": "11", "matricula": "131773", "circunscricao": "1º CIRCUNSCRIÇÃO", "zoneamento": "AUM - ÁREA DE USO MISTO", "condominio": null, "area_geom": 272.18, "cnm": "062661.2.0131773-35" }, "geometry": { "type": "Polygon", "coordinates": [ [ [ -54.803086, -22.275621 ], [ -54.803314, -22.275557 ], [ -54.803342, -22.275643 ], [ -54.803185, -22.275687 ], [ -54.803061, -22.275721 ], [ -54.803086, -22.275621 ] ] ] } },
{ "type": "Feature", "properties": { "id": 10919, "insc_imob": "00.11.36.55.180", "quadra_cartorio": null, "lote_cartorio": "11", "matricula": "131773", "circunscricao": "1º CIRCUNSCRIÇÃO", "zoneamento": "AUM - ÁREA DE USO MISTO", "condominio": null, "area_geom": 203.19, "cnm": "062661.2.0131773-35" }, "geometry": { "type": "Polygon", "coordinates": [ [ [ -54.803185, -22.275687 ], [ -54.803342, -22.275643 ], [ -54.803375, -22.275747 ], [ -54.803219, -22.275791 ], [ -54.803185, -22.275687 ] ] ] } },
{ "type": "Feature", "properties": { "id": 10881, "insc_imob": "00.11.36.35.220", "quadra_cartorio": null, "lote_cartorio": "07", "matricula": "131229", "circunscricao": "1º CIRCUNSCRIÇÃO", "zoneamento": "AUM - ÁREA DE USO MISTO", "condominio": null, "area_geom": 200.0, "cnm": "062661.2.0131229-18" }, "geometry": { "type": "Polygon", "coordinates": [ [ [ -54.806875, -22.276794 ], [ -54.806968, -22.276768 ], [ -54.806996, -22.276854 ], [ -54.807024, -22.276941 ], [ -54.806931, -22.276967 ], [ -54.806903, -22.27688 ], [ -54.806875, -22.276794 ] ] ] } },
{ "type": "Feature", "properties": { "id": 10880, "insc_imob": "00.11.36.35.210", "quadra_cartorio": null, "lote_cartorio": "06", "matricula": "131228", "circunscricao": "1º CIRCUNSCRIÇÃO", "zoneamento": "AUM - ÁREA DE USO MISTO", "condominio": null, "area_geom": 200.0, "cnm": "062661.2.0131228-21" }, "geometry": { "type": "Polygon", "coordinates": [ [ [ -54.806782, -22.27682 ], [ -54.806875, -22.276794 ], [ -54.806903, -22.27688 ], [ -54.806931, -22.276967 ], [ -54.806838, -22.276993 ], [ -54.80681, -22.276906 ], [ -54.806782, -22.27682 ] ] ] } },
{ "type": "Feature", "properties": { "id": 10883, "insc_imob": "00.11.36.35.240", "quadra_cartorio": null, "lote_cartorio": "09", "matricula": "131231", "circunscricao": "1º CIRCUNSCRIÇÃO", "zoneamento": "AUM - ÁREA DE USO MISTO", "condominio": null, "area_geom": 200.0, "cnm": "062661.2.0131231-12" }, "geometry": { "type": "Polygon", "coordinates": [ [ [ -54.80706, -22.276742 ], [ -54.807153, -22.276716 ], [ -54.807181, -22.276802 ], [ -54.807209, -22.276889 ], [ -54.807116, -22.276915 ], [ -54.807088, -22.276828 ], [ -54.80706, -22.276742 ] ] ] } },
{ "type": "Feature", "properties": { "id": 10882, "insc_imob": "00.11.36.35.230", "quadra_cartorio": null, "lote_cartorio": "08", "matricula": "131230", "circunscricao": "1º CIRCUNSCRIÇÃO", "zoneamento": "AUM - ÁREA DE USO MISTO", "condominio": null, "area_geom": 200.0, "cnm": "062661.2.0131230-15" }, "geometry": { "type": "Polygon", "coordinates": [ [ [ -54.806968, -22.276768 ], [ -54.80706, -22.276742 ], [ -54.807088, -22.276828 ], [ -54.807116, -22.276915 ], [ -54.807024, -22.276941 ], [ -54.806996, -22.276854 ], [ -54.806968, -22.276768 ] ] ] } },
{ "type": "Feature", "properties": { "id": 10897, "insc_imob": "00.11.36.35.260", "quadra_cartorio": null, "lote_cartorio": "11", "matricula": "131233", "circunscricao": "1º CIRCUNSCRIÇÃO", "zoneamento": "AUM - ÁREA DE USO MISTO", "condominio": null, "area_geom": 200.0, "cnm": "062661.2.0131233-06" }, "geometry": { "type": "Polygon", "coordinates": [ [ [ -54.807246, -22.27669 ], [ -54.807339, -22.276664 ], [ -54.807367, -22.27675 ], [ -54.807395, -22.276837 ], [ -54.807302, -22.276863 ], [ -54.807274, -22.276776 ], [ -54.807246, -22.27669 ] ] ] } },
{ "type": "Feature", "properties": { "id": 10896, "insc_imob": "00.11.36.35.250", "quadra_cartorio": null, "lote_cartorio": "10", "matricula": "131232", "circunscricao": "1º CIRCUNSCRIÇÃO", "zoneamento": "AUM - ÁREA DE USO MISTO", "condominio": null, "area_geom": 200.0, "cnm": "062661.2.0131232-09" }, "geometry": { "type": "Polygon", "coordinates": [ [ [ -54.807153, -22.276716 ], [ -54.807246, -22.27669 ], [ -54.807274, -22.276776 ], [ -54.807302, -22.276863 ], [ -54.807209, -22.276889 ], [ -54.807181, -22.276802 ], [ -54.807153, -22.276716 ] ] ] } },
{ "type": "Feature", "properties": { "id": 10898, "insc_imob": "00.11.36.35.270", "quadra_cartorio": null, "lote_cartorio": "12", "matricula": "131234", "circunscricao": "1º CIRCUNSCRIÇÃO", "zoneamento": "AUM - ÁREA DE USO MISTO", "condominio": null, "area_geom": 200.0, "cnm": "062661.2.0131234-03" }, "geometry": { "type": "Polygon", "coordinates": [ [ [ -54.807339, -22.276664 ], [ -54.807432, -22.276638 ], [ -54.80746, -22.276724 ], [ -54.807488, -22.276811 ], [ -54.807395, -22.276837 ], [ -54.807367, -22.27675 ], [ -54.807339, -22.276664 ] ] ] } },
{ "type": "Feature", "properties": { "id": 12111, "insc_imob": "00.11.36.57.280", "quadra_cartorio": null, "lote_cartorio": "13", "matricula": "131115", "circunscricao": "1º CIRCUNSCRIÇÃO", "zoneamento": "AUM - ÁREA DE USO MISTO", "condominio": null, "area_geom": 200.0, "cnm": "062661.2.0131115-69" }, "geometry": { "type": "Polygon", "coordinates": [ [ [ -54.806825, -22.274762 ], [ -54.807011, -22.27471 ], [ -54.807039, -22.274796 ], [ -54.806853, -22.274848 ], [ -54.806825, -22.274762 ] ] ] } },
{ "type": "Feature", "properties": { "id": 11969, "insc_imob": "00.11.36.36.120", "quadra_cartorio": null, "lote_cartorio": "26", "matricula": "131435", "circunscricao": "1º CIRCUNSCRIÇÃO", "zoneamento": "AUM - ÁREA DE USO MISTO", "condominio": null, "area_geom": 200.0, "cnm": "062661.2.0131435-79" }, "geometry": { "type": "Polygon", "coordinates": [ [ [ -54.805671, -22.27683 ], [ -54.805763, -22.276804 ], [ -54.805791, -22.27689 ], [ -54.805699, -22.276916 ], [ -54.805606, -22.276942 ], [ -54.805578, -22.276856 ], [ -54.805671, -22.27683 ] ] ] } },
{ "type": "Feature", "properties": { "id": 11968, "insc_imob": "00.11.36.20.150", "quadra_cartorio": null, "lote_cartorio": "30", "matricula": "131717", "circunscricao": "1º CIRCUNSCRIÇÃO", "zoneamento": "AUM - ÁREA DE USO MISTO", "condominio": null, "area_geom": 200.0, "cnm": "062661.2.0131717-09" }, "geometry": { "type": "Polygon", "coordinates": [ [ [ -54.804732, -22.27894 ], [ -54.80476, -22.279027 ], [ -54.804575, -22.279079 ], [ -54.804547, -22.278992 ], [ -54.804732, -22.27894 ] ] ] } },
{ "type": "Feature", "properties": { "id": 8473, "insc_imob": "00.11.36.45.070", "quadra_cartorio": null, "lote_cartorio": "03", "matricula": "130739", "circunscricao": "1º CIRCUNSCRIÇÃO", "zoneamento": "AUM - ÁREA DE USO MISTO", "condominio": null, "area_geom": 271.27, "cnm": "062661.2.0130739-33" }, "geometry": { "type": "Polygon", "coordinates": [ [ [ -54.809115, -22.275138 ], [ -54.80929, -22.275089 ], [ -54.809364, -22.275191 ], [ -54.809151, -22.275251 ], [ -54.809129, -22.275182 ], [ -54.809115, -22.275138 ] ] ] } },
{ "type": "Feature", "properties": { "id": 8583, "insc_imob": "00.11.36.45.010", "quadra_cartorio": null, "lote_cartorio": "04", "matricula": "130740", "circunscricao": "1º CIRCUNSCRIÇÃO", "zoneamento": "AUM - ÁREA DE USO MISTO", "condominio": null, "area_geom": 247.38, "cnm": "062661.2.0130740-30" }, "geometry": { "type": "Polygon", "coordinates": [ [ [ -54.809073, -22.275009 ], [ -54.809205, -22.274972 ], [ -54.80929, -22.275089 ], [ -54.809115, -22.275138 ], [ -54.809101, -22.275095 ], [ -54.809073, -22.275009 ] ] ] } },
{ "type": "Feature", "properties": { "id": 8699, "insc_imob": "00.11.36.40.140", "quadra_cartorio": null, "lote_cartorio": "29", "matricula": "130901", "circunscricao": "1º CIRCUNSCRIÇÃO", "zoneamento": "AUM - ÁREA DE USO MISTO", "condominio": null, "area_geom": 200.0, "cnm": "062661.2.0130901-32" }, "geometry": { "type": "Polygon", "coordinates": [ [ [ -54.807556, -22.276018 ], [ -54.807742, -22.275966 ], [ -54.80777, -22.276053 ], [ -54.807584, -22.276105 ], [ -54.807556, -22.276018 ] ] ] } },
{ "type": "Feature", "properties": { "id": 8641, "insc_imob": "00.11.36.40.160", "quadra_cartorio": null, "lote_cartorio": "01", "matricula": "130873", "circunscricao": "1º CIRCUNSCRIÇÃO", "zoneamento": "AUM - ÁREA DE USO MISTO", "condominio": null, "area_geom": 200.0, "cnm": "062661.2.0130873-19" }, "geometry": { "type": "Polygon", "coordinates": [ [ [ -54.807798, -22.276139 ], [ -54.807826, -22.276226 ], [ -54.80764, -22.276278 ], [ -54.807612, -22.276191 ], [ -54.807798, -22.276139 ] ] ] } },
{ "type": "Feature", "properties": { "id": 8642, "insc_imob": "00.11.36.40.150", "quadra_cartorio": null, "lote_cartorio": "30", "matricula": "130902", "circunscricao": "1º CIRCUNSCRIÇÃO", "zoneamento": "AUM - ÁREA DE USO MISTO", "condominio": null, "area_geom": 200.0, "cnm": "062661.2.0130902-29" }, "geometry": { "type": "Polygon", "coordinates": [ [ [ -54.807584, -22.276105 ], [ -54.80777, -22.276053 ], [ -54.807798, -22.276139 ], [ -54.807612, -22.276191 ], [ -54.807584, -22.276105 ] ] ] } },
{ "type": "Feature", "properties": { "id": 8198, "insc_imob": "00.11.36.45.040", "quadra_cartorio": null, "lote_cartorio": "07", "matricula": "130743", "circunscricao": "1º CIRCUNSCRIÇÃO", "zoneamento": "AUM - ÁREA DE USO MISTO", "condominio": null, "area_geom": 200.0, "cnm": "062661.2.0130743-21" }, "geometry": { "type": "Polygon", "coordinates": [ [ [ -54.808943, -22.275234 ], [ -54.809129, -22.275182 ], [ -54.809151, -22.275251 ], [ -54.809157, -22.275268 ], [ -54.808971, -22.27532 ], [ -54.808943, -22.275234 ] ] ] } },
{ "type": "Feature", "properties": { "id": 8256, "insc_imob": "00.11.36.45.030", "quadra_cartorio": null, "lote_cartorio": "06", "matricula": "130742", "circunscricao": "1º CIRCUNSCRIÇÃO", "zoneamento": "AUM - ÁREA DE USO MISTO", "condominio": null, "area_geom": 200.0, "cnm": "062661.2.0130742-24" }, "geometry": { "type": "Polygon", "coordinates": [ [ [ -54.808915, -22.275147 ], [ -54.809101, -22.275095 ], [ -54.809115, -22.275138 ], [ -54.809129, -22.275182 ], [ -54.808943, -22.275234 ], [ -54.808915, -22.275147 ] ] ] } },
{ "type": "Feature", "properties": { "id": 8439, "insc_imob": "00.11.36.45.060", "quadra_cartorio": null, "lote_cartorio": "02", "matricula": "130738", "circunscricao": "1º CIRCUNSCRIÇÃO", "zoneamento": "AUM - ÁREA DE USO MISTO", "condominio": null, "area_geom": 297.28, "cnm": "062661.2.0130738-36" }, "geometry": { "type": "Polygon", "coordinates": [ [ [ -54.809364, -22.275191 ], [ -54.809432, -22.275285 ], [ -54.809185, -22.275354 ], [ -54.809157, -22.275268 ], [ -54.809151, -22.275251 ], [ -54.809364, -22.275191 ] ] ] } },
{ "type": "Feature", "properties": { "id": 9017, "insc_imob": "00.11.36.40.080", "quadra_cartorio": null, "lote_cartorio": "23", "matricula": "130895", "circunscricao": "1º CIRCUNSCRIÇÃO", "zoneamento": "AUM - ÁREA DE USO MISTO", "condominio": null, "area_geom": 200.0, "cnm": "062661.2.0130895-50" }, "geometry": { "type": "Polygon", "coordinates": [ [ [ -54.808113, -22.275862 ], [ -54.808085, -22.275776 ], [ -54.808178, -22.27575 ], [ -54.808206, -22.275836 ], [ -54.808234, -22.275923 ], [ -54.808141, -22.275949 ], [ -54.808113, -22.275862 ] ] ] } },
{ "type": "Feature", "properties": { "id": 9016, "insc_imob": "00.11.36.40.210", "quadra_cartorio": null, "lote_cartorio": "06", "matricula": "130878", "circunscricao": "1º CIRCUNSCRIÇÃO", "zoneamento": "AUM - ÁREA DE USO MISTO", "condominio": null, "area_geom": 200.0, "cnm": "062661.2.0130878-04" }, "geometry": { "type": "Polygon", "coordinates": [ [ [ -54.808141, -22.275949 ], [ -54.808234, -22.275923 ], [ -54.808262, -22.276009 ], [ -54.80829, -22.276096 ], [ -54.808197, -22.276122 ], [ -54.808169, -22.276035 ], [ -54.808141, -22.275949 ] ] ] } },
{ "type": "Feature", "properties": { "id": 8984, "insc_imob": "00.11.36.40.090", "quadra_cartorio": null, "lote_cartorio": "24", "matricula": "130896", "circunscricao": "1º CIRCUNSCRIÇÃO", "zoneamento": "AUM - ÁREA DE USO MISTO", "condominio": null, "area_geom": 200.0, "cnm": "062661.2.0130896-47" }, "geometry": { "type": "Polygon", "coordinates": [ [ [ -54.80802, -22.275888 ], [ -54.807992, -22.275802 ], [ -54.808085, -22.275776 ], [ -54.808113, -22.275862 ], [ -54.808141, -22.275949 ], [ -54.808048, -22.275975 ], [ -54.80802, -22.275888 ] ] ] } },
{ "type": "Feature", "properties": { "id": 9095, "insc_imob": "00.11.36.40.270", "quadra_cartorio": null, "lote_cartorio": "12", "matricula": "130884", "circunscricao": "1º CIRCUNSCRIÇÃO", "zoneamento": "AUM - ÁREA DE USO MISTO", "condominio": null, "area_geom": 200.0, "cnm": "062661.2.0130884-83" }, "geometry": { "type": "Polygon", "coordinates": [ [ [ -54.808699, -22.275793 ], [ -54.808791, -22.275766 ], [ -54.808819, -22.275853 ], [ -54.808847, -22.275939 ], [ -54.808754, -22.275965 ], [ -54.808727, -22.275879 ], [ -54.808699, -22.275793 ] ] ] } },
{ "type": "Feature", "properties": { "id": 9094, "insc_imob": "00.11.36.40.260", "quadra_cartorio": null, "lote_cartorio": "11", "matricula": "130883", "circunscricao": "1º CIRCUNSCRIÇÃO", "zoneamento": "AUM - ÁREA DE USO MISTO", "condominio": null, "area_geom": 200.0, "cnm": "062661.2.0130883-86" }, "geometry": { "type": "Polygon", "coordinates": [ [ [ -54.808606, -22.275819 ], [ -54.808699, -22.275793 ], [ -54.808727, -22.275879 ], [ -54.808754, -22.275965 ], [ -54.808662, -22.275991 ], [ -54.808634, -22.275905 ], [ -54.808606, -22.275819 ] ] ] } },
{ "type": "Feature", "properties": { "id": 9161, "insc_imob": "00.11.36.46.280", "quadra_cartorio": null, "lote_cartorio": "13", "matricula": "130855", "circunscricao": "1º CIRCUNSCRIÇÃO", "zoneamento": "AUM - ÁREA DE USO MISTO", "condominio": null, "area_geom": 200.0, "cnm": "062661.2.0130855-73" }, "geometry": { "type": "Polygon", "coordinates": [ [ [ -54.808674, -22.275403 ], [ -54.80886, -22.275351 ], [ -54.808888, -22.275438 ], [ -54.808702, -22.27549 ], [ -54.808674, -22.275403 ] ] ] } },
{ "type": "Feature", "properties": { "id": 9157, "insc_imob": "00.11.36.46.160", "quadra_cartorio": null, "lote_cartorio": "01", "matricula": "130843", "circunscricao": "1º CIRCUNSCRIÇÃO", "zoneamento": "AUM - ÁREA DE USO MISTO", "condominio": null, "area_geom": 200.0, "cnm": "062661.2.0130843-12" }, "geometry": { "type": "Polygon", "coordinates": [ [ [ -54.807652, -22.27569 ], [ -54.80768, -22.275776 ], [ -54.807494, -22.275828 ], [ -54.807466, -22.275742 ], [ -54.807652, -22.27569 ] ] ] } },
{ "type": "Feature", "properties": { "id": 9156, "insc_imob": "00.11.36.40.020", "quadra_cartorio": null, "lote_cartorio": "17", "matricula": "130889", "circunscricao": "1º CIRCUNSCRIÇÃO", "zoneamento": "AUM - ÁREA DE USO MISTO", "condominio": null, "area_geom": 200.0, "cnm": "062661.2.0130889-68" }, "geometry": { "type": "Polygon", "coordinates": [ [ [ -54.808643, -22.27562 ], [ -54.808735, -22.275594 ], [ -54.808763, -22.27568 ], [ -54.808791, -22.275766 ], [ -54.808699, -22.275793 ], [ -54.808671, -22.275706 ], [ -54.808643, -22.27562 ] ] ] } },
{ "type": "Feature", "properties": { "id": 9159, "insc_imob": "00.11.36.46.140", "quadra_cartorio": null, "lote_cartorio": "29", "matricula": "130871", "circunscricao": "1º CIRCUNSCRIÇÃO", "zoneamento": "AUM - ÁREA DE USO MISTO", "condominio": null, "area_geom": 200.0, "cnm": "062661.2.0130871-25" }, "geometry": { "type": "Polygon", "coordinates": [ [ [ -54.80741, -22.275569 ], [ -54.807596, -22.275517 ], [ -54.807624, -22.275603 ], [ -54.807438, -22.275655 ], [ -54.80741, -22.275569 ] ] ] } },
{ "type": "Feature", "properties": { "id": 9158, "insc_imob": "00.11.36.46.150", "quadra_cartorio": null, "lote_cartorio": "30", "matricula": "130872", "circunscricao": "1º CIRCUNSCRIÇÃO", "zoneamento": "AUM - ÁREA DE USO MISTO", "condominio": null, "area_geom": 200.0, "cnm": "062661.2.0130872-22" }, "geometry": { "type": "Polygon", "coordinates": [ [ [ -54.807438, -22.275655 ], [ -54.807624, -22.275603 ], [ -54.807652, -22.27569 ], [ -54.807466, -22.275742 ], [ -54.807438, -22.275655 ] ] ] } },
{ "type": "Feature", "properties": { "id": 8754, "insc_imob": "00.11.36.40.300", "quadra_cartorio": null, "lote_cartorio": "15", "matricula": "130887", "circunscricao": "1º CIRCUNSCRIÇÃO", "zoneamento": "AUM - ÁREA DE USO MISTO", "condominio": null, "area_geom": 200.0, "cnm": "062661.2.0130887-74" }, "geometry": { "type": "Polygon", "coordinates": [ [ [ -54.808763, -22.27568 ], [ -54.808949, -22.275628 ], [ -54.808977, -22.275714 ], [ -54.808791, -22.275766 ], [ -54.808763, -22.27568 ] ] ] } },
{ "type": "Feature", "properties": { "id": 8729, "insc_imob": "00.11.36.40.290", "quadra_cartorio": null, "lote_cartorio": "14", "matricula": "130886", "circunscricao": "1º CIRCUNSCRIÇÃO", "zoneamento": "AUM - ÁREA DE USO MISTO", "condominio": null, "area_geom": 200.0, "cnm": "062661.2.0130886-77" }, "geometry": { "type": "Polygon", "coordinates": [ [ [ -54.808791, -22.275766 ], [ -54.808977, -22.275714 ], [ -54.809005, -22.275801 ], [ -54.808819, -22.275853 ], [ -54.808791, -22.275766 ] ] ] } },
{ "type": "Feature", "properties": { "id": 8728, "insc_imob": "00.11.36.40.280", "quadra_cartorio": null, "lote_cartorio": "13", "matricula": "130885", "circunscricao": "1º CIRCUNSCRIÇÃO", "zoneamento": "AUM - ÁREA DE USO MISTO", "condominio": null, "area_geom": 200.0, "cnm": "062661.2.0130885-80" }, "geometry": { "type": "Polygon", "coordinates": [ [ [ -54.808819, -22.275853 ], [ -54.809005, -22.275801 ], [ -54.809033, -22.275887 ], [ -54.808847, -22.275939 ], [ -54.808819, -22.275853 ] ] ] } },
{ "type": "Feature", "properties": { "id": 8727, "insc_imob": "00.11.36.40.130", "quadra_cartorio": null, "lote_cartorio": "28", "matricula": "130900", "circunscricao": "1º CIRCUNSCRIÇÃO", "zoneamento": "AUM - ÁREA DE USO MISTO", "condominio": null, "area_geom": 200.0, "cnm": "062661.2.0130900-35" }, "geometry": { "type": "Polygon", "coordinates": [ [ [ -54.807528, -22.275932 ], [ -54.807714, -22.27588 ], [ -54.807742, -22.275966 ], [ -54.807556, -22.276018 ], [ -54.807528, -22.275932 ] ] ] } },
{ "type": "Feature", "properties": { "id": 8815, "insc_imob": "00.11.36.40.170", "quadra_cartorio": null, "lote_cartorio": "02", "matricula": "130874", "circunscricao": "1º CIRCUNSCRIÇÃO", "zoneamento": "AUM - ÁREA DE USO MISTO", "condominio": null, "area_geom": 200.0, "cnm": "062661.2.0130874-16" }, "geometry": { "type": "Polygon", "coordinates": [ [ [ -54.80777, -22.276053 ], [ -54.807863, -22.276027 ], [ -54.807891, -22.276113 ], [ -54.807918, -22.2762 ], [ -54.807826, -22.276226 ], [ -54.807798, -22.276139 ], [ -54.80777, -22.276053 ] ] ] } },
{ "type": "Feature", "properties": { "id": 8814, "insc_imob": "00.11.36.40.010", "quadra_cartorio": null, "lote_cartorio": "16", "matricula": "130888", "circunscricao": "1º CIRCUNSCRIÇÃO", "zoneamento": "AUM - ÁREA DE USO MISTO", "condominio": null, "area_geom": 200.0, "cnm": "062661.2.0130888-71" }, "geometry": { "type": "Polygon", "coordinates": [ [ [ -54.808735, -22.275594 ], [ -54.808921, -22.275542 ], [ -54.808949, -22.275628 ], [ -54.808763, -22.27568 ], [ -54.808735, -22.275594 ] ] ] } },
{ "type": "Feature", "properties": { "id": 8816, "insc_imob": "00.11.36.40.120", "quadra_cartorio": null, "lote_cartorio": "27", "matricula": "130899", "circunscricao": "1º CIRCUNSCRIÇÃO", "zoneamento": "AUM - ÁREA DE USO MISTO", "condominio": null, "area_geom": 200.0, "cnm": "062661.2.0130899-38" }, "geometry": { "type": "Polygon", "coordinates": [ [ [ -54.807742, -22.275966 ], [ -54.807714, -22.27588 ], [ -54.807807, -22.275854 ], [ -54.807835, -22.27594 ], [ -54.807863, -22.276027 ], [ -54.80777, -22.276053 ], [ -54.807742, -22.275966 ] ] ] } },
{ "type": "Feature", "properties": { "id": 8835, "insc_imob": "00.11.36.40.180", "quadra_cartorio": null, "lote_cartorio": "03", "matricula": "130875", "circunscricao": "1º CIRCUNSCRIÇÃO", "zoneamento": "AUM - ÁREA DE USO MISTO", "condominio": null, "area_geom": 200.0, "cnm": "062661.2.0130875-13" }, "geometry": { "type": "Polygon", "coordinates": [ [ [ -54.807863, -22.276027 ], [ -54.807955, -22.276001 ], [ -54.807983, -22.276087 ], [ -54.808011, -22.276174 ], [ -54.807918, -22.2762 ], [ -54.807891, -22.276113 ], [ -54.807863, -22.276027 ] ] ] } },
{ "type": "Feature", "properties": { "id": 8928, "insc_imob": "00.11.36.40.100", "quadra_cartorio": null, "lote_cartorio": "25", "matricula": "130897", "circunscricao": "1º CIRCUNSCRIÇÃO", "zoneamento": "AUM - ÁREA DE USO MISTO", "condominio": null, "area_geom": 200.0, "cnm": "062661.2.0130897-44" }, "geometry": { "type": "Polygon", "coordinates": [ [ [ -54.807927, -22.275914 ], [ -54.807899, -22.275828 ], [ -54.807992, -22.275802 ], [ -54.80802, -22.275888 ], [ -54.808048, -22.275975 ], [ -54.807955, -22.276001 ], [ -54.807927, -22.275914 ] ] ] } },
{ "type": "Feature", "properties": { "id": 8954, "insc_imob": "00.11.36.40.200", "quadra_cartorio": null, "lote_cartorio": "05", "matricula": "130877", "circunscricao": "1º CIRCUNSCRIÇÃO", "zoneamento": "AUM - ÁREA DE USO MISTO", "condominio": null, "area_geom": 200.0, "cnm": "062661.2.0130877-07" }, "geometry": { "type": "Polygon", "coordinates": [ [ [ -54.808048, -22.275975 ], [ -54.808141, -22.275949 ], [ -54.808169, -22.276035 ], [ -54.808197, -22.276122 ], [ -54.808104, -22.276148 ], [ -54.808076, -22.276061 ], [ -54.808048, -22.275975 ] ] ] } },
{ "type": "Feature", "properties": { "id": 8927, "insc_imob": "00.11.36.40.190", "quadra_cartorio": null, "lote_cartorio": "04", "matricula": "130876", "circunscricao": "1º CIRCUNSCRIÇÃO", "zoneamento": "AUM - ÁREA DE USO MISTO", "condominio": null, "area_geom": 200.0, "cnm": "062661.2.0130876-10" }, "geometry": { "type": "Polygon", "coordinates": [ [ [ -54.807955, -22.276001 ], [ -54.808048, -22.275975 ], [ -54.808076, -22.276061 ], [ -54.808104, -22.276148 ], [ -54.808011, -22.276174 ], [ -54.807983, -22.276087 ], [ -54.807955, -22.276001 ] ] ] } },
{ "type": "Feature", "properties": { "id": 8926, "insc_imob": "00.11.36.40.110", "quadra_cartorio": null, "lote_cartorio": "26", "matricula": "130898", "circunscricao": "1º CIRCUNSCRIÇÃO", "zoneamento": "AUM - ÁREA DE USO MISTO", "condominio": null, "area_geom": 200.0, "cnm": "062661.2.0130898-41" }, "geometry": { "type": "Polygon", "coordinates": [ [ [ -54.807835, -22.27594 ], [ -54.807807, -22.275854 ], [ -54.807899, -22.275828 ], [ -54.807927, -22.275914 ], [ -54.807955, -22.276001 ], [ -54.807863, -22.276027 ], [ -54.807835, -22.27594 ] ] ] } },
{ "type": "Feature", "properties": { "id": 9483, "insc_imob": "00.11.36.59.020", "quadra_cartorio": null, "lote_cartorio": "17", "matricula": "131090", "circunscricao": "1º CIRCUNSCRIÇÃO", "zoneamento": "AUM - ÁREA DE USO MISTO", "condominio": null, "area_geom": 200.0, "cnm": "062661.2.0131090-47" }, "geometry": { "type": "Polygon", "coordinates": [ [ [ -54.806503, -22.274079 ], [ -54.806596, -22.274053 ], [ -54.806624, -22.274139 ], [ -54.806652, -22.274226 ], [ -54.806559, -22.274252 ], [ -54.806531, -22.274165 ], [ -54.806503, -22.274079 ] ] ] } },
{ "type": "Feature", "properties": { "id": 9482, "insc_imob": "00.11.36.59.260", "quadra_cartorio": null, "lote_cartorio": "12", "matricula": "131085", "circunscricao": "1º CIRCUNSCRIÇÃO", "zoneamento": "AUM - ÁREA DE USO MISTO", "condominio": null, "area_geom": 200.0, "cnm": "062661.2.0131085-62" }, "geometry": { "type": "Polygon", "coordinates": [ [ [ -54.806559, -22.274252 ], [ -54.806652, -22.274226 ], [ -54.80668, -22.274312 ], [ -54.806708, -22.274399 ], [ -54.806615, -22.274425 ], [ -54.806587, -22.274338 ], [ -54.806559, -22.274252 ] ] ] } },
{ "type": "Feature", "properties": { "id": 9485, "insc_imob": "00.11.36.59.060", "quadra_cartorio": null, "lote_cartorio": "21", "matricula": "131094", "circunscricao": "1º CIRCUNSCRIÇÃO", "zoneamento": "AUM - ÁREA DE USO MISTO", "condominio": null, "area_geom": 200.0, "cnm": "062661.2.0131094-35" }, "geometry": { "type": "Polygon", "coordinates": [ [ [ -54.806131, -22.274183 ], [ -54.806224, -22.274157 ], [ -54.806252, -22.274243 ], [ -54.80628, -22.27433 ], [ -54.806187, -22.274356 ], [ -54.806131, -22.274183 ] ] ] } },
{ "type": "Feature", "properties": { "id": 9484, "insc_imob": "00.11.36.59.220", "quadra_cartorio": null, "lote_cartorio": "08", "matricula": "131081", "circunscricao": "1º CIRCUNSCRIÇÃO", "zoneamento": "AUM - ÁREA DE USO MISTO", "condominio": null, "area_geom": 200.0, "cnm": "062661.2.0131081-74" }, "geometry": { "type": "Polygon", "coordinates": [ [ [ -54.806187, -22.274356 ], [ -54.80628, -22.27433 ], [ -54.806308, -22.274416 ], [ -54.806336, -22.274503 ], [ -54.806243, -22.274529 ], [ -54.806187, -22.274356 ] ] ] } },
{ "type": "Feature", "properties": { "id": 9487, "insc_imob": "00.11.36.59.050", "quadra_cartorio": null, "lote_cartorio": "20", "matricula": "131093", "circunscricao": "1º CIRCUNSCRIÇÃO", "zoneamento": "AUM - ÁREA DE USO MISTO", "condominio": null, "area_geom": 200.0, "cnm": "062661.2.0131093-38" }, "geometry": { "type": "Polygon", "coordinates": [ [ [ -54.806252, -22.274243 ], [ -54.806224, -22.274157 ], [ -54.806317, -22.274131 ], [ -54.806373, -22.274304 ], [ -54.80628, -22.27433 ], [ -54.806252, -22.274243 ] ] ] } },
{ "type": "Feature", "properties": { "id": 9486, "insc_imob": "00.11.36.59.230", "quadra_cartorio": null, "lote_cartorio": "09", "matricula": "131082", "circunscricao": "1º CIRCUNSCRIÇÃO", "zoneamento": "AUM - ÁREA DE USO MISTO", "condominio": null, "area_geom": 200.0, "cnm": "062661.2.0131082-71" }, "geometry": { "type": "Polygon", "coordinates": [ [ [ -54.80628, -22.27433 ], [ -54.806373, -22.274304 ], [ -54.806429, -22.274477 ], [ -54.806336, -22.274503 ], [ -54.806308, -22.274416 ], [ -54.80628, -22.27433 ] ] ] } },
{ "type": "Feature", "properties": { "id": 9488, "insc_imob": "00.11.36.59.200", "quadra_cartorio": null, "lote_cartorio": "06", "matricula": "131079", "circunscricao": "1º CIRCUNSCRIÇÃO", "zoneamento": "AUM - ÁREA DE USO MISTO", "condominio": null, "area_geom": 200.0, "cnm": "062661.2.0131079-80" }, "geometry": { "type": "Polygon", "coordinates": [ [ [ -54.806002, -22.274408 ], [ -54.806094, -22.274382 ], [ -54.806122, -22.274468 ], [ -54.80615, -22.274555 ], [ -54.806058, -22.274581 ], [ -54.806002, -22.274408 ] ] ] } },
{ "type": "Feature", "properties": { "id": 9545, "insc_imob": "00.11.36.36.030", "quadra_cartorio": null, "lote_cartorio": "17", "matricula": "131426", "circunscricao": "1º CIRCUNSCRIÇÃO", "zoneamento": "AUM - ÁREA DE USO MISTO", "condominio": null, "area_geom": 200.0, "cnm": "062661.2.0131426-09" }, "geometry": { "type": "Polygon", "coordinates": [ [ [ -54.805413, -22.276034 ], [ -54.805506, -22.276008 ], [ -54.805562, -22.276181 ], [ -54.805469, -22.276207 ], [ -54.805413, -22.276034 ] ] ] } },
{ "type": "Feature", "properties": { "id": 9544, "insc_imob": "00.11.36.36.010", "quadra_cartorio": null, "lote_cartorio": "15", "matricula": "131424", "circunscricao": "1º CIRCUNSCRIÇÃO", "zoneamento": "AUM - ÁREA DE USO MISTO", "condominio": null, "area_geom": 200.0, "cnm": "062661.2.0131424-15" }, "geometry": { "type": "Polygon", "coordinates": [ [ [ -54.805599, -22.275982 ], [ -54.805692, -22.275956 ], [ -54.805748, -22.276129 ], [ -54.805655, -22.276155 ], [ -54.805599, -22.275982 ] ] ] } },
{ "type": "Feature", "properties": { "id": 9551, "insc_imob": "00.11.36.36.040", "quadra_cartorio": null, "lote_cartorio": "18", "matricula": "131427", "circunscricao": "1º CIRCUNSCRIÇÃO", "zoneamento": "AUM - ÁREA DE USO MISTO", "condominio": null, "area_geom": 200.0, "cnm": "062661.2.0131427-06" }, "geometry": { "type": "Polygon", "coordinates": [ [ [ -54.80532, -22.27606 ], [ -54.805413, -22.276034 ], [ -54.805469, -22.276207 ], [ -54.805376, -22.276233 ], [ -54.80532, -22.27606 ] ] ] } },
{ "type": "Feature", "properties": { "id": 9537, "insc_imob": "00.11.36.59.080", "quadra_cartorio": null, "lote_cartorio": "23", "matricula": "131096", "circunscricao": "1º CIRCUNSCRIÇÃO", "zoneamento": "AUM - ÁREA DE USO MISTO", "condominio": null, "area_geom": 200.0, "cnm": "062661.2.0131096-29" }, "geometry": { "type": "Polygon", "coordinates": [ [ [ -54.805946, -22.274235 ], [ -54.806039, -22.274209 ], [ -54.806067, -22.274295 ], [ -54.806094, -22.274382 ], [ -54.806002, -22.274408 ], [ -54.805946, -22.274235 ] ] ] } },
{ "type": "Feature", "properties": { "id": 9536, "insc_imob": "00.11.36.15.180", "quadra_cartorio": null, "lote_cartorio": "03", "matricula": "131720", "circunscricao": "1º CIRCUNSCRIÇÃO", "zoneamento": "AUM - ÁREA DE USO MISTO", "condominio": null, "area_geom": 200.0, "cnm": "062661.2.0131720-97" }, "geometry": { "type": "Polygon", "coordinates": [ [ [ -54.804971, -22.279364 ], [ -54.805064, -22.279338 ], [ -54.805092, -22.279424 ], [ -54.80512, -22.279511 ], [ -54.805027, -22.279537 ], [ -54.804999, -22.27945 ], [ -54.804971, -22.279364 ] ] ] } },
{ "type": "Feature", "properties": { "id": 9539, "insc_imob": "00.11.36.26.070", "quadra_cartorio": null, "lote_cartorio": "16", "matricula": "131453", "circunscricao": "1º CIRCUNSCRIÇÃO", "zoneamento": "AUM - ÁREA DE USO MISTO", "condominio": null, "area_geom": 200.0, "cnm": "062661.2.0131453-25" }, "geometry": { "type": "Polygon", "coordinates": [ [ [ -54.805894, -22.277832 ], [ -54.806079, -22.27778 ], [ -54.806107, -22.277867 ], [ -54.805922, -22.277919 ], [ -54.805894, -22.277832 ] ] ] } },
{ "type": "Feature", "properties": { "id": 9538, "insc_imob": "00.11.36.59.190", "quadra_cartorio": null, "lote_cartorio": "05", "matricula": "131078", "circunscricao": "1º CIRCUNSCRIÇÃO", "zoneamento": "AUM - ÁREA DE USO MISTO", "condominio": null, "area_geom": 200.0, "cnm": "062661.2.0131078-83" }, "geometry": { "type": "Polygon", "coordinates": [ [ [ -54.805909, -22.274434 ], [ -54.806002, -22.274408 ], [ -54.806058, -22.274581 ], [ -54.805965, -22.274607 ], [ -54.805937, -22.27452 ], [ -54.805909, -22.274434 ] ] ] } },
{ "type": "Feature", "properties": { "id": 9541, "insc_imob": "00.11.36.26.080", "quadra_cartorio": null, "lote_cartorio": "17", "matricula": "131454", "circunscricao": "1º CIRCUNSCRIÇÃO", "zoneamento": "AUM - ÁREA DE USO MISTO", "condominio": null, "area_geom": 200.05, "cnm": "062661.2.0131454-22" }, "geometry": { "type": "Polygon", "coordinates": [ [ [ -54.805922, -22.277919 ], [ -54.806107, -22.277867 ], [ -54.806135, -22.277953 ], [ -54.806042, -22.277979 ], [ -54.80595, -22.278005 ], [ -54.805922, -22.277919 ] ] ] } },
{ "type": "Feature", "properties": { "id": 9540, "insc_imob": "00.11.36.26.160", "quadra_cartorio": null, "lote_cartorio": "07", "matricula": "131444", "circunscricao": "1º CIRCUNSCRIÇÃO", "zoneamento": "AUM - ÁREA DE USO MISTO", "condominio": null, "area_geom": 200.0, "cnm": "062661.2.0131444-52" }, "geometry": { "type": "Polygon", "coordinates": [ [ [ -54.806079, -22.27778 ], [ -54.806265, -22.277728 ], [ -54.806293, -22.277815 ], [ -54.806107, -22.277867 ], [ -54.806079, -22.27778 ] ] ] } },
{ "type": "Feature", "properties": { "id": 9543, "insc_imob": "00.11.36.36.020", "quadra_cartorio": null, "lote_cartorio": "16", "matricula": "131425", "circunscricao": "1º CIRCUNSCRIÇÃO", "zoneamento": "AUM - ÁREA DE USO MISTO", "condominio": null, "area_geom": 200.0, "cnm": "062661.2.0131425-12" }, "geometry": { "type": "Polygon", "coordinates": [ [ [ -54.805506, -22.276008 ], [ -54.805599, -22.275982 ], [ -54.805655, -22.276155 ], [ -54.805562, -22.276181 ], [ -54.805506, -22.276008 ] ] ] } },
{ "type": "Feature", "properties": { "id": 9542, "insc_imob": "00.11.36.26.150", "quadra_cartorio": null, "lote_cartorio": "06", "matricula": "131443", "circunscricao": "1º CIRCUNSCRIÇÃO", "zoneamento": "AUM - ÁREA DE USO MISTO", "condominio": null, "area_geom": 200.05, "cnm": "062661.2.0131443-55" }, "geometry": { "type": "Polygon", "coordinates": [ [ [ -54.806107, -22.277867 ], [ -54.806293, -22.277815 ], [ -54.806321, -22.277901 ], [ -54.806228, -22.277927 ], [ -54.806135, -22.277953 ], [ -54.806107, -22.277867 ] ] ] } },
{ "type": "Feature", "properties": { "id": 9552, "insc_imob": "00.11.36.36.180", "quadra_cartorio": null, "lote_cartorio": "04", "matricula": "131413", "circunscricao": "1º CIRCUNSCRIÇÃO", "zoneamento": "AUM - ÁREA DE USO MISTO", "condominio": null, "area_geom": 200.0, "cnm": "062661.2.0131413-48" }, "geometry": { "type": "Polygon", "coordinates": [ [ [ -54.805946, -22.277054 ], [ -54.806039, -22.277028 ], [ -54.806095, -22.277201 ], [ -54.806002, -22.277227 ], [ -54.805946, -22.277054 ] ] ] } },
{ "type": "Feature", "properties": { "id": 9554, "insc_imob": "00.11.36.36.160", "quadra_cartorio": null, "lote_cartorio": "02", "matricula": "131411", "circunscricao": "1º CIRCUNSCRIÇÃO", "zoneamento": "AUM - ÁREA DE USO MISTO", "condominio": null, "area_geom": 200.0, "cnm": "062661.2.0131411-54" }, "geometry": { "type": "Polygon", "coordinates": [ [ [ -54.80576, -22.277106 ], [ -54.805853, -22.27708 ], [ -54.805909, -22.277253 ], [ -54.805816, -22.277279 ], [ -54.80576, -22.277106 ] ] ] } },
{ "type": "Feature", "properties": { "id": 9321, "insc_imob": "00.11.36.46.230", "quadra_cartorio": null, "lote_cartorio": "08", "matricula": "130850", "circunscricao": "1º CIRCUNSCRIÇÃO", "zoneamento": "AUM - ÁREA DE USO MISTO", "condominio": null, "area_geom": 200.0, "cnm": "062661.2.0130850-88" }, "geometry": { "type": "Polygon", "coordinates": [ [ [ -54.808182, -22.275447 ], [ -54.808274, -22.275421 ], [ -54.808302, -22.275508 ], [ -54.80833, -22.275594 ], [ -54.808237, -22.27562 ], [ -54.80821, -22.275534 ], [ -54.808182, -22.275447 ] ] ] } },
{ "type": "Feature", "properties": { "id": 9320, "insc_imob": "00.11.36.46.070", "quadra_cartorio": null, "lote_cartorio": "22", "matricula": "130864", "circunscricao": "1º CIRCUNSCRIÇÃO", "zoneamento": "AUM - ÁREA DE USO MISTO", "condominio": null, "area_geom": 200.0, "cnm": "062661.2.0130864-46" }, "geometry": { "type": "Polygon", "coordinates": [ [ [ -54.808061, -22.275387 ], [ -54.808033, -22.2753 ], [ -54.808126, -22.275274 ], [ -54.808154, -22.275361 ], [ -54.808182, -22.275447 ], [ -54.808089, -22.275473 ], [ -54.808061, -22.275387 ] ] ] } },
{ "type": "Feature", "properties": { "id": 9323, "insc_imob": "00.11.36.46.240", "quadra_cartorio": null, "lote_cartorio": "09", "matricula": "130851", "circunscricao": "1º CIRCUNSCRIÇÃO", "zoneamento": "AUM - ÁREA DE USO MISTO", "condominio": null, "area_geom": 200.0, "cnm": "062661.2.0130851-85" }, "geometry": { "type": "Polygon", "coordinates": [ [ [ -54.808274, -22.275421 ], [ -54.808367, -22.275395 ], [ -54.808395, -22.275481 ], [ -54.808423, -22.275568 ], [ -54.80833, -22.275594 ], [ -54.808302, -22.275508 ], [ -54.808274, -22.275421 ] ] ] } },
{ "type": "Feature", "properties": { "id": 9322, "insc_imob": "00.11.36.46.060", "quadra_cartorio": null, "lote_cartorio": "21", "matricula": "130863", "circunscricao": "1º CIRCUNSCRIÇÃO", "zoneamento": "AUM - ÁREA DE USO MISTO", "condominio": null, "area_geom": 200.0, "cnm": "062661.2.0130863-49" }, "geometry": { "type": "Polygon", "coordinates": [ [ [ -54.808126, -22.275274 ], [ -54.808219, -22.275248 ], [ -54.808246, -22.275335 ], [ -54.808274, -22.275421 ], [ -54.808182, -22.275447 ], [ -54.808154, -22.275361 ], [ -54.808126, -22.275274 ] ] ] } },
{ "type": "Feature", "properties": { "id": 9325, "insc_imob": "00.11.36.46.250", "quadra_cartorio": null, "lote_cartorio": "10", "matricula": "130852", "circunscricao": "1º CIRCUNSCRIÇÃO", "zoneamento": "AUM - ÁREA DE USO MISTO", "condominio": null, "area_geom": 200.0, "cnm": "062661.2.0130852-82" }, "geometry": { "type": "Polygon", "coordinates": [ [ [ -54.808367, -22.275395 ], [ -54.80846, -22.275369 ], [ -54.808488, -22.275455 ], [ -54.808516, -22.275542 ], [ -54.808423, -22.275568 ], [ -54.808395, -22.275481 ], [ -54.808367, -22.275395 ] ] ] } },
{ "type": "Feature", "properties": { "id": 9324, "insc_imob": "00.11.36.46.050", "quadra_cartorio": null, "lote_cartorio": "20", "matricula": "130862", "circunscricao": "1º CIRCUNSCRIÇÃO", "zoneamento": "AUM - ÁREA DE USO MISTO", "condominio": null, "area_geom": 200.0, "cnm": "062661.2.0130862-52" }, "geometry": { "type": "Polygon", "coordinates": [ [ [ -54.808246, -22.275335 ], [ -54.808219, -22.275248 ], [ -54.808311, -22.275222 ], [ -54.808339, -22.275309 ], [ -54.808367, -22.275395 ], [ -54.808274, -22.275421 ], [ -54.808246, -22.275335 ] ] ] } },
{ "type": "Feature", "properties": { "id": 9317, "insc_imob": "00.11.36.46.210", "quadra_cartorio": null, "lote_cartorio": "06", "matricula": "130848", "circunscricao": "1º CIRCUNSCRIÇÃO", "zoneamento": "AUM - ÁREA DE USO MISTO", "condominio": null, "area_geom": 200.0, "cnm": "062661.2.0130848-94" }, "geometry": { "type": "Polygon", "coordinates": [ [ [ -54.807996, -22.275499 ], [ -54.808089, -22.275473 ], [ -54.808117, -22.27556 ], [ -54.808145, -22.275646 ], [ -54.808052, -22.275672 ], [ -54.808024, -22.275586 ], [ -54.807996, -22.275499 ] ] ] } },
{ "type": "Feature", "properties": { "id": 9319, "insc_imob": "00.11.36.46.220", "quadra_cartorio": null, "lote_cartorio": "07", "matricula": "130849", "circunscricao": "1º CIRCUNSCRIÇÃO", "zoneamento": "AUM - ÁREA DE USO MISTO", "condominio": null, "area_geom": 200.0, "cnm": "062661.2.0130849-91" }, "geometry": { "type": "Polygon", "coordinates": [ [ [ -54.808089, -22.275473 ], [ -54.808182, -22.275447 ], [ -54.80821, -22.275534 ], [ -54.808237, -22.27562 ], [ -54.808145, -22.275646 ], [ -54.808117, -22.27556 ], [ -54.808089, -22.275473 ] ] ] } },
{ "type": "Feature", "properties": { "id": 9318, "insc_imob": "00.11.36.46.080", "quadra_cartorio": null, "lote_cartorio": "23", "matricula": "130865", "circunscricao": "1º CIRCUNSCRIÇÃO", "zoneamento": "AUM - ÁREA DE USO MISTO", "condominio": null, "area_geom": 200.0, "cnm": "062661.2.0130865-43" }, "geometry": { "type": "Polygon", "coordinates": [ [ [ -54.80794, -22.275326 ], [ -54.808033, -22.2753 ], [ -54.808061, -22.275387 ], [ -54.808089, -22.275473 ], [ -54.807996, -22.275499 ], [ -54.807968, -22.275413 ], [ -54.80794, -22.275326 ] ] ] } },
{ "type": "Feature", "properties": { "id": 9293, "insc_imob": "00.11.36.46.010", "quadra_cartorio": null, "lote_cartorio": "16", "matricula": "130858", "circunscricao": "1º CIRCUNSCRIÇÃO", "zoneamento": "AUM - ÁREA DE USO MISTO", "condominio": null, "area_geom": 200.0, "cnm": "062661.2.0130858-64" }, "geometry": { "type": "Polygon", "coordinates": [ [ [ -54.80859, -22.275144 ], [ -54.808776, -22.275092 ], [ -54.808804, -22.275178 ], [ -54.808618, -22.27523 ], [ -54.80859, -22.275144 ] ] ] } },
{ "type": "Feature", "properties": { "id": 9292, "insc_imob": "00.11.36.46.300", "quadra_cartorio": null, "lote_cartorio": "15", "matricula": "130857", "circunscricao": "1º CIRCUNSCRIÇÃO", "zoneamento": "AUM - ÁREA DE USO MISTO", "condominio": null, "area_geom": 200.0, "cnm": "062661.2.0130857-67" }, "geometry": { "type": "Polygon", "coordinates": [ [ [ -54.808618, -22.27523 ], [ -54.808804, -22.275178 ], [ -54.808832, -22.275265 ], [ -54.808646, -22.275317 ], [ -54.808618, -22.27523 ] ] ] } },
{ "type": "Feature", "properties": { "id": 9295, "insc_imob": "00.11.36.46.110", "quadra_cartorio": null, "lote_cartorio": "26", "matricula": "130868", "circunscricao": "1º CIRCUNSCRIÇÃO", "zoneamento": "AUM - ÁREA DE USO MISTO", "condominio": null, "area_geom": 200.0, "cnm": "062661.2.0130868-34" }, "geometry": { "type": "Polygon", "coordinates": [ [ [ -54.807689, -22.275491 ], [ -54.807661, -22.275404 ], [ -54.807754, -22.275378 ], [ -54.807782, -22.275465 ], [ -54.80781, -22.275551 ], [ -54.807717, -22.275577 ], [ -54.807689, -22.275491 ] ] ] } },
{ "type": "Feature", "properties": { "id": 9294, "insc_imob": "00.11.36.46.170", "quadra_cartorio": null, "lote_cartorio": "02", "matricula": "130844", "circunscricao": "1º CIRCUNSCRIÇÃO", "zoneamento": "AUM - ÁREA DE USO MISTO", "condominio": null, "area_geom": 200.0, "cnm": "062661.2.0130844-09" }, "geometry": { "type": "Polygon", "coordinates": [ [ [ -54.807624, -22.275603 ], [ -54.807717, -22.275577 ], [ -54.807745, -22.275664 ], [ -54.807773, -22.27575 ], [ -54.80768, -22.275776 ], [ -54.807652, -22.27569 ], [ -54.807624, -22.275603 ] ] ] } },
{ "type": "Feature", "properties": { "id": 9296, "insc_imob": "00.11.36.46.090", "quadra_cartorio": null, "lote_cartorio": "24", "matricula": "130866", "circunscricao": "1º CIRCUNSCRIÇÃO", "zoneamento": "AUM - ÁREA DE USO MISTO", "condominio": null, "area_geom": 200.0, "cnm": "062661.2.0130866-40" }, "geometry": { "type": "Polygon", "coordinates": [ [ [ -54.807847, -22.275352 ], [ -54.80794, -22.275326 ], [ -54.807968, -22.275413 ], [ -54.807996, -22.275499 ], [ -54.807903, -22.275525 ], [ -54.807875, -22.275439 ], [ -54.807847, -22.275352 ] ] ] } },
{ "type": "Feature", "properties": { "id": 9385, "insc_imob": "00.11.36.46.260", "quadra_cartorio": null, "lote_cartorio": "11", "matricula": "130853", "circunscricao": "1º CIRCUNSCRIÇÃO", "zoneamento": "AUM - ÁREA DE USO MISTO", "condominio": null, "area_geom": 200.0, "cnm": "062661.2.0130853-79" }, "geometry": { "type": "Polygon", "coordinates": [ [ [ -54.80846, -22.275369 ], [ -54.808553, -22.275343 ], [ -54.808581, -22.275429 ], [ -54.808609, -22.275516 ], [ -54.808516, -22.275542 ], [ -54.808488, -22.275455 ], [ -54.80846, -22.275369 ] ] ] } },
{ "type": "Feature", "properties": { "id": 9387, "insc_imob": "00.11.36.46.270", "quadra_cartorio": null, "lote_cartorio": "12", "matricula": "130854", "circunscricao": "1º CIRCUNSCRIÇÃO", "zoneamento": "AUM - ÁREA DE USO MISTO", "condominio": null, "area_geom": 200.0, "cnm": "062661.2.0130854-76" }, "geometry": { "type": "Polygon", "coordinates": [ [ [ -54.808553, -22.275343 ], [ -54.808646, -22.275317 ], [ -54.808674, -22.275403 ], [ -54.808702, -22.27549 ], [ -54.808609, -22.275516 ], [ -54.808581, -22.275429 ], [ -54.808553, -22.275343 ] ] ] } },
{ "type": "Feature", "properties": { "id": 9386, "insc_imob": "00.11.36.46.030", "quadra_cartorio": null, "lote_cartorio": "18", "matricula": "130860", "circunscricao": "1º CIRCUNSCRIÇÃO", "zoneamento": "AUM - ÁREA DE USO MISTO", "condominio": null, "area_geom": 200.0, "cnm": "062661.2.0130860-58" }, "geometry": { "type": "Polygon", "coordinates": [ [ [ -54.808432, -22.275283 ], [ -54.808404, -22.275196 ], [ -54.808497, -22.27517 ], [ -54.808525, -22.275257 ], [ -54.808553, -22.275343 ], [ -54.80846, -22.275369 ], [ -54.808432, -22.275283 ] ] ] } },
{ "type": "Feature", "properties": { "id": 9389, "insc_imob": "00.11.36.52.160", "quadra_cartorio": null, "lote_cartorio": "01", "matricula": "131133", "circunscricao": "1º CIRCUNSCRIÇÃO", "zoneamento": "AUM - ÁREA DE USO MISTO", "condominio": null, "area_geom": 200.0, "cnm": "062661.2.0131133-15" }, "geometry": { "type": "Polygon", "coordinates": [ [ [ -54.805763, -22.27555 ], [ -54.805949, -22.275498 ], [ -54.805977, -22.275584 ], [ -54.805791, -22.275636 ], [ -54.805763, -22.27555 ] ] ] } },
{ "type": "Feature", "properties": { "id": 9388, "insc_imob": "00.11.36.46.020", "quadra_cartorio": null, "lote_cartorio": "17", "matricula": "130859", "circunscricao": "1º CIRCUNSCRIÇÃO", "zoneamento": "AUM - ÁREA DE USO MISTO", "condominio": null, "area_geom": 200.0, "cnm": "062661.2.0130859-61" }, "geometry": { "type": "Polygon", "coordinates": [ [ [ -54.808497, -22.27517 ], [ -54.80859, -22.275144 ], [ -54.808618, -22.27523 ], [ -54.808646, -22.275317 ], [ -54.808553, -22.275343 ], [ -54.808525, -22.275257 ], [ -54.808497, -22.27517 ] ] ] } },
{ "type": "Feature", "properties": { "id": 9391, "insc_imob": "00.11.36.52.130", "quadra_cartorio": null, "lote_cartorio": "28", "matricula": "131160", "circunscricao": "1º CIRCUNSCRIÇÃO", "zoneamento": "AUM - ÁREA DE USO MISTO", "condominio": null, "area_geom": 200.0, "cnm": "062661.2.0131160-31" }, "geometry": { "type": "Polygon", "coordinates": [ [ [ -54.805679, -22.27529 ], [ -54.805865, -22.275238 ], [ -54.805893, -22.275325 ], [ -54.805707, -22.275377 ], [ -54.805679, -22.27529 ] ] ] } },
{ "type": "Feature", "properties": { "id": 9390, "insc_imob": "00.11.36.52.150", "quadra_cartorio": null, "lote_cartorio": "30", "matricula": "131162", "circunscricao": "1º CIRCUNSCRIÇÃO", "zoneamento": "AUM - ÁREA DE USO MISTO", "condominio": null, "area_geom": 200.0, "cnm": "062661.2.0131162-25" }, "geometry": { "type": "Polygon", "coordinates": [ [ [ -54.805735, -22.275463 ], [ -54.805921, -22.275411 ], [ -54.805949, -22.275498 ], [ -54.805763, -22.27555 ], [ -54.805735, -22.275463 ] ] ] } },
{ "type": "Feature", "properties": { "id": 9393, "insc_imob": "00.11.36.52.010", "quadra_cartorio": null, "lote_cartorio": "16", "matricula": "131148", "circunscricao": "1º CIRCUNSCRIÇÃO", "zoneamento": "AUM - ÁREA DE USO MISTO", "condominio": null, "area_geom": 200.0, "cnm": "062661.2.0131148-67" }, "geometry": { "type": "Polygon", "coordinates": [ [ [ -54.806887, -22.274952 ], [ -54.807072, -22.2749 ], [ -54.8071, -22.274986 ], [ -54.806915, -22.275038 ], [ -54.806887, -22.274952 ] ] ] } },
{ "type": "Feature", "properties": { "id": 9392, "insc_imob": "00.11.36.52.280", "quadra_cartorio": null, "lote_cartorio": "13", "matricula": "131145", "circunscricao": "1º CIRCUNSCRIÇÃO", "zoneamento": "AUM - ÁREA DE USO MISTO", "condominio": null, "area_geom": 200.0, "cnm": "062661.2.0131145-76" }, "geometry": { "type": "Polygon", "coordinates": [ [ [ -54.806971, -22.275211 ], [ -54.807156, -22.275159 ], [ -54.807184, -22.275246 ], [ -54.806999, -22.275298 ], [ -54.806971, -22.275211 ] ] ] } },
{ "type": "Feature", "properties": { "id": 9395, "insc_imob": "00.11.36.52.120", "quadra_cartorio": null, "lote_cartorio": "26", "matricula": "131158", "circunscricao": "1º CIRCUNSCRIÇÃO", "zoneamento": "AUM - ÁREA DE USO MISTO", "condominio": null, "area_geom": 200.0, "cnm": "062661.2.0131158-37" }, "geometry": { "type": "Polygon", "coordinates": [ [ [ -54.805893, -22.275325 ], [ -54.805865, -22.275238 ], [ -54.805958, -22.275212 ], [ -54.805986, -22.275299 ], [ -54.806014, -22.275385 ], [ -54.805921, -22.275411 ], [ -54.805893, -22.275325 ] ] ] } },
{ "type": "Feature", "properties": { "id": 9394, "insc_imob": "00.11.36.52.170", "quadra_cartorio": null, "lote_cartorio": "02", "matricula": "131134", "circunscricao": "1º CIRCUNSCRIÇÃO", "zoneamento": "AUM - ÁREA DE USO MISTO", "condominio": null, "area_geom": 200.0, "cnm": "062661.2.0131134-12" }, "geometry": { "type": "Polygon", "coordinates": [ [ [ -54.805921, -22.275411 ], [ -54.806014, -22.275385 ], [ -54.806042, -22.275471 ], [ -54.80607, -22.275558 ], [ -54.805977, -22.275584 ], [ -54.805949, -22.275498 ], [ -54.805921, -22.275411 ] ] ] } },
{ "type": "Feature", "properties": { "id": 9396, "insc_imob": "00.11.36.52.180", "quadra_cartorio": null, "lote_cartorio": "03", "matricula": "131135", "circunscricao": "1º CIRCUNSCRIÇÃO", "zoneamento": "AUM - ÁREA DE USO MISTO", "condominio": null, "area_geom": 200.0, "cnm": "062661.2.0131135-09" }, "geometry": { "type": "Polygon", "coordinates": [ [ [ -54.806014, -22.275385 ], [ -54.806107, -22.275359 ], [ -54.806135, -22.275445 ], [ -54.806163, -22.275532 ], [ -54.80607, -22.275558 ], [ -54.806042, -22.275471 ], [ -54.806014, -22.275385 ] ] ] } },
{ "type": "Feature", "properties": { "id": 9358, "insc_imob": "00.11.36.46.040", "quadra_cartorio": null, "lote_cartorio": "19", "matricula": "130861", "circunscricao": "1º CIRCUNSCRIÇÃO", "zoneamento": "AUM - ÁREA DE USO MISTO", "condominio": null, "area_geom": 200.0, "cnm": "062661.2.0130861-55" }, "geometry": { "type": "Polygon", "coordinates": [ [ [ -54.808339, -22.275309 ], [ -54.808311, -22.275222 ], [ -54.808404, -22.275196 ], [ -54.808432, -22.275283 ], [ -54.80846, -22.275369 ], [ -54.808367, -22.275395 ], [ -54.808339, -22.275309 ] ] ] } },
{ "type": "Feature", "properties": { "id": 9449, "insc_imob": "00.11.36.41.070", "quadra_cartorio": null, "lote_cartorio": "22", "matricula": "131214", "circunscricao": "1º CIRCUNSCRIÇÃO", "zoneamento": "AUM - ÁREA DE USO MISTO", "condominio": null, "area_geom": 200.0, "cnm": "062661.2.0131214-63" }, "geometry": { "type": "Polygon", "coordinates": [ [ [ -54.806701, -22.276258 ], [ -54.806673, -22.276171 ], [ -54.806766, -22.276145 ], [ -54.806794, -22.276232 ], [ -54.806822, -22.276318 ], [ -54.806729, -22.276344 ], [ -54.806701, -22.276258 ] ] ] } },
{ "type": "Feature", "properties": { "id": 9448, "insc_imob": "00.11.36.41.220", "quadra_cartorio": null, "lote_cartorio": "07", "matricula": "131199", "circunscricao": "1º CIRCUNSCRIÇÃO", "zoneamento": "AUM - ÁREA DE USO MISTO", "condominio": null, "area_geom": 200.0, "cnm": "062661.2.0131199-11" }, "geometry": { "type": "Polygon", "coordinates": [ [ [ -54.806729, -22.276344 ], [ -54.806822, -22.276318 ], [ -54.80685, -22.276405 ], [ -54.806878, -22.276491 ], [ -54.806785, -22.276517 ], [ -54.806757, -22.276431 ], [ -54.806729, -22.276344 ] ] ] } },
{ "type": "Feature", "properties": { "id": 9451, "insc_imob": "00.11.36.41.060", "quadra_cartorio": null, "lote_cartorio": "21", "matricula": "131213", "circunscricao": "1º CIRCUNSCRIÇÃO", "zoneamento": "AUM - ÁREA DE USO MISTO", "condominio": null, "area_geom": 200.0, "cnm": "062661.2.0131213-66" }, "geometry": { "type": "Polygon", "coordinates": [ [ [ -54.806794, -22.276232 ], [ -54.806766, -22.276145 ], [ -54.806859, -22.276119 ], [ -54.806887, -22.276206 ], [ -54.806915, -22.276292 ], [ -54.806822, -22.276318 ], [ -54.806794, -22.276232 ] ] ] } },
{ "type": "Feature", "properties": { "id": 9450, "insc_imob": "00.11.36.41.230", "quadra_cartorio": null, "lote_cartorio": "08", "matricula": "131200", "circunscricao": "1º CIRCUNSCRIÇÃO", "zoneamento": "AUM - ÁREA DE USO MISTO", "condominio": null, "area_geom": 200.0, "cnm": "062661.2.0131200-08" }, "geometry": { "type": "Polygon", "coordinates": [ [ [ -54.806822, -22.276318 ], [ -54.806915, -22.276292 ], [ -54.806943, -22.276379 ], [ -54.806971, -22.276465 ], [ -54.806878, -22.276491 ], [ -54.80685, -22.276405 ], [ -54.806822, -22.276318 ] ] ] } },
{ "type": "Feature", "properties": { "id": 9453, "insc_imob": "00.11.36.41.050", "quadra_cartorio": null, "lote_cartorio": "20", "matricula": "131212", "circunscricao": "1º CIRCUNSCRIÇÃO", "zoneamento": "AUM - ÁREA DE USO MISTO", "condominio": null, "area_geom": 200.0, "cnm": "062661.2.0131212-69" }, "geometry": { "type": "Polygon", "coordinates": [ [ [ -54.806887, -22.276206 ], [ -54.806859, -22.276119 ], [ -54.806952, -22.276093 ], [ -54.80698, -22.27618 ], [ -54.807008, -22.276266 ], [ -54.806915, -22.276292 ], [ -54.806887, -22.276206 ] ] ] } },
{ "type": "Feature", "properties": { "id": 9452, "insc_imob": "00.11.36.41.240", "quadra_cartorio": null, "lote_cartorio": "09", "matricula": "131201", "circunscricao": "1º CIRCUNSCRIÇÃO", "zoneamento": "AUM - ÁREA DE USO MISTO", "condominio": null, "area_geom": 200.0, "cnm": "062661.2.0131201-05" }, "geometry": { "type": "Polygon", "coordinates": [ [ [ -54.806915, -22.276292 ], [ -54.807008, -22.276266 ], [ -54.807036, -22.276353 ], [ -54.807064, -22.276439 ], [ -54.806971, -22.276465 ], [ -54.806943, -22.276379 ], [ -54.806915, -22.276292 ] ] ] } },
{ "type": "Feature", "properties": { "id": 9455, "insc_imob": "00.11.36.41.030", "quadra_cartorio": null, "lote_cartorio": "18", "matricula": "131210", "circunscricao": "1º CIRCUNSCRIÇÃO", "zoneamento": "AUM - ÁREA DE USO MISTO", "condominio": null, "area_geom": 200.0, "cnm": "062661.2.0131210-75" }, "geometry": { "type": "Polygon", "coordinates": [ [ [ -54.807073, -22.276154 ], [ -54.807045, -22.276067 ], [ -54.807138, -22.276041 ], [ -54.807166, -22.276128 ], [ -54.807194, -22.276214 ], [ -54.807101, -22.27624 ], [ -54.807073, -22.276154 ] ] ] } },
{ "type": "Feature", "properties": { "id": 9454, "insc_imob": "00.11.36.41.250", "quadra_cartorio": null, "lote_cartorio": "10", "matricula": "131202", "circunscricao": "1º CIRCUNSCRIÇÃO", "zoneamento": "AUM - ÁREA DE USO MISTO", "condominio": null, "area_geom": 200.0, "cnm": "062661.2.0131202-02" }, "geometry": { "type": "Polygon", "coordinates": [ [ [ -54.807008, -22.276266 ], [ -54.807101, -22.27624 ], [ -54.807129, -22.276327 ], [ -54.807157, -22.276413 ], [ -54.807064, -22.276439 ], [ -54.807036, -22.276353 ], [ -54.807008, -22.276266 ] ] ] } },
{ "type": "Feature", "properties": { "id": 9447, "insc_imob": "00.11.36.41.210", "quadra_cartorio": null, "lote_cartorio": "06", "matricula": "131198", "circunscricao": "1º CIRCUNSCRIÇÃO", "zoneamento": "AUM - ÁREA DE USO MISTO", "condominio": null, "area_geom": 200.0, "cnm": "062661.2.0131198-14" }, "geometry": { "type": "Polygon", "coordinates": [ [ [ -54.806636, -22.27637 ], [ -54.806729, -22.276344 ], [ -54.806757, -22.276431 ], [ -54.806785, -22.276517 ], [ -54.806692, -22.276543 ], [ -54.806664, -22.276457 ], [ -54.806636, -22.27637 ] ] ] } },
{ "type": "Feature", "properties": { "id": 9465, "insc_imob": "00.11.36.47.030", "quadra_cartorio": null, "lote_cartorio": "18", "matricula": "131180", "circunscricao": "1º CIRCUNSCRIÇÃO", "zoneamento": "AUM - ÁREA DE USO MISTO", "condominio": null, "area_geom": 200.0, "cnm": "062661.2.0131180-68" }, "geometry": { "type": "Polygon", "coordinates": [ [ [ -54.806899, -22.275618 ], [ -54.806992, -22.275592 ], [ -54.80702, -22.275678 ], [ -54.807048, -22.275765 ], [ -54.806955, -22.275791 ], [ -54.806927, -22.275704 ], [ -54.806899, -22.275618 ] ] ] } },
{ "type": "Feature", "properties": { "id": 9464, "insc_imob": "00.11.36.47.130", "quadra_cartorio": null, "lote_cartorio": "28", "matricula": "131190", "circunscricao": "1º CIRCUNSCRIÇÃO", "zoneamento": "AUM - ÁREA DE USO MISTO", "condominio": null, "area_geom": 200.0, "cnm": "062661.2.0131190-38" }, "geometry": { "type": "Polygon", "coordinates": [ [ [ -54.805878, -22.275904 ], [ -54.806063, -22.275852 ], [ -54.806091, -22.275938 ], [ -54.805906, -22.27599 ], [ -54.805878, -22.275904 ] ] ] } },
{ "type": "Feature", "properties": { "id": 9467, "insc_imob": "00.11.36.59.270", "quadra_cartorio": null, "lote_cartorio": "13", "matricula": "131086", "circunscricao": "1º CIRCUNSCRIÇÃO", "zoneamento": "AUM - ÁREA DE USO MISTO", "condominio": null, "area_geom": 200.0, "cnm": "062661.2.0131086-59" }, "geometry": { "type": "Polygon", "coordinates": [ [ [ -54.80668, -22.274312 ], [ -54.806866, -22.27426 ], [ -54.806894, -22.274347 ], [ -54.806708, -22.274399 ], [ -54.80668, -22.274312 ] ] ] } },
{ "type": "Feature", "properties": { "id": 9466, "insc_imob": "00.11.36.47.280", "quadra_cartorio": null, "lote_cartorio": "13", "matricula": "131175", "circunscricao": "1º CIRCUNSCRIÇÃO", "zoneamento": "AUM - ÁREA DE USO MISTO", "condominio": null, "area_geom": 200.0, "cnm": "062661.2.0131175-83" }, "geometry": { "type": "Polygon", "coordinates": [ [ [ -54.807169, -22.275825 ], [ -54.807355, -22.275773 ], [ -54.807383, -22.275859 ], [ -54.807197, -22.275911 ], [ -54.807169, -22.275825 ] ] ] } },
{ "type": "Feature", "properties": { "id": 9469, "insc_imob": "00.11.36.59.240", "quadra_cartorio": null, "lote_cartorio": "10", "matricula": "131083", "circunscricao": "1º CIRCUNSCRIÇÃO", "zoneamento": "AUM - ÁREA DE USO MISTO", "condominio": null, "area_geom": 200.0, "cnm": "062661.2.0131083-68" }, "geometry": { "type": "Polygon", "coordinates": [ [ [ -54.806373, -22.274304 ], [ -54.806466, -22.274278 ], [ -54.806494, -22.274364 ], [ -54.806522, -22.274451 ], [ -54.806429, -22.274477 ], [ -54.806373, -22.274304 ] ] ] } },
{ "type": "Feature", "properties": { "id": 9468, "insc_imob": "00.11.36.59.280", "quadra_cartorio": null, "lote_cartorio": "14", "matricula": "131087", "circunscricao": "1º CIRCUNSCRIÇÃO", "zoneamento": "AUM - ÁREA DE USO MISTO", "condominio": null, "area_geom": 200.0, "cnm": "062661.2.0131087-56" }, "geometry": { "type": "Polygon", "coordinates": [ [ [ -54.806652, -22.274226 ], [ -54.806838, -22.274174 ], [ -54.806866, -22.27426 ], [ -54.80668, -22.274312 ], [ -54.806652, -22.274226 ] ] ] } },
{ "type": "Feature", "properties": { "id": 9471, "insc_imob": "00.11.36.59.030", "quadra_cartorio": null, "lote_cartorio": "18", "matricula": "131091", "circunscricao": "1º CIRCUNSCRIÇÃO", "zoneamento": "AUM - ÁREA DE USO MISTO", "condominio": null, "area_geom": 200.0, "cnm": "062661.2.0131091-44" }, "geometry": { "type": "Polygon", "coordinates": [ [ [ -54.806438, -22.274191 ], [ -54.80641, -22.274105 ], [ -54.806503, -22.274079 ], [ -54.806531, -22.274165 ], [ -54.806559, -22.274252 ], [ -54.806466, -22.274278 ], [ -54.806438, -22.274191 ] ] ] } },
{ "type": "Feature", "properties": { "id": 9470, "insc_imob": "00.11.36.59.040", "quadra_cartorio": null, "lote_cartorio": "19", "matricula": "131092", "circunscricao": "1º CIRCUNSCRIÇÃO", "zoneamento": "AUM - ÁREA DE USO MISTO", "condominio": null, "area_geom": 200.0, "cnm": "062661.2.0131092-41" }, "geometry": { "type": "Polygon", "coordinates": [ [ [ -54.806317, -22.274131 ], [ -54.80641, -22.274105 ], [ -54.806438, -22.274191 ], [ -54.806466, -22.274278 ], [ -54.806373, -22.274304 ], [ -54.806317, -22.274131 ] ] ] } },
{ "type": "Feature", "properties": { "id": 9457, "insc_imob": "00.11.36.41.020", "quadra_cartorio": null, "lote_cartorio": "17", "matricula": "131209", "circunscricao": "1º CIRCUNSCRIÇÃO", "zoneamento": "AUM - ÁREA DE USO MISTO", "condominio": null, "area_geom": 200.0, "cnm": "062661.2.0131209-78" }, "geometry": { "type": "Polygon", "coordinates": [ [ [ -54.807138, -22.276041 ], [ -54.807231, -22.276015 ], [ -54.807259, -22.276102 ], [ -54.807287, -22.276188 ], [ -54.807194, -22.276214 ], [ -54.807166, -22.276128 ], [ -54.807138, -22.276041 ] ] ] } },
{ "type": "Feature", "properties": { "id": 9456, "insc_imob": "00.11.36.41.270", "quadra_cartorio": null, "lote_cartorio": "12", "matricula": "131204", "circunscricao": "1º CIRCUNSCRIÇÃO", "zoneamento": "AUM - ÁREA DE USO MISTO", "condominio": null, "area_geom": 200.0, "cnm": "062661.2.0131204-93" }, "geometry": { "type": "Polygon", "coordinates": [ [ [ -54.807194, -22.276214 ], [ -54.807287, -22.276188 ], [ -54.807315, -22.276275 ], [ -54.807343, -22.276361 ], [ -54.80725, -22.276387 ], [ -54.807222, -22.276301 ], [ -54.807194, -22.276214 ] ] ] } },
{ "type": "Feature", "properties": { "id": 9459, "insc_imob": "00.11.36.47.150", "quadra_cartorio": null, "lote_cartorio": "30", "matricula": "131192", "circunscricao": "1º CIRCUNSCRIÇÃO", "zoneamento": "AUM - ÁREA DE USO MISTO", "condominio": null, "area_geom": 200.0, "cnm": "062661.2.0131192-32" }, "geometry": { "type": "Polygon", "coordinates": [ [ [ -54.805934, -22.276077 ], [ -54.806119, -22.276025 ], [ -54.806147, -22.276111 ], [ -54.805962, -22.276163 ], [ -54.805934, -22.276077 ] ] ] } },
{ "type": "Feature", "properties": { "id": 9458, "insc_imob": "00.11.36.47.160", "quadra_cartorio": null, "lote_cartorio": "01", "matricula": "131163", "circunscricao": "1º CIRCUNSCRIÇÃO", "zoneamento": "AUM - ÁREA DE USO MISTO", "condominio": null, "area_geom": 200.0, "cnm": "062661.2.0131163-22" }, "geometry": { "type": "Polygon", "coordinates": [ [ [ -54.805962, -22.276163 ], [ -54.806147, -22.276111 ], [ -54.806175, -22.276198 ], [ -54.80599, -22.27625 ], [ -54.805962, -22.276163 ] ] ] } },
{ "type": "Feature", "properties": { "id": 9463, "insc_imob": "00.11.36.47.140", "quadra_cartorio": null, "lote_cartorio": "29", "matricula": "131191", "circunscricao": "1º CIRCUNSCRIÇÃO", "zoneamento": "AUM - ÁREA DE USO MISTO", "condominio": null, "area_geom": 200.0, "cnm": "062661.2.0131191-35" }, "geometry": { "type": "Polygon", "coordinates": [ [ [ -54.805906, -22.27599 ], [ -54.806091, -22.275938 ], [ -54.806119, -22.276025 ], [ -54.805934, -22.276077 ], [ -54.805906, -22.27599 ] ] ] } },
{ "type": "Feature", "properties": { "id": 9433, "insc_imob": "00.11.36.52.090", "quadra_cartorio": null, "lote_cartorio": "23", "matricula": "131155", "circunscricao": "1º CIRCUNSCRIÇÃO", "zoneamento": "AUM - ÁREA DE USO MISTO", "condominio": null, "area_geom": 200.0, "cnm": "062661.2.0131155-46" }, "geometry": { "type": "Polygon", "coordinates": [ [ [ -54.806144, -22.27516 ], [ -54.806237, -22.275134 ], [ -54.806264, -22.275221 ], [ -54.806292, -22.275307 ], [ -54.8062, -22.275333 ], [ -54.806172, -22.275247 ], [ -54.806144, -22.27516 ] ] ] } },
{ "type": "Feature", "properties": { "id": 9432, "insc_imob": "00.11.36.52.200", "quadra_cartorio": null, "lote_cartorio": "05", "matricula": "131137", "circunscricao": "1º CIRCUNSCRIÇÃO", "zoneamento": "AUM - ÁREA DE USO MISTO", "condominio": null, "area_geom": 200.0, "cnm": "062661.2.0131137-03" }, "geometry": { "type": "Polygon", "coordinates": [ [ [ -54.8062, -22.275333 ], [ -54.806292, -22.275307 ], [ -54.80632, -22.275393 ], [ -54.806348, -22.27548 ], [ -54.806255, -22.275506 ], [ -54.806228, -22.275419 ], [ -54.8062, -22.275333 ] ] ] } },
{ "type": "Feature", "properties": { "id": 9435, "insc_imob": "00.11.36.52.080", "quadra_cartorio": null, "lote_cartorio": "23", "matricula": "131155", "circunscricao": "1º CIRCUNSCRIÇÃO", "zoneamento": "AUM - ÁREA DE USO MISTO", "condominio": null, "area_geom": 200.0, "cnm": "062661.2.0131155-46" }, "geometry": { "type": "Polygon", "coordinates": [ [ [ -54.806264, -22.275221 ], [ -54.806237, -22.275134 ], [ -54.806329, -22.275108 ], [ -54.806357, -22.275194 ], [ -54.806385, -22.275281 ], [ -54.806292, -22.275307 ], [ -54.806264, -22.275221 ] ] ] } },
{ "type": "Feature", "properties": { "id": 9434, "insc_imob": "00.11.36.52.210", "quadra_cartorio": null, "lote_cartorio": "06", "matricula": "131138", "circunscricao": "1º CIRCUNSCRIÇÃO", "zoneamento": "AUM - ÁREA DE USO MISTO", "condominio": null, "area_geom": 200.0, "cnm": "062661.2.0131138-97" }, "geometry": { "type": "Polygon", "coordinates": [ [ [ -54.806292, -22.275307 ], [ -54.806385, -22.275281 ], [ -54.806413, -22.275367 ], [ -54.806441, -22.275454 ], [ -54.806348, -22.27548 ], [ -54.80632, -22.275393 ], [ -54.806292, -22.275307 ] ] ] } },
{ "type": "Feature", "properties": { "id": 9437, "insc_imob": "00.11.36.52.070", "quadra_cartorio": null, "lote_cartorio": "22", "matricula": "131154", "circunscricao": "1º CIRCUNSCRIÇÃO", "zoneamento": "AUM - ÁREA DE USO MISTO", "condominio": null, "area_geom": 200.0, "cnm": "062661.2.0131154-49" }, "geometry": { "type": "Polygon", "coordinates": [ [ [ -54.806357, -22.275194 ], [ -54.806329, -22.275108 ], [ -54.806422, -22.275082 ], [ -54.80645, -22.275168 ], [ -54.806478, -22.275255 ], [ -54.806385, -22.275281 ], [ -54.806357, -22.275194 ] ] ] } },
{ "type": "Feature", "properties": { "id": 9436, "insc_imob": "00.11.36.52.220", "quadra_cartorio": null, "lote_cartorio": "07", "matricula": "131139", "circunscricao": "1º CIRCUNSCRIÇÃO", "zoneamento": "AUM - ÁREA DE USO MISTO", "condominio": null, "area_geom": 200.0, "cnm": "062661.2.0131139-94" }, "geometry": { "type": "Polygon", "coordinates": [ [ [ -54.806385, -22.275281 ], [ -54.806478, -22.275255 ], [ -54.806506, -22.275341 ], [ -54.806534, -22.275428 ], [ -54.806441, -22.275454 ], [ -54.806413, -22.275367 ], [ -54.806385, -22.275281 ] ] ] } },
{ "type": "Feature", "properties": { "id": 9439, "insc_imob": "00.11.36.41.200", "quadra_cartorio": null, "lote_cartorio": "05", "matricula": "131197", "circunscricao": "1º CIRCUNSCRIÇÃO", "zoneamento": "AUM - ÁREA DE USO MISTO", "condominio": null, "area_geom": 200.0, "cnm": "062661.2.0131197-17" }, "geometry": { "type": "Polygon", "coordinates": [ [ [ -54.806544, -22.276396 ], [ -54.806636, -22.27637 ], [ -54.806664, -22.276457 ], [ -54.806692, -22.276543 ], [ -54.806599, -22.276569 ], [ -54.806571, -22.276483 ], [ -54.806544, -22.276396 ] ] ] } },
{ "type": "Feature", "properties": { "id": 9438, "insc_imob": "00.11.36.41.100", "quadra_cartorio": null, "lote_cartorio": "25", "matricula": "131217", "circunscricao": "1º CIRCUNSCRIÇÃO", "zoneamento": "AUM - ÁREA DE USO MISTO", "condominio": null, "area_geom": 200.0, "cnm": "062661.2.0131217-54" }, "geometry": { "type": "Polygon", "coordinates": [ [ [ -54.806395, -22.276249 ], [ -54.806488, -22.276223 ], [ -54.806516, -22.27631 ], [ -54.806544, -22.276396 ], [ -54.806451, -22.276422 ], [ -54.806423, -22.276336 ], [ -54.806395, -22.276249 ] ] ] } },
{ "type": "Feature", "properties": { "id": 9431, "insc_imob": "00.11.36.52.100", "quadra_cartorio": null, "lote_cartorio": "24", "matricula": "131156", "circunscricao": "1º CIRCUNSCRIÇÃO", "zoneamento": "AUM - ÁREA DE USO MISTO", "condominio": null, "area_geom": 200.0, "cnm": "062661.2.0131156-43" }, "geometry": { "type": "Polygon", "coordinates": [ [ [ -54.806079, -22.275273 ], [ -54.806051, -22.275186 ], [ -54.806144, -22.27516 ], [ -54.806172, -22.275247 ], [ -54.8062, -22.275333 ], [ -54.806107, -22.275359 ], [ -54.806079, -22.275273 ] ] ] } },
{ "type": "Feature", "properties": { "id": 9430, "insc_imob": "00.11.36.52.190", "quadra_cartorio": null, "lote_cartorio": "04", "matricula": "131136", "circunscricao": "1º CIRCUNSCRIÇÃO", "zoneamento": "AUM - ÁREA DE USO MISTO", "condominio": null, "area_geom": 200.0, "cnm": "062661.2.0131136-06" }, "geometry": { "type": "Polygon", "coordinates": [ [ [ -54.806107, -22.275359 ], [ -54.8062, -22.275333 ], [ -54.806228, -22.275419 ], [ -54.806255, -22.275506 ], [ -54.806163, -22.275532 ], [ -54.806135, -22.275445 ], [ -54.806107, -22.275359 ] ] ] } },
{ "type": "Feature", "properties": { "id": 76196, "insc_imob": "00.11.12.01.010", "quadra_cartorio": null, "lote_cartorio": "Área A", "matricula": null, "circunscricao": "1º CIRCUNSCRIÇÃO", "zoneamento": null, "condominio": null, "area_geom": 22082.34, "cnm": null }, "geometry": { "type": "Polygon", "coordinates": [ [ [ -54.775172, -22.291941 ], [ -54.77481, -22.292796 ], [ -54.772861, -22.292151 ], [ -54.772774, -22.292123 ], [ -54.773209, -22.291302 ], [ -54.773298, -22.291331 ], [ -54.775172, -22.291941 ] ] ] } },
{ "type": "Feature", "properties": { "id": 22990, "insc_imob": "00.11.36.62.110", "quadra_cartorio": null, "lote_cartorio": "03", "matricula": "130664", "circunscricao": "1º CIRCUNSCRIÇÃO", "zoneamento": "AUM - ÁREA DE USO MISTO", "condominio": null, "area_geom": 199.89, "cnm": "062661.2.0130664-64" }, "geometry": { "type": "Polygon", "coordinates": [ [ [ -54.806561, -22.27373 ], [ -54.806621, -22.273559 ], [ -54.806713, -22.273586 ], [ -54.806654, -22.273758 ], [ -54.806561, -22.27373 ] ] ] } },
{ "type": "Feature", "properties": { "id": 23815, "insc_imob": "00.11.36.12.070", "quadra_cartorio": null, "lote_cartorio": "22", "matricula": "131044", "circunscricao": "1º CIRCUNSCRIÇÃO", "zoneamento": "AUM - ÁREA DE USO MISTO", "condominio": null, "area_geom": 200.0, "cnm": "062661.2.0131044-88" }, "geometry": { "type": "Polygon", "coordinates": [ [ [ -54.808928, -22.278067 ], [ -54.809021, -22.278041 ], [ -54.809049, -22.278127 ], [ -54.809076, -22.278214 ], [ -54.808984, -22.27824 ], [ -54.808956, -22.278153 ], [ -54.808928, -22.278067 ] ] ] } },
{ "type": "Feature", "properties": { "id": 23814, "insc_imob": "00.11.36.15.110", "quadra_cartorio": null, "lote_cartorio": "26", "matricula": "131743", "circunscricao": "1º CIRCUNSCRIÇÃO", "zoneamento": "AUM - ÁREA DE USO MISTO", "condominio": null, "area_geom": 200.0, "cnm": "062661.2.0131743-28" }, "geometry": { "type": "Polygon", "coordinates": [ [ [ -54.804943, -22.279278 ], [ -54.804915, -22.279191 ], [ -54.805008, -22.279165 ], [ -54.805036, -22.279251 ], [ -54.805064, -22.279338 ], [ -54.804971, -22.279364 ], [ -54.804943, -22.279278 ] ] ] } },
{ "type": "Feature", "properties": { "id": 24020, "insc_imob": "00.11.36.29.160", "quadra_cartorio": null, "lote_cartorio": "01", "matricula": "130933", "circunscricao": "1º CIRCUNSCRIÇÃO", "zoneamento": "AUM - ÁREA DE USO MISTO", "condominio": null, "area_geom": 200.0, "cnm": "062661.2.0130933-33" }, "geometry": { "type": "Polygon", "coordinates": [ [ [ -54.807925, -22.27716 ], [ -54.808111, -22.277108 ], [ -54.808139, -22.277194 ], [ -54.807953, -22.277246 ], [ -54.807925, -22.27716 ] ] ] } },
{ "type": "Feature", "properties": { "id": 83262, "insc_imob": "00.11.12.02.110", "quadra_cartorio": "AV 01", "lote_cartorio": "AV 01", "matricula": null, "circunscricao": "1º CIRCUNSCRIÇÃO", "zoneamento": null, "condominio": null, "area_geom": 1792.33, "cnm": null }, "geometry": { "type": "Polygon", "coordinates": [ [ [ -54.775549, -22.292858 ], [ -54.775552, -22.292849 ], [ -54.776599, -22.293164 ], [ -54.776551, -22.293304 ], [ -54.775642, -22.29303 ], [ -54.775632, -22.293027 ], [ -54.775623, -22.293023 ], [ -54.775614, -22.293019 ], [ -54.775606, -22.293014 ], [ -54.775598, -22.293008 ], [ -54.77559, -22.293002 ], [ -54.775583, -22.292996 ], [ -54.775576, -22.292989 ], [ -54.77557, -22.292982 ], [ -54.775564, -22.292974 ], [ -54.775559, -22.292966 ], [ -54.775554, -22.292958 ], [ -54.77555, -22.292949 ], [ -54.775547, -22.29294 ], [ -54.775545, -22.292931 ], [ -54.775543, -22.292922 ], [ -54.775541, -22.292913 ], [ -54.775541, -22.292904 ], [ -54.775541, -22.292894 ], [ -54.775542, -22.292885 ], [ -54.775543, -22.292876 ], [ -54.775546, -22.292867 ], [ -54.775549, -22.292858 ] ] ] } },
{ "type": "Feature", "properties": { "id": 21057, "insc_imob": "00.11.36.57.120", "quadra_cartorio": null, "lote_cartorio": "27", "matricula": "131129", "circunscricao": "1º CIRCUNSCRIÇÃO", "zoneamento": "AUM - ÁREA DE USO MISTO", "condominio": null, "area_geom": 200.0, "cnm": "062661.2.0131129-27" }, "geometry": { "type": "Polygon", "coordinates": [ [ [ -54.80572, -22.274789 ], [ -54.805812, -22.274763 ], [ -54.80584, -22.274849 ], [ -54.805868, -22.274935 ], [ -54.805775, -22.274962 ], [ -54.805747, -22.274875 ], [ -54.80572, -22.274789 ] ] ] } },
{ "type": "Feature", "properties": { "id": 21058, "insc_imob": "00.11.36.58.110", "quadra_cartorio": null, "lote_cartorio": "26", "matricula": "131503", "circunscricao": "1º CIRCUNSCRIÇÃO", "zoneamento": "AUM - ÁREA DE USO MISTO", "condominio": null, "area_geom": 200.0, "cnm": "062661.2.0131503-69" }, "geometry": { "type": "Polygon", "coordinates": [ [ [ -54.803704, -22.275448 ], [ -54.803676, -22.275361 ], [ -54.803769, -22.275335 ], [ -54.803797, -22.275422 ], [ -54.803825, -22.275508 ], [ -54.803732, -22.275534 ], [ -54.803704, -22.275448 ] ] ] } },
{ "type": "Feature", "properties": { "id": 21768, "insc_imob": "00.11.36.20.290", "quadra_cartorio": null, "lote_cartorio": "14", "matricula": "131701", "circunscricao": "1º CIRCUNSCRIÇÃO", "zoneamento": "AUM - ÁREA DE USO MISTO", "condominio": null, "area_geom": 200.0, "cnm": "062661.2.0131701-57" }, "geometry": { "type": "Polygon", "coordinates": [ [ [ -54.805754, -22.278654 ], [ -54.80594, -22.278602 ], [ -54.805968, -22.278689 ], [ -54.805782, -22.278741 ], [ -54.805754, -22.278654 ] ] ] } },
{ "type": "Feature", "properties": { "id": 22295, "insc_imob": "00.11.36.08.130", "quadra_cartorio": null, "lote_cartorio": "03", "matricula": "131750", "circunscricao": "1º CIRCUNSCRIÇÃO", "zoneamento": "AUM - ÁREA DE USO MISTO", "condominio": null, "area_geom": 199.36, "cnm": "062661.2.0131750-07" }, "geometry": { "type": "Polygon", "coordinates": [ [ [ -54.805044, -22.279904 ], [ -54.80499, -22.279737 ], [ -54.805083, -22.279711 ], [ -54.805137, -22.279878 ], [ -54.805139, -22.279883 ], [ -54.805046, -22.279909 ], [ -54.805044, -22.279904 ] ] ] } },
{ "type": "Feature", "properties": { "id": 19325, "insc_imob": "00.11.36.59.130", "quadra_cartorio": null, "lote_cartorio": "28", "matricula": "131101", "circunscricao": "1º CIRCUNSCRIÇÃO", "zoneamento": "AUM - ÁREA DE USO MISTO", "condominio": null, "area_geom": 302.01, "cnm": "062661.2.0131101-14" }, "geometry": { "type": "Polygon", "coordinates": [ [ [ -54.80552, -22.274354 ], [ -54.805574, -22.274339 ], [ -54.805602, -22.274426 ], [ -54.805624, -22.274494 ], [ -54.805438, -22.274546 ], [ -54.80541, -22.274459 ], [ -54.80552, -22.274354 ] ] ] } },
{ "type": "Feature", "properties": { "id": 19334, "insc_imob": "00.11.36.12.090", "quadra_cartorio": null, "lote_cartorio": "24", "matricula": "131046", "circunscricao": "1º CIRCUNSCRIÇÃO", "zoneamento": "AUM - ÁREA DE USO MISTO", "condominio": null, "area_geom": 200.0, "cnm": "062661.2.0131046-82" }, "geometry": { "type": "Polygon", "coordinates": [ [ [ -54.80877, -22.278205 ], [ -54.808742, -22.278119 ], [ -54.808835, -22.278093 ], [ -54.808863, -22.278179 ], [ -54.808891, -22.278266 ], [ -54.808798, -22.278292 ], [ -54.80877, -22.278205 ] ] ] } },
{ "type": "Feature", "properties": { "id": 19041, "insc_imob": "00.11.36.26.030", "quadra_cartorio": null, "lote_cartorio": "12", "matricula": "131449", "circunscricao": "1º CIRCUNSCRIÇÃO", "zoneamento": "AUM - ÁREA DE USO MISTO", "condominio": null, "area_geom": 200.0, "cnm": "062661.2.0131449-37" }, "geometry": { "type": "Polygon", "coordinates": [ [ [ -54.805872, -22.277452 ], [ -54.805965, -22.277426 ], [ -54.806021, -22.277599 ], [ -54.805928, -22.277625 ], [ -54.805872, -22.277452 ] ] ] } },
{ "type": "Feature", "properties": { "id": 19086, "insc_imob": "00.11.36.57.300", "quadra_cartorio": null, "lote_cartorio": "15", "matricula": "131117", "circunscricao": "1º CIRCUNSCRIÇÃO", "zoneamento": "AUM - ÁREA DE USO MISTO", "condominio": null, "area_geom": 200.0, "cnm": "062661.2.0131117-63" }, "geometry": { "type": "Polygon", "coordinates": [ [ [ -54.806769, -22.274589 ], [ -54.806955, -22.274537 ], [ -54.806983, -22.274623 ], [ -54.806797, -22.274675 ], [ -54.806769, -22.274589 ] ] ] } },
{ "type": "Feature", "properties": { "id": 20297, "insc_imob": "00.11.36.52.270", "quadra_cartorio": null, "lote_cartorio": "12", "matricula": "131144", "circunscricao": "1º CIRCUNSCRIÇÃO", "zoneamento": "AUM - ÁREA DE USO MISTO", "condominio": null, "area_geom": 200.0, "cnm": "062661.2.0131144-79" }, "geometry": { "type": "Polygon", "coordinates": [ [ [ -54.80685, -22.275151 ], [ -54.806943, -22.275125 ], [ -54.806971, -22.275211 ], [ -54.806999, -22.275298 ], [ -54.806906, -22.275324 ], [ -54.806878, -22.275237 ], [ -54.80685, -22.275151 ] ] ] } },
{ "type": "Feature", "properties": { "id": 20298, "insc_imob": "00.11.36.13.050", "quadra_cartorio": null, "lote_cartorio": "20", "matricula": "131362", "circunscricao": "1º CIRCUNSCRIÇÃO", "zoneamento": "AUM - ÁREA DE USO MISTO", "condominio": null, "area_geom": 200.0, "cnm": "062661.2.0131362-07" }, "geometry": { "type": "Polygon", "coordinates": [ [ [ -54.807637, -22.278523 ], [ -54.807609, -22.278436 ], [ -54.807701, -22.27841 ], [ -54.807729, -22.278497 ], [ -54.807757, -22.278583 ], [ -54.807665, -22.278609 ], [ -54.807637, -22.278523 ] ] ] } },
{ "type": "Feature", "properties": { "id": 16673, "insc_imob": "00.11.36.26.050", "quadra_cartorio": null, "lote_cartorio": "14", "matricula": "131451", "circunscricao": "1º CIRCUNSCRIÇÃO", "zoneamento": "AUM - ÁREA DE USO MISTO", "condominio": null, "area_geom": 220.0, "cnm": "062661.2.0131451-31" }, "geometry": { "type": "Polygon", "coordinates": [ [ [ -54.805928, -22.277625 ], [ -54.806021, -22.277599 ], [ -54.806051, -22.277694 ], [ -54.805866, -22.277746 ], [ -54.805835, -22.277651 ], [ -54.805928, -22.277625 ] ] ] } },
{ "type": "Feature", "properties": { "id": 16672, "insc_imob": "00.11.36.29.080", "quadra_cartorio": null, "lote_cartorio": "23", "matricula": "130955", "circunscricao": "1º CIRCUNSCRIÇÃO", "zoneamento": "AUM - ÁREA DE USO MISTO", "condominio": null, "area_geom": 200.0, "cnm": "062661.2.0130955-64" }, "geometry": { "type": "Polygon", "coordinates": [ [ [ -54.808398, -22.276744 ], [ -54.808491, -22.276718 ], [ -54.808519, -22.276804 ], [ -54.808547, -22.276891 ], [ -54.808454, -22.276917 ], [ -54.808426, -22.276831 ], [ -54.808398, -22.276744 ] ] ] } },
{ "type": "Feature", "properties": { "id": 16415, "insc_imob": "00.11.36.48.220", "quadra_cartorio": null, "lote_cartorio": "07", "matricula": "131544", "circunscricao": "1º CIRCUNSCRIÇÃO", "zoneamento": "AUM - ÁREA DE USO MISTO", "condominio": null, "area_geom": 200.0, "cnm": "062661.2.0131544-43" }, "geometry": { "type": "Polygon", "coordinates": [ [ [ -54.804447, -22.276493 ], [ -54.80454, -22.276467 ], [ -54.804568, -22.276554 ], [ -54.804596, -22.27664 ], [ -54.804503, -22.276666 ], [ -54.804475, -22.27658 ], [ -54.804447, -22.276493 ] ] ] } },
{ "type": "Feature", "properties": { "id": 17269, "insc_imob": "00.11.36.48.260", "quadra_cartorio": null, "lote_cartorio": "11", "matricula": "131548", "circunscricao": "1º CIRCUNSCRIÇÃO", "zoneamento": "AUM - ÁREA DE USO MISTO", "condominio": null, "area_geom": 200.0, "cnm": "062661.2.0131548-31" }, "geometry": { "type": "Polygon", "coordinates": [ [ [ -54.804819, -22.276389 ], [ -54.804912, -22.276363 ], [ -54.80494, -22.27645 ], [ -54.804968, -22.276536 ], [ -54.804875, -22.276562 ], [ -54.804847, -22.276476 ], [ -54.804819, -22.276389 ] ] ] } },
{ "type": "Feature", "properties": { "id": 16901, "insc_imob": "00.11.36.54.050", "quadra_cartorio": null, "lote_cartorio": "20", "matricula": "131527", "circunscricao": "1º CIRCUNSCRIÇÃO", "zoneamento": "AUM - ÁREA DE USO MISTO", "condominio": null, "area_geom": 200.0, "cnm": "062661.2.0131527-94" }, "geometry": { "type": "Polygon", "coordinates": [ [ [ -54.804407, -22.275741 ], [ -54.804379, -22.275655 ], [ -54.804472, -22.275629 ], [ -54.8045, -22.275715 ], [ -54.804528, -22.275801 ], [ -54.804435, -22.275827 ], [ -54.804407, -22.275741 ] ] ] } },
{ "type": "Feature", "properties": { "id": 16902, "insc_imob": "00.11.36.52.140", "quadra_cartorio": null, "lote_cartorio": "29", "matricula": "131161", "circunscricao": "1º CIRCUNSCRIÇÃO", "zoneamento": "AUM - ÁREA DE USO MISTO", "condominio": null, "area_geom": 200.0, "cnm": "062661.2.0131161-28" }, "geometry": { "type": "Polygon", "coordinates": [ [ [ -54.805707, -22.275377 ], [ -54.805893, -22.275325 ], [ -54.805921, -22.275411 ], [ -54.805735, -22.275463 ], [ -54.805707, -22.275377 ] ] ] } },
{ "type": "Feature", "properties": { "id": 17033, "insc_imob": "00.11.36.27.020", "quadra_cartorio": null, "lote_cartorio": "17", "matricula": "131674", "circunscricao": "1º CIRCUNSCRIÇÃO", "zoneamento": "AUM - ÁREA DE USO MISTO", "condominio": null, "area_geom": 200.0, "cnm": "062661.2.0131674-41" }, "geometry": { "type": "Polygon", "coordinates": [ [ [ -54.80546, -22.278058 ], [ -54.805553, -22.278032 ], [ -54.805581, -22.278118 ], [ -54.805609, -22.278205 ], [ -54.805516, -22.278231 ], [ -54.805488, -22.278144 ], [ -54.80546, -22.278058 ] ] ] } },
{ "type": "Feature", "properties": { "id": 17799, "insc_imob": "00.11.36.06.030", "quadra_cartorio": null, "lote_cartorio": "13", "matricula": "131385", "circunscricao": "1º CIRCUNSCRIÇÃO", "zoneamento": "AUM - ÁREA DE USO MISTO", "condominio": null, "area_geom": 200.0, "cnm": "062661.2.0131385-35" }, "geometry": { "type": "Polygon", "coordinates": [ [ [ -54.80811, -22.279047 ], [ -54.808055, -22.278877 ], [ -54.808148, -22.278851 ], [ -54.808203, -22.279021 ], [ -54.808204, -22.279024 ], [ -54.808111, -22.27905 ], [ -54.80811, -22.279047 ] ] ] } },
{ "type": "Feature", "properties": { "id": 17798, "insc_imob": "00.11.36.08.150", "quadra_cartorio": null, "lote_cartorio": "01", "matricula": "131748", "circunscricao": "1º CIRCUNSCRIÇÃO", "zoneamento": "AUM - ÁREA DE USO MISTO", "condominio": null, "area_geom": 199.36, "cnm": "062661.2.0131748-13" }, "geometry": { "type": "Polygon", "coordinates": [ [ [ -54.804858, -22.279956 ], [ -54.804804, -22.279789 ], [ -54.804897, -22.279763 ], [ -54.804951, -22.27993 ], [ -54.804953, -22.279935 ], [ -54.80486, -22.279961 ], [ -54.804858, -22.279956 ] ] ] } },
{ "type": "Feature", "properties": { "id": 17481, "insc_imob": "00.11.36.10.010", "quadra_cartorio": null, "lote_cartorio": "01", "matricula": "130714", "circunscricao": "1º CIRCUNSCRIÇÃO", "zoneamento": "AUM - ÁREA DE USO MISTO", "condominio": null, "area_geom": 262.58, "cnm": "062661.2.0130714-11" }, "geometry": { "type": "Polygon", "coordinates": [ [ [ -54.810927, -22.277017 ], [ -54.811122, -22.276962 ], [ -54.811176, -22.277037 ], [ -54.811016, -22.277138 ], [ -54.810927, -22.277017 ] ] ] } },
{ "type": "Feature", "properties": { "id": 124028, "insc_imob": "00.11.33.13.080", "quadra_cartorio": "13", "lote_cartorio": "P/ QUINHÃO 10", "matricula": "158430", "circunscricao": "1º CIRCUNSCRIÇÃO", "zoneamento": "ZEII - ZONA ESPECIAL DE INTERESSE INDUSTRIAL", "condominio": null, "area_geom": 7000.0, "cnm": "062661.2.0158430-89" }, "geometry": { "type": "Polygon", "coordinates": [ [ [ -54.779677, -22.275241 ], [ -54.779793, -22.274527 ], [ -54.780752, -22.274662 ], [ -54.780665, -22.275198 ], [ -54.780185, -22.27513 ], [ -54.780157, -22.275309 ], [ -54.779677, -22.275241 ] ] ] } },
{ "type": "Feature", "properties": { "id": 75807, "insc_imob": "00.11.33.01.010", "quadra_cartorio": null, "lote_cartorio": null, "matricula": "61924", "circunscricao": "1º CIRCUNSCRIÇÃO", "zoneamento": "AUM - ÁREA DE USO MISTO", "condominio": null, "area_geom": 558050.66, "cnm": "062661.2.0061924-62" }, "geometry": { "type": "Polygon", "coordinates": [ [ [ -54.779974, -22.273775 ], [ -54.782175, -22.273603 ], [ -54.782155, -22.273742 ], [ -54.783116, -22.273864 ], [ -54.783168, -22.273508 ], [ -54.792545, -22.272554 ], [ -54.792534, -22.277104 ], [ -54.779513, -22.277168 ], [ -54.779525, -22.276325 ], [ -54.780006, -22.276386 ], [ -54.780082, -22.275849 ], [ -54.780562, -22.275914 ], [ -54.780752, -22.274662 ], [ -54.779793, -22.274527 ], [ -54.779974, -22.273775 ] ] ] } },
{ "type": "Feature", "properties": { "id": 32533, "insc_imob": "00.11.36.47.300", "quadra_cartorio": null, "lote_cartorio": "15", "matricula": "131177", "circunscricao": "1º CIRCUNSCRIÇÃO", "zoneamento": "AUM - ÁREA DE USO MISTO", "condominio": null, "area_geom": 200.0, "cnm": "062661.2.0131177-77" }, "geometry": { "type": "Polygon", "coordinates": [ [ [ -54.807113, -22.275652 ], [ -54.807299, -22.2756 ], [ -54.807327, -22.275687 ], [ -54.807141, -22.275739 ], [ -54.807113, -22.275652 ] ] ] } },
{ "type": "Feature", "properties": { "id": 30605, "insc_imob": "00.11.36.15.150", "quadra_cartorio": null, "lote_cartorio": "30", "matricula": "131747", "circunscricao": "1º CIRCUNSCRIÇÃO", "zoneamento": "AUM - ÁREA DE USO MISTO", "condominio": null, "area_geom": 200.0, "cnm": "062661.2.0131747-16" }, "geometry": { "type": "Polygon", "coordinates": [ [ [ -54.804692, -22.279442 ], [ -54.804878, -22.27939 ], [ -54.804906, -22.279476 ], [ -54.80472, -22.279528 ], [ -54.804692, -22.279442 ] ] ] } },
{ "type": "Feature", "properties": { "id": 26903, "insc_imob": "00.11.36.18.270", "quadra_cartorio": null, "lote_cartorio": "12", "matricula": "131004", "circunscricao": "1º CIRCUNSCRIÇÃO", "zoneamento": "AUM - ÁREA DE USO MISTO", "condominio": null, "area_geom": 200.0, "cnm": "062661.2.0131004-14" }, "geometry": { "type": "Polygon", "coordinates": [ [ [ -54.809303, -22.27766 ], [ -54.809395, -22.277634 ], [ -54.809423, -22.27772 ], [ -54.809451, -22.277807 ], [ -54.809359, -22.277833 ], [ -54.809331, -22.277746 ], [ -54.809303, -22.27766 ] ] ] } },
{ "type": "Feature", "properties": { "id": 26684, "insc_imob": "00.11.36.13.010", "quadra_cartorio": null, "lote_cartorio": "16", "matricula": "131358", "circunscricao": "1º CIRCUNSCRIÇÃO", "zoneamento": "AUM - ÁREA DE USO MISTO", "condominio": null, "area_geom": 200.0, "cnm": "062661.2.0131358-19" }, "geometry": { "type": "Polygon", "coordinates": [ [ [ -54.80798, -22.278332 ], [ -54.808166, -22.27828 ], [ -54.808194, -22.278367 ], [ -54.808008, -22.278419 ], [ -54.80798, -22.278332 ] ] ] } },
{ "type": "Feature", "properties": { "id": 26877, "insc_imob": "00.11.36.15.060", "quadra_cartorio": null, "lote_cartorio": "21", "matricula": "131738", "circunscricao": "1º CIRCUNSCRIÇÃO", "zoneamento": "AUM - ÁREA DE USO MISTO", "condominio": null, "area_geom": 200.0, "cnm": "062661.2.0131738-43" }, "geometry": { "type": "Polygon", "coordinates": [ [ [ -54.805407, -22.279147 ], [ -54.805379, -22.279061 ], [ -54.805472, -22.279035 ], [ -54.8055, -22.279121 ], [ -54.805528, -22.279208 ], [ -54.805435, -22.279234 ], [ -54.805407, -22.279147 ] ] ] } },
{ "type": "Feature", "properties": { "id": 24865, "insc_imob": "00.11.36.31.270", "quadra_cartorio": null, "lote_cartorio": "12", "matricula": "131639", "circunscricao": "1º CIRCUNSCRIÇÃO", "zoneamento": "AUM - ÁREA DE USO MISTO", "condominio": null, "area_geom": 200.0, "cnm": "062661.2.0131639-49" }, "geometry": { "type": "Polygon", "coordinates": [ [ [ -54.80537, -22.277781 ], [ -54.805463, -22.277755 ], [ -54.805491, -22.277841 ], [ -54.805519, -22.277928 ], [ -54.805426, -22.277954 ], [ -54.805398, -22.277868 ], [ -54.80537, -22.277781 ] ] ] } },
{ "type": "Feature", "properties": { "id": 24864, "insc_imob": "00.11.36.47.010", "quadra_cartorio": null, "lote_cartorio": "16", "matricula": "131178", "circunscricao": "1º CIRCUNSCRIÇÃO", "zoneamento": "AUM - ÁREA DE USO MISTO", "condominio": null, "area_geom": 200.0, "cnm": "062661.2.0131178-74" }, "geometry": { "type": "Polygon", "coordinates": [ [ [ -54.807085, -22.275566 ], [ -54.807271, -22.275514 ], [ -54.807299, -22.2756 ], [ -54.807113, -22.275652 ], [ -54.807085, -22.275566 ] ] ] } },
{ "type": "Feature", "properties": { "id": 24866, "insc_imob": "00.11.36.46.120", "quadra_cartorio": null, "lote_cartorio": "27", "matricula": "130869", "circunscricao": "1º CIRCUNSCRIÇÃO", "zoneamento": "AUM - ÁREA DE USO MISTO", "condominio": null, "area_geom": 200.0, "cnm": "062661.2.0130869-31" }, "geometry": { "type": "Polygon", "coordinates": [ [ [ -54.807596, -22.275517 ], [ -54.807568, -22.27543 ], [ -54.807661, -22.275404 ], [ -54.807689, -22.275491 ], [ -54.807717, -22.275577 ], [ -54.807624, -22.275603 ], [ -54.807596, -22.275517 ] ] ] } },
{ "type": "Feature", "properties": { "id": 25370, "insc_imob": "00.11.36.47.260", "quadra_cartorio": null, "lote_cartorio": "11", "matricula": "131173", "circunscricao": "1º CIRCUNSCRIÇÃO", "zoneamento": "AUM - ÁREA DE USO MISTO", "condominio": null, "area_geom": 200.0, "cnm": "062661.2.0131173-89" }, "geometry": { "type": "Polygon", "coordinates": [ [ [ -54.806955, -22.275791 ], [ -54.807048, -22.275765 ], [ -54.807076, -22.275851 ], [ -54.807104, -22.275938 ], [ -54.807011, -22.275964 ], [ -54.806983, -22.275877 ], [ -54.806955, -22.275791 ] ] ] } },
{ "type": "Feature", "properties": { "id": 25479, "insc_imob": "00.11.36.06.120", "quadra_cartorio": null, "lote_cartorio": "04", "matricula": "131376", "circunscricao": "1º CIRCUNSCRIÇÃO", "zoneamento": "AUM - ÁREA DE USO MISTO", "condominio": null, "area_geom": 200.0, "cnm": "062661.2.0131376-62" }, "geometry": { "type": "Polygon", "coordinates": [ [ [ -54.807274, -22.279281 ], [ -54.807219, -22.279112 ], [ -54.807312, -22.279086 ], [ -54.807367, -22.279255 ], [ -54.807368, -22.279259 ], [ -54.807275, -22.279285 ], [ -54.807274, -22.279281 ] ] ] } },
{ "type": "Feature", "properties": { "id": 25139, "insc_imob": "00.11.36.61.020", "quadra_cartorio": null, "lote_cartorio": "10", "matricula": "130684", "circunscricao": "1º CIRCUNSCRIÇÃO", "zoneamento": "AUM - ÁREA DE USO MISTO", "condominio": null, "area_geom": 199.92, "cnm": "062661.2.0130684-04" }, "geometry": { "type": "Polygon", "coordinates": [ [ [ -54.808547, -22.274325 ], [ -54.808606, -22.274153 ], [ -54.808698, -22.274181 ], [ -54.808639, -22.274353 ], [ -54.808547, -22.274325 ] ] ] } },
{ "type": "Feature", "properties": { "id": 25140, "insc_imob": "00.11.36.41.090", "quadra_cartorio": null, "lote_cartorio": "24", "matricula": "131216", "circunscricao": "1º CIRCUNSCRIÇÃO", "zoneamento": "AUM - ÁREA DE USO MISTO", "condominio": null, "area_geom": 200.0, "cnm": "062661.2.0131216-57" }, "geometry": { "type": "Polygon", "coordinates": [ [ [ -54.806488, -22.276223 ], [ -54.80658, -22.276197 ], [ -54.806608, -22.276284 ], [ -54.806636, -22.27637 ], [ -54.806544, -22.276396 ], [ -54.806516, -22.27631 ], [ -54.806488, -22.276223 ] ] ] } },
{ "type": "Feature", "properties": { "id": 25142, "insc_imob": "00.11.36.25.090", "quadra_cartorio": null, "lote_cartorio": "24", "matricula": "131306", "circunscricao": "1º CIRCUNSCRIÇÃO", "zoneamento": "AUM - ÁREA DE USO MISTO", "condominio": null, "area_geom": 200.0, "cnm": "062661.2.0131306-78" }, "geometry": { "type": "Polygon", "coordinates": [ [ [ -54.806974, -22.277728 ], [ -54.806946, -22.277641 ], [ -54.807039, -22.277615 ], [ -54.807067, -22.277702 ], [ -54.807095, -22.277788 ], [ -54.807002, -22.277814 ], [ -54.806974, -22.277728 ] ] ] } },
{ "type": "Feature", "properties": { "id": 25211, "insc_imob": "00.11.36.11.030", "quadra_cartorio": null, "lote_cartorio": "17", "matricula": "130806", "circunscricao": "1º CIRCUNSCRIÇÃO", "zoneamento": "AUM - ÁREA DE USO MISTO", "condominio": null, "area_geom": 200.0, "cnm": "062661.2.0130806-26" }, "geometry": { "type": "Polygon", "coordinates": [ [ [ -54.810646, -22.277679 ], [ -54.810618, -22.277593 ], [ -54.810711, -22.277567 ], [ -54.810739, -22.277653 ], [ -54.810767, -22.27774 ], [ -54.810674, -22.277766 ], [ -54.810646, -22.277679 ] ] ] } },
{ "type": "Feature", "properties": { "id": 38957, "insc_imob": "00.11.36.09.010", "quadra_cartorio": null, "lote_cartorio": "15", "matricula": "131928", "circunscricao": "1º CIRCUNSCRIÇÃO", "zoneamento": "AUM - ÁREA DE USO MISTO", "condominio": null, "area_geom": 200.0, "cnm": "062661.2.0131928-55" }, "geometry": { "type": "Polygon", "coordinates": [ [ [ -54.804654, -22.280013 ], [ -54.8046, -22.279846 ], [ -54.804693, -22.27982 ], [ -54.804747, -22.279987 ], [ -54.804749, -22.279993 ], [ -54.804656, -22.280019 ], [ -54.804654, -22.280013 ] ] ] } },
{ "type": "Feature", "properties": { "id": 38958, "insc_imob": "00.11.36.18.170", "quadra_cartorio": null, "lote_cartorio": "02", "matricula": "130994", "circunscricao": "1º CIRCUNSCRIÇÃO", "zoneamento": "AUM - ÁREA DE USO MISTO", "condominio": null, "area_geom": 200.0, "cnm": "062661.2.0130994-44" }, "geometry": { "type": "Polygon", "coordinates": [ [ [ -54.808374, -22.27792 ], [ -54.808467, -22.277894 ], [ -54.808495, -22.277981 ], [ -54.808523, -22.278067 ], [ -54.80843, -22.278093 ], [ -54.808402, -22.278007 ], [ -54.808374, -22.27792 ] ] ] } },
{ "type": "Feature", "properties": { "id": 39122, "insc_imob": "00.11.36.12.040", "quadra_cartorio": null, "lote_cartorio": "19", "matricula": "131041", "circunscricao": "1º CIRCUNSCRIÇÃO", "zoneamento": "AUM - ÁREA DE USO MISTO", "condominio": null, "area_geom": 200.0, "cnm": "062661.2.0131041-97" }, "geometry": { "type": "Polygon", "coordinates": [ [ [ -54.809234, -22.278075 ], [ -54.809206, -22.277989 ], [ -54.809299, -22.277963 ], [ -54.809327, -22.278049 ], [ -54.809355, -22.278135 ], [ -54.809262, -22.278162 ], [ -54.809234, -22.278075 ] ] ] } },
{ "type": "Feature", "properties": { "id": 39837, "insc_imob": "00.11.36.15.290", "quadra_cartorio": null, "lote_cartorio": "14", "matricula": "131731", "circunscricao": "1º CIRCUNSCRIÇÃO", "zoneamento": "AUM - ÁREA DE USO MISTO", "condominio": null, "area_geom": 200.0, "cnm": "062661.2.0131731-64" }, "geometry": { "type": "Polygon", "coordinates": [ [ [ -54.8059, -22.279104 ], [ -54.806085, -22.279052 ], [ -54.806113, -22.279138 ], [ -54.805928, -22.27919 ], [ -54.8059, -22.279104 ] ] ] } },
{ "type": "Feature", "properties": { "id": 39919, "insc_imob": "00.11.36.21.250", "quadra_cartorio": null, "lote_cartorio": "12", "matricula": "131867", "circunscricao": "1º CIRCUNSCRIÇÃO", "zoneamento": "AUM - ÁREA DE USO MISTO", "condominio": null, "area_geom": 200.0, "cnm": "062661.2.0131867-44" }, "geometry": { "type": "Polygon", "coordinates": [ [ [ -54.804156, -22.279102 ], [ -54.804249, -22.279076 ], [ -54.804277, -22.279162 ], [ -54.804305, -22.279249 ], [ -54.804212, -22.279275 ], [ -54.804156, -22.279102 ] ] ] } },
{ "type": "Feature", "properties": { "id": 39482, "insc_imob": "00.11.36.37.080", "quadra_cartorio": null, "lote_cartorio": "23", "matricula": "131620", "circunscricao": "1º CIRCUNSCRIÇÃO", "zoneamento": "AUM - ÁREA DE USO MISTO", "condominio": null, "area_geom": 200.0, "cnm": "062661.2.0131620-09" }, "geometry": { "type": "Polygon", "coordinates": [ [ [ -54.804589, -22.277246 ], [ -54.804682, -22.27722 ], [ -54.80471, -22.277306 ], [ -54.804738, -22.277392 ], [ -54.804645, -22.277419 ], [ -54.804617, -22.277332 ], [ -54.804589, -22.277246 ] ] ] } },
{ "type": "Feature", "properties": { "id": 40399, "insc_imob": "00.11.36.54.250", "quadra_cartorio": null, "lote_cartorio": "10", "matricula": "131517", "circunscricao": "1º CIRCUNSCRIÇÃO", "zoneamento": "AUM - ÁREA DE USO MISTO", "condominio": null, "area_geom": 200.0, "cnm": "062661.2.0131517-27" }, "geometry": { "type": "Polygon", "coordinates": [ [ [ -54.804528, -22.275801 ], [ -54.80462, -22.275775 ], [ -54.804648, -22.275862 ], [ -54.804676, -22.275948 ], [ -54.804583, -22.275974 ], [ -54.804555, -22.275888 ], [ -54.804528, -22.275801 ] ] ] } },
{ "type": "Feature", "properties": { "id": 37639, "insc_imob": "00.11.36.57.030", "quadra_cartorio": null, "lote_cartorio": "18", "matricula": "131120", "circunscricao": "1º CIRCUNSCRIÇÃO", "zoneamento": "AUM - ÁREA DE USO MISTO", "condominio": null, "area_geom": 200.0, "cnm": "062661.2.0131120-54" }, "geometry": { "type": "Polygon", "coordinates": [ [ [ -54.806583, -22.274641 ], [ -54.806556, -22.274554 ], [ -54.806648, -22.274528 ], [ -54.806676, -22.274615 ], [ -54.806704, -22.274701 ], [ -54.806611, -22.274727 ], [ -54.806583, -22.274641 ] ] ] } },
{ "type": "Feature", "properties": { "id": 38249, "insc_imob": "00.11.36.31.080", "quadra_cartorio": null, "lote_cartorio": "23", "matricula": "131650", "circunscricao": "1º CIRCUNSCRIÇÃO", "zoneamento": "AUM - ÁREA DE USO MISTO", "condominio": null, "area_geom": 200.0, "cnm": "062661.2.0131650-16" }, "geometry": { "type": "Polygon", "coordinates": [ [ [ -54.804785, -22.277851 ], [ -54.804757, -22.277764 ], [ -54.80485, -22.277738 ], [ -54.804878, -22.277825 ], [ -54.804906, -22.277911 ], [ -54.804813, -22.277937 ], [ -54.804785, -22.277851 ] ] ] } },
{ "type": "Feature", "properties": { "id": 37975, "insc_imob": "00.11.36.24.170", "quadra_cartorio": null, "lote_cartorio": "02", "matricula": "130964", "circunscricao": "1º CIRCUNSCRIÇÃO", "zoneamento": "AUM - ÁREA DE USO MISTO", "condominio": null, "area_geom": 200.0, "cnm": "062661.2.0130964-37" }, "geometry": { "type": "Polygon", "coordinates": [ [ [ -54.808228, -22.277471 ], [ -54.808321, -22.277445 ], [ -54.808349, -22.277531 ], [ -54.808377, -22.277618 ], [ -54.808284, -22.277644 ], [ -54.808256, -22.277557 ], [ -54.808228, -22.277471 ] ] ] } },
{ "type": "Feature", "properties": { "id": 38570, "insc_imob": "00.11.36.61.090", "quadra_cartorio": null, "lote_cartorio": "03", "matricula": "130677", "circunscricao": "1º CIRCUNSCRIÇÃO", "zoneamento": "AUM - ÁREA DE USO MISTO", "condominio": null, "area_geom": 199.91, "cnm": "062661.2.0130677-25" }, "geometry": { "type": "Polygon", "coordinates": [ [ [ -54.8079, -22.274131 ], [ -54.80796, -22.27396 ], [ -54.808052, -22.273987 ], [ -54.807993, -22.274159 ], [ -54.8079, -22.274131 ] ] ] } },
{ "type": "Feature", "properties": { "id": 36424, "insc_imob": "00.11.36.20.110", "quadra_cartorio": null, "lote_cartorio": "26", "matricula": "131713", "circunscricao": "1º CIRCUNSCRIÇÃO", "zoneamento": "AUM - ÁREA DE USO MISTO", "condominio": null, "area_geom": 200.0, "cnm": "062661.2.0131713-21" }, "geometry": { "type": "Polygon", "coordinates": [ [ [ -54.804797, -22.278828 ], [ -54.804769, -22.278742 ], [ -54.804862, -22.278715 ], [ -54.80489, -22.278802 ], [ -54.804918, -22.278888 ], [ -54.804825, -22.278914 ], [ -54.804797, -22.278828 ] ] ] } },
{ "type": "Feature", "properties": { "id": 47593, "insc_imob": "00.11.36.24.010", "quadra_cartorio": null, "lote_cartorio": "16", "matricula": "130978", "circunscricao": "1º CIRCUNSCRIÇÃO", "zoneamento": "AUM - ÁREA DE USO MISTO", "condominio": null, "area_geom": 200.0, "cnm": "062661.2.0130978-92" }, "geometry": { "type": "Polygon", "coordinates": [ [ [ -54.809194, -22.277011 ], [ -54.80938, -22.276959 ], [ -54.809408, -22.277046 ], [ -54.809222, -22.277098 ], [ -54.809194, -22.277011 ] ] ] } },
{ "type": "Feature", "properties": { "id": 47595, "insc_imob": "00.11.36.46.290", "quadra_cartorio": null, "lote_cartorio": "14", "matricula": "130856", "circunscricao": "1º CIRCUNSCRIÇÃO", "zoneamento": "AUM - ÁREA DE USO MISTO", "condominio": null, "area_geom": 200.0, "cnm": "062661.2.0130856-70" }, "geometry": { "type": "Polygon", "coordinates": [ [ [ -54.808646, -22.275317 ], [ -54.808832, -22.275265 ], [ -54.80886, -22.275351 ], [ -54.808674, -22.275403 ], [ -54.808646, -22.275317 ] ] ] } },
{ "type": "Feature", "properties": { "id": 47594, "insc_imob": "00.11.36.62.090", "quadra_cartorio": null, "lote_cartorio": "05", "matricula": "130666", "circunscricao": "1º CIRCUNSCRIÇÃO", "zoneamento": "AUM - ÁREA DE USO MISTO", "condominio": null, "area_geom": 199.9, "cnm": "062661.2.0130666-58" }, "geometry": { "type": "Polygon", "coordinates": [ [ [ -54.806746, -22.273786 ], [ -54.806805, -22.273614 ], [ -54.806898, -22.273642 ], [ -54.806838, -22.273813 ], [ -54.806765, -22.273791 ], [ -54.806746, -22.273786 ] ] ] } },
{ "type": "Feature", "properties": { "id": 47563, "insc_imob": "00.11.36.08.010", "quadra_cartorio": null, "lote_cartorio": "01", "matricula": "131762", "circunscricao": "1º CIRCUNSCRIÇÃO", "zoneamento": "AUM - ÁREA DE USO MISTO", "condominio": null, "area_geom": 199.36, "cnm": "062661.2.0131762-68" }, "geometry": { "type": "Polygon", "coordinates": [ [ [ -54.806159, -22.279592 ], [ -54.806105, -22.279425 ], [ -54.806198, -22.279399 ], [ -54.806252, -22.279566 ], [ -54.806253, -22.279571 ], [ -54.80616, -22.279597 ], [ -54.806159, -22.279592 ] ] ] } },
{ "type": "Feature", "properties": { "id": 45473, "insc_imob": "00.11.36.29.250", "quadra_cartorio": null, "lote_cartorio": "10", "matricula": "130942", "circunscricao": "1º CIRCUNSCRIÇÃO", "zoneamento": "AUM - ÁREA DE USO MISTO", "condominio": null, "area_geom": 200.0, "cnm": "062661.2.0130942-06" }, "geometry": { "type": "Polygon", "coordinates": [ [ [ -54.808826, -22.276813 ], [ -54.808919, -22.276787 ], [ -54.808947, -22.276873 ], [ -54.808975, -22.27696 ], [ -54.808882, -22.276986 ], [ -54.808854, -22.276899 ], [ -54.808826, -22.276813 ] ] ] } },
{ "type": "Feature", "properties": { "id": 45472, "insc_imob": "00.11.36.49.130", "quadra_cartorio": null, "lote_cartorio": "04", "matricula": "131784", "circunscricao": "1º CIRCUNSCRIÇÃO", "zoneamento": "AUM - ÁREA DE USO MISTO", "condominio": null, "area_geom": 200.0, "cnm": "062661.2.0131784-02" }, "geometry": { "type": "Polygon", "coordinates": [ [ [ -54.803128, -22.276863 ], [ -54.803221, -22.276837 ], [ -54.803277, -22.27701 ], [ -54.803184, -22.277036 ], [ -54.803128, -22.276863 ] ] ] } },
{ "type": "Feature", "properties": { "id": 45230, "insc_imob": "00.11.36.30.180", "quadra_cartorio": null, "lote_cartorio": "03", "matricula": "131255", "circunscricao": "1º CIRCUNSCRIÇÃO", "zoneamento": "AUM - ÁREA DE USO MISTO", "condominio": null, "area_geom": 200.0, "cnm": "062661.2.0131255-37" }, "geometry": { "type": "Polygon", "coordinates": [ [ [ -54.806671, -22.277417 ], [ -54.806764, -22.277391 ], [ -54.806792, -22.277477 ], [ -54.80682, -22.277564 ], [ -54.806727, -22.27759 ], [ -54.806699, -22.277503 ], [ -54.806671, -22.277417 ] ] ] } },
{ "type": "Feature", "properties": { "id": 45255, "insc_imob": "00.11.36.43.170", "quadra_cartorio": null, "lote_cartorio": "05", "matricula": "131804", "circunscricao": "1º CIRCUNSCRIÇÃO", "zoneamento": "AUM - ÁREA DE USO MISTO", "condominio": null, "area_geom": 200.0, "cnm": "062661.2.0131804-39" }, "geometry": { "type": "Polygon", "coordinates": [ [ [ -54.803088, -22.277365 ], [ -54.803181, -22.277339 ], [ -54.803237, -22.277511 ], [ -54.803144, -22.277537 ], [ -54.803088, -22.277365 ] ] ] } },
{ "type": "Feature", "properties": { "id": 46357, "insc_imob": "00.11.36.37.230", "quadra_cartorio": null, "lote_cartorio": "08", "matricula": "131605", "circunscricao": "1º CIRCUNSCRIÇÃO", "zoneamento": "AUM - ÁREA DE USO MISTO", "condominio": null, "area_geom": 200.0, "cnm": "062661.2.0131605-54" }, "geometry": { "type": "Polygon", "coordinates": [ [ [ -54.804831, -22.277366 ], [ -54.804924, -22.27734 ], [ -54.804952, -22.277427 ], [ -54.80498, -22.277513 ], [ -54.804887, -22.277539 ], [ -54.804859, -22.277453 ], [ -54.804831, -22.277366 ] ] ] } },
{ "type": "Feature", "properties": { "id": 46445, "insc_imob": "00.11.36.24.090", "quadra_cartorio": null, "lote_cartorio": "24", "matricula": "130986", "circunscricao": "1º CIRCUNSCRIÇÃO", "zoneamento": "AUM - ÁREA DE USO MISTO", "condominio": null, "area_geom": 200.0, "cnm": "062661.2.0130986-68" }, "geometry": { "type": "Polygon", "coordinates": [ [ [ -54.808451, -22.27722 ], [ -54.808544, -22.277194 ], [ -54.808572, -22.27728 ], [ -54.8086, -22.277367 ], [ -54.808507, -22.277393 ], [ -54.808479, -22.277306 ], [ -54.808451, -22.27722 ] ] ] } },
{ "type": "Feature", "properties": { "id": 46117, "insc_imob": "00.11.36.19.210", "quadra_cartorio": null, "lote_cartorio": "06", "matricula": "131318", "circunscricao": "1º CIRCUNSCRIÇÃO", "zoneamento": "AUM - ÁREA DE USO MISTO", "condominio": null, "area_geom": 200.0, "cnm": "062661.2.0131318-42" }, "geometry": { "type": "Polygon", "coordinates": [ [ [ -54.80724, -22.278238 ], [ -54.807333, -22.278212 ], [ -54.807361, -22.278298 ], [ -54.807389, -22.278385 ], [ -54.807296, -22.278411 ], [ -54.807268, -22.278324 ], [ -54.80724, -22.278238 ] ] ] } },
{ "type": "Feature", "properties": { "id": 43495, "insc_imob": "00.11.36.47.220", "quadra_cartorio": null, "lote_cartorio": "07", "matricula": "131169", "circunscricao": "1º CIRCUNSCRIÇÃO", "zoneamento": "AUM - ÁREA DE USO MISTO", "condominio": null, "area_geom": 200.0, "cnm": "062661.2.0131169-04" }, "geometry": { "type": "Polygon", "coordinates": [ [ [ -54.806584, -22.275895 ], [ -54.806677, -22.275869 ], [ -54.806705, -22.275955 ], [ -54.806733, -22.276042 ], [ -54.80664, -22.276068 ], [ -54.806612, -22.275981 ], [ -54.806584, -22.275895 ] ] ] } },
{ "type": "Feature", "properties": { "id": 54305, "insc_imob": "00.11.36.42.080", "quadra_cartorio": null, "lote_cartorio": "23", "matricula": "131590", "circunscricao": "1º CIRCUNSCRIÇÃO", "zoneamento": "AUM - ÁREA DE USO MISTO", "condominio": null, "area_geom": 200.0, "cnm": "062661.2.0131590-02" }, "geometry": { "type": "Polygon", "coordinates": [ [ [ -54.804472, -22.276882 ], [ -54.804444, -22.276796 ], [ -54.804537, -22.27677 ], [ -54.804565, -22.276856 ], [ -54.804593, -22.276943 ], [ -54.8045, -22.276969 ], [ -54.804472, -22.276882 ] ] ] } },
{ "type": "Feature", "properties": { "id": 54304, "insc_imob": "00.11.36.61.100", "quadra_cartorio": null, "lote_cartorio": "02", "matricula": "130676", "circunscricao": "1º CIRCUNSCRIÇÃO", "zoneamento": "AUM - ÁREA DE USO MISTO", "condominio": null, "area_geom": 199.9, "cnm": "062661.2.0130676-28" }, "geometry": { "type": "Polygon", "coordinates": [ [ [ -54.807808, -22.274104 ], [ -54.807867, -22.273932 ], [ -54.80796, -22.27396 ], [ -54.8079, -22.274131 ], [ -54.807808, -22.274104 ] ] ] } },
{ "type": "Feature", "properties": { "id": 54307, "insc_imob": "00.11.36.34.300", "quadra_cartorio": null, "lote_cartorio": "15", "matricula": "130917", "circunscricao": "1º CIRCUNSCRIÇÃO", "zoneamento": "AUM - ÁREA DE USO MISTO", "condominio": null, "area_geom": 200.0, "cnm": "062661.2.0130917-81" }, "geometry": { "type": "Polygon", "coordinates": [ [ [ -54.808909, -22.27613 ], [ -54.809095, -22.276078 ], [ -54.809123, -22.276164 ], [ -54.808937, -22.276216 ], [ -54.808909, -22.27613 ] ] ] } },
{ "type": "Feature", "properties": { "id": 54306, "insc_imob": "00.11.36.29.260", "quadra_cartorio": null, "lote_cartorio": "11", "matricula": "130943", "circunscricao": "1º CIRCUNSCRIÇÃO", "zoneamento": "AUM - ÁREA DE USO MISTO", "condominio": null, "area_geom": 200.0, "cnm": "062661.2.0130943-03" }, "geometry": { "type": "Polygon", "coordinates": [ [ [ -54.808919, -22.276787 ], [ -54.809012, -22.276761 ], [ -54.80904, -22.276847 ], [ -54.809068, -22.276934 ], [ -54.808975, -22.27696 ], [ -54.808947, -22.276873 ], [ -54.808919, -22.276787 ] ] ] } },
{ "type": "Feature", "properties": { "id": 54309, "insc_imob": "00.11.36.10.030", "quadra_cartorio": null, "lote_cartorio": "03", "matricula": "130716", "circunscricao": "1º CIRCUNSCRIÇÃO", "zoneamento": "AUM - ÁREA DE USO MISTO", "condominio": null, "area_geom": 200.01, "cnm": "062661.2.0130716-05" }, "geometry": { "type": "Polygon", "coordinates": [ [ [ -54.81107, -22.277213 ], [ -54.811231, -22.277112 ], [ -54.811285, -22.277186 ], [ -54.811124, -22.277288 ], [ -54.81107, -22.277213 ] ] ] } },
{ "type": "Feature", "properties": { "id": 54308, "insc_imob": "00.11.36.26.010", "quadra_cartorio": null, "lote_cartorio": "10", "matricula": "131447", "circunscricao": "1º CIRCUNSCRIÇÃO", "zoneamento": "AUM - ÁREA DE USO MISTO", "condominio": null, "area_geom": 200.0, "cnm": "062661.2.0131447-43" }, "geometry": { "type": "Polygon", "coordinates": [ [ [ -54.806058, -22.2774 ], [ -54.806151, -22.277374 ], [ -54.806206, -22.277547 ], [ -54.806114, -22.277573 ], [ -54.806058, -22.2774 ] ] ] } },
{ "type": "Feature", "properties": { "id": 54303, "insc_imob": "00.11.36.57.200", "quadra_cartorio": null, "lote_cartorio": "05", "matricula": "131107", "circunscricao": "1º CIRCUNSCRIÇÃO", "zoneamento": "AUM - ÁREA DE USO MISTO", "condominio": null, "area_geom": 200.0, "cnm": "062661.2.0131107-93" }, "geometry": { "type": "Polygon", "coordinates": [ [ [ -54.806054, -22.274883 ], [ -54.806147, -22.274857 ], [ -54.806175, -22.274944 ], [ -54.806203, -22.27503 ], [ -54.80611, -22.275056 ], [ -54.806082, -22.27497 ], [ -54.806054, -22.274883 ] ] ] } },
{ "type": "Feature", "properties": { "id": 54302, "insc_imob": "00.11.36.47.060", "quadra_cartorio": null, "lote_cartorio": "21", "matricula": "131183", "circunscricao": "1º CIRCUNSCRIÇÃO", "zoneamento": "AUM - ÁREA DE USO MISTO", "condominio": null, "area_geom": 200.0, "cnm": "062661.2.0131183-59" }, "geometry": { "type": "Polygon", "coordinates": [ [ [ -54.806649, -22.275782 ], [ -54.806621, -22.275696 ], [ -54.806714, -22.27567 ], [ -54.806742, -22.275756 ], [ -54.80677, -22.275843 ], [ -54.806677, -22.275869 ], [ -54.806649, -22.275782 ] ] ] } },
{ "type": "Feature", "properties": { "id": 124619, "insc_imob": "00.11.32.21.300", "quadra_cartorio": null, "lote_cartorio": "G2", "matricula": "167726", "circunscricao": null, "zoneamento": "AUM - ÁREA DE USO MISTO", "condominio": null, "area_geom": 17839.86, "cnm": "062661.2.0167726-40" }, "geometry": { "type": "Polygon", "coordinates": [ [ [ -54.778918, -22.275848 ], [ -54.778783, -22.276784 ], [ -54.777014, -22.276711 ], [ -54.776941, -22.276461 ], [ -54.777051, -22.2764 ], [ -54.77713, -22.276355 ], [ -54.777179, -22.276324 ], [ -54.77723, -22.27629 ], [ -54.777286, -22.276247 ], [ -54.777331, -22.276207 ], [ -54.777376, -22.276163 ], [ -54.777418, -22.276117 ], [ -54.777456, -22.276071 ], [ -54.777491, -22.276026 ], [ -54.777523, -22.27598 ], [ -54.777554, -22.275932 ], [ -54.777603, -22.275848 ], [ -54.777648, -22.275763 ], [ -54.777682, -22.275693 ], [ -54.778918, -22.275848 ] ] ] } },
{ "type": "Feature", "properties": { "id": 92279, "insc_imob": "00.11.32.02.011", "quadra_cartorio": null, "lote_cartorio": "S1", "matricula": "165200", "circunscricao": null, "zoneamento": "AUM - ÁREA DE USO MISTO", "condominio": null, "area_geom": 139596.36, "cnm": "062661.2.0165200-52" }, "geometry": { "type": "Polygon", "coordinates": [ [ [ -54.776515, -22.277052 ], [ -54.773562, -22.276926 ], [ -54.774748, -22.273572 ], [ -54.778202, -22.272668 ], [ -54.777869, -22.273418 ], [ -54.777802, -22.274271 ], [ -54.777411, -22.275438 ], [ -54.776959, -22.275996 ], [ -54.77655, -22.276692 ], [ -54.776515, -22.277052 ] ] ] } },
{ "type": "Feature", "properties": { "id": 92278, "insc_imob": "00.11.32.02.200", "quadra_cartorio": null, "lote_cartorio": "AREA E", "matricula": "165199", "circunscricao": null, "zoneamento": "ZEIA - ZONA ESPECIAL DE INTERESSE AMBIENTAL", "condominio": null, "area_geom": 71414.39, "cnm": "062661.2.0165199-55" }, "geometry": { "type": "Polygon", "coordinates": [ [ [ -54.779624, -22.272326 ], [ -54.779421, -22.272374 ], [ -54.778202, -22.272668 ], [ -54.774748, -22.273572 ], [ -54.773567, -22.276917 ], [ -54.77185, -22.276869 ], [ -54.773246, -22.273704 ], [ -54.779647, -22.272161 ], [ -54.779624, -22.272326 ] ] ] } },
{ "type": "Feature", "properties": { "id": 124618, "insc_imob": "00.11.32.21.212", "quadra_cartorio": null, "lote_cartorio": "G1", "matricula": "167725", "circunscricao": null, "zoneamento": "AUM - ÁREA DE USO MISTO", "condominio": null, "area_geom": 19788.13, "cnm": "062661.2.0167725-43" }, "geometry": { "type": "Polygon", "coordinates": [ [ [ -54.777682, -22.275693 ], [ -54.777694, -22.275667 ], [ -54.777722, -22.275607 ], [ -54.777757, -22.27553 ], [ -54.77779, -22.27545 ], [ -54.77782, -22.275371 ], [ -54.77785, -22.275289 ], [ -54.777875, -22.275213 ], [ -54.77792, -22.275075 ], [ -54.777941, -22.275018 ], [ -54.777972, -22.274943 ], [ -54.777989, -22.274906 ], [ -54.778024, -22.274832 ], [ -54.778063, -22.274743 ], [ -54.778084, -22.274684 ], [ -54.778102, -22.274623 ], [ -54.778115, -22.274571 ], [ -54.778127, -22.274491 ], [ -54.778132, -22.27443 ], [ -54.778134, -22.274378 ], [ -54.778134, -22.274299 ], [ -54.778136, -22.274238 ], [ -54.778137, -22.274224 ], [ -54.778138, -22.274214 ], [ -54.778139, -22.274207 ], [ -54.778143, -22.274194 ], [ -54.77817, -22.274113 ], [ -54.778188, -22.274046 ], [ -54.778196, -22.273995 ], [ -54.778202, -22.273943 ], [ -54.778202, -22.273885 ], [ -54.778196, -22.273823 ], [ -54.778184, -22.27376 ], [ -54.778162, -22.273692 ], [ -54.778133, -22.273629 ], [ -54.778098, -22.27357 ], [ -54.778055, -22.273514 ], [ -54.778016, -22.273473 ], [ -54.77803, -22.273448 ], [ -54.778056, -22.273396 ], [ -54.77808, -22.273341 ], [ -54.778102, -22.273283 ], [ -54.778118, -22.273228 ], [ -54.778136, -22.273152 ], [ -54.778147, -22.273081 ], [ -54.778274, -22.272828 ], [ -54.778462, -22.272782 ], [ -54.778374, -22.274003 ], [ -54.778653, -22.274014 ], [ -54.778682, -22.274097 ], [ -54.778664, -22.274224 ], [ -54.778644, -22.274361 ], [ -54.778552, -22.274998 ], [ -54.779033, -22.275059 ], [ -54.778918, -22.275848 ], [ -54.777682, -22.275693 ] ] ] } },
{ "type": "Feature", "properties": { "id": 127472, "insc_imob": "00.11.32.21.111", "quadra_cartorio": "P/FAZ. COQUEIRO", "lote_cartorio": "AB", "matricula": "168731-1RI", "circunscricao": "1º CIRCUNSCRIÇÃO", "zoneamento": null, "condominio": null, "area_geom": 2057.74, "cnm": "062661.2.0168731-32" }, "geometry": { "type": "Polygon", "coordinates": [ [ [ -54.779181, -22.274036 ], [ -54.779125, -22.274421 ], [ -54.778644, -22.274361 ], [ -54.778644, -22.274361 ], [ -54.778664, -22.274224 ], [ -54.778682, -22.274097 ], [ -54.778653, -22.274014 ], [ -54.779181, -22.274036 ] ] ] } },
{ "type": "Feature", "properties": { "id": 40400, "insc_imob": "00.11.36.45.020", "quadra_cartorio": "09", "lote_cartorio": "05", "matricula": "130741", "circunscricao": "1º CIRCUNSCRIÇÃO", "zoneamento": "AUM - ÁREA DE USO MISTO", "condominio": null, "area_geom": 199.91, "cnm": "062661.2.0130741-27" }, "geometry": { "type": "Polygon", "coordinates": [ [ [ -54.808887, -22.275061 ], [ -54.809073, -22.275009 ], [ -54.809101, -22.275095 ], [ -54.808915, -22.275147 ], [ -54.808887, -22.275061 ] ] ] } },
{ "type": "Feature", "properties": { "id": 79628, "insc_imob": "00.11.23.01.010", "quadra_cartorio": null, "lote_cartorio": "QUINHÃO 04/FAZ COQUEIRO", "matricula": "148992", "circunscricao": "1º CIRCUNSCRIÇÃO", "zoneamento": null, "condominio": null, "area_geom": 491145.37, "cnm": "062661.2.0148992-79" }, "geometry": { "type": "Polygon", "coordinates": [ [ [ -54.789191, -22.285172 ], [ -54.788271, -22.289254 ], [ -54.777454, -22.286426 ], [ -54.778235, -22.282992 ], [ -54.789191, -22.285172 ] ] ] } },
{ "type": "Feature", "properties": { "id": 82196, "insc_imob": "00.11.13.12.001", "quadra_cartorio": "00", "lote_cartorio": "FAZ. CABECEIRA ALTA - ÁREA 02", "matricula": "153737", "circunscricao": "1º CIRCUNSCRIÇÃO", "zoneamento": null, "condominio": null, "area_geom": 529992.72, "cnm": "062661.2.0153737-06" }, "geometry": { "type": "Polygon", "coordinates": [ [ [ -54.785853, -22.300415 ], [ -54.779675, -22.29854 ], [ -54.782078, -22.291676 ], [ -54.787332, -22.293399 ], [ -54.788207, -22.29369 ], [ -54.785853, -22.300415 ] ] ] } },
{ "type": "Feature", "properties": { "id": 83135, "insc_imob": "00.11.13.04.040", "quadra_cartorio": null, "lote_cartorio": "04", "matricula": "155368", "circunscricao": "1º CIRCUNSCRIÇÃO", "zoneamento": null, "condominio": null, "area_geom": 2038.99, "cnm": "062661.2.0155368-60" }, "geometry": { "type": "Polygon", "coordinates": [ [ [ -54.776027, -22.297008 ], [ -54.776129, -22.296716 ], [ -54.776683, -22.296883 ], [ -54.776581, -22.297175 ], [ -54.776027, -22.297008 ] ] ] } },
{ "type": "Feature", "properties": { "id": 83157, "insc_imob": "00.11.13.04.020", "quadra_cartorio": null, "lote_cartorio": "02", "matricula": "155366", "circunscricao": "1º CIRCUNSCRIÇÃO", "zoneamento": null, "condominio": null, "area_geom": 2038.99, "cnm": "062661.2.0155366-66" }, "geometry": { "type": "Polygon", "coordinates": [ [ [ -54.77623, -22.296424 ], [ -54.776332, -22.296132 ], [ -54.776886, -22.296299 ], [ -54.776784, -22.296591 ], [ -54.77623, -22.296424 ] ] ] } },
{ "type": "Feature", "properties": { "id": 83165, "insc_imob": "00.11.13.04.010", "quadra_cartorio": null, "lote_cartorio": "01", "matricula": "155365", "circunscricao": "1º CIRCUNSCRIÇÃO", "zoneamento": null, "condominio": null, "area_geom": 2038.99, "cnm": "062661.2.0155365-69" }, "geometry": { "type": "Polygon", "coordinates": [ [ [ -54.776332, -22.296132 ], [ -54.776433, -22.29584 ], [ -54.776987, -22.296007 ], [ -54.776886, -22.296299 ], [ -54.776332, -22.296132 ] ] ] } },
{ "type": "Feature", "properties": { "id": 85008, "insc_imob": "00.11.36.13.190", "quadra_cartorio": "37", "lote_cartorio": "04", "matricula": "131346", "circunscricao": "1º CIRCUNSCRIÇÃO", "zoneamento": "AUM - ÁREA DE USO MISTO", "condominio": null, "area_geom": 199.91, "cnm": "062661.2.0131346-55" }, "geometry": { "type": "Polygon", "coordinates": [ [ [ -54.8072, -22.278739 ], [ -54.807293, -22.278713 ], [ -54.807321, -22.2788 ], [ -54.807349, -22.278886 ], [ -54.807256, -22.278912 ], [ -54.807228, -22.278826 ], [ -54.8072, -22.278739 ] ] ] } },
{ "type": "Feature", "properties": { "id": 94701, "insc_imob": "00.11.32.21.150", "quadra_cartorio": null, "lote_cartorio": "05", "matricula": "161656", "circunscricao": null, "zoneamento": "AUM - ÁREA DE USO MISTO", "condominio": null, "area_geom": 649.52, "cnm": "062661.2.0161656-14" }, "geometry": { "type": "Polygon", "coordinates": [ [ [ -54.778594, -22.27471 ], [ -54.778611, -22.274593 ], [ -54.779091, -22.274653 ], [ -54.779074, -22.27477 ], [ -54.778594, -22.27471 ] ] ] } },
{ "type": "Feature", "properties": { "id": 98524, "insc_imob": "00.11.36.38.130", "quadra_cartorio": "57", "lote_cartorio": "28", "matricula": "131852", "circunscricao": "1º CIRCUNSCRIÇÃO", "zoneamento": "ZEIA - ZONA ESPECIAL DE INTERESSE AMBIENTAL", "condominio": null, "area_geom": 199.91, "cnm": "062661.2.0131852-89" }, "geometry": { "type": "Polygon", "coordinates": [ [ [ -54.802713, -22.277771 ], [ -54.802741, -22.277858 ], [ -54.802555, -22.27791 ], [ -54.802527, -22.277823 ], [ -54.802713, -22.277771 ] ] ] } },
{ "type": "Feature", "properties": { "id": 106846, "insc_imob": "00.11.36.35.090", "quadra_cartorio": "33", "lote_cartorio": "24", "matricula": "131246", "circunscricao": "1º CIRCUNSCRIÇÃO", "zoneamento": "AUM - ÁREA DE USO MISTO", "condominio": null, "area_geom": 199.91, "cnm": "062661.2.0131246-64" }, "geometry": { "type": "Polygon", "coordinates": [ [ [ -54.806633, -22.276673 ], [ -54.806726, -22.276647 ], [ -54.806754, -22.276733 ], [ -54.806782, -22.27682 ], [ -54.806689, -22.276846 ], [ -54.806661, -22.276759 ], [ -54.806633, -22.276673 ] ] ] } },
{ "type": "Feature", "properties": { "id": 127918, "insc_imob": "00.11.31.60.111", "quadra_cartorio": "10", "lote_cartorio": "RETALHO B", "matricula": "157523", "circunscricao": "1° CIRCUNSCRIÇÃO", "zoneamento": null, "condominio": null, "area_geom": 1168.03, "cnm": "062661.2.0157523-94" }, "geometry": { "type": "Polygon", "coordinates": [ [ [ -54.765003, -22.276494 ], [ -54.765067, -22.276233 ], [ -54.765363, -22.276271 ], [ -54.765337, -22.27645 ], [ -54.766107, -22.276546 ], [ -54.765003, -22.276494 ] ] ] } },
{ "type": "Feature", "properties": { "id": 127919, "insc_imob": "00.11.31.60.031", "quadra_cartorio": "10", "lote_cartorio": "03B", "matricula": "157515", "circunscricao": "1° CIRCUNSCRIÇÃO", "zoneamento": null, "condominio": null, "area_geom": 200.0, "cnm": "062661.2.0157515-21" }, "geometry": { "type": "Polygon", "coordinates": [ [ [ -54.766133, -22.276367 ], [ -54.766107, -22.276546 ], [ -54.76601, -22.276534 ], [ -54.766036, -22.276355 ], [ -54.766133, -22.276367 ] ] ] } },
{ "type": "Feature", "properties": { "id": 127920, "insc_imob": "00.11.31.60.041", "quadra_cartorio": "10", "lote_cartorio": "04B", "matricula": "157516", "circunscricao": "1° CIRCUNSCRIÇÃO", "zoneamento": null, "condominio": null, "area_geom": 200.0, "cnm": "062661.2.0157516-18" }, "geometry": { "type": "Polygon", "coordinates": [ [ [ -54.766036, -22.276355 ], [ -54.76601, -22.276534 ], [ -54.765914, -22.276522 ], [ -54.76594, -22.276343 ], [ -54.766036, -22.276355 ] ] ] } },
{ "type": "Feature", "properties": { "id": 127921, "insc_imob": "00.11.31.60.051", "quadra_cartorio": "10", "lote_cartorio": "05B", "matricula": "157517", "circunscricao": "1° CIRCUNSCRIÇÃO", "zoneamento": null, "condominio": null, "area_geom": 200.0, "cnm": "062661.2.0157517-15" }, "geometry": { "type": "Polygon", "coordinates": [ [ [ -54.76594, -22.276343 ], [ -54.765914, -22.276522 ], [ -54.765818, -22.27651 ], [ -54.765844, -22.276331 ], [ -54.76594, -22.276343 ] ] ] } },
{ "type": "Feature", "properties": { "id": 127922, "insc_imob": "00.11.31.60.061", "quadra_cartorio": "10", "lote_cartorio": "06B", "matricula": "157518", "circunscricao": "1° CIRCUNSCRIÇÃO", "zoneamento": null, "condominio": null, "area_geom": 200.0, "cnm": "062661.2.0157518-12" }, "geometry": { "type": "Polygon", "coordinates": [ [ [ -54.765844, -22.276331 ], [ -54.765818, -22.27651 ], [ -54.765722, -22.276498 ], [ -54.765748, -22.276319 ], [ -54.765844, -22.276331 ] ] ] } },
{ "type": "Feature", "properties": { "id": 127923, "insc_imob": "00.11.31.60.071", "quadra_cartorio": "10", "lote_cartorio": "07B", "matricula": "157519", "circunscricao": "1° CIRCUNSCRIÇÃO", "zoneamento": null, "condominio": null, "area_geom": 200.0, "cnm": "062661.2.0157519-09" }, "geometry": { "type": "Polygon", "coordinates": [ [ [ -54.765748, -22.276319 ], [ -54.765722, -22.276498 ], [ -54.765626, -22.276486 ], [ -54.765652, -22.276307 ], [ -54.765748, -22.276319 ] ] ] } },
{ "type": "Feature", "properties": { "id": 127924, "insc_imob": "00.11.31.60.081", "quadra_cartorio": "10", "lote_cartorio": "08B", "matricula": "157520", "circunscricao": "1° CIRCUNSCRIÇÃO", "zoneamento": null, "condominio": null, "area_geom": 200.0, "cnm": "062661.2.0157520-06" }, "geometry": { "type": "Polygon", "coordinates": [ [ [ -54.765652, -22.276307 ], [ -54.765626, -22.276486 ], [ -54.76553, -22.276474 ], [ -54.765556, -22.276295 ], [ -54.765652, -22.276307 ] ] ] } },
{ "type": "Feature", "properties": { "id": 127925, "insc_imob": "00.11.31.60.091", "quadra_cartorio": "10", "lote_cartorio": "09B", "matricula": "157521", "circunscricao": "1° CIRCUNSCRIÇÃO", "zoneamento": null, "condominio": null, "area_geom": 200.0, "cnm": "062661.2.0157521-03" }, "geometry": { "type": "Polygon", "coordinates": [ [ [ -54.765556, -22.276295 ], [ -54.76553, -22.276474 ], [ -54.765434, -22.276462 ], [ -54.76546, -22.276283 ], [ -54.765556, -22.276295 ] ] ] } },
{ "type": "Feature", "properties": { "id": 127926, "insc_imob": "00.11.31.60.101", "quadra_cartorio": "10", "lote_cartorio": "10B", "matricula": "157522", "circunscricao": "1° CIRCUNSCRIÇÃO", "zoneamento": null, "condominio": null, "area_geom": 200.08, "cnm": "062661.2.0157522-97" }, "geometry": { "type": "Polygon", "coordinates": [ [ [ -54.76546, -22.276283 ], [ -54.765434, -22.276462 ], [ -54.765337, -22.27645 ], [ -54.765363, -22.276271 ], [ -54.76546, -22.276283 ] ] ] } },
{ "type": "Feature", "properties": { "id": 129531, "insc_imob": "00.11.33.13.100", "quadra_cartorio": "13", "lote_cartorio": "P/QUINHÃO 10", "matricula": "168741-1RI", "circunscricao": "1º CIRCUNSCRIÇÃO", "zoneamento": null, "condominio": null, "area_geom": 3983.27, "cnm": "062661.2.0168741-02" }, "geometry": { "type": "Polygon", "coordinates": [ [ [ -54.779525, -22.276325 ], [ -54.77963, -22.275609 ], [ -54.780107, -22.27567 ], [ -54.780082, -22.275849 ], [ -54.780006, -22.276386 ], [ -54.779525, -22.276325 ] ] ] } },
{ "type": "Feature", "properties": { "id": 5130, "insc_imob": "00.11.36.15.200", "quadra_cartorio": null, "lote_cartorio": "05", "matricula": "131722", "circunscricao": "1º CIRCUNSCRIÇÃO", "zoneamento": "AUM - ÁREA DE USO MISTO", "condominio": null, "area_geom": 200.0, "cnm": "062661.2.0131722-91" }, "geometry": { "type": "Polygon", "coordinates": [ [ [ -54.805156, -22.279312 ], [ -54.805249, -22.279286 ], [ -54.805277, -22.279372 ], [ -54.805305, -22.279459 ], [ -54.805212, -22.279485 ], [ -54.805184, -22.279398 ], [ -54.805156, -22.279312 ] ] ] } },
{ "type": "Feature", "properties": { "id": 5157, "insc_imob": "00.11.36.15.090", "quadra_cartorio": null, "lote_cartorio": "24", "matricula": "131741", "circunscricao": "1º CIRCUNSCRIÇÃO", "zoneamento": "AUM - ÁREA DE USO MISTO", "condominio": null, "area_geom": 200.0, "cnm": "062661.2.0131741-34" }, "geometry": { "type": "Polygon", "coordinates": [ [ [ -54.805101, -22.279139 ], [ -54.805193, -22.279113 ], [ -54.805221, -22.279199 ], [ -54.805249, -22.279286 ], [ -54.805156, -22.279312 ], [ -54.805129, -22.279225 ], [ -54.805101, -22.279139 ] ] ] } },
{ "type": "Feature", "properties": { "id": 5158, "insc_imob": "00.11.36.15.210", "quadra_cartorio": null, "lote_cartorio": "06", "matricula": "131723", "circunscricao": "1º CIRCUNSCRIÇÃO", "zoneamento": "AUM - ÁREA DE USO MISTO", "condominio": null, "area_geom": 200.0, "cnm": "062661.2.0131723-88" }, "geometry": { "type": "Polygon", "coordinates": [ [ [ -54.805249, -22.279286 ], [ -54.805342, -22.27926 ], [ -54.80537, -22.279346 ], [ -54.805398, -22.279433 ], [ -54.805305, -22.279459 ], [ -54.805277, -22.279372 ], [ -54.805249, -22.279286 ] ] ] } },
{ "type": "Feature", "properties": { "id": 5159, "insc_imob": "00.11.36.15.080", "quadra_cartorio": null, "lote_cartorio": "23", "matricula": "131740", "circunscricao": "1º CIRCUNSCRIÇÃO", "zoneamento": "AUM - ÁREA DE USO MISTO", "condominio": null, "area_geom": 200.0, "cnm": "062661.2.0131740-37" }, "geometry": { "type": "Polygon", "coordinates": [ [ [ -54.805193, -22.279113 ], [ -54.805286, -22.279087 ], [ -54.805314, -22.279173 ], [ -54.805342, -22.27926 ], [ -54.805249, -22.279286 ], [ -54.805221, -22.279199 ], [ -54.805193, -22.279113 ] ] ] } },
{ "type": "Feature", "properties": { "id": 6461, "insc_imob": "00.11.36.38.260", "quadra_cartorio": null, "lote_cartorio": "11", "matricula": "131835", "circunscricao": "1º CIRCUNSCRIÇÃO", "zoneamento": "AUM - ÁREA DE USO MISTO", "condominio": null, "area_geom": 200.0, "cnm": "062661.2.0131835-43" }, "geometry": { "type": "Polygon", "coordinates": [ [ [ -54.803605, -22.27771 ], [ -54.803698, -22.277684 ], [ -54.803754, -22.277857 ], [ -54.803661, -22.277883 ], [ -54.803605, -22.27771 ] ] ] } },
{ "type": "Feature", "properties": { "id": 5183, "insc_imob": "00.11.36.15.230", "quadra_cartorio": null, "lote_cartorio": "08", "matricula": "131725", "circunscricao": "1º CIRCUNSCRIÇÃO", "zoneamento": "AUM - ÁREA DE USO MISTO", "condominio": null, "area_geom": 200.0, "cnm": "062661.2.0131725-82" }, "geometry": { "type": "Polygon", "coordinates": [ [ [ -54.805435, -22.279234 ], [ -54.805528, -22.279208 ], [ -54.805556, -22.279294 ], [ -54.805584, -22.279381 ], [ -54.805491, -22.279407 ], [ -54.805463, -22.27932 ], [ -54.805435, -22.279234 ] ] ] } },
{ "type": "Feature", "properties": { "id": 5185, "insc_imob": "00.11.36.15.050", "quadra_cartorio": null, "lote_cartorio": "20", "matricula": "131737", "circunscricao": "1º CIRCUNSCRIÇÃO", "zoneamento": "AUM - ÁREA DE USO MISTO", "condominio": null, "area_geom": 200.0, "cnm": "062661.2.0131737-46" }, "geometry": { "type": "Polygon", "coordinates": [ [ [ -54.805472, -22.279035 ], [ -54.805565, -22.279009 ], [ -54.805593, -22.279095 ], [ -54.805621, -22.279182 ], [ -54.805528, -22.279208 ], [ -54.8055, -22.279121 ], [ -54.805472, -22.279035 ] ] ] } },
{ "type": "Feature", "properties": { "id": 5237, "insc_imob": "00.11.36.15.260", "quadra_cartorio": null, "lote_cartorio": "11", "matricula": "131728", "circunscricao": "1º CIRCUNSCRIÇÃO", "zoneamento": "AUM - ÁREA DE USO MISTO", "condominio": null, "area_geom": 200.0, "cnm": "062661.2.0131728-73" }, "geometry": { "type": "Polygon", "coordinates": [ [ [ -54.805742, -22.279242 ], [ -54.805714, -22.279156 ], [ -54.805807, -22.27913 ], [ -54.805835, -22.279216 ], [ -54.805863, -22.279303 ], [ -54.80577, -22.279329 ], [ -54.805742, -22.279242 ] ] ] } },
{ "type": "Feature", "properties": { "id": 5238, "insc_imob": "00.11.36.15.030", "quadra_cartorio": null, "lote_cartorio": "18", "matricula": "131735", "circunscricao": "1º CIRCUNSCRIÇÃO", "zoneamento": "AUM - ÁREA DE USO MISTO", "condominio": null, "area_geom": 200.0, "cnm": "062661.2.0131735-52" }, "geometry": { "type": "Polygon", "coordinates": [ [ [ -54.805686, -22.279069 ], [ -54.805658, -22.278983 ], [ -54.805751, -22.278957 ], [ -54.805779, -22.279043 ], [ -54.805807, -22.27913 ], [ -54.805714, -22.279156 ], [ -54.805686, -22.279069 ] ] ] } },
{ "type": "Feature", "properties": { "id": 6550, "insc_imob": "00.11.36.43.070", "quadra_cartorio": null, "lote_cartorio": "20", "matricula": "131819", "circunscricao": "1º CIRCUNSCRIÇÃO", "zoneamento": "AUM - ÁREA DE USO MISTO", "condominio": null, "area_geom": 200.0, "cnm": "062661.2.0131819-91" }, "geometry": { "type": "Polygon", "coordinates": [ [ [ -54.803032, -22.277192 ], [ -54.803125, -22.277166 ], [ -54.803181, -22.277339 ], [ -54.803088, -22.277365 ], [ -54.803032, -22.277192 ] ] ] } },
{ "type": "Feature", "properties": { "id": 5239, "insc_imob": "00.11.36.15.270", "quadra_cartorio": null, "lote_cartorio": "12", "matricula": "131729", "circunscricao": "1º CIRCUNSCRIÇÃO", "zoneamento": "AUM - ÁREA DE USO MISTO", "condominio": null, "area_geom": 200.0, "cnm": "062661.2.0131729-70" }, "geometry": { "type": "Polygon", "coordinates": [ [ [ -54.805807, -22.27913 ], [ -54.8059, -22.279104 ], [ -54.805928, -22.27919 ], [ -54.805956, -22.279277 ], [ -54.805863, -22.279303 ], [ -54.805835, -22.279216 ], [ -54.805807, -22.27913 ] ] ] } },
{ "type": "Feature", "properties": { "id": 5359, "insc_imob": "00.11.36.13.090", "quadra_cartorio": null, "lote_cartorio": "24", "matricula": "131366", "circunscricao": "1º CIRCUNSCRIÇÃO", "zoneamento": "AUM - ÁREA DE USO MISTO", "condominio": null, "area_geom": 200.0, "cnm": "062661.2.0131366-92" }, "geometry": { "type": "Polygon", "coordinates": [ [ [ -54.807265, -22.278627 ], [ -54.807237, -22.27854 ], [ -54.80733, -22.278514 ], [ -54.807358, -22.278601 ], [ -54.807386, -22.278687 ], [ -54.807293, -22.278713 ], [ -54.807265, -22.278627 ] ] ] } },
{ "type": "Feature", "properties": { "id": 5584, "insc_imob": "00.11.36.12.050", "quadra_cartorio": null, "lote_cartorio": "20", "matricula": "131042", "circunscricao": "1º CIRCUNSCRIÇÃO", "zoneamento": "AUM - ÁREA DE USO MISTO", "condominio": null, "area_geom": 200.0, "cnm": "062661.2.0131042-94" }, "geometry": { "type": "Polygon", "coordinates": [ [ [ -54.809141, -22.278101 ], [ -54.809113, -22.278015 ], [ -54.809206, -22.277989 ], [ -54.809234, -22.278075 ], [ -54.809262, -22.278162 ], [ -54.809169, -22.278188 ], [ -54.809141, -22.278101 ] ] ] } },
{ "type": "Feature", "properties": { "id": 5585, "insc_imob": "00.11.36.12.250", "quadra_cartorio": null, "lote_cartorio": "10", "matricula": "131032", "circunscricao": "1º CIRCUNSCRIÇÃO", "zoneamento": "AUM - ÁREA DE USO MISTO", "condominio": null, "area_geom": 200.0, "cnm": "062661.2.0131032-27" }, "geometry": { "type": "Polygon", "coordinates": [ [ [ -54.809262, -22.278162 ], [ -54.809355, -22.278135 ], [ -54.809383, -22.278222 ], [ -54.809411, -22.278308 ], [ -54.809318, -22.278334 ], [ -54.80929, -22.278248 ], [ -54.809262, -22.278162 ] ] ] } },
{ "type": "Feature", "properties": { "id": 5586, "insc_imob": "00.11.36.12.260", "quadra_cartorio": null, "lote_cartorio": "11", "matricula": "131033", "circunscricao": "1º CIRCUNSCRIÇÃO", "zoneamento": "AUM - ÁREA DE USO MISTO", "condominio": null, "area_geom": 200.0, "cnm": "062661.2.0131033-24" }, "geometry": { "type": "Polygon", "coordinates": [ [ [ -54.809355, -22.278135 ], [ -54.809448, -22.278109 ], [ -54.809476, -22.278196 ], [ -54.809504, -22.278282 ], [ -54.809411, -22.278308 ], [ -54.809383, -22.278222 ], [ -54.809355, -22.278135 ] ] ] } },
{ "type": "Feature", "properties": { "id": 7739, "insc_imob": "00.11.36.34.290", "quadra_cartorio": null, "lote_cartorio": "14", "matricula": "130916", "circunscricao": "1º CIRCUNSCRIÇÃO", "zoneamento": "AUM - ÁREA DE USO MISTO", "condominio": null, "area_geom": 200.0, "cnm": "062661.2.0130916-84" }, "geometry": { "type": "Polygon", "coordinates": [ [ [ -54.808937, -22.276216 ], [ -54.809123, -22.276164 ], [ -54.809151, -22.27625 ], [ -54.808965, -22.276302 ], [ -54.808937, -22.276216 ] ] ] } },
{ "type": "Feature", "properties": { "id": 60225, "insc_imob": "00.11.36.54.090", "quadra_cartorio": null, "lote_cartorio": "24", "matricula": "131531", "circunscricao": "1º CIRCUNSCRIÇÃO", "zoneamento": "AUM - ÁREA DE USO MISTO", "condominio": null, "area_geom": 200.0, "cnm": "062661.2.0131531-82" }, "geometry": { "type": "Polygon", "coordinates": [ [ [ -54.804007, -22.275759 ], [ -54.8041, -22.275733 ], [ -54.804128, -22.275819 ], [ -54.804156, -22.275906 ], [ -54.804063, -22.275932 ], [ -54.804035, -22.275845 ], [ -54.804007, -22.275759 ] ] ] } },
{ "type": "Feature", "properties": { "id": 72354, "insc_imob": "00.11.36.34.230", "quadra_cartorio": null, "lote_cartorio": "08", "matricula": "130910", "circunscricao": "1º CIRCUNSCRIÇÃO", "zoneamento": "AUM - ÁREA DE USO MISTO", "condominio": null, "area_geom": 200.0, "cnm": "062661.2.0130910-05" }, "geometry": { "type": "Polygon", "coordinates": [ [ [ -54.808472, -22.276346 ], [ -54.808565, -22.27632 ], [ -54.808593, -22.276407 ], [ -54.808621, -22.276493 ], [ -54.808528, -22.276519 ], [ -54.8085, -22.276433 ], [ -54.808472, -22.276346 ] ] ] } },
{ "type": "Feature", "properties": { "id": 76782, "insc_imob": "00.11.31.10.080", "quadra_cartorio": null, "lote_cartorio": "08", "matricula": "140876", "circunscricao": "1º CIRCUNSCRIÇÃO", "zoneamento": "AUM - ÁREA DE USO MISTO", "condominio": null, "area_geom": 235.41, "cnm": "062661.2.0140876-80" }, "geometry": { "type": "Polygon", "coordinates": [ [ [ -54.765774, -22.273824 ], [ -54.765891, -22.273832 ], [ -54.765865, -22.274011 ], [ -54.76575, -22.273996 ], [ -54.765774, -22.273824 ] ] ] } },
{ "type": "Feature", "properties": { "id": 76783, "insc_imob": "00.11.31.10.090", "quadra_cartorio": null, "lote_cartorio": "09", "matricula": "140877", "circunscricao": "1º CIRCUNSCRIÇÃO", "zoneamento": "AUM - ÁREA DE USO MISTO", "condominio": null, "area_geom": 244.9, "cnm": "062661.2.0140877-77" }, "geometry": { "type": "Polygon", "coordinates": [ [ [ -54.765657, -22.273816 ], [ -54.765774, -22.273824 ], [ -54.76575, -22.273996 ], [ -54.765616, -22.273979 ], [ -54.765657, -22.273816 ] ] ] } },
{ "type": "Feature", "properties": { "id": 76784, "insc_imob": "00.11.31.10.100", "quadra_cartorio": null, "lote_cartorio": "10", "matricula": "140878", "circunscricao": "1º CIRCUNSCRIÇÃO", "zoneamento": "AUM - ÁREA DE USO MISTO", "condominio": null, "area_geom": 259.86, "cnm": "062661.2.0140878-74" }, "geometry": { "type": "Polygon", "coordinates": [ [ [ -54.765616, -22.273979 ], [ -54.765732, -22.273994 ], [ -54.765706, -22.274173 ], [ -54.765573, -22.274156 ], [ -54.765616, -22.273979 ] ] ] } },
{ "type": "Feature", "properties": { "id": 76785, "insc_imob": "00.11.31.10.110", "quadra_cartorio": null, "lote_cartorio": "11", "matricula": "140879", "circunscricao": "1º CIRCUNSCRIÇÃO", "zoneamento": "AUM - ÁREA DE USO MISTO", "condominio": null, "area_geom": 200.0, "cnm": "062661.2.0140879-71" }, "geometry": { "type": "Polygon", "coordinates": [ [ [ -54.765732, -22.273994 ], [ -54.765828, -22.274006 ], [ -54.765803, -22.274185 ], [ -54.765706, -22.274173 ], [ -54.765732, -22.273994 ] ] ] } },
{ "type": "Feature", "properties": { "id": 76786, "insc_imob": "00.11.31.10.120", "quadra_cartorio": null, "lote_cartorio": "12", "matricula": "140880", "circunscricao": "1º CIRCUNSCRIÇÃO", "zoneamento": "AUM - ÁREA DE USO MISTO", "condominio": null, "area_geom": 200.0, "cnm": "062661.2.0140880-68" }, "geometry": { "type": "Polygon", "coordinates": [ [ [ -54.765828, -22.274006 ], [ -54.765925, -22.274018 ], [ -54.765899, -22.274197 ], [ -54.765803, -22.274185 ], [ -54.765828, -22.274006 ] ] ] } },
{ "type": "Feature", "properties": { "id": 76787, "insc_imob": "00.11.31.10.190", "quadra_cartorio": null, "lote_cartorio": "19", "matricula": "140887", "circunscricao": "1º CIRCUNSCRIÇÃO", "zoneamento": "AUM - ÁREA DE USO MISTO", "condominio": null, "area_geom": 200.0, "cnm": "062661.2.0140887-47" }, "geometry": { "type": "Polygon", "coordinates": [ [ [ -54.766488, -22.27418 ], [ -54.766681, -22.274204 ], [ -54.766668, -22.274293 ], [ -54.766475, -22.274269 ], [ -54.766488, -22.27418 ] ] ] } },
{ "type": "Feature", "properties": { "id": 76788, "insc_imob": "00.11.31.10.200", "quadra_cartorio": null, "lote_cartorio": "20", "matricula": "140888", "circunscricao": "1º CIRCUNSCRIÇÃO", "zoneamento": "AUM - ÁREA DE USO MISTO", "condominio": null, "area_geom": 200.0, "cnm": "062661.2.0140888-44" }, "geometry": { "type": "Polygon", "coordinates": [ [ [ -54.766501, -22.27409 ], [ -54.766694, -22.274115 ], [ -54.766681, -22.274204 ], [ -54.766488, -22.27418 ], [ -54.766501, -22.27409 ] ] ] } },
{ "type": "Feature", "properties": { "id": 76789, "insc_imob": "00.11.31.10.070", "quadra_cartorio": null, "lote_cartorio": "07", "matricula": "140875", "circunscricao": "1º CIRCUNSCRIÇÃO", "zoneamento": "AUM - ÁREA DE USO MISTO", "condominio": null, "area_geom": 200.0, "cnm": "062661.2.0140875-83" }, "geometry": { "type": "Polygon", "coordinates": [ [ [ -54.765891, -22.273832 ], [ -54.765987, -22.273844 ], [ -54.765961, -22.274023 ], [ -54.765865, -22.274011 ], [ -54.765891, -22.273832 ] ] ] } },
{ "type": "Feature", "properties": { "id": 76790, "insc_imob": "00.11.31.10.050", "quadra_cartorio": null, "lote_cartorio": "05", "matricula": "140873", "circunscricao": "1º CIRCUNSCRIÇÃO", "zoneamento": "AUM - ÁREA DE USO MISTO", "condominio": null, "area_geom": 200.0, "cnm": "062661.2.0140873-89" }, "geometry": { "type": "Polygon", "coordinates": [ [ [ -54.766083, -22.273856 ], [ -54.766179, -22.273868 ], [ -54.766153, -22.274047 ], [ -54.766057, -22.274035 ], [ -54.766083, -22.273856 ] ] ] } },
{ "type": "Feature", "properties": { "id": 76791, "insc_imob": "00.11.31.10.040", "quadra_cartorio": null, "lote_cartorio": "04", "matricula": "140872", "circunscricao": "1º CIRCUNSCRIÇÃO", "zoneamento": "AUM - ÁREA DE USO MISTO", "condominio": null, "area_geom": 200.0, "cnm": "062661.2.0140872-92" }, "geometry": { "type": "Polygon", "coordinates": [ [ [ -54.766179, -22.273868 ], [ -54.766275, -22.27388 ], [ -54.766249, -22.274059 ], [ -54.766243, -22.274058 ], [ -54.766153, -22.274047 ], [ -54.766179, -22.273868 ] ] ] } },
{ "type": "Feature", "properties": { "id": 76792, "insc_imob": "00.11.31.10.020", "quadra_cartorio": null, "lote_cartorio": "02", "matricula": "140870", "circunscricao": "1º CIRCUNSCRIÇÃO", "zoneamento": "AUM - ÁREA DE USO MISTO", "condominio": null, "area_geom": 200.0, "cnm": "062661.2.0140870-98" }, "geometry": { "type": "Polygon", "coordinates": [ [ [ -54.766371, -22.273892 ], [ -54.766468, -22.273904 ], [ -54.766442, -22.274083 ], [ -54.766346, -22.274071 ], [ -54.766371, -22.273892 ] ] ] } },
{ "type": "Feature", "properties": { "id": 76793, "insc_imob": "00.11.31.10.030", "quadra_cartorio": null, "lote_cartorio": "03", "matricula": "140871", "circunscricao": "1º CIRCUNSCRIÇÃO", "zoneamento": "AUM - ÁREA DE USO MISTO", "condominio": null, "area_geom": 200.0, "cnm": "062661.2.0140871-95" }, "geometry": { "type": "Polygon", "coordinates": [ [ [ -54.766275, -22.27388 ], [ -54.766371, -22.273892 ], [ -54.766346, -22.274071 ], [ -54.766249, -22.274059 ], [ -54.766275, -22.27388 ] ] ] } },
{ "type": "Feature", "properties": { "id": 76794, "insc_imob": "00.11.31.10.060", "quadra_cartorio": null, "lote_cartorio": "06", "matricula": "140874", "circunscricao": "1º CIRCUNSCRIÇÃO", "zoneamento": "AUM - ÁREA DE USO MISTO", "condominio": null, "area_geom": 200.0, "cnm": "062661.2.0140874-86" }, "geometry": { "type": "Polygon", "coordinates": [ [ [ -54.765987, -22.273844 ], [ -54.766083, -22.273856 ], [ -54.766057, -22.274035 ], [ -54.765961, -22.274023 ], [ -54.765987, -22.273844 ] ] ] } },
{ "type": "Feature", "properties": { "id": 76795, "insc_imob": "00.11.31.10.210", "quadra_cartorio": null, "lote_cartorio": "21", "matricula": "140889", "circunscricao": "1º CIRCUNSCRIÇÃO", "zoneamento": "AUM - ÁREA DE USO MISTO", "condominio": null, "area_geom": 262.1, "cnm": "062661.2.0140889-41" }, "geometry": { "type": "Polygon", "coordinates": [ [ [ -54.766455, -22.273993 ], [ -54.766707, -22.274025 ], [ -54.766694, -22.274115 ], [ -54.766442, -22.274083 ], [ -54.766455, -22.273993 ] ] ] } },
{ "type": "Feature", "properties": { "id": 76796, "insc_imob": "00.11.31.10.010", "quadra_cartorio": null, "lote_cartorio": "01", "matricula": "140869", "circunscricao": "1º CIRCUNSCRIÇÃO", "zoneamento": "AUM - ÁREA DE USO MISTO", "condominio": null, "area_geom": 262.1, "cnm": "062661.2.0140869-04" }, "geometry": { "type": "Polygon", "coordinates": [ [ [ -54.766468, -22.273904 ], [ -54.76672, -22.273936 ], [ -54.766707, -22.274025 ], [ -54.766455, -22.273993 ], [ -54.766468, -22.273904 ] ] ] } },
{ "type": "Feature", "properties": { "id": 76797, "insc_imob": "00.11.31.10.130", "quadra_cartorio": null, "lote_cartorio": "13", "matricula": "140881", "circunscricao": "1º CIRCUNSCRIÇÃO", "zoneamento": "AUM - ÁREA DE USO MISTO", "condominio": null, "area_geom": 200.0, "cnm": "062661.2.0140881-65" }, "geometry": { "type": "Polygon", "coordinates": [ [ [ -54.765925, -22.274018 ], [ -54.766021, -22.27403 ], [ -54.765995, -22.274209 ], [ -54.765899, -22.274197 ], [ -54.765925, -22.274018 ] ] ] } },
{ "type": "Feature", "properties": { "id": 76798, "insc_imob": "00.11.31.10.140", "quadra_cartorio": null, "lote_cartorio": "14", "matricula": "140882", "circunscricao": "1º CIRCUNSCRIÇÃO", "zoneamento": "AUM - ÁREA DE USO MISTO", "condominio": null, "area_geom": 200.0, "cnm": "062661.2.0140882-62" }, "geometry": { "type": "Polygon", "coordinates": [ [ [ -54.766021, -22.27403 ], [ -54.766117, -22.274042 ], [ -54.766091, -22.274221 ], [ -54.765995, -22.274209 ], [ -54.766021, -22.27403 ] ] ] } },
{ "type": "Feature", "properties": { "id": 76799, "insc_imob": "00.11.31.10.150", "quadra_cartorio": null, "lote_cartorio": "15", "matricula": "140883", "circunscricao": "1º CIRCUNSCRIÇÃO", "zoneamento": "AUM - ÁREA DE USO MISTO", "condominio": null, "area_geom": 200.0, "cnm": "062661.2.0140883-59" }, "geometry": { "type": "Polygon", "coordinates": [ [ [ -54.766117, -22.274042 ], [ -54.766213, -22.274054 ], [ -54.766187, -22.274233 ], [ -54.766091, -22.274221 ], [ -54.766117, -22.274042 ] ] ] } },
{ "type": "Feature", "properties": { "id": 76800, "insc_imob": "00.11.31.10.160", "quadra_cartorio": null, "lote_cartorio": "16", "matricula": "140884", "circunscricao": "1º CIRCUNSCRIÇÃO", "zoneamento": "AUM - ÁREA DE USO MISTO", "condominio": null, "area_geom": 200.0, "cnm": "062661.2.0140884-56" }, "geometry": { "type": "Polygon", "coordinates": [ [ [ -54.766213, -22.274054 ], [ -54.766249, -22.274059 ], [ -54.766309, -22.274066 ], [ -54.766283, -22.274245 ], [ -54.766187, -22.274233 ], [ -54.766213, -22.274054 ] ] ] } },
{ "type": "Feature", "properties": { "id": 76801, "insc_imob": "00.11.31.10.170", "quadra_cartorio": null, "lote_cartorio": "17", "matricula": "140885", "circunscricao": "1º CIRCUNSCRIÇÃO", "zoneamento": "AUM - ÁREA DE USO MISTO", "condominio": null, "area_geom": 200.0, "cnm": "062661.2.0140885-53" }, "geometry": { "type": "Polygon", "coordinates": [ [ [ -54.766309, -22.274066 ], [ -54.766405, -22.274078 ], [ -54.766379, -22.274257 ], [ -54.766283, -22.274245 ], [ -54.766309, -22.274066 ] ] ] } },
{ "type": "Feature", "properties": { "id": 76964, "insc_imob": "00.11.31.20.110", "quadra_cartorio": null, "lote_cartorio": "11", "matricula": "140918", "circunscricao": "1º CIRCUNSCRIÇÃO", "zoneamento": "AUM - ÁREA DE USO MISTO", "condominio": null, "area_geom": 246.51, "cnm": "062661.2.0140918-51" }, "geometry": { "type": "Polygon", "coordinates": [ [ [ -54.765518, -22.274377 ], [ -54.765751, -22.274406 ], [ -54.765738, -22.274496 ], [ -54.765496, -22.274465 ], [ -54.765518, -22.274377 ] ] ] } },
{ "type": "Feature", "properties": { "id": 76965, "insc_imob": "00.11.31.20.100", "quadra_cartorio": null, "lote_cartorio": "10", "matricula": "140917", "circunscricao": "1º CIRCUNSCRIÇÃO", "zoneamento": "AUM - ÁREA DE USO MISTO", "condominio": null, "area_geom": 237.29, "cnm": "062661.2.0140917-54" }, "geometry": { "type": "Polygon", "coordinates": [ [ [ -54.76554, -22.274289 ], [ -54.765764, -22.274317 ], [ -54.765751, -22.274406 ], [ -54.765518, -22.274377 ], [ -54.76554, -22.274289 ] ] ] } },
{ "type": "Feature", "properties": { "id": 76966, "insc_imob": "00.11.31.20.020", "quadra_cartorio": null, "lote_cartorio": "02", "matricula": "140909", "circunscricao": "1º CIRCUNSCRIÇÃO", "zoneamento": "AUM - ÁREA DE USO MISTO", "condominio": null, "area_geom": 219.99, "cnm": "062661.2.0140909-78" }, "geometry": { "type": "Polygon", "coordinates": [ [ [ -54.766424, -22.274491 ], [ -54.766635, -22.274517 ], [ -54.766622, -22.274607 ], [ -54.766411, -22.27458 ], [ -54.766424, -22.274491 ] ] ] } },
{ "type": "Feature", "properties": { "id": 76967, "insc_imob": "00.11.31.20.010", "quadra_cartorio": null, "lote_cartorio": "01", "matricula": "14908", "circunscricao": "1º CIRCUNSCRIÇÃO", "zoneamento": "AUM - ÁREA DE USO MISTO", "condominio": null, "area_geom": 219.99, "cnm": "062661.2.0014908-72" }, "geometry": { "type": "Polygon", "coordinates": [ [ [ -54.766437, -22.274401 ], [ -54.766648, -22.274428 ], [ -54.766635, -22.274517 ], [ -54.766424, -22.274491 ], [ -54.766437, -22.274401 ] ] ] } },
{ "type": "Feature", "properties": { "id": 76968, "insc_imob": "00.11.31.20.090", "quadra_cartorio": null, "lote_cartorio": "09", "matricula": "140916", "circunscricao": "1º CIRCUNSCRIÇÃO", "zoneamento": "AUM - ÁREA DE USO MISTO", "condominio": null, "area_geom": 199.99, "cnm": "062661.2.0140916-57" }, "geometry": { "type": "Polygon", "coordinates": [ [ [ -54.765764, -22.274317 ], [ -54.76586, -22.274329 ], [ -54.765834, -22.274508 ], [ -54.765738, -22.274496 ], [ -54.765764, -22.274317 ] ] ] } },
{ "type": "Feature", "properties": { "id": 76972, "insc_imob": "00.11.31.20.080", "quadra_cartorio": null, "lote_cartorio": "08", "matricula": "140915", "circunscricao": "1º CIRCUNSCRIÇÃO", "zoneamento": "AUM - ÁREA DE USO MISTO", "condominio": null, "area_geom": 199.99, "cnm": "062661.2.0140915-60" }, "geometry": { "type": "Polygon", "coordinates": [ [ [ -54.76586, -22.274329 ], [ -54.765956, -22.274341 ], [ -54.76593, -22.27452 ], [ -54.765834, -22.274508 ], [ -54.76586, -22.274329 ] ] ] } },
{ "type": "Feature", "properties": { "id": 76973, "insc_imob": "00.11.31.20.070", "quadra_cartorio": null, "lote_cartorio": "07", "matricula": "140914", "circunscricao": "1º CIRCUNSCRIÇÃO", "zoneamento": "AUM - ÁREA DE USO MISTO", "condominio": null, "area_geom": 199.99, "cnm": "062661.2.0140914-63" }, "geometry": { "type": "Polygon", "coordinates": [ [ [ -54.765956, -22.274341 ], [ -54.766052, -22.274353 ], [ -54.766026, -22.274532 ], [ -54.76593, -22.27452 ], [ -54.765956, -22.274341 ] ] ] } },
{ "type": "Feature", "properties": { "id": 76974, "insc_imob": "00.11.31.20.060", "quadra_cartorio": null, "lote_cartorio": "06", "matricula": "140913", "circunscricao": "1º CIRCUNSCRIÇÃO", "zoneamento": "AUM - ÁREA DE USO MISTO", "condominio": null, "area_geom": 199.99, "cnm": "062661.2.0140913-66" }, "geometry": { "type": "Polygon", "coordinates": [ [ [ -54.766052, -22.274353 ], [ -54.766148, -22.274365 ], [ -54.766145, -22.274387 ], [ -54.766122, -22.274544 ], [ -54.766026, -22.274532 ], [ -54.766052, -22.274353 ] ] ] } },
{ "type": "Feature", "properties": { "id": 76975, "insc_imob": "00.11.31.20.050", "quadra_cartorio": null, "lote_cartorio": "05", "matricula": "140912", "circunscricao": "1º CIRCUNSCRIÇÃO", "zoneamento": "AUM - ÁREA DE USO MISTO", "condominio": null, "area_geom": 199.99, "cnm": "062661.2.0140912-69" }, "geometry": { "type": "Polygon", "coordinates": [ [ [ -54.766148, -22.274365 ], [ -54.766244, -22.274377 ], [ -54.766218, -22.274556 ], [ -54.766122, -22.274544 ], [ -54.766148, -22.274365 ] ] ] } },
{ "type": "Feature", "properties": { "id": 76976, "insc_imob": "00.11.31.20.040", "quadra_cartorio": null, "lote_cartorio": "04", "matricula": "140911", "circunscricao": "1º CIRCUNSCRIÇÃO", "zoneamento": "AUM - ÁREA DE USO MISTO", "condominio": null, "area_geom": 199.99, "cnm": "062661.2.0140911-72" }, "geometry": { "type": "Polygon", "coordinates": [ [ [ -54.766244, -22.274377 ], [ -54.76634, -22.274389 ], [ -54.766314, -22.274568 ], [ -54.766218, -22.274556 ], [ -54.766244, -22.274377 ] ] ] } },
{ "type": "Feature", "properties": { "id": 76977, "insc_imob": "00.11.31.20.030", "quadra_cartorio": null, "lote_cartorio": "03", "matricula": "140910", "circunscricao": "1º CIRCUNSCRIÇÃO", "zoneamento": "AUM - ÁREA DE USO MISTO", "condominio": null, "area_geom": 199.99, "cnm": "062661.2.0140910-75" }, "geometry": { "type": "Polygon", "coordinates": [ [ [ -54.76634, -22.274389 ], [ -54.766437, -22.274401 ], [ -54.766411, -22.27458 ], [ -54.766314, -22.274568 ], [ -54.76634, -22.274389 ] ] ] } },
{ "type": "Feature", "properties": { "id": 76978, "insc_imob": "00.11.31.08.070", "quadra_cartorio": null, "lote_cartorio": "07", "matricula": "140896", "circunscricao": "1º CIRCUNSCRIÇÃO", "zoneamento": "AUM - ÁREA DE USO MISTO", "condominio": null, "area_geom": 199.99, "cnm": "062661.2.0140896-20" }, "geometry": { "type": "Polygon", "coordinates": [ [ [ -54.768125, -22.274704 ], [ -54.768318, -22.274728 ], [ -54.768305, -22.274818 ], [ -54.768112, -22.274794 ], [ -54.768125, -22.274704 ] ] ] } },
{ "type": "Feature", "properties": { "id": 76979, "insc_imob": "00.11.31.08.060", "quadra_cartorio": null, "lote_cartorio": "06", "matricula": "140895", "circunscricao": "1º CIRCUNSCRIÇÃO", "zoneamento": "AUM - ÁREA DE USO MISTO", "condominio": null, "area_geom": 200.0, "cnm": "062661.2.0140895-23" }, "geometry": { "type": "Polygon", "coordinates": [ [ [ -54.768138, -22.274615 ], [ -54.768331, -22.274639 ], [ -54.768318, -22.274728 ], [ -54.768125, -22.274704 ], [ -54.768138, -22.274615 ] ] ] } },
{ "type": "Feature", "properties": { "id": 76980, "insc_imob": "00.11.31.08.050", "quadra_cartorio": null, "lote_cartorio": "05", "matricula": "140894", "circunscricao": "1º CIRCUNSCRIÇÃO", "zoneamento": "AUM - ÁREA DE USO MISTO", "condominio": null, "area_geom": 200.0, "cnm": "062661.2.0140894-26" }, "geometry": { "type": "Polygon", "coordinates": [ [ [ -54.768151, -22.274525 ], [ -54.768344, -22.274549 ], [ -54.768331, -22.274639 ], [ -54.768138, -22.274615 ], [ -54.768151, -22.274525 ] ] ] } },
{ "type": "Feature", "properties": { "id": 76981, "insc_imob": "00.11.31.08.040", "quadra_cartorio": null, "lote_cartorio": "04", "matricula": "140893", "circunscricao": "1º CIRCUNSCRIÇÃO", "zoneamento": "AUM - ÁREA DE USO MISTO", "condominio": null, "area_geom": 200.0, "cnm": "062661.2.0140893-29" }, "geometry": { "type": "Polygon", "coordinates": [ [ [ -54.768164, -22.274436 ], [ -54.768237, -22.274445 ], [ -54.768357, -22.27446 ], [ -54.768344, -22.274549 ], [ -54.768151, -22.274525 ], [ -54.768164, -22.274436 ] ] ] } },
{ "type": "Feature", "properties": { "id": 76982, "insc_imob": "00.11.31.08.030", "quadra_cartorio": null, "lote_cartorio": "03", "matricula": "140892", "circunscricao": "1º CIRCUNSCRIÇÃO", "zoneamento": "AUM - ÁREA DE USO MISTO", "condominio": null, "area_geom": 220.0, "cnm": "062661.2.0140892-32" }, "geometry": { "type": "Polygon", "coordinates": [ [ [ -54.768179, -22.274337 ], [ -54.768371, -22.274361 ], [ -54.768357, -22.27446 ], [ -54.768164, -22.274436 ], [ -54.768179, -22.274337 ] ] ] } },
{ "type": "Feature", "properties": { "id": 76983, "insc_imob": "00.11.31.08.020", "quadra_cartorio": null, "lote_cartorio": "02", "matricula": "140891", "circunscricao": "1º CIRCUNSCRIÇÃO", "zoneamento": "AUM - ÁREA DE USO MISTO", "condominio": null, "area_geom": 240.0, "cnm": "062661.2.0140891-35" }, "geometry": { "type": "Polygon", "coordinates": [ [ [ -54.768194, -22.27423 ], [ -54.768386, -22.274254 ], [ -54.768371, -22.274361 ], [ -54.768179, -22.274337 ], [ -54.768194, -22.27423 ] ] ] } },
{ "type": "Feature", "properties": { "id": 76984, "insc_imob": "00.11.31.08.010", "quadra_cartorio": null, "lote_cartorio": "01", "matricula": "140890", "circunscricao": "1º CIRCUNSCRIÇÃO", "zoneamento": "AUM - ÁREA DE USO MISTO", "condominio": null, "area_geom": 240.0, "cnm": "062661.2.0140890-38" }, "geometry": { "type": "Polygon", "coordinates": [ [ [ -54.76821, -22.274123 ], [ -54.768402, -22.274147 ], [ -54.768386, -22.274254 ], [ -54.768194, -22.27423 ], [ -54.76821, -22.274123 ] ] ] } },
{ "type": "Feature", "properties": { "id": 76994, "insc_imob": "00.11.31.19.110", "quadra_cartorio": null, "lote_cartorio": "11", "matricula": "140907", "circunscricao": "1º CIRCUNSCRIÇÃO", "zoneamento": "AUM - ÁREA DE USO MISTO", "condominio": null, "area_geom": 200.0, "cnm": "062661.2.0140907-84" }, "geometry": { "type": "Polygon", "coordinates": [ [ [ -54.766875, -22.274547 ], [ -54.767068, -22.274571 ], [ -54.767055, -22.274661 ], [ -54.766862, -22.274637 ], [ -54.766875, -22.274547 ] ] ] } },
{ "type": "Feature", "properties": { "id": 76995, "insc_imob": "00.11.31.19.100", "quadra_cartorio": null, "lote_cartorio": "10", "matricula": "140906", "circunscricao": "1º CIRCUNSCRIÇÃO", "zoneamento": "AUM - ÁREA DE USO MISTO", "condominio": null, "area_geom": 200.01, "cnm": "062661.2.0140906-87" }, "geometry": { "type": "Polygon", "coordinates": [ [ [ -54.766888, -22.274458 ], [ -54.767081, -22.274482 ], [ -54.767068, -22.274571 ], [ -54.766875, -22.274547 ], [ -54.766888, -22.274458 ] ] ] } },
{ "type": "Feature", "properties": { "id": 76999, "insc_imob": "00.11.31.19.020", "quadra_cartorio": null, "lote_cartorio": "02", "matricula": "140898", "circunscricao": "1º CIRCUNSCRIÇÃO", "zoneamento": "AUM - ÁREA DE USO MISTO", "condominio": null, "area_geom": 199.99, "cnm": "062661.2.0140898-14" }, "geometry": { "type": "Polygon", "coordinates": [ [ [ -54.767741, -22.274656 ], [ -54.767933, -22.27468 ], [ -54.76792, -22.274769 ], [ -54.767728, -22.274745 ], [ -54.767741, -22.274656 ] ] ] } },
{ "type": "Feature", "properties": { "id": 77002, "insc_imob": "00.11.31.19.080", "quadra_cartorio": null, "lote_cartorio": "08", "matricula": "140904", "circunscricao": "1º CIRCUNSCRIÇÃO", "zoneamento": "AUM - ÁREA DE USO MISTO", "condominio": null, "area_geom": 199.99, "cnm": "062661.2.0140904-93" }, "geometry": { "type": "Polygon", "coordinates": [ [ [ -54.767177, -22.274494 ], [ -54.767273, -22.274506 ], [ -54.767247, -22.274685 ], [ -54.767151, -22.274673 ], [ -54.767177, -22.274494 ] ] ] } },
{ "type": "Feature", "properties": { "id": 77003, "insc_imob": "00.11.31.19.070", "quadra_cartorio": null, "lote_cartorio": "07", "matricula": "140903", "circunscricao": "1º CIRCUNSCRIÇÃO", "zoneamento": "AUM - ÁREA DE USO MISTO", "condominio": null, "area_geom": 199.99, "cnm": "062661.2.0140903-96" }, "geometry": { "type": "Polygon", "coordinates": [ [ [ -54.767273, -22.274506 ], [ -54.767369, -22.274518 ], [ -54.767343, -22.274697 ], [ -54.767247, -22.274685 ], [ -54.767273, -22.274506 ] ] ] } },
{ "type": "Feature", "properties": { "id": 77004, "insc_imob": "00.11.31.19.060", "quadra_cartorio": null, "lote_cartorio": "06", "matricula": "140902", "circunscricao": "1º CIRCUNSCRIÇÃO", "zoneamento": "AUM - ÁREA DE USO MISTO", "condominio": null, "area_geom": 199.99, "cnm": "062661.2.0140902-02" }, "geometry": { "type": "Polygon", "coordinates": [ [ [ -54.767369, -22.274518 ], [ -54.767465, -22.27453 ], [ -54.767462, -22.274553 ], [ -54.767439, -22.274709 ], [ -54.767343, -22.274697 ], [ -54.767369, -22.274518 ] ] ] } },
{ "type": "Feature", "properties": { "id": 77005, "insc_imob": "00.11.31.19.050", "quadra_cartorio": null, "lote_cartorio": "05", "matricula": "140901", "circunscricao": "1º CIRCUNSCRIÇÃO", "zoneamento": "AUM - ÁREA DE USO MISTO", "condominio": null, "area_geom": 199.99, "cnm": "062661.2.0140901-05" }, "geometry": { "type": "Polygon", "coordinates": [ [ [ -54.767465, -22.27453 ], [ -54.767561, -22.274542 ], [ -54.767535, -22.274721 ], [ -54.767439, -22.274709 ], [ -54.767465, -22.27453 ] ] ] } },
{ "type": "Feature", "properties": { "id": 77006, "insc_imob": "00.11.31.19.040", "quadra_cartorio": null, "lote_cartorio": "04", "matricula": "140900", "circunscricao": "1º CIRCUNSCRIÇÃO", "zoneamento": "AUM - ÁREA DE USO MISTO", "condominio": null, "area_geom": 199.99, "cnm": "062661.2.0140900-08" }, "geometry": { "type": "Polygon", "coordinates": [ [ [ -54.767561, -22.274542 ], [ -54.767657, -22.274554 ], [ -54.767631, -22.274733 ], [ -54.767535, -22.274721 ], [ -54.767561, -22.274542 ] ] ] } },
{ "type": "Feature", "properties": { "id": 77007, "insc_imob": "00.11.31.19.030", "quadra_cartorio": null, "lote_cartorio": "03", "matricula": "140899", "circunscricao": "1º CIRCUNSCRIÇÃO", "zoneamento": "AUM - ÁREA DE USO MISTO", "condominio": null, "area_geom": 199.99, "cnm": "062661.2.0140899-11" }, "geometry": { "type": "Polygon", "coordinates": [ [ [ -54.767657, -22.274554 ], [ -54.767754, -22.274566 ], [ -54.767728, -22.274745 ], [ -54.767631, -22.274733 ], [ -54.767657, -22.274554 ] ] ] } },
{ "type": "Feature", "properties": { "id": 77008, "insc_imob": "00.11.31.09.120", "quadra_cartorio": null, "lote_cartorio": "12", "matricula": "140858", "circunscricao": "1º CIRCUNSCRIÇÃO", "zoneamento": "AUM - ÁREA DE USO MISTO", "condominio": null, "area_geom": 200.01, "cnm": "062661.2.0140858-37" }, "geometry": { "type": "Polygon", "coordinates": [ [ [ -54.766921, -22.274234 ], [ -54.767113, -22.274258 ], [ -54.7671, -22.274348 ], [ -54.766908, -22.274324 ], [ -54.766921, -22.274234 ] ] ] } },
{ "type": "Feature", "properties": { "id": 77009, "insc_imob": "00.11.31.09.110", "quadra_cartorio": null, "lote_cartorio": "11", "matricula": "140857", "circunscricao": "1º CIRCUNSCRIÇÃO", "zoneamento": "AUM - ÁREA DE USO MISTO", "condominio": null, "area_geom": 200.01, "cnm": "062661.2.0140857-40" }, "geometry": { "type": "Polygon", "coordinates": [ [ [ -54.766934, -22.274145 ], [ -54.767126, -22.274169 ], [ -54.767113, -22.274258 ], [ -54.766921, -22.274234 ], [ -54.766934, -22.274145 ] ] ] } },
{ "type": "Feature", "properties": { "id": 77010, "insc_imob": "00.11.31.09.100", "quadra_cartorio": null, "lote_cartorio": "10", "matricula": "140856", "circunscricao": "1º CIRCUNSCRIÇÃO", "zoneamento": "AUM - ÁREA DE USO MISTO", "condominio": null, "area_geom": 200.01, "cnm": "062661.2.0140856-43" }, "geometry": { "type": "Polygon", "coordinates": [ [ [ -54.766947, -22.274055 ], [ -54.767139, -22.274079 ], [ -54.767126, -22.274169 ], [ -54.766934, -22.274145 ], [ -54.766947, -22.274055 ] ] ] } },
{ "type": "Feature", "properties": { "id": 77011, "insc_imob": "00.11.31.09.090", "quadra_cartorio": null, "lote_cartorio": "09", "matricula": "140855", "circunscricao": "1º CIRCUNSCRIÇÃO", "zoneamento": "AUM - ÁREA DE USO MISTO", "condominio": null, "area_geom": 200.01, "cnm": "062661.2.0140855-46" }, "geometry": { "type": "Polygon", "coordinates": [ [ [ -54.76696, -22.273966 ], [ -54.767152, -22.27399 ], [ -54.767139, -22.274079 ], [ -54.766947, -22.274055 ], [ -54.76696, -22.273966 ] ] ] } },
{ "type": "Feature", "properties": { "id": 77012, "insc_imob": "00.11.31.09.130", "quadra_cartorio": null, "lote_cartorio": "13", "matricula": "140859", "circunscricao": "1º CIRCUNSCRIÇÃO", "zoneamento": "AUM - ÁREA DE USO MISTO", "condominio": null, "area_geom": 200.0, "cnm": "062661.2.0140859-34" }, "geometry": { "type": "Polygon", "coordinates": [ [ [ -54.767126, -22.274169 ], [ -54.767222, -22.274181 ], [ -54.767196, -22.27436 ], [ -54.7671, -22.274348 ], [ -54.767126, -22.274169 ] ] ] } },
{ "type": "Feature", "properties": { "id": 77013, "insc_imob": "00.11.31.09.080", "quadra_cartorio": null, "lote_cartorio": "08", "matricula": "140854", "circunscricao": "1º CIRCUNSCRIÇÃO", "zoneamento": "AUM - ÁREA DE USO MISTO", "condominio": null, "area_geom": 200.0, "cnm": "062661.2.0140854-49" }, "geometry": { "type": "Polygon", "coordinates": [ [ [ -54.767152, -22.27399 ], [ -54.767248, -22.274002 ], [ -54.767222, -22.274181 ], [ -54.767126, -22.274169 ], [ -54.767152, -22.27399 ] ] ] } },
{ "type": "Feature", "properties": { "id": 77014, "insc_imob": "00.11.31.09.140", "quadra_cartorio": null, "lote_cartorio": "14", "matricula": "140860", "circunscricao": "1º CIRCUNSCRIÇÃO", "zoneamento": "AUM - ÁREA DE USO MISTO", "condominio": null, "area_geom": 200.0, "cnm": "062661.2.0140860-31" }, "geometry": { "type": "Polygon", "coordinates": [ [ [ -54.767222, -22.274181 ], [ -54.767319, -22.274193 ], [ -54.767293, -22.274372 ], [ -54.767196, -22.27436 ], [ -54.767222, -22.274181 ] ] ] } },
{ "type": "Feature", "properties": { "id": 77015, "insc_imob": "00.11.31.09.070", "quadra_cartorio": null, "lote_cartorio": "07", "matricula": "140853", "circunscricao": "1º CIRCUNSCRIÇÃO", "zoneamento": "AUM - ÁREA DE USO MISTO", "condominio": null, "area_geom": 200.0, "cnm": "062661.2.0140853-52" }, "geometry": { "type": "Polygon", "coordinates": [ [ [ -54.767248, -22.274002 ], [ -54.767344, -22.274014 ], [ -54.767319, -22.274193 ], [ -54.767222, -22.274181 ], [ -54.767248, -22.274002 ] ] ] } },
{ "type": "Feature", "properties": { "id": 77016, "insc_imob": "00.11.31.09.150", "quadra_cartorio": null, "lote_cartorio": "15", "matricula": "140861", "circunscricao": "1º CIRCUNSCRIÇÃO", "zoneamento": "AUM - ÁREA DE USO MISTO", "condominio": null, "area_geom": 200.0, "cnm": "062661.2.0140861-28" }, "geometry": { "type": "Polygon", "coordinates": [ [ [ -54.767319, -22.274193 ], [ -54.767415, -22.274205 ], [ -54.767389, -22.274384 ], [ -54.767293, -22.274372 ], [ -54.767319, -22.274193 ] ] ] } },
{ "type": "Feature", "properties": { "id": 77017, "insc_imob": "00.11.31.09.060", "quadra_cartorio": null, "lote_cartorio": "06", "matricula": "140852", "circunscricao": "1º CIRCUNSCRIÇÃO", "zoneamento": "AUM - ÁREA DE USO MISTO", "condominio": null, "area_geom": 200.0, "cnm": "062661.2.0140852-55" }, "geometry": { "type": "Polygon", "coordinates": [ [ [ -54.767344, -22.274014 ], [ -54.767441, -22.274026 ], [ -54.767415, -22.274205 ], [ -54.767319, -22.274193 ], [ -54.767344, -22.274014 ] ] ] } },
{ "type": "Feature", "properties": { "id": 77018, "insc_imob": "00.11.31.09.160", "quadra_cartorio": null, "lote_cartorio": "16", "matricula": "140862", "circunscricao": "1º CIRCUNSCRIÇÃO", "zoneamento": "AUM - ÁREA DE USO MISTO", "condominio": null, "area_geom": 200.0, "cnm": "062661.2.0140862-25" }, "geometry": { "type": "Polygon", "coordinates": [ [ [ -54.767415, -22.274205 ], [ -54.767511, -22.274217 ], [ -54.767485, -22.274396 ], [ -54.767389, -22.274384 ], [ -54.767415, -22.274205 ] ] ] } },
{ "type": "Feature", "properties": { "id": 77019, "insc_imob": "00.11.31.09.050", "quadra_cartorio": null, "lote_cartorio": "05", "matricula": "140851", "circunscricao": "1º CIRCUNSCRIÇÃO", "zoneamento": "AUM - ÁREA DE USO MISTO", "condominio": null, "area_geom": 200.0, "cnm": "062661.2.0140851-58" }, "geometry": { "type": "Polygon", "coordinates": [ [ [ -54.767441, -22.274026 ], [ -54.767537, -22.274038 ], [ -54.767511, -22.274217 ], [ -54.767415, -22.274205 ], [ -54.767441, -22.274026 ] ] ] } },
{ "type": "Feature", "properties": { "id": 77020, "insc_imob": "00.11.31.09.170", "quadra_cartorio": null, "lote_cartorio": "17", "matricula": "140863", "circunscricao": "1º CIRCUNSCRIÇÃO", "zoneamento": "AUM - ÁREA DE USO MISTO", "condominio": null, "area_geom": 200.0, "cnm": "062661.2.0140863-22" }, "geometry": { "type": "Polygon", "coordinates": [ [ [ -54.767511, -22.274217 ], [ -54.767607, -22.274229 ], [ -54.767581, -22.274408 ], [ -54.767485, -22.274396 ], [ -54.767511, -22.274217 ] ] ] } },
{ "type": "Feature", "properties": { "id": 77021, "insc_imob": "00.11.31.09.040", "quadra_cartorio": null, "lote_cartorio": "04", "matricula": "140850", "circunscricao": "1º CIRCUNSCRIÇÃO", "zoneamento": "AUM - ÁREA DE USO MISTO", "condominio": null, "area_geom": 200.0, "cnm": "062661.2.0140850-61" }, "geometry": { "type": "Polygon", "coordinates": [ [ [ -54.767537, -22.274038 ], [ -54.767633, -22.27405 ], [ -54.767607, -22.274229 ], [ -54.76754, -22.274221 ], [ -54.767511, -22.274217 ], [ -54.767537, -22.274038 ] ] ] } },
{ "type": "Feature", "properties": { "id": 77022, "insc_imob": "00.11.31.09.180", "quadra_cartorio": null, "lote_cartorio": "18", "matricula": "140864", "circunscricao": "1º CIRCUNSCRIÇÃO", "zoneamento": "AUM - ÁREA DE USO MISTO", "condominio": null, "area_geom": 200.0, "cnm": "062661.2.0140864-19" }, "geometry": { "type": "Polygon", "coordinates": [ [ [ -54.767607, -22.274229 ], [ -54.767703, -22.274241 ], [ -54.767677, -22.27442 ], [ -54.767581, -22.274408 ], [ -54.767607, -22.274229 ] ] ] } },
{ "type": "Feature", "properties": { "id": 77023, "insc_imob": "00.11.31.09.030", "quadra_cartorio": null, "lote_cartorio": "03", "matricula": "140849", "circunscricao": "1º CIRCUNSCRIÇÃO", "zoneamento": "AUM - ÁREA DE USO MISTO", "condominio": null, "area_geom": 200.0, "cnm": "062661.2.0140849-64" }, "geometry": { "type": "Polygon", "coordinates": [ [ [ -54.767633, -22.27405 ], [ -54.767729, -22.274062 ], [ -54.767703, -22.274241 ], [ -54.767607, -22.274229 ], [ -54.767633, -22.27405 ] ] ] } },
{ "type": "Feature", "properties": { "id": 77028, "insc_imob": "00.11.31.09.190", "quadra_cartorio": null, "lote_cartorio": "19", "matricula": "140865", "circunscricao": "1º CIRCUNSCRIÇÃO", "zoneamento": "AUM - ÁREA DE USO MISTO", "condominio": null, "area_geom": 200.0, "cnm": "062661.2.0140865-16" }, "geometry": { "type": "Polygon", "coordinates": [ [ [ -54.767703, -22.274241 ], [ -54.767799, -22.274253 ], [ -54.767773, -22.274432 ], [ -54.767677, -22.27442 ], [ -54.767703, -22.274241 ] ] ] } },
{ "type": "Feature", "properties": { "id": 77029, "insc_imob": "00.11.31.09.020", "quadra_cartorio": null, "lote_cartorio": "02", "matricula": "140848", "circunscricao": "1º CIRCUNSCRIÇÃO", "zoneamento": "AUM - ÁREA DE USO MISTO", "condominio": null, "area_geom": 200.0, "cnm": "062661.2.0140848-67" }, "geometry": { "type": "Polygon", "coordinates": [ [ [ -54.767729, -22.274062 ], [ -54.767825, -22.274074 ], [ -54.767799, -22.274253 ], [ -54.767703, -22.274241 ], [ -54.767729, -22.274062 ] ] ] } },
{ "type": "Feature", "properties": { "id": 77030, "insc_imob": "00.11.31.09.200", "quadra_cartorio": null, "lote_cartorio": "20", "matricula": "140866", "circunscricao": "1º CIRCUNSCRIÇÃO", "zoneamento": "AUM - ÁREA DE USO MISTO", "condominio": null, "area_geom": 200.0, "cnm": "062661.2.0140866-13" }, "geometry": { "type": "Polygon", "coordinates": [ [ [ -54.767786, -22.274343 ], [ -54.767978, -22.274367 ], [ -54.767966, -22.274456 ], [ -54.767773, -22.274432 ], [ -54.767786, -22.274343 ] ] ] } },
{ "type": "Feature", "properties": { "id": 77031, "insc_imob": "00.11.31.09.210", "quadra_cartorio": null, "lote_cartorio": "21", "matricula": "140867", "circunscricao": "1º CIRCUNSCRIÇÃO", "zoneamento": "AUM - ÁREA DE USO MISTO", "condominio": null, "area_geom": 200.0, "cnm": "062661.2.0140867-10" }, "geometry": { "type": "Polygon", "coordinates": [ [ [ -54.767799, -22.274253 ], [ -54.767991, -22.274277 ], [ -54.767978, -22.274367 ], [ -54.767786, -22.274343 ], [ -54.767799, -22.274253 ] ] ] } },
{ "type": "Feature", "properties": { "id": 77032, "insc_imob": "00.11.31.09.220", "quadra_cartorio": null, "lote_cartorio": "22", "matricula": "140868", "circunscricao": "1º CIRCUNSCRIÇÃO", "zoneamento": "AUM - ÁREA DE USO MISTO", "condominio": null, "area_geom": 200.0, "cnm": "062661.2.0140868-07" }, "geometry": { "type": "Polygon", "coordinates": [ [ [ -54.767812, -22.274164 ], [ -54.768004, -22.274188 ], [ -54.767991, -22.274277 ], [ -54.767799, -22.274253 ], [ -54.767812, -22.274164 ] ] ] } },
{ "type": "Feature", "properties": { "id": 77033, "insc_imob": "00.11.31.09.010", "quadra_cartorio": null, "lote_cartorio": "01", "matricula": "140847", "circunscricao": "1º CIRCUNSCRIÇÃO", "zoneamento": "AUM - ÁREA DE USO MISTO", "condominio": null, "area_geom": 200.0, "cnm": "062661.2.0140847-70" }, "geometry": { "type": "Polygon", "coordinates": [ [ [ -54.767825, -22.274074 ], [ -54.768017, -22.274098 ], [ -54.768004, -22.274188 ], [ -54.767812, -22.274164 ], [ -54.767825, -22.274074 ] ] ] } },
{ "type": "Feature", "properties": { "id": 78247, "insc_imob": "00.11.31.19.220", "quadra_cartorio": null, "lote_cartorio": "01", "matricula": "149395", "circunscricao": "1º CIRCUNSCRIÇÃO", "zoneamento": "AUM - ÁREA DE USO MISTO", "condominio": null, "area_geom": 200.0, "cnm": "062661.2.0149395-34" }, "geometry": { "type": "Polygon", "coordinates": [ [ [ -54.767907, -22.274859 ], [ -54.767715, -22.274835 ], [ -54.767728, -22.274745 ], [ -54.76792, -22.27477 ], [ -54.767907, -22.274859 ] ] ] } },
{ "type": "Feature", "properties": { "id": 78248, "insc_imob": "00.11.31.19.210", "quadra_cartorio": null, "lote_cartorio": "02", "matricula": "149396", "circunscricao": "1º CIRCUNSCRIÇÃO", "zoneamento": "AUM - ÁREA DE USO MISTO", "condominio": null, "area_geom": 200.0, "cnm": "062661.2.0149396-31" }, "geometry": { "type": "Polygon", "coordinates": [ [ [ -54.767894, -22.274948 ], [ -54.767702, -22.274924 ], [ -54.767715, -22.274835 ], [ -54.767907, -22.274859 ], [ -54.767894, -22.274948 ] ] ] } },
{ "type": "Feature", "properties": { "id": 78249, "insc_imob": "00.11.31.19.200", "quadra_cartorio": null, "lote_cartorio": "03", "matricula": "149397", "circunscricao": "1º CIRCUNSCRIÇÃO", "zoneamento": "AUM - ÁREA DE USO MISTO", "condominio": null, "area_geom": 200.0, "cnm": "062661.2.0149397-28" }, "geometry": { "type": "Polygon", "coordinates": [ [ [ -54.767728, -22.274745 ], [ -54.767715, -22.274835 ], [ -54.767702, -22.274924 ], [ -54.767606, -22.274912 ], [ -54.767632, -22.274733 ], [ -54.767728, -22.274745 ] ] ] } },
{ "type": "Feature", "properties": { "id": 78250, "insc_imob": "00.11.31.19.190", "quadra_cartorio": null, "lote_cartorio": "04", "matricula": "149398", "circunscricao": "1º CIRCUNSCRIÇÃO", "zoneamento": "AUM - ÁREA DE USO MISTO", "condominio": null, "area_geom": 200.0, "cnm": "062661.2.0149398-25" }, "geometry": { "type": "Polygon", "coordinates": [ [ [ -54.767632, -22.274733 ], [ -54.767606, -22.274912 ], [ -54.76751, -22.2749 ], [ -54.767536, -22.274721 ], [ -54.767632, -22.274733 ] ] ] } },
{ "type": "Feature", "properties": { "id": 78252, "insc_imob": "00.11.31.19.170", "quadra_cartorio": null, "lote_cartorio": "06", "matricula": "149400", "circunscricao": "1º CIRCUNSCRIÇÃO", "zoneamento": "AUM - ÁREA DE USO MISTO", "condominio": null, "area_geom": 200.0, "cnm": "062661.2.0149400-19" }, "geometry": { "type": "Polygon", "coordinates": [ [ [ -54.76744, -22.274709 ], [ -54.767414, -22.274888 ], [ -54.767318, -22.274876 ], [ -54.767344, -22.274697 ], [ -54.76744, -22.274709 ] ] ] } },
{ "type": "Feature", "properties": { "id": 78253, "insc_imob": "00.11.31.19.160", "quadra_cartorio": null, "lote_cartorio": "07", "matricula": "149401", "circunscricao": "1º CIRCUNSCRIÇÃO", "zoneamento": "AUM - ÁREA DE USO MISTO", "condominio": null, "area_geom": 200.0, "cnm": "062661.2.0149401-16" }, "geometry": { "type": "Polygon", "coordinates": [ [ [ -54.767344, -22.274697 ], [ -54.767318, -22.274876 ], [ -54.767221, -22.274864 ], [ -54.767247, -22.274685 ], [ -54.767344, -22.274697 ] ] ] } },
{ "type": "Feature", "properties": { "id": 78254, "insc_imob": "00.11.31.19.150", "quadra_cartorio": null, "lote_cartorio": "08", "matricula": "149402", "circunscricao": "1º CIRCUNSCRIÇÃO", "zoneamento": "AUM - ÁREA DE USO MISTO", "condominio": null, "area_geom": 200.0, "cnm": "062661.2.0149402-13" }, "geometry": { "type": "Polygon", "coordinates": [ [ [ -54.767247, -22.274685 ], [ -54.767221, -22.274864 ], [ -54.767125, -22.274852 ], [ -54.767151, -22.274673 ], [ -54.767247, -22.274685 ] ] ] } },
{ "type": "Feature", "properties": { "id": 78255, "insc_imob": "00.11.31.19.140", "quadra_cartorio": null, "lote_cartorio": "09", "matricula": "149403", "circunscricao": "1º CIRCUNSCRIÇÃO", "zoneamento": "AUM - ÁREA DE USO MISTO", "condominio": null, "area_geom": 200.0, "cnm": "062661.2.0149403-10" }, "geometry": { "type": "Polygon", "coordinates": [ [ [ -54.767151, -22.274673 ], [ -54.767125, -22.274852 ], [ -54.767029, -22.27484 ], [ -54.767042, -22.27475 ], [ -54.767055, -22.274661 ], [ -54.767151, -22.274673 ] ] ] } },
{ "type": "Feature", "properties": { "id": 78256, "insc_imob": "00.11.31.19.120", "quadra_cartorio": null, "lote_cartorio": "11", "matricula": "149405", "circunscricao": "1º CIRCUNSCRIÇÃO", "zoneamento": "AUM - ÁREA DE USO MISTO", "condominio": null, "area_geom": 200.0, "cnm": "062661.2.0149405-04" }, "geometry": { "type": "Polygon", "coordinates": [ [ [ -54.767055, -22.274661 ], [ -54.767042, -22.27475 ], [ -54.76685, -22.274726 ], [ -54.766863, -22.274637 ], [ -54.767055, -22.274661 ] ] ] } },
{ "type": "Feature", "properties": { "id": 78257, "insc_imob": "00.11.31.19.130", "quadra_cartorio": null, "lote_cartorio": "10", "matricula": "149404", "circunscricao": "1º CIRCUNSCRIÇÃO", "zoneamento": "AUM - ÁREA DE USO MISTO", "condominio": null, "area_geom": 200.0, "cnm": "062661.2.0149404-07" }, "geometry": { "type": "Polygon", "coordinates": [ [ [ -54.767029, -22.27484 ], [ -54.766837, -22.274816 ], [ -54.76685, -22.274726 ], [ -54.767042, -22.27475 ], [ -54.767029, -22.27484 ] ] ] } },
{ "type": "Feature", "properties": { "id": 78258, "insc_imob": "00.11.31.20.220", "quadra_cartorio": null, "lote_cartorio": "01", "matricula": "149406", "circunscricao": "1º CIRCUNSCRIÇÃO", "zoneamento": "AUM - ÁREA DE USO MISTO", "condominio": null, "area_geom": 270.0, "cnm": "062661.2.0149406-98" }, "geometry": { "type": "Polygon", "coordinates": [ [ [ -54.766623, -22.274607 ], [ -54.76661, -22.274696 ], [ -54.76635, -22.274664 ], [ -54.766363, -22.274574 ], [ -54.766623, -22.274607 ] ] ] } },
{ "type": "Feature", "properties": { "id": 78259, "insc_imob": "00.11.31.20.210", "quadra_cartorio": null, "lote_cartorio": "02", "matricula": "149407", "circunscricao": "1º CIRCUNSCRIÇÃO", "zoneamento": "AUM - ÁREA DE USO MISTO", "condominio": null, "area_geom": 270.0, "cnm": "062661.2.0149407-95" }, "geometry": { "type": "Polygon", "coordinates": [ [ [ -54.76661, -22.274696 ], [ -54.766597, -22.274786 ], [ -54.766337, -22.274753 ], [ -54.76635, -22.274664 ], [ -54.76661, -22.274696 ] ] ] } },
{ "type": "Feature", "properties": { "id": 78262, "insc_imob": "00.11.31.20.200", "quadra_cartorio": null, "lote_cartorio": "03", "matricula": "149408", "circunscricao": "1º CIRCUNSCRIÇÃO", "zoneamento": "AUM - ÁREA DE USO MISTO", "condominio": null, "area_geom": 200.0, "cnm": "062661.2.0149408-92" }, "geometry": { "type": "Polygon", "coordinates": [ [ [ -54.766363, -22.274574 ], [ -54.766337, -22.274753 ], [ -54.766241, -22.274741 ], [ -54.766267, -22.274562 ], [ -54.766363, -22.274574 ] ] ] } },
{ "type": "Feature", "properties": { "id": 78263, "insc_imob": "00.11.31.20.190", "quadra_cartorio": null, "lote_cartorio": "04", "matricula": "149409", "circunscricao": "1º CIRCUNSCRIÇÃO", "zoneamento": "AUM - ÁREA DE USO MISTO", "condominio": null, "area_geom": 200.0, "cnm": "062661.2.0149409-89" }, "geometry": { "type": "Polygon", "coordinates": [ [ [ -54.766267, -22.274562 ], [ -54.766241, -22.274741 ], [ -54.766145, -22.274729 ], [ -54.766171, -22.27455 ], [ -54.766267, -22.274562 ] ] ] } },
{ "type": "Feature", "properties": { "id": 78264, "insc_imob": "00.11.31.20.180", "quadra_cartorio": null, "lote_cartorio": "05", "matricula": "149410", "circunscricao": "1º CIRCUNSCRIÇÃO", "zoneamento": "AUM - ÁREA DE USO MISTO", "condominio": null, "area_geom": 200.0, "cnm": "062661.2.0149410-86" }, "geometry": { "type": "Polygon", "coordinates": [ [ [ -54.766171, -22.27455 ], [ -54.766145, -22.274729 ], [ -54.766049, -22.274717 ], [ -54.766075, -22.274538 ], [ -54.766171, -22.27455 ] ] ] } },
{ "type": "Feature", "properties": { "id": 78265, "insc_imob": "00.11.31.20.170", "quadra_cartorio": null, "lote_cartorio": "06", "matricula": "149411", "circunscricao": "1º CIRCUNSCRIÇÃO", "zoneamento": "AUM - ÁREA DE USO MISTO", "condominio": null, "area_geom": 200.0, "cnm": "062661.2.0149411-83" }, "geometry": { "type": "Polygon", "coordinates": [ [ [ -54.766075, -22.274538 ], [ -54.766049, -22.274717 ], [ -54.765953, -22.274705 ], [ -54.765978, -22.274526 ], [ -54.766075, -22.274538 ] ] ] } },
{ "type": "Feature", "properties": { "id": 78266, "insc_imob": "00.11.31.20.160", "quadra_cartorio": null, "lote_cartorio": "07", "matricula": "149412", "circunscricao": "1º CIRCUNSCRIÇÃO", "zoneamento": "AUM - ÁREA DE USO MISTO", "condominio": null, "area_geom": 200.0, "cnm": "062661.2.0149412-80" }, "geometry": { "type": "Polygon", "coordinates": [ [ [ -54.765978, -22.274526 ], [ -54.765953, -22.274705 ], [ -54.765856, -22.274693 ], [ -54.765882, -22.274514 ], [ -54.765978, -22.274526 ] ] ] } },
{ "type": "Feature", "properties": { "id": 78267, "insc_imob": "00.11.31.20.150", "quadra_cartorio": null, "lote_cartorio": "08", "matricula": "149413", "circunscricao": "1º CIRCUNSCRIÇÃO", "zoneamento": "AUM - ÁREA DE USO MISTO", "condominio": null, "area_geom": 200.0, "cnm": "062661.2.0149413-77" }, "geometry": { "type": "Polygon", "coordinates": [ [ [ -54.765882, -22.274514 ], [ -54.765856, -22.274693 ], [ -54.76576, -22.274681 ], [ -54.765786, -22.274502 ], [ -54.765882, -22.274514 ] ] ] } },
{ "type": "Feature", "properties": { "id": 78268, "insc_imob": "00.11.31.20.140", "quadra_cartorio": null, "lote_cartorio": "09", "matricula": "149414", "circunscricao": "1º CIRCUNSCRIÇÃO", "zoneamento": "AUM - ÁREA DE USO MISTO", "condominio": null, "area_geom": 200.0, "cnm": "062661.2.0149414-74" }, "geometry": { "type": "Polygon", "coordinates": [ [ [ -54.765677, -22.274579 ], [ -54.76569, -22.27449 ], [ -54.765786, -22.274502 ], [ -54.76576, -22.274681 ], [ -54.765664, -22.274669 ], [ -54.765677, -22.274579 ] ] ] } },
{ "type": "Feature", "properties": { "id": 78269, "insc_imob": "00.11.31.20.120", "quadra_cartorio": null, "lote_cartorio": "11", "matricula": "149416", "circunscricao": "1º CIRCUNSCRIÇÃO", "zoneamento": "AUM - ÁREA DE USO MISTO", "condominio": null, "area_geom": 206.02, "cnm": "062661.2.0149416-68" }, "geometry": { "type": "Polygon", "coordinates": [ [ [ -54.765677, -22.274579 ], [ -54.765475, -22.274554 ], [ -54.765496, -22.274465 ], [ -54.76569, -22.27449 ], [ -54.765677, -22.274579 ] ] ] } },
{ "type": "Feature", "properties": { "id": 78270, "insc_imob": "00.11.31.20.130", "quadra_cartorio": null, "lote_cartorio": "10", "matricula": "149415", "circunscricao": "1º CIRCUNSCRIÇÃO", "zoneamento": "AUM - ÁREA DE USO MISTO", "condominio": null, "area_geom": 214.88, "cnm": "062661.2.0149415-71" }, "geometry": { "type": "Polygon", "coordinates": [ [ [ -54.765664, -22.274669 ], [ -54.765453, -22.274642 ], [ -54.765475, -22.274554 ], [ -54.765677, -22.274579 ], [ -54.765664, -22.274669 ] ] ] } },
{ "type": "Feature", "properties": { "id": 78271, "insc_imob": "00.11.31.29.010", "quadra_cartorio": null, "lote_cartorio": "01", "matricula": "149417", "circunscricao": "1º CIRCUNSCRIÇÃO", "zoneamento": "AUM - ÁREA DE USO MISTO", "condominio": null, "area_geom": 200.0, "cnm": "062661.2.0149417-65" }, "geometry": { "type": "Polygon", "coordinates": [ [ [ -54.767875, -22.275083 ], [ -54.767862, -22.275172 ], [ -54.76767, -22.275148 ], [ -54.767683, -22.275059 ], [ -54.767875, -22.275083 ] ] ] } },
{ "type": "Feature", "properties": { "id": 78272, "insc_imob": "00.11.31.29.220", "quadra_cartorio": null, "lote_cartorio": "02", "matricula": "149418", "circunscricao": "1º CIRCUNSCRIÇÃO", "zoneamento": "AUM - ÁREA DE USO MISTO", "condominio": null, "area_geom": 200.0, "cnm": "062661.2.0149418-62" }, "geometry": { "type": "Polygon", "coordinates": [ [ [ -54.767657, -22.275238 ], [ -54.76767, -22.275148 ], [ -54.767862, -22.275172 ], [ -54.767849, -22.275262 ], [ -54.767657, -22.275238 ] ] ] } },
{ "type": "Feature", "properties": { "id": 78273, "insc_imob": "00.11.31.29.210", "quadra_cartorio": null, "lote_cartorio": "03", "matricula": "149419", "circunscricao": "1º CIRCUNSCRIÇÃO", "zoneamento": "AUM - ÁREA DE USO MISTO", "condominio": null, "area_geom": 200.0, "cnm": "062661.2.0149419-59" }, "geometry": { "type": "Polygon", "coordinates": [ [ [ -54.767849, -22.275262 ], [ -54.767836, -22.275351 ], [ -54.767644, -22.275327 ], [ -54.767657, -22.275238 ], [ -54.767849, -22.275262 ] ] ] } },
{ "type": "Feature", "properties": { "id": 78274, "insc_imob": "00.11.31.29.200", "quadra_cartorio": null, "lote_cartorio": "04", "matricula": "149420", "circunscricao": "1º CIRCUNSCRIÇÃO", "zoneamento": "AUM - ÁREA DE USO MISTO", "condominio": null, "area_geom": 200.0, "cnm": "062661.2.0149420-56" }, "geometry": { "type": "Polygon", "coordinates": [ [ [ -54.767644, -22.275327 ], [ -54.767836, -22.275351 ], [ -54.767823, -22.275441 ], [ -54.767631, -22.275416 ], [ -54.767644, -22.275327 ] ] ] } },
{ "type": "Feature", "properties": { "id": 78275, "insc_imob": "00.11.31.29.190", "quadra_cartorio": null, "lote_cartorio": "05", "matricula": "149421", "circunscricao": "1º CIRCUNSCRIÇÃO", "zoneamento": "AUM - ÁREA DE USO MISTO", "condominio": null, "area_geom": 200.0, "cnm": "062661.2.0149421-53" }, "geometry": { "type": "Polygon", "coordinates": [ [ [ -54.767657, -22.275238 ], [ -54.767644, -22.275327 ], [ -54.767631, -22.275416 ], [ -54.767535, -22.275404 ], [ -54.767561, -22.275225 ], [ -54.767657, -22.275238 ] ] ] } },
{ "type": "Feature", "properties": { "id": 78276, "insc_imob": "00.11.31.29.180", "quadra_cartorio": null, "lote_cartorio": "06", "matricula": "149422", "circunscricao": "1º CIRCUNSCRIÇÃO", "zoneamento": "AUM - ÁREA DE USO MISTO", "condominio": null, "area_geom": 200.0, "cnm": "062661.2.0149422-50" }, "geometry": { "type": "Polygon", "coordinates": [ [ [ -54.767561, -22.275225 ], [ -54.767535, -22.275404 ], [ -54.767439, -22.275392 ], [ -54.767465, -22.275213 ], [ -54.767561, -22.275225 ] ] ] } },
{ "type": "Feature", "properties": { "id": 78277, "insc_imob": "00.11.31.29.170", "quadra_cartorio": null, "lote_cartorio": "07", "matricula": "149423", "circunscricao": "1º CIRCUNSCRIÇÃO", "zoneamento": "AUM - ÁREA DE USO MISTO", "condominio": null, "area_geom": 200.0, "cnm": "062661.2.0149423-47" }, "geometry": { "type": "Polygon", "coordinates": [ [ [ -54.767465, -22.275213 ], [ -54.767439, -22.275392 ], [ -54.767342, -22.27538 ], [ -54.767368, -22.275201 ], [ -54.767465, -22.275213 ] ] ] } },
{ "type": "Feature", "properties": { "id": 78278, "insc_imob": "00.11.31.29.160", "quadra_cartorio": null, "lote_cartorio": "08", "matricula": "149424", "circunscricao": "1º CIRCUNSCRIÇÃO", "zoneamento": "AUM - ÁREA DE USO MISTO", "condominio": null, "area_geom": 200.0, "cnm": "062661.2.0149424-44" }, "geometry": { "type": "Polygon", "coordinates": [ [ [ -54.767368, -22.275201 ], [ -54.767342, -22.27538 ], [ -54.767246, -22.275368 ], [ -54.767272, -22.275189 ], [ -54.767368, -22.275201 ] ] ] } },
{ "type": "Feature", "properties": { "id": 78279, "insc_imob": "00.11.31.29.150", "quadra_cartorio": null, "lote_cartorio": "09", "matricula": "149425", "circunscricao": "1º CIRCUNSCRIÇÃO", "zoneamento": "AUM - ÁREA DE USO MISTO", "condominio": null, "area_geom": 200.0, "cnm": "062661.2.0149425-41" }, "geometry": { "type": "Polygon", "coordinates": [ [ [ -54.767272, -22.275189 ], [ -54.767246, -22.275368 ], [ -54.76715, -22.275356 ], [ -54.767176, -22.275177 ], [ -54.767272, -22.275189 ] ] ] } },
{ "type": "Feature", "properties": { "id": 78280, "insc_imob": "00.11.31.29.140", "quadra_cartorio": null, "lote_cartorio": "10", "matricula": "149426", "circunscricao": "1º CIRCUNSCRIÇÃO", "zoneamento": "AUM - ÁREA DE USO MISTO", "condominio": null, "area_geom": 200.0, "cnm": "062661.2.0149426-38" }, "geometry": { "type": "Polygon", "coordinates": [ [ [ -54.767176, -22.275177 ], [ -54.76715, -22.275356 ], [ -54.767054, -22.275344 ], [ -54.76708, -22.275165 ], [ -54.767176, -22.275177 ] ] ] } },
{ "type": "Feature", "properties": { "id": 78281, "insc_imob": "00.11.31.29.130", "quadra_cartorio": null, "lote_cartorio": "11", "matricula": "149427", "circunscricao": "1º CIRCUNSCRIÇÃO", "zoneamento": "AUM - ÁREA DE USO MISTO", "condominio": null, "area_geom": 200.0, "cnm": "062661.2.0149427-35" }, "geometry": { "type": "Polygon", "coordinates": [ [ [ -54.76708, -22.275165 ], [ -54.767054, -22.275344 ], [ -54.766958, -22.275332 ], [ -54.766971, -22.275243 ], [ -54.766984, -22.275153 ], [ -54.76708, -22.275165 ] ] ] } },
{ "type": "Feature", "properties": { "id": 78282, "insc_imob": "00.11.31.29.090", "quadra_cartorio": null, "lote_cartorio": "15", "matricula": "149431", "circunscricao": "1º CIRCUNSCRIÇÃO", "zoneamento": "AUM - ÁREA DE USO MISTO", "condominio": null, "area_geom": 200.0, "cnm": "062661.2.0149431-23" }, "geometry": { "type": "Polygon", "coordinates": [ [ [ -54.76701, -22.274974 ], [ -54.766997, -22.275064 ], [ -54.766805, -22.275039 ], [ -54.766818, -22.27495 ], [ -54.76701, -22.274974 ] ] ] } },
{ "type": "Feature", "properties": { "id": 78283, "insc_imob": "00.11.31.29.100", "quadra_cartorio": null, "lote_cartorio": "14", "matricula": "149430", "circunscricao": "1º CIRCUNSCRIÇÃO", "zoneamento": "AUM - ÁREA DE USO MISTO", "condominio": null, "area_geom": 200.0, "cnm": "062661.2.0149430-26" }, "geometry": { "type": "Polygon", "coordinates": [ [ [ -54.766792, -22.275129 ], [ -54.766805, -22.275039 ], [ -54.766997, -22.275064 ], [ -54.766984, -22.275153 ], [ -54.766792, -22.275129 ] ] ] } },
{ "type": "Feature", "properties": { "id": 78284, "insc_imob": "00.11.31.29.110", "quadra_cartorio": null, "lote_cartorio": "13", "matricula": "149429", "circunscricao": "1º CIRCUNSCRIÇÃO", "zoneamento": "AUM - ÁREA DE USO MISTO", "condominio": null, "area_geom": 200.0, "cnm": "062661.2.0149429-29" }, "geometry": { "type": "Polygon", "coordinates": [ [ [ -54.766984, -22.275153 ], [ -54.766971, -22.275243 ], [ -54.766779, -22.275218 ], [ -54.766792, -22.275129 ], [ -54.766984, -22.275153 ] ] ] } },
{ "type": "Feature", "properties": { "id": 78285, "insc_imob": "00.11.31.29.120", "quadra_cartorio": null, "lote_cartorio": "12", "matricula": "149428", "circunscricao": "1º CIRCUNSCRIÇÃO", "zoneamento": "AUM - ÁREA DE USO MISTO", "condominio": null, "area_geom": 200.0, "cnm": "062661.2.0149428-32" }, "geometry": { "type": "Polygon", "coordinates": [ [ [ -54.766766, -22.275308 ], [ -54.766779, -22.275218 ], [ -54.766971, -22.275243 ], [ -54.766958, -22.275332 ], [ -54.766766, -22.275308 ] ] ] } },
{ "type": "Feature", "properties": { "id": 78286, "insc_imob": "00.11.31.29.020", "quadra_cartorio": null, "lote_cartorio": "22", "matricula": "149438", "circunscricao": "1º CIRCUNSCRIÇÃO", "zoneamento": "AUM - ÁREA DE USO MISTO", "condominio": null, "area_geom": 200.0, "cnm": "062661.2.0149438-02" }, "geometry": { "type": "Polygon", "coordinates": [ [ [ -54.767683, -22.275059 ], [ -54.76767, -22.275148 ], [ -54.767657, -22.275238 ], [ -54.767561, -22.275225 ], [ -54.767587, -22.275047 ], [ -54.767683, -22.275059 ] ] ] } },
{ "type": "Feature", "properties": { "id": 78287, "insc_imob": "00.11.31.29.030", "quadra_cartorio": null, "lote_cartorio": "21", "matricula": "149437", "circunscricao": "1º CIRCUNSCRIÇÃO", "zoneamento": "AUM - ÁREA DE USO MISTO", "condominio": null, "area_geom": 200.0, "cnm": "062661.2.0149437-05" }, "geometry": { "type": "Polygon", "coordinates": [ [ [ -54.767587, -22.275047 ], [ -54.767561, -22.275225 ], [ -54.767465, -22.275213 ], [ -54.76749, -22.275034 ], [ -54.767587, -22.275047 ] ] ] } },
{ "type": "Feature", "properties": { "id": 78288, "insc_imob": "00.11.31.29.040", "quadra_cartorio": null, "lote_cartorio": "20", "matricula": "149436", "circunscricao": "1º CIRCUNSCRIÇÃO", "zoneamento": "AUM - ÁREA DE USO MISTO", "condominio": null, "area_geom": 200.0, "cnm": "062661.2.0149436-08" }, "geometry": { "type": "Polygon", "coordinates": [ [ [ -54.76749, -22.275034 ], [ -54.767465, -22.275213 ], [ -54.767368, -22.275201 ], [ -54.767394, -22.275022 ], [ -54.76749, -22.275034 ] ] ] } },
{ "type": "Feature", "properties": { "id": 78289, "insc_imob": "00.11.31.29.050", "quadra_cartorio": null, "lote_cartorio": "19", "matricula": "149435", "circunscricao": "1º CIRCUNSCRIÇÃO", "zoneamento": "AUM - ÁREA DE USO MISTO", "condominio": null, "area_geom": 200.0, "cnm": "062661.2.0149435-11" }, "geometry": { "type": "Polygon", "coordinates": [ [ [ -54.767394, -22.275022 ], [ -54.767368, -22.275201 ], [ -54.767272, -22.275189 ], [ -54.767298, -22.27501 ], [ -54.767394, -22.275022 ] ] ] } },
{ "type": "Feature", "properties": { "id": 78292, "insc_imob": "00.11.31.29.060", "quadra_cartorio": null, "lote_cartorio": "18", "matricula": "149434", "circunscricao": "1º CIRCUNSCRIÇÃO", "zoneamento": "AUM - ÁREA DE USO MISTO", "condominio": null, "area_geom": 200.0, "cnm": "062661.2.0149434-14" }, "geometry": { "type": "Polygon", "coordinates": [ [ [ -54.767298, -22.27501 ], [ -54.767272, -22.275189 ], [ -54.767176, -22.275177 ], [ -54.767202, -22.274998 ], [ -54.767298, -22.27501 ] ] ] } },
{ "type": "Feature", "properties": { "id": 78293, "insc_imob": "00.11.31.29.070", "quadra_cartorio": null, "lote_cartorio": "17", "matricula": "149433", "circunscricao": "1º CIRCUNSCRIÇÃO", "zoneamento": "AUM - ÁREA DE USO MISTO", "condominio": null, "area_geom": 200.0, "cnm": "062661.2.0149433-17" }, "geometry": { "type": "Polygon", "coordinates": [ [ [ -54.767202, -22.274998 ], [ -54.767176, -22.275177 ], [ -54.76708, -22.275165 ], [ -54.767106, -22.274986 ], [ -54.767202, -22.274998 ] ] ] } },
{ "type": "Feature", "properties": { "id": 78294, "insc_imob": "00.11.31.29.080", "quadra_cartorio": null, "lote_cartorio": "16", "matricula": "149432", "circunscricao": "1º CIRCUNSCRIÇÃO", "zoneamento": "AUM - ÁREA DE USO MISTO", "condominio": null, "area_geom": 200.0, "cnm": "062661.2.0149432-20" }, "geometry": { "type": "Polygon", "coordinates": [ [ [ -54.767106, -22.274986 ], [ -54.76708, -22.275165 ], [ -54.766984, -22.275153 ], [ -54.766997, -22.275064 ], [ -54.76701, -22.274974 ], [ -54.767106, -22.274986 ] ] ] } },
{ "type": "Feature", "properties": { "id": 78295, "insc_imob": "00.11.31.30.010", "quadra_cartorio": null, "lote_cartorio": "01", "matricula": "149439", "circunscricao": "1º CIRCUNSCRIÇÃO", "zoneamento": "AUM - ÁREA DE USO MISTO", "condominio": "", "area_geom": 202.6, "cnm": "062661.2.0149439-96" }, "geometry": { "type": "Polygon", "coordinates": [ [ [ -54.766577, -22.27492 ], [ -54.766564, -22.275009 ], [ -54.766369, -22.274985 ], [ -54.766382, -22.274895 ], [ -54.766577, -22.27492 ] ] ] } },
{ "type": "Feature", "properties": { "id": 78296, "insc_imob": "00.11.31.30.240", "quadra_cartorio": null, "lote_cartorio": "02", "matricula": "149440", "circunscricao": "1º CIRCUNSCRIÇÃO", "zoneamento": "AUM - ÁREA DE USO MISTO", "condominio": "", "area_geom": 202.6, "cnm": "062661.2.0149440-93" }, "geometry": { "type": "Polygon", "coordinates": [ [ [ -54.766356, -22.275074 ], [ -54.766369, -22.274985 ], [ -54.766564, -22.275009 ], [ -54.766551, -22.275099 ], [ -54.766356, -22.275074 ] ] ] } },
{ "type": "Feature", "properties": { "id": 78297, "insc_imob": "00.11.31.30.230", "quadra_cartorio": null, "lote_cartorio": "03", "matricula": "149441", "circunscricao": "1º CIRCUNSCRIÇÃO", "zoneamento": "AUM - ÁREA DE USO MISTO", "condominio": "", "area_geom": 202.6, "cnm": "062661.2.0149441-90" }, "geometry": { "type": "Polygon", "coordinates": [ [ [ -54.766551, -22.275099 ], [ -54.766538, -22.275188 ], [ -54.766343, -22.275164 ], [ -54.766356, -22.275074 ], [ -54.766551, -22.275099 ] ] ] } },
{ "type": "Feature", "properties": { "id": 78298, "insc_imob": "00.11.31.30.220", "quadra_cartorio": null, "lote_cartorio": "04", "matricula": "149442", "circunscricao": "1º CIRCUNSCRIÇÃO", "zoneamento": "AUM - ÁREA DE USO MISTO", "condominio": "", "area_geom": 202.6, "cnm": "062661.2.0149442-87" }, "geometry": { "type": "Polygon", "coordinates": [ [ [ -54.766538, -22.275188 ], [ -54.766525, -22.275278 ], [ -54.766331, -22.275253 ], [ -54.766343, -22.275164 ], [ -54.766538, -22.275188 ] ] ] } },
{ "type": "Feature", "properties": { "id": 78299, "insc_imob": "00.11.31.30.210", "quadra_cartorio": null, "lote_cartorio": "05", "matricula": "149443", "circunscricao": "1º CIRCUNSCRIÇÃO", "zoneamento": "AUM - ÁREA DE USO MISTO", "condominio": "", "area_geom": 200.0, "cnm": "062661.2.0149443-84" }, "geometry": { "type": "Polygon", "coordinates": [ [ [ -54.76626, -22.275062 ], [ -54.766356, -22.275074 ], [ -54.766331, -22.275253 ], [ -54.766234, -22.275241 ], [ -54.76626, -22.275062 ] ] ] } },
{ "type": "Feature", "properties": { "id": 78300, "insc_imob": "00.11.31.30.200", "quadra_cartorio": null, "lote_cartorio": "06", "matricula": "149444", "circunscricao": "1º CIRCUNSCRIÇÃO", "zoneamento": "AUM - ÁREA DE USO MISTO", "condominio": "", "area_geom": 200.0, "cnm": "062661.2.0149444-81" }, "geometry": { "type": "Polygon", "coordinates": [ [ [ -54.76626, -22.275062 ], [ -54.766234, -22.275241 ], [ -54.766138, -22.275229 ], [ -54.766164, -22.27505 ], [ -54.76626, -22.275062 ] ] ] } },
{ "type": "Feature", "properties": { "id": 78301, "insc_imob": "00.11.31.30.190", "quadra_cartorio": null, "lote_cartorio": "07", "matricula": "149445", "circunscricao": "1º CIRCUNSCRIÇÃO", "zoneamento": "AUM - ÁREA DE USO MISTO", "condominio": "", "area_geom": 200.0, "cnm": "062661.2.0149445-78" }, "geometry": { "type": "Polygon", "coordinates": [ [ [ -54.766164, -22.27505 ], [ -54.766138, -22.275229 ], [ -54.766042, -22.275217 ], [ -54.766068, -22.275038 ], [ -54.766164, -22.27505 ] ] ] } },
{ "type": "Feature", "properties": { "id": 78302, "insc_imob": "00.11.31.30.180", "quadra_cartorio": null, "lote_cartorio": "08", "matricula": "149446", "circunscricao": "1º CIRCUNSCRIÇÃO", "zoneamento": "AUM - ÁREA DE USO MISTO", "condominio": "", "area_geom": 200.0, "cnm": "062661.2.0149446-75" }, "geometry": { "type": "Polygon", "coordinates": [ [ [ -54.766068, -22.275038 ], [ -54.766042, -22.275217 ], [ -54.765946, -22.275205 ], [ -54.765972, -22.275026 ], [ -54.766068, -22.275038 ] ] ] } },
{ "type": "Feature", "properties": { "id": 78303, "insc_imob": "00.11.31.30.170", "quadra_cartorio": null, "lote_cartorio": "09", "matricula": "149447", "circunscricao": "1º CIRCUNSCRIÇÃO", "zoneamento": "AUM - ÁREA DE USO MISTO", "condominio": "", "area_geom": 200.0, "cnm": "062661.2.0149447-72" }, "geometry": { "type": "Polygon", "coordinates": [ [ [ -54.765972, -22.275026 ], [ -54.765946, -22.275205 ], [ -54.76585, -22.275193 ], [ -54.765876, -22.275014 ], [ -54.765972, -22.275026 ] ] ] } },
{ "type": "Feature", "properties": { "id": 78304, "insc_imob": "00.11.31.30.160", "quadra_cartorio": null, "lote_cartorio": "10", "matricula": "149448", "circunscricao": "1º CIRCUNSCRIÇÃO", "zoneamento": "AUM - ÁREA DE USO MISTO", "condominio": "", "area_geom": 200.0, "cnm": "062661.2.0149448-69" }, "geometry": { "type": "Polygon", "coordinates": [ [ [ -54.765876, -22.275014 ], [ -54.76585, -22.275193 ], [ -54.765754, -22.275181 ], [ -54.76578, -22.275002 ], [ -54.765876, -22.275014 ] ] ] } },
{ "type": "Feature", "properties": { "id": 78305, "insc_imob": "00.11.31.30.150", "quadra_cartorio": null, "lote_cartorio": "11", "matricula": "149449", "circunscricao": "1º CIRCUNSCRIÇÃO", "zoneamento": "AUM - ÁREA DE USO MISTO", "condominio": "", "area_geom": 200.0, "cnm": "062661.2.0149449-66" }, "geometry": { "type": "Polygon", "coordinates": [ [ [ -54.76578, -22.275002 ], [ -54.765754, -22.275181 ], [ -54.765658, -22.275169 ], [ -54.765684, -22.27499 ], [ -54.76578, -22.275002 ] ] ] } },
{ "type": "Feature", "properties": { "id": 78306, "insc_imob": "00.11.31.30.140", "quadra_cartorio": null, "lote_cartorio": "12", "matricula": "149450", "circunscricao": "1º CIRCUNSCRIÇÃO", "zoneamento": "AUM - ÁREA DE USO MISTO", "condominio": "", "area_geom": 200.0, "cnm": "062661.2.0149450-63" }, "geometry": { "type": "Polygon", "coordinates": [ [ [ -54.765574, -22.275067 ], [ -54.765587, -22.274978 ], [ -54.765684, -22.27499 ], [ -54.765658, -22.275169 ], [ -54.765561, -22.275157 ], [ -54.765574, -22.275067 ] ] ] } },
{ "type": "Feature", "properties": { "id": 78307, "insc_imob": "00.11.31.30.110", "quadra_cartorio": null, "lote_cartorio": "15", "matricula": "149453", "circunscricao": "1º CIRCUNSCRIÇÃO", "zoneamento": "AUM - ÁREA DE USO MISTO", "condominio": "", "area_geom": 213.28, "cnm": "062661.2.0149453-54" }, "geometry": { "type": "Polygon", "coordinates": [ [ [ -54.765587, -22.274978 ], [ -54.765378, -22.274952 ], [ -54.7654, -22.274863 ], [ -54.7656, -22.274888 ], [ -54.765587, -22.274978 ] ] ] } },
{ "type": "Feature", "properties": { "id": 78308, "insc_imob": "00.11.31.30.120", "quadra_cartorio": null, "lote_cartorio": "14", "matricula": "149452", "circunscricao": "1º CIRCUNSCRIÇÃO", "zoneamento": "AUM - ÁREA DE USO MISTO", "condominio": "", "area_geom": 222.14, "cnm": "062661.2.0149452-57" }, "geometry": { "type": "Polygon", "coordinates": [ [ [ -54.765574, -22.275067 ], [ -54.765357, -22.27504 ], [ -54.765378, -22.274952 ], [ -54.765587, -22.274978 ], [ -54.765574, -22.275067 ] ] ] } },
{ "type": "Feature", "properties": { "id": 78309, "insc_imob": "00.11.31.30.130", "quadra_cartorio": null, "lote_cartorio": "13", "matricula": "149451", "circunscricao": "1º CIRCUNSCRIÇÃO", "zoneamento": "AUM - ÁREA DE USO MISTO", "condominio": "", "area_geom": 231.0, "cnm": "062661.2.0149451-60" }, "geometry": { "type": "Polygon", "coordinates": [ [ [ -54.765561, -22.275157 ], [ -54.765335, -22.275128 ], [ -54.765357, -22.27504 ], [ -54.765574, -22.275067 ], [ -54.765561, -22.275157 ] ] ] } },
{ "type": "Feature", "properties": { "id": 78310, "insc_imob": "00.11.31.30.100", "quadra_cartorio": null, "lote_cartorio": "16", "matricula": "149454", "circunscricao": "1º CIRCUNSCRIÇÃO", "zoneamento": "AUM - ÁREA DE USO MISTO", "condominio": "", "area_geom": 204.42, "cnm": "062661.2.0149454-51" }, "geometry": { "type": "Polygon", "coordinates": [ [ [ -54.7656, -22.274888 ], [ -54.7654, -22.274863 ], [ -54.765421, -22.274775 ], [ -54.765613, -22.274799 ], [ -54.7656, -22.274888 ] ] ] } },
{ "type": "Feature", "properties": { "id": 78311, "insc_imob": "00.11.31.30.040", "quadra_cartorio": null, "lote_cartorio": "22", "matricula": "149460", "circunscricao": "1º CIRCUNSCRIÇÃO", "zoneamento": "AUM - ÁREA DE USO MISTO", "condominio": "", "area_geom": 200.0, "cnm": "062661.2.0149460-33" }, "geometry": { "type": "Polygon", "coordinates": [ [ [ -54.76619, -22.274871 ], [ -54.766164, -22.27505 ], [ -54.766068, -22.275038 ], [ -54.766094, -22.274859 ], [ -54.76619, -22.274871 ] ] ] } },
{ "type": "Feature", "properties": { "id": 78312, "insc_imob": "00.11.31.30.050", "quadra_cartorio": null, "lote_cartorio": "21", "matricula": "149459", "circunscricao": "1º CIRCUNSCRIÇÃO", "zoneamento": "AUM - ÁREA DE USO MISTO", "condominio": "", "area_geom": 200.0, "cnm": "062661.2.0149459-36" }, "geometry": { "type": "Polygon", "coordinates": [ [ [ -54.766094, -22.274859 ], [ -54.766068, -22.275038 ], [ -54.765972, -22.275026 ], [ -54.765998, -22.274847 ], [ -54.766094, -22.274859 ] ] ] } },
{ "type": "Feature", "properties": { "id": 78313, "insc_imob": "00.11.31.30.060", "quadra_cartorio": null, "lote_cartorio": "20", "matricula": "149458", "circunscricao": "1º CIRCUNSCRIÇÃO", "zoneamento": "AUM - ÁREA DE USO MISTO", "condominio": "", "area_geom": 200.0, "cnm": "062661.2.0149458-39" }, "geometry": { "type": "Polygon", "coordinates": [ [ [ -54.765998, -22.274847 ], [ -54.765972, -22.275026 ], [ -54.765876, -22.275014 ], [ -54.765902, -22.274835 ], [ -54.765998, -22.274847 ] ] ] } },
{ "type": "Feature", "properties": { "id": 78314, "insc_imob": "00.11.31.30.070", "quadra_cartorio": null, "lote_cartorio": "19", "matricula": "149457", "circunscricao": "1º CIRCUNSCRIÇÃO", "zoneamento": "AUM - ÁREA DE USO MISTO", "condominio": "", "area_geom": 200.0, "cnm": "062661.2.0149457-42" }, "geometry": { "type": "Polygon", "coordinates": [ [ [ -54.765902, -22.274835 ], [ -54.765876, -22.275014 ], [ -54.76578, -22.275002 ], [ -54.765806, -22.274823 ], [ -54.765902, -22.274835 ] ] ] } },
{ "type": "Feature", "properties": { "id": 78315, "insc_imob": "00.11.31.30.080", "quadra_cartorio": null, "lote_cartorio": "18", "matricula": "149456", "circunscricao": "1º CIRCUNSCRIÇÃO", "zoneamento": "AUM - ÁREA DE USO MISTO", "condominio": "", "area_geom": 200.0, "cnm": "062661.2.0149456-45" }, "geometry": { "type": "Polygon", "coordinates": [ [ [ -54.765806, -22.274823 ], [ -54.76578, -22.275002 ], [ -54.765684, -22.27499 ], [ -54.765709, -22.274811 ], [ -54.765806, -22.274823 ] ] ] } },
{ "type": "Feature", "properties": { "id": 78316, "insc_imob": "00.11.31.30.090", "quadra_cartorio": null, "lote_cartorio": "17", "matricula": "149555", "circunscricao": "1º CIRCUNSCRIÇÃO", "zoneamento": "AUM - ÁREA DE USO MISTO", "condominio": "", "area_geom": 200.0, "cnm": "062661.2.0149555-39" }, "geometry": { "type": "Polygon", "coordinates": [ [ [ -54.765709, -22.274811 ], [ -54.765684, -22.27499 ], [ -54.765587, -22.274978 ], [ -54.7656, -22.274888 ], [ -54.765613, -22.274799 ], [ -54.765709, -22.274811 ] ] ] } },
{ "type": "Feature", "properties": { "id": 78317, "insc_imob": "00.11.31.30.030", "quadra_cartorio": null, "lote_cartorio": "23", "matricula": "149561", "circunscricao": "1º CIRCUNSCRIÇÃO", "zoneamento": "AUM - ÁREA DE USO MISTO", "condominio": "", "area_geom": 200.0, "cnm": "062661.2.0149561-21" }, "geometry": { "type": "Polygon", "coordinates": [ [ [ -54.766286, -22.274883 ], [ -54.76626, -22.275062 ], [ -54.766164, -22.27505 ], [ -54.76619, -22.274871 ], [ -54.766286, -22.274883 ] ] ] } },
{ "type": "Feature", "properties": { "id": 78318, "insc_imob": "00.11.31.30.020", "quadra_cartorio": null, "lote_cartorio": "24", "matricula": "149562", "circunscricao": "1º CIRCUNSCRIÇÃO", "zoneamento": "AUM - ÁREA DE USO MISTO", "condominio": "", "area_geom": 200.0, "cnm": "062661.2.0149562-18" }, "geometry": { "type": "Polygon", "coordinates": [ [ [ -54.766382, -22.274895 ], [ -54.766369, -22.274985 ], [ -54.766356, -22.275074 ], [ -54.76626, -22.275062 ], [ -54.766286, -22.274883 ], [ -54.766382, -22.274895 ] ] ] } },
{ "type": "Feature", "properties": { "id": 78319, "insc_imob": "00.11.31.38.010", "quadra_cartorio": null, "lote_cartorio": "01", "matricula": "149463", "circunscricao": "1º CIRCUNSCRIÇÃO", "zoneamento": "AUM - ÁREA DE USO MISTO", "condominio": null, "area_geom": 358.56, "cnm": "062661.2.0149463-24" }, "geometry": { "type": "Polygon", "coordinates": [ [ [ -54.767804, -22.275575 ], [ -54.767787, -22.275691 ], [ -54.767522, -22.275658 ], [ -54.767539, -22.275542 ], [ -54.767804, -22.275575 ] ] ] } },
{ "type": "Feature", "properties": { "id": 78322, "insc_imob": "00.11.31.38.220", "quadra_cartorio": null, "lote_cartorio": "02", "matricula": "149464", "circunscricao": "1º CIRCUNSCRIÇÃO", "zoneamento": "AUM - ÁREA DE USO MISTO", "condominio": null, "area_geom": 330.0, "cnm": "062661.2.0149464-21" }, "geometry": { "type": "Polygon", "coordinates": [ [ [ -54.767522, -22.275658 ], [ -54.767787, -22.275691 ], [ -54.767771, -22.275799 ], [ -54.767507, -22.275766 ], [ -54.767522, -22.275658 ] ] ] } },
{ "type": "Feature", "properties": { "id": 78323, "insc_imob": "00.11.31.38.210", "quadra_cartorio": null, "lote_cartorio": "03", "matricula": "149465", "circunscricao": "1º CIRCUNSCRIÇÃO", "zoneamento": "AUM - ÁREA DE USO MISTO", "condominio": null, "area_geom": 330.0, "cnm": "062661.2.0149465-18" }, "geometry": { "type": "Polygon", "coordinates": [ [ [ -54.767491, -22.275873 ], [ -54.767507, -22.275766 ], [ -54.767771, -22.275799 ], [ -54.767756, -22.275906 ], [ -54.767491, -22.275873 ] ] ] } },
{ "type": "Feature", "properties": { "id": 78324, "insc_imob": "00.11.31.38.200", "quadra_cartorio": null, "lote_cartorio": "04", "matricula": "149466", "circunscricao": "1º CIRCUNSCRIÇÃO", "zoneamento": "AUM - ÁREA DE USO MISTO", "condominio": null, "area_geom": 275.0, "cnm": "062661.2.0149466-15" }, "geometry": { "type": "Polygon", "coordinates": [ [ [ -54.767756, -22.275906 ], [ -54.767743, -22.275996 ], [ -54.767478, -22.275962 ], [ -54.767491, -22.275873 ], [ -54.767756, -22.275906 ] ] ] } },
{ "type": "Feature", "properties": { "id": 78325, "insc_imob": "00.11.31.38.190", "quadra_cartorio": null, "lote_cartorio": "05", "matricula": "149467", "circunscricao": "1º CIRCUNSCRIÇÃO", "zoneamento": "AUM - ÁREA DE USO MISTO", "condominio": null, "area_geom": 275.0, "cnm": "062661.2.0149467-12" }, "geometry": { "type": "Polygon", "coordinates": [ [ [ -54.767743, -22.275996 ], [ -54.76773, -22.276085 ], [ -54.767465, -22.276052 ], [ -54.767478, -22.275962 ], [ -54.767743, -22.275996 ] ] ] } },
{ "type": "Feature", "properties": { "id": 78326, "insc_imob": "00.11.31.38.180", "quadra_cartorio": null, "lote_cartorio": "06", "matricula": "149468", "circunscricao": "1º CIRCUNSCRIÇÃO", "zoneamento": "AUM - ÁREA DE USO MISTO", "condominio": null, "area_geom": 275.0, "cnm": "062661.2.0149468-09" }, "geometry": { "type": "Polygon", "coordinates": [ [ [ -54.76773, -22.276085 ], [ -54.767717, -22.276175 ], [ -54.767452, -22.276141 ], [ -54.767465, -22.276052 ], [ -54.76773, -22.276085 ] ] ] } },
{ "type": "Feature", "properties": { "id": 78327, "insc_imob": "00.11.31.38.170", "quadra_cartorio": null, "lote_cartorio": "07", "matricula": "149469", "circunscricao": "1º CIRCUNSCRIÇÃO", "zoneamento": "AUM - ÁREA DE USO MISTO", "condominio": null, "area_geom": 275.0, "cnm": "062661.2.0149469-06" }, "geometry": { "type": "Polygon", "coordinates": [ [ [ -54.767717, -22.276175 ], [ -54.767704, -22.276264 ], [ -54.767439, -22.276231 ], [ -54.767452, -22.276141 ], [ -54.767717, -22.276175 ] ] ] } },
{ "type": "Feature", "properties": { "id": 78328, "insc_imob": "00.11.31.38.160", "quadra_cartorio": null, "lote_cartorio": "08", "matricula": "149470", "circunscricao": "1º CIRCUNSCRIÇÃO", "zoneamento": "AUM - ÁREA DE USO MISTO", "condominio": null, "area_geom": 275.0, "cnm": "062661.2.0149470-03" }, "geometry": { "type": "Polygon", "coordinates": [ [ [ -54.767704, -22.276264 ], [ -54.767691, -22.276354 ], [ -54.767426, -22.27632 ], [ -54.767439, -22.276231 ], [ -54.767704, -22.276264 ] ] ] } },
{ "type": "Feature", "properties": { "id": 78329, "insc_imob": "00.11.31.38.150", "quadra_cartorio": null, "lote_cartorio": "09", "matricula": "149471", "circunscricao": "1º CIRCUNSCRIÇÃO", "zoneamento": "AUM - ÁREA DE USO MISTO", "condominio": null, "area_geom": 275.0, "cnm": "062661.2.0149471-97" }, "geometry": { "type": "Polygon", "coordinates": [ [ [ -54.767691, -22.276354 ], [ -54.767678, -22.276443 ], [ -54.767414, -22.27641 ], [ -54.767426, -22.27632 ], [ -54.767691, -22.276354 ] ] ] } },
{ "type": "Feature", "properties": { "id": 78330, "insc_imob": "00.11.31.38.140", "quadra_cartorio": null, "lote_cartorio": "10", "matricula": "149472", "circunscricao": "1º CIRCUNSCRIÇÃO", "zoneamento": "AUM - ÁREA DE USO MISTO", "condominio": null, "area_geom": 275.0, "cnm": "062661.2.0149472-94" }, "geometry": { "type": "Polygon", "coordinates": [ [ [ -54.767678, -22.276443 ], [ -54.767665, -22.276533 ], [ -54.767401, -22.276499 ], [ -54.767414, -22.27641 ], [ -54.767678, -22.276443 ] ] ] } },
{ "type": "Feature", "properties": { "id": 78331, "insc_imob": "00.11.31.38.130", "quadra_cartorio": null, "lote_cartorio": "11", "matricula": "149473", "circunscricao": "1º CIRCUNSCRIÇÃO", "zoneamento": "AUM - ÁREA DE USO MISTO", "condominio": null, "area_geom": 306.12, "cnm": "062661.2.0149473-91" }, "geometry": { "type": "Polygon", "coordinates": [ [ [ -54.767665, -22.276533 ], [ -54.767652, -22.276622 ], [ -54.767385, -22.276609 ], [ -54.767401, -22.276499 ], [ -54.767665, -22.276533 ] ] ] } },
{ "type": "Feature", "properties": { "id": 78332, "insc_imob": "00.11.31.38.020", "quadra_cartorio": null, "lote_cartorio": "22", "matricula": "149484", "circunscricao": "1º CIRCUNSCRIÇÃO", "zoneamento": "AUM - ÁREA DE USO MISTO", "condominio": null, "area_geom": 260.77, "cnm": "062661.2.0149484-58" }, "geometry": { "type": "Polygon", "coordinates": [ [ [ -54.767539, -22.275542 ], [ -54.767522, -22.275658 ], [ -54.76733, -22.275634 ], [ -54.767347, -22.275517 ], [ -54.767539, -22.275542 ] ] ] } },
{ "type": "Feature", "properties": { "id": 78333, "insc_imob": "00.11.31.38.030", "quadra_cartorio": null, "lote_cartorio": "21", "matricula": "149483", "circunscricao": "1º CIRCUNSCRIÇÃO", "zoneamento": "AUM - ÁREA DE USO MISTO", "condominio": null, "area_geom": 240.0, "cnm": "062661.2.0149483-61" }, "geometry": { "type": "Polygon", "coordinates": [ [ [ -54.76733, -22.275634 ], [ -54.767522, -22.275658 ], [ -54.767507, -22.275766 ], [ -54.767315, -22.275742 ], [ -54.76733, -22.275634 ] ] ] } },
{ "type": "Feature", "properties": { "id": 78334, "insc_imob": "00.11.31.38.040", "quadra_cartorio": null, "lote_cartorio": "20", "matricula": "149482", "circunscricao": "1º CIRCUNSCRIÇÃO", "zoneamento": "AUM - ÁREA DE USO MISTO", "condominio": null, "area_geom": 240.0, "cnm": "062661.2.0149482-64" }, "geometry": { "type": "Polygon", "coordinates": [ [ [ -54.767299, -22.275849 ], [ -54.767315, -22.275742 ], [ -54.767507, -22.275766 ], [ -54.767491, -22.275873 ], [ -54.767299, -22.275849 ] ] ] } },
{ "type": "Feature", "properties": { "id": 78335, "insc_imob": "00.11.31.38.050", "quadra_cartorio": null, "lote_cartorio": "19", "matricula": "149481", "circunscricao": "1º CIRCUNSCRIÇÃO", "zoneamento": "AUM - ÁREA DE USO MISTO", "condominio": null, "area_geom": 200.0, "cnm": "062661.2.0149481-67" }, "geometry": { "type": "Polygon", "coordinates": [ [ [ -54.767491, -22.275873 ], [ -54.767478, -22.275962 ], [ -54.767286, -22.275938 ], [ -54.767299, -22.275849 ], [ -54.767491, -22.275873 ] ] ] } },
{ "type": "Feature", "properties": { "id": 78336, "insc_imob": "00.11.31.38.060", "quadra_cartorio": null, "lote_cartorio": "18", "matricula": "149480", "circunscricao": "1º CIRCUNSCRIÇÃO", "zoneamento": "AUM - ÁREA DE USO MISTO", "condominio": null, "area_geom": 200.0, "cnm": "062661.2.0149480-70" }, "geometry": { "type": "Polygon", "coordinates": [ [ [ -54.767478, -22.275962 ], [ -54.767465, -22.276052 ], [ -54.767273, -22.276028 ], [ -54.767286, -22.275938 ], [ -54.767478, -22.275962 ] ] ] } },
{ "type": "Feature", "properties": { "id": 78337, "insc_imob": "00.11.31.38.070", "quadra_cartorio": null, "lote_cartorio": "17", "matricula": "149479", "circunscricao": "1º CIRCUNSCRIÇÃO", "zoneamento": "AUM - ÁREA DE USO MISTO", "condominio": null, "area_geom": 200.0, "cnm": "062661.2.0149479-73" }, "geometry": { "type": "Polygon", "coordinates": [ [ [ -54.767465, -22.276052 ], [ -54.767452, -22.276141 ], [ -54.76726, -22.276117 ], [ -54.767273, -22.276028 ], [ -54.767465, -22.276052 ] ] ] } },
{ "type": "Feature", "properties": { "id": 78338, "insc_imob": "00.11.31.38.080", "quadra_cartorio": null, "lote_cartorio": "16", "matricula": "149478", "circunscricao": "1º CIRCUNSCRIÇÃO", "zoneamento": "AUM - ÁREA DE USO MISTO", "condominio": null, "area_geom": 200.0, "cnm": "062661.2.0149478-76" }, "geometry": { "type": "Polygon", "coordinates": [ [ [ -54.767452, -22.276141 ], [ -54.767439, -22.276231 ], [ -54.767247, -22.276207 ], [ -54.76726, -22.276117 ], [ -54.767452, -22.276141 ] ] ] } },
{ "type": "Feature", "properties": { "id": 78339, "insc_imob": "00.11.31.38.090", "quadra_cartorio": null, "lote_cartorio": "15", "matricula": "149477", "circunscricao": "1º CIRCUNSCRIÇÃO", "zoneamento": "AUM - ÁREA DE USO MISTO", "condominio": null, "area_geom": 200.0, "cnm": "062661.2.0149477-79" }, "geometry": { "type": "Polygon", "coordinates": [ [ [ -54.767439, -22.276231 ], [ -54.767426, -22.27632 ], [ -54.767234, -22.276296 ], [ -54.767247, -22.276207 ], [ -54.767439, -22.276231 ] ] ] } },
{ "type": "Feature", "properties": { "id": 78340, "insc_imob": "00.11.31.38.100", "quadra_cartorio": null, "lote_cartorio": "14", "matricula": "149476", "circunscricao": "1º CIRCUNSCRIÇÃO", "zoneamento": "AUM - ÁREA DE USO MISTO", "condominio": null, "area_geom": 200.0, "cnm": "062661.2.0149476-82" }, "geometry": { "type": "Polygon", "coordinates": [ [ [ -54.767426, -22.27632 ], [ -54.767414, -22.27641 ], [ -54.767221, -22.276386 ], [ -54.767234, -22.276296 ], [ -54.767426, -22.27632 ] ] ] } },
{ "type": "Feature", "properties": { "id": 78341, "insc_imob": "00.11.31.38.110", "quadra_cartorio": null, "lote_cartorio": "13", "matricula": "149475", "circunscricao": "1º CIRCUNSCRIÇÃO", "zoneamento": "AUM - ÁREA DE USO MISTO", "condominio": null, "area_geom": 200.0, "cnm": "062661.2.0149475-85" }, "geometry": { "type": "Polygon", "coordinates": [ [ [ -54.767414, -22.27641 ], [ -54.767401, -22.276499 ], [ -54.767208, -22.276475 ], [ -54.767221, -22.276386 ], [ -54.767414, -22.27641 ] ] ] } },
{ "type": "Feature", "properties": { "id": 78342, "insc_imob": "00.11.31.38.120", "quadra_cartorio": null, "lote_cartorio": "12", "matricula": "149474", "circunscricao": "1º CIRCUNSCRIÇÃO", "zoneamento": "AUM - ÁREA DE USO MISTO", "condominio": null, "area_geom": 261.72, "cnm": "062661.2.0149474-88" }, "geometry": { "type": "Polygon", "coordinates": [ [ [ -54.767401, -22.276499 ], [ -54.767385, -22.276609 ], [ -54.76719, -22.2766 ], [ -54.767208, -22.276475 ], [ -54.767401, -22.276499 ] ] ] } },
{ "type": "Feature", "properties": { "id": 78343, "insc_imob": "00.11.31.39.220", "quadra_cartorio": null, "lote_cartorio": "04", "matricula": "149488", "circunscricao": "1º CIRCUNSCRIÇÃO", "zoneamento": "AUM - ÁREA DE USO MISTO", "condominio": null, "area_geom": 200.0, "cnm": "062661.2.0149488-46" }, "geometry": { "type": "Polygon", "coordinates": [ [ [ -54.767148, -22.275877 ], [ -54.766956, -22.275853 ], [ -54.766969, -22.275763 ], [ -54.767161, -22.275787 ], [ -54.767148, -22.275877 ] ] ] } },
{ "type": "Feature", "properties": { "id": 78348, "insc_imob": "00.11.31.39.170", "quadra_cartorio": null, "lote_cartorio": "09", "matricula": "149493", "circunscricao": "1º CIRCUNSCRIÇÃO", "zoneamento": "AUM - ÁREA DE USO MISTO", "condominio": null, "area_geom": 200.0, "cnm": "062661.2.0149493-31" }, "geometry": { "type": "Polygon", "coordinates": [ [ [ -54.767083, -22.276324 ], [ -54.766891, -22.2763 ], [ -54.766904, -22.276211 ], [ -54.767096, -22.276235 ], [ -54.767083, -22.276324 ] ] ] } },
{ "type": "Feature", "properties": { "id": 78349, "insc_imob": "00.11.31.39.160", "quadra_cartorio": null, "lote_cartorio": "10", "matricula": "149494", "circunscricao": "1º CIRCUNSCRIÇÃO", "zoneamento": "AUM - ÁREA DE USO MISTO", "condominio": null, "area_geom": 200.0, "cnm": "062661.2.0149494-28" }, "geometry": { "type": "Polygon", "coordinates": [ [ [ -54.76707, -22.276414 ], [ -54.766878, -22.27639 ], [ -54.766891, -22.2763 ], [ -54.767083, -22.276324 ], [ -54.76707, -22.276414 ] ] ] } },
{ "type": "Feature", "properties": { "id": 78350, "insc_imob": "00.11.31.39.150", "quadra_cartorio": null, "lote_cartorio": "11", "matricula": "149495", "circunscricao": "1º CIRCUNSCRIÇÃO", "zoneamento": "AUM - ÁREA DE USO MISTO", "condominio": null, "area_geom": 200.0, "cnm": "062661.2.0149495-25" }, "geometry": { "type": "Polygon", "coordinates": [ [ [ -54.767057, -22.276503 ], [ -54.766865, -22.276479 ], [ -54.766878, -22.27639 ], [ -54.76707, -22.276414 ], [ -54.767057, -22.276503 ] ] ] } },
{ "type": "Feature", "properties": { "id": 78351, "insc_imob": "00.11.31.39.140", "quadra_cartorio": null, "lote_cartorio": "12", "matricula": "149496", "circunscricao": "1º CIRCUNSCRIÇÃO", "zoneamento": "AUM - ÁREA DE USO MISTO", "condominio": null, "area_geom": 216.46, "cnm": "062661.2.0149496-22" }, "geometry": { "type": "Polygon", "coordinates": [ [ [ -54.767044, -22.276593 ], [ -54.76685, -22.276583 ], [ -54.766865, -22.276479 ], [ -54.767057, -22.276503 ], [ -54.767044, -22.276593 ] ] ] } },
{ "type": "Feature", "properties": { "id": 78352, "insc_imob": "00.11.31.39.230", "quadra_cartorio": null, "lote_cartorio": "03", "matricula": "149487", "circunscricao": "1º CIRCUNSCRIÇÃO", "zoneamento": "AUM - ÁREA DE USO MISTO", "condominio": null, "area_geom": 200.0, "cnm": "062661.2.0149487-49" }, "geometry": { "type": "Polygon", "coordinates": [ [ [ -54.767161, -22.275787 ], [ -54.766969, -22.275763 ], [ -54.766982, -22.275674 ], [ -54.767174, -22.275698 ], [ -54.767161, -22.275787 ] ] ] } },
{ "type": "Feature", "properties": { "id": 78353, "insc_imob": "00.11.31.39.240", "quadra_cartorio": null, "lote_cartorio": "02", "matricula": "149486", "circunscricao": "1º CIRCUNSCRIÇÃO", "zoneamento": "AUM - ÁREA DE USO MISTO", "condominio": null, "area_geom": 200.0, "cnm": "062661.2.0149486-52" }, "geometry": { "type": "Polygon", "coordinates": [ [ [ -54.767174, -22.275698 ], [ -54.766982, -22.275674 ], [ -54.766995, -22.275584 ], [ -54.767187, -22.275608 ], [ -54.767174, -22.275698 ] ] ] } },
{ "type": "Feature", "properties": { "id": 78355, "insc_imob": "00.11.31.39.040", "quadra_cartorio": null, "lote_cartorio": "22", "matricula": "149506", "circunscricao": "1º CIRCUNSCRIÇÃO", "zoneamento": "AUM - ÁREA DE USO MISTO", "condominio": null, "area_geom": 275.0, "cnm": "062661.2.0149506-89" }, "geometry": { "type": "Polygon", "coordinates": [ [ [ -54.766717, -22.275641 ], [ -54.766982, -22.275674 ], [ -54.766969, -22.275763 ], [ -54.766704, -22.27573 ], [ -54.766717, -22.275641 ] ] ] } },
{ "type": "Feature", "properties": { "id": 78356, "insc_imob": "00.11.31.39.050", "quadra_cartorio": null, "lote_cartorio": "21", "matricula": "149505", "circunscricao": "1º CIRCUNSCRIÇÃO", "zoneamento": "AUM - ÁREA DE USO MISTO", "condominio": null, "area_geom": 275.0, "cnm": "062661.2.0149505-92" }, "geometry": { "type": "Polygon", "coordinates": [ [ [ -54.766704, -22.27573 ], [ -54.766969, -22.275763 ], [ -54.766956, -22.275853 ], [ -54.766692, -22.27582 ], [ -54.766704, -22.27573 ] ] ] } },
{ "type": "Feature", "properties": { "id": 78357, "insc_imob": "00.11.31.39.060", "quadra_cartorio": null, "lote_cartorio": "20", "matricula": "149504", "circunscricao": "1º CIRCUNSCRIÇÃO", "zoneamento": "AUM - ÁREA DE USO MISTO", "condominio": null, "area_geom": 275.0, "cnm": "062661.2.0149504-95" }, "geometry": { "type": "Polygon", "coordinates": [ [ [ -54.766692, -22.27582 ], [ -54.766956, -22.275853 ], [ -54.766943, -22.275942 ], [ -54.766679, -22.275909 ], [ -54.766692, -22.27582 ] ] ] } },
{ "type": "Feature", "properties": { "id": 78358, "insc_imob": "00.11.31.39.070", "quadra_cartorio": null, "lote_cartorio": "19", "matricula": "149503", "circunscricao": "1º CIRCUNSCRIÇÃO", "zoneamento": "AUM - ÁREA DE USO MISTO", "condominio": null, "area_geom": 275.0, "cnm": "062661.2.0149503-98" }, "geometry": { "type": "Polygon", "coordinates": [ [ [ -54.766679, -22.275909 ], [ -54.766943, -22.275942 ], [ -54.766933, -22.276007 ], [ -54.76693, -22.276032 ], [ -54.766666, -22.275998 ], [ -54.766679, -22.275909 ] ] ] } },
{ "type": "Feature", "properties": { "id": 78359, "insc_imob": "00.11.31.39.080", "quadra_cartorio": null, "lote_cartorio": "18", "matricula": "149502", "circunscricao": "1º CIRCUNSCRIÇÃO", "zoneamento": "AUM - ÁREA DE USO MISTO", "condominio": null, "area_geom": 275.0, "cnm": "062661.2.0149502-04" }, "geometry": { "type": "Polygon", "coordinates": [ [ [ -54.766666, -22.275998 ], [ -54.76693, -22.276032 ], [ -54.766917, -22.276121 ], [ -54.766653, -22.276088 ], [ -54.766666, -22.275998 ] ] ] } },
{ "type": "Feature", "properties": { "id": 78360, "insc_imob": "00.11.31.39.090", "quadra_cartorio": null, "lote_cartorio": "17", "matricula": "149501", "circunscricao": "1º CIRCUNSCRIÇÃO", "zoneamento": "AUM - ÁREA DE USO MISTO", "condominio": null, "area_geom": 275.0, "cnm": "062661.2.0149501-07" }, "geometry": { "type": "Polygon", "coordinates": [ [ [ -54.766653, -22.276088 ], [ -54.766917, -22.276121 ], [ -54.766904, -22.276211 ], [ -54.76664, -22.276177 ], [ -54.766653, -22.276088 ] ] ] } },
{ "type": "Feature", "properties": { "id": 78361, "insc_imob": "00.11.31.39.100", "quadra_cartorio": null, "lote_cartorio": "16", "matricula": "149500", "circunscricao": "1º CIRCUNSCRIÇÃO", "zoneamento": "AUM - ÁREA DE USO MISTO", "condominio": null, "area_geom": 275.0, "cnm": "062661.2.0149500-10" }, "geometry": { "type": "Polygon", "coordinates": [ [ [ -54.76664, -22.276177 ], [ -54.766904, -22.276211 ], [ -54.766891, -22.2763 ], [ -54.766627, -22.276267 ], [ -54.76664, -22.276177 ] ] ] } },
{ "type": "Feature", "properties": { "id": 78362, "insc_imob": "00.11.31.39.110", "quadra_cartorio": null, "lote_cartorio": "15", "matricula": "149499", "circunscricao": "1º CIRCUNSCRIÇÃO", "zoneamento": "AUM - ÁREA DE USO MISTO", "condominio": null, "area_geom": 275.0, "cnm": "062661.2.0149499-13" }, "geometry": { "type": "Polygon", "coordinates": [ [ [ -54.766627, -22.276267 ], [ -54.766891, -22.2763 ], [ -54.766878, -22.27639 ], [ -54.766614, -22.276356 ], [ -54.766627, -22.276267 ] ] ] } },
{ "type": "Feature", "properties": { "id": 78363, "insc_imob": "00.11.31.39.120", "quadra_cartorio": null, "lote_cartorio": "14", "matricula": "149498", "circunscricao": "1º CIRCUNSCRIÇÃO", "zoneamento": "AUM - ÁREA DE USO MISTO", "condominio": null, "area_geom": 275.0, "cnm": "062661.2.0149498-16" }, "geometry": { "type": "Polygon", "coordinates": [ [ [ -54.766614, -22.276356 ], [ -54.766878, -22.27639 ], [ -54.766865, -22.276479 ], [ -54.766601, -22.276446 ], [ -54.766614, -22.276356 ] ] ] } },
{ "type": "Feature", "properties": { "id": 78364, "insc_imob": "00.11.31.39.130", "quadra_cartorio": null, "lote_cartorio": "13", "matricula": "149497", "circunscricao": "1º CIRCUNSCRIÇÃO", "zoneamento": "AUM - ÁREA DE USO MISTO", "condominio": null, "area_geom": 351.38, "cnm": "062661.2.0149497-19" }, "geometry": { "type": "Polygon", "coordinates": [ [ [ -54.76685, -22.276583 ], [ -54.766583, -22.27657 ], [ -54.766601, -22.276446 ], [ -54.766865, -22.276479 ], [ -54.76685, -22.276583 ] ] ] } },
{ "type": "Feature", "properties": { "id": 78365, "insc_imob": "00.11.31.39.030", "quadra_cartorio": null, "lote_cartorio": "23", "matricula": "149507", "circunscricao": "1º CIRCUNSCRIÇÃO", "zoneamento": "AUM - ÁREA DE USO MISTO", "condominio": null, "area_geom": 275.0, "cnm": "062661.2.0149507-86" }, "geometry": { "type": "Polygon", "coordinates": [ [ [ -54.76673, -22.275551 ], [ -54.766995, -22.275584 ], [ -54.766982, -22.275674 ], [ -54.766717, -22.275641 ], [ -54.76673, -22.275551 ] ] ] } },
{ "type": "Feature", "properties": { "id": 78366, "insc_imob": "00.11.31.39.020", "quadra_cartorio": null, "lote_cartorio": "24", "matricula": "149508", "circunscricao": "1º CIRCUNSCRIÇÃO", "zoneamento": "AUM - ÁREA DE USO MISTO", "condominio": null, "area_geom": 335.0, "cnm": "062661.2.0149508-83" }, "geometry": { "type": "Polygon", "coordinates": [ [ [ -54.767011, -22.275475 ], [ -54.766995, -22.275584 ], [ -54.76673, -22.275551 ], [ -54.766746, -22.275442 ], [ -54.767011, -22.275475 ] ] ] } },
{ "type": "Feature", "properties": { "id": 78367, "insc_imob": "00.11.31.40.010", "quadra_cartorio": null, "lote_cartorio": "01", "matricula": "149509", "circunscricao": "1º CIRCUNSCRIÇÃO", "zoneamento": "AUM - ÁREA DE USO MISTO", "condominio": null, "area_geom": 251.3, "cnm": "062661.2.0149509-80" }, "geometry": { "type": "Polygon", "coordinates": [ [ [ -54.766506, -22.275412 ], [ -54.766493, -22.275501 ], [ -54.766251, -22.275471 ], [ -54.766264, -22.275382 ], [ -54.766506, -22.275412 ] ] ] } },
{ "type": "Feature", "properties": { "id": 78368, "insc_imob": "00.11.31.40.240", "quadra_cartorio": null, "lote_cartorio": "02", "matricula": "149510", "circunscricao": "1º CIRCUNSCRIÇÃO", "zoneamento": "AUM - ÁREA DE USO MISTO", "condominio": null, "area_geom": 251.3, "cnm": "062661.2.0149510-77" }, "geometry": { "type": "Polygon", "coordinates": [ [ [ -54.766238, -22.275561 ], [ -54.766251, -22.275471 ], [ -54.766493, -22.275501 ], [ -54.76648, -22.275591 ], [ -54.766238, -22.275561 ] ] ] } },
{ "type": "Feature", "properties": { "id": 78369, "insc_imob": "00.11.31.40.230", "quadra_cartorio": null, "lote_cartorio": "03", "matricula": "149511", "circunscricao": "1º CIRCUNSCRIÇÃO", "zoneamento": "AUM - ÁREA DE USO MISTO", "condominio": null, "area_geom": 251.3, "cnm": "062661.2.0149511-74" }, "geometry": { "type": "Polygon", "coordinates": [ [ [ -54.76648, -22.275591 ], [ -54.766467, -22.27568 ], [ -54.766225, -22.27565 ], [ -54.766238, -22.275561 ], [ -54.76648, -22.275591 ] ] ] } },
{ "type": "Feature", "properties": { "id": 78370, "insc_imob": "00.11.31.40.220", "quadra_cartorio": null, "lote_cartorio": "04", "matricula": "149512", "circunscricao": "1º CIRCUNSCRIÇÃO", "zoneamento": "AUM - ÁREA DE USO MISTO", "condominio": null, "area_geom": 251.3, "cnm": "062661.2.0149512-71" }, "geometry": { "type": "Polygon", "coordinates": [ [ [ -54.766225, -22.27565 ], [ -54.766467, -22.27568 ], [ -54.766454, -22.27577 ], [ -54.766212, -22.275739 ], [ -54.766225, -22.27565 ] ] ] } },
{ "type": "Feature", "properties": { "id": 78371, "insc_imob": "00.11.31.40.210", "quadra_cartorio": null, "lote_cartorio": "05", "matricula": "149513", "circunscricao": "1º CIRCUNSCRIÇÃO", "zoneamento": "AUM - ÁREA DE USO MISTO", "condominio": null, "area_geom": 200.0, "cnm": "062661.2.0149513-68" }, "geometry": { "type": "Polygon", "coordinates": [ [ [ -54.766238, -22.275561 ], [ -54.766225, -22.27565 ], [ -54.766212, -22.275739 ], [ -54.766116, -22.275727 ], [ -54.766142, -22.275548 ], [ -54.766238, -22.275561 ] ] ] } },
{ "type": "Feature", "properties": { "id": 78373, "insc_imob": "00.11.31.40.190", "quadra_cartorio": null, "lote_cartorio": "07", "matricula": "149515", "circunscricao": "1º CIRCUNSCRIÇÃO", "zoneamento": "AUM - ÁREA DE USO MISTO", "condominio": null, "area_geom": 200.0, "cnm": "062661.2.0149515-62" }, "geometry": { "type": "Polygon", "coordinates": [ [ [ -54.766046, -22.275536 ], [ -54.76602, -22.275715 ], [ -54.765924, -22.275703 ], [ -54.76595, -22.275524 ], [ -54.766046, -22.275536 ] ] ] } },
{ "type": "Feature", "properties": { "id": 78376, "insc_imob": "00.11.31.40.160", "quadra_cartorio": null, "lote_cartorio": "10", "matricula": "149518", "circunscricao": "1º CIRCUNSCRIÇÃO", "zoneamento": "AUM - ÁREA DE USO MISTO", "condominio": null, "area_geom": 200.0, "cnm": "062661.2.0149518-53" }, "geometry": { "type": "Polygon", "coordinates": [ [ [ -54.765758, -22.2755 ], [ -54.765732, -22.275679 ], [ -54.765636, -22.275667 ], [ -54.765662, -22.275488 ], [ -54.765758, -22.2755 ] ] ] } },
{ "type": "Feature", "properties": { "id": 78377, "insc_imob": "00.11.31.40.150", "quadra_cartorio": null, "lote_cartorio": "11", "matricula": "149519", "circunscricao": "1º CIRCUNSCRIÇÃO", "zoneamento": "AUM - ÁREA DE USO MISTO", "condominio": null, "area_geom": 200.0, "cnm": "062661.2.0149519-50" }, "geometry": { "type": "Polygon", "coordinates": [ [ [ -54.765662, -22.275488 ], [ -54.765636, -22.275667 ], [ -54.765539, -22.275655 ], [ -54.765565, -22.275476 ], [ -54.765662, -22.275488 ] ] ] } },
{ "type": "Feature", "properties": { "id": 78378, "insc_imob": "00.11.31.40.140", "quadra_cartorio": null, "lote_cartorio": "12", "matricula": "149520", "circunscricao": "1º CIRCUNSCRIÇÃO", "zoneamento": "AUM - ÁREA DE USO MISTO", "condominio": null, "area_geom": 200.0, "cnm": "062661.2.0149520-47" }, "geometry": { "type": "Polygon", "coordinates": [ [ [ -54.765456, -22.275553 ], [ -54.765469, -22.275464 ], [ -54.765565, -22.275476 ], [ -54.765539, -22.275655 ], [ -54.765443, -22.275643 ], [ -54.765456, -22.275553 ] ] ] } },
{ "type": "Feature", "properties": { "id": 78379, "insc_imob": "00.11.31.40.110", "quadra_cartorio": null, "lote_cartorio": "15", "matricula": "149523", "circunscricao": "1º CIRCUNSCRIÇÃO", "zoneamento": "AUM - ÁREA DE USO MISTO", "condominio": null, "area_geom": 213.3, "cnm": "062661.2.0149523-38" }, "geometry": { "type": "Polygon", "coordinates": [ [ [ -54.765469, -22.275464 ], [ -54.76526, -22.275438 ], [ -54.765281, -22.275349 ], [ -54.765482, -22.275375 ], [ -54.765469, -22.275464 ] ] ] } },
{ "type": "Feature", "properties": { "id": 78380, "insc_imob": "00.11.31.40.120", "quadra_cartorio": null, "lote_cartorio": "14", "matricula": "149522", "circunscricao": "1º CIRCUNSCRIÇÃO", "zoneamento": "AUM - ÁREA DE USO MISTO", "condominio": null, "area_geom": 222.15, "cnm": "062661.2.0149522-41" }, "geometry": { "type": "Polygon", "coordinates": [ [ [ -54.765456, -22.275553 ], [ -54.765238, -22.275526 ], [ -54.76526, -22.275438 ], [ -54.765469, -22.275464 ], [ -54.765456, -22.275553 ] ] ] } },
{ "type": "Feature", "properties": { "id": 78382, "insc_imob": "00.11.31.40.130", "quadra_cartorio": null, "lote_cartorio": "13", "matricula": "149521", "circunscricao": "1º CIRCUNSCRIÇÃO", "zoneamento": "AUM - ÁREA DE USO MISTO", "condominio": null, "area_geom": 231.01, "cnm": "062661.2.0149521-44" }, "geometry": { "type": "Polygon", "coordinates": [ [ [ -54.765443, -22.275643 ], [ -54.765217, -22.275615 ], [ -54.765238, -22.275526 ], [ -54.765456, -22.275553 ], [ -54.765443, -22.275643 ] ] ] } },
{ "type": "Feature", "properties": { "id": 78383, "insc_imob": "00.11.31.40.100", "quadra_cartorio": null, "lote_cartorio": "16", "matricula": "149524", "circunscricao": "1º CIRCUNSCRIÇÃO", "zoneamento": "AUM - ÁREA DE USO MISTO", "condominio": null, "area_geom": 204.44, "cnm": "062661.2.0149524-35" }, "geometry": { "type": "Polygon", "coordinates": [ [ [ -54.765482, -22.275375 ], [ -54.765281, -22.275349 ], [ -54.765303, -22.275261 ], [ -54.765495, -22.275285 ], [ -54.765482, -22.275375 ] ] ] } },
{ "type": "Feature", "properties": { "id": 78384, "insc_imob": "00.11.31.40.040", "quadra_cartorio": null, "lote_cartorio": "22", "matricula": "149530", "circunscricao": "1º CIRCUNSCRIÇÃO", "zoneamento": "AUM - ÁREA DE USO MISTO", "condominio": null, "area_geom": 200.0, "cnm": "062661.2.0149530-17" }, "geometry": { "type": "Polygon", "coordinates": [ [ [ -54.766072, -22.275357 ], [ -54.766046, -22.275536 ], [ -54.76595, -22.275524 ], [ -54.765976, -22.275345 ], [ -54.766072, -22.275357 ] ] ] } },
{ "type": "Feature", "properties": { "id": 78385, "insc_imob": "00.11.31.40.050", "quadra_cartorio": null, "lote_cartorio": "21", "matricula": "149529", "circunscricao": "1º CIRCUNSCRIÇÃO", "zoneamento": "AUM - ÁREA DE USO MISTO", "condominio": null, "area_geom": 200.0, "cnm": "062661.2.0149529-20" }, "geometry": { "type": "Polygon", "coordinates": [ [ [ -54.765976, -22.275345 ], [ -54.76595, -22.275524 ], [ -54.765854, -22.275512 ], [ -54.76588, -22.275333 ], [ -54.765976, -22.275345 ] ] ] } },
{ "type": "Feature", "properties": { "id": 78386, "insc_imob": "00.11.31.40.060", "quadra_cartorio": null, "lote_cartorio": "20", "matricula": "149528", "circunscricao": "1º CIRCUNSCRIÇÃO", "zoneamento": "AUM - ÁREA DE USO MISTO", "condominio": null, "area_geom": 200.0, "cnm": "062661.2.0149528-23" }, "geometry": { "type": "Polygon", "coordinates": [ [ [ -54.76588, -22.275333 ], [ -54.765854, -22.275512 ], [ -54.765758, -22.2755 ], [ -54.765784, -22.275321 ], [ -54.76588, -22.275333 ] ] ] } },
{ "type": "Feature", "properties": { "id": 78387, "insc_imob": "00.11.31.40.070", "quadra_cartorio": null, "lote_cartorio": "19", "matricula": "149527", "circunscricao": "1º CIRCUNSCRIÇÃO", "zoneamento": "AUM - ÁREA DE USO MISTO", "condominio": null, "area_geom": 200.0, "cnm": "062661.2.0149527-26" }, "geometry": { "type": "Polygon", "coordinates": [ [ [ -54.765784, -22.275321 ], [ -54.765758, -22.2755 ], [ -54.765662, -22.275488 ], [ -54.765687, -22.275309 ], [ -54.765784, -22.275321 ] ] ] } },
{ "type": "Feature", "properties": { "id": 78388, "insc_imob": "00.11.31.40.080", "quadra_cartorio": null, "lote_cartorio": "18", "matricula": "149526", "circunscricao": "1º CIRCUNSCRIÇÃO", "zoneamento": "AUM - ÁREA DE USO MISTO", "condominio": null, "area_geom": 200.0, "cnm": "062661.2.0149526-29" }, "geometry": { "type": "Polygon", "coordinates": [ [ [ -54.765687, -22.275309 ], [ -54.765662, -22.275488 ], [ -54.765565, -22.275476 ], [ -54.765591, -22.275297 ], [ -54.765687, -22.275309 ] ] ] } },
{ "type": "Feature", "properties": { "id": 78389, "insc_imob": "00.11.31.40.090", "quadra_cartorio": null, "lote_cartorio": "17", "matricula": "149525", "circunscricao": "1º CIRCUNSCRIÇÃO", "zoneamento": "AUM - ÁREA DE USO MISTO", "condominio": null, "area_geom": 200.0, "cnm": "062661.2.0149525-32" }, "geometry": { "type": "Polygon", "coordinates": [ [ [ -54.765591, -22.275297 ], [ -54.765565, -22.275476 ], [ -54.765469, -22.275464 ], [ -54.765482, -22.275375 ], [ -54.765495, -22.275285 ], [ -54.765591, -22.275297 ] ] ] } },
{ "type": "Feature", "properties": { "id": 78390, "insc_imob": "00.11.31.40.030", "quadra_cartorio": null, "lote_cartorio": "23", "matricula": "149531", "circunscricao": "1º CIRCUNSCRIÇÃO", "zoneamento": "AUM - ÁREA DE USO MISTO", "condominio": null, "area_geom": 200.0, "cnm": "062661.2.0149531-14" }, "geometry": { "type": "Polygon", "coordinates": [ [ [ -54.766168, -22.27537 ], [ -54.766142, -22.275548 ], [ -54.766046, -22.275536 ], [ -54.766072, -22.275357 ], [ -54.766168, -22.27537 ] ] ] } },
{ "type": "Feature", "properties": { "id": 78391, "insc_imob": "00.11.31.40.020", "quadra_cartorio": null, "lote_cartorio": "24", "matricula": "149532", "circunscricao": "1º CIRCUNSCRIÇÃO", "zoneamento": "AUM - ÁREA DE USO MISTO", "condominio": null, "area_geom": 200.0, "cnm": "062661.2.0149532-11" }, "geometry": { "type": "Polygon", "coordinates": [ [ [ -54.766264, -22.275382 ], [ -54.766251, -22.275471 ], [ -54.766238, -22.275561 ], [ -54.766142, -22.275548 ], [ -54.766168, -22.27537 ], [ -54.766264, -22.275382 ] ] ] } },
{ "type": "Feature", "properties": { "id": 78406, "insc_imob": "00.11.31.18.040", "quadra_cartorio": null, "lote_cartorio": "04", "matricula": "149391", "circunscricao": "1º CIRCUNSCRIÇÃO", "zoneamento": "AUM - ÁREA DE USO MISTO", "condominio": null, "area_geom": 200.0, "cnm": "062661.2.0149391-46" }, "geometry": { "type": "Polygon", "coordinates": [ [ [ -54.768253, -22.275176 ], [ -54.768061, -22.275152 ], [ -54.768074, -22.275062 ], [ -54.768266, -22.275086 ], [ -54.768253, -22.275176 ] ] ] } },
{ "type": "Feature", "properties": { "id": 78407, "insc_imob": "00.11.31.18.050", "quadra_cartorio": null, "lote_cartorio": "05", "matricula": "149392", "circunscricao": "1º CIRCUNSCRIÇÃO", "zoneamento": "AUM - ÁREA DE USO MISTO", "condominio": null, "area_geom": 200.0, "cnm": "062661.2.0149392-43" }, "geometry": { "type": "Polygon", "coordinates": [ [ [ -54.76824, -22.275265 ], [ -54.768048, -22.275241 ], [ -54.768061, -22.275152 ], [ -54.768253, -22.275176 ], [ -54.76824, -22.275265 ] ] ] } },
{ "type": "Feature", "properties": { "id": 78408, "insc_imob": "00.11.31.18.060", "quadra_cartorio": null, "lote_cartorio": "06", "matricula": "149393", "circunscricao": "1º CIRCUNSCRIÇÃO", "zoneamento": "AUM - ÁREA DE USO MISTO", "condominio": null, "area_geom": 200.0, "cnm": "062661.2.0149393-40" }, "geometry": { "type": "Polygon", "coordinates": [ [ [ -54.768227, -22.275355 ], [ -54.768035, -22.275331 ], [ -54.768048, -22.275241 ], [ -54.76824, -22.275265 ], [ -54.768227, -22.275355 ] ] ] } },
{ "type": "Feature", "properties": { "id": 78409, "insc_imob": "00.11.31.18.070", "quadra_cartorio": null, "lote_cartorio": "07", "matricula": "149394", "circunscricao": "1º CIRCUNSCRIÇÃO", "zoneamento": "AUM - ÁREA DE USO MISTO", "condominio": null, "area_geom": 200.0, "cnm": "062661.2.0149394-37" }, "geometry": { "type": "Polygon", "coordinates": [ [ [ -54.768214, -22.275444 ], [ -54.768022, -22.27542 ], [ -54.768035, -22.275331 ], [ -54.768227, -22.275355 ], [ -54.768214, -22.275444 ] ] ] } },
{ "type": "Feature", "properties": { "id": 78412, "insc_imob": "00.11.31.28.010", "quadra_cartorio": null, "lote_cartorio": "AI", "matricula": "149572", "circunscricao": "1º CIRCUNSCRIÇÃO", "zoneamento": "AUM - ÁREA DE USO MISTO", "condominio": null, "area_geom": 6997.64, "cnm": "062661.2.0149572-85" }, "geometry": { "type": "Polygon", "coordinates": [ [ [ -54.768841, -22.275709 ], [ -54.768296, -22.276501 ], [ -54.768191, -22.276653 ], [ -54.767849, -22.276636 ], [ -54.767996, -22.275599 ], [ -54.768841, -22.275709 ] ] ] } },
{ "type": "Feature", "properties": { "id": 78413, "insc_imob": "00.11.31.50.010", "quadra_cartorio": null, "lote_cartorio": "01", "matricula": "149533", "circunscricao": "1º CIRCUNSCRIÇÃO", "zoneamento": "AUM - ÁREA DE USO MISTO", "condominio": null, "area_geom": 204.01, "cnm": "062661.2.0149533-08" }, "geometry": { "type": "Polygon", "coordinates": [ [ [ -54.766435, -22.275904 ], [ -54.766422, -22.275994 ], [ -54.766225, -22.275969 ], [ -54.766238, -22.275879 ], [ -54.766435, -22.275904 ] ] ] } },
{ "type": "Feature", "properties": { "id": 78414, "insc_imob": "00.11.31.50.260", "quadra_cartorio": null, "lote_cartorio": "02", "matricula": "149534", "circunscricao": "1º CIRCUNSCRIÇÃO", "zoneamento": "AUM - ÁREA DE USO MISTO", "condominio": null, "area_geom": 204.01, "cnm": "062661.2.0149534-05" }, "geometry": { "type": "Polygon", "coordinates": [ [ [ -54.766213, -22.276058 ], [ -54.766225, -22.275969 ], [ -54.766422, -22.275994 ], [ -54.766409, -22.276083 ], [ -54.766213, -22.276058 ] ] ] } },
{ "type": "Feature", "properties": { "id": 78415, "insc_imob": "00.11.31.50.250", "quadra_cartorio": null, "lote_cartorio": "03", "matricula": "149535", "circunscricao": "1º CIRCUNSCRIÇÃO", "zoneamento": "AUM - ÁREA DE USO MISTO", "condominio": null, "area_geom": 204.01, "cnm": "062661.2.0149535-02" }, "geometry": { "type": "Polygon", "coordinates": [ [ [ -54.766409, -22.276083 ], [ -54.766396, -22.276172 ], [ -54.7662, -22.276148 ], [ -54.766213, -22.276058 ], [ -54.766409, -22.276083 ] ] ] } },
{ "type": "Feature", "properties": { "id": 78416, "insc_imob": "00.11.31.50.240", "quadra_cartorio": null, "lote_cartorio": "04", "matricula": "149536", "circunscricao": "1º CIRCUNSCRIÇÃO", "zoneamento": "AUM - ÁREA DE USO MISTO", "condominio": null, "area_geom": 204.01, "cnm": "062661.2.0149536-96" }, "geometry": { "type": "Polygon", "coordinates": [ [ [ -54.766383, -22.276262 ], [ -54.766187, -22.276237 ], [ -54.7662, -22.276148 ], [ -54.766396, -22.276172 ], [ -54.766383, -22.276262 ] ] ] } },
{ "type": "Feature", "properties": { "id": 78417, "insc_imob": "00.11.31.50.230", "quadra_cartorio": null, "lote_cartorio": "05", "matricula": "149537", "circunscricao": "1º CIRCUNSCRIÇÃO", "zoneamento": "AUM - ÁREA DE USO MISTO", "condominio": null, "area_geom": 200.0, "cnm": "062661.2.0149537-93" }, "geometry": { "type": "Polygon", "coordinates": [ [ [ -54.766213, -22.276058 ], [ -54.7662, -22.276148 ], [ -54.766187, -22.276237 ], [ -54.76609, -22.276225 ], [ -54.766116, -22.276046 ], [ -54.766213, -22.276058 ] ] ] } },
{ "type": "Feature", "properties": { "id": 78418, "insc_imob": "00.11.31.50.220", "quadra_cartorio": null, "lote_cartorio": "06", "matricula": "149538", "circunscricao": "1º CIRCUNSCRIÇÃO", "zoneamento": "AUM - ÁREA DE USO MISTO", "condominio": null, "area_geom": 200.0, "cnm": "062661.2.0149538-90" }, "geometry": { "type": "Polygon", "coordinates": [ [ [ -54.766116, -22.276046 ], [ -54.76609, -22.276225 ], [ -54.765994, -22.276213 ], [ -54.76602, -22.276034 ], [ -54.766116, -22.276046 ] ] ] } },
{ "type": "Feature", "properties": { "id": 78419, "insc_imob": "00.11.31.50.210", "quadra_cartorio": null, "lote_cartorio": "07", "matricula": "149539", "circunscricao": "1º CIRCUNSCRIÇÃO", "zoneamento": "AUM - ÁREA DE USO MISTO", "condominio": null, "area_geom": 200.0, "cnm": "062661.2.0149539-87" }, "geometry": { "type": "Polygon", "coordinates": [ [ [ -54.76602, -22.276034 ], [ -54.765994, -22.276213 ], [ -54.765898, -22.276201 ], [ -54.765924, -22.276022 ], [ -54.76602, -22.276034 ] ] ] } },
{ "type": "Feature", "properties": { "id": 78420, "insc_imob": "00.11.31.50.200", "quadra_cartorio": null, "lote_cartorio": "08", "matricula": "149540", "circunscricao": "1º CIRCUNSCRIÇÃO", "zoneamento": "AUM - ÁREA DE USO MISTO", "condominio": null, "area_geom": 200.0, "cnm": "062661.2.0149540-84" }, "geometry": { "type": "Polygon", "coordinates": [ [ [ -54.765924, -22.276022 ], [ -54.765898, -22.276201 ], [ -54.765802, -22.276189 ], [ -54.765828, -22.27601 ], [ -54.765924, -22.276022 ] ] ] } },
{ "type": "Feature", "properties": { "id": 78421, "insc_imob": "00.11.31.50.190", "quadra_cartorio": null, "lote_cartorio": "09", "matricula": "149541", "circunscricao": "1º CIRCUNSCRIÇÃO", "zoneamento": "AUM - ÁREA DE USO MISTO", "condominio": null, "area_geom": 200.0, "cnm": "062661.2.0149541-81" }, "geometry": { "type": "Polygon", "coordinates": [ [ [ -54.765828, -22.27601 ], [ -54.765802, -22.276189 ], [ -54.765706, -22.276177 ], [ -54.765732, -22.275998 ], [ -54.765828, -22.27601 ] ] ] } },
{ "type": "Feature", "properties": { "id": 78422, "insc_imob": "00.11.31.50.180", "quadra_cartorio": null, "lote_cartorio": "10", "matricula": "149542", "circunscricao": "1º CIRCUNSCRIÇÃO", "zoneamento": "AUM - ÁREA DE USO MISTO", "condominio": null, "area_geom": 200.0, "cnm": "062661.2.0149542-78" }, "geometry": { "type": "Polygon", "coordinates": [ [ [ -54.765732, -22.275998 ], [ -54.765706, -22.276177 ], [ -54.76561, -22.276165 ], [ -54.765636, -22.275986 ], [ -54.765732, -22.275998 ] ] ] } },
{ "type": "Feature", "properties": { "id": 78423, "insc_imob": "00.11.31.50.170", "quadra_cartorio": null, "lote_cartorio": "11", "matricula": "149543", "circunscricao": "1º CIRCUNSCRIÇÃO", "zoneamento": "AUM - ÁREA DE USO MISTO", "condominio": null, "area_geom": 200.0, "cnm": "062661.2.0149543-75" }, "geometry": { "type": "Polygon", "coordinates": [ [ [ -54.765636, -22.275986 ], [ -54.76561, -22.276165 ], [ -54.765514, -22.276153 ], [ -54.76554, -22.275974 ], [ -54.765636, -22.275986 ] ] ] } },
{ "type": "Feature", "properties": { "id": 78424, "insc_imob": "00.11.31.50.160", "quadra_cartorio": null, "lote_cartorio": "12", "matricula": "149544", "circunscricao": "1º CIRCUNSCRIÇÃO", "zoneamento": "AUM - ÁREA DE USO MISTO", "condominio": null, "area_geom": 200.0, "cnm": "062661.2.0149544-72" }, "geometry": { "type": "Polygon", "coordinates": [ [ [ -54.76554, -22.275974 ], [ -54.765514, -22.276153 ], [ -54.765417, -22.276141 ], [ -54.765443, -22.275962 ], [ -54.76554, -22.275974 ] ] ] } },
{ "type": "Feature", "properties": { "id": 78425, "insc_imob": "00.11.31.50.150", "quadra_cartorio": null, "lote_cartorio": "13", "matricula": "149545", "circunscricao": "1º CIRCUNSCRIÇÃO", "zoneamento": "AUM - ÁREA DE USO MISTO", "condominio": null, "area_geom": 200.0, "cnm": "062661.2.0149545-69" }, "geometry": { "type": "Polygon", "coordinates": [ [ [ -54.765443, -22.275962 ], [ -54.765417, -22.276141 ], [ -54.765321, -22.276129 ], [ -54.765347, -22.27595 ], [ -54.765443, -22.275962 ] ] ] } },
{ "type": "Feature", "properties": { "id": 78426, "insc_imob": "00.11.31.50.120", "quadra_cartorio": null, "lote_cartorio": "16", "matricula": "149548", "circunscricao": "1º CIRCUNSCRIÇÃO", "zoneamento": "AUM - ÁREA DE USO MISTO", "condominio": null, "area_geom": 209.3, "cnm": "062661.2.0149548-60" }, "geometry": { "type": "Polygon", "coordinates": [ [ [ -54.765347, -22.27595 ], [ -54.765142, -22.275924 ], [ -54.765163, -22.275836 ], [ -54.76536, -22.27586 ], [ -54.765347, -22.27595 ] ] ] } },
{ "type": "Feature", "properties": { "id": 78427, "insc_imob": "00.11.31.50.130", "quadra_cartorio": null, "lote_cartorio": "15", "matricula": "149547", "circunscricao": "1º CIRCUNSCRIÇÃO", "zoneamento": "AUM - ÁREA DE USO MISTO", "condominio": null, "area_geom": 218.16, "cnm": "062661.2.0149547-63" }, "geometry": { "type": "Polygon", "coordinates": [ [ [ -54.765334, -22.276039 ], [ -54.76512, -22.276012 ], [ -54.765142, -22.275924 ], [ -54.765347, -22.27595 ], [ -54.765334, -22.276039 ] ] ] } },
{ "type": "Feature", "properties": { "id": 78428, "insc_imob": "00.11.31.50.140", "quadra_cartorio": null, "lote_cartorio": "14", "matricula": "149546", "circunscricao": "1º CIRCUNSCRIÇÃO", "zoneamento": "AUM - ÁREA DE USO MISTO", "condominio": null, "area_geom": 227.02, "cnm": "062661.2.0149546-66" }, "geometry": { "type": "Polygon", "coordinates": [ [ [ -54.765321, -22.276129 ], [ -54.765099, -22.276101 ], [ -54.76512, -22.276012 ], [ -54.765334, -22.276039 ], [ -54.765321, -22.276129 ], [ -54.765321, -22.276129 ] ] ] } },
{ "type": "Feature", "properties": { "id": 78429, "insc_imob": "00.11.31.50.110", "quadra_cartorio": null, "lote_cartorio": "17", "matricula": "149549", "circunscricao": "1º CIRCUNSCRIÇÃO", "zoneamento": "AUM - ÁREA DE USO MISTO", "condominio": null, "area_geom": 200.45, "cnm": "062661.2.0149549-57" }, "geometry": { "type": "Polygon", "coordinates": [ [ [ -54.76536, -22.27586 ], [ -54.765163, -22.275836 ], [ -54.765185, -22.275747 ], [ -54.765373, -22.275771 ], [ -54.76536, -22.27586 ] ] ] } },
{ "type": "Feature", "properties": { "id": 78430, "insc_imob": "00.11.31.50.060", "quadra_cartorio": null, "lote_cartorio": "22", "matricula": "149554", "circunscricao": "1º CIRCUNSCRIÇÃO", "zoneamento": "AUM - ÁREA DE USO MISTO", "condominio": null, "area_geom": 200.0, "cnm": "062661.2.0149554-42" }, "geometry": { "type": "Polygon", "coordinates": [ [ [ -54.765854, -22.275831 ], [ -54.765828, -22.27601 ], [ -54.765732, -22.275998 ], [ -54.765758, -22.275819 ], [ -54.765854, -22.275831 ] ] ] } },
{ "type": "Feature", "properties": { "id": 78431, "insc_imob": "00.11.31.50.070", "quadra_cartorio": null, "lote_cartorio": "21", "matricula": "149553", "circunscricao": "1º CIRCUNSCRIÇÃO", "zoneamento": "AUM - ÁREA DE USO MISTO", "condominio": null, "area_geom": 200.0, "cnm": "062661.2.0149553-45" }, "geometry": { "type": "Polygon", "coordinates": [ [ [ -54.765758, -22.275819 ], [ -54.765732, -22.275998 ], [ -54.765636, -22.275986 ], [ -54.765662, -22.275807 ], [ -54.765758, -22.275819 ] ] ] } },
{ "type": "Feature", "properties": { "id": 78432, "insc_imob": "00.11.31.50.080", "quadra_cartorio": null, "lote_cartorio": "20", "matricula": "149552", "circunscricao": "1º CIRCUNSCRIÇÃO", "zoneamento": "AUM - ÁREA DE USO MISTO", "condominio": null, "area_geom": 200.0, "cnm": "062661.2.0149552-48" }, "geometry": { "type": "Polygon", "coordinates": [ [ [ -54.765662, -22.275807 ], [ -54.765636, -22.275986 ], [ -54.76554, -22.275974 ], [ -54.765565, -22.275795 ], [ -54.765662, -22.275807 ] ] ] } },
{ "type": "Feature", "properties": { "id": 78433, "insc_imob": "00.11.31.50.090", "quadra_cartorio": null, "lote_cartorio": "19", "matricula": "149551", "circunscricao": "1º CIRCUNSCRIÇÃO", "zoneamento": "AUM - ÁREA DE USO MISTO", "condominio": null, "area_geom": 200.0, "cnm": "062661.2.0149551-51" }, "geometry": { "type": "Polygon", "coordinates": [ [ [ -54.765565, -22.275795 ], [ -54.76554, -22.275974 ], [ -54.765443, -22.275962 ], [ -54.765469, -22.275783 ], [ -54.765565, -22.275795 ] ] ] } },
{ "type": "Feature", "properties": { "id": 78434, "insc_imob": "00.11.31.50.100", "quadra_cartorio": null, "lote_cartorio": "18", "matricula": "149550", "circunscricao": "1º CIRCUNSCRIÇÃO", "zoneamento": "AUM - ÁREA DE USO MISTO", "condominio": null, "area_geom": 200.0, "cnm": "062661.2.0149550-54" }, "geometry": { "type": "Polygon", "coordinates": [ [ [ -54.765469, -22.275783 ], [ -54.765443, -22.275962 ], [ -54.765347, -22.27595 ], [ -54.76536, -22.27586 ], [ -54.765373, -22.275771 ], [ -54.765469, -22.275783 ] ] ] } },
{ "type": "Feature", "properties": { "id": 78435, "insc_imob": "00.11.31.50.050", "quadra_cartorio": null, "lote_cartorio": "23", "matricula": "149555", "circunscricao": "1º CIRCUNSCRIÇÃO", "zoneamento": "AUM - ÁREA DE USO MISTO", "condominio": null, "area_geom": 200.0, "cnm": "062661.2.0149555-39" }, "geometry": { "type": "Polygon", "coordinates": [ [ [ -54.76595, -22.275843 ], [ -54.765924, -22.276022 ], [ -54.765828, -22.27601 ], [ -54.765854, -22.275831 ], [ -54.76595, -22.275843 ] ] ] } },
{ "type": "Feature", "properties": { "id": 78436, "insc_imob": "00.11.31.50.040", "quadra_cartorio": null, "lote_cartorio": "24", "matricula": "149556", "circunscricao": "1º CIRCUNSCRIÇÃO", "zoneamento": "AUM - ÁREA DE USO MISTO", "condominio": null, "area_geom": 200.0, "cnm": "062661.2.0149556-36" }, "geometry": { "type": "Polygon", "coordinates": [ [ [ -54.766046, -22.275855 ], [ -54.76602, -22.276034 ], [ -54.765924, -22.276022 ], [ -54.76595, -22.275843 ], [ -54.766046, -22.275855 ] ] ] } },
{ "type": "Feature", "properties": { "id": 78437, "insc_imob": "00.11.31.50.030", "quadra_cartorio": null, "lote_cartorio": "25", "matricula": "149557", "circunscricao": "1º CIRCUNSCRIÇÃO", "zoneamento": "AUM - ÁREA DE USO MISTO", "condominio": null, "area_geom": 200.0, "cnm": "062661.2.0149557-33" }, "geometry": { "type": "Polygon", "coordinates": [ [ [ -54.766142, -22.275867 ], [ -54.766116, -22.276046 ], [ -54.76602, -22.276034 ], [ -54.766046, -22.275855 ], [ -54.766142, -22.275867 ] ] ] } },
{ "type": "Feature", "properties": { "id": 78438, "insc_imob": "00.11.31.50.020", "quadra_cartorio": null, "lote_cartorio": "26", "matricula": "149558", "circunscricao": "1º CIRCUNSCRIÇÃO", "zoneamento": "AUM - ÁREA DE USO MISTO", "condominio": null, "area_geom": 200.0, "cnm": "062661.2.0149558-30" }, "geometry": { "type": "Polygon", "coordinates": [ [ [ -54.766238, -22.275879 ], [ -54.766225, -22.275969 ], [ -54.766213, -22.276058 ], [ -54.766116, -22.276046 ], [ -54.766142, -22.275867 ], [ -54.766238, -22.275879 ] ] ] } },
{ "type": "Feature", "properties": { "id": 79015, "insc_imob": "00.11.36.43.230", "quadra_cartorio": null, "lote_cartorio": "11", "matricula": "131810", "circunscricao": "1º CIRCUNSCRIÇÃO", "zoneamento": "AUM - ÁREA DE USO MISTO", "condominio": null, "area_geom": 200.0, "cnm": "062661.2.0131810-21" }, "geometry": { "type": "Polygon", "coordinates": [ [ [ -54.803673, -22.277295 ], [ -54.803859, -22.277243 ], [ -54.803887, -22.277329 ], [ -54.803701, -22.277381 ], [ -54.803673, -22.277295 ] ] ] } },
{ "type": "Feature", "properties": { "id": 80937, "insc_imob": "00.11.36.34.030", "quadra_cartorio": null, "lote_cartorio": "18", "matricula": "130920", "circunscricao": "1º CIRCUNSCRIÇÃO", "zoneamento": "AUM - ÁREA DE USO MISTO", "condominio": null, "area_geom": 200.0, "cnm": "062661.2.0130920-72" }, "geometry": { "type": "Polygon", "coordinates": [ [ [ -54.808723, -22.276182 ], [ -54.808695, -22.276095 ], [ -54.808788, -22.276069 ], [ -54.808816, -22.276156 ], [ -54.808844, -22.276242 ], [ -54.808751, -22.276268 ], [ -54.808723, -22.276182 ] ] ] } },
{ "type": "Feature", "properties": { "id": 81015, "insc_imob": "00.11.36.35.150", "quadra_cartorio": null, "lote_cartorio": "30", "matricula": "131252", "circunscricao": "1º CIRCUNSCRIÇÃO", "zoneamento": "AUM - ÁREA DE USO MISTO", "condominio": null, "area_geom": 200.0, "cnm": "062661.2.0131252-46" }, "geometry": { "type": "Polygon", "coordinates": [ [ [ -54.806224, -22.276976 ], [ -54.80641, -22.276924 ], [ -54.806438, -22.27701 ], [ -54.806252, -22.277063 ], [ -54.806224, -22.276976 ] ] ] } },
{ "type": "Feature", "properties": { "id": 83106, "insc_imob": "00.11.13.11.210", "quadra_cartorio": "11", "lote_cartorio": "21", "matricula": "155534", "circunscricao": "1º CIRCUNSCRIÇÃO", "zoneamento": null, "condominio": null, "area_geom": 855.0, "cnm": "062661.2.0155534-47" }, "geometry": { "type": "Polygon", "coordinates": [ [ [ -54.778169, -22.297924 ], [ -54.778282, -22.297597 ], [ -54.77849, -22.29766 ], [ -54.778377, -22.297986 ], [ -54.778169, -22.297924 ] ] ] } },
{ "type": "Feature", "properties": { "id": 83107, "insc_imob": "00.11.13.11.010", "quadra_cartorio": "11", "lote_cartorio": "01", "matricula": "155514", "circunscricao": "1º CIRCUNSCRIÇÃO", "zoneamento": null, "condominio": null, "area_geom": 997.5, "cnm": "062661.2.0155514-10" }, "geometry": { "type": "Polygon", "coordinates": [ [ [ -54.779321, -22.29791 ], [ -54.779434, -22.297584 ], [ -54.779677, -22.297657 ], [ -54.779563, -22.297983 ], [ -54.779321, -22.29791 ] ] ] } },
{ "type": "Feature", "properties": { "id": 83108, "insc_imob": "00.11.13.11.200", "quadra_cartorio": "11", "lote_cartorio": "20", "matricula": "155533", "circunscricao": "1º CIRCUNSCRIÇÃO", "zoneamento": null, "condominio": null, "area_geom": 855.0, "cnm": "062661.2.0155533-50" }, "geometry": { "type": "Polygon", "coordinates": [ [ [ -54.777961, -22.297861 ], [ -54.778075, -22.297535 ], [ -54.778282, -22.297597 ], [ -54.778169, -22.297924 ], [ -54.777961, -22.297861 ] ] ] } },
{ "type": "Feature", "properties": { "id": 83109, "insc_imob": "00.11.13.11.020", "quadra_cartorio": "11", "lote_cartorio": "02", "matricula": "155515", "circunscricao": "1º CIRCUNSCRIÇÃO", "zoneamento": null, "condominio": null, "area_geom": 855.0, "cnm": "062661.2.0155515-07" }, "geometry": { "type": "Polygon", "coordinates": [ [ [ -54.779113, -22.297848 ], [ -54.779227, -22.297521 ], [ -54.779434, -22.297584 ], [ -54.779321, -22.29791 ], [ -54.779113, -22.297848 ] ] ] } },
{ "type": "Feature", "properties": { "id": 83110, "insc_imob": "00.11.13.11.190", "quadra_cartorio": "11", "lote_cartorio": "19", "matricula": "155532", "circunscricao": "1º CIRCUNSCRIÇÃO", "zoneamento": null, "condominio": null, "area_geom": 855.0, "cnm": "062661.2.0155532-53" }, "geometry": { "type": "Polygon", "coordinates": [ [ [ -54.777754, -22.297799 ], [ -54.777867, -22.297472 ], [ -54.778075, -22.297535 ], [ -54.777961, -22.297861 ], [ -54.777754, -22.297799 ] ] ] } },
{ "type": "Feature", "properties": { "id": 83111, "insc_imob": "00.11.13.11.030", "quadra_cartorio": "11", "lote_cartorio": "03", "matricula": "155516", "circunscricao": "1º CIRCUNSCRIÇÃO", "zoneamento": null, "condominio": null, "area_geom": 855.0, "cnm": "062661.2.0155516-04" }, "geometry": { "type": "Polygon", "coordinates": [ [ [ -54.778906, -22.297785 ], [ -54.779019, -22.297459 ], [ -54.779227, -22.297521 ], [ -54.779113, -22.297848 ], [ -54.778906, -22.297785 ] ] ] } },
{ "type": "Feature", "properties": { "id": 83112, "insc_imob": "00.11.13.11.180", "quadra_cartorio": "11", "lote_cartorio": "18", "matricula": "155531", "circunscricao": "1º CIRCUNSCRIÇÃO", "zoneamento": null, "condominio": null, "area_geom": 855.0, "cnm": "062661.2.0155531-56" }, "geometry": { "type": "Polygon", "coordinates": [ [ [ -54.777546, -22.297736 ], [ -54.777659, -22.29741 ], [ -54.777867, -22.297472 ], [ -54.777754, -22.297799 ], [ -54.777546, -22.297736 ] ] ] } },
{ "type": "Feature", "properties": { "id": 83113, "insc_imob": "00.11.13.11.040", "quadra_cartorio": "11", "lote_cartorio": "04", "matricula": "155517", "circunscricao": "1º CIRCUNSCRIÇÃO", "zoneamento": null, "condominio": null, "area_geom": 855.0, "cnm": "062661.2.0155517-98" }, "geometry": { "type": "Polygon", "coordinates": [ [ [ -54.778698, -22.297722 ], [ -54.778811, -22.297396 ], [ -54.779019, -22.297459 ], [ -54.778906, -22.297785 ], [ -54.778698, -22.297722 ] ] ] } },
{ "type": "Feature", "properties": { "id": 83114, "insc_imob": "00.11.13.11.170", "quadra_cartorio": "11", "lote_cartorio": "17", "matricula": "155530", "circunscricao": "1º CIRCUNSCRIÇÃO", "zoneamento": null, "condominio": null, "area_geom": 855.0, "cnm": "062661.2.0155530-59" }, "geometry": { "type": "Polygon", "coordinates": [ [ [ -54.777338, -22.297674 ], [ -54.777452, -22.297347 ], [ -54.777659, -22.29741 ], [ -54.777546, -22.297736 ], [ -54.777338, -22.297674 ] ] ] } },
{ "type": "Feature", "properties": { "id": 83115, "insc_imob": "00.11.13.11.050", "quadra_cartorio": "11", "lote_cartorio": "05", "matricula": "155518", "circunscricao": "1º CIRCUNSCRIÇÃO", "zoneamento": null, "condominio": null, "area_geom": 855.0, "cnm": "062661.2.0155518-95" }, "geometry": { "type": "Polygon", "coordinates": [ [ [ -54.77849, -22.29766 ], [ -54.778604, -22.297333 ], [ -54.778811, -22.297396 ], [ -54.778698, -22.297722 ], [ -54.77849, -22.29766 ] ] ] } },
{ "type": "Feature", "properties": { "id": 83116, "insc_imob": "00.11.13.11.160", "quadra_cartorio": "11", "lote_cartorio": "16", "matricula": "155529", "circunscricao": "1º CIRCUNSCRIÇÃO", "zoneamento": null, "condominio": null, "area_geom": 855.0, "cnm": "062661.2.0155529-62" }, "geometry": { "type": "Polygon", "coordinates": [ [ [ -54.77713, -22.297611 ], [ -54.777244, -22.297285 ], [ -54.777452, -22.297347 ], [ -54.777338, -22.297674 ], [ -54.77713, -22.297611 ] ] ] } },
{ "type": "Feature", "properties": { "id": 83117, "insc_imob": "00.11.13.11.060", "quadra_cartorio": "11", "lote_cartorio": "06", "matricula": "155519", "circunscricao": "1º CIRCUNSCRIÇÃO", "zoneamento": null, "condominio": null, "area_geom": 855.0, "cnm": "062661.2.0155519-92" }, "geometry": { "type": "Polygon", "coordinates": [ [ [ -54.778282, -22.297597 ], [ -54.778396, -22.297271 ], [ -54.778604, -22.297333 ], [ -54.77849, -22.29766 ], [ -54.778282, -22.297597 ] ] ] } },
{ "type": "Feature", "properties": { "id": 83118, "insc_imob": "00.11.13.11.150", "quadra_cartorio": "11", "lote_cartorio": "15", "matricula": "155528", "circunscricao": "1º CIRCUNSCRIÇÃO", "zoneamento": null, "condominio": null, "area_geom": 855.0, "cnm": "062661.2.0155528-65" }, "geometry": { "type": "Polygon", "coordinates": [ [ [ -54.776923, -22.297548 ], [ -54.777036, -22.297222 ], [ -54.777244, -22.297285 ], [ -54.77713, -22.297611 ], [ -54.776923, -22.297548 ] ] ] } },
{ "type": "Feature", "properties": { "id": 83119, "insc_imob": "00.11.13.11.070", "quadra_cartorio": "11", "lote_cartorio": "07", "matricula": "155520", "circunscricao": "1º CIRCUNSCRIÇÃO", "zoneamento": null, "condominio": null, "area_geom": 855.0, "cnm": "062661.2.0155520-89" }, "geometry": { "type": "Polygon", "coordinates": [ [ [ -54.778075, -22.297535 ], [ -54.778188, -22.297208 ], [ -54.778396, -22.297271 ], [ -54.778282, -22.297597 ], [ -54.778075, -22.297535 ] ] ] } },
{ "type": "Feature", "properties": { "id": 83122, "insc_imob": "00.11.13.11.090", "quadra_cartorio": "11", "lote_cartorio": "09", "matricula": "155522", "circunscricao": "1º CIRCUNSCRIÇÃO", "zoneamento": null, "condominio": null, "area_geom": 855.0, "cnm": "062661.2.0155522-83" }, "geometry": { "type": "Polygon", "coordinates": [ [ [ -54.777659, -22.29741 ], [ -54.777773, -22.297083 ], [ -54.777981, -22.297146 ], [ -54.777867, -22.297472 ], [ -54.777659, -22.29741 ] ] ] } },
{ "type": "Feature", "properties": { "id": 83123, "insc_imob": "00.11.13.10.260", "quadra_cartorio": "10", "lote_cartorio": "26", "matricula": "155513", "circunscricao": "1º CIRCUNSCRIÇÃO", "zoneamento": null, "condominio": null, "area_geom": 997.5, "cnm": "062661.2.0155513-13" }, "geometry": { "type": "Polygon", "coordinates": [ [ [ -54.779494, -22.297412 ], [ -54.779608, -22.297085 ], [ -54.77985, -22.297158 ], [ -54.779736, -22.297485 ], [ -54.779494, -22.297412 ] ] ] } },
{ "type": "Feature", "properties": { "id": 83124, "insc_imob": "00.11.13.04.050", "quadra_cartorio": null, "lote_cartorio": "05", "matricula": "155369", "circunscricao": "1º CIRCUNSCRIÇÃO", "zoneamento": null, "condominio": null, "area_geom": 2040.0, "cnm": "062661.2.0155369-57" }, "geometry": { "type": "Polygon", "coordinates": [ [ [ -54.775926, -22.2973 ], [ -54.776027, -22.297008 ], [ -54.776581, -22.297175 ], [ -54.776479, -22.297467 ], [ -54.775926, -22.2973 ] ] ] } },
{ "type": "Feature", "properties": { "id": 83125, "insc_imob": "00.11.13.11.100", "quadra_cartorio": "11", "lote_cartorio": "10", "matricula": "155523", "circunscricao": "1º CIRCUNSCRIÇÃO", "zoneamento": null, "condominio": null, "area_geom": 855.0, "cnm": "062661.2.0155523-80" }, "geometry": { "type": "Polygon", "coordinates": [ [ [ -54.777452, -22.297347 ], [ -54.777565, -22.297021 ], [ -54.777773, -22.297083 ], [ -54.777659, -22.29741 ], [ -54.777452, -22.297347 ] ] ] } },
{ "type": "Feature", "properties": { "id": 83126, "insc_imob": "00.11.13.10.250", "quadra_cartorio": "10", "lote_cartorio": "25", "matricula": "155512", "circunscricao": "1º CIRCUNSCRIÇÃO", "zoneamento": null, "condominio": null, "area_geom": 855.0, "cnm": "062661.2.0155512-16" }, "geometry": { "type": "Polygon", "coordinates": [ [ [ -54.779286, -22.297349 ], [ -54.7794, -22.297023 ], [ -54.779608, -22.297085 ], [ -54.779494, -22.297412 ], [ -54.779286, -22.297349 ] ] ] } },
{ "type": "Feature", "properties": { "id": 83127, "insc_imob": "00.11.13.11.110", "quadra_cartorio": "11", "lote_cartorio": "11", "matricula": "155524", "circunscricao": "1º CIRCUNSCRIÇÃO", "zoneamento": null, "condominio": null, "area_geom": 855.0, "cnm": "062661.2.0155524-77" }, "geometry": { "type": "Polygon", "coordinates": [ [ [ -54.777244, -22.297285 ], [ -54.777358, -22.296958 ], [ -54.777565, -22.297021 ], [ -54.777452, -22.297347 ], [ -54.777244, -22.297285 ] ] ] } },
{ "type": "Feature", "properties": { "id": 83128, "insc_imob": "00.11.13.10.240", "quadra_cartorio": "10", "lote_cartorio": "24", "matricula": "155511", "circunscricao": "1º CIRCUNSCRIÇÃO", "zoneamento": null, "condominio": null, "area_geom": 855.0, "cnm": "062661.2.0155511-19" }, "geometry": { "type": "Polygon", "coordinates": [ [ [ -54.779079, -22.297287 ], [ -54.779192, -22.29696 ], [ -54.7794, -22.297023 ], [ -54.779286, -22.297349 ], [ -54.779079, -22.297287 ] ] ] } },
{ "type": "Feature", "properties": { "id": 83129, "insc_imob": "00.11.13.11.120", "quadra_cartorio": "11", "lote_cartorio": "12", "matricula": "155525", "circunscricao": "1º CIRCUNSCRIÇÃO", "zoneamento": null, "condominio": null, "area_geom": 855.0, "cnm": "062661.2.0155525-74" }, "geometry": { "type": "Polygon", "coordinates": [ [ [ -54.777036, -22.297222 ], [ -54.77715, -22.296896 ], [ -54.777358, -22.296958 ], [ -54.777244, -22.297285 ], [ -54.777036, -22.297222 ] ] ] } },
{ "type": "Feature", "properties": { "id": 83130, "insc_imob": "00.11.13.10.230", "quadra_cartorio": "10", "lote_cartorio": "23", "matricula": "155510", "circunscricao": "1º CIRCUNSCRIÇÃO", "zoneamento": null, "condominio": null, "area_geom": 855.0, "cnm": "062661.2.0155510-22" }, "geometry": { "type": "Polygon", "coordinates": [ [ [ -54.778871, -22.297224 ], [ -54.778985, -22.296898 ], [ -54.779192, -22.29696 ], [ -54.779079, -22.297287 ], [ -54.778871, -22.297224 ] ] ] } },
{ "type": "Feature", "properties": { "id": 83132, "insc_imob": "00.11.13.11.130", "quadra_cartorio": "11", "lote_cartorio": "13", "matricula": "155526", "circunscricao": "1º CIRCUNSCRIÇÃO", "zoneamento": null, "condominio": null, "area_geom": 997.5, "cnm": "062661.2.0155526-71" }, "geometry": { "type": "Polygon", "coordinates": [ [ [ -54.776794, -22.297149 ], [ -54.776908, -22.296823 ], [ -54.77715, -22.296896 ], [ -54.777036, -22.297222 ], [ -54.776794, -22.297149 ] ] ] } },
{ "type": "Feature", "properties": { "id": 83133, "insc_imob": "00.11.13.10.220", "quadra_cartorio": "10", "lote_cartorio": "22", "matricula": "155509", "circunscricao": "1º CIRCUNSCRIÇÃO", "zoneamento": null, "condominio": null, "area_geom": 855.0, "cnm": "062661.2.0155509-25" }, "geometry": { "type": "Polygon", "coordinates": [ [ [ -54.778663, -22.297162 ], [ -54.778777, -22.296835 ], [ -54.778985, -22.296898 ], [ -54.778871, -22.297224 ], [ -54.778663, -22.297162 ] ] ] } },
{ "type": "Feature", "properties": { "id": 83134, "insc_imob": "00.11.13.10.210", "quadra_cartorio": "10", "lote_cartorio": "21", "matricula": "155508", "circunscricao": "1º CIRCUNSCRIÇÃO", "zoneamento": null, "condominio": null, "area_geom": 855.0, "cnm": "062661.2.0155508-28" }, "geometry": { "type": "Polygon", "coordinates": [ [ [ -54.778456, -22.297099 ], [ -54.778569, -22.296773 ], [ -54.778777, -22.296835 ], [ -54.778663, -22.297162 ], [ -54.778456, -22.297099 ] ] ] } },
{ "type": "Feature", "properties": { "id": 83137, "insc_imob": "00.11.13.10.200", "quadra_cartorio": "10", "lote_cartorio": "20", "matricula": "155507", "circunscricao": "1º CIRCUNSCRIÇÃO", "zoneamento": null, "condominio": null, "area_geom": 855.0, "cnm": "062661.2.0155507-31" }, "geometry": { "type": "Polygon", "coordinates": [ [ [ -54.778248, -22.297037 ], [ -54.778362, -22.29671 ], [ -54.778569, -22.296773 ], [ -54.778456, -22.297099 ], [ -54.778248, -22.297037 ] ] ] } },
{ "type": "Feature", "properties": { "id": 83138, "insc_imob": "00.11.13.10.020", "quadra_cartorio": "10", "lote_cartorio": "02", "matricula": "155489", "circunscricao": "1º CIRCUNSCRIÇÃO", "zoneamento": null, "condominio": null, "area_geom": 855.0, "cnm": "062661.2.0155489-85" }, "geometry": { "type": "Polygon", "coordinates": [ [ [ -54.7794, -22.297023 ], [ -54.779513, -22.296697 ], [ -54.779721, -22.296759 ], [ -54.779608, -22.297085 ], [ -54.7794, -22.297023 ] ] ] } },
{ "type": "Feature", "properties": { "id": 83139, "insc_imob": "00.11.13.10.190", "quadra_cartorio": "10", "lote_cartorio": "19", "matricula": "155506", "circunscricao": "1º CIRCUNSCRIÇÃO", "zoneamento": null, "condominio": null, "area_geom": 855.0, "cnm": "062661.2.0155506-34" }, "geometry": { "type": "Polygon", "coordinates": [ [ [ -54.77804, -22.296974 ], [ -54.778154, -22.296648 ], [ -54.778362, -22.29671 ], [ -54.778248, -22.297037 ], [ -54.77804, -22.296974 ] ] ] } },
{ "type": "Feature", "properties": { "id": 83140, "insc_imob": "00.11.13.10.030", "quadra_cartorio": "10", "lote_cartorio": "03", "matricula": "155490", "circunscricao": "1º CIRCUNSCRIÇÃO", "zoneamento": null, "condominio": null, "area_geom": 855.0, "cnm": "062661.2.0155490-82" }, "geometry": { "type": "Polygon", "coordinates": [ [ [ -54.779192, -22.29696 ], [ -54.779306, -22.296634 ], [ -54.779513, -22.296697 ], [ -54.7794, -22.297023 ], [ -54.779192, -22.29696 ] ] ] } },
{ "type": "Feature", "properties": { "id": 83141, "insc_imob": "00.11.13.10.180", "quadra_cartorio": "10", "lote_cartorio": "18", "matricula": "155505", "circunscricao": "1º CIRCUNSCRIÇÃO", "zoneamento": null, "condominio": null, "area_geom": 855.0, "cnm": "062661.2.0155505-37" }, "geometry": { "type": "Polygon", "coordinates": [ [ [ -54.777833, -22.296912 ], [ -54.777946, -22.296585 ], [ -54.778154, -22.296648 ], [ -54.77804, -22.296974 ], [ -54.777833, -22.296912 ] ] ] } },
{ "type": "Feature", "properties": { "id": 83142, "insc_imob": "00.11.13.10.040", "quadra_cartorio": "10", "lote_cartorio": "04", "matricula": "155491", "circunscricao": "1º CIRCUNSCRIÇÃO", "zoneamento": null, "condominio": null, "area_geom": 855.0, "cnm": "062661.2.0155491-79" }, "geometry": { "type": "Polygon", "coordinates": [ [ [ -54.778985, -22.296898 ], [ -54.779098, -22.296571 ], [ -54.779306, -22.296634 ], [ -54.779192, -22.29696 ], [ -54.778985, -22.296898 ] ] ] } },
{ "type": "Feature", "properties": { "id": 83143, "insc_imob": "00.11.13.10.170", "quadra_cartorio": "10", "lote_cartorio": "17", "matricula": "155504", "circunscricao": "1º CIRCUNSCRIÇÃO", "zoneamento": null, "condominio": null, "area_geom": 855.0, "cnm": "062661.2.0155504-40" }, "geometry": { "type": "Polygon", "coordinates": [ [ [ -54.777625, -22.296849 ], [ -54.777738, -22.296523 ], [ -54.777946, -22.296585 ], [ -54.777833, -22.296912 ], [ -54.777625, -22.296849 ] ] ] } },
{ "type": "Feature", "properties": { "id": 83144, "insc_imob": "00.11.12.04.030", "quadra_cartorio": "AI 03", "lote_cartorio": "AI 03", "matricula": "155352", "circunscricao": "1º CIRCUNSCRIÇÃO", "zoneamento": null, "condominio": null, "area_geom": 8930.63, "cnm": "062661.2.0155352-11" }, "geometry": { "type": "Polygon", "coordinates": [ [ [ -54.773861, -22.296627 ], [ -54.773942, -22.296447 ], [ -54.775914, -22.297041 ], [ -54.77579, -22.297397 ], [ -54.773786, -22.296793 ], [ -54.773861, -22.296627 ] ] ] } },
{ "type": "Feature", "properties": { "id": 83145, "insc_imob": "00.11.13.10.050", "quadra_cartorio": "10", "lote_cartorio": "05", "matricula": "155492", "circunscricao": "1º CIRCUNSCRIÇÃO", "zoneamento": null, "condominio": null, "area_geom": 855.0, "cnm": "062661.2.0155492-76" }, "geometry": { "type": "Polygon", "coordinates": [ [ [ -54.778777, -22.296835 ], [ -54.77889, -22.296509 ], [ -54.779098, -22.296571 ], [ -54.778985, -22.296898 ], [ -54.778777, -22.296835 ] ] ] } },
{ "type": "Feature", "properties": { "id": 83146, "insc_imob": "00.11.13.10.160", "quadra_cartorio": "10", "lote_cartorio": "16", "matricula": "155503", "circunscricao": "1º CIRCUNSCRIÇÃO", "zoneamento": null, "condominio": null, "area_geom": 855.0, "cnm": "062661.2.0155503-43" }, "geometry": { "type": "Polygon", "coordinates": [ [ [ -54.777417, -22.296786 ], [ -54.777531, -22.29646 ], [ -54.777738, -22.296523 ], [ -54.777625, -22.296849 ], [ -54.777417, -22.296786 ] ] ] } },
{ "type": "Feature", "properties": { "id": 83147, "insc_imob": "00.11.13.04.030", "quadra_cartorio": null, "lote_cartorio": "03", "matricula": "155367", "circunscricao": "1º CIRCUNSCRIÇÃO", "zoneamento": null, "condominio": null, "area_geom": 2040.0, "cnm": "062661.2.0155367-63" }, "geometry": { "type": "Polygon", "coordinates": [ [ [ -54.776129, -22.296716 ], [ -54.77623, -22.296424 ], [ -54.776784, -22.296591 ], [ -54.776683, -22.296883 ], [ -54.776129, -22.296716 ] ] ] } },
{ "type": "Feature", "properties": { "id": 83148, "insc_imob": "00.11.13.10.060", "quadra_cartorio": "10", "lote_cartorio": "06", "matricula": "155493", "circunscricao": "1º CIRCUNSCRIÇÃO", "zoneamento": null, "condominio": null, "area_geom": 855.0, "cnm": "062661.2.0155493-73" }, "geometry": { "type": "Polygon", "coordinates": [ [ [ -54.778569, -22.296773 ], [ -54.778683, -22.296446 ], [ -54.77889, -22.296509 ], [ -54.778777, -22.296835 ], [ -54.778569, -22.296773 ] ] ] } },
{ "type": "Feature", "properties": { "id": 83149, "insc_imob": "00.11.13.10.150", "quadra_cartorio": "10", "lote_cartorio": "15", "matricula": "155502", "circunscricao": "1º CIRCUNSCRIÇÃO", "zoneamento": null, "condominio": null, "area_geom": 855.0, "cnm": "062661.2.0155502-46" }, "geometry": { "type": "Polygon", "coordinates": [ [ [ -54.77721, -22.296724 ], [ -54.777323, -22.296397 ], [ -54.777531, -22.29646 ], [ -54.777417, -22.296786 ], [ -54.77721, -22.296724 ] ] ] } },
{ "type": "Feature", "properties": { "id": 83150, "insc_imob": "00.11.13.10.070", "quadra_cartorio": "10", "lote_cartorio": "07", "matricula": "155494", "circunscricao": "1º CIRCUNSCRIÇÃO", "zoneamento": null, "condominio": null, "area_geom": 855.0, "cnm": "062661.2.0155494-70" }, "geometry": { "type": "Polygon", "coordinates": [ [ [ -54.778362, -22.29671 ], [ -54.778475, -22.296384 ], [ -54.778683, -22.296446 ], [ -54.778569, -22.296773 ], [ -54.778362, -22.29671 ] ] ] } },
{ "type": "Feature", "properties": { "id": 83151, "insc_imob": "00.11.13.10.140", "quadra_cartorio": "10", "lote_cartorio": "14", "matricula": "155501", "circunscricao": "1º CIRCUNSCRIÇÃO", "zoneamento": null, "condominio": null, "area_geom": 997.5, "cnm": "062661.2.0155501-49" }, "geometry": { "type": "Polygon", "coordinates": [ [ [ -54.776967, -22.296651 ], [ -54.777081, -22.296324 ], [ -54.777323, -22.296397 ], [ -54.77721, -22.296724 ], [ -54.776967, -22.296651 ] ] ] } },
{ "type": "Feature", "properties": { "id": 83161, "insc_imob": "00.11.13.10.130", "quadra_cartorio": "10", "lote_cartorio": "13", "matricula": "155500", "circunscricao": "1º CIRCUNSCRIÇÃO", "zoneamento": null, "condominio": null, "area_geom": 997.5, "cnm": "062661.2.0155500-52" }, "geometry": { "type": "Polygon", "coordinates": [ [ [ -54.777081, -22.296324 ], [ -54.777194, -22.295998 ], [ -54.777437, -22.296071 ], [ -54.777323, -22.296397 ], [ -54.777081, -22.296324 ] ] ] } },
{ "type": "Feature", "properties": { "id": 83162, "insc_imob": "00.11.13.09.170", "quadra_cartorio": "09", "lote_cartorio": "17", "matricula": "155484", "circunscricao": "1º CIRCUNSCRIÇÃO", "zoneamento": null, "condominio": null, "area_geom": 1140.0, "cnm": "062661.2.0155484-03" }, "geometry": { "type": "Polygon", "coordinates": [ [ [ -54.77895, -22.296337 ], [ -54.779064, -22.296011 ], [ -54.779341, -22.296094 ], [ -54.779227, -22.29642 ], [ -54.77895, -22.296337 ] ] ] } },
{ "type": "Feature", "properties": { "id": 83163, "insc_imob": "00.11.13.09.010", "quadra_cartorio": "09", "lote_cartorio": "01", "matricula": "155468", "circunscricao": "1º CIRCUNSCRIÇÃO", "zoneamento": null, "condominio": null, "area_geom": 997.5, "cnm": "062661.2.0155468-51" }, "geometry": { "type": "Polygon", "coordinates": [ [ [ -54.779894, -22.296261 ], [ -54.780008, -22.295934 ], [ -54.78025, -22.296007 ], [ -54.780137, -22.296334 ], [ -54.779894, -22.296261 ] ] ] } },
{ "type": "Feature", "properties": { "id": 83164, "insc_imob": "00.11.13.09.160", "quadra_cartorio": "09", "lote_cartorio": "16", "matricula": "155483", "circunscricao": "1º CIRCUNSCRIÇÃO", "zoneamento": null, "condominio": null, "area_geom": 1282.5, "cnm": "062661.2.0155483-06" }, "geometry": { "type": "Polygon", "coordinates": [ [ [ -54.778639, -22.296243 ], [ -54.778752, -22.295917 ], [ -54.779064, -22.296011 ], [ -54.77895, -22.296337 ], [ -54.778639, -22.296243 ] ] ] } },
{ "type": "Feature", "properties": { "id": 83166, "insc_imob": "00.11.13.09.020", "quadra_cartorio": "09", "lote_cartorio": "02", "matricula": "155469", "circunscricao": "1º CIRCUNSCRIÇÃO", "zoneamento": null, "condominio": null, "area_geom": 1140.0, "cnm": "062661.2.0155469-48" }, "geometry": { "type": "Polygon", "coordinates": [ [ [ -54.779618, -22.296177 ], [ -54.779731, -22.295851 ], [ -54.780008, -22.295934 ], [ -54.779894, -22.296261 ], [ -54.779618, -22.296177 ] ] ] } },
{ "type": "Feature", "properties": { "id": 83167, "insc_imob": "00.11.13.09.150", "quadra_cartorio": "09", "lote_cartorio": "15", "matricula": "155482", "circunscricao": "1º CIRCUNSCRIÇÃO", "zoneamento": null, "condominio": null, "area_geom": 1282.5, "cnm": "062661.2.0155482-09" }, "geometry": { "type": "Polygon", "coordinates": [ [ [ -54.778327, -22.296149 ], [ -54.778441, -22.295823 ], [ -54.778752, -22.295917 ], [ -54.778639, -22.296243 ], [ -54.778327, -22.296149 ] ] ] } },
{ "type": "Feature", "properties": { "id": 83173, "insc_imob": "00.11.12.04.020", "quadra_cartorio": "D", "lote_cartorio": "02", "matricula": "155351", "circunscricao": "1º CIRCUNSCRIÇÃO", "zoneamento": null, "condominio": null, "area_geom": 21574.48, "cnm": "062661.2.0155351-14" }, "geometry": { "type": "Polygon", "coordinates": [ [ [ -54.773942, -22.296447 ], [ -54.774327, -22.295585 ], [ -54.775622, -22.295975 ], [ -54.775806, -22.296031 ], [ -54.776222, -22.296156 ], [ -54.775914, -22.297041 ], [ -54.773942, -22.296447 ] ] ] } },
{ "type": "Feature", "properties": { "id": 83174, "insc_imob": "00.11.12.04.040", "quadra_cartorio": "D", "lote_cartorio": "04", "matricula": "155353", "circunscricao": "1º CIRCUNSCRIÇÃO", "zoneamento": null, "condominio": null, "area_geom": 2250.0, "cnm": "062661.2.0155353-08" }, "geometry": { "type": "Polygon", "coordinates": [ [ [ -54.775806, -22.296031 ], [ -54.775956, -22.295601 ], [ -54.776371, -22.295726 ], [ -54.776222, -22.296156 ], [ -54.775806, -22.296031 ] ] ] } },
{ "type": "Feature", "properties": { "id": 83176, "insc_imob": "00.11.13.09.050", "quadra_cartorio": "09", "lote_cartorio": "05", "matricula": "155472", "circunscricao": "1º CIRCUNSCRIÇÃO", "zoneamento": null, "condominio": null, "area_geom": 1282.5, "cnm": "062661.2.0155472-39" }, "geometry": { "type": "Polygon", "coordinates": [ [ [ -54.778752, -22.295917 ], [ -54.778866, -22.29559 ], [ -54.779177, -22.295684 ], [ -54.779064, -22.296011 ], [ -54.778752, -22.295917 ] ] ] } },
{ "type": "Feature", "properties": { "id": 83184, "insc_imob": "00.11.13.09.120", "quadra_cartorio": "09", "lote_cartorio": "12", "matricula": "155479", "circunscricao": "1º CIRCUNSCRIÇÃO", "zoneamento": null, "condominio": null, "area_geom": 1140.0, "cnm": "062661.2.0155479-18" }, "geometry": { "type": "Polygon", "coordinates": [ [ [ -54.777496, -22.295899 ], [ -54.77761, -22.295573 ], [ -54.777887, -22.295656 ], [ -54.777773, -22.295983 ], [ -54.777496, -22.295899 ] ] ] } },
{ "type": "Feature", "properties": { "id": 83185, "insc_imob": "00.11.13.09.110", "quadra_cartorio": "09", "lote_cartorio": "11", "matricula": "155478", "circunscricao": "1º CIRCUNSCRIÇÃO", "zoneamento": null, "condominio": null, "area_geom": 997.5, "cnm": "062661.2.0155478-21" }, "geometry": { "type": "Polygon", "coordinates": [ [ [ -54.777254, -22.295826 ], [ -54.777368, -22.2955 ], [ -54.77761, -22.295573 ], [ -54.777496, -22.295899 ], [ -54.777254, -22.295826 ] ] ] } },
{ "type": "Feature", "properties": { "id": 83186, "insc_imob": "00.11.13.09.060", "quadra_cartorio": "09", "lote_cartorio": "06", "matricula": "155473", "circunscricao": "1º CIRCUNSCRIÇÃO", "zoneamento": null, "condominio": null, "area_geom": 1282.5, "cnm": "062661.2.0155473-36" }, "geometry": { "type": "Polygon", "coordinates": [ [ [ -54.778441, -22.295823 ], [ -54.778554, -22.295497 ], [ -54.778866, -22.29559 ], [ -54.778752, -22.295917 ], [ -54.778441, -22.295823 ] ] ] } },
{ "type": "Feature", "properties": { "id": 83188, "insc_imob": "00.11.13.09.070", "quadra_cartorio": "09", "lote_cartorio": "07", "matricula": "155474", "circunscricao": "1º CIRCUNSCRIÇÃO", "zoneamento": null, "condominio": null, "area_geom": 1140.0, "cnm": "062661.2.0155474-33" }, "geometry": { "type": "Polygon", "coordinates": [ [ [ -54.778164, -22.29574 ], [ -54.778277, -22.295413 ], [ -54.778554, -22.295497 ], [ -54.778441, -22.295823 ], [ -54.778164, -22.29574 ] ] ] } },
{ "type": "Feature", "properties": { "id": 83189, "insc_imob": "00.11.13.08.260", "quadra_cartorio": "08", "lote_cartorio": "26", "matricula": "155467", "circunscricao": "1º CIRCUNSCRIÇÃO", "zoneamento": null, "condominio": null, "area_geom": 997.5, "cnm": "062661.2.0155467-54" }, "geometry": { "type": "Polygon", "coordinates": [ [ [ -54.780068, -22.295763 ], [ -54.780181, -22.295436 ], [ -54.780424, -22.295509 ], [ -54.78031, -22.295836 ], [ -54.780068, -22.295763 ] ] ] } },
{ "type": "Feature", "properties": { "id": 83190, "insc_imob": "00.11.13.08.250", "quadra_cartorio": "08", "lote_cartorio": "25", "matricula": "155466", "circunscricao": "1º CIRCUNSCRIÇÃO", "zoneamento": null, "condominio": null, "area_geom": 855.0, "cnm": "062661.2.0155466-57" }, "geometry": { "type": "Polygon", "coordinates": [ [ [ -54.77986, -22.2957 ], [ -54.779974, -22.295374 ], [ -54.780181, -22.295436 ], [ -54.780068, -22.295763 ], [ -54.77986, -22.2957 ] ] ] } },
{ "type": "Feature", "properties": { "id": 83191, "insc_imob": "00.11.13.09.080", "quadra_cartorio": "09", "lote_cartorio": "08", "matricula": "155475", "circunscricao": "1º CIRCUNSCRIÇÃO", "zoneamento": null, "condominio": null, "area_geom": 1140.0, "cnm": "062661.2.0155475-30" }, "geometry": { "type": "Polygon", "coordinates": [ [ [ -54.777887, -22.295656 ], [ -54.778, -22.29533 ], [ -54.778277, -22.295413 ], [ -54.778164, -22.29574 ], [ -54.777887, -22.295656 ] ] ] } },
{ "type": "Feature", "properties": { "id": 83192, "insc_imob": "00.11.13.08.240", "quadra_cartorio": "08", "lote_cartorio": "24", "matricula": "155465", "circunscricao": "1º CIRCUNSCRIÇÃO", "zoneamento": null, "condominio": null, "area_geom": 855.0, "cnm": "062661.2.0155465-60" }, "geometry": { "type": "Polygon", "coordinates": [ [ [ -54.779652, -22.295638 ], [ -54.779766, -22.295311 ], [ -54.779974, -22.295374 ], [ -54.77986, -22.2957 ], [ -54.779652, -22.295638 ] ] ] } },
{ "type": "Feature", "properties": { "id": 83193, "insc_imob": "00.11.13.09.090", "quadra_cartorio": "09", "lote_cartorio": "09", "matricula": "155476", "circunscricao": "1º CIRCUNSCRIÇÃO", "zoneamento": null, "condominio": null, "area_geom": 1140.0, "cnm": "062661.2.0155476-27" }, "geometry": { "type": "Polygon", "coordinates": [ [ [ -54.77761, -22.295573 ], [ -54.777723, -22.295246 ], [ -54.778, -22.29533 ], [ -54.777887, -22.295656 ], [ -54.77761, -22.295573 ] ] ] } },
{ "type": "Feature", "properties": { "id": 83255, "insc_imob": "00.11.13.06.200", "quadra_cartorio": "06", "lote_cartorio": "20", "matricula": "155415", "circunscricao": "1º CIRCUNSCRIÇÃO", "zoneamento": null, "condominio": null, "area_geom": 997.5, "cnm": "062661.2.0155415-16" }, "geometry": { "type": "Polygon", "coordinates": [ [ [ -54.780871, -22.293452 ], [ -54.780985, -22.293126 ], [ -54.781227, -22.293199 ], [ -54.781114, -22.293525 ], [ -54.780871, -22.293452 ] ] ] } },
{ "type": "Feature", "properties": { "id": 83194, "insc_imob": "00.11.12.04.010", "quadra_cartorio": "D", "lote_cartorio": "01", "matricula": "155350", "circunscricao": "1º CIRCUNSCRIÇÃO", "zoneamento": null, "condominio": null, "area_geom": 6801.43, "cnm": "062661.2.0155350-17" }, "geometry": { "type": "Polygon", "coordinates": [ [ [ -54.774592, -22.295203 ], [ -54.774601, -22.295203 ], [ -54.774611, -22.295204 ], [ -54.774621, -22.295205 ], [ -54.774631, -22.295207 ], [ -54.77464, -22.29521 ], [ -54.77577, -22.29555 ], [ -54.775622, -22.295975 ], [ -54.774327, -22.295585 ], [ -54.774461, -22.295287 ], [ -54.774465, -22.295278 ], [ -54.77447, -22.29527 ], [ -54.774475, -22.295262 ], [ -54.774481, -22.295255 ], [ -54.774487, -22.295248 ], [ -54.774494, -22.295241 ], [ -54.774501, -22.295235 ], [ -54.774509, -22.29523 ], [ -54.774517, -22.295224 ], [ -54.774526, -22.29522 ], [ -54.774534, -22.295216 ], [ -54.774543, -22.295212 ], [ -54.774553, -22.295209 ], [ -54.774562, -22.295207 ], [ -54.774572, -22.295205 ], [ -54.774582, -22.295204 ], [ -54.774592, -22.295203 ] ] ] } },
{ "type": "Feature", "properties": { "id": 83195, "insc_imob": "00.11.13.08.230", "quadra_cartorio": "08", "lote_cartorio": "23", "matricula": "155464", "circunscricao": "1º CIRCUNSCRIÇÃO", "zoneamento": null, "condominio": null, "area_geom": 855.0, "cnm": "062661.2.0155464-63" }, "geometry": { "type": "Polygon", "coordinates": [ [ [ -54.779445, -22.295575 ], [ -54.779558, -22.295249 ], [ -54.779766, -22.295311 ], [ -54.779652, -22.295638 ], [ -54.779445, -22.295575 ] ] ] } },
{ "type": "Feature", "properties": { "id": 83197, "insc_imob": "00.11.13.09.100", "quadra_cartorio": "09", "lote_cartorio": "10", "matricula": "155477", "circunscricao": "1º CIRCUNSCRIÇÃO", "zoneamento": null, "condominio": null, "area_geom": 997.5, "cnm": "062661.2.0155477-24" }, "geometry": { "type": "Polygon", "coordinates": [ [ [ -54.777368, -22.2955 ], [ -54.777481, -22.295173 ], [ -54.777723, -22.295246 ], [ -54.77761, -22.295573 ], [ -54.777368, -22.2955 ] ] ] } },
{ "type": "Feature", "properties": { "id": 83198, "insc_imob": "00.11.13.08.220", "quadra_cartorio": "08", "lote_cartorio": "22", "matricula": "155463", "circunscricao": "1º CIRCUNSCRIÇÃO", "zoneamento": null, "condominio": null, "area_geom": 855.0, "cnm": "062661.2.0155463-66" }, "geometry": { "type": "Polygon", "coordinates": [ [ [ -54.779237, -22.295512 ], [ -54.77935, -22.295186 ], [ -54.779558, -22.295249 ], [ -54.779445, -22.295575 ], [ -54.779237, -22.295512 ] ] ] } },
{ "type": "Feature", "properties": { "id": 83207, "insc_imob": "00.11.13.08.030", "quadra_cartorio": "08", "lote_cartorio": "03", "matricula": "155444", "circunscricao": "1º CIRCUNSCRIÇÃO", "zoneamento": null, "condominio": null, "area_geom": 855.0, "cnm": "062661.2.0155444-26" }, "geometry": { "type": "Polygon", "coordinates": [ [ [ -54.779766, -22.295311 ], [ -54.779879, -22.294985 ], [ -54.780087, -22.295047 ], [ -54.779974, -22.295374 ], [ -54.779766, -22.295311 ] ] ] } },
{ "type": "Feature", "properties": { "id": 83210, "insc_imob": "00.11.13.08.170", "quadra_cartorio": "08", "lote_cartorio": "17", "matricula": "155458", "circunscricao": "1º CIRCUNSCRIÇÃO", "zoneamento": null, "condominio": null, "area_geom": 855.0, "cnm": "062661.2.0155458-81" }, "geometry": { "type": "Polygon", "coordinates": [ [ [ -54.778198, -22.2952 ], [ -54.778312, -22.294873 ], [ -54.77852, -22.294936 ], [ -54.778406, -22.295262 ], [ -54.778198, -22.2952 ] ] ] } },
{ "type": "Feature", "properties": { "id": 83211, "insc_imob": "00.11.13.08.050", "quadra_cartorio": "08", "lote_cartorio": "05", "matricula": "155446", "circunscricao": "1º CIRCUNSCRIÇÃO", "zoneamento": null, "condominio": null, "area_geom": 855.0, "cnm": "062661.2.0155446-20" }, "geometry": { "type": "Polygon", "coordinates": [ [ [ -54.77935, -22.295186 ], [ -54.779464, -22.29486 ], [ -54.779672, -22.294922 ], [ -54.779558, -22.295249 ], [ -54.77935, -22.295186 ] ] ] } },
{ "type": "Feature", "properties": { "id": 83212, "insc_imob": "00.11.12.05.010", "quadra_cartorio": "E", "lote_cartorio": "01", "matricula": "155354", "circunscricao": "1º CIRCUNSCRIÇÃO", "zoneamento": null, "condominio": null, "area_geom": 1900.0, "cnm": "062661.2.0155354-05" }, "geometry": { "type": "Polygon", "coordinates": [ [ [ -54.776012, -22.295438 ], [ -54.776239, -22.294785 ], [ -54.77647, -22.294855 ], [ -54.776243, -22.295508 ], [ -54.776012, -22.295438 ] ] ] } },
{ "type": "Feature", "properties": { "id": 83213, "insc_imob": "00.11.13.08.160", "quadra_cartorio": "08", "lote_cartorio": "16", "matricula": "155457", "circunscricao": "1º CIRCUNSCRIÇÃO", "zoneamento": null, "condominio": null, "area_geom": 855.0, "cnm": "062661.2.0155457-84" }, "geometry": { "type": "Polygon", "coordinates": [ [ [ -54.777991, -22.295137 ], [ -54.778104, -22.294811 ], [ -54.778312, -22.294873 ], [ -54.778198, -22.2952 ], [ -54.777991, -22.295137 ] ] ] } },
{ "type": "Feature", "properties": { "id": 83215, "insc_imob": "00.11.13.08.150", "quadra_cartorio": "08", "lote_cartorio": "15", "matricula": "155456", "circunscricao": "1º CIRCUNSCRIÇÃO", "zoneamento": null, "condominio": null, "area_geom": 855.0, "cnm": "062661.2.0155456-87" }, "geometry": { "type": "Polygon", "coordinates": [ [ [ -54.777783, -22.295075 ], [ -54.777897, -22.294748 ], [ -54.778104, -22.294811 ], [ -54.777991, -22.295137 ], [ -54.777783, -22.295075 ] ] ] } },
{ "type": "Feature", "properties": { "id": 83221, "insc_imob": "00.11.13.08.100", "quadra_cartorio": "08", "lote_cartorio": "10", "matricula": "155451", "circunscricao": "1º CIRCUNSCRIÇÃO", "zoneamento": null, "condominio": null, "area_geom": 855.0, "cnm": "062661.2.0155451-05" }, "geometry": { "type": "Polygon", "coordinates": [ [ [ -54.778312, -22.294873 ], [ -54.778426, -22.294547 ], [ -54.778633, -22.294609 ], [ -54.77852, -22.294936 ], [ -54.778312, -22.294873 ] ] ] } },
{ "type": "Feature", "properties": { "id": 83222, "insc_imob": "00.11.13.08.110", "quadra_cartorio": "08", "lote_cartorio": "11", "matricula": "155452", "circunscricao": "1º CIRCUNSCRIÇÃO", "zoneamento": null, "condominio": null, "area_geom": 855.0, "cnm": "062661.2.0155452-02" }, "geometry": { "type": "Polygon", "coordinates": [ [ [ -54.778104, -22.294811 ], [ -54.778218, -22.294484 ], [ -54.778426, -22.294547 ], [ -54.778312, -22.294873 ], [ -54.778104, -22.294811 ] ] ] } },
{ "type": "Feature", "properties": { "id": 83223, "insc_imob": "00.11.13.08.120", "quadra_cartorio": "08", "lote_cartorio": "12", "matricula": "155453", "circunscricao": "1º CIRCUNSCRIÇÃO", "zoneamento": null, "condominio": null, "area_geom": 855.0, "cnm": "062661.2.0155453-96" }, "geometry": { "type": "Polygon", "coordinates": [ [ [ -54.777897, -22.294748 ], [ -54.77801, -22.294422 ], [ -54.778218, -22.294484 ], [ -54.778104, -22.294811 ], [ -54.777897, -22.294748 ] ] ] } },
{ "type": "Feature", "properties": { "id": 83224, "insc_imob": "00.11.13.08.130", "quadra_cartorio": "08", "lote_cartorio": "13", "matricula": "155454", "circunscricao": "1º CIRCUNSCRIÇÃO", "zoneamento": null, "condominio": null, "area_geom": 997.5, "cnm": "062661.2.0155454-93" }, "geometry": { "type": "Polygon", "coordinates": [ [ [ -54.777654, -22.294675 ], [ -54.777768, -22.294349 ], [ -54.77801, -22.294422 ], [ -54.777897, -22.294748 ], [ -54.777654, -22.294675 ] ] ] } },
{ "type": "Feature", "properties": { "id": 83225, "insc_imob": "00.11.13.07.260", "quadra_cartorio": "07", "lote_cartorio": "26", "matricula": "155441", "circunscricao": "1º CIRCUNSCRIÇÃO", "zoneamento": null, "condominio": null, "area_geom": 997.5, "cnm": "062661.2.0155441-35" }, "geometry": { "type": "Polygon", "coordinates": [ [ [ -54.780584, -22.294277 ], [ -54.780698, -22.29395 ], [ -54.78094, -22.294023 ], [ -54.780827, -22.29435 ], [ -54.780584, -22.294277 ] ] ] } },
{ "type": "Feature", "properties": { "id": 83226, "insc_imob": "00.11.13.03.010", "quadra_cartorio": "03", "lote_cartorio": "01", "matricula": "155363", "circunscricao": "1º CIRCUNSCRIÇÃO", "zoneamento": null, "condominio": null, "area_geom": 9005.0, "cnm": "062661.2.0155363-75" }, "geometry": { "type": "Polygon", "coordinates": [ [ [ -54.77659, -22.294511 ], [ -54.776812, -22.293871 ], [ -54.777643, -22.294121 ], [ -54.777361, -22.294933 ], [ -54.776299, -22.294613 ], [ -54.776359, -22.294442 ], [ -54.77659, -22.294511 ] ] ] } },
{ "type": "Feature", "properties": { "id": 83228, "insc_imob": "00.11.12.03.020", "quadra_cartorio": "C", "lote_cartorio": "02", "matricula": "155349", "circunscricao": "1º CIRCUNSCRIÇÃO", "zoneamento": null, "condominio": null, "area_geom": 17879.31, "cnm": "062661.2.0155349-20" }, "geometry": { "type": "Polygon", "coordinates": [ [ [ -54.774648, -22.294869 ], [ -54.775109, -22.293839 ], [ -54.776232, -22.294178 ], [ -54.77624, -22.294198 ], [ -54.775844, -22.295335 ], [ -54.775843, -22.295338 ], [ -54.775842, -22.295341 ], [ -54.77584, -22.295344 ], [ -54.775838, -22.295346 ], [ -54.775837, -22.295349 ], [ -54.775834, -22.295351 ], [ -54.775832, -22.295353 ], [ -54.77583, -22.295356 ], [ -54.775827, -22.295357 ], [ -54.775824, -22.295359 ], [ -54.775822, -22.295361 ], [ -54.775819, -22.295362 ], [ -54.775816, -22.295363 ], [ -54.775812, -22.295364 ], [ -54.775809, -22.295365 ], [ -54.775806, -22.295366 ], [ -54.775803, -22.295366 ], [ -54.775799, -22.295366 ], [ -54.775796, -22.295366 ], [ -54.775793, -22.295366 ], [ -54.77579, -22.295366 ], [ -54.775786, -22.295365 ], [ -54.775783, -22.295364 ], [ -54.774738, -22.295049 ], [ -54.774728, -22.295046 ], [ -54.774719, -22.295042 ], [ -54.77471, -22.295038 ], [ -54.774702, -22.295033 ], [ -54.774694, -22.295028 ], [ -54.774686, -22.295022 ], [ -54.774679, -22.295015 ], [ -54.774672, -22.295009 ], [ -54.774666, -22.295001 ], [ -54.77466, -22.294994 ], [ -54.774655, -22.294986 ], [ -54.77465, -22.294977 ], [ -54.774646, -22.294969 ], [ -54.774643, -22.29496 ], [ -54.774641, -22.294951 ], [ -54.774639, -22.294942 ], [ -54.774637, -22.294932 ], [ -54.774637, -22.294923 ], [ -54.774637, -22.294914 ], [ -54.774638, -22.294904 ], [ -54.774639, -22.294895 ], [ -54.774642, -22.294886 ], [ -54.774645, -22.294877 ], [ -54.774648, -22.294869 ] ] ] } },
{ "type": "Feature", "properties": { "id": 83229, "insc_imob": "00.11.13.07.250", "quadra_cartorio": "07", "lote_cartorio": "25", "matricula": "155440", "circunscricao": "1º CIRCUNSCRIÇÃO", "zoneamento": null, "condominio": null, "area_geom": 855.0, "cnm": "062661.2.0155440-38" }, "geometry": { "type": "Polygon", "coordinates": [ [ [ -54.780377, -22.294214 ], [ -54.78049, -22.293888 ], [ -54.780698, -22.29395 ], [ -54.780584, -22.294277 ], [ -54.780377, -22.294214 ] ] ] } },
{ "type": "Feature", "properties": { "id": 83230, "insc_imob": "00.11.13.07.240", "quadra_cartorio": "07", "lote_cartorio": "24", "matricula": "155439", "circunscricao": "1º CIRCUNSCRIÇÃO", "zoneamento": null, "condominio": null, "area_geom": 855.0, "cnm": "062661.2.0155439-41" }, "geometry": { "type": "Polygon", "coordinates": [ [ [ -54.780169, -22.294151 ], [ -54.780283, -22.293825 ], [ -54.78049, -22.293888 ], [ -54.780377, -22.294214 ], [ -54.780169, -22.294151 ] ] ] } },
{ "type": "Feature", "properties": { "id": 83231, "insc_imob": "00.11.13.07.230", "quadra_cartorio": "07", "lote_cartorio": "23", "matricula": "155438", "circunscricao": "1º CIRCUNSCRIÇÃO", "zoneamento": null, "condominio": null, "area_geom": 855.0, "cnm": "062661.2.0155438-44" }, "geometry": { "type": "Polygon", "coordinates": [ [ [ -54.779961, -22.294089 ], [ -54.780075, -22.293763 ], [ -54.780283, -22.293825 ], [ -54.780169, -22.294151 ], [ -54.779961, -22.294089 ] ] ] } },
{ "type": "Feature", "properties": { "id": 83235, "insc_imob": "00.11.12.03.010", "quadra_cartorio": "C", "lote_cartorio": "01", "matricula": "155348", "circunscricao": "1º CIRCUNSCRIÇÃO", "zoneamento": null, "condominio": null, "area_geom": 3758.44, "cnm": "062661.2.0155348-23" }, "geometry": { "type": "Polygon", "coordinates": [ [ [ -54.775383, -22.293733 ], [ -54.775443, -22.293561 ], [ -54.776063, -22.293747 ], [ -54.776232, -22.294178 ], [ -54.775109, -22.293839 ], [ -54.775183, -22.293673 ], [ -54.775383, -22.293733 ] ] ] } },
{ "type": "Feature", "properties": { "id": 83237, "insc_imob": "00.11.13.07.200", "quadra_cartorio": "07", "lote_cartorio": "20", "matricula": "155435", "circunscricao": "1º CIRCUNSCRIÇÃO", "zoneamento": null, "condominio": null, "area_geom": 855.0, "cnm": "062661.2.0155435-53" }, "geometry": { "type": "Polygon", "coordinates": [ [ [ -54.779338, -22.293901 ], [ -54.779452, -22.293575 ], [ -54.77966, -22.293637 ], [ -54.779546, -22.293964 ], [ -54.779338, -22.293901 ] ] ] } },
{ "type": "Feature", "properties": { "id": 83238, "insc_imob": "00.11.13.07.020", "quadra_cartorio": "07", "lote_cartorio": "02", "matricula": "155417", "circunscricao": "1º CIRCUNSCRIÇÃO", "zoneamento": null, "condominio": null, "area_geom": 855.0, "cnm": "062661.2.0155417-10" }, "geometry": { "type": "Polygon", "coordinates": [ [ [ -54.78049, -22.293888 ], [ -54.780604, -22.293561 ], [ -54.780811, -22.293624 ], [ -54.780698, -22.29395 ], [ -54.78049, -22.293888 ] ] ] } },
{ "type": "Feature", "properties": { "id": 83240, "insc_imob": "00.11.13.07.030", "quadra_cartorio": "07", "lote_cartorio": "03", "matricula": "155418", "circunscricao": "1º CIRCUNSCRIÇÃO", "zoneamento": null, "condominio": null, "area_geom": 855.0, "cnm": "062661.2.0155418-07" }, "geometry": { "type": "Polygon", "coordinates": [ [ [ -54.780283, -22.293825 ], [ -54.780396, -22.293499 ], [ -54.780604, -22.293561 ], [ -54.78049, -22.293888 ], [ -54.780283, -22.293825 ] ] ] } },
{ "type": "Feature", "properties": { "id": 83243, "insc_imob": "00.11.13.07.040", "quadra_cartorio": "07", "lote_cartorio": "04", "matricula": "155419", "circunscricao": "1º CIRCUNSCRIÇÃO", "zoneamento": null, "condominio": null, "area_geom": 855.0, "cnm": "062661.2.0155419-04" }, "geometry": { "type": "Polygon", "coordinates": [ [ [ -54.780075, -22.293763 ], [ -54.780188, -22.293436 ], [ -54.780396, -22.293499 ], [ -54.780283, -22.293825 ], [ -54.780075, -22.293763 ] ] ] } },
{ "type": "Feature", "properties": { "id": 83245, "insc_imob": "00.11.13.07.050", "quadra_cartorio": "07", "lote_cartorio": "05", "matricula": "155420", "circunscricao": "1º CIRCUNSCRIÇÃO", "zoneamento": null, "condominio": null, "area_geom": 855.0, "cnm": "062661.2.0155420-98" }, "geometry": { "type": "Polygon", "coordinates": [ [ [ -54.779867, -22.2937 ], [ -54.779981, -22.293374 ], [ -54.780188, -22.293436 ], [ -54.780075, -22.293763 ], [ -54.779867, -22.2937 ] ] ] } },
{ "type": "Feature", "properties": { "id": 83246, "insc_imob": "00.11.13.07.160", "quadra_cartorio": "07", "lote_cartorio": "16", "matricula": "155431", "circunscricao": "1º CIRCUNSCRIÇÃO", "zoneamento": null, "condominio": null, "area_geom": 855.0, "cnm": "062661.2.0155431-65" }, "geometry": { "type": "Polygon", "coordinates": [ [ [ -54.778508, -22.293651 ], [ -54.778621, -22.293325 ], [ -54.778829, -22.293387 ], [ -54.778715, -22.293714 ], [ -54.778508, -22.293651 ] ] ] } },
{ "type": "Feature", "properties": { "id": 83247, "insc_imob": "00.11.13.07.060", "quadra_cartorio": "07", "lote_cartorio": "06", "matricula": "155421", "circunscricao": "1º CIRCUNSCRIÇÃO", "zoneamento": null, "condominio": null, "area_geom": 855.0, "cnm": "062661.2.0155421-95" }, "geometry": { "type": "Polygon", "coordinates": [ [ [ -54.77966, -22.293637 ], [ -54.779773, -22.293311 ], [ -54.779981, -22.293374 ], [ -54.779867, -22.2937 ], [ -54.77966, -22.293637 ] ] ] } },
{ "type": "Feature", "properties": { "id": 83248, "insc_imob": "00.11.13.07.150", "quadra_cartorio": "07", "lote_cartorio": "15", "matricula": "155430", "circunscricao": "1º CIRCUNSCRIÇÃO", "zoneamento": null, "condominio": null, "area_geom": 855.0, "cnm": "062661.2.0155430-68" }, "geometry": { "type": "Polygon", "coordinates": [ [ [ -54.7783, -22.293589 ], [ -54.778413, -22.293262 ], [ -54.778621, -22.293325 ], [ -54.778508, -22.293651 ], [ -54.7783, -22.293589 ] ] ] } },
{ "type": "Feature", "properties": { "id": 83250, "insc_imob": "00.11.13.07.140", "quadra_cartorio": "07", "lote_cartorio": "14", "matricula": "155429", "circunscricao": "1º CIRCUNSCRIÇÃO", "zoneamento": null, "condominio": null, "area_geom": 997.5, "cnm": "062661.2.0155429-71" }, "geometry": { "type": "Polygon", "coordinates": [ [ [ -54.778058, -22.293516 ], [ -54.778171, -22.293189 ], [ -54.778413, -22.293262 ], [ -54.7783, -22.293589 ], [ -54.778058, -22.293516 ] ] ] } },
{ "type": "Feature", "properties": { "id": 83276, "insc_imob": "00.11.13.06.120", "quadra_cartorio": "06", "lote_cartorio": "12", "matricula": "155407", "circunscricao": "1º CIRCUNSCRIÇÃO", "zoneamento": null, "condominio": null, "area_geom": 1140.0, "cnm": "062661.2.0155407-40" }, "geometry": { "type": "Polygon", "coordinates": [ [ [ -54.778587, -22.292764 ], [ -54.7787, -22.292438 ], [ -54.778977, -22.292521 ], [ -54.778864, -22.292847 ], [ -54.778587, -22.292764 ] ] ] } },
{ "type": "Feature", "properties": { "id": 83257, "insc_imob": "00.11.13.06.190", "quadra_cartorio": "06", "lote_cartorio": "19", "matricula": "155414", "circunscricao": "1º CIRCUNSCRIÇÃO", "zoneamento": null, "condominio": null, "area_geom": 1140.0, "cnm": "062661.2.0155414-19" }, "geometry": { "type": "Polygon", "coordinates": [ [ [ -54.780594, -22.293369 ], [ -54.780708, -22.293042 ], [ -54.780985, -22.293126 ], [ -54.780871, -22.293452 ], [ -54.780594, -22.293369 ] ] ] } },
{ "type": "Feature", "properties": { "id": 83258, "insc_imob": "00.11.13.07.110", "quadra_cartorio": "07", "lote_cartorio": "11", "matricula": "155426", "circunscricao": "1º CIRCUNSCRIÇÃO", "zoneamento": null, "condominio": null, "area_geom": 855.0, "cnm": "062661.2.0155426-80" }, "geometry": { "type": "Polygon", "coordinates": [ [ [ -54.778621, -22.293325 ], [ -54.778735, -22.292998 ], [ -54.778942, -22.293061 ], [ -54.778829, -22.293387 ], [ -54.778621, -22.293325 ] ] ] } },
{ "type": "Feature", "properties": { "id": 83259, "insc_imob": "00.11.13.02.030", "quadra_cartorio": "02", "lote_cartorio": "03", "matricula": "155362", "circunscricao": "1º CIRCUNSCRIÇÃO", "zoneamento": null, "condominio": null, "area_geom": 4680.0, "cnm": "062661.2.0155362-78" }, "geometry": { "type": "Polygon", "coordinates": [ [ [ -54.776983, -22.293382 ], [ -54.777138, -22.292935 ], [ -54.777969, -22.293185 ], [ -54.777813, -22.293632 ], [ -54.776983, -22.293382 ] ] ] } },
{ "type": "Feature", "properties": { "id": 83260, "insc_imob": "00.11.13.07.120", "quadra_cartorio": "07", "lote_cartorio": "12", "matricula": "155427", "circunscricao": "1º CIRCUNSCRIÇÃO", "zoneamento": null, "condominio": null, "area_geom": 855.0, "cnm": "062661.2.0155427-77" }, "geometry": { "type": "Polygon", "coordinates": [ [ [ -54.778413, -22.293262 ], [ -54.778527, -22.292936 ], [ -54.778735, -22.292998 ], [ -54.778621, -22.293325 ], [ -54.778413, -22.293262 ] ] ] } },
{ "type": "Feature", "properties": { "id": 83261, "insc_imob": "00.11.13.06.180", "quadra_cartorio": "06", "lote_cartorio": "18", "matricula": "155413", "circunscricao": "1º CIRCUNSCRIÇÃO", "zoneamento": null, "condominio": null, "area_geom": 1140.0, "cnm": "062661.2.0155413-22" }, "geometry": { "type": "Polygon", "coordinates": [ [ [ -54.780317, -22.293285 ], [ -54.780431, -22.292959 ], [ -54.780708, -22.293042 ], [ -54.780594, -22.293369 ], [ -54.780317, -22.293285 ] ] ] } },
{ "type": "Feature", "properties": { "id": 83264, "insc_imob": "00.11.13.07.130", "quadra_cartorio": "07", "lote_cartorio": "13", "matricula": "155428", "circunscricao": "1º CIRCUNSCRIÇÃO", "zoneamento": null, "condominio": null, "area_geom": 997.5, "cnm": "062661.2.0155428-74" }, "geometry": { "type": "Polygon", "coordinates": [ [ [ -54.778171, -22.293189 ], [ -54.778285, -22.292863 ], [ -54.778527, -22.292936 ], [ -54.778413, -22.293262 ], [ -54.778171, -22.293189 ] ] ] } },
{ "type": "Feature", "properties": { "id": 83265, "insc_imob": "00.11.13.06.170", "quadra_cartorio": "06", "lote_cartorio": "17", "matricula": "155412", "circunscricao": "1º CIRCUNSCRIÇÃO", "zoneamento": null, "condominio": null, "area_geom": 1140.0, "cnm": "062661.2.0155412-25" }, "geometry": { "type": "Polygon", "coordinates": [ [ [ -54.78004, -22.293202 ], [ -54.780154, -22.292875 ], [ -54.780431, -22.292959 ], [ -54.780317, -22.293285 ], [ -54.78004, -22.293202 ] ] ] } },
{ "type": "Feature", "properties": { "id": 83266, "insc_imob": "00.11.13.06.010", "quadra_cartorio": "06", "lote_cartorio": "01", "matricula": "155396", "circunscricao": "1º CIRCUNSCRIÇÃO", "zoneamento": null, "condominio": null, "area_geom": 997.5, "cnm": "062661.2.0155396-73" }, "geometry": { "type": "Polygon", "coordinates": [ [ [ -54.780985, -22.293126 ], [ -54.781098, -22.292799 ], [ -54.781341, -22.292872 ], [ -54.781227, -22.293199 ], [ -54.780985, -22.293126 ] ] ] } },
{ "type": "Feature", "properties": { "id": 83267, "insc_imob": "00.11.13.06.160", "quadra_cartorio": "06", "lote_cartorio": "16", "matricula": "155411", "circunscricao": "1º CIRCUNSCRIÇÃO", "zoneamento": null, "condominio": null, "area_geom": 1282.5, "cnm": "062661.2.0155411-28" }, "geometry": { "type": "Polygon", "coordinates": [ [ [ -54.779729, -22.293108 ], [ -54.779842, -22.292782 ], [ -54.780154, -22.292875 ], [ -54.78004, -22.293202 ], [ -54.779729, -22.293108 ] ] ] } },
{ "type": "Feature", "properties": { "id": 83268, "insc_imob": "00.11.13.06.020", "quadra_cartorio": "06", "lote_cartorio": "02", "matricula": "155397", "circunscricao": "1º CIRCUNSCRIÇÃO", "zoneamento": null, "condominio": null, "area_geom": 1140.0, "cnm": "062661.2.0155397-70" }, "geometry": { "type": "Polygon", "coordinates": [ [ [ -54.780708, -22.293042 ], [ -54.780821, -22.292716 ], [ -54.781098, -22.292799 ], [ -54.780985, -22.293126 ], [ -54.780708, -22.293042 ] ] ] } },
{ "type": "Feature", "properties": { "id": 83269, "insc_imob": "00.11.13.06.150", "quadra_cartorio": "06", "lote_cartorio": "15", "matricula": "155410", "circunscricao": "1º CIRCUNSCRIÇÃO", "zoneamento": null, "condominio": null, "area_geom": 1282.5, "cnm": "062661.2.0155410-31" }, "geometry": { "type": "Polygon", "coordinates": [ [ [ -54.779417, -22.293014 ], [ -54.779531, -22.292688 ], [ -54.779842, -22.292782 ], [ -54.779729, -22.293108 ], [ -54.779417, -22.293014 ] ] ] } },
{ "type": "Feature", "properties": { "id": 83270, "insc_imob": "00.11.13.06.030", "quadra_cartorio": "06", "lote_cartorio": "03", "matricula": "155398", "circunscricao": "1º CIRCUNSCRIÇÃO", "zoneamento": null, "condominio": null, "area_geom": 1140.0, "cnm": "062661.2.0155398-67" }, "geometry": { "type": "Polygon", "coordinates": [ [ [ -54.780431, -22.292959 ], [ -54.780544, -22.292632 ], [ -54.780821, -22.292716 ], [ -54.780708, -22.293042 ], [ -54.780431, -22.292959 ] ] ] } },
{ "type": "Feature", "properties": { "id": 83271, "insc_imob": "00.11.13.06.140", "quadra_cartorio": "06", "lote_cartorio": "14", "matricula": "155409", "circunscricao": "1º CIRCUNSCRIÇÃO", "zoneamento": null, "condominio": null, "area_geom": 1140.0, "cnm": "062661.2.0155409-34" }, "geometry": { "type": "Polygon", "coordinates": [ [ [ -54.77914, -22.292931 ], [ -54.779254, -22.292604 ], [ -54.779531, -22.292688 ], [ -54.779417, -22.293014 ], [ -54.77914, -22.292931 ] ] ] } },
{ "type": "Feature", "properties": { "id": 83272, "insc_imob": "00.11.13.06.040", "quadra_cartorio": "06", "lote_cartorio": "04", "matricula": "155399", "circunscricao": "1º CIRCUNSCRIÇÃO", "zoneamento": null, "condominio": null, "area_geom": 1140.0, "cnm": "062661.2.0155399-64" }, "geometry": { "type": "Polygon", "coordinates": [ [ [ -54.780154, -22.292875 ], [ -54.780267, -22.292549 ], [ -54.780544, -22.292632 ], [ -54.780431, -22.292959 ], [ -54.780154, -22.292875 ] ] ] } },
{ "type": "Feature", "properties": { "id": 83273, "insc_imob": "00.11.13.02.020", "quadra_cartorio": "02", "lote_cartorio": "02", "matricula": "155361", "circunscricao": "1º CIRCUNSCRIÇÃO", "zoneamento": null, "condominio": null, "area_geom": 4500.0, "cnm": "062661.2.0155361-81" }, "geometry": { "type": "Polygon", "coordinates": [ [ [ -54.777138, -22.292935 ], [ -54.777287, -22.292505 ], [ -54.778118, -22.292756 ], [ -54.777969, -22.293185 ], [ -54.777138, -22.292935 ] ] ] } },
{ "type": "Feature", "properties": { "id": 83274, "insc_imob": "00.11.13.06.130", "quadra_cartorio": "06", "lote_cartorio": "13", "matricula": "155408", "circunscricao": "1º CIRCUNSCRIÇÃO", "zoneamento": null, "condominio": null, "area_geom": 1140.0, "cnm": "062661.2.0155408-37" }, "geometry": { "type": "Polygon", "coordinates": [ [ [ -54.778864, -22.292847 ], [ -54.778977, -22.292521 ], [ -54.779254, -22.292604 ], [ -54.77914, -22.292931 ], [ -54.778864, -22.292847 ] ] ] } },
{ "type": "Feature", "properties": { "id": 83275, "insc_imob": "00.11.13.06.050", "quadra_cartorio": "06", "lote_cartorio": "05", "matricula": "155400", "circunscricao": "1º CIRCUNSCRIÇÃO", "zoneamento": null, "condominio": null, "area_geom": 1282.5, "cnm": "062661.2.0155400-61" }, "geometry": { "type": "Polygon", "coordinates": [ [ [ -54.779842, -22.292782 ], [ -54.779956, -22.292455 ], [ -54.780267, -22.292549 ], [ -54.780154, -22.292875 ], [ -54.779842, -22.292782 ] ] ] } },
{ "type": "Feature", "properties": { "id": 83277, "insc_imob": "00.11.13.06.110", "quadra_cartorio": "06", "lote_cartorio": "11", "matricula": "155406", "circunscricao": "1º CIRCUNSCRIÇÃO", "zoneamento": null, "condominio": null, "area_geom": 997.5, "cnm": "062661.2.0155406-43" }, "geometry": { "type": "Polygon", "coordinates": [ [ [ -54.778344, -22.292691 ], [ -54.778458, -22.292365 ], [ -54.7787, -22.292438 ], [ -54.778587, -22.292764 ], [ -54.778344, -22.292691 ] ] ] } },
{ "type": "Feature", "properties": { "id": 83278, "insc_imob": "00.11.13.06.060", "quadra_cartorio": "06", "lote_cartorio": "06", "matricula": "155401", "circunscricao": "1º CIRCUNSCRIÇÃO", "zoneamento": null, "condominio": null, "area_geom": 1282.5, "cnm": "062661.2.0155401-58" }, "geometry": { "type": "Polygon", "coordinates": [ [ [ -54.779531, -22.292688 ], [ -54.779644, -22.292361 ], [ -54.779956, -22.292455 ], [ -54.779842, -22.292782 ], [ -54.779531, -22.292688 ] ] ] } },
{ "type": "Feature", "properties": { "id": 83279, "insc_imob": "00.11.13.06.070", "quadra_cartorio": "06", "lote_cartorio": "07", "matricula": "155402", "circunscricao": "1º CIRCUNSCRIÇÃO", "zoneamento": null, "condominio": null, "area_geom": 1140.0, "cnm": "062661.2.0155402-55" }, "geometry": { "type": "Polygon", "coordinates": [ [ [ -54.779254, -22.292604 ], [ -54.779367, -22.292278 ], [ -54.779644, -22.292361 ], [ -54.779531, -22.292688 ], [ -54.779254, -22.292604 ] ] ] } },
{ "type": "Feature", "properties": { "id": 83282, "insc_imob": "00.11.13.06.090", "quadra_cartorio": "06", "lote_cartorio": "09", "matricula": "155404", "circunscricao": "1º CIRCUNSCRIÇÃO", "zoneamento": null, "condominio": null, "area_geom": 1140.0, "cnm": "062661.2.0155404-49" }, "geometry": { "type": "Polygon", "coordinates": [ [ [ -54.7787, -22.292438 ], [ -54.778814, -22.292111 ], [ -54.779091, -22.292195 ], [ -54.778977, -22.292521 ], [ -54.7787, -22.292438 ] ] ] } },
{ "type": "Feature", "properties": { "id": 83283, "insc_imob": "00.11.13.05.250", "quadra_cartorio": "05", "lote_cartorio": "25", "matricula": "155394", "circunscricao": "1º CIRCUNSCRIÇÃO", "zoneamento": null, "condominio": null, "area_geom": 1125.0, "cnm": "062661.2.0155394-79" }, "geometry": { "type": "Polygon", "coordinates": [ [ [ -54.78095, -22.292565 ], [ -54.7811, -22.292135 ], [ -54.781307, -22.292198 ], [ -54.781158, -22.292627 ], [ -54.78095, -22.292565 ] ] ] } },
{ "type": "Feature", "properties": { "id": 83284, "insc_imob": "00.11.13.05.240", "quadra_cartorio": "05", "lote_cartorio": "24", "matricula": "155393", "circunscricao": "1º CIRCUNSCRIÇÃO", "zoneamento": null, "condominio": null, "area_geom": 1125.0, "cnm": "062661.2.0155393-82" }, "geometry": { "type": "Polygon", "coordinates": [ [ [ -54.780743, -22.292502 ], [ -54.780892, -22.292073 ], [ -54.7811, -22.292135 ], [ -54.78095, -22.292565 ], [ -54.780743, -22.292502 ] ] ] } },
{ "type": "Feature", "properties": { "id": 83285, "insc_imob": "00.11.13.06.100", "quadra_cartorio": "06", "lote_cartorio": "10", "matricula": "155405", "circunscricao": "1º CIRCUNSCRIÇÃO", "zoneamento": null, "condominio": null, "area_geom": 997.5, "cnm": "062661.2.0155405-46" }, "geometry": { "type": "Polygon", "coordinates": [ [ [ -54.778458, -22.292365 ], [ -54.778571, -22.292038 ], [ -54.778814, -22.292111 ], [ -54.7787, -22.292438 ], [ -54.778458, -22.292365 ] ] ] } },
{ "type": "Feature", "properties": { "id": 83286, "insc_imob": "00.11.13.05.230", "quadra_cartorio": "05", "lote_cartorio": "23", "matricula": "155392", "circunscricao": "1º CIRCUNSCRIÇÃO", "zoneamento": null, "condominio": null, "area_geom": 1125.0, "cnm": "062661.2.0155392-85" }, "geometry": { "type": "Polygon", "coordinates": [ [ [ -54.780535, -22.29244 ], [ -54.780684, -22.29201 ], [ -54.780892, -22.292073 ], [ -54.780743, -22.292502 ], [ -54.780535, -22.29244 ] ] ] } },
{ "type": "Feature", "properties": { "id": 83288, "insc_imob": "00.11.13.05.220", "quadra_cartorio": "05", "lote_cartorio": "22", "matricula": "155391", "circunscricao": "1º CIRCUNSCRIÇÃO", "zoneamento": null, "condominio": null, "area_geom": 1125.0, "cnm": "062661.2.0155391-88" }, "geometry": { "type": "Polygon", "coordinates": [ [ [ -54.780327, -22.292377 ], [ -54.780477, -22.291948 ], [ -54.780684, -22.29201 ], [ -54.780535, -22.29244 ], [ -54.780327, -22.292377 ] ] ] } },
{ "type": "Feature", "properties": { "id": 83289, "insc_imob": "00.11.13.05.210", "quadra_cartorio": "05", "lote_cartorio": "21", "matricula": "155390", "circunscricao": "1º CIRCUNSCRIÇÃO", "zoneamento": null, "condominio": null, "area_geom": 1125.0, "cnm": "062661.2.0155390-91" }, "geometry": { "type": "Polygon", "coordinates": [ [ [ -54.78012, -22.292315 ], [ -54.780269, -22.291885 ], [ -54.780477, -22.291948 ], [ -54.780327, -22.292377 ], [ -54.78012, -22.292315 ] ] ] } },
{ "type": "Feature", "properties": { "id": 83290, "insc_imob": "00.11.13.05.200", "quadra_cartorio": "05", "lote_cartorio": "20", "matricula": "155389", "circunscricao": "1º CIRCUNSCRIÇÃO", "zoneamento": null, "condominio": null, "area_geom": 1125.0, "cnm": "062661.2.0155389-94" }, "geometry": { "type": "Polygon", "coordinates": [ [ [ -54.779912, -22.292252 ], [ -54.780061, -22.291823 ], [ -54.780269, -22.291885 ], [ -54.78012, -22.292315 ], [ -54.779912, -22.292252 ] ] ] } },
{ "type": "Feature", "properties": { "id": 83291, "insc_imob": "00.11.13.05.010", "quadra_cartorio": "05", "lote_cartorio": "01", "matricula": "155370", "circunscricao": "1º CIRCUNSCRIÇÃO", "zoneamento": null, "condominio": null, "area_geom": 1111.29, "cnm": "062661.2.0155370-54" }, "geometry": { "type": "Polygon", "coordinates": [ [ [ -54.781307, -22.292198 ], [ -54.781435, -22.291831 ], [ -54.781675, -22.29191 ], [ -54.78155, -22.292271 ], [ -54.781307, -22.292198 ] ] ] } },
{ "type": "Feature", "properties": { "id": 83292, "insc_imob": "00.11.13.02.010", "quadra_cartorio": "02", "lote_cartorio": "01", "matricula": "155360", "circunscricao": "1º CIRCUNSCRIÇÃO", "zoneamento": null, "condominio": null, "area_geom": 8100.0, "cnm": "062661.2.0155360-84" }, "geometry": { "type": "Polygon", "coordinates": [ [ [ -54.777287, -22.292505 ], [ -54.777556, -22.291732 ], [ -54.778387, -22.291983 ], [ -54.778118, -22.292756 ], [ -54.777287, -22.292505 ] ] ] } },
{ "type": "Feature", "properties": { "id": 83293, "insc_imob": "00.11.13.05.190", "quadra_cartorio": "05", "lote_cartorio": "19", "matricula": "155388", "circunscricao": "1º CIRCUNSCRIÇÃO", "zoneamento": null, "condominio": null, "area_geom": 1125.0, "cnm": "062661.2.0155388-97" }, "geometry": { "type": "Polygon", "coordinates": [ [ [ -54.779704, -22.29219 ], [ -54.779854, -22.29176 ], [ -54.780061, -22.291823 ], [ -54.779912, -22.292252 ], [ -54.779704, -22.29219 ] ] ] } },
{ "type": "Feature", "properties": { "id": 83294, "insc_imob": "00.11.13.05.020", "quadra_cartorio": "05", "lote_cartorio": "02", "matricula": "155371", "circunscricao": "1º CIRCUNSCRIÇÃO", "zoneamento": null, "condominio": null, "area_geom": 968.66, "cnm": "062661.2.0155371-51" }, "geometry": { "type": "Polygon", "coordinates": [ [ [ -54.7811, -22.292135 ], [ -54.781229, -22.291763 ], [ -54.781435, -22.291831 ], [ -54.781307, -22.292198 ], [ -54.7811, -22.292135 ] ] ] } },
{ "type": "Feature", "properties": { "id": 83295, "insc_imob": "00.11.13.05.180", "quadra_cartorio": "05", "lote_cartorio": "18", "matricula": "155387", "circunscricao": "1º CIRCUNSCRIÇÃO", "zoneamento": null, "condominio": null, "area_geom": 1125.0, "cnm": "062661.2.0155387-03" }, "geometry": { "type": "Polygon", "coordinates": [ [ [ -54.779496, -22.292127 ], [ -54.779646, -22.291697 ], [ -54.779854, -22.29176 ], [ -54.779704, -22.29219 ], [ -54.779496, -22.292127 ] ] ] } },
{ "type": "Feature", "properties": { "id": 83297, "insc_imob": "00.11.13.05.030", "quadra_cartorio": "05", "lote_cartorio": "03", "matricula": "155372", "circunscricao": "1º CIRCUNSCRIÇÃO", "zoneamento": null, "condominio": null, "area_geom": 983.53, "cnm": "062661.2.0155372-48" }, "geometry": { "type": "Polygon", "coordinates": [ [ [ -54.780892, -22.292073 ], [ -54.781023, -22.291694 ], [ -54.781229, -22.291763 ], [ -54.7811, -22.292135 ], [ -54.780892, -22.292073 ] ] ] } },
{ "type": "Feature", "properties": { "id": 83298, "insc_imob": "00.11.13.05.170", "quadra_cartorio": "05", "lote_cartorio": "17", "matricula": "155386", "circunscricao": "1º CIRCUNSCRIÇÃO", "zoneamento": null, "condominio": null, "area_geom": 1125.0, "cnm": "062661.2.0155386-06" }, "geometry": { "type": "Polygon", "coordinates": [ [ [ -54.779289, -22.292064 ], [ -54.779438, -22.291635 ], [ -54.779646, -22.291697 ], [ -54.779496, -22.292127 ], [ -54.779289, -22.292064 ] ] ] } },
{ "type": "Feature", "properties": { "id": 83299, "insc_imob": "00.11.13.05.040", "quadra_cartorio": "05", "lote_cartorio": "04", "matricula": "155373", "circunscricao": "1º CIRCUNSCRIÇÃO", "zoneamento": null, "condominio": null, "area_geom": 998.41, "cnm": "062661.2.0155373-45" }, "geometry": { "type": "Polygon", "coordinates": [ [ [ -54.780684, -22.29201 ], [ -54.780818, -22.291626 ], [ -54.781023, -22.291694 ], [ -54.780892, -22.292073 ], [ -54.780684, -22.29201 ] ] ] } },
{ "type": "Feature", "properties": { "id": 83300, "insc_imob": "00.11.13.05.160", "quadra_cartorio": "05", "lote_cartorio": "16", "matricula": "155385", "circunscricao": "1º CIRCUNSCRIÇÃO", "zoneamento": null, "condominio": null, "area_geom": 1125.0, "cnm": "062661.2.0155385-09" }, "geometry": { "type": "Polygon", "coordinates": [ [ [ -54.779081, -22.292002 ], [ -54.77923, -22.291572 ], [ -54.779438, -22.291635 ], [ -54.779289, -22.292064 ], [ -54.779081, -22.292002 ] ] ] } },
{ "type": "Feature", "properties": { "id": 83301, "insc_imob": "00.11.13.05.050", "quadra_cartorio": "05", "lote_cartorio": "05", "matricula": "155374", "circunscricao": "1º CIRCUNSCRIÇÃO", "zoneamento": null, "condominio": null, "area_geom": 1013.29, "cnm": "062661.2.0155374-42" }, "geometry": { "type": "Polygon", "coordinates": [ [ [ -54.780477, -22.291948 ], [ -54.780612, -22.291558 ], [ -54.780818, -22.291626 ], [ -54.780684, -22.29201 ], [ -54.780477, -22.291948 ] ] ] } },
{ "type": "Feature", "properties": { "id": 83302, "insc_imob": "00.11.13.01.050", "quadra_cartorio": "01", "lote_cartorio": "05", "matricula": "155359", "circunscricao": "1º CIRCUNSCRIÇÃO", "zoneamento": null, "condominio": null, "area_geom": 912.0, "cnm": "062661.2.0155359-87" }, "geometry": { "type": "Polygon", "coordinates": [ [ [ -54.778096, -22.291705 ], [ -54.778167, -22.291499 ], [ -54.778518, -22.291605 ], [ -54.778447, -22.291811 ], [ -54.778096, -22.291705 ] ] ] } },
{ "type": "Feature", "properties": { "id": 83303, "insc_imob": "00.11.13.05.150", "quadra_cartorio": "05", "lote_cartorio": "15", "matricula": "155384", "circunscricao": "1º CIRCUNSCRIÇÃO", "zoneamento": null, "condominio": null, "area_geom": 1125.0, "cnm": "062661.2.0155384-12" }, "geometry": { "type": "Polygon", "coordinates": [ [ [ -54.778873, -22.291939 ], [ -54.779023, -22.29151 ], [ -54.77923, -22.291572 ], [ -54.779081, -22.292002 ], [ -54.778873, -22.291939 ] ] ] } },
{ "type": "Feature", "properties": { "id": 83304, "insc_imob": "00.11.13.05.060", "quadra_cartorio": "05", "lote_cartorio": "06", "matricula": "155375", "circunscricao": "1º CIRCUNSCRIÇÃO", "zoneamento": null, "condominio": null, "area_geom": 1028.17, "cnm": "062661.2.0155375-39" }, "geometry": { "type": "Polygon", "coordinates": [ [ [ -54.780269, -22.291885 ], [ -54.780406, -22.29149 ], [ -54.780612, -22.291558 ], [ -54.780477, -22.291948 ], [ -54.780269, -22.291885 ] ] ] } },
{ "type": "Feature", "properties": { "id": 83305, "insc_imob": "00.11.13.05.140", "quadra_cartorio": "05", "lote_cartorio": "14", "matricula": "155383", "circunscricao": "1º CIRCUNSCRIÇÃO", "zoneamento": null, "condominio": null, "area_geom": 1312.5, "cnm": "062661.2.0155383-15" }, "geometry": { "type": "Polygon", "coordinates": [ [ [ -54.778631, -22.291866 ], [ -54.77878, -22.291437 ], [ -54.779023, -22.29151 ], [ -54.778873, -22.291939 ], [ -54.778631, -22.291866 ] ] ] } },
{ "type": "Feature", "properties": { "id": 83306, "insc_imob": "00.11.13.05.070", "quadra_cartorio": "05", "lote_cartorio": "07", "matricula": "155376", "circunscricao": "1º CIRCUNSCRIÇÃO", "zoneamento": null, "condominio": null, "area_geom": 1043.04, "cnm": "062661.2.0155376-36" }, "geometry": { "type": "Polygon", "coordinates": [ [ [ -54.780061, -22.291823 ], [ -54.780201, -22.291422 ], [ -54.780406, -22.29149 ], [ -54.780269, -22.291885 ], [ -54.780061, -22.291823 ] ] ] } },
{ "type": "Feature", "properties": { "id": 83308, "insc_imob": "00.11.13.05.080", "quadra_cartorio": "05", "lote_cartorio": "08", "matricula": "155377", "circunscricao": "1º CIRCUNSCRIÇÃO", "zoneamento": null, "condominio": null, "area_geom": 1057.92, "cnm": "062661.2.0155377-33" }, "geometry": { "type": "Polygon", "coordinates": [ [ [ -54.779854, -22.29176 ], [ -54.779995, -22.291353 ], [ -54.780201, -22.291422 ], [ -54.780061, -22.291823 ], [ -54.779854, -22.29176 ] ] ] } },
{ "type": "Feature", "properties": { "id": 83309, "insc_imob": "00.11.13.01.040", "quadra_cartorio": "01", "lote_cartorio": "04", "matricula": "155358", "circunscricao": "1º CIRCUNSCRIÇÃO", "zoneamento": null, "condominio": null, "area_geom": 912.0, "cnm": "062661.2.0155358-90" }, "geometry": { "type": "Polygon", "coordinates": [ [ [ -54.778167, -22.291499 ], [ -54.778239, -22.291293 ], [ -54.77859, -22.291398 ], [ -54.778518, -22.291605 ], [ -54.778167, -22.291499 ] ] ] } },
{ "type": "Feature", "properties": { "id": 83310, "insc_imob": "00.11.13.05.090", "quadra_cartorio": "05", "lote_cartorio": "09", "matricula": "155378", "circunscricao": "1º CIRCUNSCRIÇÃO", "zoneamento": null, "condominio": null, "area_geom": 1072.8, "cnm": "062661.2.0155378-30" }, "geometry": { "type": "Polygon", "coordinates": [ [ [ -54.779646, -22.291697 ], [ -54.779789, -22.291285 ], [ -54.779995, -22.291353 ], [ -54.779854, -22.29176 ], [ -54.779646, -22.291697 ] ] ] } },
{ "type": "Feature", "properties": { "id": 83311, "insc_imob": "00.11.13.05.100", "quadra_cartorio": "05", "lote_cartorio": "10", "matricula": "155379", "circunscricao": "1º CIRCUNSCRIÇÃO", "zoneamento": null, "condominio": null, "area_geom": 1087.68, "cnm": "062661.2.0155379-27" }, "geometry": { "type": "Polygon", "coordinates": [ [ [ -54.779438, -22.291635 ], [ -54.779584, -22.291217 ], [ -54.779789, -22.291285 ], [ -54.779646, -22.291697 ], [ -54.779438, -22.291635 ] ] ] } },
{ "type": "Feature", "properties": { "id": 83312, "insc_imob": "00.11.13.05.110", "quadra_cartorio": "05", "lote_cartorio": "11", "matricula": "155380", "circunscricao": "1º CIRCUNSCRIÇÃO", "zoneamento": null, "condominio": null, "area_geom": 1102.55, "cnm": "062661.2.0155380-24" }, "geometry": { "type": "Polygon", "coordinates": [ [ [ -54.77923, -22.291572 ], [ -54.779378, -22.291149 ], [ -54.779584, -22.291217 ], [ -54.779438, -22.291635 ], [ -54.77923, -22.291572 ] ] ] } },
{ "type": "Feature", "properties": { "id": 83313, "insc_imob": "00.11.13.01.030", "quadra_cartorio": "01", "lote_cartorio": "03", "matricula": "155357", "circunscricao": "1º CIRCUNSCRIÇÃO", "zoneamento": null, "condominio": null, "area_geom": 912.0, "cnm": "062661.2.0155357-93" }, "geometry": { "type": "Polygon", "coordinates": [ [ [ -54.778239, -22.291293 ], [ -54.778311, -22.291087 ], [ -54.778662, -22.291192 ], [ -54.77859, -22.291398 ], [ -54.778239, -22.291293 ] ] ] } },
{ "type": "Feature", "properties": { "id": 83314, "insc_imob": "00.11.13.05.120", "quadra_cartorio": "05", "lote_cartorio": "12", "matricula": "155381", "circunscricao": "1º CIRCUNSCRIÇÃO", "zoneamento": null, "condominio": null, "area_geom": 1117.43, "cnm": "062661.2.0155381-21" }, "geometry": { "type": "Polygon", "coordinates": [ [ [ -54.779023, -22.29151 ], [ -54.779172, -22.29108 ], [ -54.779378, -22.291149 ], [ -54.77923, -22.291572 ], [ -54.779023, -22.29151 ] ] ] } },
{ "type": "Feature", "properties": { "id": 83315, "insc_imob": "00.11.13.05.130", "quadra_cartorio": "05", "lote_cartorio": "13", "matricula": "155382", "circunscricao": "1º CIRCUNSCRIÇÃO", "zoneamento": null, "condominio": null, "area_geom": 1322.48, "cnm": "062661.2.0155382-18" }, "geometry": { "type": "Polygon", "coordinates": [ [ [ -54.77878, -22.291437 ], [ -54.778932, -22.291001 ], [ -54.779172, -22.29108 ], [ -54.779023, -22.29151 ], [ -54.77878, -22.291437 ] ] ] } },
{ "type": "Feature", "properties": { "id": 83316, "insc_imob": "00.11.13.01.020", "quadra_cartorio": "01", "lote_cartorio": "02", "matricula": "155356", "circunscricao": "1º CIRCUNSCRIÇÃO", "zoneamento": null, "condominio": null, "area_geom": 912.0, "cnm": "062661.2.0155356-96" }, "geometry": { "type": "Polygon", "coordinates": [ [ [ -54.778311, -22.291087 ], [ -54.778383, -22.290881 ], [ -54.778733, -22.290986 ], [ -54.778662, -22.291192 ], [ -54.778311, -22.291087 ] ] ] } },
{ "type": "Feature", "properties": { "id": 83317, "insc_imob": "00.11.13.01.010", "quadra_cartorio": "01", "lote_cartorio": "01", "matricula": "155355", "circunscricao": "1º CIRCUNSCRIÇÃO", "zoneamento": null, "condominio": null, "area_geom": 984.98, "cnm": "062661.2.0155355-02" }, "geometry": { "type": "Polygon", "coordinates": [ [ [ -54.778383, -22.290881 ], [ -54.778462, -22.290653 ], [ -54.778809, -22.290768 ], [ -54.778733, -22.290986 ], [ -54.778383, -22.290881 ] ] ] } },
{ "type": "Feature", "properties": { "id": 83318, "insc_imob": "00.11.12.01.010", "quadra_cartorio": "A", "lote_cartorio": "01", "matricula": "155346", "circunscricao": "1º CIRCUNSCRIÇÃO", "zoneamento": null, "condominio": null, "area_geom": 23266.5, "cnm": "062661.2.0155346-29" }, "geometry": { "type": "Polygon", "coordinates": [ [ [ -54.776305, -22.291166 ], [ -54.776784, -22.290097 ], [ -54.778462, -22.290653 ], [ -54.778383, -22.290881 ], [ -54.778311, -22.291087 ], [ -54.778239, -22.291293 ], [ -54.778167, -22.291499 ], [ -54.778096, -22.291705 ], [ -54.777777, -22.291609 ], [ -54.777797, -22.291553 ], [ -54.777271, -22.291395 ], [ -54.777251, -22.291451 ], [ -54.776305, -22.291166 ] ] ] } },
{ "type": "Feature", "properties": { "id": 84945, "insc_imob": "00.11.36.42.200", "quadra_cartorio": null, "lote_cartorio": "05", "matricula": "1131572", "circunscricao": "1º CIRCUNSCRIÇÃO", "zoneamento": "AUM - ÁREA DE USO MISTO", "condominio": null, "area_geom": 200.0, "cnm": "062661.2.1131572-72" }, "geometry": { "type": "Polygon", "coordinates": [ [ [ -54.804407, -22.276995 ], [ -54.8045, -22.276969 ], [ -54.804528, -22.277055 ], [ -54.804556, -22.277142 ], [ -54.804463, -22.277168 ], [ -54.804435, -22.277081 ], [ -54.804407, -22.276995 ] ] ] } },
{ "type": "Feature", "properties": { "id": 85007, "insc_imob": "00.11.36.13.120", "quadra_cartorio": null, "lote_cartorio": "27", "matricula": "131369", "circunscricao": "1º CIRCUNSCRIÇÃO", "zoneamento": "AUM - ÁREA DE USO MISTO", "condominio": null, "area_geom": 200.0, "cnm": "062661.2.0131369-83" }, "geometry": { "type": "Polygon", "coordinates": [ [ [ -54.806986, -22.278705 ], [ -54.806958, -22.278618 ], [ -54.807051, -22.278592 ], [ -54.807079, -22.278679 ], [ -54.807107, -22.278765 ], [ -54.807014, -22.278791 ], [ -54.806986, -22.278705 ] ] ] } },
{ "type": "Feature", "properties": { "id": 85163, "insc_imob": "00.11.36.11.230", "quadra_cartorio": null, "lote_cartorio": "10", "matricula": "130799", "circunscricao": "1º CIRCUNSCRIÇÃO", "zoneamento": "AUM - ÁREA DE USO MISTO", "condominio": null, "area_geom": 200.0, "cnm": "062661.2.0130799-47" }, "geometry": { "type": "Polygon", "coordinates": [ [ [ -54.810767, -22.27774 ], [ -54.81086, -22.277714 ], [ -54.810888, -22.2778 ], [ -54.810916, -22.277887 ], [ -54.810823, -22.277913 ], [ -54.810795, -22.277826 ], [ -54.810767, -22.27774 ] ] ] } },
{ "type": "Feature", "properties": { "id": 124026, "insc_imob": "00.11.33.10.120", "quadra_cartorio": "10", "lote_cartorio": "12", "matricula": "164348", "circunscricao": "1º CIRCUNSCRIÇÃO", "zoneamento": "AUM - ÁREA DE USO MISTO", "condominio": null, "area_geom": 1687.45, "cnm": "062661.2.0164348-86" }, "geometry": { "type": "Polygon", "coordinates": [ [ [ -54.783116, -22.273864 ], [ -54.782636, -22.273803 ], [ -54.782672, -22.273556 ], [ -54.783168, -22.273508 ], [ -54.783116, -22.273864 ] ] ] } },
{ "type": "Feature", "properties": { "id": 124027, "insc_imob": "00.11.33.10.110", "quadra_cartorio": "10", "lote_cartorio": "11", "matricula": "164347", "circunscricao": "1º CIRCUNSCRIÇÃO", "zoneamento": "ZEII - ZONA ESPECIAL DE INTERESSE INDUSTRIAL", "condominio": null, "area_geom": 1082.95, "cnm": "062661.2.0164347-89" }, "geometry": { "type": "Polygon", "coordinates": [ [ [ -54.782672, -22.273556 ], [ -54.782636, -22.273803 ], [ -54.782155, -22.273742 ], [ -54.782175, -22.273603 ], [ -54.782672, -22.273556 ] ] ] } }
]
}
