{
"type": "FeatureCollection",
"name": "lotes_fiscais",
"xy_coordinate_resolution": 1e-006,
"features": [
{ "type": "Feature", "properties": { "id": 126832, "insc_imob": "00.10.32.25.110", "quadra_cartorio": "25", "lote_cartorio": "11", "matricula": "168349", "circunscricao": null, "zoneamento": null, "condominio": null, "area_geom": 199.95, "cnm": "062661.2.0168349-14" }, "geometry": { "type": "Polygon", "coordinates": [ [ [ -54.753516, -22.27782 ], [ -54.753506, -22.277909 ], [ -54.753314, -22.277891 ], [ -54.753323, -22.277801 ], [ -54.753516, -22.27782 ] ] ] } },
{ "type": "Feature", "properties": { "id": 126833, "insc_imob": "00.10.32.25.100", "quadra_cartorio": "25", "lote_cartorio": "10", "matricula": "168348", "circunscricao": null, "zoneamento": null, "condominio": null, "area_geom": 199.96, "cnm": "062661.2.0168348-17" }, "geometry": { "type": "Polygon", "coordinates": [ [ [ -54.753526, -22.27773 ], [ -54.753516, -22.27782 ], [ -54.753323, -22.277801 ], [ -54.753333, -22.277712 ], [ -54.753526, -22.27773 ] ] ] } },
{ "type": "Feature", "properties": { "id": 126834, "insc_imob": "00.10.32.25.090", "quadra_cartorio": "25", "lote_cartorio": "09", "matricula": "168347", "circunscricao": null, "zoneamento": null, "condominio": null, "area_geom": 199.96, "cnm": "062661.2.0168347-20" }, "geometry": { "type": "Polygon", "coordinates": [ [ [ -54.753536, -22.27764 ], [ -54.753526, -22.27773 ], [ -54.753333, -22.277712 ], [ -54.753343, -22.277622 ], [ -54.753536, -22.27764 ] ] ] } },
{ "type": "Feature", "properties": { "id": 126835, "insc_imob": "00.10.32.25.080", "quadra_cartorio": "25", "lote_cartorio": "08", "matricula": "168346", "circunscricao": null, "zoneamento": null, "condominio": null, "area_geom": 199.97, "cnm": "062661.2.0168346-23" }, "geometry": { "type": "Polygon", "coordinates": [ [ [ -54.753546, -22.27755 ], [ -54.753536, -22.27764 ], [ -54.753343, -22.277622 ], [ -54.753353, -22.277532 ], [ -54.753546, -22.27755 ] ] ] } },
{ "type": "Feature", "properties": { "id": 126836, "insc_imob": "00.10.32.24.290", "quadra_cartorio": "24", "lote_cartorio": "29", "matricula": "168337", "circunscricao": null, "zoneamento": null, "condominio": null, "area_geom": 200.0, "cnm": "062661.2.0168337-50" }, "geometry": { "type": "Polygon", "coordinates": [ [ [ -54.753942, -22.277043 ], [ -54.753932, -22.277133 ], [ -54.753739, -22.277115 ], [ -54.753749, -22.277025 ], [ -54.753942, -22.277043 ] ] ] } },
{ "type": "Feature", "properties": { "id": 94243, "insc_imob": "00.10.31.58.011", "quadra_cartorio": null, "lote_cartorio": "01A", "matricula": "160434", "circunscricao": "1º CIRCUNSCRIÇÃO", "zoneamento": "AUM - ÁREA DE USO MISTO", "condominio": null, "area_geom": 348.33, "cnm": "062661.2.0160434-91" }, "geometry": { "type": "Polygon", "coordinates": [ [ [ -54.757051, -22.275737 ], [ -54.757036, -22.275842 ], [ -54.75675, -22.275806 ], [ -54.756765, -22.275702 ], [ -54.757051, -22.275737 ] ] ] } },
{ "type": "Feature", "properties": { "id": 94244, "insc_imob": "00.10.31.58.012", "quadra_cartorio": null, "lote_cartorio": "01", "matricula": "160433", "circunscricao": "1º CIRCUNSCRIÇÃO", "zoneamento": "AUM - ÁREA DE USO MISTO", "condominio": null, "area_geom": 9357.52, "cnm": "062661.2.0160433-94" }, "geometry": { "type": "Polygon", "coordinates": [ [ [ -54.756765, -22.275702 ], [ -54.75675, -22.275806 ], [ -54.757036, -22.275842 ], [ -54.756958, -22.27639 ], [ -54.75569, -22.276234 ], [ -54.755762, -22.275578 ], [ -54.756765, -22.275702 ] ] ] } },
{ "type": "Feature", "properties": { "id": 126837, "insc_imob": "00.10.32.24.280", "quadra_cartorio": "24", "lote_cartorio": "28", "matricula": "168336", "circunscricao": null, "zoneamento": null, "condominio": null, "area_geom": 200.01, "cnm": "062661.2.0168336-53" }, "geometry": { "type": "Polygon", "coordinates": [ [ [ -54.753932, -22.277133 ], [ -54.753923, -22.277223 ], [ -54.75373, -22.277204 ], [ -54.753739, -22.277115 ], [ -54.753932, -22.277133 ] ] ] } },
{ "type": "Feature", "properties": { "id": 126838, "insc_imob": "00.10.32.24.270", "quadra_cartorio": "24", "lote_cartorio": "27", "matricula": "168335", "circunscricao": null, "zoneamento": null, "condominio": null, "area_geom": 200.02, "cnm": "062661.2.0168335-56" }, "geometry": { "type": "Polygon", "coordinates": [ [ [ -54.753923, -22.277223 ], [ -54.753913, -22.277313 ], [ -54.75372, -22.277294 ], [ -54.75373, -22.277204 ], [ -54.753923, -22.277223 ] ] ] } },
{ "type": "Feature", "properties": { "id": 126839, "insc_imob": "00.10.32.24.260", "quadra_cartorio": "24", "lote_cartorio": "26", "matricula": "168334", "circunscricao": null, "zoneamento": null, "condominio": null, "area_geom": 200.02, "cnm": "062661.2.0168334-59" }, "geometry": { "type": "Polygon", "coordinates": [ [ [ -54.753913, -22.277313 ], [ -54.753903, -22.277402 ], [ -54.75371, -22.277384 ], [ -54.75372, -22.277294 ], [ -54.753913, -22.277313 ] ] ] } },
{ "type": "Feature", "properties": { "id": 126840, "insc_imob": "00.10.32.25.030", "quadra_cartorio": "25", "lote_cartorio": "03", "matricula": "168341", "circunscricao": null, "zoneamento": null, "condominio": null, "area_geom": 199.99, "cnm": "062661.2.0168341-38" }, "geometry": { "type": "Polygon", "coordinates": [ [ [ -54.753595, -22.277101 ], [ -54.753585, -22.277191 ], [ -54.753392, -22.277173 ], [ -54.753402, -22.277083 ], [ -54.753595, -22.277101 ] ] ] } },
{ "type": "Feature", "properties": { "id": 126841, "insc_imob": "00.10.32.25.020", "quadra_cartorio": "25", "lote_cartorio": "02", "matricula": "168340", "circunscricao": null, "zoneamento": null, "condominio": null, "area_geom": 199.99, "cnm": "062661.2.0168340-41" }, "geometry": { "type": "Polygon", "coordinates": [ [ [ -54.753604, -22.277011 ], [ -54.753595, -22.277101 ], [ -54.753402, -22.277083 ], [ -54.753411, -22.276993 ], [ -54.753604, -22.277011 ] ] ] } },
{ "type": "Feature", "properties": { "id": 126842, "insc_imob": "00.10.32.25.010", "quadra_cartorio": "25", "lote_cartorio": "01", "matricula": "168339", "circunscricao": null, "zoneamento": null, "condominio": null, "area_geom": 199.97, "cnm": "062661.2.0168339-44" }, "geometry": { "type": "Polygon", "coordinates": [ [ [ -54.753614, -22.276921 ], [ -54.753604, -22.277011 ], [ -54.753411, -22.276993 ], [ -54.753421, -22.276903 ], [ -54.753614, -22.276921 ] ] ] } },
{ "type": "Feature", "properties": { "id": 126843, "insc_imob": "00.10.32.24.300", "quadra_cartorio": "24", "lote_cartorio": "30", "matricula": "168338", "circunscricao": null, "zoneamento": null, "condominio": null, "area_geom": 199.99, "cnm": "062661.2.0168338-47" }, "geometry": { "type": "Polygon", "coordinates": [ [ [ -54.753952, -22.276953 ], [ -54.753942, -22.277043 ], [ -54.753749, -22.277025 ], [ -54.753759, -22.276935 ], [ -54.753952, -22.276953 ] ] ] } },
{ "type": "Feature", "properties": { "id": 126870, "insc_imob": "00.10.32.28.250", "quadra_cartorio": "28", "lote_cartorio": "25", "matricula": "168453", "circunscricao": null, "zoneamento": null, "condominio": null, "area_geom": 200.02, "cnm": "062661.2.0168453-90" }, "geometry": { "type": "Polygon", "coordinates": [ [ [ -54.75178, -22.277202 ], [ -54.75177, -22.277292 ], [ -54.751577, -22.277274 ], [ -54.751587, -22.277184 ], [ -54.75178, -22.277202 ] ] ] } },
{ "type": "Feature", "properties": { "id": 126871, "insc_imob": "00.10.32.28.240", "quadra_cartorio": "28", "lote_cartorio": "24", "matricula": "168452", "circunscricao": null, "zoneamento": null, "condominio": null, "area_geom": 200.03, "cnm": "062661.2.0168452-93" }, "geometry": { "type": "Polygon", "coordinates": [ [ [ -54.75177, -22.277292 ], [ -54.75176, -22.277382 ], [ -54.751567, -22.277363 ], [ -54.751577, -22.277274 ], [ -54.75177, -22.277292 ] ] ] } },
{ "type": "Feature", "properties": { "id": 126872, "insc_imob": "00.10.32.28.230", "quadra_cartorio": "28", "lote_cartorio": "23", "matricula": "168451", "circunscricao": null, "zoneamento": null, "condominio": null, "area_geom": 200.03, "cnm": "062661.2.0168451-96" }, "geometry": { "type": "Polygon", "coordinates": [ [ [ -54.75176, -22.277382 ], [ -54.75175, -22.277471 ], [ -54.751557, -22.277453 ], [ -54.751567, -22.277363 ], [ -54.75176, -22.277382 ] ] ] } },
{ "type": "Feature", "properties": { "id": 126873, "insc_imob": "00.10.32.28.220", "quadra_cartorio": "28", "lote_cartorio": "22", "matricula": "168450", "circunscricao": null, "zoneamento": null, "condominio": null, "area_geom": 200.04, "cnm": "062661.2.0168450-02" }, "geometry": { "type": "Polygon", "coordinates": [ [ [ -54.75175, -22.277471 ], [ -54.751741, -22.277561 ], [ -54.751548, -22.277543 ], [ -54.751557, -22.277453 ], [ -54.75175, -22.277471 ] ] ] } },
{ "type": "Feature", "properties": { "id": 126874, "insc_imob": "00.10.32.28.130", "quadra_cartorio": "28", "lote_cartorio": "13", "matricula": "168441", "circunscricao": null, "zoneamento": null, "condominio": null, "area_geom": 199.95, "cnm": "062661.2.0168441-29" }, "geometry": { "type": "Polygon", "coordinates": [ [ [ -54.751904, -22.277849 ], [ -54.751894, -22.277939 ], [ -54.751702, -22.277921 ], [ -54.751711, -22.277831 ], [ -54.751904, -22.277849 ] ] ] } },
{ "type": "Feature", "properties": { "id": 126875, "insc_imob": "00.10.32.28.120", "quadra_cartorio": "28", "lote_cartorio": "12", "matricula": "168440", "circunscricao": null, "zoneamento": null, "condominio": null, "area_geom": 199.95, "cnm": "062661.2.0168440-32" }, "geometry": { "type": "Polygon", "coordinates": [ [ [ -54.751914, -22.277759 ], [ -54.751904, -22.277849 ], [ -54.751711, -22.277831 ], [ -54.751721, -22.277741 ], [ -54.751914, -22.277759 ] ] ] } },
{ "type": "Feature", "properties": { "id": 126876, "insc_imob": "00.10.32.28.110", "quadra_cartorio": "28", "lote_cartorio": "11", "matricula": "168439", "circunscricao": null, "zoneamento": null, "condominio": null, "area_geom": 199.95, "cnm": "062661.2.0168439-35" }, "geometry": { "type": "Polygon", "coordinates": [ [ [ -54.751924, -22.277669 ], [ -54.751914, -22.277759 ], [ -54.751721, -22.277741 ], [ -54.751731, -22.277651 ], [ -54.751924, -22.277669 ] ] ] } },
{ "type": "Feature", "properties": { "id": 126877, "insc_imob": "00.10.32.28.100", "quadra_cartorio": "28", "lote_cartorio": "10", "matricula": "168438", "circunscricao": null, "zoneamento": null, "condominio": null, "area_geom": 199.96, "cnm": "062661.2.0168438-38" }, "geometry": { "type": "Polygon", "coordinates": [ [ [ -54.751934, -22.277579 ], [ -54.751924, -22.277669 ], [ -54.751731, -22.277651 ], [ -54.751741, -22.277561 ], [ -54.751934, -22.277579 ] ] ] } },
{ "type": "Feature", "properties": { "id": 126878, "insc_imob": "00.10.32.28.170", "quadra_cartorio": "28", "lote_cartorio": "17", "matricula": "168445", "circunscricao": null, "zoneamento": null, "condominio": null, "area_geom": 200.06, "cnm": "062661.2.0168445-17" }, "geometry": { "type": "Polygon", "coordinates": [ [ [ -54.751702, -22.277921 ], [ -54.751692, -22.27801 ], [ -54.751499, -22.277992 ], [ -54.751508, -22.277902 ], [ -54.751702, -22.277921 ] ] ] } },
{ "type": "Feature", "properties": { "id": 126879, "insc_imob": "00.10.32.28.160", "quadra_cartorio": "28", "lote_cartorio": "16", "matricula": "168444", "circunscricao": null, "zoneamento": null, "condominio": null, "area_geom": 200.07, "cnm": "062661.2.0168444-20" }, "geometry": { "type": "Polygon", "coordinates": [ [ [ -54.751692, -22.27801 ], [ -54.751682, -22.2781 ], [ -54.751489, -22.278082 ], [ -54.751499, -22.277992 ], [ -54.751692, -22.27801 ] ] ] } },
{ "type": "Feature", "properties": { "id": 126880, "insc_imob": "00.10.32.28.150", "quadra_cartorio": "28", "lote_cartorio": "15", "matricula": "168443", "circunscricao": null, "zoneamento": null, "condominio": null, "area_geom": 199.96, "cnm": "062661.2.0168443-23" }, "geometry": { "type": "Polygon", "coordinates": [ [ [ -54.751885, -22.278029 ], [ -54.751875, -22.278118 ], [ -54.751682, -22.2781 ], [ -54.751692, -22.27801 ], [ -54.751885, -22.278029 ] ] ] } },
{ "type": "Feature", "properties": { "id": 126881, "insc_imob": "00.10.32.28.140", "quadra_cartorio": "28", "lote_cartorio": "14", "matricula": "168442", "circunscricao": null, "zoneamento": null, "condominio": null, "area_geom": 199.94, "cnm": "062661.2.0168442-26" }, "geometry": { "type": "Polygon", "coordinates": [ [ [ -54.751894, -22.277939 ], [ -54.751885, -22.278029 ], [ -54.751692, -22.27801 ], [ -54.751702, -22.277921 ], [ -54.751894, -22.277939 ] ] ] } },
{ "type": "Feature", "properties": { "id": 126882, "insc_imob": "00.10.32.28.050", "quadra_cartorio": "28", "lote_cartorio": "05", "matricula": "168433", "circunscricao": null, "zoneamento": null, "condominio": null, "area_geom": 199.98, "cnm": "062661.2.0168433-53" }, "geometry": { "type": "Polygon", "coordinates": [ [ [ -54.751983, -22.27713 ], [ -54.751973, -22.27722 ], [ -54.75178, -22.277202 ], [ -54.75179, -22.277112 ], [ -54.751983, -22.27713 ] ] ] } },
{ "type": "Feature", "properties": { "id": 126883, "insc_imob": "00.10.32.28.040", "quadra_cartorio": "28", "lote_cartorio": "04", "matricula": "168432", "circunscricao": null, "zoneamento": null, "condominio": null, "area_geom": 199.98, "cnm": "062661.2.0168432-56" }, "geometry": { "type": "Polygon", "coordinates": [ [ [ -54.751992, -22.277041 ], [ -54.751983, -22.27713 ], [ -54.75179, -22.277112 ], [ -54.751799, -22.277022 ], [ -54.751992, -22.277041 ] ] ] } },
{ "type": "Feature", "properties": { "id": 126884, "insc_imob": "00.10.32.28.030", "quadra_cartorio": "28", "lote_cartorio": "03", "matricula": "168431", "circunscricao": null, "zoneamento": null, "condominio": null, "area_geom": 199.99, "cnm": "062661.2.0168431-59" }, "geometry": { "type": "Polygon", "coordinates": [ [ [ -54.752002, -22.276951 ], [ -54.751992, -22.277041 ], [ -54.751799, -22.277022 ], [ -54.751809, -22.276933 ], [ -54.752002, -22.276951 ] ] ] } },
{ "type": "Feature", "properties": { "id": 126885, "insc_imob": "00.10.32.28.020", "quadra_cartorio": "28", "lote_cartorio": "02", "matricula": "168430", "circunscricao": null, "zoneamento": null, "condominio": null, "area_geom": 199.99, "cnm": "062661.2.0168430-62" }, "geometry": { "type": "Polygon", "coordinates": [ [ [ -54.752012, -22.276861 ], [ -54.752002, -22.276951 ], [ -54.751809, -22.276933 ], [ -54.751819, -22.276843 ], [ -54.752012, -22.276861 ] ] ] } },
{ "type": "Feature", "properties": { "id": 126886, "insc_imob": "00.10.32.28.090", "quadra_cartorio": "28", "lote_cartorio": "09", "matricula": "168437", "circunscricao": null, "zoneamento": null, "condominio": null, "area_geom": 199.96, "cnm": "062661.2.0168437-41" }, "geometry": { "type": "Polygon", "coordinates": [ [ [ -54.751943, -22.27749 ], [ -54.751934, -22.277579 ], [ -54.751741, -22.277561 ], [ -54.75175, -22.277471 ], [ -54.751943, -22.27749 ] ] ] } },
{ "type": "Feature", "properties": { "id": 126887, "insc_imob": "00.10.32.28.080", "quadra_cartorio": "28", "lote_cartorio": "08", "matricula": "168436", "circunscricao": null, "zoneamento": null, "condominio": null, "area_geom": 199.97, "cnm": "062661.2.0168436-44" }, "geometry": { "type": "Polygon", "coordinates": [ [ [ -54.751953, -22.2774 ], [ -54.751943, -22.27749 ], [ -54.75175, -22.277471 ], [ -54.75176, -22.277382 ], [ -54.751953, -22.2774 ] ] ] } },
{ "type": "Feature", "properties": { "id": 126888, "insc_imob": "00.10.32.28.070", "quadra_cartorio": "28", "lote_cartorio": "07", "matricula": "168435", "circunscricao": null, "zoneamento": null, "condominio": null, "area_geom": 199.97, "cnm": "062661.2.0168435-47" }, "geometry": { "type": "Polygon", "coordinates": [ [ [ -54.751963, -22.27731 ], [ -54.751953, -22.2774 ], [ -54.75176, -22.277382 ], [ -54.75177, -22.277292 ], [ -54.751963, -22.27731 ] ] ] } },
{ "type": "Feature", "properties": { "id": 126889, "insc_imob": "00.10.32.28.060", "quadra_cartorio": "28", "lote_cartorio": "06", "matricula": "168434", "circunscricao": null, "zoneamento": null, "condominio": null, "area_geom": 199.98, "cnm": "062661.2.0168434-50" }, "geometry": { "type": "Polygon", "coordinates": [ [ [ -54.751973, -22.27722 ], [ -54.751963, -22.27731 ], [ -54.75177, -22.277292 ], [ -54.75178, -22.277202 ], [ -54.751973, -22.27722 ] ] ] } },
{ "type": "Feature", "properties": { "id": 126890, "insc_imob": "00.10.32.30.040", "quadra_cartorio": "30", "lote_cartorio": "04", "matricula": "168492", "circunscricao": null, "zoneamento": null, "condominio": null, "area_geom": 200.0, "cnm": "062661.2.0168492-70" }, "geometry": { "type": "Polygon", "coordinates": [ [ [ -54.75096, -22.276671 ], [ -54.750941, -22.276851 ], [ -54.750844, -22.276841 ], [ -54.750864, -22.276662 ], [ -54.75096, -22.276671 ] ] ] } },
{ "type": "Feature", "properties": { "id": 126913, "insc_imob": "00.10.32.29.160", "quadra_cartorio": "29", "lote_cartorio": "16", "matricula": "168474", "circunscricao": null, "zoneamento": null, "condominio": null, "area_geom": 200.06, "cnm": "062661.2.0168474-27" }, "geometry": { "type": "Polygon", "coordinates": [ [ [ -54.751161, -22.27796 ], [ -54.751151, -22.27805 ], [ -54.750958, -22.278032 ], [ -54.750968, -22.277942 ], [ -54.751161, -22.27796 ] ] ] } },
{ "type": "Feature", "properties": { "id": 126914, "insc_imob": "00.10.32.29.070", "quadra_cartorio": "29", "lote_cartorio": "07", "matricula": "168465", "circunscricao": null, "zoneamento": null, "condominio": null, "area_geom": 199.97, "cnm": "062661.2.0168465-54" }, "geometry": { "type": "Polygon", "coordinates": [ [ [ -54.751432, -22.27726 ], [ -54.751422, -22.27735 ], [ -54.751229, -22.277332 ], [ -54.751239, -22.277242 ], [ -54.751432, -22.27726 ] ] ] } },
{ "type": "Feature", "properties": { "id": 126915, "insc_imob": "00.10.32.29.060", "quadra_cartorio": "29", "lote_cartorio": "06", "matricula": "168464", "circunscricao": null, "zoneamento": null, "condominio": null, "area_geom": 199.98, "cnm": "062661.2.0168464-57" }, "geometry": { "type": "Polygon", "coordinates": [ [ [ -54.751442, -22.27717 ], [ -54.751432, -22.27726 ], [ -54.751239, -22.277242 ], [ -54.751249, -22.277152 ], [ -54.751442, -22.27717 ] ] ] } },
{ "type": "Feature", "properties": { "id": 126916, "insc_imob": "00.10.32.29.050", "quadra_cartorio": "29", "lote_cartorio": "05", "matricula": "168463", "circunscricao": null, "zoneamento": null, "condominio": null, "area_geom": 199.98, "cnm": "062661.2.0168463-60" }, "geometry": { "type": "Polygon", "coordinates": [ [ [ -54.751452, -22.27708 ], [ -54.751442, -22.27717 ], [ -54.751249, -22.277152 ], [ -54.751259, -22.277062 ], [ -54.751452, -22.27708 ] ] ] } },
{ "type": "Feature", "properties": { "id": 126917, "insc_imob": "00.10.32.29.040", "quadra_cartorio": "29", "lote_cartorio": "04", "matricula": "168462", "circunscricao": null, "zoneamento": null, "condominio": null, "area_geom": 199.98, "cnm": "062661.2.0168462-63" }, "geometry": { "type": "Polygon", "coordinates": [ [ [ -54.751462, -22.27699 ], [ -54.751452, -22.27708 ], [ -54.751259, -22.277062 ], [ -54.751269, -22.276972 ], [ -54.751462, -22.27699 ] ] ] } },
{ "type": "Feature", "properties": { "id": 126918, "insc_imob": "00.10.32.29.110", "quadra_cartorio": "29", "lote_cartorio": "11", "matricula": "168469", "circunscricao": null, "zoneamento": null, "condominio": null, "area_geom": 199.95, "cnm": "062661.2.0168469-42" }, "geometry": { "type": "Polygon", "coordinates": [ [ [ -54.751393, -22.277619 ], [ -54.751383, -22.277709 ], [ -54.75119, -22.277691 ], [ -54.7512, -22.277601 ], [ -54.751393, -22.277619 ] ] ] } },
{ "type": "Feature", "properties": { "id": 126919, "insc_imob": "00.10.32.29.100", "quadra_cartorio": "29", "lote_cartorio": "10", "matricula": "168468", "circunscricao": null, "zoneamento": null, "condominio": null, "area_geom": 199.96, "cnm": "062661.2.0168468-45" }, "geometry": { "type": "Polygon", "coordinates": [ [ [ -54.751403, -22.277529 ], [ -54.751393, -22.277619 ], [ -54.7512, -22.277601 ], [ -54.75121, -22.277511 ], [ -54.751403, -22.277529 ] ] ] } },
{ "type": "Feature", "properties": { "id": 126920, "insc_imob": "00.10.32.29.090", "quadra_cartorio": "29", "lote_cartorio": "09", "matricula": "168467", "circunscricao": null, "zoneamento": null, "condominio": null, "area_geom": 199.96, "cnm": "062661.2.0168467-48" }, "geometry": { "type": "Polygon", "coordinates": [ [ [ -54.751413, -22.27744 ], [ -54.751403, -22.277529 ], [ -54.75121, -22.277511 ], [ -54.75122, -22.277421 ], [ -54.751413, -22.27744 ] ] ] } },
{ "type": "Feature", "properties": { "id": 126921, "insc_imob": "00.10.32.29.080", "quadra_cartorio": "29", "lote_cartorio": "08", "matricula": "168466", "circunscricao": null, "zoneamento": null, "condominio": null, "area_geom": 199.97, "cnm": "062661.2.0168466-51" }, "geometry": { "type": "Polygon", "coordinates": [ [ [ -54.751422, -22.27735 ], [ -54.751413, -22.27744 ], [ -54.75122, -22.277421 ], [ -54.751229, -22.277332 ], [ -54.751422, -22.27735 ] ] ] } },
{ "type": "Feature", "properties": { "id": 126941, "insc_imob": "00.10.32.07.120", "quadra_cartorio": "07", "lote_cartorio": "12", "matricula": "167990", "circunscricao": null, "zoneamento": null, "condominio": null, "area_geom": 200.0, "cnm": "062661.2.0167990-24" }, "geometry": { "type": "Polygon", "coordinates": [ [ [ -54.754523, -22.27499 ], [ -54.754503, -22.275078 ], [ -54.754313, -22.27504 ], [ -54.754334, -22.274952 ], [ -54.754523, -22.27499 ] ] ] } },
{ "type": "Feature", "properties": { "id": 126942, "insc_imob": "00.10.32.08.130", "quadra_cartorio": "08", "lote_cartorio": "13", "matricula": "168006", "circunscricao": null, "zoneamento": null, "condominio": null, "area_geom": 200.0, "cnm": "062661.2.0168006-73" }, "geometry": { "type": "Polygon", "coordinates": [ [ [ -54.755348, -22.274719 ], [ -54.755329, -22.274899 ], [ -54.755232, -22.27489 ], [ -54.755252, -22.27471 ], [ -54.755348, -22.274719 ] ] ] } },
{ "type": "Feature", "properties": { "id": 126943, "insc_imob": "00.10.32.08.020", "quadra_cartorio": "08", "lote_cartorio": "02", "matricula": "167995", "circunscricao": null, "zoneamento": null, "condominio": null, "area_geom": 200.0, "cnm": "062661.2.0167995-09" }, "geometry": { "type": "Polygon", "coordinates": [ [ [ -54.755368, -22.27454 ], [ -54.755348, -22.274719 ], [ -54.755252, -22.27471 ], [ -54.755271, -22.274531 ], [ -54.755368, -22.27454 ] ] ] } },
{ "type": "Feature", "properties": { "id": 126944, "insc_imob": "00.10.32.08.140", "quadra_cartorio": "08", "lote_cartorio": "14", "matricula": "168007", "circunscricao": null, "zoneamento": null, "condominio": null, "area_geom": 235.0, "cnm": "062661.2.0168007-70" }, "geometry": { "type": "Polygon", "coordinates": [ [ [ -54.755462, -22.27473 ], [ -54.755442, -22.27491 ], [ -54.755329, -22.274899 ], [ -54.755348, -22.274719 ], [ -54.755462, -22.27473 ] ] ] } },
{ "type": "Feature", "properties": { "id": 126983, "insc_imob": "00.10.32.09.080", "quadra_cartorio": "09", "lote_cartorio": "08", "matricula": "168015", "circunscricao": null, "zoneamento": null, "condominio": null, "area_geom": 251.63, "cnm": "062661.2.0168015-46" }, "geometry": { "type": "Polygon", "coordinates": [ [ [ -54.754849, -22.275171 ], [ -54.754825, -22.275398 ], [ -54.754728, -22.275388 ], [ -54.754753, -22.275162 ], [ -54.754849, -22.275171 ] ] ] } },
{ "type": "Feature", "properties": { "id": 126984, "insc_imob": "00.10.32.09.110", "quadra_cartorio": "09", "lote_cartorio": "11", "matricula": "168018", "circunscricao": null, "zoneamento": null, "condominio": null, "area_geom": 200.0, "cnm": "062661.2.0168018-37" }, "geometry": { "type": "Polygon", "coordinates": [ [ [ -54.754869, -22.274992 ], [ -54.754849, -22.275171 ], [ -54.754753, -22.275162 ], [ -54.754772, -22.274983 ], [ -54.754869, -22.274992 ] ] ] } },
{ "type": "Feature", "properties": { "id": 126985, "insc_imob": "00.10.32.09.070", "quadra_cartorio": "09", "lote_cartorio": "07", "matricula": "168014", "circunscricao": null, "zoneamento": null, "condominio": null, "area_geom": 252.56, "cnm": "062661.2.0168014-49" }, "geometry": { "type": "Polygon", "coordinates": [ [ [ -54.754946, -22.275181 ], [ -54.754921, -22.275408 ], [ -54.754825, -22.275398 ], [ -54.754849, -22.275171 ], [ -54.754946, -22.275181 ] ] ] } },
{ "type": "Feature", "properties": { "id": 127005, "insc_imob": "00.10.32.01.080", "quadra_cartorio": "01", "lote_cartorio": "08", "matricula": "167926", "circunscricao": null, "zoneamento": null, "condominio": null, "area_geom": 201.56, "cnm": "062661.2.0167926-22" }, "geometry": { "type": "Polygon", "coordinates": [ [ [ -54.755967, -22.273686 ], [ -54.755957, -22.273776 ], [ -54.755762, -22.273758 ], [ -54.755772, -22.273668 ], [ -54.755967, -22.273686 ] ] ] } },
{ "type": "Feature", "properties": { "id": 127020, "insc_imob": "00.10.32.06.090", "quadra_cartorio": "06", "lote_cartorio": "09", "matricula": "167975", "circunscricao": null, "zoneamento": null, "condominio": null, "area_geom": 200.0, "cnm": "062661.2.0167975-69" }, "geometry": { "type": "Polygon", "coordinates": [ [ [ -54.755172, -22.274204 ], [ -54.755152, -22.274383 ], [ -54.755056, -22.274374 ], [ -54.755075, -22.274195 ], [ -54.755172, -22.274204 ] ] ] } },
{ "type": "Feature", "properties": { "id": 127021, "insc_imob": "00.10.32.07.030", "quadra_cartorio": "07", "lote_cartorio": "03", "matricula": "167981", "circunscricao": null, "zoneamento": null, "condominio": null, "area_geom": 200.0, "cnm": "062661.2.0167981-51" }, "geometry": { "type": "Polygon", "coordinates": [ [ [ -54.754707, -22.274195 ], [ -54.754686, -22.274283 ], [ -54.754497, -22.274245 ], [ -54.754517, -22.274157 ], [ -54.754707, -22.274195 ] ] ] } },
{ "type": "Feature", "properties": { "id": 127022, "insc_imob": "00.10.32.07.020", "quadra_cartorio": "07", "lote_cartorio": "02", "matricula": "167980", "circunscricao": null, "zoneamento": null, "condominio": null, "area_geom": 200.0, "cnm": "062661.2.0167980-54" }, "geometry": { "type": "Polygon", "coordinates": [ [ [ -54.754727, -22.274107 ], [ -54.754707, -22.274195 ], [ -54.754517, -22.274157 ], [ -54.754538, -22.274069 ], [ -54.754727, -22.274107 ] ] ] } },
{ "type": "Feature", "properties": { "id": 127023, "insc_imob": "00.10.32.07.010", "quadra_cartorio": "07", "lote_cartorio": "01", "matricula": "167979", "circunscricao": null, "zoneamento": null, "condominio": null, "area_geom": 258.52, "cnm": "062661.2.0167979-57" }, "geometry": { "type": "Polygon", "coordinates": [ [ [ -54.754756, -22.273983 ], [ -54.754727, -22.274107 ], [ -54.754538, -22.274069 ], [ -54.754562, -22.273965 ], [ -54.754756, -22.273983 ] ] ] } },
{ "type": "Feature", "properties": { "id": 127024, "insc_imob": "00.10.32.06.070", "quadra_cartorio": "06", "lote_cartorio": "07", "matricula": "167973", "circunscricao": null, "zoneamento": null, "condominio": null, "area_geom": 266.85, "cnm": "062661.2.0167973-75" }, "geometry": { "type": "Polygon", "coordinates": [ [ [ -54.754979, -22.274186 ], [ -54.754959, -22.274365 ], [ -54.754819, -22.274352 ], [ -54.754861, -22.274174 ], [ -54.754979, -22.274186 ] ] ] } },
{ "type": "Feature", "properties": { "id": 127025, "insc_imob": "00.10.32.06.020", "quadra_cartorio": "06", "lote_cartorio": "02", "matricula": "167968", "circunscricao": null, "zoneamento": null, "condominio": null, "area_geom": 200.0, "cnm": "062661.2.0167968-90" }, "geometry": { "type": "Polygon", "coordinates": [ [ [ -54.755384, -22.274042 ], [ -54.755365, -22.274222 ], [ -54.755268, -22.274213 ], [ -54.755288, -22.274033 ], [ -54.755384, -22.274042 ] ] ] } },
{ "type": "Feature", "properties": { "id": 127026, "insc_imob": "00.10.32.06.120", "quadra_cartorio": "06", "lote_cartorio": "12", "matricula": "167978", "circunscricao": null, "zoneamento": null, "condominio": null, "area_geom": 312.45, "cnm": "062661.2.0167978-60" }, "geometry": { "type": "Polygon", "coordinates": [ [ [ -54.755515, -22.274236 ], [ -54.755496, -22.274416 ], [ -54.755345, -22.274402 ], [ -54.755365, -22.274222 ], [ -54.755515, -22.274236 ] ] ] } },
{ "type": "Feature", "properties": { "id": 127027, "insc_imob": "00.10.32.06.010", "quadra_cartorio": "06", "lote_cartorio": "01", "matricula": "167967", "circunscricao": null, "zoneamento": null, "condominio": null, "area_geom": 312.45, "cnm": "062661.2.0167967-93" }, "geometry": { "type": "Polygon", "coordinates": [ [ [ -54.755535, -22.274057 ], [ -54.755515, -22.274236 ], [ -54.755365, -22.274222 ], [ -54.755384, -22.274042 ], [ -54.755535, -22.274057 ] ] ] } },
{ "type": "Feature", "properties": { "id": 76272, "insc_imob": "00.10.31.14.070", "quadra_cartorio": null, "lote_cartorio": "07", "matricula": "143093", "circunscricao": "1º CIRCUNSCRIÇÃO", "zoneamento": "AUM - ÁREA DE USO MISTO", "condominio": null, "area_geom": 200.0, "cnm": "062661.2.0143093-25" }, "geometry": { "type": "Polygon", "coordinates": [ [ [ -54.759338, -22.273843 ], [ -54.759325, -22.273932 ], [ -54.759132, -22.273909 ], [ -54.759145, -22.273819 ], [ -54.759338, -22.273843 ] ] ] } },
{ "type": "Feature", "properties": { "id": 76273, "insc_imob": "00.10.31.14.080", "quadra_cartorio": null, "lote_cartorio": "08", "matricula": "143094", "circunscricao": "1º CIRCUNSCRIÇÃO", "zoneamento": "AUM - ÁREA DE USO MISTO", "condominio": null, "area_geom": 200.0, "cnm": "062661.2.0143094-22" }, "geometry": { "type": "Polygon", "coordinates": [ [ [ -54.759325, -22.273932 ], [ -54.759312, -22.274022 ], [ -54.75912, -22.273998 ], [ -54.759132, -22.273909 ], [ -54.759325, -22.273932 ] ] ] } },
{ "type": "Feature", "properties": { "id": 76664, "insc_imob": "00.10.31.38.080", "quadra_cartorio": null, "lote_cartorio": "08", "matricula": "143385", "circunscricao": "1º CIRCUNSCRIÇÃO", "zoneamento": "AUM - ÁREA DE USO MISTO", "condominio": null, "area_geom": 200.0, "cnm": "062661.2.0143385-22" }, "geometry": { "type": "Polygon", "coordinates": [ [ [ -54.756927, -22.274884 ], [ -54.756914, -22.274973 ], [ -54.756722, -22.27495 ], [ -54.756734, -22.27486 ], [ -54.756927, -22.274884 ] ] ] } },
{ "type": "Feature", "properties": { "id": 76689, "insc_imob": "00.10.31.01.020", "quadra_cartorio": null, "lote_cartorio": null, "matricula": "138035", "circunscricao": "1º CIRCUNSCRIÇÃO", "zoneamento": "AUM - ÁREA DE USO MISTO", "condominio": null, "area_geom": 363407.6, "cnm": "062661.2.0138035-67" }, "geometry": { "type": "Polygon", "coordinates": [ [ [ -54.760235, -22.27613 ], [ -54.758446, -22.284012 ], [ -54.756483, -22.283795 ], [ -54.754848, -22.284249 ], [ -54.755675, -22.276368 ], [ -54.757131, -22.276548 ], [ -54.757243, -22.275761 ], [ -54.760235, -22.27613 ] ] ] } },
{ "type": "Feature", "properties": { "id": 76496, "insc_imob": "00.10.31.36.150", "quadra_cartorio": null, "lote_cartorio": "15", "matricula": "143338", "circunscricao": "1º CIRCUNSCRIÇÃO", "zoneamento": "AUM - ÁREA DE USO MISTO", "condominio": null, "area_geom": 240.0, "cnm": "062661.2.0143338-66" }, "geometry": { "type": "Polygon", "coordinates": [ [ [ -54.758251, -22.275594 ], [ -54.758236, -22.275701 ], [ -54.758043, -22.275678 ], [ -54.758059, -22.27557 ], [ -54.758251, -22.275594 ] ] ] } },
{ "type": "Feature", "properties": { "id": 126617, "insc_imob": "00.10.32.19.220", "quadra_cartorio": "19", "lote_cartorio": "22", "matricula": "168244", "circunscricao": null, "zoneamento": null, "condominio": null, "area_geom": 200.0, "cnm": "062661.2.0168244-38" }, "geometry": { "type": "Polygon", "coordinates": [ [ [ -54.751395, -22.27581 ], [ -54.751385, -22.2759 ], [ -54.751192, -22.275882 ], [ -54.751202, -22.275792 ], [ -54.751395, -22.27581 ] ] ] } },
{ "type": "Feature", "properties": { "id": 126618, "insc_imob": "00.10.32.19.210", "quadra_cartorio": "19", "lote_cartorio": "21", "matricula": "168243", "circunscricao": null, "zoneamento": null, "condominio": null, "area_geom": 200.0, "cnm": "062661.2.0168243-41" }, "geometry": { "type": "Polygon", "coordinates": [ [ [ -54.751385, -22.2759 ], [ -54.751376, -22.27599 ], [ -54.751183, -22.275972 ], [ -54.751192, -22.275882 ], [ -54.751385, -22.2759 ] ] ] } },
{ "type": "Feature", "properties": { "id": 126619, "insc_imob": "00.10.32.19.200", "quadra_cartorio": "19", "lote_cartorio": "20", "matricula": "168242", "circunscricao": null, "zoneamento": null, "condominio": null, "area_geom": 200.0, "cnm": "062661.2.0168242-44" }, "geometry": { "type": "Polygon", "coordinates": [ [ [ -54.751376, -22.27599 ], [ -54.751366, -22.27608 ], [ -54.751173, -22.276062 ], [ -54.751183, -22.275972 ], [ -54.751376, -22.27599 ] ] ] } },
{ "type": "Feature", "properties": { "id": 126620, "insc_imob": "00.10.32.23.190", "quadra_cartorio": "23", "lote_cartorio": "19", "matricula": "168297", "circunscricao": null, "zoneamento": null, "condominio": null, "area_geom": 200.05, "cnm": "062661.2.0168297-73" }, "geometry": { "type": "Polygon", "coordinates": [ [ [ -54.754375, -22.277991 ], [ -54.754365, -22.278081 ], [ -54.754172, -22.278063 ], [ -54.754182, -22.277973 ], [ -54.754375, -22.277991 ] ] ] } },
{ "type": "Feature", "properties": { "id": 126621, "insc_imob": "00.10.32.23.180", "quadra_cartorio": "23", "lote_cartorio": "18", "matricula": "168296", "circunscricao": null, "zoneamento": null, "condominio": null, "area_geom": 200.05, "cnm": "062661.2.0168296-76" }, "geometry": { "type": "Polygon", "coordinates": [ [ [ -54.754365, -22.278081 ], [ -54.754356, -22.278171 ], [ -54.754162, -22.278153 ], [ -54.754172, -22.278063 ], [ -54.754365, -22.278081 ] ] ] } },
{ "type": "Feature", "properties": { "id": 126622, "insc_imob": "00.10.32.23.170", "quadra_cartorio": "23", "lote_cartorio": "17", "matricula": "168295", "circunscricao": null, "zoneamento": null, "condominio": null, "area_geom": 200.06, "cnm": "062661.2.0168295-79" }, "geometry": { "type": "Polygon", "coordinates": [ [ [ -54.754356, -22.278171 ], [ -54.754346, -22.278261 ], [ -54.754153, -22.278243 ], [ -54.754162, -22.278153 ], [ -54.754356, -22.278171 ] ] ] } },
{ "type": "Feature", "properties": { "id": 126623, "insc_imob": "00.10.32.23.160", "quadra_cartorio": "23", "lote_cartorio": "16", "matricula": "168294", "circunscricao": null, "zoneamento": null, "condominio": null, "area_geom": 200.06, "cnm": "062661.2.0168294-82" }, "geometry": { "type": "Polygon", "coordinates": [ [ [ -54.754346, -22.278261 ], [ -54.754336, -22.278351 ], [ -54.754143, -22.278332 ], [ -54.754153, -22.278243 ], [ -54.754346, -22.278261 ] ] ] } },
{ "type": "Feature", "properties": { "id": 126624, "insc_imob": "00.10.32.23.230", "quadra_cartorio": "23", "lote_cartorio": "23", "matricula": "168301", "circunscricao": null, "zoneamento": null, "condominio": null, "area_geom": 200.03, "cnm": "062661.2.0168301-61" }, "geometry": { "type": "Polygon", "coordinates": [ [ [ -54.754414, -22.277632 ], [ -54.754404, -22.277722 ], [ -54.754211, -22.277704 ], [ -54.754221, -22.277614 ], [ -54.754414, -22.277632 ] ] ] } },
{ "type": "Feature", "properties": { "id": 126625, "insc_imob": "00.10.32.23.220", "quadra_cartorio": "23", "lote_cartorio": "22", "matricula": "168300", "circunscricao": null, "zoneamento": null, "condominio": null, "area_geom": 200.04, "cnm": "062661.2.0168300-64" }, "geometry": { "type": "Polygon", "coordinates": [ [ [ -54.754404, -22.277722 ], [ -54.754395, -22.277812 ], [ -54.754202, -22.277793 ], [ -54.754211, -22.277704 ], [ -54.754404, -22.277722 ] ] ] } },
{ "type": "Feature", "properties": { "id": 126626, "insc_imob": "00.10.32.23.210", "quadra_cartorio": "23", "lote_cartorio": "21", "matricula": "168299", "circunscricao": null, "zoneamento": null, "condominio": null, "area_geom": 200.04, "cnm": "062661.2.0168299-67" }, "geometry": { "type": "Polygon", "coordinates": [ [ [ -54.754395, -22.277812 ], [ -54.754385, -22.277902 ], [ -54.754192, -22.277883 ], [ -54.754202, -22.277793 ], [ -54.754395, -22.277812 ] ] ] } },
{ "type": "Feature", "properties": { "id": 126627, "insc_imob": "00.10.32.23.200", "quadra_cartorio": "23", "lote_cartorio": "20", "matricula": "168298", "circunscricao": null, "zoneamento": null, "condominio": null, "area_geom": 200.05, "cnm": "062661.2.0168298-70" }, "geometry": { "type": "Polygon", "coordinates": [ [ [ -54.754385, -22.277902 ], [ -54.754375, -22.277991 ], [ -54.754182, -22.277973 ], [ -54.754192, -22.277883 ], [ -54.754385, -22.277902 ] ] ] } },
{ "type": "Feature", "properties": { "id": 126628, "insc_imob": "00.10.32.23.110", "quadra_cartorio": "23", "lote_cartorio": "11", "matricula": "168289", "circunscricao": null, "zoneamento": null, "condominio": null, "area_geom": 199.95, "cnm": "062661.2.0168289-97" }, "geometry": { "type": "Polygon", "coordinates": [ [ [ -54.754578, -22.27792 ], [ -54.754568, -22.27801 ], [ -54.754375, -22.277991 ], [ -54.754385, -22.277902 ], [ -54.754578, -22.27792 ] ] ] } },
{ "type": "Feature", "properties": { "id": 126629, "insc_imob": "00.10.32.23.100", "quadra_cartorio": "23", "lote_cartorio": "10", "matricula": "168288", "circunscricao": null, "zoneamento": null, "condominio": null, "area_geom": 199.96, "cnm": "062661.2.0168288-03" }, "geometry": { "type": "Polygon", "coordinates": [ [ [ -54.754588, -22.27783 ], [ -54.754578, -22.27792 ], [ -54.754385, -22.277902 ], [ -54.754395, -22.277812 ], [ -54.754588, -22.27783 ] ] ] } },
{ "type": "Feature", "properties": { "id": 126630, "insc_imob": "00.10.32.23.090", "quadra_cartorio": "23", "lote_cartorio": "09", "matricula": "168287", "circunscricao": null, "zoneamento": null, "condominio": null, "area_geom": 199.96, "cnm": "062661.2.0168287-06" }, "geometry": { "type": "Polygon", "coordinates": [ [ [ -54.754597, -22.27774 ], [ -54.754588, -22.27783 ], [ -54.754395, -22.277812 ], [ -54.754404, -22.277722 ], [ -54.754597, -22.27774 ] ] ] } },
{ "type": "Feature", "properties": { "id": 126631, "insc_imob": "00.10.32.23.080", "quadra_cartorio": "23", "lote_cartorio": "08", "matricula": "168286", "circunscricao": null, "zoneamento": null, "condominio": null, "area_geom": 199.97, "cnm": "062661.2.0168286-09" }, "geometry": { "type": "Polygon", "coordinates": [ [ [ -54.754607, -22.27765 ], [ -54.754597, -22.27774 ], [ -54.754404, -22.277722 ], [ -54.754414, -22.277632 ], [ -54.754607, -22.27765 ] ] ] } },
{ "type": "Feature", "properties": { "id": 126654, "insc_imob": "00.10.32.18.050", "quadra_cartorio": "18", "lote_cartorio": "05", "matricula": "168199", "circunscricao": null, "zoneamento": null, "condominio": null, "area_geom": 200.0, "cnm": "062661.2.0168199-76" }, "geometry": { "type": "Polygon", "coordinates": [ [ [ -54.752138, -22.275701 ], [ -54.752128, -22.275791 ], [ -54.751935, -22.275773 ], [ -54.751945, -22.275683 ], [ -54.752138, -22.275701 ] ] ] } },
{ "type": "Feature", "properties": { "id": 126655, "insc_imob": "00.10.32.18.040", "quadra_cartorio": "18", "lote_cartorio": "04", "matricula": "168198", "circunscricao": null, "zoneamento": null, "condominio": null, "area_geom": 200.0, "cnm": "062661.2.0168198-79" }, "geometry": { "type": "Polygon", "coordinates": [ [ [ -54.752148, -22.275611 ], [ -54.752138, -22.275701 ], [ -54.751945, -22.275683 ], [ -54.751955, -22.275593 ], [ -54.752148, -22.275611 ] ] ] } },
{ "type": "Feature", "properties": { "id": 126656, "insc_imob": "00.10.32.18.110", "quadra_cartorio": "18", "lote_cartorio": "11", "matricula": "168205", "circunscricao": null, "zoneamento": null, "condominio": null, "area_geom": 200.0, "cnm": "062661.2.0168205-58" }, "geometry": { "type": "Polygon", "coordinates": [ [ [ -54.75208, -22.27624 ], [ -54.75207, -22.27633 ], [ -54.751877, -22.276312 ], [ -54.751887, -22.276222 ], [ -54.75208, -22.27624 ] ] ] } },
{ "type": "Feature", "properties": { "id": 126657, "insc_imob": "00.10.32.18.100", "quadra_cartorio": "18", "lote_cartorio": "10", "matricula": "168204", "circunscricao": null, "zoneamento": null, "condominio": null, "area_geom": 200.0, "cnm": "062661.2.0168204-61" }, "geometry": { "type": "Polygon", "coordinates": [ [ [ -54.752089, -22.27615 ], [ -54.75208, -22.27624 ], [ -54.751887, -22.276222 ], [ -54.751896, -22.276132 ], [ -54.752089, -22.27615 ] ] ] } },
{ "type": "Feature", "properties": { "id": 126658, "insc_imob": "00.10.32.18.090", "quadra_cartorio": "18", "lote_cartorio": "09", "matricula": "168203", "circunscricao": null, "zoneamento": null, "condominio": null, "area_geom": 200.0, "cnm": "062661.2.0168203-64" }, "geometry": { "type": "Polygon", "coordinates": [ [ [ -54.752099, -22.27606 ], [ -54.752089, -22.27615 ], [ -54.751896, -22.276132 ], [ -54.751906, -22.276042 ], [ -54.752099, -22.27606 ] ] ] } },
{ "type": "Feature", "properties": { "id": 126659, "insc_imob": "00.10.32.18.080", "quadra_cartorio": "18", "lote_cartorio": "08", "matricula": "168202", "circunscricao": null, "zoneamento": null, "condominio": null, "area_geom": 200.0, "cnm": "062661.2.0168202-67" }, "geometry": { "type": "Polygon", "coordinates": [ [ [ -54.752109, -22.275971 ], [ -54.752099, -22.27606 ], [ -54.751906, -22.276042 ], [ -54.751916, -22.275952 ], [ -54.752109, -22.275971 ] ] ] } },
{ "type": "Feature", "properties": { "id": 126660, "insc_imob": "00.10.32.17.270", "quadra_cartorio": "17", "lote_cartorio": "27", "matricula": "168193", "circunscricao": null, "zoneamento": null, "condominio": null, "area_geom": 200.0, "cnm": "062661.2.0168193-94" }, "geometry": { "type": "Polygon", "coordinates": [ [ [ -54.752505, -22.275466 ], [ -54.752495, -22.275556 ], [ -54.752302, -22.275538 ], [ -54.752312, -22.275448 ], [ -54.752505, -22.275466 ] ] ] } },
{ "type": "Feature", "properties": { "id": 126661, "insc_imob": "00.10.32.17.260", "quadra_cartorio": "17", "lote_cartorio": "26", "matricula": "168192", "circunscricao": null, "zoneamento": null, "condominio": null, "area_geom": 200.0, "cnm": "062661.2.0168192-97" }, "geometry": { "type": "Polygon", "coordinates": [ [ [ -54.752495, -22.275556 ], [ -54.752486, -22.275646 ], [ -54.752293, -22.275627 ], [ -54.752302, -22.275538 ], [ -54.752495, -22.275556 ] ] ] } },
{ "type": "Feature", "properties": { "id": 126662, "insc_imob": "00.10.32.17.250", "quadra_cartorio": "17", "lote_cartorio": "25", "matricula": "168191", "circunscricao": null, "zoneamento": null, "condominio": null, "area_geom": 200.0, "cnm": "062661.2.0168191-03" }, "geometry": { "type": "Polygon", "coordinates": [ [ [ -54.752486, -22.275646 ], [ -54.752476, -22.275735 ], [ -54.752283, -22.275717 ], [ -54.752293, -22.275627 ], [ -54.752486, -22.275646 ] ] ] } },
{ "type": "Feature", "properties": { "id": 126663, "insc_imob": "00.10.32.17.240", "quadra_cartorio": "17", "lote_cartorio": "24", "matricula": "168190", "circunscricao": null, "zoneamento": null, "condominio": null, "area_geom": 200.0, "cnm": "062661.2.0168190-06" }, "geometry": { "type": "Polygon", "coordinates": [ [ [ -54.752476, -22.275735 ], [ -54.752466, -22.275825 ], [ -54.752273, -22.275807 ], [ -54.752283, -22.275717 ], [ -54.752476, -22.275735 ] ] ] } },
{ "type": "Feature", "properties": { "id": 126664, "insc_imob": "00.10.32.18.030", "quadra_cartorio": "18", "lote_cartorio": "03", "matricula": "168197", "circunscricao": null, "zoneamento": null, "condominio": null, "area_geom": 200.0, "cnm": "062661.2.0168197-82" }, "geometry": { "type": "Polygon", "coordinates": [ [ [ -54.752158, -22.275521 ], [ -54.752148, -22.275611 ], [ -54.751955, -22.275593 ], [ -54.751965, -22.275503 ], [ -54.752158, -22.275521 ] ] ] } },
{ "type": "Feature", "properties": { "id": 126665, "insc_imob": "00.10.32.18.020", "quadra_cartorio": "18", "lote_cartorio": "02", "matricula": "168196", "circunscricao": null, "zoneamento": null, "condominio": null, "area_geom": 200.0, "cnm": "062661.2.0168196-85" }, "geometry": { "type": "Polygon", "coordinates": [ [ [ -54.752168, -22.275432 ], [ -54.752158, -22.275521 ], [ -54.751965, -22.275503 ], [ -54.751975, -22.275413 ], [ -54.752168, -22.275432 ] ] ] } },
{ "type": "Feature", "properties": { "id": 126666, "insc_imob": "00.10.32.18.010", "quadra_cartorio": "18", "lote_cartorio": "01", "matricula": "168195", "circunscricao": null, "zoneamento": null, "condominio": null, "area_geom": 279.72, "cnm": "062661.2.0168195-88" }, "geometry": { "type": "Polygon", "coordinates": [ [ [ -54.752181, -22.275307 ], [ -54.752168, -22.275432 ], [ -54.751975, -22.275413 ], [ -54.751988, -22.275287 ], [ -54.752181, -22.275307 ] ] ] } },
{ "type": "Feature", "properties": { "id": 126667, "insc_imob": "00.10.32.17.280", "quadra_cartorio": "17", "lote_cartorio": "28", "matricula": "168194", "circunscricao": null, "zoneamento": null, "condominio": null, "area_geom": 278.56, "cnm": "062661.2.0168194-91" }, "geometry": { "type": "Polygon", "coordinates": [ [ [ -54.752519, -22.275342 ], [ -54.752505, -22.275466 ], [ -54.752312, -22.275448 ], [ -54.752326, -22.275322 ], [ -54.752519, -22.275342 ] ] ] } },
{ "type": "Feature", "properties": { "id": 126668, "insc_imob": "00.10.32.17.190", "quadra_cartorio": "17", "lote_cartorio": "19", "matricula": "168185", "circunscricao": null, "zoneamento": null, "condominio": null, "area_geom": 200.0, "cnm": "062661.2.0168185-21" }, "geometry": { "type": "Polygon", "coordinates": [ [ [ -54.752427, -22.276185 ], [ -54.752417, -22.276274 ], [ -54.752224, -22.276256 ], [ -54.752234, -22.276166 ], [ -54.752427, -22.276185 ] ] ] } },
{ "type": "Feature", "properties": { "id": 126669, "insc_imob": "00.10.32.17.180", "quadra_cartorio": "17", "lote_cartorio": "18", "matricula": "168184", "circunscricao": null, "zoneamento": null, "condominio": null, "area_geom": 200.0, "cnm": "062661.2.0168184-24" }, "geometry": { "type": "Polygon", "coordinates": [ [ [ -54.752417, -22.276274 ], [ -54.752407, -22.276364 ], [ -54.752214, -22.276346 ], [ -54.752224, -22.276256 ], [ -54.752417, -22.276274 ] ] ] } },
{ "type": "Feature", "properties": { "id": 126670, "insc_imob": "00.10.32.17.170", "quadra_cartorio": "17", "lote_cartorio": "17", "matricula": "168183", "circunscricao": null, "zoneamento": null, "condominio": null, "area_geom": 200.0, "cnm": "062661.2.0168183-27" }, "geometry": { "type": "Polygon", "coordinates": [ [ [ -54.752407, -22.276364 ], [ -54.752398, -22.276454 ], [ -54.752204, -22.276436 ], [ -54.752214, -22.276346 ], [ -54.752407, -22.276364 ] ] ] } },
{ "type": "Feature", "properties": { "id": 126671, "insc_imob": "00.10.32.17.160", "quadra_cartorio": "17", "lote_cartorio": "16", "matricula": "168182", "circunscricao": null, "zoneamento": null, "condominio": null, "area_geom": 200.0, "cnm": "062661.2.0168182-30" }, "geometry": { "type": "Polygon", "coordinates": [ [ [ -54.752398, -22.276454 ], [ -54.752388, -22.276544 ], [ -54.752195, -22.276526 ], [ -54.752204, -22.276436 ], [ -54.752398, -22.276454 ] ] ] } },
{ "type": "Feature", "properties": { "id": 126672, "insc_imob": "00.10.32.17.230", "quadra_cartorio": "17", "lote_cartorio": "23", "matricula": "168189", "circunscricao": null, "zoneamento": null, "condominio": null, "area_geom": 200.0, "cnm": "062661.2.0168189-09" }, "geometry": { "type": "Polygon", "coordinates": [ [ [ -54.752466, -22.275825 ], [ -54.752456, -22.275915 ], [ -54.752263, -22.275897 ], [ -54.752273, -22.275807 ], [ -54.752466, -22.275825 ] ] ] } },
{ "type": "Feature", "properties": { "id": 126673, "insc_imob": "00.10.32.17.220", "quadra_cartorio": "17", "lote_cartorio": "22", "matricula": "168188", "circunscricao": null, "zoneamento": null, "condominio": null, "area_geom": 200.0, "cnm": "062661.2.0168188-12" }, "geometry": { "type": "Polygon", "coordinates": [ [ [ -54.752456, -22.275915 ], [ -54.752446, -22.276005 ], [ -54.752253, -22.275987 ], [ -54.752263, -22.275897 ], [ -54.752456, -22.275915 ] ] ] } },
{ "type": "Feature", "properties": { "id": 126674, "insc_imob": "00.10.32.17.210", "quadra_cartorio": "17", "lote_cartorio": "21", "matricula": "168187", "circunscricao": null, "zoneamento": null, "condominio": null, "area_geom": 200.0, "cnm": "062661.2.0168187-15" }, "geometry": { "type": "Polygon", "coordinates": [ [ [ -54.752446, -22.276005 ], [ -54.752437, -22.276095 ], [ -54.752244, -22.276076 ], [ -54.752253, -22.275987 ], [ -54.752446, -22.276005 ] ] ] } },
{ "type": "Feature", "properties": { "id": 126675, "insc_imob": "00.10.32.17.200", "quadra_cartorio": "17", "lote_cartorio": "20", "matricula": "168186", "circunscricao": null, "zoneamento": null, "condominio": null, "area_geom": 200.0, "cnm": "062661.2.0168186-18" }, "geometry": { "type": "Polygon", "coordinates": [ [ [ -54.752437, -22.276095 ], [ -54.752427, -22.276185 ], [ -54.752234, -22.276166 ], [ -54.752244, -22.276076 ], [ -54.752437, -22.276095 ] ] ] } },
{ "type": "Feature", "properties": { "id": 126695, "insc_imob": "00.10.32.18.280", "quadra_cartorio": "18", "lote_cartorio": "28", "matricula": "168222", "circunscricao": null, "zoneamento": null, "condominio": null, "area_geom": 283.47, "cnm": "062661.2.0168222-07" }, "geometry": { "type": "Polygon", "coordinates": [ [ [ -54.751988, -22.275287 ], [ -54.751975, -22.275413 ], [ -54.751782, -22.275395 ], [ -54.751796, -22.275267 ], [ -54.751988, -22.275287 ] ] ] } },
{ "type": "Feature", "properties": { "id": 126696, "insc_imob": "00.10.32.19.070", "quadra_cartorio": "19", "lote_cartorio": "07", "matricula": "168229", "circunscricao": null, "zoneamento": null, "condominio": null, "area_geom": 200.0, "cnm": "062661.2.0168229-83" }, "geometry": { "type": "Polygon", "coordinates": [ [ [ -54.751588, -22.275829 ], [ -54.751578, -22.275918 ], [ -54.751385, -22.2759 ], [ -54.751395, -22.27581 ], [ -54.751588, -22.275829 ] ] ] } },
{ "type": "Feature", "properties": { "id": 126697, "insc_imob": "00.10.32.19.060", "quadra_cartorio": "19", "lote_cartorio": "06", "matricula": "168228", "circunscricao": null, "zoneamento": null, "condominio": null, "area_geom": 200.0, "cnm": "062661.2.0168228-86" }, "geometry": { "type": "Polygon", "coordinates": [ [ [ -54.751598, -22.275739 ], [ -54.751588, -22.275829 ], [ -54.751395, -22.27581 ], [ -54.751405, -22.275721 ], [ -54.751598, -22.275739 ] ] ] } },
{ "type": "Feature", "properties": { "id": 126698, "insc_imob": "00.10.32.19.050", "quadra_cartorio": "19", "lote_cartorio": "05", "matricula": "168227", "circunscricao": null, "zoneamento": null, "condominio": null, "area_geom": 200.0, "cnm": "062661.2.0168227-89" }, "geometry": { "type": "Polygon", "coordinates": [ [ [ -54.751608, -22.275649 ], [ -54.751598, -22.275739 ], [ -54.751405, -22.275721 ], [ -54.751415, -22.275631 ], [ -54.751608, -22.275649 ] ] ] } },
{ "type": "Feature", "properties": { "id": 126699, "insc_imob": "00.10.32.19.040", "quadra_cartorio": "19", "lote_cartorio": "04", "matricula": "168226", "circunscricao": null, "zoneamento": null, "condominio": null, "area_geom": 200.0, "cnm": "062661.2.0168226-92" }, "geometry": { "type": "Polygon", "coordinates": [ [ [ -54.751617, -22.275559 ], [ -54.751608, -22.275649 ], [ -54.751415, -22.275631 ], [ -54.751424, -22.275541 ], [ -54.751617, -22.275559 ] ] ] } },
{ "type": "Feature", "properties": { "id": 126700, "insc_imob": "00.10.32.18.230", "quadra_cartorio": "18", "lote_cartorio": "23", "matricula": "168217", "circunscricao": null, "zoneamento": null, "condominio": null, "area_geom": 200.0, "cnm": "062661.2.0168217-22" }, "geometry": { "type": "Polygon", "coordinates": [ [ [ -54.751935, -22.275773 ], [ -54.751926, -22.275863 ], [ -54.751733, -22.275844 ], [ -54.751742, -22.275755 ], [ -54.751935, -22.275773 ] ] ] } },
{ "type": "Feature", "properties": { "id": 126701, "insc_imob": "00.10.32.18.220", "quadra_cartorio": "18", "lote_cartorio": "22", "matricula": "168216", "circunscricao": null, "zoneamento": null, "condominio": null, "area_geom": 200.0, "cnm": "062661.2.0168216-25" }, "geometry": { "type": "Polygon", "coordinates": [ [ [ -54.751926, -22.275863 ], [ -54.751916, -22.275952 ], [ -54.751723, -22.275934 ], [ -54.751733, -22.275844 ], [ -54.751926, -22.275863 ] ] ] } },
{ "type": "Feature", "properties": { "id": 126702, "insc_imob": "00.10.32.18.210", "quadra_cartorio": "18", "lote_cartorio": "21", "matricula": "168215", "circunscricao": null, "zoneamento": null, "condominio": null, "area_geom": 200.0, "cnm": "062661.2.0168215-28" }, "geometry": { "type": "Polygon", "coordinates": [ [ [ -54.751916, -22.275952 ], [ -54.751906, -22.276042 ], [ -54.751713, -22.276024 ], [ -54.751723, -22.275934 ], [ -54.751916, -22.275952 ] ] ] } },
{ "type": "Feature", "properties": { "id": 126703, "insc_imob": "00.10.32.18.200", "quadra_cartorio": "18", "lote_cartorio": "20", "matricula": "168214", "circunscricao": null, "zoneamento": null, "condominio": null, "area_geom": 200.0, "cnm": "062661.2.0168214-31" }, "geometry": { "type": "Polygon", "coordinates": [ [ [ -54.751906, -22.276042 ], [ -54.751896, -22.276132 ], [ -54.751703, -22.276114 ], [ -54.751713, -22.276024 ], [ -54.751906, -22.276042 ] ] ] } },
{ "type": "Feature", "properties": { "id": 126704, "insc_imob": "00.10.32.18.270", "quadra_cartorio": "18", "lote_cartorio": "27", "matricula": "168221", "circunscricao": null, "zoneamento": null, "condominio": null, "area_geom": 200.0, "cnm": "062661.2.0168221-10" }, "geometry": { "type": "Polygon", "coordinates": [ [ [ -54.751975, -22.275413 ], [ -54.751965, -22.275503 ], [ -54.751772, -22.275485 ], [ -54.751782, -22.275395 ], [ -54.751975, -22.275413 ] ] ] } },
{ "type": "Feature", "properties": { "id": 126705, "insc_imob": "00.10.32.18.260", "quadra_cartorio": "18", "lote_cartorio": "26", "matricula": "168220", "circunscricao": null, "zoneamento": null, "condominio": null, "area_geom": 200.0, "cnm": "062661.2.0168220-13" }, "geometry": { "type": "Polygon", "coordinates": [ [ [ -54.751965, -22.275503 ], [ -54.751955, -22.275593 ], [ -54.751762, -22.275575 ], [ -54.751772, -22.275485 ], [ -54.751965, -22.275503 ] ] ] } },
{ "type": "Feature", "properties": { "id": 126706, "insc_imob": "00.10.32.18.250", "quadra_cartorio": "18", "lote_cartorio": "25", "matricula": "168219", "circunscricao": null, "zoneamento": null, "condominio": null, "area_geom": 200.0, "cnm": "062661.2.0168219-16" }, "geometry": { "type": "Polygon", "coordinates": [ [ [ -54.751955, -22.275593 ], [ -54.751945, -22.275683 ], [ -54.751752, -22.275665 ], [ -54.751762, -22.275575 ], [ -54.751955, -22.275593 ] ] ] } },
{ "type": "Feature", "properties": { "id": 126707, "insc_imob": "00.10.32.18.240", "quadra_cartorio": "18", "lote_cartorio": "24", "matricula": "168218", "circunscricao": null, "zoneamento": null, "condominio": null, "area_geom": 200.0, "cnm": "062661.2.0168218-19" }, "geometry": { "type": "Polygon", "coordinates": [ [ [ -54.751945, -22.275683 ], [ -54.751935, -22.275773 ], [ -54.751742, -22.275755 ], [ -54.751752, -22.275665 ], [ -54.751945, -22.275683 ] ] ] } },
{ "type": "Feature", "properties": { "id": 126708, "insc_imob": "00.10.32.18.150", "quadra_cartorio": "18", "lote_cartorio": "15", "matricula": "168209", "circunscricao": null, "zoneamento": null, "condominio": null, "area_geom": 282.4, "cnm": "062661.2.0168209-46" }, "geometry": { "type": "Polygon", "coordinates": [ [ [ -54.751857, -22.276491 ], [ -54.751843, -22.276618 ], [ -54.75165, -22.2766 ], [ -54.751664, -22.276473 ], [ -54.751857, -22.276491 ] ] ] } },
{ "type": "Feature", "properties": { "id": 126709, "insc_imob": "00.10.32.18.140", "quadra_cartorio": "18", "lote_cartorio": "14", "matricula": "168208", "circunscricao": null, "zoneamento": null, "condominio": null, "area_geom": 282.4, "cnm": "062661.2.0168208-49" }, "geometry": { "type": "Polygon", "coordinates": [ [ [ -54.75205, -22.27651 ], [ -54.752036, -22.276636 ], [ -54.751843, -22.276618 ], [ -54.751857, -22.276491 ], [ -54.75205, -22.27651 ] ] ] } },
{ "type": "Feature", "properties": { "id": 126710, "insc_imob": "00.10.32.18.130", "quadra_cartorio": "18", "lote_cartorio": "13", "matricula": "168207", "circunscricao": null, "zoneamento": null, "condominio": null, "area_geom": 200.0, "cnm": "062661.2.0168207-52" }, "geometry": { "type": "Polygon", "coordinates": [ [ [ -54.75206, -22.27642 ], [ -54.75205, -22.27651 ], [ -54.751857, -22.276491 ], [ -54.751867, -22.276401 ], [ -54.75206, -22.27642 ] ] ] } },
{ "type": "Feature", "properties": { "id": 126711, "insc_imob": "00.10.32.18.120", "quadra_cartorio": "18", "lote_cartorio": "12", "matricula": "168206", "circunscricao": null, "zoneamento": null, "condominio": null, "area_geom": 200.0, "cnm": "062661.2.0168206-55" }, "geometry": { "type": "Polygon", "coordinates": [ [ [ -54.75207, -22.27633 ], [ -54.75206, -22.27642 ], [ -54.751867, -22.276401 ], [ -54.751877, -22.276312 ], [ -54.75207, -22.27633 ] ] ] } },
{ "type": "Feature", "properties": { "id": 126712, "insc_imob": "00.10.32.18.190", "quadra_cartorio": "18", "lote_cartorio": "19", "matricula": "168213", "circunscricao": null, "zoneamento": null, "condominio": null, "area_geom": 200.0, "cnm": "062661.2.0168213-34" }, "geometry": { "type": "Polygon", "coordinates": [ [ [ -54.751896, -22.276132 ], [ -54.751887, -22.276222 ], [ -54.751694, -22.276204 ], [ -54.751703, -22.276114 ], [ -54.751896, -22.276132 ] ] ] } },
{ "type": "Feature", "properties": { "id": 126713, "insc_imob": "00.10.32.18.180", "quadra_cartorio": "18", "lote_cartorio": "18", "matricula": "168212", "circunscricao": null, "zoneamento": null, "condominio": null, "area_geom": 200.0, "cnm": "062661.2.0168212-37" }, "geometry": { "type": "Polygon", "coordinates": [ [ [ -54.751887, -22.276222 ], [ -54.751877, -22.276312 ], [ -54.751684, -22.276293 ], [ -54.751694, -22.276204 ], [ -54.751887, -22.276222 ] ] ] } },
{ "type": "Feature", "properties": { "id": 126714, "insc_imob": "00.10.32.18.170", "quadra_cartorio": "18", "lote_cartorio": "17", "matricula": "168211", "circunscricao": null, "zoneamento": null, "condominio": null, "area_geom": 200.0, "cnm": "062661.2.0168211-40" }, "geometry": { "type": "Polygon", "coordinates": [ [ [ -54.751877, -22.276312 ], [ -54.751867, -22.276401 ], [ -54.751674, -22.276383 ], [ -54.751684, -22.276293 ], [ -54.751877, -22.276312 ] ] ] } },
{ "type": "Feature", "properties": { "id": 126715, "insc_imob": "00.10.32.18.160", "quadra_cartorio": "18", "lote_cartorio": "16", "matricula": "168210", "circunscricao": null, "zoneamento": null, "condominio": null, "area_geom": 200.0, "cnm": "062661.2.0168210-43" }, "geometry": { "type": "Polygon", "coordinates": [ [ [ -54.751867, -22.276401 ], [ -54.751857, -22.276491 ], [ -54.751664, -22.276473 ], [ -54.751674, -22.276383 ], [ -54.751867, -22.276401 ] ] ] } },
{ "type": "Feature", "properties": { "id": 126716, "insc_imob": "00.10.32.26.250", "quadra_cartorio": "26", "lote_cartorio": "25", "matricula": "168393", "circunscricao": null, "zoneamento": null, "condominio": null, "area_geom": 200.02, "cnm": "062661.2.0168393-76" }, "geometry": { "type": "Polygon", "coordinates": [ [ [ -54.752841, -22.277302 ], [ -54.752832, -22.277392 ], [ -54.752639, -22.277374 ], [ -54.752648, -22.277284 ], [ -54.752841, -22.277302 ] ] ] } },
{ "type": "Feature", "properties": { "id": 126717, "insc_imob": "00.10.32.26.240", "quadra_cartorio": "26", "lote_cartorio": "24", "matricula": "168392", "circunscricao": null, "zoneamento": null, "condominio": null, "area_geom": 200.03, "cnm": "062661.2.0168392-79" }, "geometry": { "type": "Polygon", "coordinates": [ [ [ -54.752832, -22.277392 ], [ -54.752822, -22.277482 ], [ -54.752629, -22.277464 ], [ -54.752639, -22.277374 ], [ -54.752832, -22.277392 ] ] ] } },
{ "type": "Feature", "properties": { "id": 126718, "insc_imob": "00.10.32.26.230", "quadra_cartorio": "26", "lote_cartorio": "23", "matricula": "168391", "circunscricao": null, "zoneamento": null, "condominio": null, "area_geom": 200.03, "cnm": "062661.2.0168391-82" }, "geometry": { "type": "Polygon", "coordinates": [ [ [ -54.752822, -22.277482 ], [ -54.752812, -22.277572 ], [ -54.752619, -22.277553 ], [ -54.752629, -22.277464 ], [ -54.752822, -22.277482 ] ] ] } },
{ "type": "Feature", "properties": { "id": 126719, "insc_imob": "00.10.32.26.220", "quadra_cartorio": "26", "lote_cartorio": "22", "matricula": "168390", "circunscricao": null, "zoneamento": null, "condominio": null, "area_geom": 200.04, "cnm": "062661.2.0168390-85" }, "geometry": { "type": "Polygon", "coordinates": [ [ [ -54.752812, -22.277572 ], [ -54.752802, -22.277661 ], [ -54.752609, -22.277643 ], [ -54.752619, -22.277553 ], [ -54.752812, -22.277572 ] ] ] } },
{ "type": "Feature", "properties": { "id": 126742, "insc_imob": "00.10.32.25.290", "quadra_cartorio": "25", "lote_cartorio": "29", "matricula": "168367", "circunscricao": null, "zoneamento": null, "condominio": null, "area_geom": 200.0, "cnm": "062661.2.0168367-57" }, "geometry": { "type": "Polygon", "coordinates": [ [ [ -54.753411, -22.276993 ], [ -54.753402, -22.277083 ], [ -54.753209, -22.277065 ], [ -54.753218, -22.276975 ], [ -54.753411, -22.276993 ] ] ] } },
{ "type": "Feature", "properties": { "id": 126743, "insc_imob": "00.10.32.25.280", "quadra_cartorio": "25", "lote_cartorio": "28", "matricula": "168366", "circunscricao": null, "zoneamento": null, "condominio": null, "area_geom": 200.01, "cnm": "062661.2.0168366-60" }, "geometry": { "type": "Polygon", "coordinates": [ [ [ -54.753402, -22.277083 ], [ -54.753392, -22.277173 ], [ -54.753199, -22.277154 ], [ -54.753209, -22.277065 ], [ -54.753402, -22.277083 ] ] ] } },
{ "type": "Feature", "properties": { "id": 126744, "insc_imob": "00.10.32.26.050", "quadra_cartorio": "26", "lote_cartorio": "05", "matricula": "168373", "circunscricao": null, "zoneamento": null, "condominio": null, "area_geom": 199.98, "cnm": "062661.2.0168373-39" }, "geometry": { "type": "Polygon", "coordinates": [ [ [ -54.753044, -22.277231 ], [ -54.753034, -22.27732 ], [ -54.752841, -22.277302 ], [ -54.752851, -22.277212 ], [ -54.753044, -22.277231 ] ] ] } },
{ "type": "Feature", "properties": { "id": 126745, "insc_imob": "00.10.32.26.040", "quadra_cartorio": "26", "lote_cartorio": "04", "matricula": "168372", "circunscricao": null, "zoneamento": null, "condominio": null, "area_geom": 199.98, "cnm": "062661.2.0168372-42" }, "geometry": { "type": "Polygon", "coordinates": [ [ [ -54.753054, -22.277141 ], [ -54.753044, -22.277231 ], [ -54.752851, -22.277212 ], [ -54.752861, -22.277123 ], [ -54.753054, -22.277141 ] ] ] } },
{ "type": "Feature", "properties": { "id": 126746, "insc_imob": "00.10.32.26.030", "quadra_cartorio": "26", "lote_cartorio": "03", "matricula": "168371", "circunscricao": null, "zoneamento": null, "condominio": null, "area_geom": 199.99, "cnm": "062661.2.0168371-45" }, "geometry": { "type": "Polygon", "coordinates": [ [ [ -54.753064, -22.277051 ], [ -54.753054, -22.277141 ], [ -54.752861, -22.277123 ], [ -54.752871, -22.277033 ], [ -54.753064, -22.277051 ] ] ] } },
{ "type": "Feature", "properties": { "id": 126747, "insc_imob": "00.10.32.26.020", "quadra_cartorio": "26", "lote_cartorio": "02", "matricula": "168370", "circunscricao": null, "zoneamento": null, "condominio": null, "area_geom": 199.99, "cnm": "062661.2.0168370-48" }, "geometry": { "type": "Polygon", "coordinates": [ [ [ -54.753074, -22.276961 ], [ -54.753064, -22.277051 ], [ -54.752871, -22.277033 ], [ -54.752881, -22.276943 ], [ -54.753074, -22.276961 ] ] ] } },
{ "type": "Feature", "properties": { "id": 126748, "insc_imob": "00.10.32.27.270", "quadra_cartorio": "27", "lote_cartorio": "27", "matricula": "168425", "circunscricao": null, "zoneamento": null, "condominio": null, "area_geom": 200.02, "cnm": "062661.2.0168425-77" }, "geometry": { "type": "Polygon", "coordinates": [ [ [ -54.75233, -22.277072 ], [ -54.75232, -22.277162 ], [ -54.752127, -22.277144 ], [ -54.752137, -22.277054 ], [ -54.75233, -22.277072 ] ] ] } },
{ "type": "Feature", "properties": { "id": 126749, "insc_imob": "00.10.32.27.260", "quadra_cartorio": "27", "lote_cartorio": "26", "matricula": "168424", "circunscricao": null, "zoneamento": null, "condominio": null, "area_geom": 200.02, "cnm": "062661.2.0168424-80" }, "geometry": { "type": "Polygon", "coordinates": [ [ [ -54.75232, -22.277162 ], [ -54.752311, -22.277252 ], [ -54.752118, -22.277234 ], [ -54.752127, -22.277144 ], [ -54.75232, -22.277162 ] ] ] } },
{ "type": "Feature", "properties": { "id": 126750, "insc_imob": "00.10.32.27.250", "quadra_cartorio": "27", "lote_cartorio": "25", "matricula": "168423", "circunscricao": null, "zoneamento": null, "condominio": null, "area_geom": 200.02, "cnm": "062661.2.0168423-83" }, "geometry": { "type": "Polygon", "coordinates": [ [ [ -54.752311, -22.277252 ], [ -54.752301, -22.277342 ], [ -54.752108, -22.277324 ], [ -54.752118, -22.277234 ], [ -54.752311, -22.277252 ] ] ] } },
{ "type": "Feature", "properties": { "id": 126751, "insc_imob": "00.10.32.27.240", "quadra_cartorio": "27", "lote_cartorio": "24", "matricula": "168422", "circunscricao": null, "zoneamento": null, "condominio": null, "area_geom": 200.03, "cnm": "062661.2.0168422-86" }, "geometry": { "type": "Polygon", "coordinates": [ [ [ -54.752301, -22.277342 ], [ -54.752291, -22.277432 ], [ -54.752098, -22.277413 ], [ -54.752108, -22.277324 ], [ -54.752301, -22.277342 ] ] ] } },
{ "type": "Feature", "properties": { "id": 126752, "insc_imob": "00.10.32.28.010", "quadra_cartorio": "28", "lote_cartorio": "01", "matricula": "168429", "circunscricao": null, "zoneamento": null, "condominio": null, "area_geom": 199.97, "cnm": "062661.2.0168429-65" }, "geometry": { "type": "Polygon", "coordinates": [ [ [ -54.752022, -22.276771 ], [ -54.752012, -22.276861 ], [ -54.751819, -22.276843 ], [ -54.751829, -22.276753 ], [ -54.752022, -22.276771 ] ] ] } },
{ "type": "Feature", "properties": { "id": 126797, "insc_imob": "00.10.32.24.040", "quadra_cartorio": "24", "lote_cartorio": "04", "matricula": "168312", "circunscricao": null, "zoneamento": null, "condominio": null, "area_geom": 199.98, "cnm": "062661.2.0168312-28" }, "geometry": { "type": "Polygon", "coordinates": [ [ [ -54.754116, -22.277241 ], [ -54.754106, -22.277331 ], [ -54.753913, -22.277313 ], [ -54.753923, -22.277223 ], [ -54.754116, -22.277241 ] ] ] } },
{ "type": "Feature", "properties": { "id": 126798, "insc_imob": "00.10.32.24.030", "quadra_cartorio": "24", "lote_cartorio": "03", "matricula": "168311", "circunscricao": null, "zoneamento": null, "condominio": null, "area_geom": 199.99, "cnm": "062661.2.0168311-31" }, "geometry": { "type": "Polygon", "coordinates": [ [ [ -54.754125, -22.277151 ], [ -54.754116, -22.277241 ], [ -54.753923, -22.277223 ], [ -54.753932, -22.277133 ], [ -54.754125, -22.277151 ] ] ] } },
{ "type": "Feature", "properties": { "id": 126799, "insc_imob": "00.10.32.24.020", "quadra_cartorio": "24", "lote_cartorio": "02", "matricula": "168310", "circunscricao": null, "zoneamento": null, "condominio": null, "area_geom": 199.99, "cnm": "062661.2.0168310-34" }, "geometry": { "type": "Polygon", "coordinates": [ [ [ -54.754135, -22.277061 ], [ -54.754125, -22.277151 ], [ -54.753932, -22.277133 ], [ -54.753942, -22.277043 ], [ -54.754135, -22.277061 ] ] ] } },
{ "type": "Feature", "properties": { "id": 126800, "insc_imob": "00.10.32.24.090", "quadra_cartorio": "24", "lote_cartorio": "09", "matricula": "168317", "circunscricao": null, "zoneamento": null, "condominio": null, "area_geom": 199.96, "cnm": "062661.2.0168317-13" }, "geometry": { "type": "Polygon", "coordinates": [ [ [ -54.754067, -22.27769 ], [ -54.754057, -22.27778 ], [ -54.753864, -22.277762 ], [ -54.753874, -22.277672 ], [ -54.754067, -22.27769 ] ] ] } },
{ "type": "Feature", "properties": { "id": 126801, "insc_imob": "00.10.32.24.080", "quadra_cartorio": "24", "lote_cartorio": "08", "matricula": "168316", "circunscricao": null, "zoneamento": null, "condominio": null, "area_geom": 199.97, "cnm": "062661.2.0168316-16" }, "geometry": { "type": "Polygon", "coordinates": [ [ [ -54.754076, -22.2776 ], [ -54.754067, -22.27769 ], [ -54.753874, -22.277672 ], [ -54.753883, -22.277582 ], [ -54.754076, -22.2776 ] ] ] } },
{ "type": "Feature", "properties": { "id": 126802, "insc_imob": "00.10.32.24.070", "quadra_cartorio": "24", "lote_cartorio": "07", "matricula": "168315", "circunscricao": null, "zoneamento": null, "condominio": null, "area_geom": 199.97, "cnm": "062661.2.0168315-19" }, "geometry": { "type": "Polygon", "coordinates": [ [ [ -54.754086, -22.27751 ], [ -54.754076, -22.2776 ], [ -54.753883, -22.277582 ], [ -54.753893, -22.277492 ], [ -54.754086, -22.27751 ] ] ] } },
{ "type": "Feature", "properties": { "id": 126803, "insc_imob": "00.10.32.24.060", "quadra_cartorio": "24", "lote_cartorio": "06", "matricula": "168314", "circunscricao": null, "zoneamento": null, "condominio": null, "area_geom": 199.98, "cnm": "062661.2.0168314-22" }, "geometry": { "type": "Polygon", "coordinates": [ [ [ -54.754096, -22.277421 ], [ -54.754086, -22.27751 ], [ -54.753893, -22.277492 ], [ -54.753903, -22.277402 ], [ -54.754096, -22.277421 ] ] ] } },
{ "type": "Feature", "properties": { "id": 126804, "insc_imob": "00.10.32.23.270", "quadra_cartorio": "23", "lote_cartorio": "27", "matricula": "168305", "circunscricao": null, "zoneamento": null, "condominio": null, "area_geom": 200.02, "cnm": "062661.2.0168305-49" }, "geometry": { "type": "Polygon", "coordinates": [ [ [ -54.754453, -22.277273 ], [ -54.754444, -22.277363 ], [ -54.754251, -22.277344 ], [ -54.75426, -22.277255 ], [ -54.754453, -22.277273 ] ] ] } },
{ "type": "Feature", "properties": { "id": 126805, "insc_imob": "00.10.32.23.260", "quadra_cartorio": "23", "lote_cartorio": "26", "matricula": "168304", "circunscricao": null, "zoneamento": null, "condominio": null, "area_geom": 200.02, "cnm": "062661.2.0168304-52" }, "geometry": { "type": "Polygon", "coordinates": [ [ [ -54.754444, -22.277363 ], [ -54.754434, -22.277452 ], [ -54.754241, -22.277434 ], [ -54.754251, -22.277344 ], [ -54.754444, -22.277363 ] ] ] } },
{ "type": "Feature", "properties": { "id": 126806, "insc_imob": "00.10.32.23.250", "quadra_cartorio": "23", "lote_cartorio": "25", "matricula": "168303", "circunscricao": null, "zoneamento": null, "condominio": null, "area_geom": 200.02, "cnm": "062661.2.0168303-55" }, "geometry": { "type": "Polygon", "coordinates": [ [ [ -54.754434, -22.277452 ], [ -54.754424, -22.277542 ], [ -54.754231, -22.277524 ], [ -54.754241, -22.277434 ], [ -54.754434, -22.277452 ] ] ] } },
{ "type": "Feature", "properties": { "id": 126807, "insc_imob": "00.10.32.23.240", "quadra_cartorio": "23", "lote_cartorio": "24", "matricula": "168302", "circunscricao": null, "zoneamento": null, "condominio": null, "area_geom": 200.03, "cnm": "062661.2.0168302-58" }, "geometry": { "type": "Polygon", "coordinates": [ [ [ -54.754424, -22.277542 ], [ -54.754414, -22.277632 ], [ -54.754221, -22.277614 ], [ -54.754231, -22.277524 ], [ -54.754424, -22.277542 ] ] ] } },
{ "type": "Feature", "properties": { "id": 126808, "insc_imob": "00.10.32.24.010", "quadra_cartorio": "24", "lote_cartorio": "01", "matricula": "168309", "circunscricao": null, "zoneamento": null, "condominio": null, "area_geom": 199.97, "cnm": "062661.2.0168309-37" }, "geometry": { "type": "Polygon", "coordinates": [ [ [ -54.754145, -22.276971 ], [ -54.754135, -22.277061 ], [ -54.753942, -22.277043 ], [ -54.753952, -22.276953 ], [ -54.754145, -22.276971 ] ] ] } },
{ "type": "Feature", "properties": { "id": 126831, "insc_imob": "00.10.32.25.040", "quadra_cartorio": "25", "lote_cartorio": "04", "matricula": "168342", "circunscricao": null, "zoneamento": null, "condominio": null, "area_geom": 199.98, "cnm": "062661.2.0168342-35" }, "geometry": { "type": "Polygon", "coordinates": [ [ [ -54.753585, -22.277191 ], [ -54.753575, -22.277281 ], [ -54.753382, -22.277262 ], [ -54.753392, -22.277173 ], [ -54.753585, -22.277191 ] ] ] } },
{ "type": "Feature", "properties": { "id": 126691, "insc_imob": "00.10.32.19.120", "quadra_cartorio": "19", "lote_cartorio": "12", "matricula": "168234", "circunscricao": null, "zoneamento": null, "condominio": null, "area_geom": 200.0, "cnm": "062661.2.0168234-68" }, "geometry": { "type": "Polygon", "coordinates": [ [ [ -54.751539, -22.276278 ], [ -54.751529, -22.276368 ], [ -54.751336, -22.276349 ], [ -54.751346, -22.27626 ], [ -54.751539, -22.276278 ] ] ] } },
{ "type": "Feature", "properties": { "id": 127097, "insc_imob": "00.10.32.16.150", "quadra_cartorio": "16", "lote_cartorio": "15", "matricula": "168153", "circunscricao": null, "zoneamento": null, "condominio": null, "area_geom": 272.0, "cnm": "062661.2.0168153-20" }, "geometry": { "type": "Polygon", "coordinates": [ [ [ -54.752918, -22.276596 ], [ -54.752905, -22.276718 ], [ -54.752712, -22.2767 ], [ -54.752725, -22.276578 ], [ -54.752918, -22.276596 ] ] ] } },
{ "type": "Feature", "properties": { "id": 127099, "insc_imob": "00.10.32.16.130", "quadra_cartorio": "16", "lote_cartorio": "13", "matricula": "168151", "circunscricao": null, "zoneamento": null, "condominio": null, "area_geom": 200.0, "cnm": "062661.2.0168151-26" }, "geometry": { "type": "Polygon", "coordinates": [ [ [ -54.753121, -22.276525 ], [ -54.753111, -22.276614 ], [ -54.752918, -22.276596 ], [ -54.752928, -22.276506 ], [ -54.753121, -22.276525 ] ] ] } },
{ "type": "Feature", "properties": { "id": 127106, "insc_imob": "00.10.32.16.060", "quadra_cartorio": "16", "lote_cartorio": "06", "matricula": "168144", "circunscricao": null, "zoneamento": null, "condominio": null, "area_geom": 200.0, "cnm": "062661.2.0168144-47" }, "geometry": { "type": "Polygon", "coordinates": [ [ [ -54.75319, -22.275896 ], [ -54.75318, -22.275986 ], [ -54.752987, -22.275967 ], [ -54.752997, -22.275878 ], [ -54.75319, -22.275896 ] ] ] } },
{ "type": "Feature", "properties": { "id": 127107, "insc_imob": "00.10.32.16.050", "quadra_cartorio": "16", "lote_cartorio": "05", "matricula": "168143", "circunscricao": null, "zoneamento": null, "condominio": null, "area_geom": 200.0, "cnm": "062661.2.0168143-50" }, "geometry": { "type": "Polygon", "coordinates": [ [ [ -54.753199, -22.275806 ], [ -54.75319, -22.275896 ], [ -54.752997, -22.275878 ], [ -54.753006, -22.275788 ], [ -54.753199, -22.275806 ] ] ] } },
{ "type": "Feature", "properties": { "id": 127111, "insc_imob": "00.10.32.16.090", "quadra_cartorio": "16", "lote_cartorio": "09", "matricula": "168147", "circunscricao": null, "zoneamento": null, "condominio": null, "area_geom": 200.0, "cnm": "062661.2.0168147-38" }, "geometry": { "type": "Polygon", "coordinates": [ [ [ -54.75316, -22.276165 ], [ -54.75315, -22.276255 ], [ -54.752957, -22.276237 ], [ -54.752967, -22.276147 ], [ -54.75316, -22.276165 ] ] ] } },
{ "type": "Feature", "properties": { "id": 126676, "insc_imob": "00.10.32.17.110", "quadra_cartorio": "17", "lote_cartorio": "11", "matricula": "168177", "circunscricao": null, "zoneamento": null, "condominio": null, "area_geom": 200.0, "cnm": "062661.2.0168177-45" }, "geometry": { "type": "Polygon", "coordinates": [ [ [ -54.75261, -22.276293 ], [ -54.7526, -22.276382 ], [ -54.752407, -22.276364 ], [ -54.752417, -22.276274 ], [ -54.75261, -22.276293 ] ] ] } },
{ "type": "Feature", "properties": { "id": 126677, "insc_imob": "00.10.32.17.100", "quadra_cartorio": "17", "lote_cartorio": "10", "matricula": "168176", "circunscricao": null, "zoneamento": null, "condominio": null, "area_geom": 200.0, "cnm": "062661.2.0168176-48" }, "geometry": { "type": "Polygon", "coordinates": [ [ [ -54.75262, -22.276203 ], [ -54.75261, -22.276293 ], [ -54.752417, -22.276274 ], [ -54.752427, -22.276185 ], [ -54.75262, -22.276203 ] ] ] } },
{ "type": "Feature", "properties": { "id": 126678, "insc_imob": "00.10.32.17.090", "quadra_cartorio": "17", "lote_cartorio": "09", "matricula": "168175", "circunscricao": null, "zoneamento": null, "condominio": null, "area_geom": 200.0, "cnm": "062661.2.0168175-51" }, "geometry": { "type": "Polygon", "coordinates": [ [ [ -54.75263, -22.276113 ], [ -54.75262, -22.276203 ], [ -54.752427, -22.276185 ], [ -54.752437, -22.276095 ], [ -54.75263, -22.276113 ] ] ] } },
{ "type": "Feature", "properties": { "id": 126679, "insc_imob": "00.10.32.17.080", "quadra_cartorio": "17", "lote_cartorio": "08", "matricula": "168174", "circunscricao": null, "zoneamento": null, "condominio": null, "area_geom": 200.0, "cnm": "062661.2.0168174-54" }, "geometry": { "type": "Polygon", "coordinates": [ [ [ -54.752639, -22.276023 ], [ -54.75263, -22.276113 ], [ -54.752437, -22.276095 ], [ -54.752446, -22.276005 ], [ -54.752639, -22.276023 ] ] ] } },
{ "type": "Feature", "properties": { "id": 126680, "insc_imob": "00.10.32.17.150", "quadra_cartorio": "17", "lote_cartorio": "15", "matricula": "168181", "circunscricao": null, "zoneamento": null, "condominio": null, "area_geom": 277.0, "cnm": "062661.2.0168181-33" }, "geometry": { "type": "Polygon", "coordinates": [ [ [ -54.752388, -22.276544 ], [ -54.752374, -22.276668 ], [ -54.752181, -22.27665 ], [ -54.752195, -22.276526 ], [ -54.752388, -22.276544 ] ] ] } },
{ "type": "Feature", "properties": { "id": 126681, "insc_imob": "00.10.32.17.140", "quadra_cartorio": "17", "lote_cartorio": "14", "matricula": "168180", "circunscricao": null, "zoneamento": null, "condominio": null, "area_geom": 277.0, "cnm": "062661.2.0168180-36" }, "geometry": { "type": "Polygon", "coordinates": [ [ [ -54.752581, -22.276562 ], [ -54.752567, -22.276686 ], [ -54.752374, -22.276668 ], [ -54.752388, -22.276544 ], [ -54.752581, -22.276562 ] ] ] } },
{ "type": "Feature", "properties": { "id": 126682, "insc_imob": "00.10.32.17.130", "quadra_cartorio": "17", "lote_cartorio": "13", "matricula": "168179", "circunscricao": null, "zoneamento": null, "condominio": null, "area_geom": 200.0, "cnm": "062661.2.0168179-39" }, "geometry": { "type": "Polygon", "coordinates": [ [ [ -54.752591, -22.276472 ], [ -54.752581, -22.276562 ], [ -54.752388, -22.276544 ], [ -54.752398, -22.276454 ], [ -54.752591, -22.276472 ] ] ] } },
{ "type": "Feature", "properties": { "id": 126683, "insc_imob": "00.10.32.17.120", "quadra_cartorio": "17", "lote_cartorio": "12", "matricula": "168178", "circunscricao": null, "zoneamento": null, "condominio": null, "area_geom": 200.0, "cnm": "062661.2.0168178-42" }, "geometry": { "type": "Polygon", "coordinates": [ [ [ -54.7526, -22.276382 ], [ -54.752591, -22.276472 ], [ -54.752398, -22.276454 ], [ -54.752407, -22.276364 ], [ -54.7526, -22.276382 ] ] ] } },
{ "type": "Feature", "properties": { "id": 126684, "insc_imob": "00.10.32.19.110", "quadra_cartorio": "19", "lote_cartorio": "11", "matricula": "168233", "circunscricao": null, "zoneamento": null, "condominio": null, "area_geom": 200.0, "cnm": "062661.2.0168233-71" }, "geometry": { "type": "Polygon", "coordinates": [ [ [ -54.751549, -22.276188 ], [ -54.751539, -22.276278 ], [ -54.751346, -22.27626 ], [ -54.751356, -22.27617 ], [ -54.751549, -22.276188 ] ] ] } },
{ "type": "Feature", "properties": { "id": 126685, "insc_imob": "00.10.32.19.100", "quadra_cartorio": "19", "lote_cartorio": "10", "matricula": "168232", "circunscricao": null, "zoneamento": null, "condominio": null, "area_geom": 200.0, "cnm": "062661.2.0168232-74" }, "geometry": { "type": "Polygon", "coordinates": [ [ [ -54.751559, -22.276098 ], [ -54.751549, -22.276188 ], [ -54.751356, -22.27617 ], [ -54.751366, -22.27608 ], [ -54.751559, -22.276098 ] ] ] } },
{ "type": "Feature", "properties": { "id": 126686, "insc_imob": "00.10.32.19.090", "quadra_cartorio": "19", "lote_cartorio": "09", "matricula": "168231", "circunscricao": null, "zoneamento": null, "condominio": null, "area_geom": 200.0, "cnm": "062661.2.0168231-77" }, "geometry": { "type": "Polygon", "coordinates": [ [ [ -54.751569, -22.276008 ], [ -54.751559, -22.276098 ], [ -54.751366, -22.27608 ], [ -54.751376, -22.27599 ], [ -54.751569, -22.276008 ] ] ] } },
{ "type": "Feature", "properties": { "id": 126687, "insc_imob": "00.10.32.19.080", "quadra_cartorio": "19", "lote_cartorio": "08", "matricula": "168230", "circunscricao": null, "zoneamento": null, "condominio": null, "area_geom": 200.0, "cnm": "062661.2.0168230-80" }, "geometry": { "type": "Polygon", "coordinates": [ [ [ -54.751578, -22.275918 ], [ -54.751569, -22.276008 ], [ -54.751376, -22.27599 ], [ -54.751385, -22.2759 ], [ -54.751578, -22.275918 ] ] ] } },
{ "type": "Feature", "properties": { "id": 126688, "insc_imob": "00.10.32.19.150", "quadra_cartorio": "19", "lote_cartorio": "15", "matricula": "168237", "circunscricao": null, "zoneamento": null, "condominio": null, "area_geom": 287.0, "cnm": "062661.2.0168237-59" }, "geometry": { "type": "Polygon", "coordinates": [ [ [ -54.751327, -22.276439 ], [ -54.751313, -22.276568 ], [ -54.75112, -22.27655 ], [ -54.751134, -22.276421 ], [ -54.751327, -22.276439 ] ] ] } },
{ "type": "Feature", "properties": { "id": 126689, "insc_imob": "00.10.32.19.140", "quadra_cartorio": "19", "lote_cartorio": "14", "matricula": "168236", "circunscricao": null, "zoneamento": null, "condominio": null, "area_geom": 287.0, "cnm": "062661.2.0168236-62" }, "geometry": { "type": "Polygon", "coordinates": [ [ [ -54.75152, -22.276457 ], [ -54.751506, -22.276586 ], [ -54.751313, -22.276568 ], [ -54.751327, -22.276439 ], [ -54.75152, -22.276457 ] ] ] } },
{ "type": "Feature", "properties": { "id": 126690, "insc_imob": "00.10.32.19.130", "quadra_cartorio": "19", "lote_cartorio": "13", "matricula": "168235", "circunscricao": null, "zoneamento": null, "condominio": null, "area_geom": 200.0, "cnm": "062661.2.0168235-65" }, "geometry": { "type": "Polygon", "coordinates": [ [ [ -54.751529, -22.276368 ], [ -54.75152, -22.276457 ], [ -54.751327, -22.276439 ], [ -54.751336, -22.276349 ], [ -54.751529, -22.276368 ] ] ] } },
{ "type": "Feature", "properties": { "id": 126692, "insc_imob": "00.10.32.19.030", "quadra_cartorio": "19", "lote_cartorio": "03", "matricula": "168225", "circunscricao": null, "zoneamento": null, "condominio": null, "area_geom": 200.0, "cnm": "062661.2.0168225-95" }, "geometry": { "type": "Polygon", "coordinates": [ [ [ -54.751627, -22.275469 ], [ -54.751617, -22.275559 ], [ -54.751424, -22.275541 ], [ -54.751434, -22.275451 ], [ -54.751627, -22.275469 ] ] ] } },
{ "type": "Feature", "properties": { "id": 126693, "insc_imob": "00.10.32.19.020", "quadra_cartorio": "19", "lote_cartorio": "02", "matricula": "168224", "circunscricao": null, "zoneamento": null, "condominio": null, "area_geom": 200.0, "cnm": "062661.2.0168224-98" }, "geometry": { "type": "Polygon", "coordinates": [ [ [ -54.751637, -22.275379 ], [ -54.751627, -22.275469 ], [ -54.751434, -22.275451 ], [ -54.751444, -22.275361 ], [ -54.751637, -22.275379 ] ] ] } },
{ "type": "Feature", "properties": { "id": 126694, "insc_imob": "00.10.32.19.010", "quadra_cartorio": "19", "lote_cartorio": "01", "matricula": "168223", "circunscricao": null, "zoneamento": null, "condominio": null, "area_geom": 285.44, "cnm": "062661.2.0168223-04" }, "geometry": { "type": "Polygon", "coordinates": [ [ [ -54.751651, -22.275252 ], [ -54.751637, -22.275379 ], [ -54.751444, -22.275361 ], [ -54.751458, -22.275232 ], [ -54.751651, -22.275252 ] ] ] } },
{ "type": "Feature", "properties": { "id": 126978, "insc_imob": "00.10.32.09.120", "quadra_cartorio": "09", "lote_cartorio": "12", "matricula": "168019", "circunscricao": null, "zoneamento": null, "condominio": null, "area_geom": 200.0, "cnm": "062661.2.0168019-34" }, "geometry": { "type": "Polygon", "coordinates": [ [ [ -54.754965, -22.275001 ], [ -54.754946, -22.275181 ], [ -54.754849, -22.275171 ], [ -54.754869, -22.274992 ], [ -54.754965, -22.275001 ] ] ] } },
{ "type": "Feature", "properties": { "id": 127061, "insc_imob": "00.10.32.15.230", "quadra_cartorio": "15", "lote_cartorio": "23", "matricula": "168133", "circunscricao": null, "zoneamento": null, "condominio": null, "area_geom": 200.0, "cnm": "062661.2.0168133-80" }, "geometry": { "type": "Polygon", "coordinates": [ [ [ -54.753527, -22.27593 ], [ -54.753517, -22.27602 ], [ -54.753324, -22.276002 ], [ -54.753334, -22.275912 ], [ -54.753527, -22.27593 ] ] ] } },
{ "type": "Feature", "properties": { "id": 127062, "insc_imob": "00.10.32.15.220", "quadra_cartorio": "15", "lote_cartorio": "22", "matricula": "168132", "circunscricao": null, "zoneamento": null, "condominio": null, "area_geom": 200.0, "cnm": "062661.2.0168132-83" }, "geometry": { "type": "Polygon", "coordinates": [ [ [ -54.753517, -22.27602 ], [ -54.753507, -22.27611 ], [ -54.753314, -22.276092 ], [ -54.753324, -22.276002 ], [ -54.753517, -22.27602 ] ] ] } },
{ "type": "Feature", "properties": { "id": 127063, "insc_imob": "00.10.32.15.210", "quadra_cartorio": "15", "lote_cartorio": "21", "matricula": "168131", "circunscricao": null, "zoneamento": null, "condominio": null, "area_geom": 200.0, "cnm": "062661.2.0168131-86" }, "geometry": { "type": "Polygon", "coordinates": [ [ [ -54.753507, -22.27611 ], [ -54.753498, -22.2762 ], [ -54.753305, -22.276182 ], [ -54.753314, -22.276092 ], [ -54.753507, -22.27611 ] ] ] } },
{ "type": "Feature", "properties": { "id": 127089, "insc_imob": "00.10.32.16.230", "quadra_cartorio": "16", "lote_cartorio": "23", "matricula": "168161", "circunscricao": null, "zoneamento": null, "condominio": null, "area_geom": 200.0, "cnm": "062661.2.0168161-93" }, "geometry": { "type": "Polygon", "coordinates": [ [ [ -54.752997, -22.275878 ], [ -54.752987, -22.275967 ], [ -54.752794, -22.275949 ], [ -54.752804, -22.275859 ], [ -54.752997, -22.275878 ] ] ] } },
{ "type": "Feature", "properties": { "id": 127064, "insc_imob": "00.10.32.15.200", "quadra_cartorio": "15", "lote_cartorio": "20", "matricula": "168130", "circunscricao": null, "zoneamento": null, "condominio": null, "area_geom": 200.0, "cnm": "062661.2.0168130-89" }, "geometry": { "type": "Polygon", "coordinates": [ [ [ -54.753498, -22.2762 ], [ -54.753488, -22.27629 ], [ -54.753295, -22.276271 ], [ -54.753305, -22.276182 ], [ -54.753498, -22.2762 ] ] ] } },
{ "type": "Feature", "properties": { "id": 127088, "insc_imob": "00.10.32.17.040", "quadra_cartorio": "17", "lote_cartorio": "04", "matricula": "168170", "circunscricao": null, "zoneamento": null, "condominio": null, "area_geom": 200.0, "cnm": "062661.2.0168170-66" }, "geometry": { "type": "Polygon", "coordinates": [ [ [ -54.752679, -22.275664 ], [ -54.752669, -22.275754 ], [ -54.752476, -22.275735 ], [ -54.752486, -22.275646 ], [ -54.752679, -22.275664 ] ] ] } },
{ "type": "Feature", "properties": { "id": 127090, "insc_imob": "00.10.32.16.220", "quadra_cartorio": "16", "lote_cartorio": "22", "matricula": "168160", "circunscricao": null, "zoneamento": null, "condominio": null, "area_geom": 200.0, "cnm": "062661.2.0168160-96" }, "geometry": { "type": "Polygon", "coordinates": [ [ [ -54.752987, -22.275967 ], [ -54.752977, -22.276057 ], [ -54.752784, -22.276039 ], [ -54.752794, -22.275949 ], [ -54.752987, -22.275967 ] ] ] } },
{ "type": "Feature", "properties": { "id": 127101, "insc_imob": "00.10.32.16.190", "quadra_cartorio": "16", "lote_cartorio": "19", "matricula": "168157", "circunscricao": null, "zoneamento": null, "condominio": null, "area_geom": 200.0, "cnm": "062661.2.0168157-08" }, "geometry": { "type": "Polygon", "coordinates": [ [ [ -54.752957, -22.276237 ], [ -54.752948, -22.276327 ], [ -54.752755, -22.276308 ], [ -54.752764, -22.276219 ], [ -54.752957, -22.276237 ] ] ] } },
{ "type": "Feature", "properties": { "id": 127091, "insc_imob": "00.10.32.16.210", "quadra_cartorio": "16", "lote_cartorio": "21", "matricula": "168159", "circunscricao": null, "zoneamento": null, "condominio": null, "area_geom": 200.0, "cnm": "062661.2.0168159-02" }, "geometry": { "type": "Polygon", "coordinates": [ [ [ -54.752977, -22.276057 ], [ -54.752967, -22.276147 ], [ -54.752774, -22.276129 ], [ -54.752784, -22.276039 ], [ -54.752977, -22.276057 ] ] ] } },
{ "type": "Feature", "properties": { "id": 127092, "insc_imob": "00.10.32.16.200", "quadra_cartorio": "16", "lote_cartorio": "20", "matricula": "168158", "circunscricao": null, "zoneamento": null, "condominio": null, "area_geom": 200.0, "cnm": "062661.2.0168158-05" }, "geometry": { "type": "Polygon", "coordinates": [ [ [ -54.752967, -22.276147 ], [ -54.752957, -22.276237 ], [ -54.752764, -22.276219 ], [ -54.752774, -22.276129 ], [ -54.752967, -22.276147 ] ] ] } },
{ "type": "Feature", "properties": { "id": 127093, "insc_imob": "00.10.32.16.270", "quadra_cartorio": "16", "lote_cartorio": "27", "matricula": "168165", "circunscricao": null, "zoneamento": null, "condominio": null, "area_geom": 200.0, "cnm": "062661.2.0168165-81" }, "geometry": { "type": "Polygon", "coordinates": [ [ [ -54.753036, -22.275518 ], [ -54.753026, -22.275608 ], [ -54.752833, -22.27559 ], [ -54.752843, -22.2755 ], [ -54.753036, -22.275518 ] ] ] } },
{ "type": "Feature", "properties": { "id": 127094, "insc_imob": "00.10.32.16.260", "quadra_cartorio": "16", "lote_cartorio": "26", "matricula": "168164", "circunscricao": null, "zoneamento": null, "condominio": null, "area_geom": 200.0, "cnm": "062661.2.0168164-84" }, "geometry": { "type": "Polygon", "coordinates": [ [ [ -54.753026, -22.275608 ], [ -54.753016, -22.275698 ], [ -54.752823, -22.27568 ], [ -54.752833, -22.27559 ], [ -54.753026, -22.275608 ] ] ] } },
{ "type": "Feature", "properties": { "id": 127095, "insc_imob": "00.10.32.16.250", "quadra_cartorio": "16", "lote_cartorio": "25", "matricula": "168163", "circunscricao": null, "zoneamento": null, "condominio": null, "area_geom": 200.0, "cnm": "062661.2.0168163-87" }, "geometry": { "type": "Polygon", "coordinates": [ [ [ -54.753016, -22.275698 ], [ -54.753006, -22.275788 ], [ -54.752813, -22.27577 ], [ -54.752823, -22.27568 ], [ -54.753016, -22.275698 ] ] ] } },
{ "type": "Feature", "properties": { "id": 127096, "insc_imob": "00.10.32.16.240", "quadra_cartorio": "16", "lote_cartorio": "24", "matricula": "168162", "circunscricao": null, "zoneamento": null, "condominio": null, "area_geom": 200.0, "cnm": "062661.2.0168162-90" }, "geometry": { "type": "Polygon", "coordinates": [ [ [ -54.753006, -22.275788 ], [ -54.752997, -22.275878 ], [ -54.752804, -22.275859 ], [ -54.752813, -22.27577 ], [ -54.753006, -22.275788 ] ] ] } },
{ "type": "Feature", "properties": { "id": 127098, "insc_imob": "00.10.32.16.140", "quadra_cartorio": "16", "lote_cartorio": "14", "matricula": "168152", "circunscricao": null, "zoneamento": null, "condominio": null, "area_geom": 272.0, "cnm": "062661.2.0168152-23" }, "geometry": { "type": "Polygon", "coordinates": [ [ [ -54.753111, -22.276614 ], [ -54.753098, -22.276737 ], [ -54.752905, -22.276718 ], [ -54.752918, -22.276596 ], [ -54.753111, -22.276614 ] ] ] } },
{ "type": "Feature", "properties": { "id": 127100, "insc_imob": "00.10.32.16.120", "quadra_cartorio": "16", "lote_cartorio": "12", "matricula": "168150", "circunscricao": null, "zoneamento": null, "condominio": null, "area_geom": 200.0, "cnm": "062661.2.0168150-29" }, "geometry": { "type": "Polygon", "coordinates": [ [ [ -54.753131, -22.276435 ], [ -54.753121, -22.276525 ], [ -54.752928, -22.276506 ], [ -54.752938, -22.276417 ], [ -54.753131, -22.276435 ] ] ] } },
{ "type": "Feature", "properties": { "id": 127102, "insc_imob": "00.10.32.16.180", "quadra_cartorio": "16", "lote_cartorio": "18", "matricula": "168156", "circunscricao": null, "zoneamento": null, "condominio": null, "area_geom": 200.0, "cnm": "062661.2.0168156-11" }, "geometry": { "type": "Polygon", "coordinates": [ [ [ -54.752948, -22.276327 ], [ -54.752938, -22.276417 ], [ -54.752745, -22.276398 ], [ -54.752755, -22.276308 ], [ -54.752948, -22.276327 ] ] ] } },
{ "type": "Feature", "properties": { "id": 127103, "insc_imob": "00.10.32.16.170", "quadra_cartorio": "16", "lote_cartorio": "17", "matricula": "168155", "circunscricao": null, "zoneamento": null, "condominio": null, "area_geom": 200.0, "cnm": "062661.2.0168155-14" }, "geometry": { "type": "Polygon", "coordinates": [ [ [ -54.752938, -22.276417 ], [ -54.752928, -22.276506 ], [ -54.752735, -22.276488 ], [ -54.752745, -22.276398 ], [ -54.752938, -22.276417 ] ] ] } },
{ "type": "Feature", "properties": { "id": 127104, "insc_imob": "00.10.32.16.160", "quadra_cartorio": "16", "lote_cartorio": "16", "matricula": "168154", "circunscricao": null, "zoneamento": null, "condominio": null, "area_geom": 200.0, "cnm": "062661.2.0168154-17" }, "geometry": { "type": "Polygon", "coordinates": [ [ [ -54.752928, -22.276506 ], [ -54.752918, -22.276596 ], [ -54.752725, -22.276578 ], [ -54.752735, -22.276488 ], [ -54.752928, -22.276506 ] ] ] } },
{ "type": "Feature", "properties": { "id": 127105, "insc_imob": "00.10.32.16.070", "quadra_cartorio": "16", "lote_cartorio": "07", "matricula": "168145", "circunscricao": null, "zoneamento": null, "condominio": null, "area_geom": 200.0, "cnm": "062661.2.0168145-44" }, "geometry": { "type": "Polygon", "coordinates": [ [ [ -54.75318, -22.275986 ], [ -54.75317, -22.276075 ], [ -54.752977, -22.276057 ], [ -54.752987, -22.275967 ], [ -54.75318, -22.275986 ] ] ] } },
{ "type": "Feature", "properties": { "id": 127108, "insc_imob": "00.10.32.16.040", "quadra_cartorio": "16", "lote_cartorio": "04", "matricula": "168142", "circunscricao": null, "zoneamento": null, "condominio": null, "area_geom": 200.0, "cnm": "062661.2.0168142-53" }, "geometry": { "type": "Polygon", "coordinates": [ [ [ -54.753209, -22.275716 ], [ -54.753199, -22.275806 ], [ -54.753006, -22.275788 ], [ -54.753016, -22.275698 ], [ -54.753209, -22.275716 ] ] ] } },
{ "type": "Feature", "properties": { "id": 127109, "insc_imob": "00.10.32.16.110", "quadra_cartorio": "16", "lote_cartorio": "11", "matricula": "168149", "circunscricao": null, "zoneamento": null, "condominio": null, "area_geom": 200.0, "cnm": "062661.2.0168149-32" }, "geometry": { "type": "Polygon", "coordinates": [ [ [ -54.753141, -22.276345 ], [ -54.753131, -22.276435 ], [ -54.752938, -22.276417 ], [ -54.752948, -22.276327 ], [ -54.753141, -22.276345 ] ] ] } },
{ "type": "Feature", "properties": { "id": 127110, "insc_imob": "00.10.32.16.100", "quadra_cartorio": "16", "lote_cartorio": "10", "matricula": "168148", "circunscricao": null, "zoneamento": null, "condominio": null, "area_geom": 200.0, "cnm": "062661.2.0168148-35" }, "geometry": { "type": "Polygon", "coordinates": [ [ [ -54.75315, -22.276255 ], [ -54.753141, -22.276345 ], [ -54.752948, -22.276327 ], [ -54.752957, -22.276237 ], [ -54.75315, -22.276255 ] ] ] } },
{ "type": "Feature", "properties": { "id": 126615, "insc_imob": "00.10.32.19.160", "quadra_cartorio": "19", "lote_cartorio": "16", "matricula": "168238", "circunscricao": null, "zoneamento": null, "condominio": null, "area_geom": 200.0, "cnm": "062661.2.0168238-56" }, "geometry": { "type": "Polygon", "coordinates": [ [ [ -54.751336, -22.276349 ], [ -54.751327, -22.276439 ], [ -54.751134, -22.276421 ], [ -54.751143, -22.276331 ], [ -54.751336, -22.276349 ] ] ] } },
{ "type": "Feature", "properties": { "id": 126616, "insc_imob": "00.10.32.19.230", "quadra_cartorio": "19", "lote_cartorio": "23", "matricula": "168245", "circunscricao": null, "zoneamento": null, "condominio": null, "area_geom": 200.0, "cnm": "062661.2.0168245-35" }, "geometry": { "type": "Polygon", "coordinates": [ [ [ -54.751405, -22.275721 ], [ -54.751395, -22.27581 ], [ -54.751202, -22.275792 ], [ -54.751212, -22.275702 ], [ -54.751405, -22.275721 ] ] ] } },
{ "type": "Feature", "properties": { "id": 126543, "insc_imob": "00.10.32.12.140", "quadra_cartorio": "12", "lote_cartorio": "14", "matricula": "168041", "circunscricao": null, "zoneamento": null, "condominio": null, "area_geom": 200.0, "cnm": "062661.2.0168041-65" }, "geometry": { "type": "Polygon", "coordinates": [ [ [ -54.755038, -22.276829 ], [ -54.755028, -22.276919 ], [ -54.754835, -22.2769 ], [ -54.754845, -22.276811 ], [ -54.755038, -22.276829 ] ] ] } },
{ "type": "Feature", "properties": { "id": 126544, "insc_imob": "00.10.32.13.040", "quadra_cartorio": "13", "lote_cartorio": "04", "matricula": "168058", "circunscricao": null, "zoneamento": null, "condominio": null, "area_geom": 200.0, "cnm": "062661.2.0168058-14" }, "geometry": { "type": "Polygon", "coordinates": [ [ [ -54.754801, -22.275874 ], [ -54.754791, -22.275963 ], [ -54.754598, -22.275945 ], [ -54.754608, -22.275855 ], [ -54.754801, -22.275874 ], [ -54.754801, -22.275874 ] ] ] } },
{ "type": "Feature", "properties": { "id": 126545, "insc_imob": "00.10.32.13.260", "quadra_cartorio": "13", "lote_cartorio": "26", "matricula": "168080", "circunscricao": null, "zoneamento": null, "condominio": null, "area_geom": 200.0, "cnm": "062661.2.0168080-45" }, "geometry": { "type": "Polygon", "coordinates": [ [ [ -54.754618, -22.275766 ], [ -54.754608, -22.275855 ], [ -54.754415, -22.275837 ], [ -54.754425, -22.275747 ], [ -54.754618, -22.275766 ] ] ] } },
{ "type": "Feature", "properties": { "id": 126546, "insc_imob": "00.10.32.13.030", "quadra_cartorio": "13", "lote_cartorio": "03", "matricula": "168057", "circunscricao": null, "zoneamento": null, "condominio": null, "area_geom": 200.0, "cnm": "062661.2.0168057-17" }, "geometry": { "type": "Polygon", "coordinates": [ [ [ -54.754811, -22.275784 ], [ -54.754801, -22.275874 ], [ -54.754608, -22.275855 ], [ -54.754618, -22.275766 ], [ -54.754811, -22.275784 ], [ -54.754811, -22.275784 ] ] ] } },
{ "type": "Feature", "properties": { "id": 126547, "insc_imob": "00.10.32.13.270", "quadra_cartorio": "13", "lote_cartorio": "27", "matricula": "168081", "circunscricao": null, "zoneamento": null, "condominio": null, "area_geom": 200.0, "cnm": "062661.2.0168081-42" }, "geometry": { "type": "Polygon", "coordinates": [ [ [ -54.754627, -22.275676 ], [ -54.754618, -22.275766 ], [ -54.754425, -22.275747 ], [ -54.754434, -22.275658 ], [ -54.754627, -22.275676 ] ] ] } },
{ "type": "Feature", "properties": { "id": 126548, "insc_imob": "00.10.32.12.190", "quadra_cartorio": "12", "lote_cartorio": "19", "matricula": "168046", "circunscricao": null, "zoneamento": null, "condominio": null, "area_geom": 200.0, "cnm": "062661.2.0168046-50" }, "geometry": { "type": "Polygon", "coordinates": [ [ [ -54.755087, -22.27638 ], [ -54.755077, -22.27647 ], [ -54.754884, -22.276451 ], [ -54.754894, -22.276362 ], [ -54.755087, -22.27638 ] ] ] } },
{ "type": "Feature", "properties": { "id": 126549, "insc_imob": "00.10.32.12.200", "quadra_cartorio": "12", "lote_cartorio": "20", "matricula": "168047", "circunscricao": null, "zoneamento": null, "condominio": null, "area_geom": 200.0, "cnm": "062661.2.0168047-47" }, "geometry": { "type": "Polygon", "coordinates": [ [ [ -54.755097, -22.27629 ], [ -54.755087, -22.27638 ], [ -54.754894, -22.276362 ], [ -54.754904, -22.276272 ], [ -54.755097, -22.27629 ] ] ] } },
{ "type": "Feature", "properties": { "id": 126550, "insc_imob": "00.10.32.12.210", "quadra_cartorio": "12", "lote_cartorio": "21", "matricula": "168048", "circunscricao": null, "zoneamento": null, "condominio": null, "area_geom": 200.0, "cnm": "062661.2.0168048-44" }, "geometry": { "type": "Polygon", "coordinates": [ [ [ -54.755106, -22.2762 ], [ -54.755097, -22.27629 ], [ -54.754904, -22.276272 ], [ -54.754913, -22.276182 ], [ -54.755106, -22.2762 ] ] ] } },
{ "type": "Feature", "properties": { "id": 126551, "insc_imob": "00.10.32.12.220", "quadra_cartorio": "12", "lote_cartorio": "22", "matricula": "168049", "circunscricao": null, "zoneamento": null, "condominio": null, "area_geom": 200.0, "cnm": "062661.2.0168049-41" }, "geometry": { "type": "Polygon", "coordinates": [ [ [ -54.755116, -22.27611 ], [ -54.755106, -22.2762 ], [ -54.754913, -22.276182 ], [ -54.754923, -22.276092 ], [ -54.755116, -22.27611 ] ] ] } },
{ "type": "Feature", "properties": { "id": 126552, "insc_imob": "00.10.32.12.150", "quadra_cartorio": "12", "lote_cartorio": "15", "matricula": "168042", "circunscricao": null, "zoneamento": null, "condominio": null, "area_geom": 200.0, "cnm": "062661.2.0168042-62" }, "geometry": { "type": "Polygon", "coordinates": [ [ [ -54.755048, -22.276739 ], [ -54.755038, -22.276829 ], [ -54.754845, -22.276811 ], [ -54.754855, -22.276721 ], [ -54.755048, -22.276739 ] ] ] } },
{ "type": "Feature", "properties": { "id": 126553, "insc_imob": "00.10.32.12.160", "quadra_cartorio": "12", "lote_cartorio": "16", "matricula": "168043", "circunscricao": null, "zoneamento": null, "condominio": null, "area_geom": 200.0, "cnm": "062661.2.0168043-59" }, "geometry": { "type": "Polygon", "coordinates": [ [ [ -54.755058, -22.276649 ], [ -54.755048, -22.276739 ], [ -54.754855, -22.276721 ], [ -54.754865, -22.276631 ], [ -54.755058, -22.276649 ] ] ] } },
{ "type": "Feature", "properties": { "id": 126554, "insc_imob": "00.10.32.12.170", "quadra_cartorio": "12", "lote_cartorio": "17", "matricula": "168044", "circunscricao": null, "zoneamento": null, "condominio": null, "area_geom": 200.0, "cnm": "062661.2.0168044-56" }, "geometry": { "type": "Polygon", "coordinates": [ [ [ -54.755067, -22.276559 ], [ -54.755058, -22.276649 ], [ -54.754865, -22.276631 ], [ -54.754874, -22.276541 ], [ -54.755067, -22.276559 ] ] ] } },
{ "type": "Feature", "properties": { "id": 126555, "insc_imob": "00.10.32.12.180", "quadra_cartorio": "12", "lote_cartorio": "18", "matricula": "168045", "circunscricao": null, "zoneamento": null, "condominio": null, "area_geom": 200.0, "cnm": "062661.2.0168045-53" }, "geometry": { "type": "Polygon", "coordinates": [ [ [ -54.755077, -22.27647 ], [ -54.755067, -22.276559 ], [ -54.754874, -22.276541 ], [ -54.754884, -22.276451 ], [ -54.755077, -22.27647 ] ] ] } },
{ "type": "Feature", "properties": { "id": 126556, "insc_imob": "00.10.32.14.120", "quadra_cartorio": "14", "lote_cartorio": "12", "matricula": "168094", "circunscricao": null, "zoneamento": null, "condominio": null, "area_geom": 200.0, "cnm": "062661.2.0168094-03" }, "geometry": { "type": "Polygon", "coordinates": [ [ [ -54.754192, -22.27654 ], [ -54.754182, -22.27663 ], [ -54.753989, -22.276611 ], [ -54.753999, -22.276522 ], [ -54.754192, -22.27654 ] ] ] } },
{ "type": "Feature", "properties": { "id": 126557, "insc_imob": "00.10.32.14.180", "quadra_cartorio": "14", "lote_cartorio": "18", "matricula": "168100", "circunscricao": null, "zoneamento": null, "condominio": null, "area_geom": 200.0, "cnm": "062661.2.0168100-82" }, "geometry": { "type": "Polygon", "coordinates": [ [ [ -54.754009, -22.276432 ], [ -54.753999, -22.276522 ], [ -54.753806, -22.276503 ], [ -54.753816, -22.276414 ], [ -54.754009, -22.276432 ] ] ] } },
{ "type": "Feature", "properties": { "id": 126558, "insc_imob": "00.10.32.14.110", "quadra_cartorio": "14", "lote_cartorio": "11", "matricula": "168093", "circunscricao": null, "zoneamento": null, "condominio": null, "area_geom": 200.0, "cnm": "062661.2.0168093-06" }, "geometry": { "type": "Polygon", "coordinates": [ [ [ -54.754202, -22.27645 ], [ -54.754192, -22.27654 ], [ -54.753999, -22.276522 ], [ -54.754009, -22.276432 ], [ -54.754202, -22.27645 ] ] ] } },
{ "type": "Feature", "properties": { "id": 126559, "insc_imob": "00.10.32.14.190", "quadra_cartorio": "14", "lote_cartorio": "19", "matricula": "168101", "circunscricao": null, "zoneamento": null, "condominio": null, "area_geom": 200.0, "cnm": "062661.2.0168101-79" }, "geometry": { "type": "Polygon", "coordinates": [ [ [ -54.754018, -22.276342 ], [ -54.754009, -22.276432 ], [ -54.753816, -22.276414 ], [ -54.753825, -22.276324 ], [ -54.754018, -22.276342 ] ] ] } },
{ "type": "Feature", "properties": { "id": 126560, "insc_imob": "00.10.32.14.140", "quadra_cartorio": "14", "lote_cartorio": "14", "matricula": "168096", "circunscricao": null, "zoneamento": null, "condominio": null, "area_geom": 261.0, "cnm": "062661.2.0168096-94" }, "geometry": { "type": "Polygon", "coordinates": [ [ [ -54.754172, -22.276719 ], [ -54.75416, -22.276837 ], [ -54.753967, -22.276818 ], [ -54.753979, -22.276701 ], [ -54.754172, -22.276719 ] ] ] } },
{ "type": "Feature", "properties": { "id": 126561, "insc_imob": "00.10.32.14.160", "quadra_cartorio": "14", "lote_cartorio": "16", "matricula": "168098", "circunscricao": null, "zoneamento": null, "condominio": null, "area_geom": 200.0, "cnm": "062661.2.0168098-88" }, "geometry": { "type": "Polygon", "coordinates": [ [ [ -54.753989, -22.276611 ], [ -54.753979, -22.276701 ], [ -54.753786, -22.276683 ], [ -54.753796, -22.276593 ], [ -54.753989, -22.276611 ] ] ] } },
{ "type": "Feature", "properties": { "id": 126562, "insc_imob": "00.10.32.14.130", "quadra_cartorio": "14", "lote_cartorio": "13", "matricula": "168095", "circunscricao": null, "zoneamento": null, "condominio": null, "area_geom": 200.0, "cnm": "062661.2.0168095-97" }, "geometry": { "type": "Polygon", "coordinates": [ [ [ -54.754182, -22.27663 ], [ -54.754172, -22.276719 ], [ -54.753979, -22.276701 ], [ -54.753989, -22.276611 ], [ -54.754182, -22.27663 ] ] ] } },
{ "type": "Feature", "properties": { "id": 126563, "insc_imob": "00.10.32.14.170", "quadra_cartorio": "14", "lote_cartorio": "17", "matricula": "168099", "circunscricao": null, "zoneamento": null, "condominio": null, "area_geom": 200.0, "cnm": "062661.2.0168099-85" }, "geometry": { "type": "Polygon", "coordinates": [ [ [ -54.753999, -22.276522 ], [ -54.753989, -22.276611 ], [ -54.753796, -22.276593 ], [ -54.753806, -22.276503 ], [ -54.753999, -22.276522 ] ] ] } },
{ "type": "Feature", "properties": { "id": 126564, "insc_imob": "00.10.32.14.080", "quadra_cartorio": "14", "lote_cartorio": "08", "matricula": "168090", "circunscricao": null, "zoneamento": null, "condominio": null, "area_geom": 200.0, "cnm": "062661.2.0168090-15" }, "geometry": { "type": "Polygon", "coordinates": [ [ [ -54.754231, -22.276181 ], [ -54.754221, -22.27627 ], [ -54.754028, -22.276252 ], [ -54.754038, -22.276162 ], [ -54.754231, -22.276181 ] ] ] } },
{ "type": "Feature", "properties": { "id": 126565, "insc_imob": "00.10.32.14.220", "quadra_cartorio": "14", "lote_cartorio": "22", "matricula": "168104", "circunscricao": null, "zoneamento": null, "condominio": null, "area_geom": 200.0, "cnm": "062661.2.0168104-70" }, "geometry": { "type": "Polygon", "coordinates": [ [ [ -54.754048, -22.276073 ], [ -54.754038, -22.276162 ], [ -54.753845, -22.276144 ], [ -54.753855, -22.276054 ], [ -54.754048, -22.276073 ] ] ] } },
{ "type": "Feature", "properties": { "id": 126566, "insc_imob": "00.10.32.14.070", "quadra_cartorio": "14", "lote_cartorio": "07", "matricula": "168089", "circunscricao": null, "zoneamento": null, "condominio": null, "area_geom": 200.0, "cnm": "062661.2.0168089-18" }, "geometry": { "type": "Polygon", "coordinates": [ [ [ -54.754241, -22.276091 ], [ -54.754231, -22.276181 ], [ -54.754038, -22.276162 ], [ -54.754048, -22.276073 ], [ -54.754241, -22.276091 ] ] ] } },
{ "type": "Feature", "properties": { "id": 76370, "insc_imob": "00.10.31.31.010", "quadra_cartorio": null, "lote_cartorio": "RET.A", "matricula": "138035", "circunscricao": "1º CIRCUNSCRIÇÃO", "zoneamento": "AUM - ÁREA DE USO MISTO", "condominio": null, "area_geom": 24.57, "cnm": "062661.2.0138035-67" }, "geometry": { "type": "Polygon", "coordinates": [ [ [ -54.760569, -22.274678 ], [ -54.760518, -22.274898 ], [ -54.76055, -22.274676 ], [ -54.760569, -22.274678 ] ] ] } },
{ "type": "Feature", "properties": { "id": 77434, "insc_imob": "00.10.21.80.010", "quadra_cartorio": null, "lote_cartorio": "AREA B2", "matricula": "141169", "circunscricao": "1º CIRCUNSCRIÇÃO", "zoneamento": null, "condominio": null, "area_geom": 252405.33, "cnm": "062661.2.0141169-74" }, "geometry": { "type": "Polygon", "coordinates": [ [ [ -54.758445, -22.284013 ], [ -54.758146, -22.285439 ], [ -54.761486, -22.288755 ], [ -54.760656, -22.289188 ], [ -54.759425, -22.290331 ], [ -54.758506, -22.290301 ], [ -54.75804, -22.29048 ], [ -54.755103, -22.285791 ], [ -54.755245, -22.28414 ], [ -54.75648, -22.283797 ], [ -54.758445, -22.284013 ] ] ] } },
{ "type": "Feature", "properties": { "id": 126567, "insc_imob": "00.10.32.14.230", "quadra_cartorio": "14", "lote_cartorio": "23", "matricula": "168105", "circunscricao": null, "zoneamento": null, "condominio": null, "area_geom": 200.0, "cnm": "062661.2.0168105-67" }, "geometry": { "type": "Polygon", "coordinates": [ [ [ -54.754058, -22.275983 ], [ -54.754048, -22.276073 ], [ -54.753855, -22.276054 ], [ -54.753865, -22.275964 ], [ -54.754058, -22.275983 ] ] ] } },
{ "type": "Feature", "properties": { "id": 126568, "insc_imob": "00.10.32.14.100", "quadra_cartorio": "14", "lote_cartorio": "10", "matricula": "168092", "circunscricao": null, "zoneamento": null, "condominio": null, "area_geom": 200.0, "cnm": "062661.2.0168092-09" }, "geometry": { "type": "Polygon", "coordinates": [ [ [ -54.754212, -22.27636 ], [ -54.754202, -22.27645 ], [ -54.754009, -22.276432 ], [ -54.754018, -22.276342 ], [ -54.754212, -22.27636 ] ] ] } },
{ "type": "Feature", "properties": { "id": 126569, "insc_imob": "00.10.32.14.200", "quadra_cartorio": "14", "lote_cartorio": "20", "matricula": "168102", "circunscricao": null, "zoneamento": null, "condominio": null, "area_geom": 200.0, "cnm": "062661.2.0168102-76" }, "geometry": { "type": "Polygon", "coordinates": [ [ [ -54.754028, -22.276252 ], [ -54.754018, -22.276342 ], [ -54.753825, -22.276324 ], [ -54.753835, -22.276234 ], [ -54.754028, -22.276252 ] ] ] } },
{ "type": "Feature", "properties": { "id": 126570, "insc_imob": "00.10.32.14.090", "quadra_cartorio": "14", "lote_cartorio": "09", "matricula": "168091", "circunscricao": null, "zoneamento": null, "condominio": null, "area_geom": 200.0, "cnm": "062661.2.0168091-12" }, "geometry": { "type": "Polygon", "coordinates": [ [ [ -54.754221, -22.27627 ], [ -54.754212, -22.27636 ], [ -54.754018, -22.276342 ], [ -54.754028, -22.276252 ], [ -54.754221, -22.27627 ] ] ] } },
{ "type": "Feature", "properties": { "id": 126571, "insc_imob": "00.10.32.14.210", "quadra_cartorio": "14", "lote_cartorio": "21", "matricula": "168103", "circunscricao": null, "zoneamento": null, "condominio": null, "area_geom": 200.0, "cnm": "062661.2.0168103-73" }, "geometry": { "type": "Polygon", "coordinates": [ [ [ -54.754038, -22.276162 ], [ -54.754028, -22.276252 ], [ -54.753835, -22.276234 ], [ -54.753845, -22.276144 ], [ -54.754038, -22.276162 ] ] ] } },
{ "type": "Feature", "properties": { "id": 126572, "insc_imob": "00.10.32.14.040", "quadra_cartorio": "14", "lote_cartorio": "04", "matricula": "168086", "circunscricao": null, "zoneamento": null, "condominio": null, "area_geom": 200.0, "cnm": "062661.2.0168086-27" }, "geometry": { "type": "Polygon", "coordinates": [ [ [ -54.75427, -22.275821 ], [ -54.75426, -22.275911 ], [ -54.754067, -22.275893 ], [ -54.754077, -22.275803 ], [ -54.75427, -22.275821 ] ] ] } },
{ "type": "Feature", "properties": { "id": 126573, "insc_imob": "00.10.32.14.260", "quadra_cartorio": "14", "lote_cartorio": "26", "matricula": "168108", "circunscricao": null, "zoneamento": null, "condominio": null, "area_geom": 200.0, "cnm": "062661.2.0168108-58" }, "geometry": { "type": "Polygon", "coordinates": [ [ [ -54.754087, -22.275713 ], [ -54.754077, -22.275803 ], [ -54.753884, -22.275785 ], [ -54.753894, -22.275695 ], [ -54.754087, -22.275713 ] ] ] } },
{ "type": "Feature", "properties": { "id": 126574, "insc_imob": "00.10.32.14.030", "quadra_cartorio": "14", "lote_cartorio": "03", "matricula": "168085", "circunscricao": null, "zoneamento": null, "condominio": null, "area_geom": 200.0, "cnm": "062661.2.0168085-30" }, "geometry": { "type": "Polygon", "coordinates": [ [ [ -54.75428, -22.275731 ], [ -54.75427, -22.275821 ], [ -54.754077, -22.275803 ], [ -54.754087, -22.275713 ], [ -54.75428, -22.275731 ] ] ] } },
{ "type": "Feature", "properties": { "id": 126575, "insc_imob": "00.10.32.14.270", "quadra_cartorio": "14", "lote_cartorio": "27", "matricula": "168109", "circunscricao": null, "zoneamento": null, "condominio": null, "area_geom": 200.0, "cnm": "062661.2.0168109-55" }, "geometry": { "type": "Polygon", "coordinates": [ [ [ -54.754097, -22.275623 ], [ -54.754087, -22.275713 ], [ -54.753894, -22.275695 ], [ -54.753904, -22.275605 ], [ -54.754097, -22.275623 ] ] ] } },
{ "type": "Feature", "properties": { "id": 126576, "insc_imob": "00.10.32.14.060", "quadra_cartorio": "14", "lote_cartorio": "06", "matricula": "168088", "circunscricao": null, "zoneamento": null, "condominio": null, "area_geom": 200.0, "cnm": "062661.2.0168088-21" }, "geometry": { "type": "Polygon", "coordinates": [ [ [ -54.754251, -22.276001 ], [ -54.754241, -22.276091 ], [ -54.754048, -22.276073 ], [ -54.754058, -22.275983 ], [ -54.754251, -22.276001 ] ] ] } },
{ "type": "Feature", "properties": { "id": 126577, "insc_imob": "00.10.32.14.240", "quadra_cartorio": "14", "lote_cartorio": "24", "matricula": "168106", "circunscricao": null, "zoneamento": null, "condominio": null, "area_geom": 200.0, "cnm": "062661.2.0168106-64" }, "geometry": { "type": "Polygon", "coordinates": [ [ [ -54.754067, -22.275893 ], [ -54.754058, -22.275983 ], [ -54.753865, -22.275964 ], [ -54.753874, -22.275875 ], [ -54.754067, -22.275893 ] ] ] } },
{ "type": "Feature", "properties": { "id": 126578, "insc_imob": "00.10.32.14.050", "quadra_cartorio": "14", "lote_cartorio": "05", "matricula": "168087", "circunscricao": null, "zoneamento": null, "condominio": null, "area_geom": 200.0, "cnm": "062661.2.0168087-24" }, "geometry": { "type": "Polygon", "coordinates": [ [ [ -54.75426, -22.275911 ], [ -54.754251, -22.276001 ], [ -54.754058, -22.275983 ], [ -54.754067, -22.275893 ], [ -54.75426, -22.275911 ] ] ] } },
{ "type": "Feature", "properties": { "id": 79397, "insc_imob": "00.10.32.01.011", "quadra_cartorio": null, "lote_cartorio": "GLEBA BR", "matricula": "166132", "circunscricao": "1º CIRCUNSCRIÇÃO", "zoneamento": "AUM - ÁREA DE USO MISTO", "condominio": null, "area_geom": 571669.67, "cnm": "062661.2.0166132-69" }, "geometry": { "type": "Polygon", "coordinates": [ [ [ -54.754644, -22.278644 ], [ -54.754703, -22.278196 ], [ -54.754896, -22.278218 ], [ -54.755038, -22.277143 ], [ -54.755616, -22.277209 ], [ -54.754715, -22.285592 ], [ -54.757723, -22.29062 ], [ -54.756979, -22.290732 ], [ -54.756394, -22.291215 ], [ -54.756335, -22.291472 ], [ -54.754878, -22.293615 ], [ -54.754488, -22.294032 ], [ -54.754092, -22.294439 ], [ -54.751085, -22.279601 ], [ -54.751145, -22.279608 ], [ -54.751323, -22.278264 ], [ -54.754644, -22.278644 ] ] ] } },
{ "type": "Feature", "properties": { "id": 76673, "insc_imob": "00.10.31.38.040", "quadra_cartorio": null, "lote_cartorio": "04", "matricula": "143381", "circunscricao": "1º CIRCUNSCRIÇÃO", "zoneamento": "AUM - ÁREA DE USO MISTO", "condominio": null, "area_geom": 200.0, "cnm": "062661.2.0143381-34" }, "geometry": { "type": "Polygon", "coordinates": [ [ [ -54.756978, -22.274526 ], [ -54.756973, -22.274562 ], [ -54.756965, -22.274615 ], [ -54.756773, -22.274592 ], [ -54.756785, -22.274502 ], [ -54.756978, -22.274526 ] ] ] } },
{ "type": "Feature", "properties": { "id": 76674, "insc_imob": "00.10.31.38.030", "quadra_cartorio": null, "lote_cartorio": "03", "matricula": "143380", "circunscricao": "1º CIRCUNSCRIÇÃO", "zoneamento": "AUM - ÁREA DE USO MISTO", "condominio": null, "area_geom": 200.0, "cnm": "062661.2.0143380-37" }, "geometry": { "type": "Polygon", "coordinates": [ [ [ -54.756991, -22.274436 ], [ -54.756988, -22.274454 ], [ -54.756978, -22.274526 ], [ -54.756785, -22.274502 ], [ -54.756798, -22.274413 ], [ -54.756991, -22.274436 ] ] ] } },
{ "type": "Feature", "properties": { "id": 76675, "insc_imob": "00.10.31.38.020", "quadra_cartorio": null, "lote_cartorio": "02", "matricula": "143379", "circunscricao": "1º CIRCUNSCRIÇÃO", "zoneamento": "AUM - ÁREA DE USO MISTO", "condominio": null, "area_geom": 200.0, "cnm": "062661.2.0143379-40" }, "geometry": { "type": "Polygon", "coordinates": [ [ [ -54.757003, -22.274347 ], [ -54.756991, -22.274436 ], [ -54.756798, -22.274413 ], [ -54.756811, -22.274323 ], [ -54.757003, -22.274347 ] ] ] } },
{ "type": "Feature", "properties": { "id": 76676, "insc_imob": "00.10.31.38.010", "quadra_cartorio": null, "lote_cartorio": "01", "matricula": "143378", "circunscricao": "1º CIRCUNSCRIÇÃO", "zoneamento": "AUM - ÁREA DE USO MISTO", "condominio": null, "area_geom": 240.0, "cnm": "062661.2.0143378-43" }, "geometry": { "type": "Polygon", "coordinates": [ [ [ -54.757019, -22.274239 ], [ -54.757003, -22.274347 ], [ -54.756811, -22.274323 ], [ -54.756826, -22.274216 ], [ -54.757019, -22.274239 ] ] ] } },
{ "type": "Feature", "properties": { "id": 126579, "insc_imob": "00.10.32.14.250", "quadra_cartorio": "14", "lote_cartorio": "25", "matricula": "168107", "circunscricao": null, "zoneamento": null, "condominio": null, "area_geom": 200.0, "cnm": "062661.2.0168107-61" }, "geometry": { "type": "Polygon", "coordinates": [ [ [ -54.754077, -22.275803 ], [ -54.754067, -22.275893 ], [ -54.753874, -22.275875 ], [ -54.753884, -22.275785 ], [ -54.754077, -22.275803 ] ] ] } },
{ "type": "Feature", "properties": { "id": 126580, "insc_imob": "00.10.32.13.140", "quadra_cartorio": "13", "lote_cartorio": "14", "matricula": "168068", "circunscricao": null, "zoneamento": null, "condominio": null, "area_geom": 256.0, "cnm": "062661.2.0168068-81" }, "geometry": { "type": "Polygon", "coordinates": [ [ [ -54.754703, -22.276772 ], [ -54.75469, -22.276887 ], [ -54.754497, -22.276869 ], [ -54.75451, -22.276754 ], [ -54.754703, -22.276772 ] ] ] } },
{ "type": "Feature", "properties": { "id": 126581, "insc_imob": "00.10.32.13.160", "quadra_cartorio": "13", "lote_cartorio": "16", "matricula": "168070", "circunscricao": null, "zoneamento": null, "condominio": null, "area_geom": 200.0, "cnm": "062661.2.0168070-75" }, "geometry": { "type": "Polygon", "coordinates": [ [ [ -54.75452, -22.276664 ], [ -54.75451, -22.276754 ], [ -54.754317, -22.276735 ], [ -54.754327, -22.276646 ], [ -54.75452, -22.276664 ] ] ] } },
{ "type": "Feature", "properties": { "id": 126582, "insc_imob": "00.10.32.13.130", "quadra_cartorio": "13", "lote_cartorio": "13", "matricula": "168067", "circunscricao": null, "zoneamento": null, "condominio": null, "area_geom": 200.0, "cnm": "062661.2.0168067-84" }, "geometry": { "type": "Polygon", "coordinates": [ [ [ -54.754713, -22.276682 ], [ -54.754703, -22.276772 ], [ -54.75451, -22.276754 ], [ -54.75452, -22.276664 ], [ -54.754713, -22.276682 ] ] ] } },
{ "type": "Feature", "properties": { "id": 126583, "insc_imob": "00.10.32.13.170", "quadra_cartorio": "13", "lote_cartorio": "17", "matricula": "168071", "circunscricao": null, "zoneamento": null, "condominio": null, "area_geom": 200.0, "cnm": "062661.2.0168071-72" }, "geometry": { "type": "Polygon", "coordinates": [ [ [ -54.754529, -22.276574 ], [ -54.75452, -22.276664 ], [ -54.754327, -22.276646 ], [ -54.754336, -22.276556 ], [ -54.754529, -22.276574 ] ] ] } },
{ "type": "Feature", "properties": { "id": 126584, "insc_imob": "00.10.32.14.020", "quadra_cartorio": "14", "lote_cartorio": "02", "matricula": "168084", "circunscricao": null, "zoneamento": null, "condominio": null, "area_geom": 200.0, "cnm": "062661.2.0168084-33" }, "geometry": { "type": "Polygon", "coordinates": [ [ [ -54.75429, -22.275642 ], [ -54.75428, -22.275731 ], [ -54.754087, -22.275713 ], [ -54.754097, -22.275623 ], [ -54.75429, -22.275642 ] ] ] } },
{ "type": "Feature", "properties": { "id": 126585, "insc_imob": "00.10.32.14.280", "quadra_cartorio": "14", "lote_cartorio": "28", "matricula": "168110", "circunscricao": null, "zoneamento": null, "condominio": null, "area_geom": 263.62, "cnm": "062661.2.0168110-52" }, "geometry": { "type": "Polygon", "coordinates": [ [ [ -54.75411, -22.275506 ], [ -54.754097, -22.275623 ], [ -54.753904, -22.275605 ], [ -54.753917, -22.275486 ], [ -54.75411, -22.275506 ] ] ] } },
{ "type": "Feature", "properties": { "id": 126586, "insc_imob": "00.10.32.14.010", "quadra_cartorio": "14", "lote_cartorio": "01", "matricula": "168083", "circunscricao": null, "zoneamento": null, "condominio": null, "area_geom": 259.87, "cnm": "062661.2.0168083-36" }, "geometry": { "type": "Polygon", "coordinates": [ [ [ -54.754302, -22.275526 ], [ -54.75429, -22.275642 ], [ -54.754097, -22.275623 ], [ -54.75411, -22.275506 ], [ -54.754302, -22.275526 ] ] ] } },
{ "type": "Feature", "properties": { "id": 126587, "insc_imob": "00.10.32.13.150", "quadra_cartorio": "13", "lote_cartorio": "15", "matricula": "168069", "circunscricao": null, "zoneamento": null, "condominio": null, "area_geom": 256.0, "cnm": "062661.2.0168069-78" }, "geometry": { "type": "Polygon", "coordinates": [ [ [ -54.75451, -22.276754 ], [ -54.754497, -22.276869 ], [ -54.754304, -22.27685 ], [ -54.754317, -22.276735 ], [ -54.75451, -22.276754 ] ] ] } },
{ "type": "Feature", "properties": { "id": 126588, "insc_imob": "00.10.32.21.050", "quadra_cartorio": "21", "lote_cartorio": "05", "matricula": "168261", "circunscricao": null, "zoneamento": null, "condominio": null, "area_geom": 306.25, "cnm": "062661.2.0168261-84" }, "geometry": { "type": "Polygon", "coordinates": [ [ [ -54.750589, -22.276137 ], [ -54.75057, -22.276316 ], [ -54.750451, -22.276305 ], [ -54.750413, -22.27612 ], [ -54.750589, -22.276137 ] ] ] } },
{ "type": "Feature", "properties": { "id": 126589, "insc_imob": "00.10.32.21.070", "quadra_cartorio": "21", "lote_cartorio": "07", "matricula": "168263", "circunscricao": null, "zoneamento": null, "condominio": null, "area_geom": 200.0, "cnm": "062661.2.0168263-78" }, "geometry": { "type": "Polygon", "coordinates": [ [ [ -54.750705, -22.276329 ], [ -54.750685, -22.276509 ], [ -54.750589, -22.2765 ], [ -54.750608, -22.27632 ], [ -54.750676, -22.276326 ], [ -54.750705, -22.276329 ] ] ] } },
{ "type": "Feature", "properties": { "id": 126590, "insc_imob": "00.10.32.21.040", "quadra_cartorio": "21", "lote_cartorio": "04", "matricula": "168260", "circunscricao": null, "zoneamento": null, "condominio": null, "area_geom": 220.0, "cnm": "062661.2.0168260-87" }, "geometry": { "type": "Polygon", "coordinates": [ [ [ -54.750695, -22.276147 ], [ -54.750676, -22.276326 ], [ -54.750608, -22.27632 ], [ -54.75057, -22.276316 ], [ -54.750589, -22.276137 ], [ -54.750695, -22.276147 ] ] ] } },
{ "type": "Feature", "properties": { "id": 126591, "insc_imob": "00.10.32.21.080", "quadra_cartorio": "21", "lote_cartorio": "08", "matricula": "168264", "circunscricao": null, "zoneamento": null, "condominio": null, "area_geom": 200.0, "cnm": "062661.2.0168264-75" }, "geometry": { "type": "Polygon", "coordinates": [ [ [ -54.750801, -22.276338 ], [ -54.750782, -22.276518 ], [ -54.750685, -22.276509 ], [ -54.750705, -22.276329 ], [ -54.750782, -22.276336 ], [ -54.750801, -22.276338 ] ] ] } },
{ "type": "Feature", "properties": { "id": 126592, "insc_imob": "00.10.32.22.030", "quadra_cartorio": "22", "lote_cartorio": "03", "matricula": "168269", "circunscricao": null, "zoneamento": null, "condominio": null, "area_geom": 200.16, "cnm": "062661.2.0168269-60" }, "geometry": { "type": "Polygon", "coordinates": [ [ [ -54.754994, -22.277233 ], [ -54.754984, -22.277323 ], [ -54.754791, -22.277305 ], [ -54.754801, -22.277215 ], [ -54.754994, -22.277233 ] ] ] } },
{ "type": "Feature", "properties": { "id": 126593, "insc_imob": "00.10.32.22.020", "quadra_cartorio": "22", "lote_cartorio": "02", "matricula": "168268", "circunscricao": null, "zoneamento": null, "condominio": null, "area_geom": 200.14, "cnm": "062661.2.0168268-63" }, "geometry": { "type": "Polygon", "coordinates": [ [ [ -54.755004, -22.277143 ], [ -54.754994, -22.277233 ], [ -54.754801, -22.277215 ], [ -54.754811, -22.277125 ], [ -54.755004, -22.277143 ] ] ] } },
{ "type": "Feature", "properties": { "id": 126594, "insc_imob": "00.10.32.22.010", "quadra_cartorio": "22", "lote_cartorio": "01", "matricula": "168267", "circunscricao": null, "zoneamento": null, "condominio": null, "area_geom": 200.01, "cnm": "062661.2.0168267-66" }, "geometry": { "type": "Polygon", "coordinates": [ [ [ -54.755014, -22.277054 ], [ -54.755004, -22.277143 ], [ -54.754811, -22.277125 ], [ -54.75482, -22.277035 ], [ -54.755014, -22.277054 ], [ -54.755014, -22.277054 ] ] ] } },
{ "type": "Feature", "properties": { "id": 126595, "insc_imob": "00.10.32.21.060", "quadra_cartorio": "21", "lote_cartorio": "06", "matricula": "168262", "circunscricao": null, "zoneamento": null, "condominio": null, "area_geom": 267.79, "cnm": "062661.2.0168262-81" }, "geometry": { "type": "Polygon", "coordinates": [ [ [ -54.750608, -22.27632 ], [ -54.750589, -22.2765 ], [ -54.750488, -22.27649 ], [ -54.750451, -22.276305 ], [ -54.75057, -22.276316 ], [ -54.750608, -22.27632 ] ] ] } },
{ "type": "Feature", "properties": { "id": 126596, "insc_imob": "00.10.32.21.010", "quadra_cartorio": "21", "lote_cartorio": "01", "matricula": "168257", "circunscricao": null, "zoneamento": null, "condominio": null, "area_geom": 220.0, "cnm": "062661.2.0168257-96" }, "geometry": { "type": "Polygon", "coordinates": [ [ [ -54.751014, -22.276177 ], [ -54.750994, -22.276357 ], [ -54.750898, -22.276347 ], [ -54.750888, -22.276347 ], [ -54.750908, -22.276167 ], [ -54.751014, -22.276177 ] ] ] } },
{ "type": "Feature", "properties": { "id": 126597, "insc_imob": "00.10.32.20.060", "quadra_cartorio": "20", "lote_cartorio": "06-AI.II", "matricula": "168256", "circunscricao": null, "zoneamento": null, "condominio": null, "area_geom": 6625.86, "cnm": "062661.2.0168256-02" }, "geometry": { "type": "Polygon", "coordinates": [ [ [ -54.751121, -22.275197 ], [ -54.751048, -22.275862 ], [ -54.750952, -22.275853 ], [ -54.750855, -22.275844 ], [ -54.750759, -22.275835 ], [ -54.750662, -22.275826 ], [ -54.750566, -22.275817 ], [ -54.750546, -22.275997 ], [ -54.750385, -22.275981 ], [ -54.750206, -22.275103 ], [ -54.751121, -22.275197 ] ] ] } },
{ "type": "Feature", "properties": { "id": 126598, "insc_imob": "00.10.32.20.050", "quadra_cartorio": "20", "lote_cartorio": "05", "matricula": "168255", "circunscricao": null, "zoneamento": null, "condominio": null, "area_geom": 200.0, "cnm": "062661.2.0168255-05" }, "geometry": { "type": "Polygon", "coordinates": [ [ [ -54.750662, -22.275826 ], [ -54.750643, -22.276006 ], [ -54.750546, -22.275997 ], [ -54.750566, -22.275817 ], [ -54.750662, -22.275826 ] ] ] } },
{ "type": "Feature", "properties": { "id": 126599, "insc_imob": "00.10.32.20.040", "quadra_cartorio": "20", "lote_cartorio": "04", "matricula": "168254", "circunscricao": null, "zoneamento": null, "condominio": null, "area_geom": 200.0, "cnm": "062661.2.0168254-08" }, "geometry": { "type": "Polygon", "coordinates": [ [ [ -54.750759, -22.275835 ], [ -54.750739, -22.276015 ], [ -54.750643, -22.276006 ], [ -54.750662, -22.275826 ], [ -54.750759, -22.275835 ] ] ] } },
{ "type": "Feature", "properties": { "id": 126600, "insc_imob": "00.10.32.21.030", "quadra_cartorio": "21", "lote_cartorio": "03", "matricula": "168259", "circunscricao": null, "zoneamento": null, "condominio": null, "area_geom": 220.0, "cnm": "062661.2.0168259-90" }, "geometry": { "type": "Polygon", "coordinates": [ [ [ -54.750802, -22.276157 ], [ -54.750782, -22.276336 ], [ -54.750705, -22.276329 ], [ -54.750676, -22.276326 ], [ -54.750695, -22.276147 ], [ -54.750802, -22.276157 ] ] ] } },
{ "type": "Feature", "properties": { "id": 126601, "insc_imob": "00.10.32.21.090", "quadra_cartorio": "21", "lote_cartorio": "09", "matricula": "168265", "circunscricao": null, "zoneamento": null, "condominio": null, "area_geom": 200.0, "cnm": "062661.2.0168265-72" }, "geometry": { "type": "Polygon", "coordinates": [ [ [ -54.750898, -22.276347 ], [ -54.750878, -22.276527 ], [ -54.750782, -22.276518 ], [ -54.750801, -22.276338 ], [ -54.750888, -22.276347 ], [ -54.750898, -22.276347 ] ] ] } },
{ "type": "Feature", "properties": { "id": 76677, "insc_imob": "00.10.31.38.230", "quadra_cartorio": null, "lote_cartorio": "23", "matricula": "143400", "circunscricao": "1º CIRCUNSCRIÇÃO", "zoneamento": "AUM - ÁREA DE USO MISTO", "condominio": null, "area_geom": 300.0, "cnm": "062661.2.0143400-74" }, "geometry": { "type": "Polygon", "coordinates": [ [ [ -54.757213, -22.274591 ], [ -54.757198, -22.274699 ], [ -54.756957, -22.274669 ], [ -54.756965, -22.274615 ], [ -54.756973, -22.274562 ], [ -54.757213, -22.274591 ] ] ] } },
{ "type": "Feature", "properties": { "id": 76678, "insc_imob": "00.10.31.38.220", "quadra_cartorio": null, "lote_cartorio": "22", "matricula": "143399", "circunscricao": "1º CIRCUNSCRIÇÃO", "zoneamento": "AUM - ÁREA DE USO MISTO", "condominio": null, "area_geom": 300.0, "cnm": "062661.2.0143399-77" }, "geometry": { "type": "Polygon", "coordinates": [ [ [ -54.757198, -22.274699 ], [ -54.757182, -22.274806 ], [ -54.756942, -22.274776 ], [ -54.756952, -22.274705 ], [ -54.756957, -22.274669 ], [ -54.757198, -22.274699 ] ] ] } },
{ "type": "Feature", "properties": { "id": 76679, "insc_imob": "00.10.31.38.210", "quadra_cartorio": null, "lote_cartorio": "21", "matricula": "143398", "circunscricao": "1º CIRCUNSCRIÇÃO", "zoneamento": "AUM - ÁREA DE USO MISTO", "condominio": null, "area_geom": 300.0, "cnm": "062661.2.0143398-80" }, "geometry": { "type": "Polygon", "coordinates": [ [ [ -54.757182, -22.274806 ], [ -54.757167, -22.274913 ], [ -54.756927, -22.274884 ], [ -54.756939, -22.274794 ], [ -54.756942, -22.274776 ], [ -54.757182, -22.274806 ] ] ] } },
{ "type": "Feature", "properties": { "id": 76680, "insc_imob": "00.10.31.38.200", "quadra_cartorio": null, "lote_cartorio": "20", "matricula": "143397", "circunscricao": "1º CIRCUNSCRIÇÃO", "zoneamento": "AUM - ÁREA DE USO MISTO", "condominio": null, "area_geom": 300.0, "cnm": "062661.2.0143397-83" }, "geometry": { "type": "Polygon", "coordinates": [ [ [ -54.757167, -22.274913 ], [ -54.757152, -22.275021 ], [ -54.756911, -22.274991 ], [ -54.756914, -22.274973 ], [ -54.756927, -22.274884 ], [ -54.757167, -22.274913 ] ] ] } },
{ "type": "Feature", "properties": { "id": 76681, "insc_imob": "00.10.31.38.190", "quadra_cartorio": null, "lote_cartorio": "19", "matricula": "143396", "circunscricao": "1º CIRCUNSCRIÇÃO", "zoneamento": "AUM - ÁREA DE USO MISTO", "condominio": null, "area_geom": 300.0, "cnm": "062661.2.0143396-86" }, "geometry": { "type": "Polygon", "coordinates": [ [ [ -54.757152, -22.275021 ], [ -54.757136, -22.275128 ], [ -54.756896, -22.275099 ], [ -54.756901, -22.275063 ], [ -54.756911, -22.274991 ], [ -54.757152, -22.275021 ] ] ] } },
{ "type": "Feature", "properties": { "id": 76682, "insc_imob": "00.10.31.38.180", "quadra_cartorio": null, "lote_cartorio": "18", "matricula": "143395", "circunscricao": "1º CIRCUNSCRIÇÃO", "zoneamento": "AUM - ÁREA DE USO MISTO", "condominio": null, "area_geom": 300.0, "cnm": "062661.2.0143395-89" }, "geometry": { "type": "Polygon", "coordinates": [ [ [ -54.757136, -22.275128 ], [ -54.757121, -22.275236 ], [ -54.756881, -22.275206 ], [ -54.756888, -22.275152 ], [ -54.756896, -22.275099 ], [ -54.757136, -22.275128 ] ] ] } },
{ "type": "Feature", "properties": { "id": 76683, "insc_imob": "00.10.31.38.170", "quadra_cartorio": null, "lote_cartorio": "17", "matricula": "143394", "circunscricao": "1º CIRCUNSCRIÇÃO", "zoneamento": "AUM - ÁREA DE USO MISTO", "condominio": null, "area_geom": 300.0, "cnm": "062661.2.0143394-92" }, "geometry": { "type": "Polygon", "coordinates": [ [ [ -54.757121, -22.275236 ], [ -54.757106, -22.275343 ], [ -54.756865, -22.275313 ], [ -54.756876, -22.275242 ], [ -54.756881, -22.275206 ], [ -54.757121, -22.275236 ] ] ] } },
{ "type": "Feature", "properties": { "id": 76684, "insc_imob": "00.10.31.38.160", "quadra_cartorio": null, "lote_cartorio": "16", "matricula": "143393", "circunscricao": "1º CIRCUNSCRIÇÃO", "zoneamento": "AUM - ÁREA DE USO MISTO", "condominio": null, "area_geom": 300.0, "cnm": "062661.2.0143393-95" }, "geometry": { "type": "Polygon", "coordinates": [ [ [ -54.757106, -22.275343 ], [ -54.75709, -22.27545 ], [ -54.75685, -22.275421 ], [ -54.756863, -22.275331 ], [ -54.756865, -22.275313 ], [ -54.757106, -22.275343 ] ] ] } },
{ "type": "Feature", "properties": { "id": 76685, "insc_imob": "00.10.31.38.260", "quadra_cartorio": null, "lote_cartorio": "26", "matricula": "143403", "circunscricao": "1º CIRCUNSCRIÇÃO", "zoneamento": "AUM - ÁREA DE USO MISTO", "condominio": null, "area_geom": 300.0, "cnm": "062661.2.0143403-65" }, "geometry": { "type": "Polygon", "coordinates": [ [ [ -54.757259, -22.274269 ], [ -54.757244, -22.274377 ], [ -54.757003, -22.274347 ], [ -54.757019, -22.274239 ], [ -54.757259, -22.274269 ] ] ] } },
{ "type": "Feature", "properties": { "id": 76686, "insc_imob": "00.10.31.38.250", "quadra_cartorio": null, "lote_cartorio": "25", "matricula": "143402", "circunscricao": "1º CIRCUNSCRIÇÃO", "zoneamento": "AUM - ÁREA DE USO MISTO", "condominio": null, "area_geom": 300.0, "cnm": "062661.2.0143402-68" }, "geometry": { "type": "Polygon", "coordinates": [ [ [ -54.757244, -22.274377 ], [ -54.757228, -22.274484 ], [ -54.756988, -22.274454 ], [ -54.756991, -22.274436 ], [ -54.757003, -22.274347 ], [ -54.757244, -22.274377 ] ] ] } },
{ "type": "Feature", "properties": { "id": 76687, "insc_imob": "00.10.31.38.240", "quadra_cartorio": null, "lote_cartorio": "24", "matricula": "143401", "circunscricao": "1º CIRCUNSCRIÇÃO", "zoneamento": "AUM - ÁREA DE USO MISTO", "condominio": null, "area_geom": 300.0, "cnm": "062661.2.0143401-71" }, "geometry": { "type": "Polygon", "coordinates": [ [ [ -54.757228, -22.274484 ], [ -54.757213, -22.274591 ], [ -54.756973, -22.274562 ], [ -54.756978, -22.274526 ], [ -54.756988, -22.274454 ], [ -54.757228, -22.274484 ] ] ] } },
{ "type": "Feature", "properties": { "id": 76277, "insc_imob": "00.10.31.14.090", "quadra_cartorio": null, "lote_cartorio": "09", "matricula": "143095", "circunscricao": "1º CIRCUNSCRIÇÃO", "zoneamento": "AUM - ÁREA DE USO MISTO", "condominio": null, "area_geom": 200.0, "cnm": "062661.2.0143095-19" }, "geometry": { "type": "Polygon", "coordinates": [ [ [ -54.759312, -22.274022 ], [ -54.759299, -22.274111 ], [ -54.759107, -22.274088 ], [ -54.75912, -22.273998 ], [ -54.759312, -22.274022 ] ] ] } },
{ "type": "Feature", "properties": { "id": 76278, "insc_imob": "00.10.31.14.100", "quadra_cartorio": null, "lote_cartorio": "10", "matricula": "143096", "circunscricao": "1º CIRCUNSCRIÇÃO", "zoneamento": "AUM - ÁREA DE USO MISTO", "condominio": null, "area_geom": 200.0, "cnm": "062661.2.0143096-16" }, "geometry": { "type": "Polygon", "coordinates": [ [ [ -54.759299, -22.274111 ], [ -54.759286, -22.274201 ], [ -54.759094, -22.274177 ], [ -54.759107, -22.274088 ], [ -54.759299, -22.274111 ] ] ] } },
{ "type": "Feature", "properties": { "id": 76279, "insc_imob": "00.10.31.14.110", "quadra_cartorio": null, "lote_cartorio": "11", "matricula": "143097", "circunscricao": "1º CIRCUNSCRIÇÃO", "zoneamento": "AUM - ÁREA DE USO MISTO", "condominio": null, "area_geom": 200.0, "cnm": "062661.2.0143097-13" }, "geometry": { "type": "Polygon", "coordinates": [ [ [ -54.759286, -22.274201 ], [ -54.759274, -22.27429 ], [ -54.759081, -22.274267 ], [ -54.759094, -22.274177 ], [ -54.759286, -22.274201 ] ] ] } },
{ "type": "Feature", "properties": { "id": 76280, "insc_imob": "00.10.31.14.120", "quadra_cartorio": null, "lote_cartorio": "12", "matricula": "143098", "circunscricao": "1º CIRCUNSCRIÇÃO", "zoneamento": "AUM - ÁREA DE USO MISTO", "condominio": null, "area_geom": 200.0, "cnm": "062661.2.0143098-10" }, "geometry": { "type": "Polygon", "coordinates": [ [ [ -54.759274, -22.27429 ], [ -54.759261, -22.27438 ], [ -54.759069, -22.274356 ], [ -54.759081, -22.274267 ], [ -54.759274, -22.27429 ] ] ] } },
{ "type": "Feature", "properties": { "id": 76281, "insc_imob": "00.10.31.14.220", "quadra_cartorio": null, "lote_cartorio": "22", "matricula": "143108", "circunscricao": "1º CIRCUNSCRIÇÃO", "zoneamento": "AUM - ÁREA DE USO MISTO", "condominio": null, "area_geom": 200.0, "cnm": "062661.2.0143108-77" }, "geometry": { "type": "Polygon", "coordinates": [ [ [ -54.759581, -22.273509 ], [ -54.759568, -22.273598 ], [ -54.759376, -22.273574 ], [ -54.759389, -22.273485 ], [ -54.759581, -22.273509 ] ] ] } },
{ "type": "Feature", "properties": { "id": 76282, "insc_imob": "00.10.31.14.210", "quadra_cartorio": null, "lote_cartorio": "21", "matricula": "143107", "circunscricao": "1º CIRCUNSCRIÇÃO", "zoneamento": "AUM - ÁREA DE USO MISTO", "condominio": null, "area_geom": 200.0, "cnm": "062661.2.0143107-80" }, "geometry": { "type": "Polygon", "coordinates": [ [ [ -54.759568, -22.273598 ], [ -54.759555, -22.273688 ], [ -54.759363, -22.273664 ], [ -54.759376, -22.273574 ], [ -54.759568, -22.273598 ] ] ] } },
{ "type": "Feature", "properties": { "id": 76283, "insc_imob": "00.10.31.14.200", "quadra_cartorio": null, "lote_cartorio": "20", "matricula": "143106", "circunscricao": "1º CIRCUNSCRIÇÃO", "zoneamento": "AUM - ÁREA DE USO MISTO", "condominio": null, "area_geom": 200.0, "cnm": "062661.2.0143106-83" }, "geometry": { "type": "Polygon", "coordinates": [ [ [ -54.759555, -22.273688 ], [ -54.759543, -22.273777 ], [ -54.75935, -22.273753 ], [ -54.759363, -22.273664 ], [ -54.759555, -22.273688 ] ] ] } },
{ "type": "Feature", "properties": { "id": 76284, "insc_imob": "00.10.31.14.190", "quadra_cartorio": null, "lote_cartorio": "19", "matricula": "143105", "circunscricao": "1º CIRCUNSCRIÇÃO", "zoneamento": "AUM - ÁREA DE USO MISTO", "condominio": null, "area_geom": 200.0, "cnm": "062661.2.0143105-86" }, "geometry": { "type": "Polygon", "coordinates": [ [ [ -54.759543, -22.273777 ], [ -54.75953, -22.273867 ], [ -54.759338, -22.273843 ], [ -54.75935, -22.273753 ], [ -54.759543, -22.273777 ] ] ] } },
{ "type": "Feature", "properties": { "id": 76285, "insc_imob": "00.10.31.14.180", "quadra_cartorio": null, "lote_cartorio": "18", "matricula": "143104", "circunscricao": "1º CIRCUNSCRIÇÃO", "zoneamento": "AUM - ÁREA DE USO MISTO", "condominio": null, "area_geom": 200.0, "cnm": "062661.2.0143104-89" }, "geometry": { "type": "Polygon", "coordinates": [ [ [ -54.75953, -22.273867 ], [ -54.759517, -22.273956 ], [ -54.759325, -22.273932 ], [ -54.759338, -22.273843 ], [ -54.75953, -22.273867 ] ] ] } },
{ "type": "Feature", "properties": { "id": 76286, "insc_imob": "00.10.31.14.170", "quadra_cartorio": null, "lote_cartorio": "17", "matricula": "143103", "circunscricao": "1º CIRCUNSCRIÇÃO", "zoneamento": "AUM - ÁREA DE USO MISTO", "condominio": null, "area_geom": 200.0, "cnm": "062661.2.0143103-92" }, "geometry": { "type": "Polygon", "coordinates": [ [ [ -54.759517, -22.273956 ], [ -54.759504, -22.274046 ], [ -54.759312, -22.274022 ], [ -54.759325, -22.273932 ], [ -54.759517, -22.273956 ] ] ] } },
{ "type": "Feature", "properties": { "id": 76287, "insc_imob": "00.10.31.14.160", "quadra_cartorio": null, "lote_cartorio": "16", "matricula": "143102", "circunscricao": "1º CIRCUNSCRIÇÃO", "zoneamento": "AUM - ÁREA DE USO MISTO", "condominio": null, "area_geom": 200.0, "cnm": "062661.2.0143102-95" }, "geometry": { "type": "Polygon", "coordinates": [ [ [ -54.759504, -22.274046 ], [ -54.759492, -22.274135 ], [ -54.759299, -22.274111 ], [ -54.759312, -22.274022 ], [ -54.759504, -22.274046 ] ] ] } },
{ "type": "Feature", "properties": { "id": 76256, "insc_imob": "00.10.31.12.120", "quadra_cartorio": null, "lote_cartorio": "12", "matricula": "143052", "circunscricao": "1º CIRCUNSCRIÇÃO", "zoneamento": "AUM - ÁREA DE USO MISTO", "condominio": null, "area_geom": 200.0, "cnm": "062661.2.0143052-51" }, "geometry": { "type": "Polygon", "coordinates": [ [ [ -54.760287, -22.274324 ], [ -54.760274, -22.274414 ], [ -54.760081, -22.27439 ], [ -54.760094, -22.274301 ], [ -54.760287, -22.274324 ] ] ] } },
{ "type": "Feature", "properties": { "id": 76257, "insc_imob": "00.10.31.12.130", "quadra_cartorio": null, "lote_cartorio": "13", "matricula": "143053", "circunscricao": "1º CIRCUNSCRIÇÃO", "zoneamento": "AUM - ÁREA DE USO MISTO", "condominio": null, "area_geom": 200.0, "cnm": "062661.2.0143053-48" }, "geometry": { "type": "Polygon", "coordinates": [ [ [ -54.760274, -22.274414 ], [ -54.760261, -22.274503 ], [ -54.760069, -22.27448 ], [ -54.760081, -22.27439 ], [ -54.760274, -22.274414 ] ] ] } },
{ "type": "Feature", "properties": { "id": 126602, "insc_imob": "00.10.32.21.020", "quadra_cartorio": "21", "lote_cartorio": "02", "matricula": "168258", "circunscricao": null, "zoneamento": null, "condominio": null, "area_geom": 220.0, "cnm": "062661.2.0168258-93" }, "geometry": { "type": "Polygon", "coordinates": [ [ [ -54.750908, -22.276167 ], [ -54.750888, -22.276347 ], [ -54.750801, -22.276338 ], [ -54.750782, -22.276336 ], [ -54.750802, -22.276157 ], [ -54.750908, -22.276167 ] ] ] } },
{ "type": "Feature", "properties": { "id": 76258, "insc_imob": "00.10.31.12.230", "quadra_cartorio": null, "lote_cartorio": "23", "matricula": "143063", "circunscricao": "1º CIRCUNSCRIÇÃO", "zoneamento": "AUM - ÁREA DE USO MISTO", "condominio": null, "area_geom": 200.0, "cnm": "062661.2.0143063-18" }, "geometry": { "type": "Polygon", "coordinates": [ [ [ -54.760581, -22.273632 ], [ -54.760568, -22.273722 ], [ -54.760376, -22.273698 ], [ -54.760389, -22.273608 ], [ -54.760446, -22.273616 ], [ -54.760581, -22.273632 ] ] ] } },
{ "type": "Feature", "properties": { "id": 76259, "insc_imob": "00.10.31.12.220", "quadra_cartorio": null, "lote_cartorio": "22", "matricula": "143062", "circunscricao": "1º CIRCUNSCRIÇÃO", "zoneamento": "AUM - ÁREA DE USO MISTO", "condominio": null, "area_geom": 200.0, "cnm": "062661.2.0143062-21" }, "geometry": { "type": "Polygon", "coordinates": [ [ [ -54.760568, -22.273722 ], [ -54.760555, -22.273811 ], [ -54.760363, -22.273787 ], [ -54.760376, -22.273698 ], [ -54.760568, -22.273722 ] ] ] } },
{ "type": "Feature", "properties": { "id": 76260, "insc_imob": "00.10.31.12.210", "quadra_cartorio": null, "lote_cartorio": "21", "matricula": "143061", "circunscricao": "1º CIRCUNSCRIÇÃO", "zoneamento": "AUM - ÁREA DE USO MISTO", "condominio": null, "area_geom": 200.0, "cnm": "062661.2.0143061-24" }, "geometry": { "type": "Polygon", "coordinates": [ [ [ -54.760555, -22.273811 ], [ -54.760543, -22.273901 ], [ -54.76035, -22.273877 ], [ -54.760363, -22.273787 ], [ -54.760555, -22.273811 ] ] ] } },
{ "type": "Feature", "properties": { "id": 76261, "insc_imob": "00.10.31.12.200", "quadra_cartorio": null, "lote_cartorio": "20", "matricula": "143060", "circunscricao": "1º CIRCUNSCRIÇÃO", "zoneamento": "AUM - ÁREA DE USO MISTO", "condominio": null, "area_geom": 200.0, "cnm": "062661.2.0143060-27" }, "geometry": { "type": "Polygon", "coordinates": [ [ [ -54.760543, -22.273901 ], [ -54.76053, -22.27399 ], [ -54.760338, -22.273966 ], [ -54.76035, -22.273877 ], [ -54.760543, -22.273901 ] ] ] } },
{ "type": "Feature", "properties": { "id": 76262, "insc_imob": "00.10.31.12.190", "quadra_cartorio": null, "lote_cartorio": "19", "matricula": "143059", "circunscricao": "1º CIRCUNSCRIÇÃO", "zoneamento": "AUM - ÁREA DE USO MISTO", "condominio": null, "area_geom": 200.0, "cnm": "062661.2.0143059-30" }, "geometry": { "type": "Polygon", "coordinates": [ [ [ -54.76053, -22.27399 ], [ -54.760517, -22.27408 ], [ -54.760325, -22.274056 ], [ -54.760338, -22.273966 ], [ -54.76053, -22.27399 ] ] ] } },
{ "type": "Feature", "properties": { "id": 76263, "insc_imob": "00.10.31.12.180", "quadra_cartorio": null, "lote_cartorio": "18", "matricula": "143058", "circunscricao": "1º CIRCUNSCRIÇÃO", "zoneamento": "AUM - ÁREA DE USO MISTO", "condominio": null, "area_geom": 200.0, "cnm": "062661.2.0143058-33" }, "geometry": { "type": "Polygon", "coordinates": [ [ [ -54.760517, -22.27408 ], [ -54.760504, -22.274169 ], [ -54.760312, -22.274145 ], [ -54.760325, -22.274056 ], [ -54.760517, -22.27408 ] ] ] } },
{ "type": "Feature", "properties": { "id": 76266, "insc_imob": "00.10.31.12.150", "quadra_cartorio": null, "lote_cartorio": "15", "matricula": "143055", "circunscricao": "1º CIRCUNSCRIÇÃO", "zoneamento": "AUM - ÁREA DE USO MISTO", "condominio": null, "area_geom": 200.0, "cnm": "062661.2.0143055-42" }, "geometry": { "type": "Polygon", "coordinates": [ [ [ -54.760479, -22.274348 ], [ -54.760466, -22.274438 ], [ -54.760274, -22.274414 ], [ -54.760287, -22.274324 ], [ -54.760479, -22.274348 ] ] ] } },
{ "type": "Feature", "properties": { "id": 76268, "insc_imob": "00.10.31.14.030", "quadra_cartorio": null, "lote_cartorio": "03", "matricula": "143089", "circunscricao": "1º CIRCUNSCRIÇÃO", "zoneamento": "AUM - ÁREA DE USO MISTO", "condominio": null, "area_geom": 200.0, "cnm": "062661.2.0143089-37" }, "geometry": { "type": "Polygon", "coordinates": [ [ [ -54.759389, -22.273485 ], [ -54.759376, -22.273574 ], [ -54.759184, -22.273551 ], [ -54.759196, -22.273461 ], [ -54.759389, -22.273485 ] ] ] } },
{ "type": "Feature", "properties": { "id": 76269, "insc_imob": "00.10.31.14.040", "quadra_cartorio": null, "lote_cartorio": "04", "matricula": "143090", "circunscricao": "1º CIRCUNSCRIÇÃO", "zoneamento": "AUM - ÁREA DE USO MISTO", "condominio": null, "area_geom": 200.0, "cnm": "062661.2.0143090-34" }, "geometry": { "type": "Polygon", "coordinates": [ [ [ -54.759376, -22.273574 ], [ -54.759363, -22.273664 ], [ -54.759171, -22.27364 ], [ -54.759184, -22.273551 ], [ -54.759376, -22.273574 ] ] ] } },
{ "type": "Feature", "properties": { "id": 76270, "insc_imob": "00.10.31.14.050", "quadra_cartorio": null, "lote_cartorio": "05", "matricula": "143091", "circunscricao": "1º CIRCUNSCRIÇÃO", "zoneamento": "AUM - ÁREA DE USO MISTO", "condominio": null, "area_geom": 200.0, "cnm": "062661.2.0143091-31" }, "geometry": { "type": "Polygon", "coordinates": [ [ [ -54.759363, -22.273664 ], [ -54.75935, -22.273753 ], [ -54.759158, -22.27373 ], [ -54.759171, -22.27364 ], [ -54.759363, -22.273664 ] ] ] } },
{ "type": "Feature", "properties": { "id": 76271, "insc_imob": "00.10.31.14.060", "quadra_cartorio": null, "lote_cartorio": "06", "matricula": "143092", "circunscricao": "1º CIRCUNSCRIÇÃO", "zoneamento": "AUM - ÁREA DE USO MISTO", "condominio": null, "area_geom": 200.0, "cnm": "062661.2.0143092-28" }, "geometry": { "type": "Polygon", "coordinates": [ [ [ -54.75935, -22.273753 ], [ -54.759338, -22.273843 ], [ -54.759145, -22.273819 ], [ -54.759158, -22.27373 ], [ -54.75935, -22.273753 ] ] ] } },
{ "type": "Feature", "properties": { "id": 76240, "insc_imob": "00.10.31.12.030", "quadra_cartorio": null, "lote_cartorio": "03", "matricula": "143043", "circunscricao": "1º CIRCUNSCRIÇÃO", "zoneamento": "AUM - ÁREA DE USO MISTO", "condominio": null, "area_geom": 353.48, "cnm": "062661.2.0143043-78" }, "geometry": { "type": "Polygon", "coordinates": [ [ [ -54.760364, -22.273373 ], [ -54.760331, -22.273601 ], [ -54.760196, -22.273585 ], [ -54.760228, -22.273361 ], [ -54.760364, -22.273373 ] ] ] } },
{ "type": "Feature", "properties": { "id": 76241, "insc_imob": "00.10.31.14.010", "quadra_cartorio": null, "lote_cartorio": "01", "matricula": "143087", "circunscricao": "1º CIRCUNSCRIÇÃO", "zoneamento": "AUM - ÁREA DE USO MISTO", "condominio": null, "area_geom": 448.79, "cnm": "062661.2.0143087-43" }, "geometry": { "type": "Polygon", "coordinates": [ [ [ -54.75961, -22.273305 ], [ -54.759581, -22.273509 ], [ -54.759389, -22.273485 ], [ -54.759417, -22.273287 ], [ -54.75961, -22.273305 ] ] ] } },
{ "type": "Feature", "properties": { "id": 76242, "insc_imob": "00.10.31.14.020", "quadra_cartorio": null, "lote_cartorio": "02", "matricula": "143088", "circunscricao": "1º CIRCUNSCRIÇÃO", "zoneamento": "AUM - ÁREA DE USO MISTO", "condominio": null, "area_geom": 434.92, "cnm": "062661.2.0143088-40" }, "geometry": { "type": "Polygon", "coordinates": [ [ [ -54.759417, -22.273287 ], [ -54.759389, -22.273485 ], [ -54.759196, -22.273461 ], [ -54.759224, -22.27327 ], [ -54.759417, -22.273287 ] ] ] } },
{ "type": "Feature", "properties": { "id": 76243, "insc_imob": "00.10.31.19.010", "quadra_cartorio": null, "lote_cartorio": "01", "matricula": "143192", "circunscricao": "1º CIRCUNSCRIÇÃO", "zoneamento": "AUM - ÁREA DE USO MISTO", "condominio": null, "area_geom": 452.38, "cnm": "062661.2.0143192-19" }, "geometry": { "type": "Polygon", "coordinates": [ [ [ -54.756874, -22.273056 ], [ -54.756845, -22.273262 ], [ -54.756653, -22.273238 ], [ -54.756681, -22.273039 ], [ -54.756874, -22.273056 ] ] ] } },
{ "type": "Feature", "properties": { "id": 76246, "insc_imob": "00.10.31.19.020", "quadra_cartorio": null, "lote_cartorio": "02", "matricula": "143193", "circunscricao": "1º CIRCUNSCRIÇÃO", "zoneamento": "AUM - ÁREA DE USO MISTO", "condominio": null, "area_geom": 438.5, "cnm": "062661.2.0143193-16" }, "geometry": { "type": "Polygon", "coordinates": [ [ [ -54.756681, -22.273039 ], [ -54.756653, -22.273238 ], [ -54.75646, -22.273214 ], [ -54.756488, -22.273021 ], [ -54.756681, -22.273039 ] ] ] } },
{ "type": "Feature", "properties": { "id": 76247, "insc_imob": "00.10.31.20.010", "quadra_cartorio": null, "lote_cartorio": "01", "matricula": "143212", "circunscricao": "1º CIRCUNSCRIÇÃO", "zoneamento": "AUM - ÁREA DE USO MISTO", "condominio": null, "area_geom": 416.31, "cnm": "062661.2.0143212-56" }, "geometry": { "type": "Polygon", "coordinates": [ [ [ -54.756372, -22.27301 ], [ -54.756345, -22.2732 ], [ -54.756153, -22.273176 ], [ -54.756179, -22.272993 ], [ -54.756372, -22.27301 ] ] ] } },
{ "type": "Feature", "properties": { "id": 76248, "insc_imob": "00.10.31.12.040", "quadra_cartorio": null, "lote_cartorio": "04", "matricula": "143044", "circunscricao": "1º CIRCUNSCRIÇÃO", "zoneamento": "AUM - ÁREA DE USO MISTO", "condominio": null, "area_geom": 200.0, "cnm": "062661.2.0143044-75" }, "geometry": { "type": "Polygon", "coordinates": [ [ [ -54.760331, -22.273601 ], [ -54.760389, -22.273608 ], [ -54.760376, -22.273698 ], [ -54.760184, -22.273674 ], [ -54.760196, -22.273585 ], [ -54.760331, -22.273601 ] ] ] } },
{ "type": "Feature", "properties": { "id": 76249, "insc_imob": "00.10.31.12.050", "quadra_cartorio": null, "lote_cartorio": "05", "matricula": "143045", "circunscricao": "1º CIRCUNSCRIÇÃO", "zoneamento": "AUM - ÁREA DE USO MISTO", "condominio": null, "area_geom": 200.0, "cnm": "062661.2.0143045-72" }, "geometry": { "type": "Polygon", "coordinates": [ [ [ -54.760376, -22.273698 ], [ -54.760363, -22.273787 ], [ -54.760171, -22.273764 ], [ -54.760184, -22.273674 ], [ -54.760376, -22.273698 ] ] ] } },
{ "type": "Feature", "properties": { "id": 76250, "insc_imob": "00.10.31.12.060", "quadra_cartorio": null, "lote_cartorio": "06", "matricula": "143046", "circunscricao": "1º CIRCUNSCRIÇÃO", "zoneamento": "AUM - ÁREA DE USO MISTO", "condominio": null, "area_geom": 200.0, "cnm": "062661.2.0143046-69" }, "geometry": { "type": "Polygon", "coordinates": [ [ [ -54.760363, -22.273787 ], [ -54.76035, -22.273877 ], [ -54.760158, -22.273853 ], [ -54.760171, -22.273764 ], [ -54.760363, -22.273787 ] ] ] } },
{ "type": "Feature", "properties": { "id": 76251, "insc_imob": "00.10.31.12.070", "quadra_cartorio": null, "lote_cartorio": "07", "matricula": "143047", "circunscricao": "1º CIRCUNSCRIÇÃO", "zoneamento": "AUM - ÁREA DE USO MISTO", "condominio": null, "area_geom": 200.0, "cnm": "062661.2.0143047-66" }, "geometry": { "type": "Polygon", "coordinates": [ [ [ -54.76035, -22.273877 ], [ -54.760338, -22.273966 ], [ -54.760145, -22.273943 ], [ -54.760158, -22.273853 ], [ -54.76035, -22.273877 ] ] ] } },
{ "type": "Feature", "properties": { "id": 76252, "insc_imob": "00.10.31.12.080", "quadra_cartorio": null, "lote_cartorio": "08", "matricula": "143048", "circunscricao": "1º CIRCUNSCRIÇÃO", "zoneamento": "AUM - ÁREA DE USO MISTO", "condominio": null, "area_geom": 200.0, "cnm": "062661.2.0143048-63" }, "geometry": { "type": "Polygon", "coordinates": [ [ [ -54.760338, -22.273966 ], [ -54.760325, -22.274056 ], [ -54.760133, -22.274032 ], [ -54.760145, -22.273943 ], [ -54.760338, -22.273966 ] ] ] } },
{ "type": "Feature", "properties": { "id": 76253, "insc_imob": "00.10.31.12.090", "quadra_cartorio": null, "lote_cartorio": "09", "matricula": "143049", "circunscricao": "1º CIRCUNSCRIÇÃO", "zoneamento": "AUM - ÁREA DE USO MISTO", "condominio": null, "area_geom": 200.0, "cnm": "062661.2.0143049-60" }, "geometry": { "type": "Polygon", "coordinates": [ [ [ -54.760325, -22.274056 ], [ -54.760312, -22.274145 ], [ -54.76012, -22.274122 ], [ -54.760133, -22.274032 ], [ -54.760325, -22.274056 ] ] ] } },
{ "type": "Feature", "properties": { "id": 76254, "insc_imob": "00.10.31.12.100", "quadra_cartorio": null, "lote_cartorio": "10", "matricula": "143050", "circunscricao": "1º CIRCUNSCRIÇÃO", "zoneamento": "AUM - ÁREA DE USO MISTO", "condominio": null, "area_geom": 200.0, "cnm": "062661.2.0143050-57" }, "geometry": { "type": "Polygon", "coordinates": [ [ [ -54.760312, -22.274145 ], [ -54.760299, -22.274235 ], [ -54.760107, -22.274211 ], [ -54.76012, -22.274122 ], [ -54.760312, -22.274145 ] ] ] } },
{ "type": "Feature", "properties": { "id": 76255, "insc_imob": "00.10.31.12.110", "quadra_cartorio": null, "lote_cartorio": "11", "matricula": "143051", "circunscricao": "1º CIRCUNSCRIÇÃO", "zoneamento": "AUM - ÁREA DE USO MISTO", "condominio": null, "area_geom": 200.0, "cnm": "062661.2.0143051-54" }, "geometry": { "type": "Polygon", "coordinates": [ [ [ -54.760299, -22.274235 ], [ -54.760287, -22.274324 ], [ -54.760094, -22.274301 ], [ -54.760107, -22.274211 ], [ -54.760299, -22.274235 ] ] ] } },
{ "type": "Feature", "properties": { "id": 76592, "insc_imob": "00.10.31.17.020", "quadra_cartorio": null, "lote_cartorio": "02", "matricula": "143154", "circunscricao": "1º CIRCUNSCRIÇÃO", "zoneamento": "AUM - ÁREA DE USO MISTO", "condominio": null, "area_geom": 327.88, "cnm": "062661.2.0143154-36" }, "geometry": { "type": "Polygon", "coordinates": [ [ [ -54.757934, -22.273152 ], [ -54.757907, -22.273338 ], [ -54.757869, -22.273334 ], [ -54.757754, -22.273319 ], [ -54.757779, -22.273138 ], [ -54.757934, -22.273152 ] ] ] } },
{ "type": "Feature", "properties": { "id": 76593, "insc_imob": "00.10.31.17.030", "quadra_cartorio": null, "lote_cartorio": "03", "matricula": "143155", "circunscricao": "1º CIRCUNSCRIÇÃO", "zoneamento": "AUM - ÁREA DE USO MISTO", "condominio": null, "area_geom": 332.75, "cnm": "062661.2.0143155-33" }, "geometry": { "type": "Polygon", "coordinates": [ [ [ -54.757779, -22.273138 ], [ -54.757754, -22.273319 ], [ -54.757593, -22.273299 ], [ -54.757618, -22.273124 ], [ -54.757779, -22.273138 ] ] ] } },
{ "type": "Feature", "properties": { "id": 76594, "insc_imob": "00.10.31.17.040", "quadra_cartorio": null, "lote_cartorio": "04", "matricula": "143156", "circunscricao": "1º CIRCUNSCRIÇÃO", "zoneamento": "AUM - ÁREA DE USO MISTO", "condominio": null, "area_geom": 344.4, "cnm": "062661.2.0143156-30" }, "geometry": { "type": "Polygon", "coordinates": [ [ [ -54.757754, -22.273319 ], [ -54.757869, -22.273334 ], [ -54.757856, -22.273423 ], [ -54.757854, -22.273441 ], [ -54.757578, -22.273407 ], [ -54.757593, -22.273299 ], [ -54.757754, -22.273319 ] ] ] } },
{ "type": "Feature", "properties": { "id": 76595, "insc_imob": "00.10.31.17.050", "quadra_cartorio": null, "lote_cartorio": "05", "matricula": "143157", "circunscricao": "1º CIRCUNSCRIÇÃO", "zoneamento": "AUM - ÁREA DE USO MISTO", "condominio": null, "area_geom": 344.4, "cnm": "062661.2.0143157-27" }, "geometry": { "type": "Polygon", "coordinates": [ [ [ -54.757854, -22.273441 ], [ -54.757843, -22.273513 ], [ -54.757838, -22.273548 ], [ -54.757562, -22.273514 ], [ -54.757578, -22.273407 ], [ -54.757854, -22.273441 ] ] ] } },
{ "type": "Feature", "properties": { "id": 76596, "insc_imob": "00.10.31.17.060", "quadra_cartorio": null, "lote_cartorio": "06", "matricula": "143158", "circunscricao": "1º CIRCUNSCRIÇÃO", "zoneamento": "AUM - ÁREA DE USO MISTO", "condominio": null, "area_geom": 344.4, "cnm": "062661.2.0143158-24" }, "geometry": { "type": "Polygon", "coordinates": [ [ [ -54.757838, -22.273548 ], [ -54.757831, -22.273602 ], [ -54.757823, -22.273656 ], [ -54.757547, -22.273622 ], [ -54.757562, -22.273514 ], [ -54.757838, -22.273548 ] ] ] } },
{ "type": "Feature", "properties": { "id": 76597, "insc_imob": "00.10.31.17.070", "quadra_cartorio": null, "lote_cartorio": "07", "matricula": "143159", "circunscricao": "1º CIRCUNSCRIÇÃO", "zoneamento": "AUM - ÁREA DE USO MISTO", "condominio": null, "area_geom": 344.4, "cnm": "062661.2.0143159-21" }, "geometry": { "type": "Polygon", "coordinates": [ [ [ -54.757823, -22.273656 ], [ -54.757818, -22.273692 ], [ -54.757808, -22.273763 ], [ -54.757532, -22.273729 ], [ -54.757547, -22.273622 ], [ -54.757823, -22.273656 ] ] ] } },
{ "type": "Feature", "properties": { "id": 76237, "insc_imob": "00.10.31.12.010", "quadra_cartorio": null, "lote_cartorio": "01", "matricula": "143041", "circunscricao": "1º CIRCUNSCRIÇÃO", "zoneamento": "AUM - ÁREA DE USO MISTO", "condominio": null, "area_geom": 366.1, "cnm": "062661.2.0143041-84" }, "geometry": { "type": "Polygon", "coordinates": [ [ [ -54.760615, -22.273396 ], [ -54.760581, -22.273632 ], [ -54.760446, -22.273616 ], [ -54.760479, -22.273384 ], [ -54.760615, -22.273396 ] ] ] } },
{ "type": "Feature", "properties": { "id": 76598, "insc_imob": "00.10.31.17.080", "quadra_cartorio": null, "lote_cartorio": "08", "matricula": "143160", "circunscricao": "1º CIRCUNSCRIÇÃO", "zoneamento": "AUM - ÁREA DE USO MISTO", "condominio": null, "area_geom": 344.4, "cnm": "062661.2.0143160-18" }, "geometry": { "type": "Polygon", "coordinates": [ [ [ -54.757808, -22.273763 ], [ -54.757805, -22.273781 ], [ -54.757792, -22.273871 ], [ -54.757516, -22.273836 ], [ -54.757532, -22.273729 ], [ -54.757808, -22.273763 ] ] ] } },
{ "type": "Feature", "properties": { "id": 76238, "insc_imob": "00.10.31.11.010", "quadra_cartorio": null, "lote_cartorio": "01", "matricula": "143040", "circunscricao": "1º CIRCUNSCRIÇÃO", "zoneamento": "AUM - ÁREA DE USO MISTO", "condominio": null, "area_geom": 1046.0, "cnm": "062661.2.0143040-87" }, "geometry": { "type": "Polygon", "coordinates": [ [ [ -54.760859, -22.273418 ], [ -54.760599, -22.274545 ], [ -54.760569, -22.274541 ], [ -54.760731, -22.273407 ], [ -54.760859, -22.273418 ] ] ] } },
{ "type": "Feature", "properties": { "id": 76599, "insc_imob": "00.10.31.17.090", "quadra_cartorio": null, "lote_cartorio": "09", "matricula": "143161", "circunscricao": "1º CIRCUNSCRIÇÃO", "zoneamento": "AUM - ÁREA DE USO MISTO", "condominio": null, "area_geom": 344.4, "cnm": "062661.2.0143161-15" }, "geometry": { "type": "Polygon", "coordinates": [ [ [ -54.757792, -22.273871 ], [ -54.75778, -22.27396 ], [ -54.757777, -22.273978 ], [ -54.757501, -22.273944 ], [ -54.757516, -22.273836 ], [ -54.757792, -22.273871 ] ] ] } },
{ "type": "Feature", "properties": { "id": 76239, "insc_imob": "00.10.31.12.020", "quadra_cartorio": null, "lote_cartorio": "02", "matricula": "143042", "circunscricao": "1º CIRCUNSCRIÇÃO", "zoneamento": "AUM - ÁREA DE USO MISTO", "condominio": null, "area_geom": 308.39, "cnm": "062661.2.0143042-81" }, "geometry": { "type": "Polygon", "coordinates": [ [ [ -54.760479, -22.273384 ], [ -54.760446, -22.273616 ], [ -54.760389, -22.273608 ], [ -54.760331, -22.273601 ], [ -54.760364, -22.273373 ], [ -54.760479, -22.273384 ] ] ] } },
{ "type": "Feature", "properties": { "id": 76600, "insc_imob": "00.10.31.17.100", "quadra_cartorio": null, "lote_cartorio": "10", "matricula": "143162", "circunscricao": "1º CIRCUNSCRIÇÃO", "zoneamento": "AUM - ÁREA DE USO MISTO", "condominio": null, "area_geom": 344.4, "cnm": "062661.2.0143162-12" }, "geometry": { "type": "Polygon", "coordinates": [ [ [ -54.757777, -22.273978 ], [ -54.757767, -22.27405 ], [ -54.757762, -22.274085 ], [ -54.757486, -22.274051 ], [ -54.757501, -22.273944 ], [ -54.757777, -22.273978 ] ] ] } },
{ "type": "Feature", "properties": { "id": 76601, "insc_imob": "00.10.31.17.110", "quadra_cartorio": null, "lote_cartorio": "11", "matricula": "143163", "circunscricao": "1º CIRCUNSCRIÇÃO", "zoneamento": "AUM - ÁREA DE USO MISTO", "condominio": null, "area_geom": 344.4, "cnm": "062661.2.0143163-09" }, "geometry": { "type": "Polygon", "coordinates": [ [ [ -54.757762, -22.274085 ], [ -54.757746, -22.274193 ], [ -54.75747, -22.274159 ], [ -54.757486, -22.274051 ], [ -54.757762, -22.274085 ] ] ] } },
{ "type": "Feature", "properties": { "id": 76602, "insc_imob": "00.10.31.17.120", "quadra_cartorio": null, "lote_cartorio": "12", "matricula": "143164", "circunscricao": "1º CIRCUNSCRIÇÃO", "zoneamento": "AUM - ÁREA DE USO MISTO", "condominio": null, "area_geom": 320.0, "cnm": "062661.2.0143164-06" }, "geometry": { "type": "Polygon", "coordinates": [ [ [ -54.757959, -22.274073 ], [ -54.757939, -22.274216 ], [ -54.757746, -22.274193 ], [ -54.757762, -22.274085 ], [ -54.757767, -22.27405 ], [ -54.757959, -22.274073 ] ] ] } },
{ "type": "Feature", "properties": { "id": 76603, "insc_imob": "00.10.31.17.180", "quadra_cartorio": null, "lote_cartorio": "18", "matricula": "143170", "circunscricao": "1º CIRCUNSCRIÇÃO", "zoneamento": "AUM - ÁREA DE USO MISTO", "condominio": null, "area_geom": 200.0, "cnm": "062661.2.0143170-85" }, "geometry": { "type": "Polygon", "coordinates": [ [ [ -54.758036, -22.273536 ], [ -54.758023, -22.273626 ], [ -54.757831, -22.273602 ], [ -54.757838, -22.273548 ], [ -54.757843, -22.273513 ], [ -54.758036, -22.273536 ] ] ] } },
{ "type": "Feature", "properties": { "id": 76604, "insc_imob": "00.10.31.17.170", "quadra_cartorio": null, "lote_cartorio": "17", "matricula": "143169", "circunscricao": "1º CIRCUNSCRIÇÃO", "zoneamento": "AUM - ÁREA DE USO MISTO", "condominio": null, "area_geom": 200.0, "cnm": "062661.2.0143169-88" }, "geometry": { "type": "Polygon", "coordinates": [ [ [ -54.758023, -22.273626 ], [ -54.75801, -22.273715 ], [ -54.757818, -22.273692 ], [ -54.757823, -22.273656 ], [ -54.757831, -22.273602 ], [ -54.758023, -22.273626 ] ] ] } },
{ "type": "Feature", "properties": { "id": 76605, "insc_imob": "00.10.31.17.160", "quadra_cartorio": null, "lote_cartorio": "16", "matricula": "143168", "circunscricao": "1º CIRCUNSCRIÇÃO", "zoneamento": "AUM - ÁREA DE USO MISTO", "condominio": null, "area_geom": 200.0, "cnm": "062661.2.0143168-91" }, "geometry": { "type": "Polygon", "coordinates": [ [ [ -54.75801, -22.273715 ], [ -54.757997, -22.273805 ], [ -54.757805, -22.273781 ], [ -54.757808, -22.273763 ], [ -54.757818, -22.273692 ], [ -54.75801, -22.273715 ] ] ] } },
{ "type": "Feature", "properties": { "id": 76606, "insc_imob": "00.10.31.17.150", "quadra_cartorio": null, "lote_cartorio": "15", "matricula": "143167", "circunscricao": "1º CIRCUNSCRIÇÃO", "zoneamento": "AUM - ÁREA DE USO MISTO", "condominio": null, "area_geom": 200.0, "cnm": "062661.2.0143167-94" }, "geometry": { "type": "Polygon", "coordinates": [ [ [ -54.757997, -22.273805 ], [ -54.757985, -22.273894 ], [ -54.757792, -22.273871 ], [ -54.757805, -22.273781 ], [ -54.757997, -22.273805 ] ] ] } },
{ "type": "Feature", "properties": { "id": 76607, "insc_imob": "00.10.31.17.140", "quadra_cartorio": null, "lote_cartorio": "14", "matricula": "143166", "circunscricao": "1º CIRCUNSCRIÇÃO", "zoneamento": "AUM - ÁREA DE USO MISTO", "condominio": null, "area_geom": 200.0, "cnm": "062661.2.0143166-97" }, "geometry": { "type": "Polygon", "coordinates": [ [ [ -54.757985, -22.273894 ], [ -54.757972, -22.273984 ], [ -54.75778, -22.27396 ], [ -54.757792, -22.273871 ], [ -54.757985, -22.273894 ] ] ] } },
{ "type": "Feature", "properties": { "id": 76576, "insc_imob": "00.10.31.39.170", "quadra_cartorio": null, "lote_cartorio": "17", "matricula": "143420", "circunscricao": "1º CIRCUNSCRIÇÃO", "zoneamento": "AUM - ÁREA DE USO MISTO", "condominio": null, "area_geom": 200.0, "cnm": "062661.2.0143420-14" }, "geometry": { "type": "Polygon", "coordinates": [ [ [ -54.756568, -22.275204 ], [ -54.756555, -22.275293 ], [ -54.756363, -22.275269 ], [ -54.756376, -22.27518 ], [ -54.756568, -22.275204 ] ] ] } },
{ "type": "Feature", "properties": { "id": 76577, "insc_imob": "00.10.31.39.160", "quadra_cartorio": null, "lote_cartorio": "16", "matricula": "143419", "circunscricao": "1º CIRCUNSCRIÇÃO", "zoneamento": "AUM - ÁREA DE USO MISTO", "condominio": null, "area_geom": 200.0, "cnm": "062661.2.0143419-17" }, "geometry": { "type": "Polygon", "coordinates": [ [ [ -54.756555, -22.275293 ], [ -54.756542, -22.275383 ], [ -54.75635, -22.275359 ], [ -54.756363, -22.275269 ], [ -54.756555, -22.275293 ] ] ] } },
{ "type": "Feature", "properties": { "id": 76578, "insc_imob": "00.10.31.39.150", "quadra_cartorio": null, "lote_cartorio": "15", "matricula": "143418", "circunscricao": "1º CIRCUNSCRIÇÃO", "zoneamento": "AUM - ÁREA DE USO MISTO", "condominio": null, "area_geom": 240.0, "cnm": "062661.2.0143418-20" }, "geometry": { "type": "Polygon", "coordinates": [ [ [ -54.756542, -22.275383 ], [ -54.756527, -22.27549 ], [ -54.756335, -22.275466 ], [ -54.75635, -22.275359 ], [ -54.756542, -22.275383 ] ] ] } },
{ "type": "Feature", "properties": { "id": 76579, "insc_imob": "00.10.31.39.040", "quadra_cartorio": null, "lote_cartorio": "04", "matricula": "143407", "circunscricao": "1º CIRCUNSCRIÇÃO", "zoneamento": "AUM - ÁREA DE USO MISTO", "condominio": null, "area_geom": 200.0, "cnm": "062661.2.0143407-53" }, "geometry": { "type": "Polygon", "coordinates": [ [ [ -54.756478, -22.274464 ], [ -54.756465, -22.274554 ], [ -54.756273, -22.27453 ], [ -54.756285, -22.27444 ], [ -54.756478, -22.274464 ] ] ] } },
{ "type": "Feature", "properties": { "id": 76580, "insc_imob": "00.10.31.39.250", "quadra_cartorio": null, "lote_cartorio": "25", "matricula": "143428", "circunscricao": "1º CIRCUNSCRIÇÃO", "zoneamento": "AUM - ÁREA DE USO MISTO", "condominio": null, "area_geom": 200.0, "cnm": "062661.2.0143428-87" }, "geometry": { "type": "Polygon", "coordinates": [ [ [ -54.75667, -22.274488 ], [ -54.756657, -22.274577 ], [ -54.756465, -22.274554 ], [ -54.756478, -22.274464 ], [ -54.75667, -22.274488 ] ] ] } },
{ "type": "Feature", "properties": { "id": 76581, "insc_imob": "00.10.31.39.030", "quadra_cartorio": null, "lote_cartorio": "03", "matricula": "143406", "circunscricao": "1º CIRCUNSCRIÇÃO", "zoneamento": "AUM - ÁREA DE USO MISTO", "condominio": null, "area_geom": 200.0, "cnm": "062661.2.0143406-56" }, "geometry": { "type": "Polygon", "coordinates": [ [ [ -54.75649, -22.274375 ], [ -54.756478, -22.274464 ], [ -54.756285, -22.27444 ], [ -54.756298, -22.274351 ], [ -54.75649, -22.274375 ] ] ] } },
{ "type": "Feature", "properties": { "id": 76582, "insc_imob": "00.10.31.39.260", "quadra_cartorio": null, "lote_cartorio": "26", "matricula": "143429", "circunscricao": "1º CIRCUNSCRIÇÃO", "zoneamento": "AUM - ÁREA DE USO MISTO", "condominio": null, "area_geom": 200.0, "cnm": "062661.2.0143429-84" }, "geometry": { "type": "Polygon", "coordinates": [ [ [ -54.756683, -22.274398 ], [ -54.75667, -22.274488 ], [ -54.756478, -22.274464 ], [ -54.75649, -22.274375 ], [ -54.756683, -22.274398 ] ] ] } },
{ "type": "Feature", "properties": { "id": 76583, "insc_imob": "00.10.31.39.020", "quadra_cartorio": null, "lote_cartorio": "02", "matricula": "143405", "circunscricao": "1º CIRCUNSCRIÇÃO", "zoneamento": "AUM - ÁREA DE USO MISTO", "condominio": null, "area_geom": 200.0, "cnm": "062661.2.0143405-59" }, "geometry": { "type": "Polygon", "coordinates": [ [ [ -54.756503, -22.274285 ], [ -54.75649, -22.274375 ], [ -54.756298, -22.274351 ], [ -54.756311, -22.274261 ], [ -54.756503, -22.274285 ] ] ] } },
{ "type": "Feature", "properties": { "id": 76584, "insc_imob": "00.10.31.39.270", "quadra_cartorio": null, "lote_cartorio": "27", "matricula": "143430", "circunscricao": "1º CIRCUNSCRIÇÃO", "zoneamento": "AUM - ÁREA DE USO MISTO", "condominio": null, "area_geom": 200.0, "cnm": "062661.2.0143430-81" }, "geometry": { "type": "Polygon", "coordinates": [ [ [ -54.756696, -22.274309 ], [ -54.756683, -22.274398 ], [ -54.75649, -22.274375 ], [ -54.756503, -22.274285 ], [ -54.756696, -22.274309 ] ] ] } },
{ "type": "Feature", "properties": { "id": 76585, "insc_imob": "00.10.31.39.010", "quadra_cartorio": null, "lote_cartorio": "01", "matricula": "143404", "circunscricao": "1º CIRCUNSCRIÇÃO", "zoneamento": "AUM - ÁREA DE USO MISTO", "condominio": null, "area_geom": 240.0, "cnm": "062661.2.0143404-62" }, "geometry": { "type": "Polygon", "coordinates": [ [ [ -54.756519, -22.274178 ], [ -54.756503, -22.274285 ], [ -54.756311, -22.274261 ], [ -54.756326, -22.274154 ], [ -54.756519, -22.274178 ] ] ] } },
{ "type": "Feature", "properties": { "id": 76586, "insc_imob": "00.10.31.39.280", "quadra_cartorio": null, "lote_cartorio": "28", "matricula": "143431", "circunscricao": "1º CIRCUNSCRIÇÃO", "zoneamento": "AUM - ÁREA DE USO MISTO", "condominio": null, "area_geom": 240.0, "cnm": "062661.2.0143431-78" }, "geometry": { "type": "Polygon", "coordinates": [ [ [ -54.756711, -22.274201 ], [ -54.756696, -22.274309 ], [ -54.756503, -22.274285 ], [ -54.756519, -22.274178 ], [ -54.756711, -22.274201 ] ] ] } },
{ "type": "Feature", "properties": { "id": 76587, "insc_imob": "00.10.31.18.010", "quadra_cartorio": null, "lote_cartorio": "01", "matricula": "143173", "circunscricao": "1º CIRCUNSCRIÇÃO", "zoneamento": "AUM - ÁREA DE USO MISTO", "condominio": null, "area_geom": 462.72, "cnm": "062661.2.0143173-76" }, "geometry": { "type": "Polygon", "coordinates": [ [ [ -54.757425, -22.273106 ], [ -54.757401, -22.273276 ], [ -54.75716, -22.273246 ], [ -54.757183, -22.273084 ], [ -54.757425, -22.273106 ] ] ] } },
{ "type": "Feature", "properties": { "id": 76590, "insc_imob": "00.10.31.18.020", "quadra_cartorio": null, "lote_cartorio": "02", "matricula": "143174", "circunscricao": "1º CIRCUNSCRIÇÃO", "zoneamento": "AUM - ÁREA DE USO MISTO", "condominio": null, "area_geom": 354.57, "cnm": "062661.2.0143174-73" }, "geometry": { "type": "Polygon", "coordinates": [ [ [ -54.757183, -22.273084 ], [ -54.75716, -22.273246 ], [ -54.756968, -22.273222 ], [ -54.75699, -22.273067 ], [ -54.757183, -22.273084 ] ] ] } },
{ "type": "Feature", "properties": { "id": 76591, "insc_imob": "00.10.31.17.010", "quadra_cartorio": null, "lote_cartorio": "01", "matricula": "143153", "circunscricao": "1º CIRCUNSCRIÇÃO", "zoneamento": "AUM - ÁREA DE USO MISTO", "condominio": null, "area_geom": 336.75, "cnm": "062661.2.0143153-39" }, "geometry": { "type": "Polygon", "coordinates": [ [ [ -54.758089, -22.273166 ], [ -54.758061, -22.273357 ], [ -54.757907, -22.273338 ], [ -54.757934, -22.273152 ], [ -54.758089, -22.273166 ] ] ] } },
{ "type": "Feature", "properties": { "id": 76562, "insc_imob": "00.10.31.39.080", "quadra_cartorio": null, "lote_cartorio": "08", "matricula": "143411", "circunscricao": "1º CIRCUNSCRIÇÃO", "zoneamento": "AUM - ÁREA DE USO MISTO", "condominio": null, "area_geom": 200.0, "cnm": "062661.2.0143411-41" }, "geometry": { "type": "Polygon", "coordinates": [ [ [ -54.756427, -22.274822 ], [ -54.756414, -22.274911 ], [ -54.756222, -22.274888 ], [ -54.756234, -22.274798 ], [ -54.756427, -22.274822 ] ] ] } },
{ "type": "Feature", "properties": { "id": 76563, "insc_imob": "00.10.31.39.090", "quadra_cartorio": null, "lote_cartorio": "09", "matricula": "143412", "circunscricao": "1º CIRCUNSCRIÇÃO", "zoneamento": "AUM - ÁREA DE USO MISTO", "condominio": null, "area_geom": 200.0, "cnm": "062661.2.0143412-38" }, "geometry": { "type": "Polygon", "coordinates": [ [ [ -54.756414, -22.274911 ], [ -54.756401, -22.275001 ], [ -54.756209, -22.274977 ], [ -54.756222, -22.274888 ], [ -54.756414, -22.274911 ] ] ] } },
{ "type": "Feature", "properties": { "id": 76564, "insc_imob": "00.10.31.39.100", "quadra_cartorio": null, "lote_cartorio": "10", "matricula": "143413", "circunscricao": "1º CIRCUNSCRIÇÃO", "zoneamento": "AUM - ÁREA DE USO MISTO", "condominio": null, "area_geom": 200.0, "cnm": "062661.2.0143413-35" }, "geometry": { "type": "Polygon", "coordinates": [ [ [ -54.756401, -22.275001 ], [ -54.756388, -22.27509 ], [ -54.756196, -22.275067 ], [ -54.756209, -22.274977 ], [ -54.756401, -22.275001 ] ] ] } },
{ "type": "Feature", "properties": { "id": 76565, "insc_imob": "00.10.31.39.110", "quadra_cartorio": null, "lote_cartorio": "11", "matricula": "143414", "circunscricao": "1º CIRCUNSCRIÇÃO", "zoneamento": "AUM - ÁREA DE USO MISTO", "condominio": null, "area_geom": 200.0, "cnm": "062661.2.0143414-32" }, "geometry": { "type": "Polygon", "coordinates": [ [ [ -54.756388, -22.27509 ], [ -54.756376, -22.27518 ], [ -54.756183, -22.275156 ], [ -54.756196, -22.275067 ], [ -54.756388, -22.27509 ] ] ] } },
{ "type": "Feature", "properties": { "id": 76566, "insc_imob": "00.10.31.39.120", "quadra_cartorio": null, "lote_cartorio": "12", "matricula": "143415", "circunscricao": "1º CIRCUNSCRIÇÃO", "zoneamento": "AUM - ÁREA DE USO MISTO", "condominio": null, "area_geom": 200.0, "cnm": "062661.2.0143415-29" }, "geometry": { "type": "Polygon", "coordinates": [ [ [ -54.756376, -22.27518 ], [ -54.756363, -22.275269 ], [ -54.75617, -22.275246 ], [ -54.756183, -22.275156 ], [ -54.756376, -22.27518 ] ] ] } },
{ "type": "Feature", "properties": { "id": 76567, "insc_imob": "00.10.31.39.130", "quadra_cartorio": null, "lote_cartorio": "13", "matricula": "143416", "circunscricao": "1º CIRCUNSCRIÇÃO", "zoneamento": "AUM - ÁREA DE USO MISTO", "condominio": null, "area_geom": 200.0, "cnm": "062661.2.0143416-26" }, "geometry": { "type": "Polygon", "coordinates": [ [ [ -54.756363, -22.275269 ], [ -54.75635, -22.275359 ], [ -54.756158, -22.275335 ], [ -54.75617, -22.275246 ], [ -54.756363, -22.275269 ] ] ] } },
{ "type": "Feature", "properties": { "id": 76568, "insc_imob": "00.10.31.39.140", "quadra_cartorio": null, "lote_cartorio": "14", "matricula": "143417", "circunscricao": "1º CIRCUNSCRIÇÃO", "zoneamento": "AUM - ÁREA DE USO MISTO", "condominio": null, "area_geom": 240.0, "cnm": "062661.2.0143417-23" }, "geometry": { "type": "Polygon", "coordinates": [ [ [ -54.75635, -22.275359 ], [ -54.756335, -22.275466 ], [ -54.756142, -22.275443 ], [ -54.756158, -22.275335 ], [ -54.75635, -22.275359 ] ] ] } },
{ "type": "Feature", "properties": { "id": 76569, "insc_imob": "00.10.31.39.240", "quadra_cartorio": null, "lote_cartorio": "24", "matricula": "143427", "circunscricao": "1º CIRCUNSCRIÇÃO", "zoneamento": "AUM - ÁREA DE USO MISTO", "condominio": null, "area_geom": 200.0, "cnm": "062661.2.0143427-90" }, "geometry": { "type": "Polygon", "coordinates": [ [ [ -54.756657, -22.274577 ], [ -54.756645, -22.274667 ], [ -54.756452, -22.274643 ], [ -54.756465, -22.274554 ], [ -54.756657, -22.274577 ] ] ] } },
{ "type": "Feature", "properties": { "id": 76570, "insc_imob": "00.10.31.39.230", "quadra_cartorio": null, "lote_cartorio": "23", "matricula": "143426", "circunscricao": "1º CIRCUNSCRIÇÃO", "zoneamento": "AUM - ÁREA DE USO MISTO", "condominio": null, "area_geom": 200.0, "cnm": "062661.2.0143426-93" }, "geometry": { "type": "Polygon", "coordinates": [ [ [ -54.756645, -22.274667 ], [ -54.756632, -22.274756 ], [ -54.756439, -22.274732 ], [ -54.756452, -22.274643 ], [ -54.756645, -22.274667 ] ] ] } },
{ "type": "Feature", "properties": { "id": 76571, "insc_imob": "00.10.31.39.220", "quadra_cartorio": null, "lote_cartorio": "22", "matricula": "143425", "circunscricao": "1º CIRCUNSCRIÇÃO", "zoneamento": "AUM - ÁREA DE USO MISTO", "condominio": null, "area_geom": 200.0, "cnm": "062661.2.0143425-96" }, "geometry": { "type": "Polygon", "coordinates": [ [ [ -54.756632, -22.274756 ], [ -54.756619, -22.274846 ], [ -54.756427, -22.274822 ], [ -54.756439, -22.274732 ], [ -54.756632, -22.274756 ] ] ] } },
{ "type": "Feature", "properties": { "id": 76572, "insc_imob": "00.10.31.39.210", "quadra_cartorio": null, "lote_cartorio": "21", "matricula": "143424", "circunscricao": "1º CIRCUNSCRIÇÃO", "zoneamento": "AUM - ÁREA DE USO MISTO", "condominio": null, "area_geom": 200.0, "cnm": "062661.2.0143424-02" }, "geometry": { "type": "Polygon", "coordinates": [ [ [ -54.756619, -22.274846 ], [ -54.756606, -22.274935 ], [ -54.756414, -22.274911 ], [ -54.756427, -22.274822 ], [ -54.756619, -22.274846 ] ] ] } },
{ "type": "Feature", "properties": { "id": 76573, "insc_imob": "00.10.31.39.200", "quadra_cartorio": null, "lote_cartorio": "20", "matricula": "143423", "circunscricao": "1º CIRCUNSCRIÇÃO", "zoneamento": "AUM - ÁREA DE USO MISTO", "condominio": null, "area_geom": 200.0, "cnm": "062661.2.0143423-05" }, "geometry": { "type": "Polygon", "coordinates": [ [ [ -54.756606, -22.274935 ], [ -54.756593, -22.275025 ], [ -54.756401, -22.275001 ], [ -54.756414, -22.274911 ], [ -54.756606, -22.274935 ] ] ] } },
{ "type": "Feature", "properties": { "id": 76574, "insc_imob": "00.10.31.39.190", "quadra_cartorio": null, "lote_cartorio": "19", "matricula": "143422", "circunscricao": "1º CIRCUNSCRIÇÃO", "zoneamento": "AUM - ÁREA DE USO MISTO", "condominio": null, "area_geom": 200.0, "cnm": "062661.2.0143422-08" }, "geometry": { "type": "Polygon", "coordinates": [ [ [ -54.756593, -22.275025 ], [ -54.756581, -22.275114 ], [ -54.756388, -22.27509 ], [ -54.756401, -22.275001 ], [ -54.756593, -22.275025 ] ] ] } },
{ "type": "Feature", "properties": { "id": 76575, "insc_imob": "00.10.31.39.180", "quadra_cartorio": null, "lote_cartorio": "18", "matricula": "143421", "circunscricao": "1º CIRCUNSCRIÇÃO", "zoneamento": "AUM - ÁREA DE USO MISTO", "condominio": null, "area_geom": 200.0, "cnm": "062661.2.0143421-11" }, "geometry": { "type": "Polygon", "coordinates": [ [ [ -54.756581, -22.275114 ], [ -54.756568, -22.275204 ], [ -54.756376, -22.27518 ], [ -54.756388, -22.27509 ], [ -54.756581, -22.275114 ] ] ] } },
{ "type": "Feature", "properties": { "id": 76544, "insc_imob": "00.10.31.16.110", "quadra_cartorio": null, "lote_cartorio": "11", "matricula": "143141", "circunscricao": "1º CIRCUNSCRIÇÃO", "zoneamento": "AUM - ÁREA DE USO MISTO", "condominio": null, "area_geom": 200.0, "cnm": "062661.2.0143141-75" }, "geometry": { "type": "Polygon", "coordinates": [ [ [ -54.758272, -22.274076 ], [ -54.758259, -22.274165 ], [ -54.758067, -22.274141 ], [ -54.75808, -22.274052 ], [ -54.758272, -22.274076 ] ] ] } },
{ "type": "Feature", "properties": { "id": 76545, "insc_imob": "00.10.31.16.120", "quadra_cartorio": null, "lote_cartorio": "12", "matricula": "143142", "circunscricao": "1º CIRCUNSCRIÇÃO", "zoneamento": "AUM - ÁREA DE USO MISTO", "condominio": null, "area_geom": 200.0, "cnm": "062661.2.0143142-72" }, "geometry": { "type": "Polygon", "coordinates": [ [ [ -54.758259, -22.274165 ], [ -54.758246, -22.274255 ], [ -54.758054, -22.274231 ], [ -54.758067, -22.274141 ], [ -54.758259, -22.274165 ] ] ] } },
{ "type": "Feature", "properties": { "id": 76546, "insc_imob": "00.10.31.16.220", "quadra_cartorio": null, "lote_cartorio": "01", "matricula": "143152", "circunscricao": "1º CIRCUNSCRIÇÃO", "zoneamento": "AUM - ÁREA DE USO MISTO", "condominio": null, "area_geom": 200.0, "cnm": "062661.2.0143152-42" }, "geometry": { "type": "Polygon", "coordinates": [ [ [ -54.758566, -22.273383 ], [ -54.758554, -22.273473 ], [ -54.758361, -22.273449 ], [ -54.758374, -22.27336 ], [ -54.758566, -22.273383 ] ] ] } },
{ "type": "Feature", "properties": { "id": 76547, "insc_imob": "00.10.31.16.210", "quadra_cartorio": null, "lote_cartorio": "21", "matricula": "143151", "circunscricao": "1º CIRCUNSCRIÇÃO", "zoneamento": "AUM - ÁREA DE USO MISTO", "condominio": null, "area_geom": 200.0, "cnm": "062661.2.0143151-45" }, "geometry": { "type": "Polygon", "coordinates": [ [ [ -54.758554, -22.273473 ], [ -54.758541, -22.273562 ], [ -54.758349, -22.273539 ], [ -54.758361, -22.273449 ], [ -54.758554, -22.273473 ] ] ] } },
{ "type": "Feature", "properties": { "id": 76548, "insc_imob": "00.10.31.16.200", "quadra_cartorio": null, "lote_cartorio": "20", "matricula": "143150", "circunscricao": "1º CIRCUNSCRIÇÃO", "zoneamento": "AUM - ÁREA DE USO MISTO", "condominio": null, "area_geom": 200.0, "cnm": "062661.2.0143150-48" }, "geometry": { "type": "Polygon", "coordinates": [ [ [ -54.758541, -22.273562 ], [ -54.758528, -22.273652 ], [ -54.758336, -22.273628 ], [ -54.758349, -22.273539 ], [ -54.758541, -22.273562 ] ] ] } },
{ "type": "Feature", "properties": { "id": 76549, "insc_imob": "00.10.31.16.190", "quadra_cartorio": null, "lote_cartorio": "19", "matricula": "143149", "circunscricao": "1º CIRCUNSCRIÇÃO", "zoneamento": "AUM - ÁREA DE USO MISTO", "condominio": null, "area_geom": 200.0, "cnm": "062661.2.0143149-51" }, "geometry": { "type": "Polygon", "coordinates": [ [ [ -54.758528, -22.273652 ], [ -54.758515, -22.273741 ], [ -54.758323, -22.273718 ], [ -54.758336, -22.273628 ], [ -54.758528, -22.273652 ] ] ] } },
{ "type": "Feature", "properties": { "id": 76550, "insc_imob": "00.10.31.16.180", "quadra_cartorio": null, "lote_cartorio": "18", "matricula": "143148", "circunscricao": "1º CIRCUNSCRIÇÃO", "zoneamento": "AUM - ÁREA DE USO MISTO", "condominio": null, "area_geom": 200.0, "cnm": "062661.2.0143148-54" }, "geometry": { "type": "Polygon", "coordinates": [ [ [ -54.758515, -22.273741 ], [ -54.758503, -22.273831 ], [ -54.75831, -22.273807 ], [ -54.758323, -22.273718 ], [ -54.758515, -22.273741 ] ] ] } },
{ "type": "Feature", "properties": { "id": 76551, "insc_imob": "00.10.31.16.170", "quadra_cartorio": null, "lote_cartorio": "17", "matricula": "143147", "circunscricao": "1º CIRCUNSCRIÇÃO", "zoneamento": "AUM - ÁREA DE USO MISTO", "condominio": null, "area_geom": 200.0, "cnm": "062661.2.0143147-57" }, "geometry": { "type": "Polygon", "coordinates": [ [ [ -54.758503, -22.273831 ], [ -54.75849, -22.27392 ], [ -54.758298, -22.273897 ], [ -54.75831, -22.273807 ], [ -54.758503, -22.273831 ] ] ] } },
{ "type": "Feature", "properties": { "id": 76552, "insc_imob": "00.10.31.16.160", "quadra_cartorio": null, "lote_cartorio": "16", "matricula": "143146", "circunscricao": "1º CIRCUNSCRIÇÃO", "zoneamento": "AUM - ÁREA DE USO MISTO", "condominio": null, "area_geom": 200.0, "cnm": "062661.2.0143146-60" }, "geometry": { "type": "Polygon", "coordinates": [ [ [ -54.75849, -22.27392 ], [ -54.758477, -22.27401 ], [ -54.758285, -22.273986 ], [ -54.758298, -22.273897 ], [ -54.75849, -22.27392 ] ] ] } },
{ "type": "Feature", "properties": { "id": 76553, "insc_imob": "00.10.31.16.150", "quadra_cartorio": null, "lote_cartorio": "15", "matricula": "143145", "circunscricao": "1º CIRCUNSCRIÇÃO", "zoneamento": "AUM - ÁREA DE USO MISTO", "condominio": null, "area_geom": 200.0, "cnm": "062661.2.0143145-63" }, "geometry": { "type": "Polygon", "coordinates": [ [ [ -54.758477, -22.27401 ], [ -54.758464, -22.274099 ], [ -54.758272, -22.274076 ], [ -54.758285, -22.273986 ], [ -54.758477, -22.27401 ] ] ] } },
{ "type": "Feature", "properties": { "id": 76554, "insc_imob": "00.10.31.16.140", "quadra_cartorio": null, "lote_cartorio": "14", "matricula": "143144", "circunscricao": "1º CIRCUNSCRIÇÃO", "zoneamento": "AUM - ÁREA DE USO MISTO", "condominio": null, "area_geom": 200.0, "cnm": "062661.2.0143144-66" }, "geometry": { "type": "Polygon", "coordinates": [ [ [ -54.758464, -22.274099 ], [ -54.758452, -22.274189 ], [ -54.758259, -22.274165 ], [ -54.758272, -22.274076 ], [ -54.758464, -22.274099 ] ] ] } },
{ "type": "Feature", "properties": { "id": 76555, "insc_imob": "00.10.31.16.130", "quadra_cartorio": null, "lote_cartorio": "13", "matricula": "143143", "circunscricao": "1º CIRCUNSCRIÇÃO", "zoneamento": "AUM - ÁREA DE USO MISTO", "condominio": null, "area_geom": 200.0, "cnm": "062661.2.0143143-69" }, "geometry": { "type": "Polygon", "coordinates": [ [ [ -54.758452, -22.274189 ], [ -54.758439, -22.274278 ], [ -54.758246, -22.274255 ], [ -54.758259, -22.274165 ], [ -54.758452, -22.274189 ] ] ] } },
{ "type": "Feature", "properties": { "id": 76556, "insc_imob": "00.10.31.39.050", "quadra_cartorio": null, "lote_cartorio": "05", "matricula": "143408", "circunscricao": "1º CIRCUNSCRIÇÃO", "zoneamento": "AUM - ÁREA DE USO MISTO", "condominio": null, "area_geom": 200.0, "cnm": "062661.2.0143408-50" }, "geometry": { "type": "Polygon", "coordinates": [ [ [ -54.756465, -22.274554 ], [ -54.756452, -22.274643 ], [ -54.75626, -22.274619 ], [ -54.756273, -22.27453 ], [ -54.756465, -22.274554 ] ] ] } },
{ "type": "Feature", "properties": { "id": 76557, "insc_imob": "00.10.31.39.060", "quadra_cartorio": null, "lote_cartorio": "06", "matricula": "143409", "circunscricao": "1º CIRCUNSCRIÇÃO", "zoneamento": "AUM - ÁREA DE USO MISTO", "condominio": null, "area_geom": 200.0, "cnm": "062661.2.0143409-47" }, "geometry": { "type": "Polygon", "coordinates": [ [ [ -54.756452, -22.274643 ], [ -54.756439, -22.274732 ], [ -54.756247, -22.274709 ], [ -54.75626, -22.274619 ], [ -54.756452, -22.274643 ] ] ] } },
{ "type": "Feature", "properties": { "id": 76558, "insc_imob": "00.10.31.39.070", "quadra_cartorio": null, "lote_cartorio": "07", "matricula": "143410", "circunscricao": "1º CIRCUNSCRIÇÃO", "zoneamento": "AUM - ÁREA DE USO MISTO", "condominio": null, "area_geom": 200.0, "cnm": "062661.2.0143410-44" }, "geometry": { "type": "Polygon", "coordinates": [ [ [ -54.756439, -22.274732 ], [ -54.756427, -22.274822 ], [ -54.756234, -22.274798 ], [ -54.756247, -22.274709 ], [ -54.756439, -22.274732 ] ] ] } },
{ "type": "Feature", "properties": { "id": 76656, "insc_imob": "00.10.31.37.220", "quadra_cartorio": null, "lote_cartorio": "22", "matricula": "143373", "circunscricao": "1º CIRCUNSCRIÇÃO", "zoneamento": "AUM - ÁREA DE USO MISTO", "condominio": null, "area_geom": 200.0, "cnm": "062661.2.0143373-58" }, "geometry": { "type": "Polygon", "coordinates": [ [ [ -54.757866, -22.274727 ], [ -54.757853, -22.274816 ], [ -54.757661, -22.274792 ], [ -54.757666, -22.274757 ], [ -54.757674, -22.274703 ], [ -54.757866, -22.274727 ] ] ] } },
{ "type": "Feature", "properties": { "id": 76657, "insc_imob": "00.10.31.37.230", "quadra_cartorio": null, "lote_cartorio": "23", "matricula": "143374", "circunscricao": "1º CIRCUNSCRIÇÃO", "zoneamento": "AUM - ÁREA DE USO MISTO", "condominio": null, "area_geom": 200.0, "cnm": "062661.2.0143374-55" }, "geometry": { "type": "Polygon", "coordinates": [ [ [ -54.757879, -22.274637 ], [ -54.757866, -22.274727 ], [ -54.757674, -22.274703 ], [ -54.757681, -22.274649 ], [ -54.757686, -22.274613 ], [ -54.757879, -22.274637 ] ] ] } },
{ "type": "Feature", "properties": { "id": 76653, "insc_imob": "00.10.31.37.190", "quadra_cartorio": null, "lote_cartorio": "19", "matricula": "143370", "circunscricao": "1º CIRCUNSCRIÇÃO", "zoneamento": "AUM - ÁREA DE USO MISTO", "condominio": null, "area_geom": 200.0, "cnm": "062661.2.0143370-67" }, "geometry": { "type": "Polygon", "coordinates": [ [ [ -54.757828, -22.274995 ], [ -54.757815, -22.275085 ], [ -54.757623, -22.275061 ], [ -54.757635, -22.274971 ], [ -54.757828, -22.274995 ] ] ] } },
{ "type": "Feature", "properties": { "id": 76658, "insc_imob": "00.10.31.37.240", "quadra_cartorio": null, "lote_cartorio": "24", "matricula": "143375", "circunscricao": "1º CIRCUNSCRIÇÃO", "zoneamento": "AUM - ÁREA DE USO MISTO", "condominio": null, "area_geom": 200.0, "cnm": "062661.2.0143375-52" }, "geometry": { "type": "Polygon", "coordinates": [ [ [ -54.757892, -22.274548 ], [ -54.757879, -22.274637 ], [ -54.757686, -22.274613 ], [ -54.757697, -22.274542 ], [ -54.757699, -22.274524 ], [ -54.757892, -22.274548 ] ] ] } },
{ "type": "Feature", "properties": { "id": 76659, "insc_imob": "00.10.31.37.250", "quadra_cartorio": null, "lote_cartorio": "25", "matricula": "143376", "circunscricao": "1º CIRCUNSCRIÇÃO", "zoneamento": "AUM - ÁREA DE USO MISTO", "condominio": null, "area_geom": 200.0, "cnm": "062661.2.0143376-49" }, "geometry": { "type": "Polygon", "coordinates": [ [ [ -54.757904, -22.274458 ], [ -54.757892, -22.274548 ], [ -54.757699, -22.274524 ], [ -54.757712, -22.274434 ], [ -54.757904, -22.274458 ] ] ] } },
{ "type": "Feature", "properties": { "id": 76660, "insc_imob": "00.10.31.37.260", "quadra_cartorio": null, "lote_cartorio": "26", "matricula": "143377", "circunscricao": "1º CIRCUNSCRIÇÃO", "zoneamento": "AUM - ÁREA DE USO MISTO", "condominio": null, "area_geom": 240.0, "cnm": "062661.2.0143377-46" }, "geometry": { "type": "Polygon", "coordinates": [ [ [ -54.75792, -22.274351 ], [ -54.757904, -22.274458 ], [ -54.757712, -22.274434 ], [ -54.757727, -22.274327 ], [ -54.75792, -22.274351 ] ] ] } },
{ "type": "Feature", "properties": { "id": 76661, "insc_imob": "00.10.31.38.050", "quadra_cartorio": null, "lote_cartorio": "05", "matricula": "143382", "circunscricao": "1º CIRCUNSCRIÇÃO", "zoneamento": "AUM - ÁREA DE USO MISTO", "condominio": null, "area_geom": 200.0, "cnm": "062661.2.0143382-31" }, "geometry": { "type": "Polygon", "coordinates": [ [ [ -54.756965, -22.274615 ], [ -54.756957, -22.274669 ], [ -54.756952, -22.274705 ], [ -54.75676, -22.274681 ], [ -54.756773, -22.274592 ], [ -54.756965, -22.274615 ] ] ] } },
{ "type": "Feature", "properties": { "id": 76662, "insc_imob": "00.10.31.38.060", "quadra_cartorio": null, "lote_cartorio": "06", "matricula": "143383", "circunscricao": "1º CIRCUNSCRIÇÃO", "zoneamento": "AUM - ÁREA DE USO MISTO", "condominio": null, "area_geom": 200.0, "cnm": "062661.2.0143383-28" }, "geometry": { "type": "Polygon", "coordinates": [ [ [ -54.756952, -22.274705 ], [ -54.756942, -22.274776 ], [ -54.756939, -22.274794 ], [ -54.756747, -22.274771 ], [ -54.75676, -22.274681 ], [ -54.756952, -22.274705 ] ] ] } },
{ "type": "Feature", "properties": { "id": 76663, "insc_imob": "00.10.31.38.070", "quadra_cartorio": null, "lote_cartorio": "07", "matricula": "143384", "circunscricao": "1º CIRCUNSCRIÇÃO", "zoneamento": "AUM - ÁREA DE USO MISTO", "condominio": null, "area_geom": 200.0, "cnm": "062661.2.0143384-25" }, "geometry": { "type": "Polygon", "coordinates": [ [ [ -54.756939, -22.274794 ], [ -54.756927, -22.274884 ], [ -54.756734, -22.27486 ], [ -54.756747, -22.274771 ], [ -54.756939, -22.274794 ] ] ] } },
{ "type": "Feature", "properties": { "id": 76665, "insc_imob": "00.10.31.38.090", "quadra_cartorio": null, "lote_cartorio": "09", "matricula": "143386", "circunscricao": "1º CIRCUNSCRIÇÃO", "zoneamento": "AUM - ÁREA DE USO MISTO", "condominio": null, "area_geom": 200.0, "cnm": "062661.2.0143386-19" }, "geometry": { "type": "Polygon", "coordinates": [ [ [ -54.756914, -22.274973 ], [ -54.756911, -22.274991 ], [ -54.756901, -22.275063 ], [ -54.756709, -22.275039 ], [ -54.756722, -22.27495 ], [ -54.756914, -22.274973 ] ] ] } },
{ "type": "Feature", "properties": { "id": 76666, "insc_imob": "00.10.31.38.100", "quadra_cartorio": null, "lote_cartorio": "10", "matricula": "143387", "circunscricao": "1º CIRCUNSCRIÇÃO", "zoneamento": "AUM - ÁREA DE USO MISTO", "condominio": null, "area_geom": 200.0, "cnm": "062661.2.0143387-16" }, "geometry": { "type": "Polygon", "coordinates": [ [ [ -54.756901, -22.275063 ], [ -54.756896, -22.275099 ], [ -54.756888, -22.275152 ], [ -54.756696, -22.275129 ], [ -54.756709, -22.275039 ], [ -54.756901, -22.275063 ] ] ] } },
{ "type": "Feature", "properties": { "id": 76667, "insc_imob": "00.10.31.38.110", "quadra_cartorio": null, "lote_cartorio": "11", "matricula": "143388", "circunscricao": "1º CIRCUNSCRIÇÃO", "zoneamento": "AUM - ÁREA DE USO MISTO", "condominio": null, "area_geom": 200.0, "cnm": "062661.2.0143388-13" }, "geometry": { "type": "Polygon", "coordinates": [ [ [ -54.756888, -22.275152 ], [ -54.756881, -22.275206 ], [ -54.756876, -22.275242 ], [ -54.756683, -22.275218 ], [ -54.756696, -22.275129 ], [ -54.756888, -22.275152 ] ] ] } },
{ "type": "Feature", "properties": { "id": 76668, "insc_imob": "00.10.31.38.120", "quadra_cartorio": null, "lote_cartorio": "12", "matricula": "143389", "circunscricao": "1º CIRCUNSCRIÇÃO", "zoneamento": "AUM - ÁREA DE USO MISTO", "condominio": null, "area_geom": 200.0, "cnm": "062661.2.0143389-10" }, "geometry": { "type": "Polygon", "coordinates": [ [ [ -54.756876, -22.275242 ], [ -54.756865, -22.275313 ], [ -54.756863, -22.275331 ], [ -54.756671, -22.275308 ], [ -54.756683, -22.275218 ], [ -54.756876, -22.275242 ] ] ] } },
{ "type": "Feature", "properties": { "id": 76669, "insc_imob": "00.10.31.38.130", "quadra_cartorio": null, "lote_cartorio": "13", "matricula": "143390", "circunscricao": "1º CIRCUNSCRIÇÃO", "zoneamento": "AUM - ÁREA DE USO MISTO", "condominio": null, "area_geom": 200.0, "cnm": "062661.2.0143390-07" }, "geometry": { "type": "Polygon", "coordinates": [ [ [ -54.756863, -22.275331 ], [ -54.75685, -22.275421 ], [ -54.756658, -22.275397 ], [ -54.756671, -22.275308 ], [ -54.756863, -22.275331 ] ] ] } },
{ "type": "Feature", "properties": { "id": 76671, "insc_imob": "00.10.31.38.140", "quadra_cartorio": null, "lote_cartorio": "14", "matricula": "143391", "circunscricao": "1º CIRCUNSCRIÇÃO", "zoneamento": "AUM - ÁREA DE USO MISTO", "condominio": null, "area_geom": 240.0, "cnm": "062661.2.0143391-04" }, "geometry": { "type": "Polygon", "coordinates": [ [ [ -54.75685, -22.275421 ], [ -54.756835, -22.275528 ], [ -54.756642, -22.275504 ], [ -54.756658, -22.275397 ], [ -54.75685, -22.275421 ] ] ] } },
{ "type": "Feature", "properties": { "id": 76640, "insc_imob": "00.10.31.37.120", "quadra_cartorio": null, "lote_cartorio": "12", "matricula": "143363", "circunscricao": "1º CIRCUNSCRIÇÃO", "zoneamento": "AUM - ÁREA DE USO MISTO", "condominio": null, "area_geom": 344.4, "cnm": "062661.2.0143363-88" }, "geometry": { "type": "Polygon", "coordinates": [ [ [ -54.757559, -22.275508 ], [ -54.757543, -22.275616 ], [ -54.757267, -22.275582 ], [ -54.757283, -22.275474 ], [ -54.757559, -22.275508 ] ] ] } },
{ "type": "Feature", "properties": { "id": 76642, "insc_imob": "00.10.31.37.180", "quadra_cartorio": null, "lote_cartorio": "18", "matricula": "143369", "circunscricao": "1º CIRCUNSCRIÇÃO", "zoneamento": "AUM - ÁREA DE USO MISTO", "condominio": null, "area_geom": 200.0, "cnm": "062661.2.0143369-70" }, "geometry": { "type": "Polygon", "coordinates": [ [ [ -54.757815, -22.275085 ], [ -54.757802, -22.275174 ], [ -54.75761, -22.27515 ], [ -54.75762, -22.275079 ], [ -54.757623, -22.275061 ], [ -54.757815, -22.275085 ] ] ] } },
{ "type": "Feature", "properties": { "id": 76643, "insc_imob": "00.10.31.37.170", "quadra_cartorio": null, "lote_cartorio": "17", "matricula": "143368", "circunscricao": "1º CIRCUNSCRIÇÃO", "zoneamento": "AUM - ÁREA DE USO MISTO", "condominio": null, "area_geom": 200.0, "cnm": "062661.2.0143368-73" }, "geometry": { "type": "Polygon", "coordinates": [ [ [ -54.757802, -22.275174 ], [ -54.757789, -22.275264 ], [ -54.757597, -22.27524 ], [ -54.757605, -22.275186 ], [ -54.75761, -22.27515 ], [ -54.757802, -22.275174 ] ] ] } },
{ "type": "Feature", "properties": { "id": 76649, "insc_imob": "00.10.31.37.160", "quadra_cartorio": null, "lote_cartorio": "16", "matricula": "143367", "circunscricao": "1º CIRCUNSCRIÇÃO", "zoneamento": "AUM - ÁREA DE USO MISTO", "condominio": null, "area_geom": 200.0, "cnm": "062661.2.0143367-76" }, "geometry": { "type": "Polygon", "coordinates": [ [ [ -54.757789, -22.275264 ], [ -54.757777, -22.275353 ], [ -54.757584, -22.275329 ], [ -54.757589, -22.275294 ], [ -54.757597, -22.27524 ], [ -54.757789, -22.275264 ] ] ] } },
{ "type": "Feature", "properties": { "id": 76650, "insc_imob": "00.10.31.37.150", "quadra_cartorio": null, "lote_cartorio": "15", "matricula": "143366", "circunscricao": "1º CIRCUNSCRIÇÃO", "zoneamento": "AUM - ÁREA DE USO MISTO", "condominio": null, "area_geom": 200.0, "cnm": "062661.2.0143366-79" }, "geometry": { "type": "Polygon", "coordinates": [ [ [ -54.757777, -22.275353 ], [ -54.757764, -22.275443 ], [ -54.757572, -22.275419 ], [ -54.757574, -22.275401 ], [ -54.757584, -22.275329 ], [ -54.757777, -22.275353 ] ] ] } },
{ "type": "Feature", "properties": { "id": 76651, "insc_imob": "00.10.31.37.140", "quadra_cartorio": null, "lote_cartorio": "14", "matricula": "143365", "circunscricao": "1º CIRCUNSCRIÇÃO", "zoneamento": "AUM - ÁREA DE USO MISTO", "condominio": null, "area_geom": 200.0, "cnm": "062661.2.0143365-82" }, "geometry": { "type": "Polygon", "coordinates": [ [ [ -54.757764, -22.275443 ], [ -54.757751, -22.275532 ], [ -54.757559, -22.275508 ], [ -54.757572, -22.275419 ], [ -54.757764, -22.275443 ] ] ] } },
{ "type": "Feature", "properties": { "id": 76652, "insc_imob": "00.10.31.37.130", "quadra_cartorio": null, "lote_cartorio": "13", "matricula": "143364", "circunscricao": "1º CIRCUNSCRIÇÃO", "zoneamento": "AUM - ÁREA DE USO MISTO", "condominio": null, "area_geom": 240.0, "cnm": "062661.2.0143364-85" }, "geometry": { "type": "Polygon", "coordinates": [ [ [ -54.757751, -22.275532 ], [ -54.757736, -22.27564 ], [ -54.757543, -22.275616 ], [ -54.757559, -22.275508 ], [ -54.757751, -22.275532 ] ] ] } },
{ "type": "Feature", "properties": { "id": 76654, "insc_imob": "00.10.31.37.200", "quadra_cartorio": null, "lote_cartorio": "20", "matricula": "143371", "circunscricao": "1º CIRCUNSCRIÇÃO", "zoneamento": "AUM - ÁREA DE USO MISTO", "condominio": null, "area_geom": 200.0, "cnm": "062661.2.0143371-64" }, "geometry": { "type": "Polygon", "coordinates": [ [ [ -54.75784, -22.274906 ], [ -54.757828, -22.274995 ], [ -54.757635, -22.274971 ], [ -54.757648, -22.274882 ], [ -54.75784, -22.274906 ] ] ] } },
{ "type": "Feature", "properties": { "id": 76655, "insc_imob": "00.10.31.37.210", "quadra_cartorio": null, "lote_cartorio": "21", "matricula": "143372", "circunscricao": "1º CIRCUNSCRIÇÃO", "zoneamento": "AUM - ÁREA DE USO MISTO", "condominio": null, "area_geom": 200.0, "cnm": "062661.2.0143372-61" }, "geometry": { "type": "Polygon", "coordinates": [ [ [ -54.757853, -22.274816 ], [ -54.75784, -22.274906 ], [ -54.757648, -22.274882 ], [ -54.757651, -22.274864 ], [ -54.757661, -22.274792 ], [ -54.757853, -22.274816 ] ] ] } },
{ "type": "Feature", "properties": { "id": 76624, "insc_imob": "00.10.31.18.150", "quadra_cartorio": null, "lote_cartorio": "15", "matricula": "143187", "circunscricao": "1º CIRCUNSCRIÇÃO", "zoneamento": "AUM - ÁREA DE USO MISTO", "condominio": null, "area_geom": 300.0, "cnm": "062661.2.0143187-34" }, "geometry": { "type": "Polygon", "coordinates": [ [ [ -54.757339, -22.273705 ], [ -54.757324, -22.273813 ], [ -54.757084, -22.273783 ], [ -54.757096, -22.273693 ], [ -54.757099, -22.273676 ], [ -54.757339, -22.273705 ] ] ] } },
{ "type": "Feature", "properties": { "id": 76625, "insc_imob": "00.10.31.18.160", "quadra_cartorio": null, "lote_cartorio": "16", "matricula": "143188", "circunscricao": "1º CIRCUNSCRIÇÃO", "zoneamento": "AUM - ÁREA DE USO MISTO", "condominio": null, "area_geom": 300.0, "cnm": "062661.2.0143188-31" }, "geometry": { "type": "Polygon", "coordinates": [ [ [ -54.757355, -22.273598 ], [ -54.757339, -22.273705 ], [ -54.757099, -22.273676 ], [ -54.757109, -22.273604 ], [ -54.757114, -22.273568 ], [ -54.757355, -22.273598 ] ] ] } },
{ "type": "Feature", "properties": { "id": 76626, "insc_imob": "00.10.31.18.170", "quadra_cartorio": null, "lote_cartorio": "17", "matricula": "143189", "circunscricao": "1º CIRCUNSCRIÇÃO", "zoneamento": "AUM - ÁREA DE USO MISTO", "condominio": null, "area_geom": 300.0, "cnm": "062661.2.0143189-28" }, "geometry": { "type": "Polygon", "coordinates": [ [ [ -54.75737, -22.27349 ], [ -54.757355, -22.273598 ], [ -54.757114, -22.273568 ], [ -54.757122, -22.273514 ], [ -54.75713, -22.273461 ], [ -54.75737, -22.27349 ] ] ] } },
{ "type": "Feature", "properties": { "id": 76627, "insc_imob": "00.10.31.18.180", "quadra_cartorio": null, "lote_cartorio": "18", "matricula": "143190", "circunscricao": "1º CIRCUNSCRIÇÃO", "zoneamento": "AUM - ÁREA DE USO MISTO", "condominio": null, "area_geom": 300.0, "cnm": "062661.2.0143190-25" }, "geometry": { "type": "Polygon", "coordinates": [ [ [ -54.757385, -22.273383 ], [ -54.75737, -22.27349 ], [ -54.75713, -22.273461 ], [ -54.757135, -22.273425 ], [ -54.757145, -22.273353 ], [ -54.757385, -22.273383 ] ] ] } },
{ "type": "Feature", "properties": { "id": 76628, "insc_imob": "00.10.31.18.190", "quadra_cartorio": null, "lote_cartorio": "19", "matricula": "143191", "circunscricao": "1º CIRCUNSCRIÇÃO", "zoneamento": "AUM - ÁREA DE USO MISTO", "condominio": null, "area_geom": 300.0, "cnm": "062661.2.0143191-22" }, "geometry": { "type": "Polygon", "coordinates": [ [ [ -54.757401, -22.273276 ], [ -54.757385, -22.273383 ], [ -54.757145, -22.273353 ], [ -54.757148, -22.273335 ], [ -54.75716, -22.273246 ], [ -54.757401, -22.273276 ] ] ] } },
{ "type": "Feature", "properties": { "id": 76629, "insc_imob": "00.10.31.37.040", "quadra_cartorio": null, "lote_cartorio": "04", "matricula": "143355", "circunscricao": "1º CIRCUNSCRIÇÃO", "zoneamento": "AUM - ÁREA DE USO MISTO", "condominio": null, "area_geom": 344.4, "cnm": "062661.2.0143355-15" }, "geometry": { "type": "Polygon", "coordinates": [ [ [ -54.757681, -22.274649 ], [ -54.757674, -22.274703 ], [ -54.757666, -22.274757 ], [ -54.75739, -22.274722 ], [ -54.757405, -22.274615 ], [ -54.757681, -22.274649 ] ] ] } },
{ "type": "Feature", "properties": { "id": 76630, "insc_imob": "00.10.31.37.050", "quadra_cartorio": null, "lote_cartorio": "05", "matricula": "143356", "circunscricao": "1º CIRCUNSCRIÇÃO", "zoneamento": "AUM - ÁREA DE USO MISTO", "condominio": null, "area_geom": 344.4, "cnm": "062661.2.0143356-12" }, "geometry": { "type": "Polygon", "coordinates": [ [ [ -54.757666, -22.274757 ], [ -54.757661, -22.274792 ], [ -54.757651, -22.274864 ], [ -54.757375, -22.27483 ], [ -54.75739, -22.274722 ], [ -54.757666, -22.274757 ] ] ] } },
{ "type": "Feature", "properties": { "id": 76631, "insc_imob": "00.10.31.37.060", "quadra_cartorio": null, "lote_cartorio": "06", "matricula": "143357", "circunscricao": "1º CIRCUNSCRIÇÃO", "zoneamento": "AUM - ÁREA DE USO MISTO", "condominio": null, "area_geom": 344.4, "cnm": "062661.2.0143357-09" }, "geometry": { "type": "Polygon", "coordinates": [ [ [ -54.757651, -22.274864 ], [ -54.757648, -22.274882 ], [ -54.757635, -22.274971 ], [ -54.757359, -22.274937 ], [ -54.757375, -22.27483 ], [ -54.757651, -22.274864 ] ] ] } },
{ "type": "Feature", "properties": { "id": 76632, "insc_imob": "00.10.31.37.070", "quadra_cartorio": null, "lote_cartorio": "07", "matricula": "143358", "circunscricao": "1º CIRCUNSCRIÇÃO", "zoneamento": "AUM - ÁREA DE USO MISTO", "condominio": null, "area_geom": 344.4, "cnm": "062661.2.0143358-06" }, "geometry": { "type": "Polygon", "coordinates": [ [ [ -54.757635, -22.274971 ], [ -54.757623, -22.275061 ], [ -54.75762, -22.275079 ], [ -54.757344, -22.275045 ], [ -54.757359, -22.274937 ], [ -54.757635, -22.274971 ] ] ] } },
{ "type": "Feature", "properties": { "id": 76633, "insc_imob": "00.10.31.37.080", "quadra_cartorio": null, "lote_cartorio": "08", "matricula": "143359", "circunscricao": "1º CIRCUNSCRIÇÃO", "zoneamento": "AUM - ÁREA DE USO MISTO", "condominio": null, "area_geom": 344.4, "cnm": "062661.2.0143359-03" }, "geometry": { "type": "Polygon", "coordinates": [ [ [ -54.75762, -22.275079 ], [ -54.75761, -22.27515 ], [ -54.757605, -22.275186 ], [ -54.757329, -22.275152 ], [ -54.757344, -22.275045 ], [ -54.75762, -22.275079 ] ] ] } },
{ "type": "Feature", "properties": { "id": 76634, "insc_imob": "00.10.31.37.090", "quadra_cartorio": null, "lote_cartorio": "09", "matricula": "143360", "circunscricao": "1º CIRCUNSCRIÇÃO", "zoneamento": "AUM - ÁREA DE USO MISTO", "condominio": null, "area_geom": 344.4, "cnm": "062661.2.0143360-97" }, "geometry": { "type": "Polygon", "coordinates": [ [ [ -54.757605, -22.275186 ], [ -54.757597, -22.27524 ], [ -54.757589, -22.275294 ], [ -54.757313, -22.275259 ], [ -54.757329, -22.275152 ], [ -54.757605, -22.275186 ] ] ] } },
{ "type": "Feature", "properties": { "id": 76635, "insc_imob": "00.10.31.37.100", "quadra_cartorio": null, "lote_cartorio": "10", "matricula": "143361", "circunscricao": "1º CIRCUNSCRIÇÃO", "zoneamento": "AUM - ÁREA DE USO MISTO", "condominio": null, "area_geom": 344.4, "cnm": "062661.2.0143361-94" }, "geometry": { "type": "Polygon", "coordinates": [ [ [ -54.757589, -22.275294 ], [ -54.757584, -22.275329 ], [ -54.757574, -22.275401 ], [ -54.757298, -22.275367 ], [ -54.757313, -22.275259 ], [ -54.757589, -22.275294 ] ] ] } },
{ "type": "Feature", "properties": { "id": 76636, "insc_imob": "00.10.31.37.110", "quadra_cartorio": null, "lote_cartorio": "11", "matricula": "143362", "circunscricao": "1º CIRCUNSCRIÇÃO", "zoneamento": "AUM - ÁREA DE USO MISTO", "condominio": null, "area_geom": 344.4, "cnm": "062661.2.0143362-91" }, "geometry": { "type": "Polygon", "coordinates": [ [ [ -54.757574, -22.275401 ], [ -54.757572, -22.275419 ], [ -54.757559, -22.275508 ], [ -54.757283, -22.275474 ], [ -54.757298, -22.275367 ], [ -54.757574, -22.275401 ] ] ] } },
{ "type": "Feature", "properties": { "id": 76637, "insc_imob": "00.10.31.37.010", "quadra_cartorio": null, "lote_cartorio": "01", "matricula": "143352", "circunscricao": "1º CIRCUNSCRIÇÃO", "zoneamento": "AUM - ÁREA DE USO MISTO", "condominio": null, "area_geom": 344.4, "cnm": "062661.2.0143352-24" }, "geometry": { "type": "Polygon", "coordinates": [ [ [ -54.757727, -22.274327 ], [ -54.757712, -22.274434 ], [ -54.757436, -22.2744 ], [ -54.757451, -22.274293 ], [ -54.757727, -22.274327 ] ] ] } },
{ "type": "Feature", "properties": { "id": 76638, "insc_imob": "00.10.31.37.020", "quadra_cartorio": null, "lote_cartorio": "02", "matricula": "143353", "circunscricao": "1º CIRCUNSCRIÇÃO", "zoneamento": "AUM - ÁREA DE USO MISTO", "condominio": null, "area_geom": 344.4, "cnm": "062661.2.0143353-21" }, "geometry": { "type": "Polygon", "coordinates": [ [ [ -54.757712, -22.274434 ], [ -54.757699, -22.274524 ], [ -54.757697, -22.274542 ], [ -54.757421, -22.274508 ], [ -54.757436, -22.2744 ], [ -54.757712, -22.274434 ] ] ] } },
{ "type": "Feature", "properties": { "id": 76639, "insc_imob": "00.10.31.37.030", "quadra_cartorio": null, "lote_cartorio": "03", "matricula": "143354", "circunscricao": "1º CIRCUNSCRIÇÃO", "zoneamento": "AUM - ÁREA DE USO MISTO", "condominio": null, "area_geom": 344.4, "cnm": "062661.2.0143354-18" }, "geometry": { "type": "Polygon", "coordinates": [ [ [ -54.757697, -22.274542 ], [ -54.757686, -22.274613 ], [ -54.757681, -22.274649 ], [ -54.757405, -22.274615 ], [ -54.757421, -22.274508 ], [ -54.757697, -22.274542 ] ] ] } },
{ "type": "Feature", "properties": { "id": 126531, "insc_imob": "00.10.32.13.190", "quadra_cartorio": "13", "lote_cartorio": "19", "matricula": "168073", "circunscricao": null, "zoneamento": null, "condominio": null, "area_geom": 200.0, "cnm": "062661.2.0168073-66" }, "geometry": { "type": "Polygon", "coordinates": [ [ [ -54.754549, -22.276394 ], [ -54.754539, -22.276484 ], [ -54.754346, -22.276466 ], [ -54.754356, -22.276376 ], [ -54.754549, -22.276394 ] ] ] } },
{ "type": "Feature", "properties": { "id": 76608, "insc_imob": "00.10.31.17.130", "quadra_cartorio": null, "lote_cartorio": "13", "matricula": "143165", "circunscricao": "1º CIRCUNSCRIÇÃO", "zoneamento": "AUM - ÁREA DE USO MISTO", "condominio": null, "area_geom": 200.0, "cnm": "062661.2.0143165-03" }, "geometry": { "type": "Polygon", "coordinates": [ [ [ -54.757972, -22.273984 ], [ -54.757959, -22.274073 ], [ -54.757767, -22.27405 ], [ -54.757777, -22.273978 ], [ -54.75778, -22.27396 ], [ -54.757972, -22.273984 ] ] ] } },
{ "type": "Feature", "properties": { "id": 76609, "insc_imob": "00.10.31.17.200", "quadra_cartorio": null, "lote_cartorio": "20", "matricula": "143172", "circunscricao": "1º CIRCUNSCRIÇÃO", "zoneamento": "AUM - ÁREA DE USO MISTO", "condominio": null, "area_geom": 200.0, "cnm": "062661.2.0143172-79" }, "geometry": { "type": "Polygon", "coordinates": [ [ [ -54.758061, -22.273357 ], [ -54.758049, -22.273447 ], [ -54.757856, -22.273423 ], [ -54.757869, -22.273334 ], [ -54.757907, -22.273338 ], [ -54.758061, -22.273357 ] ] ] } },
{ "type": "Feature", "properties": { "id": 76610, "insc_imob": "00.10.31.17.190", "quadra_cartorio": null, "lote_cartorio": "19", "matricula": "143171", "circunscricao": "1º CIRCUNSCRIÇÃO", "zoneamento": "AUM - ÁREA DE USO MISTO", "condominio": null, "area_geom": 200.0, "cnm": "062661.2.0143171-82" }, "geometry": { "type": "Polygon", "coordinates": [ [ [ -54.758049, -22.273447 ], [ -54.758036, -22.273536 ], [ -54.757843, -22.273513 ], [ -54.757854, -22.273441 ], [ -54.757856, -22.273423 ], [ -54.758049, -22.273447 ] ] ] } },
{ "type": "Feature", "properties": { "id": 76611, "insc_imob": "00.10.31.18.030", "quadra_cartorio": null, "lote_cartorio": "03", "matricula": "143175", "circunscricao": "1º CIRCUNSCRIÇÃO", "zoneamento": "AUM - ÁREA DE USO MISTO", "condominio": null, "area_geom": 200.0, "cnm": "062661.2.0143175-70" }, "geometry": { "type": "Polygon", "coordinates": [ [ [ -54.75716, -22.273246 ], [ -54.757148, -22.273335 ], [ -54.756955, -22.273312 ], [ -54.756968, -22.273222 ], [ -54.75716, -22.273246 ] ] ] } },
{ "type": "Feature", "properties": { "id": 76612, "insc_imob": "00.10.31.18.040", "quadra_cartorio": null, "lote_cartorio": "04", "matricula": "143176", "circunscricao": "1º CIRCUNSCRIÇÃO", "zoneamento": "AUM - ÁREA DE USO MISTO", "condominio": null, "area_geom": 200.0, "cnm": "062661.2.0143176-67" }, "geometry": { "type": "Polygon", "coordinates": [ [ [ -54.757148, -22.273335 ], [ -54.757145, -22.273353 ], [ -54.757135, -22.273425 ], [ -54.756942, -22.273401 ], [ -54.756955, -22.273312 ], [ -54.757148, -22.273335 ] ] ] } },
{ "type": "Feature", "properties": { "id": 76613, "insc_imob": "00.10.31.18.050", "quadra_cartorio": null, "lote_cartorio": "05", "matricula": "143177", "circunscricao": "1º CIRCUNSCRIÇÃO", "zoneamento": "AUM - ÁREA DE USO MISTO", "condominio": null, "area_geom": 200.0, "cnm": "062661.2.0143177-64" }, "geometry": { "type": "Polygon", "coordinates": [ [ [ -54.757135, -22.273425 ], [ -54.75713, -22.273461 ], [ -54.757122, -22.273514 ], [ -54.75693, -22.273491 ], [ -54.756942, -22.273401 ], [ -54.757135, -22.273425 ] ] ] } },
{ "type": "Feature", "properties": { "id": 76614, "insc_imob": "00.10.31.18.060", "quadra_cartorio": null, "lote_cartorio": "06", "matricula": "143178", "circunscricao": "1º CIRCUNSCRIÇÃO", "zoneamento": "AUM - ÁREA DE USO MISTO", "condominio": null, "area_geom": 200.0, "cnm": "062661.2.0143178-61" }, "geometry": { "type": "Polygon", "coordinates": [ [ [ -54.757122, -22.273514 ], [ -54.757114, -22.273568 ], [ -54.757109, -22.273604 ], [ -54.756917, -22.27358 ], [ -54.75693, -22.273491 ], [ -54.757122, -22.273514 ] ] ] } },
{ "type": "Feature", "properties": { "id": 76615, "insc_imob": "00.10.31.18.070", "quadra_cartorio": null, "lote_cartorio": "07", "matricula": "143179", "circunscricao": "1º CIRCUNSCRIÇÃO", "zoneamento": "AUM - ÁREA DE USO MISTO", "condominio": null, "area_geom": 200.0, "cnm": "062661.2.0143179-58" }, "geometry": { "type": "Polygon", "coordinates": [ [ [ -54.757109, -22.273604 ], [ -54.757099, -22.273676 ], [ -54.757096, -22.273693 ], [ -54.756904, -22.27367 ], [ -54.756917, -22.27358 ], [ -54.757109, -22.273604 ] ] ] } },
{ "type": "Feature", "properties": { "id": 76617, "insc_imob": "00.10.31.18.080", "quadra_cartorio": null, "lote_cartorio": "08", "matricula": "143180", "circunscricao": "1º CIRCUNSCRIÇÃO", "zoneamento": "AUM - ÁREA DE USO MISTO", "condominio": null, "area_geom": 200.0, "cnm": "062661.2.0143180-55" }, "geometry": { "type": "Polygon", "coordinates": [ [ [ -54.757096, -22.273693 ], [ -54.757084, -22.273783 ], [ -54.756891, -22.273759 ], [ -54.756904, -22.27367 ], [ -54.757096, -22.273693 ] ] ] } },
{ "type": "Feature", "properties": { "id": 76618, "insc_imob": "00.10.31.18.090", "quadra_cartorio": null, "lote_cartorio": "09", "matricula": "143181", "circunscricao": "1º CIRCUNSCRIÇÃO", "zoneamento": "AUM - ÁREA DE USO MISTO", "condominio": null, "area_geom": 200.0, "cnm": "062661.2.0143181-52" }, "geometry": { "type": "Polygon", "coordinates": [ [ [ -54.757084, -22.273783 ], [ -54.757071, -22.273872 ], [ -54.756879, -22.273849 ], [ -54.756891, -22.273759 ], [ -54.757084, -22.273783 ] ] ] } },
{ "type": "Feature", "properties": { "id": 76619, "insc_imob": "00.10.31.18.100", "quadra_cartorio": null, "lote_cartorio": "10", "matricula": "143182", "circunscricao": "1º CIRCUNSCRIÇÃO", "zoneamento": "AUM - ÁREA DE USO MISTO", "condominio": null, "area_geom": 200.0, "cnm": "062661.2.0143182-49" }, "geometry": { "type": "Polygon", "coordinates": [ [ [ -54.757071, -22.273872 ], [ -54.757068, -22.27389 ], [ -54.757058, -22.273962 ], [ -54.756866, -22.273938 ], [ -54.756879, -22.273849 ], [ -54.757071, -22.273872 ] ] ] } },
{ "type": "Feature", "properties": { "id": 76620, "insc_imob": "00.10.31.18.110", "quadra_cartorio": null, "lote_cartorio": "11", "matricula": "143183", "circunscricao": "1º CIRCUNSCRIÇÃO", "zoneamento": "AUM - ÁREA DE USO MISTO", "condominio": null, "area_geom": 320.0, "cnm": "062661.2.0143183-46" }, "geometry": { "type": "Polygon", "coordinates": [ [ [ -54.757058, -22.273962 ], [ -54.757053, -22.273998 ], [ -54.757038, -22.274105 ], [ -54.756845, -22.274081 ], [ -54.756866, -22.273938 ], [ -54.757058, -22.273962 ] ] ] } },
{ "type": "Feature", "properties": { "id": 76621, "insc_imob": "00.10.31.18.130", "quadra_cartorio": null, "lote_cartorio": "13", "matricula": "143185", "circunscricao": "1º CIRCUNSCRIÇÃO", "zoneamento": "AUM - ÁREA DE USO MISTO", "condominio": null, "area_geom": 300.0, "cnm": "062661.2.0143185-40" }, "geometry": { "type": "Polygon", "coordinates": [ [ [ -54.757309, -22.27392 ], [ -54.757293, -22.274027 ], [ -54.757053, -22.273998 ], [ -54.757058, -22.273962 ], [ -54.757068, -22.27389 ], [ -54.757309, -22.27392 ] ] ] } },
{ "type": "Feature", "properties": { "id": 76622, "insc_imob": "00.10.31.18.120", "quadra_cartorio": null, "lote_cartorio": "12", "matricula": "143184", "circunscricao": "1º CIRCUNSCRIÇÃO", "zoneamento": "AUM - ÁREA DE USO MISTO", "condominio": null, "area_geom": 300.0, "cnm": "062661.2.0143184-43" }, "geometry": { "type": "Polygon", "coordinates": [ [ [ -54.757293, -22.274027 ], [ -54.757278, -22.274135 ], [ -54.757038, -22.274105 ], [ -54.757053, -22.273998 ], [ -54.757293, -22.274027 ] ] ] } },
{ "type": "Feature", "properties": { "id": 76623, "insc_imob": "00.10.31.18.140", "quadra_cartorio": null, "lote_cartorio": "14", "matricula": "143186", "circunscricao": "1º CIRCUNSCRIÇÃO", "zoneamento": "AUM - ÁREA DE USO MISTO", "condominio": null, "area_geom": 300.0, "cnm": "062661.2.0143186-37" }, "geometry": { "type": "Polygon", "coordinates": [ [ [ -54.757324, -22.273813 ], [ -54.757309, -22.27392 ], [ -54.757068, -22.27389 ], [ -54.757071, -22.273872 ], [ -54.757084, -22.273783 ], [ -54.757324, -22.273813 ] ] ] } },
{ "type": "Feature", "properties": { "id": 76464, "insc_imob": "00.10.31.35.040", "quadra_cartorio": null, "lote_cartorio": "04", "matricula": "143299", "circunscricao": "1º CIRCUNSCRIÇÃO", "zoneamento": "AUM - ÁREA DE USO MISTO", "condominio": null, "area_geom": 200.0, "cnm": "062661.2.0143299-86" }, "geometry": { "type": "Polygon", "coordinates": [ [ [ -54.758701, -22.274739 ], [ -54.758688, -22.274828 ], [ -54.758496, -22.274804 ], [ -54.758509, -22.274715 ], [ -54.758701, -22.274739 ] ] ] } },
{ "type": "Feature", "properties": { "id": 76465, "insc_imob": "00.10.31.35.250", "quadra_cartorio": null, "lote_cartorio": "25", "matricula": "143320", "circunscricao": "1º CIRCUNSCRIÇÃO", "zoneamento": "AUM - ÁREA DE USO MISTO", "condominio": null, "area_geom": 200.0, "cnm": "062661.2.0143320-23" }, "geometry": { "type": "Polygon", "coordinates": [ [ [ -54.758893, -22.274762 ], [ -54.75888, -22.274852 ], [ -54.758688, -22.274828 ], [ -54.758701, -22.274739 ], [ -54.758893, -22.274762 ] ] ] } },
{ "type": "Feature", "properties": { "id": 76466, "insc_imob": "00.10.31.35.030", "quadra_cartorio": null, "lote_cartorio": "03", "matricula": "143298", "circunscricao": "1º CIRCUNSCRIÇÃO", "zoneamento": "AUM - ÁREA DE USO MISTO", "condominio": null, "area_geom": 200.0, "cnm": "062661.2.0143298-89" }, "geometry": { "type": "Polygon", "coordinates": [ [ [ -54.758714, -22.274649 ], [ -54.758701, -22.274739 ], [ -54.758509, -22.274715 ], [ -54.758521, -22.274625 ], [ -54.758714, -22.274649 ] ] ] } },
{ "type": "Feature", "properties": { "id": 76467, "insc_imob": "00.10.31.35.260", "quadra_cartorio": null, "lote_cartorio": "26", "matricula": "143321", "circunscricao": "1º CIRCUNSCRIÇÃO", "zoneamento": "AUM - ÁREA DE USO MISTO", "condominio": null, "area_geom": 200.0, "cnm": "062661.2.0143321-20" }, "geometry": { "type": "Polygon", "coordinates": [ [ [ -54.758906, -22.274673 ], [ -54.758893, -22.274762 ], [ -54.758701, -22.274739 ], [ -54.758714, -22.274649 ], [ -54.758906, -22.274673 ] ] ] } },
{ "type": "Feature", "properties": { "id": 76468, "insc_imob": "00.10.31.35.020", "quadra_cartorio": null, "lote_cartorio": "02", "matricula": "143297", "circunscricao": "1º CIRCUNSCRIÇÃO", "zoneamento": "AUM - ÁREA DE USO MISTO", "condominio": null, "area_geom": 200.0, "cnm": "062661.2.0143297-92" }, "geometry": { "type": "Polygon", "coordinates": [ [ [ -54.758726, -22.27456 ], [ -54.758714, -22.274649 ], [ -54.758521, -22.274625 ], [ -54.758534, -22.274536 ], [ -54.758726, -22.27456 ] ] ] } },
{ "type": "Feature", "properties": { "id": 76469, "insc_imob": "00.10.31.35.270", "quadra_cartorio": null, "lote_cartorio": "27", "matricula": "143322", "circunscricao": "1º CIRCUNSCRIÇÃO", "zoneamento": "AUM - ÁREA DE USO MISTO", "condominio": null, "area_geom": 200.0, "cnm": "062661.2.0143322-17" }, "geometry": { "type": "Polygon", "coordinates": [ [ [ -54.758919, -22.274583 ], [ -54.758906, -22.274673 ], [ -54.758714, -22.274649 ], [ -54.758726, -22.27456 ], [ -54.758919, -22.274583 ] ] ] } },
{ "type": "Feature", "properties": { "id": 76470, "insc_imob": "00.10.31.35.010", "quadra_cartorio": null, "lote_cartorio": "01", "matricula": "143296", "circunscricao": "1º CIRCUNSCRIÇÃO", "zoneamento": "AUM - ÁREA DE USO MISTO", "condominio": null, "area_geom": 240.0, "cnm": "062661.2.0143296-95" }, "geometry": { "type": "Polygon", "coordinates": [ [ [ -54.758742, -22.274452 ], [ -54.758726, -22.27456 ], [ -54.758534, -22.274536 ], [ -54.758549, -22.274429 ], [ -54.758742, -22.274452 ] ] ] } },
{ "type": "Feature", "properties": { "id": 76471, "insc_imob": "00.10.31.35.280", "quadra_cartorio": null, "lote_cartorio": "28", "matricula": "143323", "circunscricao": "1º CIRCUNSCRIÇÃO", "zoneamento": "AUM - ÁREA DE USO MISTO", "condominio": null, "area_geom": 240.0, "cnm": "062661.2.0143323-14" }, "geometry": { "type": "Polygon", "coordinates": [ [ [ -54.758934, -22.274476 ], [ -54.758919, -22.274583 ], [ -54.758726, -22.27456 ], [ -54.758742, -22.274452 ], [ -54.758934, -22.274476 ] ] ] } },
{ "type": "Feature", "properties": { "id": 76472, "insc_imob": "00.10.31.36.050", "quadra_cartorio": null, "lote_cartorio": "05", "matricula": "143328", "circunscricao": "1º CIRCUNSCRIÇÃO", "zoneamento": "AUM - ÁREA DE USO MISTO", "condominio": null, "area_geom": 200.0, "cnm": "062661.2.0143328-96" }, "geometry": { "type": "Polygon", "coordinates": [ [ [ -54.758174, -22.274765 ], [ -54.758161, -22.274854 ], [ -54.757969, -22.27483 ], [ -54.757981, -22.274741 ], [ -54.758174, -22.274765 ] ] ] } },
{ "type": "Feature", "properties": { "id": 76473, "insc_imob": "00.10.31.36.060", "quadra_cartorio": null, "lote_cartorio": "06", "matricula": "143329", "circunscricao": "1º CIRCUNSCRIÇÃO", "zoneamento": "AUM - ÁREA DE USO MISTO", "condominio": null, "area_geom": 200.0, "cnm": "062661.2.0143329-93" }, "geometry": { "type": "Polygon", "coordinates": [ [ [ -54.758161, -22.274854 ], [ -54.758148, -22.274944 ], [ -54.757956, -22.27492 ], [ -54.757969, -22.27483 ], [ -54.758161, -22.274854 ] ] ] } },
{ "type": "Feature", "properties": { "id": 76474, "insc_imob": "00.10.31.36.070", "quadra_cartorio": null, "lote_cartorio": "07", "matricula": "143330", "circunscricao": "1º CIRCUNSCRIÇÃO", "zoneamento": "AUM - ÁREA DE USO MISTO", "condominio": null, "area_geom": 200.0, "cnm": "062661.2.0143330-90" }, "geometry": { "type": "Polygon", "coordinates": [ [ [ -54.758148, -22.274944 ], [ -54.758135, -22.275033 ], [ -54.757943, -22.275009 ], [ -54.757956, -22.27492 ], [ -54.758148, -22.274944 ] ] ] } },
{ "type": "Feature", "properties": { "id": 76475, "insc_imob": "00.10.31.36.080", "quadra_cartorio": null, "lote_cartorio": "08", "matricula": "143331", "circunscricao": "1º CIRCUNSCRIÇÃO", "zoneamento": "AUM - ÁREA DE USO MISTO", "condominio": null, "area_geom": 200.0, "cnm": "062661.2.0143331-87" }, "geometry": { "type": "Polygon", "coordinates": [ [ [ -54.758135, -22.275033 ], [ -54.758123, -22.275123 ], [ -54.75793, -22.275099 ], [ -54.757943, -22.275009 ], [ -54.758135, -22.275033 ] ] ] } },
{ "type": "Feature", "properties": { "id": 76476, "insc_imob": "00.10.31.36.090", "quadra_cartorio": null, "lote_cartorio": "09", "matricula": "143332", "circunscricao": "1º CIRCUNSCRIÇÃO", "zoneamento": "AUM - ÁREA DE USO MISTO", "condominio": null, "area_geom": 200.0, "cnm": "062661.2.0143332-84" }, "geometry": { "type": "Polygon", "coordinates": [ [ [ -54.758123, -22.275123 ], [ -54.75811, -22.275212 ], [ -54.757918, -22.275188 ], [ -54.75793, -22.275099 ], [ -54.758123, -22.275123 ] ] ] } },
{ "type": "Feature", "properties": { "id": 76449, "insc_imob": "00.10.31.35.100", "quadra_cartorio": null, "lote_cartorio": "10", "matricula": "143305", "circunscricao": "1º CIRCUNSCRIÇÃO", "zoneamento": "AUM - ÁREA DE USO MISTO", "condominio": null, "area_geom": 200.0, "cnm": "062661.2.0143305-68" }, "geometry": { "type": "Polygon", "coordinates": [ [ [ -54.758624, -22.275276 ], [ -54.758612, -22.275365 ], [ -54.758419, -22.275341 ], [ -54.758432, -22.275252 ], [ -54.758624, -22.275276 ] ] ] } },
{ "type": "Feature", "properties": { "id": 76450, "insc_imob": "00.10.31.35.110", "quadra_cartorio": null, "lote_cartorio": "11", "matricula": "143306", "circunscricao": "1º CIRCUNSCRIÇÃO", "zoneamento": "AUM - ÁREA DE USO MISTO", "condominio": null, "area_geom": 200.0, "cnm": "062661.2.0143306-65" }, "geometry": { "type": "Polygon", "coordinates": [ [ [ -54.758612, -22.275365 ], [ -54.758599, -22.275455 ], [ -54.758406, -22.275431 ], [ -54.758419, -22.275341 ], [ -54.758612, -22.275365 ] ] ] } },
{ "type": "Feature", "properties": { "id": 76451, "insc_imob": "00.10.31.35.120", "quadra_cartorio": null, "lote_cartorio": "12", "matricula": "143307", "circunscricao": "1º CIRCUNSCRIÇÃO", "zoneamento": "AUM - ÁREA DE USO MISTO", "condominio": null, "area_geom": 200.0, "cnm": "062661.2.0143307-62" }, "geometry": { "type": "Polygon", "coordinates": [ [ [ -54.758599, -22.275455 ], [ -54.758586, -22.275544 ], [ -54.758394, -22.27552 ], [ -54.758406, -22.275431 ], [ -54.758599, -22.275455 ] ] ] } },
{ "type": "Feature", "properties": { "id": 76452, "insc_imob": "00.10.31.35.130", "quadra_cartorio": null, "lote_cartorio": "13", "matricula": "143308", "circunscricao": "1º CIRCUNSCRIÇÃO", "zoneamento": "AUM - ÁREA DE USO MISTO", "condominio": null, "area_geom": 200.0, "cnm": "062661.2.0143308-59" }, "geometry": { "type": "Polygon", "coordinates": [ [ [ -54.758586, -22.275544 ], [ -54.758573, -22.275634 ], [ -54.758381, -22.27561 ], [ -54.758394, -22.27552 ], [ -54.758586, -22.275544 ] ] ] } },
{ "type": "Feature", "properties": { "id": 76453, "insc_imob": "00.10.31.35.140", "quadra_cartorio": null, "lote_cartorio": "14", "matricula": "143309", "circunscricao": "1º CIRCUNSCRIÇÃO", "zoneamento": "AUM - ÁREA DE USO MISTO", "condominio": null, "area_geom": 240.0, "cnm": "062661.2.0143309-56" }, "geometry": { "type": "Polygon", "coordinates": [ [ [ -54.758573, -22.275634 ], [ -54.758558, -22.275741 ], [ -54.758366, -22.275717 ], [ -54.758381, -22.27561 ], [ -54.758573, -22.275634 ] ] ] } },
{ "type": "Feature", "properties": { "id": 76454, "insc_imob": "00.10.31.35.240", "quadra_cartorio": null, "lote_cartorio": "24", "matricula": "143319", "circunscricao": "1º CIRCUNSCRIÇÃO", "zoneamento": "AUM - ÁREA DE USO MISTO", "condominio": null, "area_geom": 200.0, "cnm": "062661.2.0143319-26" }, "geometry": { "type": "Polygon", "coordinates": [ [ [ -54.75888, -22.274852 ], [ -54.758868, -22.274941 ], [ -54.758675, -22.274918 ], [ -54.758688, -22.274828 ], [ -54.75888, -22.274852 ] ] ] } },
{ "type": "Feature", "properties": { "id": 76455, "insc_imob": "00.10.31.35.230", "quadra_cartorio": null, "lote_cartorio": "23", "matricula": "143318", "circunscricao": "1º CIRCUNSCRIÇÃO", "zoneamento": "AUM - ÁREA DE USO MISTO", "condominio": null, "area_geom": 200.0, "cnm": "062661.2.0143318-29" }, "geometry": { "type": "Polygon", "coordinates": [ [ [ -54.758868, -22.274941 ], [ -54.758855, -22.275031 ], [ -54.758663, -22.275007 ], [ -54.758675, -22.274918 ], [ -54.758868, -22.274941 ] ] ] } },
{ "type": "Feature", "properties": { "id": 76456, "insc_imob": "00.10.31.35.220", "quadra_cartorio": null, "lote_cartorio": "22", "matricula": "143317", "circunscricao": "1º CIRCUNSCRIÇÃO", "zoneamento": "AUM - ÁREA DE USO MISTO", "condominio": null, "area_geom": 200.0, "cnm": "062661.2.0143317-32" }, "geometry": { "type": "Polygon", "coordinates": [ [ [ -54.758855, -22.275031 ], [ -54.758842, -22.27512 ], [ -54.75865, -22.275097 ], [ -54.758663, -22.275007 ], [ -54.758855, -22.275031 ] ] ] } },
{ "type": "Feature", "properties": { "id": 76457, "insc_imob": "00.10.31.35.210", "quadra_cartorio": null, "lote_cartorio": "21", "matricula": "143316", "circunscricao": "1º CIRCUNSCRIÇÃO", "zoneamento": "AUM - ÁREA DE USO MISTO", "condominio": null, "area_geom": 200.0, "cnm": "062661.2.0143316-35" }, "geometry": { "type": "Polygon", "coordinates": [ [ [ -54.758842, -22.27512 ], [ -54.758829, -22.27521 ], [ -54.758637, -22.275186 ], [ -54.75865, -22.275097 ], [ -54.758842, -22.27512 ] ] ] } },
{ "type": "Feature", "properties": { "id": 76458, "insc_imob": "00.10.31.35.200", "quadra_cartorio": null, "lote_cartorio": "20", "matricula": "143315", "circunscricao": "1º CIRCUNSCRIÇÃO", "zoneamento": "AUM - ÁREA DE USO MISTO", "condominio": null, "area_geom": 200.0, "cnm": "062661.2.0143315-38" }, "geometry": { "type": "Polygon", "coordinates": [ [ [ -54.758829, -22.27521 ], [ -54.758817, -22.275299 ], [ -54.758624, -22.275276 ], [ -54.758637, -22.275186 ], [ -54.758829, -22.27521 ] ] ] } },
{ "type": "Feature", "properties": { "id": 76459, "insc_imob": "00.10.31.35.190", "quadra_cartorio": null, "lote_cartorio": "19", "matricula": "143314", "circunscricao": "1º CIRCUNSCRIÇÃO", "zoneamento": "AUM - ÁREA DE USO MISTO", "condominio": null, "area_geom": 200.0, "cnm": "062661.2.0143314-41" }, "geometry": { "type": "Polygon", "coordinates": [ [ [ -54.758817, -22.275299 ], [ -54.758804, -22.275389 ], [ -54.758612, -22.275365 ], [ -54.758624, -22.275276 ], [ -54.758817, -22.275299 ] ] ] } },
{ "type": "Feature", "properties": { "id": 76460, "insc_imob": "00.10.31.35.180", "quadra_cartorio": null, "lote_cartorio": "18", "matricula": "143313", "circunscricao": "1º CIRCUNSCRIÇÃO", "zoneamento": "AUM - ÁREA DE USO MISTO", "condominio": null, "area_geom": 200.0, "cnm": "062661.2.0143313-44" }, "geometry": { "type": "Polygon", "coordinates": [ [ [ -54.758804, -22.275389 ], [ -54.758791, -22.275478 ], [ -54.758599, -22.275455 ], [ -54.758612, -22.275365 ], [ -54.758804, -22.275389 ] ] ] } },
{ "type": "Feature", "properties": { "id": 76461, "insc_imob": "00.10.31.35.170", "quadra_cartorio": null, "lote_cartorio": "17", "matricula": "143312", "circunscricao": "1º CIRCUNSCRIÇÃO", "zoneamento": "AUM - ÁREA DE USO MISTO", "condominio": null, "area_geom": 200.0, "cnm": "062661.2.0143312-47" }, "geometry": { "type": "Polygon", "coordinates": [ [ [ -54.758791, -22.275478 ], [ -54.758778, -22.275568 ], [ -54.758586, -22.275544 ], [ -54.758599, -22.275455 ], [ -54.758791, -22.275478 ] ] ] } },
{ "type": "Feature", "properties": { "id": 76462, "insc_imob": "00.10.31.35.160", "quadra_cartorio": null, "lote_cartorio": "16", "matricula": "143311", "circunscricao": "1º CIRCUNSCRIÇÃO", "zoneamento": "AUM - ÁREA DE USO MISTO", "condominio": null, "area_geom": 200.0, "cnm": "062661.2.0143311-50" }, "geometry": { "type": "Polygon", "coordinates": [ [ [ -54.758778, -22.275568 ], [ -54.758766, -22.275657 ], [ -54.758573, -22.275634 ], [ -54.758586, -22.275544 ], [ -54.758778, -22.275568 ] ] ] } },
{ "type": "Feature", "properties": { "id": 76463, "insc_imob": "00.10.31.35.150", "quadra_cartorio": null, "lote_cartorio": "15", "matricula": "143310", "circunscricao": "1º CIRCUNSCRIÇÃO", "zoneamento": "AUM - ÁREA DE USO MISTO", "condominio": null, "area_geom": 240.0, "cnm": "062661.2.0143310-53" }, "geometry": { "type": "Polygon", "coordinates": [ [ [ -54.758766, -22.275657 ], [ -54.75875, -22.275765 ], [ -54.758558, -22.275741 ], [ -54.758573, -22.275634 ], [ -54.758766, -22.275657 ] ] ] } },
{ "type": "Feature", "properties": { "id": 76432, "insc_imob": "00.10.31.13.220", "quadra_cartorio": null, "lote_cartorio": "22", "matricula": "143085", "circunscricao": "1º CIRCUNSCRIÇÃO", "zoneamento": "AUM - ÁREA DE USO MISTO", "condominio": null, "area_geom": 200.0, "cnm": "062661.2.0143085-49" }, "geometry": { "type": "Polygon", "coordinates": [ [ [ -54.760068, -22.27366 ], [ -54.760055, -22.273749 ], [ -54.759863, -22.273726 ], [ -54.759876, -22.273636 ], [ -54.760068, -22.27366 ] ] ] } },
{ "type": "Feature", "properties": { "id": 76433, "insc_imob": "00.10.31.13.210", "quadra_cartorio": null, "lote_cartorio": "21", "matricula": "143084", "circunscricao": "1º CIRCUNSCRIÇÃO", "zoneamento": "AUM - ÁREA DE USO MISTO", "condominio": null, "area_geom": 200.0, "cnm": "062661.2.0143084-52" }, "geometry": { "type": "Polygon", "coordinates": [ [ [ -54.760055, -22.273749 ], [ -54.760043, -22.273839 ], [ -54.75985, -22.273815 ], [ -54.759863, -22.273726 ], [ -54.760055, -22.273749 ] ] ] } },
{ "type": "Feature", "properties": { "id": 76434, "insc_imob": "00.10.31.13.200", "quadra_cartorio": null, "lote_cartorio": "20", "matricula": "143083", "circunscricao": "1º CIRCUNSCRIÇÃO", "zoneamento": "AUM - ÁREA DE USO MISTO", "condominio": null, "area_geom": 200.0, "cnm": "062661.2.0143083-55" }, "geometry": { "type": "Polygon", "coordinates": [ [ [ -54.760043, -22.273839 ], [ -54.76003, -22.273928 ], [ -54.759838, -22.273905 ], [ -54.75985, -22.273815 ], [ -54.760043, -22.273839 ] ] ] } },
{ "type": "Feature", "properties": { "id": 76435, "insc_imob": "00.10.31.13.190", "quadra_cartorio": null, "lote_cartorio": "19", "matricula": "143082", "circunscricao": "1º CIRCUNSCRIÇÃO", "zoneamento": "AUM - ÁREA DE USO MISTO", "condominio": null, "area_geom": 200.0, "cnm": "062661.2.0143082-58" }, "geometry": { "type": "Polygon", "coordinates": [ [ [ -54.76003, -22.273928 ], [ -54.760017, -22.274018 ], [ -54.759825, -22.273994 ], [ -54.759838, -22.273905 ], [ -54.76003, -22.273928 ] ] ] } },
{ "type": "Feature", "properties": { "id": 76436, "insc_imob": "00.10.31.13.180", "quadra_cartorio": null, "lote_cartorio": "18", "matricula": "143081", "circunscricao": "1º CIRCUNSCRIÇÃO", "zoneamento": "AUM - ÁREA DE USO MISTO", "condominio": null, "area_geom": 200.0, "cnm": "062661.2.0143081-61" }, "geometry": { "type": "Polygon", "coordinates": [ [ [ -54.760017, -22.274018 ], [ -54.760004, -22.274107 ], [ -54.759812, -22.274084 ], [ -54.759825, -22.273994 ], [ -54.760017, -22.274018 ] ] ] } },
{ "type": "Feature", "properties": { "id": 76437, "insc_imob": "00.10.31.13.170", "quadra_cartorio": null, "lote_cartorio": "17", "matricula": "143080", "circunscricao": "1º CIRCUNSCRIÇÃO", "zoneamento": "AUM - ÁREA DE USO MISTO", "condominio": null, "area_geom": 200.0, "cnm": "062661.2.0143080-64" }, "geometry": { "type": "Polygon", "coordinates": [ [ [ -54.760004, -22.274107 ], [ -54.759992, -22.274197 ], [ -54.759799, -22.274173 ], [ -54.759812, -22.274084 ], [ -54.760004, -22.274107 ] ] ] } },
{ "type": "Feature", "properties": { "id": 76438, "insc_imob": "00.10.31.13.160", "quadra_cartorio": null, "lote_cartorio": "16", "matricula": "143079", "circunscricao": "1º CIRCUNSCRIÇÃO", "zoneamento": "AUM - ÁREA DE USO MISTO", "condominio": null, "area_geom": 200.0, "cnm": "062661.2.0143079-67" }, "geometry": { "type": "Polygon", "coordinates": [ [ [ -54.759992, -22.274197 ], [ -54.759979, -22.274286 ], [ -54.759787, -22.274263 ], [ -54.759799, -22.274173 ], [ -54.759992, -22.274197 ] ] ] } },
{ "type": "Feature", "properties": { "id": 76439, "insc_imob": "00.10.31.13.150", "quadra_cartorio": null, "lote_cartorio": "15", "matricula": "143078", "circunscricao": "1º CIRCUNSCRIÇÃO", "zoneamento": "AUM - ÁREA DE USO MISTO", "condominio": null, "area_geom": 200.0, "cnm": "062661.2.0143078-70" }, "geometry": { "type": "Polygon", "coordinates": [ [ [ -54.759979, -22.274286 ], [ -54.759966, -22.274376 ], [ -54.759774, -22.274352 ], [ -54.759787, -22.274263 ], [ -54.759979, -22.274286 ] ] ] } },
{ "type": "Feature", "properties": { "id": 76440, "insc_imob": "00.10.31.13.140", "quadra_cartorio": null, "lote_cartorio": "14", "matricula": "143077", "circunscricao": "1º CIRCUNSCRIÇÃO", "zoneamento": "AUM - ÁREA DE USO MISTO", "condominio": null, "area_geom": 200.0, "cnm": "062661.2.0143077-73" }, "geometry": { "type": "Polygon", "coordinates": [ [ [ -54.759966, -22.274376 ], [ -54.759953, -22.274465 ], [ -54.759761, -22.274442 ], [ -54.759774, -22.274352 ], [ -54.759966, -22.274376 ] ] ] } },
{ "type": "Feature", "properties": { "id": 76441, "insc_imob": "00.10.31.32.150", "quadra_cartorio": null, "lote_cartorio": "15", "matricula": "143237", "circunscricao": "1º CIRCUNSCRIÇÃO", "zoneamento": "AUM - ÁREA DE USO MISTO", "condominio": null, "area_geom": 2440.0, "cnm": "062661.2.0143237-78" }, "geometry": { "type": "Polygon", "coordinates": [ [ [ -54.760406, -22.274858 ], [ -54.76025, -22.27595 ], [ -54.760058, -22.275926 ], [ -54.760073, -22.275819 ], [ -54.760086, -22.27573 ], [ -54.760099, -22.27564 ], [ -54.760112, -22.275551 ], [ -54.760124, -22.275461 ], [ -54.760137, -22.275372 ], [ -54.76015, -22.275282 ], [ -54.760163, -22.275193 ], [ -54.760176, -22.275103 ], [ -54.760188, -22.275014 ], [ -54.760201, -22.274924 ], [ -54.760214, -22.274835 ], [ -54.760406, -22.274858 ] ] ] } },
{ "type": "Feature", "properties": { "id": 76442, "insc_imob": "00.10.31.35.050", "quadra_cartorio": null, "lote_cartorio": "05", "matricula": "143300", "circunscricao": "1º CIRCUNSCRIÇÃO", "zoneamento": "AUM - ÁREA DE USO MISTO", "condominio": null, "area_geom": 200.0, "cnm": "062661.2.0143300-83" }, "geometry": { "type": "Polygon", "coordinates": [ [ [ -54.758688, -22.274828 ], [ -54.758675, -22.274918 ], [ -54.758483, -22.274894 ], [ -54.758496, -22.274804 ], [ -54.758688, -22.274828 ] ] ] } },
{ "type": "Feature", "properties": { "id": 76443, "insc_imob": "00.10.31.35.060", "quadra_cartorio": null, "lote_cartorio": "06", "matricula": "143301", "circunscricao": "1º CIRCUNSCRIÇÃO", "zoneamento": "AUM - ÁREA DE USO MISTO", "condominio": null, "area_geom": 200.0, "cnm": "062661.2.0143301-80" }, "geometry": { "type": "Polygon", "coordinates": [ [ [ -54.758675, -22.274918 ], [ -54.758663, -22.275007 ], [ -54.75847, -22.274983 ], [ -54.758483, -22.274894 ], [ -54.758675, -22.274918 ] ] ] } },
{ "type": "Feature", "properties": { "id": 76444, "insc_imob": "00.10.31.35.070", "quadra_cartorio": null, "lote_cartorio": "07", "matricula": "143302", "circunscricao": "1º CIRCUNSCRIÇÃO", "zoneamento": "AUM - ÁREA DE USO MISTO", "condominio": null, "area_geom": 200.0, "cnm": "062661.2.0143302-77" }, "geometry": { "type": "Polygon", "coordinates": [ [ [ -54.758663, -22.275007 ], [ -54.75865, -22.275097 ], [ -54.758458, -22.275073 ], [ -54.75847, -22.274983 ], [ -54.758663, -22.275007 ] ] ] } },
{ "type": "Feature", "properties": { "id": 76445, "insc_imob": "00.10.31.35.080", "quadra_cartorio": null, "lote_cartorio": "08", "matricula": "143303", "circunscricao": "1º CIRCUNSCRIÇÃO", "zoneamento": "AUM - ÁREA DE USO MISTO", "condominio": null, "area_geom": 200.0, "cnm": "062661.2.0143303-74" }, "geometry": { "type": "Polygon", "coordinates": [ [ [ -54.75865, -22.275097 ], [ -54.758637, -22.275186 ], [ -54.758445, -22.275162 ], [ -54.758458, -22.275073 ], [ -54.75865, -22.275097 ] ] ] } },
{ "type": "Feature", "properties": { "id": 76446, "insc_imob": "00.10.31.35.090", "quadra_cartorio": null, "lote_cartorio": "09", "matricula": "143304", "circunscricao": "1º CIRCUNSCRIÇÃO", "zoneamento": "AUM - ÁREA DE USO MISTO", "condominio": null, "area_geom": 200.0, "cnm": "062661.2.0143304-71" }, "geometry": { "type": "Polygon", "coordinates": [ [ [ -54.758637, -22.275186 ], [ -54.758624, -22.275276 ], [ -54.758432, -22.275252 ], [ -54.758445, -22.275162 ], [ -54.758637, -22.275186 ] ] ] } },
{ "type": "Feature", "properties": { "id": 76416, "insc_imob": "00.10.31.40.150", "quadra_cartorio": null, "lote_cartorio": "15", "matricula": "143446", "circunscricao": "1º CIRCUNSCRIÇÃO", "zoneamento": "AUM - ÁREA DE USO MISTO", "condominio": null, "area_geom": 1138.96, "cnm": "062661.2.0143446-33" }, "geometry": { "type": "Polygon", "coordinates": [ [ [ -54.756019, -22.274116 ], [ -54.756003, -22.274223 ], [ -54.75599, -22.274313 ], [ -54.755978, -22.274402 ], [ -54.755965, -22.274492 ], [ -54.755952, -22.274581 ], [ -54.755939, -22.274671 ], [ -54.755927, -22.27476 ], [ -54.755914, -22.27485 ], [ -54.755901, -22.274939 ], [ -54.755888, -22.275029 ], [ -54.755876, -22.275118 ], [ -54.755863, -22.275208 ], [ -54.75585, -22.275297 ], [ -54.755835, -22.275405 ], [ -54.75578, -22.275398 ], [ -54.755921, -22.274104 ], [ -54.756019, -22.274116 ] ] ] } },
{ "type": "Feature", "properties": { "id": 76417, "insc_imob": "00.10.31.13.010", "quadra_cartorio": null, "lote_cartorio": "01", "matricula": "143064", "circunscricao": "1º CIRCUNSCRIÇÃO", "zoneamento": "AUM - ÁREA DE USO MISTO", "condominio": null, "area_geom": 316.73, "cnm": "062661.2.0143064-15" }, "geometry": { "type": "Polygon", "coordinates": [ [ [ -54.760112, -22.27335 ], [ -54.760081, -22.27357 ], [ -54.759956, -22.273555 ], [ -54.759987, -22.273339 ], [ -54.760112, -22.27335 ] ] ] } },
{ "type": "Feature", "properties": { "id": 76419, "insc_imob": "00.10.31.13.020", "quadra_cartorio": null, "lote_cartorio": "02", "matricula": "143065", "circunscricao": "1º CIRCUNSCRIÇÃO", "zoneamento": "AUM - ÁREA DE USO MISTO", "condominio": null, "area_geom": 310.87, "cnm": "062661.2.0143065-12" }, "geometry": { "type": "Polygon", "coordinates": [ [ [ -54.759987, -22.273339 ], [ -54.759956, -22.273555 ], [ -54.759889, -22.273547 ], [ -54.759831, -22.27354 ], [ -54.759861, -22.273328 ], [ -54.759987, -22.273339 ] ] ] } },
{ "type": "Feature", "properties": { "id": 76420, "insc_imob": "00.10.31.13.030", "quadra_cartorio": null, "lote_cartorio": "03", "matricula": "143066", "circunscricao": "1º CIRCUNSCRIÇÃO", "zoneamento": "AUM - ÁREA DE USO MISTO", "condominio": null, "area_geom": 328.23, "cnm": "062661.2.0143066-09" }, "geometry": { "type": "Polygon", "coordinates": [ [ [ -54.759861, -22.273328 ], [ -54.759831, -22.27354 ], [ -54.759696, -22.273523 ], [ -54.759726, -22.273315 ], [ -54.759861, -22.273328 ] ] ] } },
{ "type": "Feature", "properties": { "id": 76421, "insc_imob": "00.10.31.13.040", "quadra_cartorio": null, "lote_cartorio": "04", "matricula": "143067", "circunscricao": "1º CIRCUNSCRIÇÃO", "zoneamento": "AUM - ÁREA DE USO MISTO", "condominio": null, "area_geom": 200.0, "cnm": "062661.2.0143067-06" }, "geometry": { "type": "Polygon", "coordinates": [ [ [ -54.759831, -22.27354 ], [ -54.759889, -22.273547 ], [ -54.759876, -22.273636 ], [ -54.759684, -22.273612 ], [ -54.759696, -22.273523 ], [ -54.759831, -22.27354 ] ] ] } },
{ "type": "Feature", "properties": { "id": 76422, "insc_imob": "00.10.31.13.050", "quadra_cartorio": null, "lote_cartorio": "05", "matricula": "143068", "circunscricao": "1º CIRCUNSCRIÇÃO", "zoneamento": "AUM - ÁREA DE USO MISTO", "condominio": null, "area_geom": 200.0, "cnm": "062661.2.0143068-03" }, "geometry": { "type": "Polygon", "coordinates": [ [ [ -54.759876, -22.273636 ], [ -54.759863, -22.273726 ], [ -54.759671, -22.273702 ], [ -54.759684, -22.273612 ], [ -54.759876, -22.273636 ] ] ] } },
{ "type": "Feature", "properties": { "id": 76423, "insc_imob": "00.10.31.13.060", "quadra_cartorio": null, "lote_cartorio": "06", "matricula": "143069", "circunscricao": "1º CIRCUNSCRIÇÃO", "zoneamento": "AUM - ÁREA DE USO MISTO", "condominio": null, "area_geom": 200.0, "cnm": "062661.2.0143069-97" }, "geometry": { "type": "Polygon", "coordinates": [ [ [ -54.759863, -22.273726 ], [ -54.75985, -22.273815 ], [ -54.759658, -22.273791 ], [ -54.759671, -22.273702 ], [ -54.759863, -22.273726 ] ] ] } },
{ "type": "Feature", "properties": { "id": 76424, "insc_imob": "00.10.31.13.070", "quadra_cartorio": null, "lote_cartorio": "07", "matricula": "143070", "circunscricao": "1º CIRCUNSCRIÇÃO", "zoneamento": "AUM - ÁREA DE USO MISTO", "condominio": null, "area_geom": 200.0, "cnm": "062661.2.0143070-94" }, "geometry": { "type": "Polygon", "coordinates": [ [ [ -54.75985, -22.273815 ], [ -54.759838, -22.273905 ], [ -54.759645, -22.273881 ], [ -54.759658, -22.273791 ], [ -54.75985, -22.273815 ] ] ] } },
{ "type": "Feature", "properties": { "id": 76425, "insc_imob": "00.10.31.13.080", "quadra_cartorio": null, "lote_cartorio": "08", "matricula": "143071", "circunscricao": "1º CIRCUNSCRIÇÃO", "zoneamento": "AUM - ÁREA DE USO MISTO", "condominio": null, "area_geom": 200.0, "cnm": "062661.2.0143071-91" }, "geometry": { "type": "Polygon", "coordinates": [ [ [ -54.759838, -22.273905 ], [ -54.759825, -22.273994 ], [ -54.759632, -22.27397 ], [ -54.759645, -22.273881 ], [ -54.759838, -22.273905 ] ] ] } },
{ "type": "Feature", "properties": { "id": 76426, "insc_imob": "00.10.31.13.090", "quadra_cartorio": null, "lote_cartorio": "09", "matricula": "143072", "circunscricao": "1º CIRCUNSCRIÇÃO", "zoneamento": "AUM - ÁREA DE USO MISTO", "condominio": null, "area_geom": 200.0, "cnm": "062661.2.0143072-88" }, "geometry": { "type": "Polygon", "coordinates": [ [ [ -54.759825, -22.273994 ], [ -54.759812, -22.274084 ], [ -54.75962, -22.27406 ], [ -54.759632, -22.27397 ], [ -54.759825, -22.273994 ] ] ] } },
{ "type": "Feature", "properties": { "id": 76427, "insc_imob": "00.10.31.13.100", "quadra_cartorio": null, "lote_cartorio": "10", "matricula": "143073", "circunscricao": "1º CIRCUNSCRIÇÃO", "zoneamento": "AUM - ÁREA DE USO MISTO", "condominio": null, "area_geom": 200.0, "cnm": "062661.2.0143073-85" }, "geometry": { "type": "Polygon", "coordinates": [ [ [ -54.759812, -22.274084 ], [ -54.759799, -22.274173 ], [ -54.759607, -22.274149 ], [ -54.75962, -22.27406 ], [ -54.759812, -22.274084 ] ] ] } },
{ "type": "Feature", "properties": { "id": 76428, "insc_imob": "00.10.31.13.110", "quadra_cartorio": null, "lote_cartorio": "11", "matricula": "143074", "circunscricao": "1º CIRCUNSCRIÇÃO", "zoneamento": "AUM - ÁREA DE USO MISTO", "condominio": null, "area_geom": 200.0, "cnm": "062661.2.0143074-82" }, "geometry": { "type": "Polygon", "coordinates": [ [ [ -54.759799, -22.274173 ], [ -54.759787, -22.274263 ], [ -54.759594, -22.274239 ], [ -54.759607, -22.274149 ], [ -54.759799, -22.274173 ] ] ] } },
{ "type": "Feature", "properties": { "id": 76429, "insc_imob": "00.10.31.13.120", "quadra_cartorio": null, "lote_cartorio": "12", "matricula": "143075", "circunscricao": "1º CIRCUNSCRIÇÃO", "zoneamento": "AUM - ÁREA DE USO MISTO", "condominio": null, "area_geom": 200.0, "cnm": "062661.2.0143075-79" }, "geometry": { "type": "Polygon", "coordinates": [ [ [ -54.759787, -22.274263 ], [ -54.759774, -22.274352 ], [ -54.759581, -22.274328 ], [ -54.759594, -22.274239 ], [ -54.759787, -22.274263 ] ] ] } },
{ "type": "Feature", "properties": { "id": 76430, "insc_imob": "00.10.31.13.130", "quadra_cartorio": null, "lote_cartorio": "13", "matricula": "143076", "circunscricao": "1º CIRCUNSCRIÇÃO", "zoneamento": "AUM - ÁREA DE USO MISTO", "condominio": null, "area_geom": 200.0, "cnm": "062661.2.0143076-76" }, "geometry": { "type": "Polygon", "coordinates": [ [ [ -54.759774, -22.274352 ], [ -54.759761, -22.274442 ], [ -54.759569, -22.274418 ], [ -54.759581, -22.274328 ], [ -54.759774, -22.274352 ] ] ] } },
{ "type": "Feature", "properties": { "id": 76431, "insc_imob": "00.10.31.13.230", "quadra_cartorio": null, "lote_cartorio": "23", "matricula": "143086", "circunscricao": "1º CIRCUNSCRIÇÃO", "zoneamento": "AUM - ÁREA DE USO MISTO", "condominio": null, "area_geom": 200.0, "cnm": "062661.2.0143086-46" }, "geometry": { "type": "Polygon", "coordinates": [ [ [ -54.760081, -22.27357 ], [ -54.760068, -22.27366 ], [ -54.759876, -22.273636 ], [ -54.759889, -22.273547 ], [ -54.759956, -22.273555 ], [ -54.760081, -22.27357 ] ] ] } },
{ "type": "Feature", "properties": { "id": 76528, "insc_imob": "00.10.31.15.150", "quadra_cartorio": null, "lote_cartorio": "15", "matricula": "143123", "circunscricao": "1º CIRCUNSCRIÇÃO", "zoneamento": "AUM - ÁREA DE USO MISTO", "condominio": null, "area_geom": 200.0, "cnm": "062661.2.0143123-32" }, "geometry": { "type": "Polygon", "coordinates": [ [ [ -54.758992, -22.274073 ], [ -54.758979, -22.274163 ], [ -54.758786, -22.274139 ], [ -54.758799, -22.27405 ], [ -54.758992, -22.274073 ] ] ] } },
{ "type": "Feature", "properties": { "id": 76529, "insc_imob": "00.10.31.15.140", "quadra_cartorio": null, "lote_cartorio": "14", "matricula": "143122", "circunscricao": "1º CIRCUNSCRIÇÃO", "zoneamento": "AUM - ÁREA DE USO MISTO", "condominio": null, "area_geom": 200.0, "cnm": "062661.2.0143122-35" }, "geometry": { "type": "Polygon", "coordinates": [ [ [ -54.758979, -22.274163 ], [ -54.758966, -22.274252 ], [ -54.758774, -22.274229 ], [ -54.758786, -22.274139 ], [ -54.758979, -22.274163 ] ] ] } },
{ "type": "Feature", "properties": { "id": 76530, "insc_imob": "00.10.31.15.130", "quadra_cartorio": null, "lote_cartorio": "13", "matricula": "143121", "circunscricao": "1º CIRCUNSCRIÇÃO", "zoneamento": "AUM - ÁREA DE USO MISTO", "condominio": null, "area_geom": 200.0, "cnm": "062661.2.0143121-38" }, "geometry": { "type": "Polygon", "coordinates": [ [ [ -54.758966, -22.274252 ], [ -54.758953, -22.274342 ], [ -54.758761, -22.274318 ], [ -54.758774, -22.274229 ], [ -54.758966, -22.274252 ] ] ] } },
{ "type": "Feature", "properties": { "id": 126614, "insc_imob": "00.10.32.19.170", "quadra_cartorio": "19", "lote_cartorio": "17", "matricula": "168239", "circunscricao": null, "zoneamento": null, "condominio": null, "area_geom": 200.0, "cnm": "062661.2.0168239-53" }, "geometry": { "type": "Polygon", "coordinates": [ [ [ -54.751346, -22.27626 ], [ -54.751336, -22.276349 ], [ -54.751143, -22.276331 ], [ -54.751153, -22.276241 ], [ -54.751346, -22.27626 ] ] ] } },
{ "type": "Feature", "properties": { "id": 76534, "insc_imob": "00.10.31.16.010", "quadra_cartorio": null, "lote_cartorio": "01", "matricula": "143131", "circunscricao": "1º CIRCUNSCRIÇÃO", "zoneamento": "AUM - ÁREA DE USO MISTO", "condominio": null, "area_geom": 375.62, "cnm": "062661.2.0143131-08" }, "geometry": { "type": "Polygon", "coordinates": [ [ [ -54.758591, -22.273212 ], [ -54.758566, -22.273383 ], [ -54.758374, -22.27336 ], [ -54.758398, -22.273195 ], [ -54.758591, -22.273212 ] ] ] } },
{ "type": "Feature", "properties": { "id": 76535, "insc_imob": "00.10.31.16.020", "quadra_cartorio": null, "lote_cartorio": "02", "matricula": "143132", "circunscricao": "1º CIRCUNSCRIÇÃO", "zoneamento": "AUM - ÁREA DE USO MISTO", "condominio": null, "area_geom": 361.75, "cnm": "062661.2.0143132-05" }, "geometry": { "type": "Polygon", "coordinates": [ [ [ -54.758398, -22.273195 ], [ -54.758374, -22.27336 ], [ -54.758182, -22.273336 ], [ -54.758204, -22.273177 ], [ -54.758398, -22.273195 ] ] ] } },
{ "type": "Feature", "properties": { "id": 76536, "insc_imob": "00.10.31.16.030", "quadra_cartorio": null, "lote_cartorio": "03", "matricula": "143133", "circunscricao": "1º CIRCUNSCRIÇÃO", "zoneamento": "AUM - ÁREA DE USO MISTO", "condominio": null, "area_geom": 200.0, "cnm": "062661.2.0143133-02" }, "geometry": { "type": "Polygon", "coordinates": [ [ [ -54.758374, -22.27336 ], [ -54.758361, -22.273449 ], [ -54.758169, -22.273425 ], [ -54.758182, -22.273336 ], [ -54.758374, -22.27336 ] ] ] } },
{ "type": "Feature", "properties": { "id": 76537, "insc_imob": "00.10.31.16.040", "quadra_cartorio": null, "lote_cartorio": "04", "matricula": "143134", "circunscricao": "1º CIRCUNSCRIÇÃO", "zoneamento": "AUM - ÁREA DE USO MISTO", "condominio": null, "area_geom": 200.0, "cnm": "062661.2.0143134-96" }, "geometry": { "type": "Polygon", "coordinates": [ [ [ -54.758361, -22.273449 ], [ -54.758349, -22.273539 ], [ -54.758156, -22.273515 ], [ -54.758169, -22.273425 ], [ -54.758361, -22.273449 ] ] ] } },
{ "type": "Feature", "properties": { "id": 76538, "insc_imob": "00.10.31.16.050", "quadra_cartorio": null, "lote_cartorio": "05", "matricula": "143135", "circunscricao": "1º CIRCUNSCRIÇÃO", "zoneamento": "AUM - ÁREA DE USO MISTO", "condominio": null, "area_geom": 200.0, "cnm": "062661.2.0143135-93" }, "geometry": { "type": "Polygon", "coordinates": [ [ [ -54.758349, -22.273539 ], [ -54.758336, -22.273628 ], [ -54.758144, -22.273604 ], [ -54.758156, -22.273515 ], [ -54.758349, -22.273539 ] ] ] } },
{ "type": "Feature", "properties": { "id": 76539, "insc_imob": "00.10.31.16.060", "quadra_cartorio": null, "lote_cartorio": "06", "matricula": "143136", "circunscricao": "1º CIRCUNSCRIÇÃO", "zoneamento": "AUM - ÁREA DE USO MISTO", "condominio": null, "area_geom": 200.0, "cnm": "062661.2.0143136-90" }, "geometry": { "type": "Polygon", "coordinates": [ [ [ -54.758336, -22.273628 ], [ -54.758323, -22.273718 ], [ -54.758131, -22.273694 ], [ -54.758144, -22.273604 ], [ -54.758336, -22.273628 ] ] ] } },
{ "type": "Feature", "properties": { "id": 76540, "insc_imob": "00.10.31.16.070", "quadra_cartorio": null, "lote_cartorio": "07", "matricula": "143137", "circunscricao": "1º CIRCUNSCRIÇÃO", "zoneamento": "AUM - ÁREA DE USO MISTO", "condominio": null, "area_geom": 200.0, "cnm": "062661.2.0143137-87" }, "geometry": { "type": "Polygon", "coordinates": [ [ [ -54.758323, -22.273718 ], [ -54.75831, -22.273807 ], [ -54.758118, -22.273783 ], [ -54.758131, -22.273694 ], [ -54.758323, -22.273718 ] ] ] } },
{ "type": "Feature", "properties": { "id": 76541, "insc_imob": "00.10.31.16.080", "quadra_cartorio": null, "lote_cartorio": "08", "matricula": "143138", "circunscricao": "1º CIRCUNSCRIÇÃO", "zoneamento": "AUM - ÁREA DE USO MISTO", "condominio": null, "area_geom": 200.0, "cnm": "062661.2.0143138-84" }, "geometry": { "type": "Polygon", "coordinates": [ [ [ -54.75831, -22.273807 ], [ -54.758298, -22.273897 ], [ -54.758105, -22.273873 ], [ -54.758118, -22.273783 ], [ -54.75831, -22.273807 ] ] ] } },
{ "type": "Feature", "properties": { "id": 76542, "insc_imob": "00.10.31.16.090", "quadra_cartorio": null, "lote_cartorio": "09", "matricula": "143139", "circunscricao": "1º CIRCUNSCRIÇÃO", "zoneamento": "AUM - ÁREA DE USO MISTO", "condominio": null, "area_geom": 200.0, "cnm": "062661.2.0143139-81" }, "geometry": { "type": "Polygon", "coordinates": [ [ [ -54.758298, -22.273897 ], [ -54.758285, -22.273986 ], [ -54.758092, -22.273962 ], [ -54.758105, -22.273873 ], [ -54.758298, -22.273897 ] ] ] } },
{ "type": "Feature", "properties": { "id": 76543, "insc_imob": "00.10.31.16.100", "quadra_cartorio": null, "lote_cartorio": "10", "matricula": "143140", "circunscricao": "1º CIRCUNSCRIÇÃO", "zoneamento": "AUM - ÁREA DE USO MISTO", "condominio": null, "area_geom": 200.0, "cnm": "062661.2.0143140-78" }, "geometry": { "type": "Polygon", "coordinates": [ [ [ -54.758285, -22.273986 ], [ -54.758272, -22.274076 ], [ -54.75808, -22.274052 ], [ -54.758092, -22.273962 ], [ -54.758285, -22.273986 ] ] ] } },
{ "type": "Feature", "properties": { "id": 76512, "insc_imob": "00.10.31.15.040", "quadra_cartorio": null, "lote_cartorio": "04", "matricula": "143112", "circunscricao": "1º CIRCUNSCRIÇÃO", "zoneamento": "AUM - ÁREA DE USO MISTO", "condominio": null, "area_geom": 200.0, "cnm": "062661.2.0143112-65" }, "geometry": { "type": "Polygon", "coordinates": [ [ [ -54.758876, -22.273513 ], [ -54.758863, -22.273602 ], [ -54.758671, -22.273578 ], [ -54.758683, -22.273489 ], [ -54.758876, -22.273513 ] ] ] } },
{ "type": "Feature", "properties": { "id": 76513, "insc_imob": "00.10.31.15.050", "quadra_cartorio": null, "lote_cartorio": "05", "matricula": "143113", "circunscricao": "1º CIRCUNSCRIÇÃO", "zoneamento": "AUM - ÁREA DE USO MISTO", "condominio": null, "area_geom": 200.0, "cnm": "062661.2.0143113-62" }, "geometry": { "type": "Polygon", "coordinates": [ [ [ -54.758863, -22.273602 ], [ -54.75885, -22.273692 ], [ -54.758658, -22.273668 ], [ -54.758671, -22.273578 ], [ -54.758863, -22.273602 ] ] ] } },
{ "type": "Feature", "properties": { "id": 76514, "insc_imob": "00.10.31.15.060", "quadra_cartorio": null, "lote_cartorio": "06", "matricula": "143114", "circunscricao": "1º CIRCUNSCRIÇÃO", "zoneamento": "AUM - ÁREA DE USO MISTO", "condominio": null, "area_geom": 200.0, "cnm": "062661.2.0143114-59" }, "geometry": { "type": "Polygon", "coordinates": [ [ [ -54.75885, -22.273692 ], [ -54.758838, -22.273781 ], [ -54.758645, -22.273757 ], [ -54.758658, -22.273668 ], [ -54.75885, -22.273692 ] ] ] } },
{ "type": "Feature", "properties": { "id": 76515, "insc_imob": "00.10.31.15.070", "quadra_cartorio": null, "lote_cartorio": "07", "matricula": "143115", "circunscricao": "1º CIRCUNSCRIÇÃO", "zoneamento": "AUM - ÁREA DE USO MISTO", "condominio": null, "area_geom": 200.0, "cnm": "062661.2.0143115-56" }, "geometry": { "type": "Polygon", "coordinates": [ [ [ -54.758838, -22.273781 ], [ -54.758825, -22.273871 ], [ -54.758632, -22.273847 ], [ -54.758645, -22.273757 ], [ -54.758838, -22.273781 ] ] ] } },
{ "type": "Feature", "properties": { "id": 76516, "insc_imob": "00.10.31.15.080", "quadra_cartorio": null, "lote_cartorio": "08", "matricula": "143116", "circunscricao": "1º CIRCUNSCRIÇÃO", "zoneamento": "AUM - ÁREA DE USO MISTO", "condominio": null, "area_geom": 200.0, "cnm": "062661.2.0143116-53" }, "geometry": { "type": "Polygon", "coordinates": [ [ [ -54.758825, -22.273871 ], [ -54.758812, -22.27396 ], [ -54.75862, -22.273936 ], [ -54.758632, -22.273847 ], [ -54.758825, -22.273871 ] ] ] } },
{ "type": "Feature", "properties": { "id": 76517, "insc_imob": "00.10.31.15.090", "quadra_cartorio": null, "lote_cartorio": "09", "matricula": "143117", "circunscricao": "1º CIRCUNSCRIÇÃO", "zoneamento": "AUM - ÁREA DE USO MISTO", "condominio": null, "area_geom": 200.0, "cnm": "062661.2.0143117-50" }, "geometry": { "type": "Polygon", "coordinates": [ [ [ -54.758812, -22.27396 ], [ -54.758799, -22.27405 ], [ -54.758607, -22.274026 ], [ -54.75862, -22.273936 ], [ -54.758812, -22.27396 ] ] ] } },
{ "type": "Feature", "properties": { "id": 76518, "insc_imob": "00.10.31.15.100", "quadra_cartorio": null, "lote_cartorio": "10", "matricula": "143118", "circunscricao": "1º CIRCUNSCRIÇÃO", "zoneamento": "AUM - ÁREA DE USO MISTO", "condominio": null, "area_geom": 200.0, "cnm": "062661.2.0143118-47" }, "geometry": { "type": "Polygon", "coordinates": [ [ [ -54.758799, -22.27405 ], [ -54.758786, -22.274139 ], [ -54.758594, -22.274115 ], [ -54.758607, -22.274026 ], [ -54.758799, -22.27405 ] ] ] } },
{ "type": "Feature", "properties": { "id": 76519, "insc_imob": "00.10.31.15.110", "quadra_cartorio": null, "lote_cartorio": "11", "matricula": "143119", "circunscricao": "1º CIRCUNSCRIÇÃO", "zoneamento": "AUM - ÁREA DE USO MISTO", "condominio": null, "area_geom": 200.0, "cnm": "062661.2.0143119-44" }, "geometry": { "type": "Polygon", "coordinates": [ [ [ -54.758786, -22.274139 ], [ -54.758774, -22.274229 ], [ -54.758581, -22.274205 ], [ -54.758594, -22.274115 ], [ -54.758786, -22.274139 ] ] ] } },
{ "type": "Feature", "properties": { "id": 76520, "insc_imob": "00.10.31.15.120", "quadra_cartorio": null, "lote_cartorio": "12", "matricula": "148629", "circunscricao": "1º CIRCUNSCRIÇÃO", "zoneamento": "AUM - ÁREA DE USO MISTO", "condominio": null, "area_geom": 200.0, "cnm": "062661.2.0148629-04" }, "geometry": { "type": "Polygon", "coordinates": [ [ [ -54.758774, -22.274229 ], [ -54.758761, -22.274318 ], [ -54.758569, -22.274294 ], [ -54.758581, -22.274205 ], [ -54.758774, -22.274229 ] ] ] } },
{ "type": "Feature", "properties": { "id": 76521, "insc_imob": "00.10.31.15.220", "quadra_cartorio": null, "lote_cartorio": "22", "matricula": "143130", "circunscricao": "1º CIRCUNSCRIÇÃO", "zoneamento": "AUM - ÁREA DE USO MISTO", "condominio": null, "area_geom": 200.0, "cnm": "062661.2.0143130-11" }, "geometry": { "type": "Polygon", "coordinates": [ [ [ -54.759081, -22.273447 ], [ -54.759068, -22.273536 ], [ -54.758876, -22.273513 ], [ -54.758889, -22.273423 ], [ -54.759081, -22.273447 ] ] ] } },
{ "type": "Feature", "properties": { "id": 76522, "insc_imob": "00.10.31.15.210", "quadra_cartorio": null, "lote_cartorio": "21", "matricula": "143129", "circunscricao": "1º CIRCUNSCRIÇÃO", "zoneamento": "AUM - ÁREA DE USO MISTO", "condominio": null, "area_geom": 200.0, "cnm": "062661.2.0143129-14" }, "geometry": { "type": "Polygon", "coordinates": [ [ [ -54.759068, -22.273536 ], [ -54.759055, -22.273626 ], [ -54.758863, -22.273602 ], [ -54.758876, -22.273513 ], [ -54.759068, -22.273536 ] ] ] } },
{ "type": "Feature", "properties": { "id": 76523, "insc_imob": "00.10.31.15.200", "quadra_cartorio": null, "lote_cartorio": "20", "matricula": "143128", "circunscricao": "1º CIRCUNSCRIÇÃO", "zoneamento": "AUM - ÁREA DE USO MISTO", "condominio": null, "area_geom": 200.0, "cnm": "062661.2.0143128-17" }, "geometry": { "type": "Polygon", "coordinates": [ [ [ -54.759055, -22.273626 ], [ -54.759043, -22.273715 ], [ -54.75885, -22.273692 ], [ -54.758863, -22.273602 ], [ -54.759055, -22.273626 ] ] ] } },
{ "type": "Feature", "properties": { "id": 76524, "insc_imob": "00.10.31.15.190", "quadra_cartorio": null, "lote_cartorio": "19", "matricula": "143127", "circunscricao": "1º CIRCUNSCRIÇÃO", "zoneamento": "AUM - ÁREA DE USO MISTO", "condominio": null, "area_geom": 200.0, "cnm": "062661.2.0143127-20" }, "geometry": { "type": "Polygon", "coordinates": [ [ [ -54.759043, -22.273715 ], [ -54.75903, -22.273805 ], [ -54.758838, -22.273781 ], [ -54.75885, -22.273692 ], [ -54.759043, -22.273715 ] ] ] } },
{ "type": "Feature", "properties": { "id": 76525, "insc_imob": "00.10.31.15.180", "quadra_cartorio": null, "lote_cartorio": "18", "matricula": "143126", "circunscricao": "1º CIRCUNSCRIÇÃO", "zoneamento": "AUM - ÁREA DE USO MISTO", "condominio": null, "area_geom": 200.0, "cnm": "062661.2.0143126-23" }, "geometry": { "type": "Polygon", "coordinates": [ [ [ -54.75903, -22.273805 ], [ -54.759017, -22.273894 ], [ -54.758825, -22.273871 ], [ -54.758838, -22.273781 ], [ -54.75903, -22.273805 ] ] ] } },
{ "type": "Feature", "properties": { "id": 76526, "insc_imob": "00.10.31.15.170", "quadra_cartorio": null, "lote_cartorio": "17", "matricula": "143125", "circunscricao": "1º CIRCUNSCRIÇÃO", "zoneamento": "AUM - ÁREA DE USO MISTO", "condominio": null, "area_geom": 200.0, "cnm": "062661.2.0143125-26" }, "geometry": { "type": "Polygon", "coordinates": [ [ [ -54.759017, -22.273894 ], [ -54.759004, -22.273984 ], [ -54.758812, -22.27396 ], [ -54.758825, -22.273871 ], [ -54.759017, -22.273894 ] ] ] } },
{ "type": "Feature", "properties": { "id": 76527, "insc_imob": "00.10.31.15.160", "quadra_cartorio": null, "lote_cartorio": "16", "matricula": "143124", "circunscricao": "1º CIRCUNSCRIÇÃO", "zoneamento": "AUM - ÁREA DE USO MISTO", "condominio": null, "area_geom": 200.0, "cnm": "062661.2.0143124-29" }, "geometry": { "type": "Polygon", "coordinates": [ [ [ -54.759004, -22.273984 ], [ -54.758992, -22.274073 ], [ -54.758799, -22.27405 ], [ -54.758812, -22.27396 ], [ -54.759004, -22.273984 ] ] ] } },
{ "type": "Feature", "properties": { "id": 76497, "insc_imob": "00.10.31.36.040", "quadra_cartorio": null, "lote_cartorio": "04", "matricula": "143327", "circunscricao": "1º CIRCUNSCRIÇÃO", "zoneamento": "AUM - ÁREA DE USO MISTO", "condominio": null, "area_geom": 200.0, "cnm": "062661.2.0143327-02" }, "geometry": { "type": "Polygon", "coordinates": [ [ [ -54.758186, -22.274675 ], [ -54.758174, -22.274765 ], [ -54.757981, -22.274741 ], [ -54.757994, -22.274651 ], [ -54.758186, -22.274675 ] ] ] } },
{ "type": "Feature", "properties": { "id": 76498, "insc_imob": "00.10.31.36.250", "quadra_cartorio": null, "lote_cartorio": "25", "matricula": "143348", "circunscricao": "1º CIRCUNSCRIÇÃO", "zoneamento": "AUM - ÁREA DE USO MISTO", "condominio": null, "area_geom": 200.0, "cnm": "062661.2.0143348-36" }, "geometry": { "type": "Polygon", "coordinates": [ [ [ -54.758379, -22.274699 ], [ -54.758366, -22.274788 ], [ -54.758174, -22.274765 ], [ -54.758186, -22.274675 ], [ -54.758379, -22.274699 ] ] ] } },
{ "type": "Feature", "properties": { "id": 76499, "insc_imob": "00.10.31.36.030", "quadra_cartorio": null, "lote_cartorio": "03", "matricula": "143326", "circunscricao": "1º CIRCUNSCRIÇÃO", "zoneamento": "AUM - ÁREA DE USO MISTO", "condominio": null, "area_geom": 200.0, "cnm": "062661.2.0143326-05" }, "geometry": { "type": "Polygon", "coordinates": [ [ [ -54.758199, -22.274586 ], [ -54.758186, -22.274675 ], [ -54.757994, -22.274651 ], [ -54.758007, -22.274562 ], [ -54.758199, -22.274586 ] ] ] } },
{ "type": "Feature", "properties": { "id": 76500, "insc_imob": "00.10.31.36.260", "quadra_cartorio": null, "lote_cartorio": "26", "matricula": "143349", "circunscricao": "1º CIRCUNSCRIÇÃO", "zoneamento": "AUM - ÁREA DE USO MISTO", "condominio": null, "area_geom": 200.0, "cnm": "062661.2.0143349-33" }, "geometry": { "type": "Polygon", "coordinates": [ [ [ -54.758392, -22.274609 ], [ -54.758379, -22.274699 ], [ -54.758186, -22.274675 ], [ -54.758199, -22.274586 ], [ -54.758392, -22.274609 ] ] ] } },
{ "type": "Feature", "properties": { "id": 76501, "insc_imob": "00.10.31.36.020", "quadra_cartorio": null, "lote_cartorio": "02", "matricula": "143325", "circunscricao": "1º CIRCUNSCRIÇÃO", "zoneamento": "AUM - ÁREA DE USO MISTO", "condominio": null, "area_geom": 200.0, "cnm": "062661.2.0143325-08" }, "geometry": { "type": "Polygon", "coordinates": [ [ [ -54.758212, -22.274496 ], [ -54.758199, -22.274586 ], [ -54.758007, -22.274562 ], [ -54.75802, -22.274472 ], [ -54.758212, -22.274496 ] ] ] } },
{ "type": "Feature", "properties": { "id": 76502, "insc_imob": "00.10.31.36.270", "quadra_cartorio": null, "lote_cartorio": "27", "matricula": "143350", "circunscricao": "1º CIRCUNSCRIÇÃO", "zoneamento": "AUM - ÁREA DE USO MISTO", "condominio": null, "area_geom": 200.0, "cnm": "062661.2.0143350-30" }, "geometry": { "type": "Polygon", "coordinates": [ [ [ -54.758404, -22.27452 ], [ -54.758392, -22.274609 ], [ -54.758199, -22.274586 ], [ -54.758212, -22.274496 ], [ -54.758404, -22.27452 ] ] ] } },
{ "type": "Feature", "properties": { "id": 76503, "insc_imob": "00.10.31.36.010", "quadra_cartorio": null, "lote_cartorio": "01", "matricula": "143324", "circunscricao": "1º CIRCUNSCRIÇÃO", "zoneamento": "AUM - ÁREA DE USO MISTO", "condominio": null, "area_geom": 240.0, "cnm": "062661.2.0143324-11" }, "geometry": { "type": "Polygon", "coordinates": [ [ [ -54.758227, -22.274389 ], [ -54.758212, -22.274496 ], [ -54.75802, -22.274472 ], [ -54.758035, -22.274365 ], [ -54.758227, -22.274389 ] ] ] } },
{ "type": "Feature", "properties": { "id": 76508, "insc_imob": "00.10.31.36.280", "quadra_cartorio": null, "lote_cartorio": "28", "matricula": "143351", "circunscricao": "1º CIRCUNSCRIÇÃO", "zoneamento": "AUM - ÁREA DE USO MISTO", "condominio": null, "area_geom": 240.0, "cnm": "062661.2.0143351-27" }, "geometry": { "type": "Polygon", "coordinates": [ [ [ -54.75842, -22.274413 ], [ -54.758404, -22.27452 ], [ -54.758212, -22.274496 ], [ -54.758227, -22.274389 ], [ -54.75842, -22.274413 ] ] ] } },
{ "type": "Feature", "properties": { "id": 76509, "insc_imob": "00.10.31.15.010", "quadra_cartorio": null, "lote_cartorio": "01", "matricula": "143109", "circunscricao": "1º CIRCUNSCRIÇÃO", "zoneamento": "AUM - ÁREA DE USO MISTO", "condominio": null, "area_geom": 412.73, "cnm": "062661.2.0143109-74" }, "geometry": { "type": "Polygon", "coordinates": [ [ [ -54.759108, -22.273259 ], [ -54.759081, -22.273447 ], [ -54.758889, -22.273423 ], [ -54.758914, -22.273242 ], [ -54.759108, -22.273259 ] ] ] } },
{ "type": "Feature", "properties": { "id": 76510, "insc_imob": "00.10.31.15.020", "quadra_cartorio": null, "lote_cartorio": "02", "matricula": "143110", "circunscricao": "1º CIRCUNSCRIÇÃO", "zoneamento": "AUM - ÁREA DE USO MISTO", "condominio": null, "area_geom": 398.85, "cnm": "062661.2.0143110-71" }, "geometry": { "type": "Polygon", "coordinates": [ [ [ -54.758914, -22.273242 ], [ -54.758889, -22.273423 ], [ -54.758696, -22.273399 ], [ -54.758721, -22.273224 ], [ -54.758914, -22.273242 ] ] ] } },
{ "type": "Feature", "properties": { "id": 76511, "insc_imob": "00.10.31.15.030", "quadra_cartorio": null, "lote_cartorio": "03", "matricula": "143111", "circunscricao": "1º CIRCUNSCRIÇÃO", "zoneamento": "AUM - ÁREA DE USO MISTO", "condominio": null, "area_geom": 200.0, "cnm": "062661.2.0143111-68" }, "geometry": { "type": "Polygon", "coordinates": [ [ [ -54.758889, -22.273423 ], [ -54.758876, -22.273513 ], [ -54.758683, -22.273489 ], [ -54.758696, -22.273399 ], [ -54.758889, -22.273423 ] ] ] } },
{ "type": "Feature", "properties": { "id": 76482, "insc_imob": "00.10.31.36.100", "quadra_cartorio": null, "lote_cartorio": "10", "matricula": "143333", "circunscricao": "1º CIRCUNSCRIÇÃO", "zoneamento": "AUM - ÁREA DE USO MISTO", "condominio": null, "area_geom": 200.0, "cnm": "062661.2.0143333-81" }, "geometry": { "type": "Polygon", "coordinates": [ [ [ -54.75811, -22.275212 ], [ -54.758097, -22.275302 ], [ -54.757905, -22.275278 ], [ -54.757918, -22.275188 ], [ -54.75811, -22.275212 ] ] ] } },
{ "type": "Feature", "properties": { "id": 76483, "insc_imob": "00.10.31.36.110", "quadra_cartorio": null, "lote_cartorio": "11", "matricula": "143334", "circunscricao": "1º CIRCUNSCRIÇÃO", "zoneamento": "AUM - ÁREA DE USO MISTO", "condominio": null, "area_geom": 200.0, "cnm": "062661.2.0143334-78" }, "geometry": { "type": "Polygon", "coordinates": [ [ [ -54.758097, -22.275302 ], [ -54.758084, -22.275391 ], [ -54.757892, -22.275367 ], [ -54.757905, -22.275278 ], [ -54.758097, -22.275302 ] ] ] } },
{ "type": "Feature", "properties": { "id": 76484, "insc_imob": "00.10.31.36.120", "quadra_cartorio": null, "lote_cartorio": "12", "matricula": "143335", "circunscricao": "1º CIRCUNSCRIÇÃO", "zoneamento": "AUM - ÁREA DE USO MISTO", "condominio": null, "area_geom": 200.0, "cnm": "062661.2.0143335-75" }, "geometry": { "type": "Polygon", "coordinates": [ [ [ -54.758084, -22.275391 ], [ -54.758072, -22.275481 ], [ -54.757879, -22.275457 ], [ -54.757892, -22.275367 ], [ -54.758084, -22.275391 ] ] ] } },
{ "type": "Feature", "properties": { "id": 76485, "insc_imob": "00.10.31.36.130", "quadra_cartorio": null, "lote_cartorio": "13", "matricula": "143336", "circunscricao": "1º CIRCUNSCRIÇÃO", "zoneamento": "AUM - ÁREA DE USO MISTO", "condominio": null, "area_geom": 200.0, "cnm": "062661.2.0143336-72" }, "geometry": { "type": "Polygon", "coordinates": [ [ [ -54.758072, -22.275481 ], [ -54.758059, -22.27557 ], [ -54.757866, -22.275546 ], [ -54.757879, -22.275457 ], [ -54.758072, -22.275481 ] ] ] } },
{ "type": "Feature", "properties": { "id": 76486, "insc_imob": "00.10.31.36.140", "quadra_cartorio": null, "lote_cartorio": "14", "matricula": "143337", "circunscricao": "1º CIRCUNSCRIÇÃO", "zoneamento": "AUM - ÁREA DE USO MISTO", "condominio": null, "area_geom": 240.0, "cnm": "062661.2.0143337-69" }, "geometry": { "type": "Polygon", "coordinates": [ [ [ -54.758059, -22.27557 ], [ -54.758043, -22.275678 ], [ -54.757851, -22.275654 ], [ -54.757866, -22.275546 ], [ -54.758059, -22.27557 ] ] ] } },
{ "type": "Feature", "properties": { "id": 76487, "insc_imob": "00.10.31.36.240", "quadra_cartorio": null, "lote_cartorio": "24", "matricula": "143347", "circunscricao": "1º CIRCUNSCRIÇÃO", "zoneamento": "AUM - ÁREA DE USO MISTO", "condominio": null, "area_geom": 200.0, "cnm": "062661.2.0143347-39" }, "geometry": { "type": "Polygon", "coordinates": [ [ [ -54.758366, -22.274788 ], [ -54.758353, -22.274878 ], [ -54.758161, -22.274854 ], [ -54.758174, -22.274765 ], [ -54.758366, -22.274788 ] ] ] } },
{ "type": "Feature", "properties": { "id": 76488, "insc_imob": "00.10.31.36.230", "quadra_cartorio": null, "lote_cartorio": "23", "matricula": "143346", "circunscricao": "1º CIRCUNSCRIÇÃO", "zoneamento": "AUM - ÁREA DE USO MISTO", "condominio": null, "area_geom": 200.0, "cnm": "062661.2.0143346-42" }, "geometry": { "type": "Polygon", "coordinates": [ [ [ -54.758353, -22.274878 ], [ -54.75834, -22.274967 ], [ -54.758148, -22.274944 ], [ -54.758161, -22.274854 ], [ -54.758353, -22.274878 ] ] ] } },
{ "type": "Feature", "properties": { "id": 76489, "insc_imob": "00.10.31.36.220", "quadra_cartorio": null, "lote_cartorio": "22", "matricula": "143345", "circunscricao": "1º CIRCUNSCRIÇÃO", "zoneamento": "AUM - ÁREA DE USO MISTO", "condominio": null, "area_geom": 200.0, "cnm": "062661.2.0143345-45" }, "geometry": { "type": "Polygon", "coordinates": [ [ [ -54.75834, -22.274967 ], [ -54.758328, -22.275057 ], [ -54.758135, -22.275033 ], [ -54.758148, -22.274944 ], [ -54.75834, -22.274967 ] ] ] } },
{ "type": "Feature", "properties": { "id": 76490, "insc_imob": "00.10.31.36.210", "quadra_cartorio": null, "lote_cartorio": "21", "matricula": "143344", "circunscricao": "1º CIRCUNSCRIÇÃO", "zoneamento": "AUM - ÁREA DE USO MISTO", "condominio": null, "area_geom": 200.0, "cnm": "062661.2.0143344-48" }, "geometry": { "type": "Polygon", "coordinates": [ [ [ -54.758328, -22.275057 ], [ -54.758315, -22.275146 ], [ -54.758123, -22.275123 ], [ -54.758135, -22.275033 ], [ -54.758328, -22.275057 ] ] ] } },
{ "type": "Feature", "properties": { "id": 76491, "insc_imob": "00.10.31.36.200", "quadra_cartorio": null, "lote_cartorio": "20", "matricula": "143343", "circunscricao": "1º CIRCUNSCRIÇÃO", "zoneamento": "AUM - ÁREA DE USO MISTO", "condominio": null, "area_geom": 200.0, "cnm": "062661.2.0143343-51" }, "geometry": { "type": "Polygon", "coordinates": [ [ [ -54.758315, -22.275146 ], [ -54.758302, -22.275236 ], [ -54.75811, -22.275212 ], [ -54.758123, -22.275123 ], [ -54.758315, -22.275146 ] ] ] } },
{ "type": "Feature", "properties": { "id": 76492, "insc_imob": "00.10.31.36.190", "quadra_cartorio": null, "lote_cartorio": "19", "matricula": "143342", "circunscricao": "1º CIRCUNSCRIÇÃO", "zoneamento": "AUM - ÁREA DE USO MISTO", "condominio": null, "area_geom": 200.0, "cnm": "062661.2.0143342-54" }, "geometry": { "type": "Polygon", "coordinates": [ [ [ -54.758302, -22.275236 ], [ -54.758289, -22.275325 ], [ -54.758097, -22.275302 ], [ -54.75811, -22.275212 ], [ -54.758302, -22.275236 ] ] ] } },
{ "type": "Feature", "properties": { "id": 76493, "insc_imob": "00.10.31.36.180", "quadra_cartorio": null, "lote_cartorio": "18", "matricula": "143341", "circunscricao": "1º CIRCUNSCRIÇÃO", "zoneamento": "AUM - ÁREA DE USO MISTO", "condominio": null, "area_geom": 200.0, "cnm": "062661.2.0143341-57" }, "geometry": { "type": "Polygon", "coordinates": [ [ [ -54.758289, -22.275325 ], [ -54.758277, -22.275415 ], [ -54.758084, -22.275391 ], [ -54.758097, -22.275302 ], [ -54.758289, -22.275325 ] ] ] } },
{ "type": "Feature", "properties": { "id": 76494, "insc_imob": "00.10.31.36.170", "quadra_cartorio": null, "lote_cartorio": "17", "matricula": "143340", "circunscricao": "1º CIRCUNSCRIÇÃO", "zoneamento": "AUM - ÁREA DE USO MISTO", "condominio": null, "area_geom": 200.0, "cnm": "062661.2.0143340-60" }, "geometry": { "type": "Polygon", "coordinates": [ [ [ -54.758277, -22.275415 ], [ -54.758264, -22.275504 ], [ -54.758072, -22.275481 ], [ -54.758084, -22.275391 ], [ -54.758277, -22.275415 ] ] ] } },
{ "type": "Feature", "properties": { "id": 76495, "insc_imob": "00.10.31.36.160", "quadra_cartorio": null, "lote_cartorio": "16", "matricula": "143339", "circunscricao": "1º CIRCUNSCRIÇÃO", "zoneamento": "AUM - ÁREA DE USO MISTO", "condominio": null, "area_geom": 200.0, "cnm": "062661.2.0143339-63" }, "geometry": { "type": "Polygon", "coordinates": [ [ [ -54.758264, -22.275504 ], [ -54.758251, -22.275594 ], [ -54.758059, -22.27557 ], [ -54.758072, -22.275481 ], [ -54.758264, -22.275504 ] ] ] } },
{ "type": "Feature", "properties": { "id": 76336, "insc_imob": "00.10.31.19.180", "quadra_cartorio": null, "lote_cartorio": "18", "matricula": "143209", "circunscricao": "1º CIRCUNSCRIÇÃO", "zoneamento": "AUM - ÁREA DE USO MISTO", "condominio": null, "area_geom": 200.0, "cnm": "062661.2.0143209-65" }, "geometry": { "type": "Polygon", "coordinates": [ [ [ -54.756819, -22.273441 ], [ -54.756807, -22.27353 ], [ -54.756614, -22.273506 ], [ -54.756627, -22.273417 ], [ -54.756819, -22.273441 ] ] ] } },
{ "type": "Feature", "properties": { "id": 76337, "insc_imob": "00.10.31.19.050", "quadra_cartorio": null, "lote_cartorio": "05", "matricula": "143196", "circunscricao": "1º CIRCUNSCRIÇÃO", "zoneamento": "AUM - ÁREA DE USO MISTO", "condominio": null, "area_geom": 200.0, "cnm": "062661.2.0143196-07" }, "geometry": { "type": "Polygon", "coordinates": [ [ [ -54.756627, -22.273417 ], [ -54.756614, -22.273506 ], [ -54.756422, -22.273483 ], [ -54.756435, -22.273393 ], [ -54.756627, -22.273417 ] ] ] } },
{ "type": "Feature", "properties": { "id": 76338, "insc_imob": "00.10.31.19.190", "quadra_cartorio": null, "lote_cartorio": "19", "matricula": "143210", "circunscricao": "1º CIRCUNSCRIÇÃO", "zoneamento": "AUM - ÁREA DE USO MISTO", "condominio": null, "area_geom": 200.0, "cnm": "062661.2.0143210-62" }, "geometry": { "type": "Polygon", "coordinates": [ [ [ -54.756832, -22.273351 ], [ -54.756819, -22.273441 ], [ -54.756627, -22.273417 ], [ -54.75664, -22.273327 ], [ -54.756832, -22.273351 ] ] ] } },
{ "type": "Feature", "properties": { "id": 76339, "insc_imob": "00.10.31.19.040", "quadra_cartorio": null, "lote_cartorio": "04", "matricula": "143195", "circunscricao": "1º CIRCUNSCRIÇÃO", "zoneamento": "AUM - ÁREA DE USO MISTO", "condominio": null, "area_geom": 200.0, "cnm": "062661.2.0143195-10" }, "geometry": { "type": "Polygon", "coordinates": [ [ [ -54.75664, -22.273327 ], [ -54.756627, -22.273417 ], [ -54.756435, -22.273393 ], [ -54.756448, -22.273304 ], [ -54.75664, -22.273327 ] ] ] } },
{ "type": "Feature", "properties": { "id": 76340, "insc_imob": "00.10.31.19.200", "quadra_cartorio": null, "lote_cartorio": "20", "matricula": "143211", "circunscricao": "1º CIRCUNSCRIÇÃO", "zoneamento": "AUM - ÁREA DE USO MISTO", "condominio": null, "area_geom": 200.0, "cnm": "062661.2.0143211-59" }, "geometry": { "type": "Polygon", "coordinates": [ [ [ -54.756845, -22.273262 ], [ -54.756832, -22.273351 ], [ -54.75664, -22.273327 ], [ -54.756653, -22.273238 ], [ -54.756845, -22.273262 ] ] ] } },
{ "type": "Feature", "properties": { "id": 76341, "insc_imob": "00.10.31.19.030", "quadra_cartorio": null, "lote_cartorio": "03", "matricula": "143194", "circunscricao": "1º CIRCUNSCRIÇÃO", "zoneamento": "AUM - ÁREA DE USO MISTO", "condominio": null, "area_geom": 200.0, "cnm": "062661.2.0143194-13" }, "geometry": { "type": "Polygon", "coordinates": [ [ [ -54.756653, -22.273238 ], [ -54.75664, -22.273327 ], [ -54.756448, -22.273304 ], [ -54.75646, -22.273214 ], [ -54.756653, -22.273238 ] ] ] } },
{ "type": "Feature", "properties": { "id": 76342, "insc_imob": "00.10.31.20.100", "quadra_cartorio": null, "lote_cartorio": "10", "matricula": "143221", "circunscricao": "1º CIRCUNSCRIÇÃO", "zoneamento": "AUM - ÁREA DE USO MISTO", "condominio": null, "area_geom": 200.0, "cnm": "062661.2.0143221-29" }, "geometry": { "type": "Polygon", "coordinates": [ [ [ -54.756243, -22.273916 ], [ -54.75623, -22.274005 ], [ -54.756038, -22.273982 ], [ -54.75605, -22.273892 ], [ -54.756243, -22.273916 ] ] ] } },
{ "type": "Feature", "properties": { "id": 76343, "insc_imob": "00.10.31.20.090", "quadra_cartorio": null, "lote_cartorio": "09", "matricula": "143220", "circunscricao": "1º CIRCUNSCRIÇÃO", "zoneamento": "AUM - ÁREA DE USO MISTO", "condominio": null, "area_geom": 200.0, "cnm": "062661.2.0143220-32" }, "geometry": { "type": "Polygon", "coordinates": [ [ [ -54.756256, -22.273826 ], [ -54.756243, -22.273916 ], [ -54.75605, -22.273892 ], [ -54.756063, -22.273803 ], [ -54.756256, -22.273826 ] ] ] } },
{ "type": "Feature", "properties": { "id": 76344, "insc_imob": "00.10.31.20.080", "quadra_cartorio": null, "lote_cartorio": "08", "matricula": "143219", "circunscricao": "1º CIRCUNSCRIÇÃO", "zoneamento": "AUM - ÁREA DE USO MISTO", "condominio": null, "area_geom": 200.0, "cnm": "062661.2.0143219-35" }, "geometry": { "type": "Polygon", "coordinates": [ [ [ -54.756268, -22.273737 ], [ -54.756256, -22.273826 ], [ -54.756063, -22.273803 ], [ -54.756076, -22.273713 ], [ -54.756268, -22.273737 ] ] ] } },
{ "type": "Feature", "properties": { "id": 76345, "insc_imob": "00.10.31.20.070", "quadra_cartorio": null, "lote_cartorio": "07", "matricula": "143218", "circunscricao": "1º CIRCUNSCRIÇÃO", "zoneamento": "AUM - ÁREA DE USO MISTO", "condominio": null, "area_geom": 200.0, "cnm": "062661.2.0143218-38" }, "geometry": { "type": "Polygon", "coordinates": [ [ [ -54.756281, -22.273647 ], [ -54.756268, -22.273737 ], [ -54.756076, -22.273713 ], [ -54.756089, -22.273624 ], [ -54.756281, -22.273647 ] ] ] } },
{ "type": "Feature", "properties": { "id": 76346, "insc_imob": "00.10.31.20.060", "quadra_cartorio": null, "lote_cartorio": "06", "matricula": "143217", "circunscricao": "1º CIRCUNSCRIÇÃO", "zoneamento": "AUM - ÁREA DE USO MISTO", "condominio": null, "area_geom": 200.0, "cnm": "062661.2.0143217-41" }, "geometry": { "type": "Polygon", "coordinates": [ [ [ -54.756294, -22.273558 ], [ -54.756281, -22.273647 ], [ -54.756089, -22.273624 ], [ -54.756102, -22.273534 ], [ -54.756294, -22.273558 ] ] ] } },
{ "type": "Feature", "properties": { "id": 76347, "insc_imob": "00.10.31.20.050", "quadra_cartorio": null, "lote_cartorio": "05", "matricula": "143216", "circunscricao": "1º CIRCUNSCRIÇÃO", "zoneamento": "AUM - ÁREA DE USO MISTO", "condominio": null, "area_geom": 200.0, "cnm": "062661.2.0143216-44" }, "geometry": { "type": "Polygon", "coordinates": [ [ [ -54.756307, -22.273468 ], [ -54.756294, -22.273558 ], [ -54.756102, -22.273534 ], [ -54.756114, -22.273445 ], [ -54.756307, -22.273468 ] ] ] } },
{ "type": "Feature", "properties": { "id": 76348, "insc_imob": "00.10.31.20.040", "quadra_cartorio": null, "lote_cartorio": "04", "matricula": "143215", "circunscricao": "1º CIRCUNSCRIÇÃO", "zoneamento": "AUM - ÁREA DE USO MISTO", "condominio": null, "area_geom": 200.0, "cnm": "062661.2.0143215-47" }, "geometry": { "type": "Polygon", "coordinates": [ [ [ -54.756319, -22.273379 ], [ -54.756307, -22.273468 ], [ -54.756114, -22.273445 ], [ -54.756127, -22.273355 ], [ -54.756319, -22.273379 ] ] ] } },
{ "type": "Feature", "properties": { "id": 76349, "insc_imob": "00.10.31.20.030", "quadra_cartorio": null, "lote_cartorio": "03", "matricula": "143214", "circunscricao": "1º CIRCUNSCRIÇÃO", "zoneamento": "AUM - ÁREA DE USO MISTO", "condominio": null, "area_geom": 200.0, "cnm": "062661.2.0143214-50" }, "geometry": { "type": "Polygon", "coordinates": [ [ [ -54.756332, -22.273289 ], [ -54.756319, -22.273379 ], [ -54.756127, -22.273355 ], [ -54.75614, -22.273266 ], [ -54.756332, -22.273289 ] ] ] } },
{ "type": "Feature", "properties": { "id": 76350, "insc_imob": "00.10.31.20.020", "quadra_cartorio": null, "lote_cartorio": "02", "matricula": "143213", "circunscricao": "1º CIRCUNSCRIÇÃO", "zoneamento": "AUM - ÁREA DE USO MISTO", "condominio": null, "area_geom": 200.0, "cnm": "062661.2.0143213-53" }, "geometry": { "type": "Polygon", "coordinates": [ [ [ -54.756345, -22.2732 ], [ -54.756332, -22.273289 ], [ -54.75614, -22.273266 ], [ -54.756153, -22.273176 ], [ -54.756345, -22.2732 ] ] ] } },
{ "type": "Feature", "properties": { "id": 76351, "insc_imob": "00.10.31.20.110", "quadra_cartorio": null, "lote_cartorio": "11", "matricula": "143222", "circunscricao": "1º CIRCUNSCRIÇÃO", "zoneamento": "AUM - ÁREA DE USO MISTO", "condominio": null, "area_geom": 1348.22, "cnm": "062661.2.0143222-26" }, "geometry": { "type": "Polygon", "coordinates": [ [ [ -54.756179, -22.272993 ], [ -54.756153, -22.273176 ], [ -54.75614, -22.273266 ], [ -54.756127, -22.273355 ], [ -54.756114, -22.273445 ], [ -54.756102, -22.273534 ], [ -54.756089, -22.273624 ], [ -54.756076, -22.273713 ], [ -54.756063, -22.273803 ], [ -54.75605, -22.273892 ], [ -54.756038, -22.273982 ], [ -54.755937, -22.273969 ], [ -54.756044, -22.272981 ], [ -54.756179, -22.272993 ] ] ] } },
{ "type": "Feature", "properties": { "id": 76320, "insc_imob": "00.10.31.34.010", "quadra_cartorio": null, "lote_cartorio": "01", "matricula": "143268", "circunscricao": "1º CIRCUNSCRIÇÃO", "zoneamento": "AUM - ÁREA DE USO MISTO", "condominio": null, "area_geom": 240.0, "cnm": "062661.2.0143268-82" }, "geometry": { "type": "Polygon", "coordinates": [ [ [ -54.759242, -22.274514 ], [ -54.759226, -22.274621 ], [ -54.759034, -22.274598 ], [ -54.759049, -22.27449 ], [ -54.759242, -22.274514 ] ] ] } },
{ "type": "Feature", "properties": { "id": 76321, "insc_imob": "00.10.31.34.280", "quadra_cartorio": null, "lote_cartorio": "28", "matricula": "143295", "circunscricao": "1º CIRCUNSCRIÇÃO", "zoneamento": "AUM - ÁREA DE USO MISTO", "condominio": null, "area_geom": 240.0, "cnm": "062661.2.0143295-98" }, "geometry": { "type": "Polygon", "coordinates": [ [ [ -54.759434, -22.274538 ], [ -54.759419, -22.274645 ], [ -54.759226, -22.274621 ], [ -54.759242, -22.274514 ], [ -54.759434, -22.274538 ] ] ] } },
{ "type": "Feature", "properties": { "id": 76322, "insc_imob": "00.10.31.19.120", "quadra_cartorio": null, "lote_cartorio": "12", "matricula": "143203", "circunscricao": "1º CIRCUNSCRIÇÃO", "zoneamento": "AUM - ÁREA DE USO MISTO", "condominio": null, "area_geom": 200.0, "cnm": "062661.2.0143203-83" }, "geometry": { "type": "Polygon", "coordinates": [ [ [ -54.756743, -22.273978 ], [ -54.75673, -22.274067 ], [ -54.756538, -22.274043 ], [ -54.75655, -22.273954 ], [ -54.756743, -22.273978 ] ] ] } },
{ "type": "Feature", "properties": { "id": 76323, "insc_imob": "00.10.31.19.110", "quadra_cartorio": null, "lote_cartorio": "11", "matricula": "143202", "circunscricao": "1º CIRCUNSCRIÇÃO", "zoneamento": "AUM - ÁREA DE USO MISTO", "condominio": null, "area_geom": 200.0, "cnm": "062661.2.0143202-86" }, "geometry": { "type": "Polygon", "coordinates": [ [ [ -54.75655, -22.273954 ], [ -54.756538, -22.274043 ], [ -54.756345, -22.27402 ], [ -54.756358, -22.27393 ], [ -54.75655, -22.273954 ] ] ] } },
{ "type": "Feature", "properties": { "id": 76324, "insc_imob": "00.10.31.19.130", "quadra_cartorio": null, "lote_cartorio": "13", "matricula": "143204", "circunscricao": "1º CIRCUNSCRIÇÃO", "zoneamento": "AUM - ÁREA DE USO MISTO", "condominio": null, "area_geom": 200.0, "cnm": "062661.2.0143204-80" }, "geometry": { "type": "Polygon", "coordinates": [ [ [ -54.756756, -22.273888 ], [ -54.756743, -22.273978 ], [ -54.75655, -22.273954 ], [ -54.756563, -22.273864 ], [ -54.756756, -22.273888 ] ] ] } },
{ "type": "Feature", "properties": { "id": 76325, "insc_imob": "00.10.31.19.100", "quadra_cartorio": null, "lote_cartorio": "10", "matricula": "143201", "circunscricao": "1º CIRCUNSCRIÇÃO", "zoneamento": "AUM - ÁREA DE USO MISTO", "condominio": null, "area_geom": 200.0, "cnm": "062661.2.0143201-89" }, "geometry": { "type": "Polygon", "coordinates": [ [ [ -54.756563, -22.273864 ], [ -54.75655, -22.273954 ], [ -54.756358, -22.27393 ], [ -54.756371, -22.273841 ], [ -54.756563, -22.273864 ] ] ] } },
{ "type": "Feature", "properties": { "id": 76326, "insc_imob": "00.10.31.19.140", "quadra_cartorio": null, "lote_cartorio": "14", "matricula": "143205", "circunscricao": "1º CIRCUNSCRIÇÃO", "zoneamento": "AUM - ÁREA DE USO MISTO", "condominio": null, "area_geom": 200.0, "cnm": "062661.2.0143205-77" }, "geometry": { "type": "Polygon", "coordinates": [ [ [ -54.756768, -22.273799 ], [ -54.756756, -22.273888 ], [ -54.756563, -22.273864 ], [ -54.756576, -22.273775 ], [ -54.756768, -22.273799 ] ] ] } },
{ "type": "Feature", "properties": { "id": 76327, "insc_imob": "00.10.31.19.090", "quadra_cartorio": null, "lote_cartorio": "09", "matricula": "143200", "circunscricao": "1º CIRCUNSCRIÇÃO", "zoneamento": "AUM - ÁREA DE USO MISTO", "condominio": null, "area_geom": 200.0, "cnm": "062661.2.0143200-92" }, "geometry": { "type": "Polygon", "coordinates": [ [ [ -54.756576, -22.273775 ], [ -54.756563, -22.273864 ], [ -54.756371, -22.273841 ], [ -54.756384, -22.273751 ], [ -54.756576, -22.273775 ] ] ] } },
{ "type": "Feature", "properties": { "id": 76328, "insc_imob": "00.10.31.19.150", "quadra_cartorio": null, "lote_cartorio": "15", "matricula": "143206", "circunscricao": "1º CIRCUNSCRIÇÃO", "zoneamento": "AUM - ÁREA DE USO MISTO", "condominio": null, "area_geom": 200.0, "cnm": "062661.2.0143206-74" }, "geometry": { "type": "Polygon", "coordinates": [ [ [ -54.756781, -22.273709 ], [ -54.756768, -22.273799 ], [ -54.756576, -22.273775 ], [ -54.756589, -22.273685 ], [ -54.756781, -22.273709 ] ] ] } },
{ "type": "Feature", "properties": { "id": 76329, "insc_imob": "00.10.31.19.080", "quadra_cartorio": null, "lote_cartorio": "08", "matricula": "143199", "circunscricao": "1º CIRCUNSCRIÇÃO", "zoneamento": "AUM - ÁREA DE USO MISTO", "condominio": null, "area_geom": 200.0, "cnm": "062661.2.0143199-95" }, "geometry": { "type": "Polygon", "coordinates": [ [ [ -54.756589, -22.273685 ], [ -54.756576, -22.273775 ], [ -54.756384, -22.273751 ], [ -54.756396, -22.273662 ], [ -54.756589, -22.273685 ] ] ] } },
{ "type": "Feature", "properties": { "id": 76330, "insc_imob": "00.10.31.19.160", "quadra_cartorio": null, "lote_cartorio": "16", "matricula": "143207", "circunscricao": "1º CIRCUNSCRIÇÃO", "zoneamento": "AUM - ÁREA DE USO MISTO", "condominio": null, "area_geom": 200.0, "cnm": "062661.2.0143207-71" }, "geometry": { "type": "Polygon", "coordinates": [ [ [ -54.756794, -22.27362 ], [ -54.756781, -22.273709 ], [ -54.756589, -22.273685 ], [ -54.756602, -22.273596 ], [ -54.756794, -22.27362 ] ] ] } },
{ "type": "Feature", "properties": { "id": 76333, "insc_imob": "00.10.31.19.070", "quadra_cartorio": null, "lote_cartorio": "07", "matricula": "143198", "circunscricao": "1º CIRCUNSCRIÇÃO", "zoneamento": "AUM - ÁREA DE USO MISTO", "condominio": null, "area_geom": 200.0, "cnm": "062661.2.0143198-98" }, "geometry": { "type": "Polygon", "coordinates": [ [ [ -54.756602, -22.273596 ], [ -54.756589, -22.273685 ], [ -54.756396, -22.273662 ], [ -54.756409, -22.273572 ], [ -54.756602, -22.273596 ] ] ] } },
{ "type": "Feature", "properties": { "id": 76334, "insc_imob": "00.10.31.19.170", "quadra_cartorio": null, "lote_cartorio": "17", "matricula": "143208", "circunscricao": "1º CIRCUNSCRIÇÃO", "zoneamento": "AUM - ÁREA DE USO MISTO", "condominio": null, "area_geom": 200.0, "cnm": "062661.2.0143208-68" }, "geometry": { "type": "Polygon", "coordinates": [ [ [ -54.756807, -22.27353 ], [ -54.756794, -22.27362 ], [ -54.756602, -22.273596 ], [ -54.756614, -22.273506 ], [ -54.756807, -22.27353 ] ] ] } },
{ "type": "Feature", "properties": { "id": 76335, "insc_imob": "00.10.31.19.060", "quadra_cartorio": null, "lote_cartorio": "06", "matricula": "143197", "circunscricao": "1º CIRCUNSCRIÇÃO", "zoneamento": "AUM - ÁREA DE USO MISTO", "condominio": null, "area_geom": 200.0, "cnm": "062661.2.0143197-04" }, "geometry": { "type": "Polygon", "coordinates": [ [ [ -54.756614, -22.273506 ], [ -54.756602, -22.273596 ], [ -54.756409, -22.273572 ], [ -54.756422, -22.273483 ], [ -54.756614, -22.273506 ] ] ] } },
{ "type": "Feature", "properties": { "id": 76306, "insc_imob": "00.10.31.34.220", "quadra_cartorio": null, "lote_cartorio": "22", "matricula": "143289", "circunscricao": "1º CIRCUNSCRIÇÃO", "zoneamento": "AUM - ÁREA DE USO MISTO", "condominio": null, "area_geom": 200.0, "cnm": "062661.2.0143289-19" }, "geometry": { "type": "Polygon", "coordinates": [ [ [ -54.759355, -22.275093 ], [ -54.759342, -22.275182 ], [ -54.75915, -22.275158 ], [ -54.759163, -22.275069 ], [ -54.759355, -22.275093 ] ] ] } },
{ "type": "Feature", "properties": { "id": 76307, "insc_imob": "00.10.31.34.210", "quadra_cartorio": null, "lote_cartorio": "21", "matricula": "143288", "circunscricao": "1º CIRCUNSCRIÇÃO", "zoneamento": "AUM - ÁREA DE USO MISTO", "condominio": null, "area_geom": 200.0, "cnm": "062661.2.0143288-22" }, "geometry": { "type": "Polygon", "coordinates": [ [ [ -54.759342, -22.275182 ], [ -54.759329, -22.275272 ], [ -54.759137, -22.275248 ], [ -54.75915, -22.275158 ], [ -54.759342, -22.275182 ] ] ] } },
{ "type": "Feature", "properties": { "id": 76308, "insc_imob": "00.10.31.34.200", "quadra_cartorio": null, "lote_cartorio": "20", "matricula": "143287", "circunscricao": "1º CIRCUNSCRIÇÃO", "zoneamento": "AUM - ÁREA DE USO MISTO", "condominio": null, "area_geom": 200.0, "cnm": "062661.2.0143287-25" }, "geometry": { "type": "Polygon", "coordinates": [ [ [ -54.759329, -22.275272 ], [ -54.759317, -22.275361 ], [ -54.759124, -22.275337 ], [ -54.759137, -22.275248 ], [ -54.759329, -22.275272 ] ] ] } },
{ "type": "Feature", "properties": { "id": 76309, "insc_imob": "00.10.31.34.190", "quadra_cartorio": null, "lote_cartorio": "19", "matricula": "143286", "circunscricao": "1º CIRCUNSCRIÇÃO", "zoneamento": "AUM - ÁREA DE USO MISTO", "condominio": null, "area_geom": 200.0, "cnm": "062661.2.0143286-28" }, "geometry": { "type": "Polygon", "coordinates": [ [ [ -54.759317, -22.275361 ], [ -54.759304, -22.275451 ], [ -54.759112, -22.275427 ], [ -54.759124, -22.275337 ], [ -54.759317, -22.275361 ] ] ] } },
{ "type": "Feature", "properties": { "id": 76310, "insc_imob": "00.10.31.34.180", "quadra_cartorio": null, "lote_cartorio": "18", "matricula": "143285", "circunscricao": "1º CIRCUNSCRIÇÃO", "zoneamento": "AUM - ÁREA DE USO MISTO", "condominio": null, "area_geom": 200.0, "cnm": "062661.2.0143285-31" }, "geometry": { "type": "Polygon", "coordinates": [ [ [ -54.759304, -22.275451 ], [ -54.759291, -22.27554 ], [ -54.759099, -22.275516 ], [ -54.759112, -22.275427 ], [ -54.759304, -22.275451 ] ] ] } },
{ "type": "Feature", "properties": { "id": 76311, "insc_imob": "00.10.31.34.170", "quadra_cartorio": null, "lote_cartorio": "17", "matricula": "143284", "circunscricao": "1º CIRCUNSCRIÇÃO", "zoneamento": "AUM - ÁREA DE USO MISTO", "condominio": null, "area_geom": 200.0, "cnm": "062661.2.0143284-34" }, "geometry": { "type": "Polygon", "coordinates": [ [ [ -54.759291, -22.27554 ], [ -54.759278, -22.27563 ], [ -54.759086, -22.275606 ], [ -54.759099, -22.275516 ], [ -54.759291, -22.27554 ] ] ] } },
{ "type": "Feature", "properties": { "id": 76312, "insc_imob": "00.10.31.34.160", "quadra_cartorio": null, "lote_cartorio": "16", "matricula": "143283", "circunscricao": "1º CIRCUNSCRIÇÃO", "zoneamento": "AUM - ÁREA DE USO MISTO", "condominio": null, "area_geom": 200.0, "cnm": "062661.2.0143283-37" }, "geometry": { "type": "Polygon", "coordinates": [ [ [ -54.759278, -22.27563 ], [ -54.759266, -22.275719 ], [ -54.759073, -22.275695 ], [ -54.759086, -22.275606 ], [ -54.759278, -22.27563 ] ] ] } },
{ "type": "Feature", "properties": { "id": 76313, "insc_imob": "00.10.31.34.150", "quadra_cartorio": null, "lote_cartorio": "15", "matricula": "143282", "circunscricao": "1º CIRCUNSCRIÇÃO", "zoneamento": "AUM - ÁREA DE USO MISTO", "condominio": null, "area_geom": 240.0, "cnm": "062661.2.0143282-40" }, "geometry": { "type": "Polygon", "coordinates": [ [ [ -54.759266, -22.275719 ], [ -54.75925, -22.275827 ], [ -54.759058, -22.275803 ], [ -54.759073, -22.275695 ], [ -54.759266, -22.275719 ] ] ] } },
{ "type": "Feature", "properties": { "id": 76314, "insc_imob": "00.10.31.34.040", "quadra_cartorio": null, "lote_cartorio": "04", "matricula": "143271", "circunscricao": "1º CIRCUNSCRIÇÃO", "zoneamento": "AUM - ÁREA DE USO MISTO", "condominio": null, "area_geom": 200.0, "cnm": "062661.2.0143271-73" }, "geometry": { "type": "Polygon", "coordinates": [ [ [ -54.759201, -22.2748 ], [ -54.759188, -22.27489 ], [ -54.758996, -22.274866 ], [ -54.759009, -22.274777 ], [ -54.759201, -22.2748 ] ] ] } },
{ "type": "Feature", "properties": { "id": 76315, "insc_imob": "00.10.31.34.250", "quadra_cartorio": null, "lote_cartorio": "25", "matricula": "143292", "circunscricao": "1º CIRCUNSCRIÇÃO", "zoneamento": "AUM - ÁREA DE USO MISTO", "condominio": null, "area_geom": 200.0, "cnm": "062661.2.0143292-10" }, "geometry": { "type": "Polygon", "coordinates": [ [ [ -54.759393, -22.274824 ], [ -54.759381, -22.274914 ], [ -54.759188, -22.27489 ], [ -54.759201, -22.2748 ], [ -54.759393, -22.274824 ] ] ] } },
{ "type": "Feature", "properties": { "id": 76316, "insc_imob": "00.10.31.34.030", "quadra_cartorio": null, "lote_cartorio": "03", "matricula": "143270", "circunscricao": "1º CIRCUNSCRIÇÃO", "zoneamento": "AUM - ÁREA DE USO MISTO", "condominio": null, "area_geom": 200.0, "cnm": "062661.2.0143270-76" }, "geometry": { "type": "Polygon", "coordinates": [ [ [ -54.759214, -22.274711 ], [ -54.759201, -22.2748 ], [ -54.759009, -22.274777 ], [ -54.759021, -22.274687 ], [ -54.759214, -22.274711 ] ] ] } },
{ "type": "Feature", "properties": { "id": 76317, "insc_imob": "00.10.31.34.260", "quadra_cartorio": null, "lote_cartorio": "26", "matricula": "143293", "circunscricao": "1º CIRCUNSCRIÇÃO", "zoneamento": "AUM - ÁREA DE USO MISTO", "condominio": null, "area_geom": 200.0, "cnm": "062661.2.0143293-07" }, "geometry": { "type": "Polygon", "coordinates": [ [ [ -54.759406, -22.274735 ], [ -54.759393, -22.274824 ], [ -54.759201, -22.2748 ], [ -54.759214, -22.274711 ], [ -54.759406, -22.274735 ] ] ] } },
{ "type": "Feature", "properties": { "id": 76318, "insc_imob": "00.10.31.34.020", "quadra_cartorio": null, "lote_cartorio": "02", "matricula": "143269", "circunscricao": "1º CIRCUNSCRIÇÃO", "zoneamento": "AUM - ÁREA DE USO MISTO", "condominio": null, "area_geom": 200.0, "cnm": "062661.2.0143269-79" }, "geometry": { "type": "Polygon", "coordinates": [ [ [ -54.759226, -22.274621 ], [ -54.759214, -22.274711 ], [ -54.759021, -22.274687 ], [ -54.759034, -22.274598 ], [ -54.759226, -22.274621 ] ] ] } },
{ "type": "Feature", "properties": { "id": 76319, "insc_imob": "00.10.31.34.270", "quadra_cartorio": null, "lote_cartorio": "27", "matricula": "143294", "circunscricao": "1º CIRCUNSCRIÇÃO", "zoneamento": "AUM - ÁREA DE USO MISTO", "condominio": null, "area_geom": 200.0, "cnm": "062661.2.0143294-04" }, "geometry": { "type": "Polygon", "coordinates": [ [ [ -54.759419, -22.274645 ], [ -54.759406, -22.274735 ], [ -54.759214, -22.274711 ], [ -54.759226, -22.274621 ], [ -54.759419, -22.274645 ] ] ] } },
{ "type": "Feature", "properties": { "id": 76288, "insc_imob": "00.10.31.14.150", "quadra_cartorio": null, "lote_cartorio": "15", "matricula": "143101", "circunscricao": "1º CIRCUNSCRIÇÃO", "zoneamento": "AUM - ÁREA DE USO MISTO", "condominio": null, "area_geom": 200.0, "cnm": "062661.2.0143101-98" }, "geometry": { "type": "Polygon", "coordinates": [ [ [ -54.759492, -22.274135 ], [ -54.759479, -22.274225 ], [ -54.759286, -22.274201 ], [ -54.759299, -22.274111 ], [ -54.759492, -22.274135 ] ] ] } },
{ "type": "Feature", "properties": { "id": 76289, "insc_imob": "00.10.31.14.140", "quadra_cartorio": null, "lote_cartorio": "14", "matricula": "143100", "circunscricao": "1º CIRCUNSCRIÇÃO", "zoneamento": "AUM - ÁREA DE USO MISTO", "condominio": null, "area_geom": 200.0, "cnm": "062661.2.0143100-04" }, "geometry": { "type": "Polygon", "coordinates": [ [ [ -54.759479, -22.274225 ], [ -54.759466, -22.274314 ], [ -54.759274, -22.27429 ], [ -54.759286, -22.274201 ], [ -54.759479, -22.274225 ] ] ] } },
{ "type": "Feature", "properties": { "id": 76290, "insc_imob": "00.10.31.14.130", "quadra_cartorio": null, "lote_cartorio": "13", "matricula": "143099", "circunscricao": "1º CIRCUNSCRIÇÃO", "zoneamento": "AUM - ÁREA DE USO MISTO", "condominio": null, "area_geom": 200.0, "cnm": "062661.2.0143099-07" }, "geometry": { "type": "Polygon", "coordinates": [ [ [ -54.759466, -22.274314 ], [ -54.759453, -22.274404 ], [ -54.759261, -22.27438 ], [ -54.759274, -22.27429 ], [ -54.759466, -22.274314 ] ] ] } },
{ "type": "Feature", "properties": { "id": 76291, "insc_imob": "00.10.31.34.050", "quadra_cartorio": null, "lote_cartorio": "05", "matricula": "143272", "circunscricao": "1º CIRCUNSCRIÇÃO", "zoneamento": "AUM - ÁREA DE USO MISTO", "condominio": null, "area_geom": 200.0, "cnm": "062661.2.0143272-70" }, "geometry": { "type": "Polygon", "coordinates": [ [ [ -54.759188, -22.27489 ], [ -54.759175, -22.274979 ], [ -54.758983, -22.274956 ], [ -54.758996, -22.274866 ], [ -54.759188, -22.27489 ] ] ] } },
{ "type": "Feature", "properties": { "id": 76292, "insc_imob": "00.10.31.34.060", "quadra_cartorio": null, "lote_cartorio": "06", "matricula": "143273", "circunscricao": "1º CIRCUNSCRIÇÃO", "zoneamento": "AUM - ÁREA DE USO MISTO", "condominio": null, "area_geom": 200.0, "cnm": "062661.2.0143273-67" }, "geometry": { "type": "Polygon", "coordinates": [ [ [ -54.759175, -22.274979 ], [ -54.759163, -22.275069 ], [ -54.75897, -22.275045 ], [ -54.758983, -22.274956 ], [ -54.759175, -22.274979 ] ] ] } },
{ "type": "Feature", "properties": { "id": 76293, "insc_imob": "00.10.31.34.070", "quadra_cartorio": null, "lote_cartorio": "07", "matricula": "143274", "circunscricao": "1º CIRCUNSCRIÇÃO", "zoneamento": "AUM - ÁREA DE USO MISTO", "condominio": null, "area_geom": 200.0, "cnm": "062661.2.0143274-64" }, "geometry": { "type": "Polygon", "coordinates": [ [ [ -54.759163, -22.275069 ], [ -54.75915, -22.275158 ], [ -54.758958, -22.275135 ], [ -54.75897, -22.275045 ], [ -54.759163, -22.275069 ] ] ] } },
{ "type": "Feature", "properties": { "id": 76294, "insc_imob": "00.10.31.34.080", "quadra_cartorio": null, "lote_cartorio": "08", "matricula": "143275", "circunscricao": "1º CIRCUNSCRIÇÃO", "zoneamento": "AUM - ÁREA DE USO MISTO", "condominio": null, "area_geom": 200.0, "cnm": "062661.2.0143275-61" }, "geometry": { "type": "Polygon", "coordinates": [ [ [ -54.75915, -22.275158 ], [ -54.759137, -22.275248 ], [ -54.758945, -22.275224 ], [ -54.758958, -22.275135 ], [ -54.75915, -22.275158 ] ] ] } },
{ "type": "Feature", "properties": { "id": 76295, "insc_imob": "00.10.31.34.090", "quadra_cartorio": null, "lote_cartorio": "09", "matricula": "143276", "circunscricao": "1º CIRCUNSCRIÇÃO", "zoneamento": "AUM - ÁREA DE USO MISTO", "condominio": null, "area_geom": 200.0, "cnm": "062661.2.0143276-58" }, "geometry": { "type": "Polygon", "coordinates": [ [ [ -54.759137, -22.275248 ], [ -54.759124, -22.275337 ], [ -54.758932, -22.275314 ], [ -54.758945, -22.275224 ], [ -54.759137, -22.275248 ] ] ] } },
{ "type": "Feature", "properties": { "id": 76296, "insc_imob": "00.10.31.34.100", "quadra_cartorio": null, "lote_cartorio": "10", "matricula": "143278", "circunscricao": "1º CIRCUNSCRIÇÃO", "zoneamento": "AUM - ÁREA DE USO MISTO", "condominio": null, "area_geom": 200.0, "cnm": "062661.2.0143278-52" }, "geometry": { "type": "Polygon", "coordinates": [ [ [ -54.759124, -22.275337 ], [ -54.759112, -22.275427 ], [ -54.758919, -22.275403 ], [ -54.758932, -22.275314 ], [ -54.759124, -22.275337 ] ] ] } },
{ "type": "Feature", "properties": { "id": 76297, "insc_imob": "00.10.31.34.110", "quadra_cartorio": null, "lote_cartorio": "11", "matricula": "143278", "circunscricao": "1º CIRCUNSCRIÇÃO", "zoneamento": "AUM - ÁREA DE USO MISTO", "condominio": null, "area_geom": 200.0, "cnm": "062661.2.0143278-52" }, "geometry": { "type": "Polygon", "coordinates": [ [ [ -54.759112, -22.275427 ], [ -54.759099, -22.275516 ], [ -54.758907, -22.275493 ], [ -54.758919, -22.275403 ], [ -54.759112, -22.275427 ] ] ] } },
{ "type": "Feature", "properties": { "id": 76298, "insc_imob": "00.10.31.34.120", "quadra_cartorio": null, "lote_cartorio": "12", "matricula": "143279", "circunscricao": "1º CIRCUNSCRIÇÃO", "zoneamento": "AUM - ÁREA DE USO MISTO", "condominio": null, "area_geom": 200.0, "cnm": "062661.2.0143279-49" }, "geometry": { "type": "Polygon", "coordinates": [ [ [ -54.759099, -22.275516 ], [ -54.759086, -22.275606 ], [ -54.758894, -22.275582 ], [ -54.758907, -22.275493 ], [ -54.759099, -22.275516 ] ] ] } },
{ "type": "Feature", "properties": { "id": 76299, "insc_imob": "00.10.31.34.130", "quadra_cartorio": null, "lote_cartorio": "13", "matricula": "143280", "circunscricao": "1º CIRCUNSCRIÇÃO", "zoneamento": "AUM - ÁREA DE USO MISTO", "condominio": null, "area_geom": 200.0, "cnm": "062661.2.0143280-46" }, "geometry": { "type": "Polygon", "coordinates": [ [ [ -54.759086, -22.275606 ], [ -54.759073, -22.275695 ], [ -54.758881, -22.275672 ], [ -54.758894, -22.275582 ], [ -54.759086, -22.275606 ] ] ] } },
{ "type": "Feature", "properties": { "id": 76300, "insc_imob": "00.10.31.34.140", "quadra_cartorio": null, "lote_cartorio": "14", "matricula": "143281", "circunscricao": "1º CIRCUNSCRIÇÃO", "zoneamento": "AUM - ÁREA DE USO MISTO", "condominio": null, "area_geom": 240.0, "cnm": "062661.2.0143281-43" }, "geometry": { "type": "Polygon", "coordinates": [ [ [ -54.759073, -22.275695 ], [ -54.759058, -22.275803 ], [ -54.758866, -22.275779 ], [ -54.758881, -22.275672 ], [ -54.759073, -22.275695 ] ] ] } },
{ "type": "Feature", "properties": { "id": 76301, "insc_imob": "00.10.31.34.240", "quadra_cartorio": null, "lote_cartorio": "24", "matricula": "143291", "circunscricao": "1º CIRCUNSCRIÇÃO", "zoneamento": "AUM - ÁREA DE USO MISTO", "condominio": null, "area_geom": 200.0, "cnm": "062661.2.0143291-13" }, "geometry": { "type": "Polygon", "coordinates": [ [ [ -54.759381, -22.274914 ], [ -54.759368, -22.275003 ], [ -54.759175, -22.274979 ], [ -54.759188, -22.27489 ], [ -54.759381, -22.274914 ] ] ] } },
{ "type": "Feature", "properties": { "id": 76302, "insc_imob": "00.10.31.34.230", "quadra_cartorio": null, "lote_cartorio": "23", "matricula": "143290", "circunscricao": "1º CIRCUNSCRIÇÃO", "zoneamento": "AUM - ÁREA DE USO MISTO", "condominio": null, "area_geom": 200.0, "cnm": "062661.2.0143290-16" }, "geometry": { "type": "Polygon", "coordinates": [ [ [ -54.759368, -22.275003 ], [ -54.759355, -22.275093 ], [ -54.759163, -22.275069 ], [ -54.759175, -22.274979 ], [ -54.759368, -22.275003 ] ] ] } },
{ "type": "Feature", "properties": { "id": 76400, "insc_imob": "00.10.31.33.220", "quadra_cartorio": null, "lote_cartorio": "22", "matricula": "143261", "circunscricao": "1º CIRCUNSCRIÇÃO", "zoneamento": "AUM - ÁREA DE USO MISTO", "condominio": null, "area_geom": 200.0, "cnm": "062661.2.0143261-06" }, "geometry": { "type": "Polygon", "coordinates": [ [ [ -54.759855, -22.275155 ], [ -54.759842, -22.275244 ], [ -54.75965, -22.27522 ], [ -54.759663, -22.275131 ], [ -54.759855, -22.275155 ] ] ] } },
{ "type": "Feature", "properties": { "id": 76401, "insc_imob": "00.10.31.33.210", "quadra_cartorio": null, "lote_cartorio": "21", "matricula": "143260", "circunscricao": "1º CIRCUNSCRIÇÃO", "zoneamento": "AUM - ÁREA DE USO MISTO", "condominio": null, "area_geom": 200.0, "cnm": "062661.2.0143260-09" }, "geometry": { "type": "Polygon", "coordinates": [ [ [ -54.759842, -22.275244 ], [ -54.759829, -22.275334 ], [ -54.759637, -22.27531 ], [ -54.75965, -22.27522 ], [ -54.759842, -22.275244 ] ] ] } },
{ "type": "Feature", "properties": { "id": 76402, "insc_imob": "00.10.31.33.200", "quadra_cartorio": null, "lote_cartorio": "20", "matricula": "143259", "circunscricao": "1º CIRCUNSCRIÇÃO", "zoneamento": "AUM - ÁREA DE USO MISTO", "condominio": null, "area_geom": 200.0, "cnm": "062661.2.0143259-12" }, "geometry": { "type": "Polygon", "coordinates": [ [ [ -54.759829, -22.275334 ], [ -54.759817, -22.275423 ], [ -54.759624, -22.275399 ], [ -54.759637, -22.27531 ], [ -54.759829, -22.275334 ] ] ] } },
{ "type": "Feature", "properties": { "id": 76403, "insc_imob": "00.10.31.33.190", "quadra_cartorio": null, "lote_cartorio": "19", "matricula": "143258", "circunscricao": "1º CIRCUNSCRIÇÃO", "zoneamento": "AUM - ÁREA DE USO MISTO", "condominio": null, "area_geom": 200.0, "cnm": "062661.2.0143258-15" }, "geometry": { "type": "Polygon", "coordinates": [ [ [ -54.759817, -22.275423 ], [ -54.759804, -22.275513 ], [ -54.759612, -22.275489 ], [ -54.759624, -22.275399 ], [ -54.759817, -22.275423 ] ] ] } },
{ "type": "Feature", "properties": { "id": 76404, "insc_imob": "00.10.31.33.180", "quadra_cartorio": null, "lote_cartorio": "18", "matricula": "143257", "circunscricao": "1º CIRCUNSCRIÇÃO", "zoneamento": "AUM - ÁREA DE USO MISTO", "condominio": null, "area_geom": 200.0, "cnm": "062661.2.0143257-18" }, "geometry": { "type": "Polygon", "coordinates": [ [ [ -54.759804, -22.275513 ], [ -54.759791, -22.275602 ], [ -54.759599, -22.275578 ], [ -54.759612, -22.275489 ], [ -54.759804, -22.275513 ] ] ] } },
{ "type": "Feature", "properties": { "id": 76405, "insc_imob": "00.10.31.33.170", "quadra_cartorio": null, "lote_cartorio": "17", "matricula": "143256", "circunscricao": "1º CIRCUNSCRIÇÃO", "zoneamento": "AUM - ÁREA DE USO MISTO", "condominio": null, "area_geom": 200.0, "cnm": "062661.2.0143256-21" }, "geometry": { "type": "Polygon", "coordinates": [ [ [ -54.759791, -22.275602 ], [ -54.759778, -22.275692 ], [ -54.759586, -22.275668 ], [ -54.759599, -22.275578 ], [ -54.759791, -22.275602 ] ] ] } },
{ "type": "Feature", "properties": { "id": 76406, "insc_imob": "00.10.31.33.160", "quadra_cartorio": null, "lote_cartorio": "16", "matricula": "143255", "circunscricao": "1º CIRCUNSCRIÇÃO", "zoneamento": "AUM - ÁREA DE USO MISTO", "condominio": null, "area_geom": 200.0, "cnm": "062661.2.0143255-24" }, "geometry": { "type": "Polygon", "coordinates": [ [ [ -54.759778, -22.275692 ], [ -54.759766, -22.275781 ], [ -54.759573, -22.275757 ], [ -54.759586, -22.275668 ], [ -54.759778, -22.275692 ] ] ] } },
{ "type": "Feature", "properties": { "id": 76407, "insc_imob": "00.10.31.33.150", "quadra_cartorio": null, "lote_cartorio": "15", "matricula": "143254", "circunscricao": "1º CIRCUNSCRIÇÃO", "zoneamento": "AUM - ÁREA DE USO MISTO", "condominio": null, "area_geom": 240.0, "cnm": "062661.2.0143254-27" }, "geometry": { "type": "Polygon", "coordinates": [ [ [ -54.759766, -22.275781 ], [ -54.75975, -22.275888 ], [ -54.759558, -22.275865 ], [ -54.759573, -22.275757 ], [ -54.759766, -22.275781 ] ] ] } },
{ "type": "Feature", "properties": { "id": 76408, "insc_imob": "00.10.31.33.040", "quadra_cartorio": null, "lote_cartorio": "04", "matricula": "143243", "circunscricao": "1º CIRCUNSCRIÇÃO", "zoneamento": "AUM - ÁREA DE USO MISTO", "condominio": null, "area_geom": 200.0, "cnm": "062661.2.0143243-60" }, "geometry": { "type": "Polygon", "coordinates": [ [ [ -54.759701, -22.274862 ], [ -54.759688, -22.274952 ], [ -54.759496, -22.274928 ], [ -54.759509, -22.274839 ], [ -54.759701, -22.274862 ] ] ] } },
{ "type": "Feature", "properties": { "id": 76409, "insc_imob": "00.10.31.33.250", "quadra_cartorio": null, "lote_cartorio": "25", "matricula": "143264", "circunscricao": "1º CIRCUNSCRIÇÃO", "zoneamento": "AUM - ÁREA DE USO MISTO", "condominio": null, "area_geom": 200.0, "cnm": "062661.2.0143264-94" }, "geometry": { "type": "Polygon", "coordinates": [ [ [ -54.759893, -22.274886 ], [ -54.759881, -22.274976 ], [ -54.759688, -22.274952 ], [ -54.759701, -22.274862 ], [ -54.759893, -22.274886 ] ] ] } },
{ "type": "Feature", "properties": { "id": 76410, "insc_imob": "00.10.31.33.030", "quadra_cartorio": null, "lote_cartorio": "03", "matricula": "143242", "circunscricao": "1º CIRCUNSCRIÇÃO", "zoneamento": "AUM - ÁREA DE USO MISTO", "condominio": null, "area_geom": 200.0, "cnm": "062661.2.0143242-63" }, "geometry": { "type": "Polygon", "coordinates": [ [ [ -54.759714, -22.274773 ], [ -54.759701, -22.274862 ], [ -54.759509, -22.274839 ], [ -54.759521, -22.274749 ], [ -54.759714, -22.274773 ] ] ] } },
{ "type": "Feature", "properties": { "id": 76411, "insc_imob": "00.10.31.33.260", "quadra_cartorio": null, "lote_cartorio": "26", "matricula": "143265", "circunscricao": "1º CIRCUNSCRIÇÃO", "zoneamento": "AUM - ÁREA DE USO MISTO", "condominio": null, "area_geom": 200.0, "cnm": "062661.2.0143265-91" }, "geometry": { "type": "Polygon", "coordinates": [ [ [ -54.759906, -22.274797 ], [ -54.759893, -22.274886 ], [ -54.759701, -22.274862 ], [ -54.759714, -22.274773 ], [ -54.759906, -22.274797 ] ] ] } },
{ "type": "Feature", "properties": { "id": 76412, "insc_imob": "00.10.31.33.020", "quadra_cartorio": null, "lote_cartorio": "02", "matricula": "143241", "circunscricao": "1º CIRCUNSCRIÇÃO", "zoneamento": "AUM - ÁREA DE USO MISTO", "condominio": null, "area_geom": 200.0, "cnm": "062661.2.0143241-66" }, "geometry": { "type": "Polygon", "coordinates": [ [ [ -54.759727, -22.274683 ], [ -54.759714, -22.274773 ], [ -54.759521, -22.274749 ], [ -54.759534, -22.27466 ], [ -54.759727, -22.274683 ] ] ] } },
{ "type": "Feature", "properties": { "id": 76413, "insc_imob": "00.10.31.33.270", "quadra_cartorio": null, "lote_cartorio": "27", "matricula": "143266", "circunscricao": "1º CIRCUNSCRIÇÃO", "zoneamento": "AUM - ÁREA DE USO MISTO", "condominio": null, "area_geom": 200.0, "cnm": "062661.2.0143266-88" }, "geometry": { "type": "Polygon", "coordinates": [ [ [ -54.759919, -22.274707 ], [ -54.759906, -22.274797 ], [ -54.759714, -22.274773 ], [ -54.759727, -22.274683 ], [ -54.759919, -22.274707 ] ] ] } },
{ "type": "Feature", "properties": { "id": 76414, "insc_imob": "00.10.31.33.010", "quadra_cartorio": null, "lote_cartorio": "01", "matricula": "143240", "circunscricao": "1º CIRCUNSCRIÇÃO", "zoneamento": "AUM - ÁREA DE USO MISTO", "condominio": null, "area_geom": 240.0, "cnm": "062661.2.0143240-69" }, "geometry": { "type": "Polygon", "coordinates": [ [ [ -54.759742, -22.274576 ], [ -54.759727, -22.274683 ], [ -54.759534, -22.27466 ], [ -54.75955, -22.274552 ], [ -54.759742, -22.274576 ] ] ] } },
{ "type": "Feature", "properties": { "id": 76415, "insc_imob": "00.10.31.33.280", "quadra_cartorio": null, "lote_cartorio": "28", "matricula": "143267", "circunscricao": "1º CIRCUNSCRIÇÃO", "zoneamento": "AUM - ÁREA DE USO MISTO", "condominio": null, "area_geom": 240.0, "cnm": "062661.2.0143267-85" }, "geometry": { "type": "Polygon", "coordinates": [ [ [ -54.759934, -22.2746 ], [ -54.759919, -22.274707 ], [ -54.759727, -22.274683 ], [ -54.759742, -22.274576 ], [ -54.759934, -22.2746 ] ] ] } },
{ "type": "Feature", "properties": { "id": 76384, "insc_imob": "00.10.31.40.020", "quadra_cartorio": null, "lote_cartorio": "02", "matricula": "143433", "circunscricao": "1º CIRCUNSCRIÇÃO", "zoneamento": "AUM - ÁREA DE USO MISTO", "condominio": null, "area_geom": 200.0, "cnm": "062661.2.0143433-72" }, "geometry": { "type": "Polygon", "coordinates": [ [ [ -54.756196, -22.274247 ], [ -54.756183, -22.274336 ], [ -54.75599, -22.274313 ], [ -54.756003, -22.274223 ], [ -54.756196, -22.274247 ] ] ] } },
{ "type": "Feature", "properties": { "id": 76385, "insc_imob": "00.10.31.40.010", "quadra_cartorio": null, "lote_cartorio": "01", "matricula": "143432", "circunscricao": "1º CIRCUNSCRIÇÃO", "zoneamento": "AUM - ÁREA DE USO MISTO", "condominio": null, "area_geom": 240.0, "cnm": "062661.2.0143432-75" }, "geometry": { "type": "Polygon", "coordinates": [ [ [ -54.756211, -22.27414 ], [ -54.756196, -22.274247 ], [ -54.756003, -22.274223 ], [ -54.756019, -22.274116 ], [ -54.756211, -22.27414 ] ] ] } },
{ "type": "Feature", "properties": { "id": 76386, "insc_imob": "00.10.31.33.050", "quadra_cartorio": null, "lote_cartorio": "05", "matricula": "143244", "circunscricao": "1º CIRCUNSCRIÇÃO", "zoneamento": "AUM - ÁREA DE USO MISTO", "condominio": null, "area_geom": 200.0, "cnm": "062661.2.0143244-57" }, "geometry": { "type": "Polygon", "coordinates": [ [ [ -54.759688, -22.274952 ], [ -54.759675, -22.275041 ], [ -54.759483, -22.275018 ], [ -54.759496, -22.274928 ], [ -54.759688, -22.274952 ] ] ] } },
{ "type": "Feature", "properties": { "id": 76387, "insc_imob": "00.10.31.33.060", "quadra_cartorio": null, "lote_cartorio": "06", "matricula": "143245", "circunscricao": "1º CIRCUNSCRIÇÃO", "zoneamento": "AUM - ÁREA DE USO MISTO", "condominio": null, "area_geom": 200.0, "cnm": "062661.2.0143245-54" }, "geometry": { "type": "Polygon", "coordinates": [ [ [ -54.759675, -22.275041 ], [ -54.759663, -22.275131 ], [ -54.75947, -22.275107 ], [ -54.759483, -22.275018 ], [ -54.759675, -22.275041 ] ] ] } },
{ "type": "Feature", "properties": { "id": 76388, "insc_imob": "00.10.31.33.070", "quadra_cartorio": null, "lote_cartorio": "07", "matricula": "143246", "circunscricao": "1º CIRCUNSCRIÇÃO", "zoneamento": "AUM - ÁREA DE USO MISTO", "condominio": null, "area_geom": 200.0, "cnm": "062661.2.0143246-51" }, "geometry": { "type": "Polygon", "coordinates": [ [ [ -54.759663, -22.275131 ], [ -54.75965, -22.27522 ], [ -54.759458, -22.275197 ], [ -54.75947, -22.275107 ], [ -54.759663, -22.275131 ] ] ] } },
{ "type": "Feature", "properties": { "id": 76391, "insc_imob": "00.10.31.33.080", "quadra_cartorio": null, "lote_cartorio": "08", "matricula": "143247", "circunscricao": "1º CIRCUNSCRIÇÃO", "zoneamento": "AUM - ÁREA DE USO MISTO", "condominio": null, "area_geom": 200.0, "cnm": "062661.2.0143247-48" }, "geometry": { "type": "Polygon", "coordinates": [ [ [ -54.75965, -22.27522 ], [ -54.759637, -22.27531 ], [ -54.759445, -22.275286 ], [ -54.759458, -22.275197 ], [ -54.75965, -22.27522 ] ] ] } },
{ "type": "Feature", "properties": { "id": 76392, "insc_imob": "00.10.31.33.090", "quadra_cartorio": null, "lote_cartorio": "09", "matricula": "143248", "circunscricao": "1º CIRCUNSCRIÇÃO", "zoneamento": "AUM - ÁREA DE USO MISTO", "condominio": null, "area_geom": 200.0, "cnm": "062661.2.0143248-45" }, "geometry": { "type": "Polygon", "coordinates": [ [ [ -54.759637, -22.27531 ], [ -54.759624, -22.275399 ], [ -54.759432, -22.275375 ], [ -54.759445, -22.275286 ], [ -54.759637, -22.27531 ] ] ] } },
{ "type": "Feature", "properties": { "id": 76393, "insc_imob": "00.10.31.33.100", "quadra_cartorio": null, "lote_cartorio": "10", "matricula": "143249", "circunscricao": "1º CIRCUNSCRIÇÃO", "zoneamento": "AUM - ÁREA DE USO MISTO", "condominio": null, "area_geom": 200.0, "cnm": "062661.2.0143249-42" }, "geometry": { "type": "Polygon", "coordinates": [ [ [ -54.759624, -22.275399 ], [ -54.759612, -22.275489 ], [ -54.759419, -22.275465 ], [ -54.759432, -22.275375 ], [ -54.759624, -22.275399 ] ] ] } },
{ "type": "Feature", "properties": { "id": 76394, "insc_imob": "00.10.31.33.110", "quadra_cartorio": null, "lote_cartorio": "11", "matricula": "143250", "circunscricao": "1º CIRCUNSCRIÇÃO", "zoneamento": "AUM - ÁREA DE USO MISTO", "condominio": null, "area_geom": 200.0, "cnm": "062661.2.0143250-39" }, "geometry": { "type": "Polygon", "coordinates": [ [ [ -54.759612, -22.275489 ], [ -54.759599, -22.275578 ], [ -54.759407, -22.275554 ], [ -54.759419, -22.275465 ], [ -54.759612, -22.275489 ] ] ] } },
{ "type": "Feature", "properties": { "id": 76395, "insc_imob": "00.10.31.33.120", "quadra_cartorio": null, "lote_cartorio": "12", "matricula": "143251", "circunscricao": "1º CIRCUNSCRIÇÃO", "zoneamento": "AUM - ÁREA DE USO MISTO", "condominio": null, "area_geom": 200.0, "cnm": "062661.2.0143251-36" }, "geometry": { "type": "Polygon", "coordinates": [ [ [ -54.759599, -22.275578 ], [ -54.759586, -22.275668 ], [ -54.759394, -22.275644 ], [ -54.759407, -22.275554 ], [ -54.759599, -22.275578 ] ] ] } },
{ "type": "Feature", "properties": { "id": 76396, "insc_imob": "00.10.31.33.130", "quadra_cartorio": null, "lote_cartorio": "13", "matricula": "143252", "circunscricao": "1º CIRCUNSCRIÇÃO", "zoneamento": "AUM - ÁREA DE USO MISTO", "condominio": null, "area_geom": 200.0, "cnm": "062661.2.0143252-33" }, "geometry": { "type": "Polygon", "coordinates": [ [ [ -54.759586, -22.275668 ], [ -54.759573, -22.275757 ], [ -54.759381, -22.275733 ], [ -54.759394, -22.275644 ], [ -54.759586, -22.275668 ] ] ] } },
{ "type": "Feature", "properties": { "id": 76397, "insc_imob": "00.10.31.33.140", "quadra_cartorio": null, "lote_cartorio": "14", "matricula": "143253", "circunscricao": "1º CIRCUNSCRIÇÃO", "zoneamento": "AUM - ÁREA DE USO MISTO", "condominio": null, "area_geom": 240.0, "cnm": "062661.2.0143253-30" }, "geometry": { "type": "Polygon", "coordinates": [ [ [ -54.759573, -22.275757 ], [ -54.759558, -22.275865 ], [ -54.759366, -22.275841 ], [ -54.759381, -22.275733 ], [ -54.759573, -22.275757 ] ] ] } },
{ "type": "Feature", "properties": { "id": 76398, "insc_imob": "00.10.31.33.240", "quadra_cartorio": null, "lote_cartorio": "24", "matricula": "143263", "circunscricao": "1º CIRCUNSCRIÇÃO", "zoneamento": "AUM - ÁREA DE USO MISTO", "condominio": null, "area_geom": 200.0, "cnm": "062661.2.0143263-97" }, "geometry": { "type": "Polygon", "coordinates": [ [ [ -54.759881, -22.274976 ], [ -54.759868, -22.275065 ], [ -54.759675, -22.275041 ], [ -54.759688, -22.274952 ], [ -54.759881, -22.274976 ] ] ] } },
{ "type": "Feature", "properties": { "id": 77436, "insc_imob": "00.10.21.80.011", "quadra_cartorio": null, "lote_cartorio": "AREA B1", "matricula": "141168", "circunscricao": "1º CIRCUNSCRIÇÃO", "zoneamento": null, "condominio": null, "area_geom": 20595.11, "cnm": "062661.2.0141168-77" }, "geometry": { "type": "Polygon", "coordinates": [ [ [ -54.755245, -22.28414 ], [ -54.755103, -22.285791 ], [ -54.75804, -22.29048 ], [ -54.757842, -22.290558 ], [ -54.754721, -22.28559 ], [ -54.754845, -22.284251 ], [ -54.755245, -22.28414 ] ] ] } },
{ "type": "Feature", "properties": { "id": 76399, "insc_imob": "00.10.31.33.230", "quadra_cartorio": null, "lote_cartorio": "23", "matricula": "143262", "circunscricao": "1º CIRCUNSCRIÇÃO", "zoneamento": "AUM - ÁREA DE USO MISTO", "condominio": null, "area_geom": 200.0, "cnm": "062661.2.0143262-03" }, "geometry": { "type": "Polygon", "coordinates": [ [ [ -54.759868, -22.275065 ], [ -54.759855, -22.275155 ], [ -54.759663, -22.275131 ], [ -54.759675, -22.275041 ], [ -54.759868, -22.275065 ] ] ] } },
{ "type": "Feature", "properties": { "id": 76368, "insc_imob": "00.10.31.32.010", "quadra_cartorio": null, "lote_cartorio": "01", "matricula": "143223", "circunscricao": "1º CIRCUNSCRIÇÃO", "zoneamento": "AUM - ÁREA DE USO MISTO", "condominio": null, "area_geom": 240.0, "cnm": "062661.2.0143223-23" }, "geometry": { "type": "Polygon", "coordinates": [ [ [ -54.760242, -22.274638 ], [ -54.760227, -22.274745 ], [ -54.760034, -22.274721 ], [ -54.76005, -22.274614 ], [ -54.760242, -22.274638 ] ] ] } },
{ "type": "Feature", "properties": { "id": 76369, "insc_imob": "00.10.31.32.280", "quadra_cartorio": null, "lote_cartorio": "16", "matricula": "143239", "circunscricao": "1º CIRCUNSCRIÇÃO", "zoneamento": "AUM - ÁREA DE USO MISTO", "condominio": null, "area_geom": 240.0, "cnm": "062661.2.0143239-72" }, "geometry": { "type": "Polygon", "coordinates": [ [ [ -54.760434, -22.274661 ], [ -54.760419, -22.274769 ], [ -54.760227, -22.274745 ], [ -54.760242, -22.274638 ], [ -54.760434, -22.274661 ] ] ] } },
{ "type": "Feature", "properties": { "id": 76371, "insc_imob": "00.10.31.32.270", "quadra_cartorio": null, "lote_cartorio": "16", "matricula": "143238", "circunscricao": "1º CIRCUNSCRIÇÃO", "zoneamento": "AUM - ÁREA DE USO MISTO", "condominio": null, "area_geom": 200.0, "cnm": "062661.2.0143238-75" }, "geometry": { "type": "Polygon", "coordinates": [ [ [ -54.760419, -22.274769 ], [ -54.760406, -22.274858 ], [ -54.760214, -22.274835 ], [ -54.760227, -22.274745 ], [ -54.760419, -22.274769 ] ] ] } },
{ "type": "Feature", "properties": { "id": 76372, "insc_imob": "00.10.31.40.050", "quadra_cartorio": null, "lote_cartorio": "05", "matricula": "143436", "circunscricao": "1º CIRCUNSCRIÇÃO", "zoneamento": "AUM - ÁREA DE USO MISTO", "condominio": null, "area_geom": 200.0, "cnm": "062661.2.0143436-63" }, "geometry": { "type": "Polygon", "coordinates": [ [ [ -54.756157, -22.274515 ], [ -54.756144, -22.274605 ], [ -54.755952, -22.274581 ], [ -54.755965, -22.274492 ], [ -54.756157, -22.274515 ] ] ] } },
{ "type": "Feature", "properties": { "id": 76373, "insc_imob": "00.10.31.40.060", "quadra_cartorio": null, "lote_cartorio": "06", "matricula": "143437", "circunscricao": "1º CIRCUNSCRIÇÃO", "zoneamento": "AUM - ÁREA DE USO MISTO", "condominio": null, "area_geom": 200.0, "cnm": "062661.2.0143437-60" }, "geometry": { "type": "Polygon", "coordinates": [ [ [ -54.756144, -22.274605 ], [ -54.756132, -22.274694 ], [ -54.755939, -22.274671 ], [ -54.755952, -22.274581 ], [ -54.756144, -22.274605 ] ] ] } },
{ "type": "Feature", "properties": { "id": 76374, "insc_imob": "00.10.31.40.070", "quadra_cartorio": null, "lote_cartorio": "07", "matricula": "143438", "circunscricao": "1º CIRCUNSCRIÇÃO", "zoneamento": "AUM - ÁREA DE USO MISTO", "condominio": null, "area_geom": 200.0, "cnm": "062661.2.0143438-57" }, "geometry": { "type": "Polygon", "coordinates": [ [ [ -54.756132, -22.274694 ], [ -54.756119, -22.274784 ], [ -54.755927, -22.27476 ], [ -54.755939, -22.274671 ], [ -54.756132, -22.274694 ] ] ] } },
{ "type": "Feature", "properties": { "id": 76375, "insc_imob": "00.10.31.40.080", "quadra_cartorio": null, "lote_cartorio": "08", "matricula": "143439", "circunscricao": "1º CIRCUNSCRIÇÃO", "zoneamento": "AUM - ÁREA DE USO MISTO", "condominio": null, "area_geom": 200.0, "cnm": "062661.2.0143439-54" }, "geometry": { "type": "Polygon", "coordinates": [ [ [ -54.756119, -22.274784 ], [ -54.756106, -22.274873 ], [ -54.755914, -22.27485 ], [ -54.755927, -22.27476 ], [ -54.756119, -22.274784 ] ] ] } },
{ "type": "Feature", "properties": { "id": 76376, "insc_imob": "00.10.31.40.090", "quadra_cartorio": null, "lote_cartorio": "09", "matricula": "143440", "circunscricao": "1º CIRCUNSCRIÇÃO", "zoneamento": "AUM - ÁREA DE USO MISTO", "condominio": null, "area_geom": 200.0, "cnm": "062661.2.0143440-51" }, "geometry": { "type": "Polygon", "coordinates": [ [ [ -54.756106, -22.274873 ], [ -54.756093, -22.274963 ], [ -54.755901, -22.274939 ], [ -54.755914, -22.27485 ], [ -54.756106, -22.274873 ] ] ] } },
{ "type": "Feature", "properties": { "id": 76377, "insc_imob": "00.10.31.40.100", "quadra_cartorio": null, "lote_cartorio": "10", "matricula": "143441", "circunscricao": "1º CIRCUNSCRIÇÃO", "zoneamento": "AUM - ÁREA DE USO MISTO", "condominio": null, "area_geom": 200.0, "cnm": "062661.2.0143441-48" }, "geometry": { "type": "Polygon", "coordinates": [ [ [ -54.756093, -22.274963 ], [ -54.756081, -22.275052 ], [ -54.755888, -22.275029 ], [ -54.755901, -22.274939 ], [ -54.756093, -22.274963 ] ] ] } },
{ "type": "Feature", "properties": { "id": 76378, "insc_imob": "00.10.31.40.110", "quadra_cartorio": null, "lote_cartorio": "11", "matricula": "143442", "circunscricao": "1º CIRCUNSCRIÇÃO", "zoneamento": "AUM - ÁREA DE USO MISTO", "condominio": null, "area_geom": 200.0, "cnm": "062661.2.0143442-45" }, "geometry": { "type": "Polygon", "coordinates": [ [ [ -54.756081, -22.275052 ], [ -54.756068, -22.275142 ], [ -54.755876, -22.275118 ], [ -54.755888, -22.275029 ], [ -54.756081, -22.275052 ] ] ] } },
{ "type": "Feature", "properties": { "id": 76379, "insc_imob": "00.10.31.40.120", "quadra_cartorio": null, "lote_cartorio": "12", "matricula": "143443", "circunscricao": "1º CIRCUNSCRIÇÃO", "zoneamento": "AUM - ÁREA DE USO MISTO", "condominio": null, "area_geom": 200.0, "cnm": "062661.2.0143443-42" }, "geometry": { "type": "Polygon", "coordinates": [ [ [ -54.756068, -22.275142 ], [ -54.756055, -22.275231 ], [ -54.755863, -22.275208 ], [ -54.755876, -22.275118 ], [ -54.756068, -22.275142 ] ] ] } },
{ "type": "Feature", "properties": { "id": 76380, "insc_imob": "00.10.31.40.130", "quadra_cartorio": null, "lote_cartorio": "13", "matricula": "143444", "circunscricao": "1º CIRCUNSCRIÇÃO", "zoneamento": "AUM - ÁREA DE USO MISTO", "condominio": null, "area_geom": 200.0, "cnm": "062661.2.0143444-39" }, "geometry": { "type": "Polygon", "coordinates": [ [ [ -54.756055, -22.275231 ], [ -54.756042, -22.275321 ], [ -54.75585, -22.275297 ], [ -54.755863, -22.275208 ], [ -54.756055, -22.275231 ] ] ] } },
{ "type": "Feature", "properties": { "id": 76381, "insc_imob": "00.10.31.40.140", "quadra_cartorio": null, "lote_cartorio": "14", "matricula": "143445", "circunscricao": "1º CIRCUNSCRIÇÃO", "zoneamento": "AUM - ÁREA DE USO MISTO", "condominio": null, "area_geom": 240.0, "cnm": "062661.2.0143445-36" }, "geometry": { "type": "Polygon", "coordinates": [ [ [ -54.756042, -22.275321 ], [ -54.756027, -22.275428 ], [ -54.755835, -22.275405 ], [ -54.75585, -22.275297 ], [ -54.756042, -22.275321 ] ] ] } },
{ "type": "Feature", "properties": { "id": 76382, "insc_imob": "00.10.31.40.040", "quadra_cartorio": null, "lote_cartorio": "04", "matricula": "143435", "circunscricao": "1º CIRCUNSCRIÇÃO", "zoneamento": "AUM - ÁREA DE USO MISTO", "condominio": null, "area_geom": 200.0, "cnm": "062661.2.0143435-66" }, "geometry": { "type": "Polygon", "coordinates": [ [ [ -54.75617, -22.274426 ], [ -54.756157, -22.274515 ], [ -54.755965, -22.274492 ], [ -54.755978, -22.274402 ], [ -54.75617, -22.274426 ] ] ] } },
{ "type": "Feature", "properties": { "id": 76383, "insc_imob": "00.10.31.40.030", "quadra_cartorio": null, "lote_cartorio": "03", "matricula": "143434", "circunscricao": "1º CIRCUNSCRIÇÃO", "zoneamento": "AUM - ÁREA DE USO MISTO", "condominio": null, "area_geom": 200.0, "cnm": "062661.2.0143434-69" }, "geometry": { "type": "Polygon", "coordinates": [ [ [ -54.756183, -22.274336 ], [ -54.75617, -22.274426 ], [ -54.755978, -22.274402 ], [ -54.75599, -22.274313 ], [ -54.756183, -22.274336 ] ] ] } },
{ "type": "Feature", "properties": { "id": 76352, "insc_imob": "00.10.31.32.050", "quadra_cartorio": null, "lote_cartorio": "05", "matricula": "143227", "circunscricao": "1º CIRCUNSCRIÇÃO", "zoneamento": "AUM - ÁREA DE USO MISTO", "condominio": null, "area_geom": 200.0, "cnm": "062661.2.0143227-11" }, "geometry": { "type": "Polygon", "coordinates": [ [ [ -54.760188, -22.275014 ], [ -54.760176, -22.275103 ], [ -54.759983, -22.275079 ], [ -54.759996, -22.27499 ], [ -54.760188, -22.275014 ] ] ] } },
{ "type": "Feature", "properties": { "id": 76353, "insc_imob": "00.10.31.32.060", "quadra_cartorio": null, "lote_cartorio": "06", "matricula": "143228", "circunscricao": "1º CIRCUNSCRIÇÃO", "zoneamento": "AUM - ÁREA DE USO MISTO", "condominio": null, "area_geom": 200.0, "cnm": "062661.2.0143228-08" }, "geometry": { "type": "Polygon", "coordinates": [ [ [ -54.760176, -22.275103 ], [ -54.760163, -22.275193 ], [ -54.75997, -22.275169 ], [ -54.759983, -22.275079 ], [ -54.760176, -22.275103 ] ] ] } },
{ "type": "Feature", "properties": { "id": 76354, "insc_imob": "00.10.31.32.070", "quadra_cartorio": null, "lote_cartorio": "07", "matricula": "143229", "circunscricao": "1º CIRCUNSCRIÇÃO", "zoneamento": "AUM - ÁREA DE USO MISTO", "condominio": null, "area_geom": 200.0, "cnm": "062661.2.0143229-05" }, "geometry": { "type": "Polygon", "coordinates": [ [ [ -54.760163, -22.275193 ], [ -54.76015, -22.275282 ], [ -54.759958, -22.275258 ], [ -54.75997, -22.275169 ], [ -54.760163, -22.275193 ] ] ] } },
{ "type": "Feature", "properties": { "id": 76355, "insc_imob": "00.10.31.32.080", "quadra_cartorio": null, "lote_cartorio": "08", "matricula": "143230", "circunscricao": "1º CIRCUNSCRIÇÃO", "zoneamento": "AUM - ÁREA DE USO MISTO", "condominio": null, "area_geom": 200.0, "cnm": "062661.2.0143230-02" }, "geometry": { "type": "Polygon", "coordinates": [ [ [ -54.76015, -22.275282 ], [ -54.760137, -22.275372 ], [ -54.759945, -22.275348 ], [ -54.759958, -22.275258 ], [ -54.76015, -22.275282 ] ] ] } },
{ "type": "Feature", "properties": { "id": 76356, "insc_imob": "00.10.31.32.090", "quadra_cartorio": null, "lote_cartorio": "09", "matricula": "143231", "circunscricao": "1º CIRCUNSCRIÇÃO", "zoneamento": "AUM - ÁREA DE USO MISTO", "condominio": null, "area_geom": 200.0, "cnm": "062661.2.0143231-96" }, "geometry": { "type": "Polygon", "coordinates": [ [ [ -54.760137, -22.275372 ], [ -54.760124, -22.275461 ], [ -54.759932, -22.275437 ], [ -54.759945, -22.275348 ], [ -54.760137, -22.275372 ] ] ] } },
{ "type": "Feature", "properties": { "id": 76357, "insc_imob": "00.10.31.32.100", "quadra_cartorio": null, "lote_cartorio": "10", "matricula": "143232", "circunscricao": "1º CIRCUNSCRIÇÃO", "zoneamento": "AUM - ÁREA DE USO MISTO", "condominio": null, "area_geom": 200.0, "cnm": "062661.2.0143232-93" }, "geometry": { "type": "Polygon", "coordinates": [ [ [ -54.760124, -22.275461 ], [ -54.760112, -22.275551 ], [ -54.759919, -22.275527 ], [ -54.759932, -22.275437 ], [ -54.760124, -22.275461 ] ] ] } },
{ "type": "Feature", "properties": { "id": 76358, "insc_imob": "00.10.31.32.110", "quadra_cartorio": null, "lote_cartorio": "11", "matricula": "143233", "circunscricao": "1º CIRCUNSCRIÇÃO", "zoneamento": "AUM - ÁREA DE USO MISTO", "condominio": null, "area_geom": 200.0, "cnm": "062661.2.0143233-90" }, "geometry": { "type": "Polygon", "coordinates": [ [ [ -54.760112, -22.275551 ], [ -54.760099, -22.27564 ], [ -54.759907, -22.275616 ], [ -54.759919, -22.275527 ], [ -54.760112, -22.275551 ] ] ] } },
{ "type": "Feature", "properties": { "id": 76359, "insc_imob": "00.10.31.32.120", "quadra_cartorio": null, "lote_cartorio": "12", "matricula": "143234", "circunscricao": "1º CIRCUNSCRIÇÃO", "zoneamento": "AUM - ÁREA DE USO MISTO", "condominio": null, "area_geom": 200.0, "cnm": "062661.2.0143234-87" }, "geometry": { "type": "Polygon", "coordinates": [ [ [ -54.760099, -22.27564 ], [ -54.760086, -22.27573 ], [ -54.759894, -22.275706 ], [ -54.759907, -22.275616 ], [ -54.760099, -22.27564 ] ] ] } },
{ "type": "Feature", "properties": { "id": 76363, "insc_imob": "00.10.31.32.130", "quadra_cartorio": null, "lote_cartorio": "13", "matricula": "143235", "circunscricao": "1º CIRCUNSCRIÇÃO", "zoneamento": "AUM - ÁREA DE USO MISTO", "condominio": null, "area_geom": 200.0, "cnm": "062661.2.0143235-84" }, "geometry": { "type": "Polygon", "coordinates": [ [ [ -54.760086, -22.27573 ], [ -54.760073, -22.275819 ], [ -54.759881, -22.275795 ], [ -54.759894, -22.275706 ], [ -54.760086, -22.27573 ] ] ] } },
{ "type": "Feature", "properties": { "id": 76364, "insc_imob": "00.10.31.32.140", "quadra_cartorio": null, "lote_cartorio": "14", "matricula": "143236", "circunscricao": "1º CIRCUNSCRIÇÃO", "zoneamento": "AUM - ÁREA DE USO MISTO", "condominio": null, "area_geom": 240.0, "cnm": "062661.2.0143236-81" }, "geometry": { "type": "Polygon", "coordinates": [ [ [ -54.760073, -22.275819 ], [ -54.760058, -22.275926 ], [ -54.759866, -22.275903 ], [ -54.759881, -22.275795 ], [ -54.760073, -22.275819 ] ] ] } },
{ "type": "Feature", "properties": { "id": 76365, "insc_imob": "00.10.31.32.040", "quadra_cartorio": null, "lote_cartorio": "04", "matricula": "143226", "circunscricao": "1º CIRCUNSCRIÇÃO", "zoneamento": "AUM - ÁREA DE USO MISTO", "condominio": null, "area_geom": 200.0, "cnm": "062661.2.0143226-14" }, "geometry": { "type": "Polygon", "coordinates": [ [ [ -54.760201, -22.274924 ], [ -54.760188, -22.275014 ], [ -54.759996, -22.27499 ], [ -54.760009, -22.2749 ], [ -54.760201, -22.274924 ] ] ] } },
{ "type": "Feature", "properties": { "id": 76366, "insc_imob": "00.10.31.32.030", "quadra_cartorio": null, "lote_cartorio": "03", "matricula": "143225", "circunscricao": "1º CIRCUNSCRIÇÃO", "zoneamento": "AUM - ÁREA DE USO MISTO", "condominio": null, "area_geom": 200.0, "cnm": "062661.2.0143225-17" }, "geometry": { "type": "Polygon", "coordinates": [ [ [ -54.760214, -22.274835 ], [ -54.760201, -22.274924 ], [ -54.760009, -22.2749 ], [ -54.760021, -22.274811 ], [ -54.760214, -22.274835 ] ] ] } },
{ "type": "Feature", "properties": { "id": 76367, "insc_imob": "00.10.31.32.020", "quadra_cartorio": null, "lote_cartorio": "02", "matricula": "143224", "circunscricao": "1º CIRCUNSCRIÇÃO", "zoneamento": "AUM - ÁREA DE USO MISTO", "condominio": null, "area_geom": 200.0, "cnm": "062661.2.0143224-20" }, "geometry": { "type": "Polygon", "coordinates": [ [ [ -54.760227, -22.274745 ], [ -54.760214, -22.274835 ], [ -54.760021, -22.274811 ], [ -54.760034, -22.274721 ], [ -54.760227, -22.274745 ] ] ] } },
{ "type": "Feature", "properties": { "id": 76688, "insc_imob": "00.10.31.38.150", "quadra_cartorio": null, "lote_cartorio": "15", "matricula": "143392", "circunscricao": "1º CIRCUNSCRIÇÃO", "zoneamento": "AUM - ÁREA DE USO MISTO", "condominio": null, "area_geom": 300.0, "cnm": "062661.2.0143392-98" }, "geometry": { "type": "Polygon", "coordinates": [ [ [ -54.75709, -22.27545 ], [ -54.757075, -22.275558 ], [ -54.756835, -22.275528 ], [ -54.75685, -22.275421 ], [ -54.75709, -22.27545 ] ] ] } },
{ "type": "Feature", "properties": { "id": 126523, "insc_imob": "00.10.32.16.080", "quadra_cartorio": "16", "lote_cartorio": "08", "matricula": "168146", "circunscricao": null, "zoneamento": null, "condominio": null, "area_geom": 200.0, "cnm": "062661.2.0168146-41" }, "geometry": { "type": "Polygon", "coordinates": [ [ [ -54.75317, -22.276075 ], [ -54.75316, -22.276165 ], [ -54.752967, -22.276147 ], [ -54.752977, -22.276057 ], [ -54.75317, -22.276075 ] ] ] } },
{ "type": "Feature", "properties": { "id": 126524, "insc_imob": "00.10.32.13.100", "quadra_cartorio": "13", "lote_cartorio": "10", "matricula": "168064", "circunscricao": null, "zoneamento": null, "condominio": null, "area_geom": 200.0, "cnm": "062661.2.0168064-93" }, "geometry": { "type": "Polygon", "coordinates": [ [ [ -54.754742, -22.276413 ], [ -54.754732, -22.276502 ], [ -54.754539, -22.276484 ], [ -54.754549, -22.276394 ], [ -54.754742, -22.276413 ], [ -54.754742, -22.276413 ] ] ] } },
{ "type": "Feature", "properties": { "id": 126525, "insc_imob": "00.10.32.13.200", "quadra_cartorio": "13", "lote_cartorio": "20", "matricula": "168074", "circunscricao": null, "zoneamento": null, "condominio": null, "area_geom": 200.0, "cnm": "062661.2.0168074-63" }, "geometry": { "type": "Polygon", "coordinates": [ [ [ -54.754559, -22.276304 ], [ -54.754549, -22.276394 ], [ -54.754356, -22.276376 ], [ -54.754366, -22.276286 ], [ -54.754559, -22.276304 ] ] ] } },
{ "type": "Feature", "properties": { "id": 126526, "insc_imob": "00.10.32.13.090", "quadra_cartorio": "13", "lote_cartorio": "09", "matricula": "168063", "circunscricao": null, "zoneamento": null, "condominio": null, "area_geom": 200.0, "cnm": "062661.2.0168063-96" }, "geometry": { "type": "Polygon", "coordinates": [ [ [ -54.754752, -22.276323 ], [ -54.754742, -22.276413 ], [ -54.754549, -22.276394 ], [ -54.754559, -22.276304 ], [ -54.754752, -22.276323 ], [ -54.754752, -22.276323 ] ] ] } },
{ "type": "Feature", "properties": { "id": 126527, "insc_imob": "00.10.32.13.210", "quadra_cartorio": "13", "lote_cartorio": "21", "matricula": "168075", "circunscricao": null, "zoneamento": null, "condominio": null, "area_geom": 200.0, "cnm": "062661.2.0168075-60" }, "geometry": { "type": "Polygon", "coordinates": [ [ [ -54.754569, -22.276215 ], [ -54.754559, -22.276304 ], [ -54.754366, -22.276286 ], [ -54.754376, -22.276196 ], [ -54.754569, -22.276215 ] ] ] } },
{ "type": "Feature", "properties": { "id": 126528, "insc_imob": "00.10.32.13.120", "quadra_cartorio": "13", "lote_cartorio": "12", "matricula": "168066", "circunscricao": null, "zoneamento": null, "condominio": null, "area_geom": 200.0, "cnm": "062661.2.0168066-87" }, "geometry": { "type": "Polygon", "coordinates": [ [ [ -54.754722, -22.276592 ], [ -54.754713, -22.276682 ], [ -54.75452, -22.276664 ], [ -54.754529, -22.276574 ], [ -54.754722, -22.276592 ], [ -54.754722, -22.276592 ] ] ] } },
{ "type": "Feature", "properties": { "id": 126529, "insc_imob": "00.10.32.13.180", "quadra_cartorio": "13", "lote_cartorio": "18", "matricula": "168072", "circunscricao": null, "zoneamento": null, "condominio": null, "area_geom": 200.0, "cnm": "062661.2.0168072-69" }, "geometry": { "type": "Polygon", "coordinates": [ [ [ -54.754539, -22.276484 ], [ -54.754529, -22.276574 ], [ -54.754336, -22.276556 ], [ -54.754346, -22.276466 ], [ -54.754539, -22.276484 ] ] ] } },
{ "type": "Feature", "properties": { "id": 126530, "insc_imob": "00.10.32.13.110", "quadra_cartorio": "13", "lote_cartorio": "11", "matricula": "168065", "circunscricao": null, "zoneamento": null, "condominio": null, "area_geom": 200.0, "cnm": "062661.2.0168065-90" }, "geometry": { "type": "Polygon", "coordinates": [ [ [ -54.754732, -22.276502 ], [ -54.754722, -22.276592 ], [ -54.754529, -22.276574 ], [ -54.754539, -22.276484 ], [ -54.754732, -22.276502 ], [ -54.754732, -22.276502 ] ] ] } },
{ "type": "Feature", "properties": { "id": 126532, "insc_imob": "00.10.32.13.060", "quadra_cartorio": "13", "lote_cartorio": "06", "matricula": "168060", "circunscricao": null, "zoneamento": null, "condominio": null, "area_geom": 200.0, "cnm": "062661.2.0168060-08" }, "geometry": { "type": "Polygon", "coordinates": [ [ [ -54.754781, -22.276053 ], [ -54.754771, -22.276143 ], [ -54.754578, -22.276125 ], [ -54.754588, -22.276035 ], [ -54.754781, -22.276053 ], [ -54.754781, -22.276053 ] ] ] } },
{ "type": "Feature", "properties": { "id": 126533, "insc_imob": "00.10.32.13.240", "quadra_cartorio": "13", "lote_cartorio": "24", "matricula": "168078", "circunscricao": null, "zoneamento": null, "condominio": null, "area_geom": 200.0, "cnm": "062661.2.0168078-51" }, "geometry": { "type": "Polygon", "coordinates": [ [ [ -54.754598, -22.275945 ], [ -54.754588, -22.276035 ], [ -54.754395, -22.276017 ], [ -54.754405, -22.275927 ], [ -54.754598, -22.275945 ] ] ] } },
{ "type": "Feature", "properties": { "id": 126534, "insc_imob": "00.10.32.13.050", "quadra_cartorio": "13", "lote_cartorio": "05", "matricula": "168059", "circunscricao": null, "zoneamento": null, "condominio": null, "area_geom": 200.0, "cnm": "062661.2.0168059-11" }, "geometry": { "type": "Polygon", "coordinates": [ [ [ -54.754791, -22.275963 ], [ -54.754781, -22.276053 ], [ -54.754588, -22.276035 ], [ -54.754598, -22.275945 ], [ -54.754791, -22.275963 ], [ -54.754791, -22.275963 ] ] ] } },
{ "type": "Feature", "properties": { "id": 126535, "insc_imob": "00.10.32.13.250", "quadra_cartorio": "13", "lote_cartorio": "25", "matricula": "168079", "circunscricao": null, "zoneamento": null, "condominio": null, "area_geom": 200.0, "cnm": "062661.2.0168079-48" }, "geometry": { "type": "Polygon", "coordinates": [ [ [ -54.754608, -22.275855 ], [ -54.754598, -22.275945 ], [ -54.754405, -22.275927 ], [ -54.754415, -22.275837 ], [ -54.754608, -22.275855 ] ] ] } },
{ "type": "Feature", "properties": { "id": 126536, "insc_imob": "00.10.32.13.080", "quadra_cartorio": "13", "lote_cartorio": "08", "matricula": "168062", "circunscricao": null, "zoneamento": null, "condominio": null, "area_geom": 200.0, "cnm": "062661.2.0168062-02" }, "geometry": { "type": "Polygon", "coordinates": [ [ [ -54.754762, -22.276233 ], [ -54.754752, -22.276323 ], [ -54.754559, -22.276304 ], [ -54.754569, -22.276215 ], [ -54.754762, -22.276233 ], [ -54.754762, -22.276233 ] ] ] } },
{ "type": "Feature", "properties": { "id": 126537, "insc_imob": "00.10.32.13.220", "quadra_cartorio": "13", "lote_cartorio": "22", "matricula": "168076", "circunscricao": null, "zoneamento": null, "condominio": null, "area_geom": 200.0, "cnm": "062661.2.0168076-57" }, "geometry": { "type": "Polygon", "coordinates": [ [ [ -54.754578, -22.276125 ], [ -54.754569, -22.276215 ], [ -54.754376, -22.276196 ], [ -54.754385, -22.276107 ], [ -54.754578, -22.276125 ] ] ] } },
{ "type": "Feature", "properties": { "id": 126538, "insc_imob": "00.10.32.13.070", "quadra_cartorio": "13", "lote_cartorio": "07", "matricula": "168061", "circunscricao": null, "zoneamento": null, "condominio": null, "area_geom": 200.0, "cnm": "062661.2.0168061-05" }, "geometry": { "type": "Polygon", "coordinates": [ [ [ -54.754771, -22.276143 ], [ -54.754762, -22.276233 ], [ -54.754569, -22.276215 ], [ -54.754578, -22.276125 ], [ -54.754771, -22.276143 ], [ -54.754771, -22.276143 ] ] ] } },
{ "type": "Feature", "properties": { "id": 126539, "insc_imob": "00.10.32.13.230", "quadra_cartorio": "13", "lote_cartorio": "23", "matricula": "168077", "circunscricao": null, "zoneamento": null, "condominio": null, "area_geom": 200.0, "cnm": "062661.2.0168077-54" }, "geometry": { "type": "Polygon", "coordinates": [ [ [ -54.754588, -22.276035 ], [ -54.754578, -22.276125 ], [ -54.754385, -22.276107 ], [ -54.754395, -22.276017 ], [ -54.754588, -22.276035 ] ] ] } },
{ "type": "Feature", "properties": { "id": 126540, "insc_imob": "00.10.32.13.020", "quadra_cartorio": "13", "lote_cartorio": "02", "matricula": "168056", "circunscricao": null, "zoneamento": null, "condominio": null, "area_geom": 200.0, "cnm": "062661.2.0168056-20" }, "geometry": { "type": "Polygon", "coordinates": [ [ [ -54.75482, -22.275694 ], [ -54.754811, -22.275784 ], [ -54.754618, -22.275766 ], [ -54.754627, -22.275676 ], [ -54.75482, -22.275694 ], [ -54.75482, -22.275694 ] ] ] } },
{ "type": "Feature", "properties": { "id": 126541, "insc_imob": "00.10.32.13.280", "quadra_cartorio": "13", "lote_cartorio": "28", "matricula": "168082", "circunscricao": null, "zoneamento": null, "condominio": null, "area_geom": 258.31, "cnm": "062661.2.0168082-39" }, "geometry": { "type": "Polygon", "coordinates": [ [ [ -54.75464, -22.275561 ], [ -54.754627, -22.275676 ], [ -54.754434, -22.275658 ], [ -54.754447, -22.275541 ], [ -54.75464, -22.275561 ] ] ] } },
{ "type": "Feature", "properties": { "id": 126542, "insc_imob": "00.10.32.13.010", "quadra_cartorio": "13", "lote_cartorio": "01", "matricula": "168055", "circunscricao": null, "zoneamento": null, "condominio": null, "area_geom": 254.55, "cnm": "062661.2.0168055-23" }, "geometry": { "type": "Polygon", "coordinates": [ [ [ -54.754833, -22.27558 ], [ -54.75482, -22.275694 ], [ -54.754627, -22.275676 ], [ -54.75464, -22.275561 ], [ -54.754833, -22.27558 ] ] ] } },
{ "type": "Feature", "properties": { "id": 126603, "insc_imob": "00.10.32.21.100", "quadra_cartorio": "21", "lote_cartorio": "10", "matricula": "168266", "circunscricao": null, "zoneamento": null, "condominio": null, "area_geom": 200.0, "cnm": "062661.2.0168266-69" }, "geometry": { "type": "Polygon", "coordinates": [ [ [ -54.750994, -22.276357 ], [ -54.750975, -22.276536 ], [ -54.750878, -22.276527 ], [ -54.750898, -22.276347 ], [ -54.750994, -22.276357 ], [ -54.750994, -22.276357 ] ] ] } },
{ "type": "Feature", "properties": { "id": 126604, "insc_imob": "00.10.32.19.270", "quadra_cartorio": "19", "lote_cartorio": "27", "matricula": "168249", "circunscricao": null, "zoneamento": null, "condominio": null, "area_geom": 200.0, "cnm": "062661.2.0168249-23" }, "geometry": { "type": "Polygon", "coordinates": [ [ [ -54.751444, -22.275361 ], [ -54.751434, -22.275451 ], [ -54.751241, -22.275433 ], [ -54.751251, -22.275343 ], [ -54.751444, -22.275361 ] ] ] } },
{ "type": "Feature", "properties": { "id": 126605, "insc_imob": "00.10.32.19.260", "quadra_cartorio": "19", "lote_cartorio": "26", "matricula": "168248", "circunscricao": null, "zoneamento": null, "condominio": null, "area_geom": 200.0, "cnm": "062661.2.0168248-26" }, "geometry": { "type": "Polygon", "coordinates": [ [ [ -54.751434, -22.275451 ], [ -54.751424, -22.275541 ], [ -54.751231, -22.275523 ], [ -54.751241, -22.275433 ], [ -54.751434, -22.275451 ] ] ] } },
{ "type": "Feature", "properties": { "id": 126606, "insc_imob": "00.10.32.19.250", "quadra_cartorio": "19", "lote_cartorio": "25", "matricula": "168247", "circunscricao": null, "zoneamento": null, "condominio": null, "area_geom": 200.0, "cnm": "062661.2.0168247-29" }, "geometry": { "type": "Polygon", "coordinates": [ [ [ -54.751424, -22.275541 ], [ -54.751415, -22.275631 ], [ -54.751222, -22.275613 ], [ -54.751231, -22.275523 ], [ -54.751424, -22.275541 ] ] ] } },
{ "type": "Feature", "properties": { "id": 126607, "insc_imob": "00.10.32.19.240", "quadra_cartorio": "19", "lote_cartorio": "24", "matricula": "168246", "circunscricao": null, "zoneamento": null, "condominio": null, "area_geom": 200.0, "cnm": "062661.2.0168246-32" }, "geometry": { "type": "Polygon", "coordinates": [ [ [ -54.751415, -22.275631 ], [ -54.751405, -22.275721 ], [ -54.751212, -22.275702 ], [ -54.751222, -22.275613 ], [ -54.751415, -22.275631 ] ] ] } },
{ "type": "Feature", "properties": { "id": 126608, "insc_imob": "00.10.32.20.030", "quadra_cartorio": "20", "lote_cartorio": "03", "matricula": "168253", "circunscricao": null, "zoneamento": null, "condominio": null, "area_geom": 200.0, "cnm": "062661.2.0168253-11" }, "geometry": { "type": "Polygon", "coordinates": [ [ [ -54.750855, -22.275844 ], [ -54.750836, -22.276024 ], [ -54.750739, -22.276015 ], [ -54.750759, -22.275835 ], [ -54.750855, -22.275844 ] ] ] } },
{ "type": "Feature", "properties": { "id": 126609, "insc_imob": "00.10.32.20.020", "quadra_cartorio": "20", "lote_cartorio": "02", "matricula": "168252", "circunscricao": null, "zoneamento": null, "condominio": null, "area_geom": 200.0, "cnm": "062661.2.0168252-14" }, "geometry": { "type": "Polygon", "coordinates": [ [ [ -54.750952, -22.275853 ], [ -54.750932, -22.276033 ], [ -54.750836, -22.276024 ], [ -54.750855, -22.275844 ], [ -54.750952, -22.275853 ] ] ] } },
{ "type": "Feature", "properties": { "id": 126610, "insc_imob": "00.10.32.20.010", "quadra_cartorio": "20", "lote_cartorio": "01", "matricula": "168251", "circunscricao": null, "zoneamento": null, "condominio": null, "area_geom": 200.0, "cnm": "062661.2.0168251-17" }, "geometry": { "type": "Polygon", "coordinates": [ [ [ -54.751048, -22.275862 ], [ -54.751029, -22.276042 ], [ -54.750932, -22.276033 ], [ -54.750952, -22.275853 ], [ -54.751048, -22.275862 ] ] ] } },
{ "type": "Feature", "properties": { "id": 126611, "insc_imob": "00.10.32.19.280", "quadra_cartorio": "19", "lote_cartorio": "28", "matricula": "168250", "circunscricao": null, "zoneamento": null, "condominio": null, "area_geom": 289.19, "cnm": "062661.2.0168250-20" }, "geometry": { "type": "Polygon", "coordinates": [ [ [ -54.751458, -22.275232 ], [ -54.751444, -22.275361 ], [ -54.751251, -22.275343 ], [ -54.751265, -22.275212 ], [ -54.751458, -22.275232 ] ] ] } },
{ "type": "Feature", "properties": { "id": 126612, "insc_imob": "00.10.32.19.190", "quadra_cartorio": "19", "lote_cartorio": "19", "matricula": "168241", "circunscricao": null, "zoneamento": null, "condominio": null, "area_geom": 200.0, "cnm": "062661.2.0168241-47" }, "geometry": { "type": "Polygon", "coordinates": [ [ [ -54.751366, -22.27608 ], [ -54.751356, -22.27617 ], [ -54.751163, -22.276151 ], [ -54.751173, -22.276062 ], [ -54.751366, -22.27608 ] ] ] } },
{ "type": "Feature", "properties": { "id": 126613, "insc_imob": "00.10.32.19.180", "quadra_cartorio": "19", "lote_cartorio": "18", "matricula": "168240", "circunscricao": null, "zoneamento": null, "condominio": null, "area_geom": 200.0, "cnm": "062661.2.0168240-50" }, "geometry": { "type": "Polygon", "coordinates": [ [ [ -54.751356, -22.27617 ], [ -54.751346, -22.27626 ], [ -54.751153, -22.276241 ], [ -54.751163, -22.276151 ], [ -54.751356, -22.27617 ] ] ] } },
{ "type": "Feature", "properties": { "id": 126632, "insc_imob": "00.10.32.23.150", "quadra_cartorio": "23", "lote_cartorio": "15", "matricula": "168293", "circunscricao": null, "zoneamento": null, "condominio": null, "area_geom": 199.96, "cnm": "062661.2.0168293-85" }, "geometry": { "type": "Polygon", "coordinates": [ [ [ -54.754539, -22.278279 ], [ -54.754529, -22.278369 ], [ -54.754336, -22.278351 ], [ -54.754336, -22.278351 ], [ -54.754346, -22.278261 ], [ -54.754539, -22.278279 ] ] ] } },
{ "type": "Feature", "properties": { "id": 126633, "insc_imob": "00.10.32.23.140", "quadra_cartorio": "23", "lote_cartorio": "14", "matricula": "168292", "circunscricao": null, "zoneamento": null, "condominio": null, "area_geom": 199.94, "cnm": "062661.2.0168292-88" }, "geometry": { "type": "Polygon", "coordinates": [ [ [ -54.754549, -22.278189 ], [ -54.754539, -22.278279 ], [ -54.754346, -22.278261 ], [ -54.754356, -22.278171 ], [ -54.754549, -22.278189 ] ] ] } },
{ "type": "Feature", "properties": { "id": 126634, "insc_imob": "00.10.32.23.130", "quadra_cartorio": "23", "lote_cartorio": "13", "matricula": "168291", "circunscricao": null, "zoneamento": null, "condominio": null, "area_geom": 199.95, "cnm": "062661.2.0168291-91" }, "geometry": { "type": "Polygon", "coordinates": [ [ [ -54.754558, -22.278099 ], [ -54.754549, -22.278189 ], [ -54.754356, -22.278171 ], [ -54.754365, -22.278081 ], [ -54.754558, -22.278099 ] ] ] } },
{ "type": "Feature", "properties": { "id": 126635, "insc_imob": "00.10.32.23.120", "quadra_cartorio": "23", "lote_cartorio": "12", "matricula": "168290", "circunscricao": null, "zoneamento": null, "condominio": null, "area_geom": 199.95, "cnm": "062661.2.0168290-94" }, "geometry": { "type": "Polygon", "coordinates": [ [ [ -54.754568, -22.27801 ], [ -54.754558, -22.278099 ], [ -54.754365, -22.278081 ], [ -54.754375, -22.277991 ], [ -54.754568, -22.27801 ] ] ] } },
{ "type": "Feature", "properties": { "id": 126636, "insc_imob": "00.10.32.23.030", "quadra_cartorio": "23", "lote_cartorio": "03", "matricula": "168281", "circunscricao": null, "zoneamento": null, "condominio": null, "area_geom": 199.99, "cnm": "062661.2.0168281-24" }, "geometry": { "type": "Polygon", "coordinates": [ [ [ -54.754656, -22.277201 ], [ -54.754646, -22.277291 ], [ -54.754453, -22.277273 ], [ -54.754463, -22.277183 ], [ -54.754656, -22.277201 ] ] ] } },
{ "type": "Feature", "properties": { "id": 126637, "insc_imob": "00.10.32.23.020", "quadra_cartorio": "23", "lote_cartorio": "02", "matricula": "168280", "circunscricao": null, "zoneamento": null, "condominio": null, "area_geom": 199.99, "cnm": "062661.2.0168280-27" }, "geometry": { "type": "Polygon", "coordinates": [ [ [ -54.754666, -22.277111 ], [ -54.754656, -22.277201 ], [ -54.754463, -22.277183 ], [ -54.754473, -22.277093 ], [ -54.754666, -22.277111 ] ] ] } },
{ "type": "Feature", "properties": { "id": 126638, "insc_imob": "00.10.32.23.010", "quadra_cartorio": "23", "lote_cartorio": "01", "matricula": "168279", "circunscricao": null, "zoneamento": null, "condominio": null, "area_geom": 199.97, "cnm": "062661.2.0168279-30" }, "geometry": { "type": "Polygon", "coordinates": [ [ [ -54.754676, -22.277022 ], [ -54.754666, -22.277111 ], [ -54.754473, -22.277093 ], [ -54.754483, -22.277003 ], [ -54.754676, -22.277022 ] ] ] } },
{ "type": "Feature", "properties": { "id": 126639, "insc_imob": "00.10.32.22.120", "quadra_cartorio": "22", "lote_cartorio": "12", "matricula": "168278", "circunscricao": null, "zoneamento": null, "condominio": null, "area_geom": 200.49, "cnm": "062661.2.0168278-33" }, "geometry": { "type": "Polygon", "coordinates": [ [ [ -54.754906, -22.278042 ], [ -54.754896, -22.278131 ], [ -54.754703, -22.278113 ], [ -54.754713, -22.278023 ], [ -54.754906, -22.278042 ] ] ] } },
{ "type": "Feature", "properties": { "id": 126640, "insc_imob": "00.10.32.23.070", "quadra_cartorio": "23", "lote_cartorio": "07", "matricula": "168285", "circunscricao": null, "zoneamento": null, "condominio": null, "area_geom": 199.97, "cnm": "062661.2.0168285-12" }, "geometry": { "type": "Polygon", "coordinates": [ [ [ -54.754617, -22.27756 ], [ -54.754607, -22.27765 ], [ -54.754414, -22.277632 ], [ -54.754424, -22.277542 ], [ -54.754617, -22.27756 ] ] ] } },
{ "type": "Feature", "properties": { "id": 126641, "insc_imob": "00.10.32.23.060", "quadra_cartorio": "23", "lote_cartorio": "06", "matricula": "168284", "circunscricao": null, "zoneamento": null, "condominio": null, "area_geom": 199.98, "cnm": "062661.2.0168284-15" }, "geometry": { "type": "Polygon", "coordinates": [ [ [ -54.754627, -22.277471 ], [ -54.754617, -22.27756 ], [ -54.754424, -22.277542 ], [ -54.754434, -22.277452 ], [ -54.754627, -22.277471 ] ] ] } },
{ "type": "Feature", "properties": { "id": 126642, "insc_imob": "00.10.32.23.050", "quadra_cartorio": "23", "lote_cartorio": "05", "matricula": "168283", "circunscricao": null, "zoneamento": null, "condominio": null, "area_geom": 199.98, "cnm": "062661.2.0168283-18" }, "geometry": { "type": "Polygon", "coordinates": [ [ [ -54.754637, -22.277381 ], [ -54.754627, -22.277471 ], [ -54.754434, -22.277452 ], [ -54.754444, -22.277363 ], [ -54.754637, -22.277381 ] ] ] } },
{ "type": "Feature", "properties": { "id": 126643, "insc_imob": "00.10.32.23.040", "quadra_cartorio": "23", "lote_cartorio": "04", "matricula": "168282", "circunscricao": null, "zoneamento": null, "condominio": null, "area_geom": 199.98, "cnm": "062661.2.0168282-21" }, "geometry": { "type": "Polygon", "coordinates": [ [ [ -54.754646, -22.277291 ], [ -54.754637, -22.277381 ], [ -54.754444, -22.277363 ], [ -54.754453, -22.277273 ], [ -54.754646, -22.277291 ] ] ] } },
{ "type": "Feature", "properties": { "id": 126644, "insc_imob": "00.10.32.22.070", "quadra_cartorio": "22", "lote_cartorio": "07", "matricula": "168273", "circunscricao": null, "zoneamento": null, "condominio": null, "area_geom": 200.22, "cnm": "062661.2.0168273-48" }, "geometry": { "type": "Polygon", "coordinates": [ [ [ -54.754955, -22.277592 ], [ -54.754945, -22.277682 ], [ -54.754752, -22.277664 ], [ -54.754762, -22.277574 ], [ -54.754955, -22.277592 ] ] ] } },
{ "type": "Feature", "properties": { "id": 126645, "insc_imob": "00.10.32.22.060", "quadra_cartorio": "22", "lote_cartorio": "06", "matricula": "168272", "circunscricao": null, "zoneamento": null, "condominio": null, "area_geom": 200.2, "cnm": "062661.2.0168272-51" }, "geometry": { "type": "Polygon", "coordinates": [ [ [ -54.754965, -22.277503 ], [ -54.754955, -22.277592 ], [ -54.754762, -22.277574 ], [ -54.754772, -22.277484 ], [ -54.754965, -22.277503 ] ] ] } },
{ "type": "Feature", "properties": { "id": 126646, "insc_imob": "00.10.32.22.050", "quadra_cartorio": "22", "lote_cartorio": "05", "matricula": "168271", "circunscricao": null, "zoneamento": null, "condominio": null, "area_geom": 200.19, "cnm": "062661.2.0168271-54" }, "geometry": { "type": "Polygon", "coordinates": [ [ [ -54.754975, -22.277413 ], [ -54.754965, -22.277503 ], [ -54.754772, -22.277484 ], [ -54.754781, -22.277395 ], [ -54.754975, -22.277413 ] ] ] } },
{ "type": "Feature", "properties": { "id": 126647, "insc_imob": "00.10.32.22.040", "quadra_cartorio": "22", "lote_cartorio": "04", "matricula": "168270", "circunscricao": null, "zoneamento": null, "condominio": null, "area_geom": 200.17, "cnm": "062661.2.0168270-57" }, "geometry": { "type": "Polygon", "coordinates": [ [ [ -54.754984, -22.277323 ], [ -54.754975, -22.277413 ], [ -54.754781, -22.277395 ], [ -54.754791, -22.277305 ], [ -54.754984, -22.277323 ] ] ] } },
{ "type": "Feature", "properties": { "id": 126648, "insc_imob": "00.10.32.22.110", "quadra_cartorio": "22", "lote_cartorio": "11", "matricula": "168277", "circunscricao": null, "zoneamento": null, "condominio": null, "area_geom": 200.28, "cnm": "062661.2.0168277-36" }, "geometry": { "type": "Polygon", "coordinates": [ [ [ -54.754916, -22.277952 ], [ -54.754906, -22.278042 ], [ -54.754713, -22.278023 ], [ -54.754723, -22.277934 ], [ -54.754916, -22.277952 ] ] ] } },
{ "type": "Feature", "properties": { "id": 126649, "insc_imob": "00.10.32.22.100", "quadra_cartorio": "22", "lote_cartorio": "10", "matricula": "168276", "circunscricao": null, "zoneamento": null, "condominio": null, "area_geom": 200.26, "cnm": "062661.2.0168276-39" }, "geometry": { "type": "Polygon", "coordinates": [ [ [ -54.754926, -22.277862 ], [ -54.754916, -22.277952 ], [ -54.754723, -22.277934 ], [ -54.754732, -22.277844 ], [ -54.754926, -22.277862 ] ] ] } },
{ "type": "Feature", "properties": { "id": 126650, "insc_imob": "00.10.32.22.090", "quadra_cartorio": "22", "lote_cartorio": "09", "matricula": "168275", "circunscricao": null, "zoneamento": null, "condominio": null, "area_geom": 200.25, "cnm": "062661.2.0168275-42" }, "geometry": { "type": "Polygon", "coordinates": [ [ [ -54.754935, -22.277772 ], [ -54.754926, -22.277862 ], [ -54.754732, -22.277844 ], [ -54.754742, -22.277754 ], [ -54.754935, -22.277772 ], [ -54.754935, -22.277772 ] ] ] } },
{ "type": "Feature", "properties": { "id": 126651, "insc_imob": "00.10.32.22.080", "quadra_cartorio": "22", "lote_cartorio": "08", "matricula": "168274", "circunscricao": null, "zoneamento": null, "condominio": null, "area_geom": 200.23, "cnm": "062661.2.0168274-45" }, "geometry": { "type": "Polygon", "coordinates": [ [ [ -54.754945, -22.277682 ], [ -54.754935, -22.277772 ], [ -54.754742, -22.277754 ], [ -54.754752, -22.277664 ], [ -54.754945, -22.277682 ] ] ] } },
{ "type": "Feature", "properties": { "id": 126652, "insc_imob": "00.10.32.18.070", "quadra_cartorio": "18", "lote_cartorio": "07", "matricula": "168201", "circunscricao": null, "zoneamento": null, "condominio": null, "area_geom": 200.0, "cnm": "062661.2.0168201-70" }, "geometry": { "type": "Polygon", "coordinates": [ [ [ -54.752119, -22.275881 ], [ -54.752109, -22.275971 ], [ -54.751916, -22.275952 ], [ -54.751926, -22.275863 ], [ -54.752119, -22.275881 ] ] ] } },
{ "type": "Feature", "properties": { "id": 126653, "insc_imob": "00.10.32.18.060", "quadra_cartorio": "18", "lote_cartorio": "06", "matricula": "168200", "circunscricao": null, "zoneamento": null, "condominio": null, "area_geom": 200.0, "cnm": "062661.2.0168200-73" }, "geometry": { "type": "Polygon", "coordinates": [ [ [ -54.752128, -22.275791 ], [ -54.752119, -22.275881 ], [ -54.751926, -22.275863 ], [ -54.751935, -22.275773 ], [ -54.752128, -22.275791 ] ] ] } },
{ "type": "Feature", "properties": { "id": 126720, "insc_imob": "00.10.32.26.290", "quadra_cartorio": "26", "lote_cartorio": "29", "matricula": "168397", "circunscricao": null, "zoneamento": null, "condominio": null, "area_geom": 200.01, "cnm": "062661.2.0168397-64" }, "geometry": { "type": "Polygon", "coordinates": [ [ [ -54.752881, -22.276943 ], [ -54.752871, -22.277033 ], [ -54.752678, -22.277014 ], [ -54.752678, -22.277014 ], [ -54.752687, -22.276925 ], [ -54.752687, -22.276925 ], [ -54.752881, -22.276943 ] ] ] } },
{ "type": "Feature", "properties": { "id": 126721, "insc_imob": "00.10.32.26.280", "quadra_cartorio": "26", "lote_cartorio": "28", "matricula": "168396", "circunscricao": null, "zoneamento": null, "condominio": null, "area_geom": 200.01, "cnm": "062661.2.0168396-67" }, "geometry": { "type": "Polygon", "coordinates": [ [ [ -54.752871, -22.277033 ], [ -54.752861, -22.277123 ], [ -54.752668, -22.277104 ], [ -54.752678, -22.277014 ], [ -54.752871, -22.277033 ] ] ] } },
{ "type": "Feature", "properties": { "id": 126722, "insc_imob": "00.10.32.26.270", "quadra_cartorio": "26", "lote_cartorio": "27", "matricula": "168395", "circunscricao": null, "zoneamento": null, "condominio": null, "area_geom": 200.02, "cnm": "062661.2.0168395-70" }, "geometry": { "type": "Polygon", "coordinates": [ [ [ -54.752861, -22.277123 ], [ -54.752851, -22.277212 ], [ -54.752658, -22.277194 ], [ -54.752668, -22.277104 ], [ -54.752861, -22.277123 ] ] ] } },
{ "type": "Feature", "properties": { "id": 126723, "insc_imob": "00.10.32.26.260", "quadra_cartorio": "26", "lote_cartorio": "26", "matricula": "168394", "circunscricao": null, "zoneamento": null, "condominio": null, "area_geom": 200.02, "cnm": "062661.2.0168394-73" }, "geometry": { "type": "Polygon", "coordinates": [ [ [ -54.752851, -22.277212 ], [ -54.752841, -22.277302 ], [ -54.752648, -22.277284 ], [ -54.752658, -22.277194 ], [ -54.752851, -22.277212 ] ] ] } },
{ "type": "Feature", "properties": { "id": 126724, "insc_imob": "00.10.32.26.170", "quadra_cartorio": "26", "lote_cartorio": "17", "matricula": "168385", "circunscricao": null, "zoneamento": null, "condominio": null, "area_geom": 200.06, "cnm": "062661.2.0168385-03" }, "geometry": { "type": "Polygon", "coordinates": [ [ [ -54.752763, -22.278021 ], [ -54.752753, -22.278111 ], [ -54.75256, -22.278092 ], [ -54.75257, -22.278003 ], [ -54.752763, -22.278021 ] ] ] } },
{ "type": "Feature", "properties": { "id": 126725, "insc_imob": "00.10.32.26.160", "quadra_cartorio": "26", "lote_cartorio": "16", "matricula": "168384", "circunscricao": null, "zoneamento": null, "condominio": null, "area_geom": 200.07, "cnm": "062661.2.0168384-06" }, "geometry": { "type": "Polygon", "coordinates": [ [ [ -54.752753, -22.278111 ], [ -54.752744, -22.2782 ], [ -54.75255, -22.278182 ], [ -54.75256, -22.278092 ], [ -54.752753, -22.278111 ] ] ] } },
{ "type": "Feature", "properties": { "id": 126726, "insc_imob": "00.10.32.26.150", "quadra_cartorio": "26", "lote_cartorio": "15", "matricula": "168383", "circunscricao": null, "zoneamento": null, "condominio": null, "area_geom": 199.96, "cnm": "062661.2.0168383-09" }, "geometry": { "type": "Polygon", "coordinates": [ [ [ -54.752946, -22.278129 ], [ -54.752937, -22.278219 ], [ -54.752744, -22.2782 ], [ -54.752753, -22.278111 ], [ -54.752946, -22.278129 ] ] ] } },
{ "type": "Feature", "properties": { "id": 126727, "insc_imob": "00.10.32.26.140", "quadra_cartorio": "26", "lote_cartorio": "14", "matricula": "168382", "circunscricao": null, "zoneamento": null, "condominio": null, "area_geom": 199.94, "cnm": "062661.2.0168382-12" }, "geometry": { "type": "Polygon", "coordinates": [ [ [ -54.752956, -22.278039 ], [ -54.752946, -22.278129 ], [ -54.752753, -22.278111 ], [ -54.752763, -22.278021 ], [ -54.752956, -22.278039 ] ] ] } },
{ "type": "Feature", "properties": { "id": 126728, "insc_imob": "00.10.32.26.210", "quadra_cartorio": "26", "lote_cartorio": "21", "matricula": "168389", "circunscricao": null, "zoneamento": null, "condominio": null, "area_geom": 200.04, "cnm": "062661.2.0168389-88" }, "geometry": { "type": "Polygon", "coordinates": [ [ [ -54.752802, -22.277661 ], [ -54.752792, -22.277751 ], [ -54.752599, -22.277733 ], [ -54.752609, -22.277643 ], [ -54.752802, -22.277661 ] ] ] } },
{ "type": "Feature", "properties": { "id": 126729, "insc_imob": "00.10.32.26.200", "quadra_cartorio": "26", "lote_cartorio": "20", "matricula": "168388", "circunscricao": null, "zoneamento": null, "condominio": null, "area_geom": 200.05, "cnm": "062661.2.0168388-91" }, "geometry": { "type": "Polygon", "coordinates": [ [ [ -54.752792, -22.277751 ], [ -54.752783, -22.277841 ], [ -54.75259, -22.277823 ], [ -54.752599, -22.277733 ], [ -54.752792, -22.277751 ] ] ] } },
{ "type": "Feature", "properties": { "id": 126730, "insc_imob": "00.10.32.26.190", "quadra_cartorio": "26", "lote_cartorio": "19", "matricula": "168387", "circunscricao": null, "zoneamento": null, "condominio": null, "area_geom": 200.05, "cnm": "062661.2.0168387-94" }, "geometry": { "type": "Polygon", "coordinates": [ [ [ -54.752783, -22.277841 ], [ -54.752773, -22.277931 ], [ -54.75258, -22.277913 ], [ -54.75259, -22.277823 ], [ -54.752783, -22.277841 ] ] ] } },
{ "type": "Feature", "properties": { "id": 126731, "insc_imob": "00.10.32.26.180", "quadra_cartorio": "26", "lote_cartorio": "18", "matricula": "168386", "circunscricao": null, "zoneamento": null, "condominio": null, "area_geom": 200.05, "cnm": "062661.2.0168386-97" }, "geometry": { "type": "Polygon", "coordinates": [ [ [ -54.752773, -22.277931 ], [ -54.752763, -22.278021 ], [ -54.75257, -22.278003 ], [ -54.75258, -22.277913 ], [ -54.752773, -22.277931 ] ] ] } },
{ "type": "Feature", "properties": { "id": 126732, "insc_imob": "00.10.32.26.090", "quadra_cartorio": "26", "lote_cartorio": "09", "matricula": "168377", "circunscricao": null, "zoneamento": null, "condominio": null, "area_geom": 199.96, "cnm": "062661.2.0168377-27" }, "geometry": { "type": "Polygon", "coordinates": [ [ [ -54.753005, -22.27759 ], [ -54.752995, -22.27768 ], [ -54.752802, -22.277661 ], [ -54.752812, -22.277572 ], [ -54.753005, -22.27759 ] ] ] } },
{ "type": "Feature", "properties": { "id": 126733, "insc_imob": "00.10.32.26.080", "quadra_cartorio": "26", "lote_cartorio": "08", "matricula": "168376", "circunscricao": null, "zoneamento": null, "condominio": null, "area_geom": 199.97, "cnm": "062661.2.0168376-30" }, "geometry": { "type": "Polygon", "coordinates": [ [ [ -54.753015, -22.2775 ], [ -54.753005, -22.27759 ], [ -54.752812, -22.277572 ], [ -54.752822, -22.277482 ], [ -54.753015, -22.2775 ] ] ] } },
{ "type": "Feature", "properties": { "id": 126734, "insc_imob": "00.10.32.26.070", "quadra_cartorio": "26", "lote_cartorio": "07", "matricula": "168375", "circunscricao": null, "zoneamento": null, "condominio": null, "area_geom": 199.97, "cnm": "062661.2.0168375-33" }, "geometry": { "type": "Polygon", "coordinates": [ [ [ -54.753025, -22.27741 ], [ -54.753015, -22.2775 ], [ -54.752822, -22.277482 ], [ -54.752832, -22.277392 ], [ -54.753025, -22.27741 ] ] ] } },
{ "type": "Feature", "properties": { "id": 126735, "insc_imob": "00.10.32.26.060", "quadra_cartorio": "26", "lote_cartorio": "06", "matricula": "168374", "circunscricao": null, "zoneamento": null, "condominio": null, "area_geom": 199.98, "cnm": "062661.2.0168374-36" }, "geometry": { "type": "Polygon", "coordinates": [ [ [ -54.753034, -22.27732 ], [ -54.753025, -22.27741 ], [ -54.752832, -22.277392 ], [ -54.752841, -22.277302 ], [ -54.753034, -22.27732 ] ] ] } },
{ "type": "Feature", "properties": { "id": 126736, "insc_imob": "00.10.32.26.130", "quadra_cartorio": "26", "lote_cartorio": "13", "matricula": "168381", "circunscricao": null, "zoneamento": null, "condominio": null, "area_geom": 199.95, "cnm": "062661.2.0168381-15" }, "geometry": { "type": "Polygon", "coordinates": [ [ [ -54.752966, -22.277949 ], [ -54.752956, -22.278039 ], [ -54.752763, -22.278021 ], [ -54.752773, -22.277931 ], [ -54.752966, -22.277949 ] ] ] } },
{ "type": "Feature", "properties": { "id": 126737, "insc_imob": "00.10.32.26.120", "quadra_cartorio": "26", "lote_cartorio": "12", "matricula": "168380", "circunscricao": null, "zoneamento": null, "condominio": null, "area_geom": 199.95, "cnm": "062661.2.0168380-18" }, "geometry": { "type": "Polygon", "coordinates": [ [ [ -54.752976, -22.277859 ], [ -54.752966, -22.277949 ], [ -54.752773, -22.277931 ], [ -54.752783, -22.277841 ], [ -54.752976, -22.277859 ] ] ] } },
{ "type": "Feature", "properties": { "id": 126738, "insc_imob": "00.10.32.26.110", "quadra_cartorio": "26", "lote_cartorio": "11", "matricula": "168379", "circunscricao": null, "zoneamento": null, "condominio": null, "area_geom": 199.95, "cnm": "062661.2.0168379-21" }, "geometry": { "type": "Polygon", "coordinates": [ [ [ -54.752985, -22.277769 ], [ -54.752976, -22.277859 ], [ -54.752783, -22.277841 ], [ -54.752792, -22.277751 ], [ -54.752985, -22.277769 ] ] ] } },
{ "type": "Feature", "properties": { "id": 126739, "insc_imob": "00.10.32.26.100", "quadra_cartorio": "26", "lote_cartorio": "10", "matricula": "168378", "circunscricao": null, "zoneamento": null, "condominio": null, "area_geom": 199.96, "cnm": "062661.2.0168378-24" }, "geometry": { "type": "Polygon", "coordinates": [ [ [ -54.752995, -22.27768 ], [ -54.752985, -22.277769 ], [ -54.752792, -22.277751 ], [ -54.752802, -22.277661 ], [ -54.752995, -22.27768 ] ] ] } },
{ "type": "Feature", "properties": { "id": 126740, "insc_imob": "00.10.32.26.010", "quadra_cartorio": "26", "lote_cartorio": "01", "matricula": "168369", "circunscricao": null, "zoneamento": null, "condominio": null, "area_geom": 199.97, "cnm": "062661.2.0168369-51" }, "geometry": { "type": "Polygon", "coordinates": [ [ [ -54.753083, -22.276871 ], [ -54.753074, -22.276961 ], [ -54.752881, -22.276943 ], [ -54.75289, -22.276853 ], [ -54.753083, -22.276871 ] ] ] } },
{ "type": "Feature", "properties": { "id": 126741, "insc_imob": "00.10.32.25.300", "quadra_cartorio": "25", "lote_cartorio": "30", "matricula": "168368", "circunscricao": null, "zoneamento": null, "condominio": null, "area_geom": 199.99, "cnm": "062661.2.0168368-54" }, "geometry": { "type": "Polygon", "coordinates": [ [ [ -54.753421, -22.276903 ], [ -54.753411, -22.276993 ], [ -54.753218, -22.276975 ], [ -54.753228, -22.276885 ], [ -54.753421, -22.276903 ] ] ] } },
{ "type": "Feature", "properties": { "id": 126753, "insc_imob": "00.10.32.27.300", "quadra_cartorio": "27", "lote_cartorio": "30", "matricula": "168428", "circunscricao": null, "zoneamento": null, "condominio": null, "area_geom": 199.99, "cnm": "062661.2.0168428-68" }, "geometry": { "type": "Polygon", "coordinates": [ [ [ -54.752359, -22.276803 ], [ -54.75235, -22.276893 ], [ -54.752157, -22.276875 ], [ -54.752157, -22.276875 ], [ -54.752166, -22.276785 ], [ -54.752359, -22.276803 ] ] ] } },
{ "type": "Feature", "properties": { "id": 126754, "insc_imob": "00.10.32.27.290", "quadra_cartorio": "27", "lote_cartorio": "29", "matricula": "168427", "circunscricao": null, "zoneamento": null, "condominio": null, "area_geom": 200.01, "cnm": "062661.2.0168427-71" }, "geometry": { "type": "Polygon", "coordinates": [ [ [ -54.75235, -22.276893 ], [ -54.75234, -22.276983 ], [ -54.752147, -22.276964 ], [ -54.752157, -22.276875 ], [ -54.752157, -22.276875 ], [ -54.75235, -22.276893 ] ] ] } },
{ "type": "Feature", "properties": { "id": 126755, "insc_imob": "00.10.32.27.280", "quadra_cartorio": "27", "lote_cartorio": "28", "matricula": "168426", "circunscricao": null, "zoneamento": null, "condominio": null, "area_geom": 200.01, "cnm": "062661.2.0168426-74" }, "geometry": { "type": "Polygon", "coordinates": [ [ [ -54.75234, -22.276983 ], [ -54.75233, -22.277072 ], [ -54.752137, -22.277054 ], [ -54.752147, -22.276964 ], [ -54.75234, -22.276983 ] ] ] } },
{ "type": "Feature", "properties": { "id": 126756, "insc_imob": "00.10.32.27.190", "quadra_cartorio": "27", "lote_cartorio": "19", "matricula": "168417", "circunscricao": null, "zoneamento": null, "condominio": null, "area_geom": 200.05, "cnm": "062661.2.0168417-04" }, "geometry": { "type": "Polygon", "coordinates": [ [ [ -54.752252, -22.277791 ], [ -54.752242, -22.277881 ], [ -54.752049, -22.277863 ], [ -54.752059, -22.277773 ], [ -54.752252, -22.277791 ] ] ] } },
{ "type": "Feature", "properties": { "id": 126757, "insc_imob": "00.10.32.27.180", "quadra_cartorio": "27", "lote_cartorio": "18", "matricula": "168416", "circunscricao": null, "zoneamento": null, "condominio": null, "area_geom": 200.05, "cnm": "062661.2.0168416-07" }, "geometry": { "type": "Polygon", "coordinates": [ [ [ -54.752242, -22.277881 ], [ -54.752232, -22.277971 ], [ -54.752039, -22.277952 ], [ -54.752049, -22.277863 ], [ -54.752242, -22.277881 ] ] ] } },
{ "type": "Feature", "properties": { "id": 126758, "insc_imob": "00.10.32.27.170", "quadra_cartorio": "27", "lote_cartorio": "17", "matricula": "168415", "circunscricao": null, "zoneamento": null, "condominio": null, "area_geom": 200.06, "cnm": "062661.2.0168415-10" }, "geometry": { "type": "Polygon", "coordinates": [ [ [ -54.752232, -22.277971 ], [ -54.752223, -22.27806 ], [ -54.752029, -22.278042 ], [ -54.752039, -22.277952 ], [ -54.752232, -22.277971 ] ] ] } },
{ "type": "Feature", "properties": { "id": 126759, "insc_imob": "00.10.32.27.160", "quadra_cartorio": "27", "lote_cartorio": "16", "matricula": "168414", "circunscricao": null, "zoneamento": null, "condominio": null, "area_geom": 200.07, "cnm": "062661.2.0168414-13" }, "geometry": { "type": "Polygon", "coordinates": [ [ [ -54.752223, -22.27806 ], [ -54.752213, -22.27815 ], [ -54.75202, -22.278132 ], [ -54.752029, -22.278042 ], [ -54.752223, -22.27806 ] ] ] } },
{ "type": "Feature", "properties": { "id": 126760, "insc_imob": "00.10.32.27.230", "quadra_cartorio": "27", "lote_cartorio": "23", "matricula": "168421", "circunscricao": null, "zoneamento": null, "condominio": null, "area_geom": 200.03, "cnm": "062661.2.0168421-89" }, "geometry": { "type": "Polygon", "coordinates": [ [ [ -54.752291, -22.277432 ], [ -54.752281, -22.277522 ], [ -54.752088, -22.277503 ], [ -54.752098, -22.277413 ], [ -54.752291, -22.277432 ] ] ] } },
{ "type": "Feature", "properties": { "id": 126761, "insc_imob": "00.10.32.27.220", "quadra_cartorio": "27", "lote_cartorio": "22", "matricula": "168420", "circunscricao": null, "zoneamento": null, "condominio": null, "area_geom": 200.04, "cnm": "062661.2.0168420-92" }, "geometry": { "type": "Polygon", "coordinates": [ [ [ -54.752281, -22.277522 ], [ -54.752271, -22.277611 ], [ -54.752078, -22.277593 ], [ -54.752088, -22.277503 ], [ -54.752281, -22.277522 ] ] ] } },
{ "type": "Feature", "properties": { "id": 126762, "insc_imob": "00.10.32.27.210", "quadra_cartorio": "27", "lote_cartorio": "21", "matricula": "168419", "circunscricao": null, "zoneamento": null, "condominio": null, "area_geom": 200.04, "cnm": "062661.2.0168419-95" }, "geometry": { "type": "Polygon", "coordinates": [ [ [ -54.752271, -22.277611 ], [ -54.752262, -22.277701 ], [ -54.752069, -22.277683 ], [ -54.752078, -22.277593 ], [ -54.752271, -22.277611 ] ] ] } },
{ "type": "Feature", "properties": { "id": 126763, "insc_imob": "00.10.32.27.200", "quadra_cartorio": "27", "lote_cartorio": "20", "matricula": "168418", "circunscricao": null, "zoneamento": null, "condominio": null, "area_geom": 200.05, "cnm": "062661.2.0168418-98" }, "geometry": { "type": "Polygon", "coordinates": [ [ [ -54.752262, -22.277701 ], [ -54.752252, -22.277791 ], [ -54.752059, -22.277773 ], [ -54.752069, -22.277683 ], [ -54.752262, -22.277701 ] ] ] } },
{ "type": "Feature", "properties": { "id": 126764, "insc_imob": "00.10.32.27.110", "quadra_cartorio": "27", "lote_cartorio": "11", "matricula": "168409", "circunscricao": null, "zoneamento": null, "condominio": null, "area_geom": 199.95, "cnm": "062661.2.0168409-28" }, "geometry": { "type": "Polygon", "coordinates": [ [ [ -54.752455, -22.277719 ], [ -54.752445, -22.277809 ], [ -54.752252, -22.277791 ], [ -54.752262, -22.277701 ], [ -54.752455, -22.277719 ] ] ] } },
{ "type": "Feature", "properties": { "id": 126765, "insc_imob": "00.10.32.27.100", "quadra_cartorio": "27", "lote_cartorio": "10", "matricula": "168408", "circunscricao": null, "zoneamento": null, "condominio": null, "area_geom": 199.96, "cnm": "062661.2.0168408-31" }, "geometry": { "type": "Polygon", "coordinates": [ [ [ -54.752464, -22.27763 ], [ -54.752455, -22.277719 ], [ -54.752262, -22.277701 ], [ -54.752271, -22.277611 ], [ -54.752464, -22.27763 ] ] ] } },
{ "type": "Feature", "properties": { "id": 126766, "insc_imob": "00.10.32.27.090", "quadra_cartorio": "27", "lote_cartorio": "09", "matricula": "168407", "circunscricao": null, "zoneamento": null, "condominio": null, "area_geom": 199.96, "cnm": "062661.2.0168407-34" }, "geometry": { "type": "Polygon", "coordinates": [ [ [ -54.752474, -22.27754 ], [ -54.752464, -22.27763 ], [ -54.752271, -22.277611 ], [ -54.752281, -22.277522 ], [ -54.752474, -22.27754 ] ] ] } },
{ "type": "Feature", "properties": { "id": 126767, "insc_imob": "00.10.32.27.080", "quadra_cartorio": "27", "lote_cartorio": "08", "matricula": "168406", "circunscricao": null, "zoneamento": null, "condominio": null, "area_geom": 199.97, "cnm": "062661.2.0168406-37" }, "geometry": { "type": "Polygon", "coordinates": [ [ [ -54.752484, -22.27745 ], [ -54.752474, -22.27754 ], [ -54.752281, -22.277522 ], [ -54.752291, -22.277432 ], [ -54.752484, -22.27745 ] ] ] } },
{ "type": "Feature", "properties": { "id": 126768, "insc_imob": "00.10.32.27.150", "quadra_cartorio": "27", "lote_cartorio": "15", "matricula": "168413", "circunscricao": null, "zoneamento": null, "condominio": null, "area_geom": 199.96, "cnm": "062661.2.0168413-16" }, "geometry": { "type": "Polygon", "coordinates": [ [ [ -54.752416, -22.278079 ], [ -54.752406, -22.278169 ], [ -54.752213, -22.27815 ], [ -54.752223, -22.27806 ], [ -54.752416, -22.278079 ] ] ] } },
{ "type": "Feature", "properties": { "id": 126769, "insc_imob": "00.10.32.27.140", "quadra_cartorio": "27", "lote_cartorio": "14", "matricula": "168412", "circunscricao": null, "zoneamento": null, "condominio": null, "area_geom": 199.94, "cnm": "062661.2.0168412-19" }, "geometry": { "type": "Polygon", "coordinates": [ [ [ -54.752425, -22.277989 ], [ -54.752416, -22.278079 ], [ -54.752223, -22.27806 ], [ -54.752232, -22.277971 ], [ -54.752425, -22.277989 ] ] ] } },
{ "type": "Feature", "properties": { "id": 126770, "insc_imob": "00.10.32.27.130", "quadra_cartorio": "27", "lote_cartorio": "13", "matricula": "168411", "circunscricao": null, "zoneamento": null, "condominio": null, "area_geom": 199.95, "cnm": "062661.2.0168411-22" }, "geometry": { "type": "Polygon", "coordinates": [ [ [ -54.752435, -22.277899 ], [ -54.752425, -22.277989 ], [ -54.752232, -22.277971 ], [ -54.752242, -22.277881 ], [ -54.752435, -22.277899 ] ] ] } },
{ "type": "Feature", "properties": { "id": 126771, "insc_imob": "00.10.32.27.120", "quadra_cartorio": "27", "lote_cartorio": "12", "matricula": "168410", "circunscricao": null, "zoneamento": null, "condominio": null, "area_geom": 199.95, "cnm": "062661.2.0168410-25" }, "geometry": { "type": "Polygon", "coordinates": [ [ [ -54.752445, -22.277809 ], [ -54.752435, -22.277899 ], [ -54.752242, -22.277881 ], [ -54.752252, -22.277791 ], [ -54.752445, -22.277809 ] ] ] } },
{ "type": "Feature", "properties": { "id": 126772, "insc_imob": "00.10.32.27.030", "quadra_cartorio": "27", "lote_cartorio": "03", "matricula": "168401", "circunscricao": null, "zoneamento": null, "condominio": null, "area_geom": 199.99, "cnm": "062661.2.0168401-52" }, "geometry": { "type": "Polygon", "coordinates": [ [ [ -54.752533, -22.277001 ], [ -54.752523, -22.277091 ], [ -54.75233, -22.277072 ], [ -54.75234, -22.276983 ], [ -54.752533, -22.277001 ] ] ] } },
{ "type": "Feature", "properties": { "id": 126773, "insc_imob": "00.10.32.27.020", "quadra_cartorio": "27", "lote_cartorio": "02", "matricula": "168400", "circunscricao": null, "zoneamento": null, "condominio": null, "area_geom": 199.99, "cnm": "062661.2.0168400-55" }, "geometry": { "type": "Polygon", "coordinates": [ [ [ -54.752543, -22.276911 ], [ -54.752533, -22.277001 ], [ -54.75234, -22.276983 ], [ -54.75235, -22.276893 ], [ -54.752543, -22.276911 ] ] ] } },
{ "type": "Feature", "properties": { "id": 126774, "insc_imob": "00.10.32.27.010", "quadra_cartorio": "27", "lote_cartorio": "01", "matricula": "168399", "circunscricao": null, "zoneamento": null, "condominio": null, "area_geom": 199.97, "cnm": "062661.2.0168399-58" }, "geometry": { "type": "Polygon", "coordinates": [ [ [ -54.752553, -22.276821 ], [ -54.752543, -22.276911 ], [ -54.75235, -22.276893 ], [ -54.752359, -22.276803 ], [ -54.752553, -22.276821 ], [ -54.752553, -22.276821 ] ] ] } },
{ "type": "Feature", "properties": { "id": 126775, "insc_imob": "00.10.32.26.300", "quadra_cartorio": "26", "lote_cartorio": "30", "matricula": "168398", "circunscricao": null, "zoneamento": null, "condominio": null, "area_geom": 199.99, "cnm": "062661.2.0168398-61" }, "geometry": { "type": "Polygon", "coordinates": [ [ [ -54.75289, -22.276853 ], [ -54.752881, -22.276943 ], [ -54.752687, -22.276925 ], [ -54.752687, -22.276925 ], [ -54.752697, -22.276835 ], [ -54.75289, -22.276853 ] ] ] } },
{ "type": "Feature", "properties": { "id": 126776, "insc_imob": "00.10.32.27.070", "quadra_cartorio": "27", "lote_cartorio": "07", "matricula": "168405", "circunscricao": null, "zoneamento": null, "condominio": null, "area_geom": 199.97, "cnm": "062661.2.0168405-40" }, "geometry": { "type": "Polygon", "coordinates": [ [ [ -54.752494, -22.27736 ], [ -54.752484, -22.27745 ], [ -54.752291, -22.277432 ], [ -54.752301, -22.277342 ], [ -54.752494, -22.27736 ] ] ] } },
{ "type": "Feature", "properties": { "id": 126777, "insc_imob": "00.10.32.27.060", "quadra_cartorio": "27", "lote_cartorio": "06", "matricula": "168404", "circunscricao": null, "zoneamento": null, "condominio": null, "area_geom": 199.98, "cnm": "062661.2.0168404-43" }, "geometry": { "type": "Polygon", "coordinates": [ [ [ -54.752504, -22.27727 ], [ -54.752494, -22.27736 ], [ -54.752301, -22.277342 ], [ -54.752311, -22.277252 ], [ -54.752504, -22.27727 ] ] ] } },
{ "type": "Feature", "properties": { "id": 126778, "insc_imob": "00.10.32.27.050", "quadra_cartorio": "27", "lote_cartorio": "05", "matricula": "168403", "circunscricao": null, "zoneamento": null, "condominio": null, "area_geom": 199.98, "cnm": "062661.2.0168403-46" }, "geometry": { "type": "Polygon", "coordinates": [ [ [ -54.752513, -22.27718 ], [ -54.752504, -22.27727 ], [ -54.752311, -22.277252 ], [ -54.75232, -22.277162 ], [ -54.752513, -22.27718 ] ] ] } },
{ "type": "Feature", "properties": { "id": 126779, "insc_imob": "00.10.32.27.040", "quadra_cartorio": "27", "lote_cartorio": "04", "matricula": "168402", "circunscricao": null, "zoneamento": null, "condominio": null, "area_geom": 199.98, "cnm": "062661.2.0168402-49" }, "geometry": { "type": "Polygon", "coordinates": [ [ [ -54.752523, -22.277091 ], [ -54.752513, -22.27718 ], [ -54.75232, -22.277162 ], [ -54.75233, -22.277072 ], [ -54.752523, -22.277091 ] ] ] } },
{ "type": "Feature", "properties": { "id": 126780, "insc_imob": "00.10.32.24.210", "quadra_cartorio": "24", "lote_cartorio": "21", "matricula": "168329", "circunscricao": null, "zoneamento": null, "condominio": null, "area_geom": 200.04, "cnm": "062661.2.0168329-74" }, "geometry": { "type": "Polygon", "coordinates": [ [ [ -54.753864, -22.277762 ], [ -54.753854, -22.277851 ], [ -54.753661, -22.277833 ], [ -54.753671, -22.277743 ], [ -54.753864, -22.277762 ] ] ] } },
{ "type": "Feature", "properties": { "id": 126781, "insc_imob": "00.10.32.24.200", "quadra_cartorio": "24", "lote_cartorio": "20", "matricula": "168328", "circunscricao": null, "zoneamento": null, "condominio": null, "area_geom": 200.05, "cnm": "062661.2.0168328-77" }, "geometry": { "type": "Polygon", "coordinates": [ [ [ -54.753854, -22.277851 ], [ -54.753844, -22.277941 ], [ -54.753651, -22.277923 ], [ -54.753661, -22.277833 ], [ -54.753854, -22.277851 ] ] ] } },
{ "type": "Feature", "properties": { "id": 126782, "insc_imob": "00.10.32.24.190", "quadra_cartorio": "24", "lote_cartorio": "19", "matricula": "168327", "circunscricao": null, "zoneamento": null, "condominio": null, "area_geom": 200.05, "cnm": "062661.2.0168327-80" }, "geometry": { "type": "Polygon", "coordinates": [ [ [ -54.753844, -22.277941 ], [ -54.753835, -22.278031 ], [ -54.753641, -22.278013 ], [ -54.753651, -22.277923 ], [ -54.753844, -22.277941 ] ] ] } },
{ "type": "Feature", "properties": { "id": 126783, "insc_imob": "00.10.32.24.180", "quadra_cartorio": "24", "lote_cartorio": "18", "matricula": "168326", "circunscricao": null, "zoneamento": null, "condominio": null, "area_geom": 200.05, "cnm": "062661.2.0168326-83" }, "geometry": { "type": "Polygon", "coordinates": [ [ [ -54.753835, -22.278031 ], [ -54.753825, -22.278121 ], [ -54.753632, -22.278103 ], [ -54.753641, -22.278013 ], [ -54.753835, -22.278031 ] ] ] } },
{ "type": "Feature", "properties": { "id": 126784, "insc_imob": "00.10.32.24.250", "quadra_cartorio": "24", "lote_cartorio": "25", "matricula": "168333", "circunscricao": null, "zoneamento": null, "condominio": null, "area_geom": 200.02, "cnm": "062661.2.0168333-62" }, "geometry": { "type": "Polygon", "coordinates": [ [ [ -54.753903, -22.277402 ], [ -54.753893, -22.277492 ], [ -54.7537, -22.277474 ], [ -54.75371, -22.277384 ], [ -54.753903, -22.277402 ] ] ] } },
{ "type": "Feature", "properties": { "id": 126785, "insc_imob": "00.10.32.24.240", "quadra_cartorio": "24", "lote_cartorio": "24", "matricula": "168332", "circunscricao": null, "zoneamento": null, "condominio": null, "area_geom": 200.03, "cnm": "062661.2.0168332-65" }, "geometry": { "type": "Polygon", "coordinates": [ [ [ -54.753893, -22.277492 ], [ -54.753883, -22.277582 ], [ -54.75369, -22.277564 ], [ -54.7537, -22.277474 ], [ -54.753893, -22.277492 ] ] ] } },
{ "type": "Feature", "properties": { "id": 126786, "insc_imob": "00.10.32.24.230", "quadra_cartorio": "24", "lote_cartorio": "23", "matricula": "168331", "circunscricao": null, "zoneamento": null, "condominio": null, "area_geom": 200.03, "cnm": "062661.2.0168331-68" }, "geometry": { "type": "Polygon", "coordinates": [ [ [ -54.753883, -22.277582 ], [ -54.753874, -22.277672 ], [ -54.753681, -22.277654 ], [ -54.75369, -22.277564 ], [ -54.753883, -22.277582 ] ] ] } },
{ "type": "Feature", "properties": { "id": 126787, "insc_imob": "00.10.32.24.220", "quadra_cartorio": "24", "lote_cartorio": "22", "matricula": "168330", "circunscricao": null, "zoneamento": null, "condominio": null, "area_geom": 200.04, "cnm": "062661.2.0168330-71" }, "geometry": { "type": "Polygon", "coordinates": [ [ [ -54.753874, -22.277672 ], [ -54.753864, -22.277762 ], [ -54.753671, -22.277743 ], [ -54.753681, -22.277654 ], [ -54.753874, -22.277672 ] ] ] } },
{ "type": "Feature", "properties": { "id": 126788, "insc_imob": "00.10.32.24.130", "quadra_cartorio": "24", "lote_cartorio": "13", "matricula": "168321", "circunscricao": null, "zoneamento": null, "condominio": null, "area_geom": 199.95, "cnm": "062661.2.0168321-98" }, "geometry": { "type": "Polygon", "coordinates": [ [ [ -54.754028, -22.278049 ], [ -54.754018, -22.278139 ], [ -54.753825, -22.278121 ], [ -54.753835, -22.278031 ], [ -54.754028, -22.278049 ] ] ] } },
{ "type": "Feature", "properties": { "id": 126789, "insc_imob": "00.10.32.24.120", "quadra_cartorio": "24", "lote_cartorio": "12", "matricula": "168320", "circunscricao": null, "zoneamento": null, "condominio": null, "area_geom": 199.95, "cnm": "062661.2.0168320-04" }, "geometry": { "type": "Polygon", "coordinates": [ [ [ -54.754037, -22.277959 ], [ -54.754028, -22.278049 ], [ -54.753835, -22.278031 ], [ -54.753844, -22.277941 ], [ -54.754037, -22.277959 ] ] ] } },
{ "type": "Feature", "properties": { "id": 126790, "insc_imob": "00.10.32.24.110", "quadra_cartorio": "24", "lote_cartorio": "11", "matricula": "168319", "circunscricao": null, "zoneamento": null, "condominio": null, "area_geom": 199.95, "cnm": "062661.2.0168319-07" }, "geometry": { "type": "Polygon", "coordinates": [ [ [ -54.754047, -22.27787 ], [ -54.754037, -22.277959 ], [ -54.753844, -22.277941 ], [ -54.753854, -22.277851 ], [ -54.754047, -22.27787 ] ] ] } },
{ "type": "Feature", "properties": { "id": 126791, "insc_imob": "00.10.32.24.100", "quadra_cartorio": "24", "lote_cartorio": "10", "matricula": "168318", "circunscricao": null, "zoneamento": null, "condominio": null, "area_geom": 199.96, "cnm": "062661.2.0168318-10" }, "geometry": { "type": "Polygon", "coordinates": [ [ [ -54.754057, -22.27778 ], [ -54.754047, -22.27787 ], [ -54.753854, -22.277851 ], [ -54.753864, -22.277762 ], [ -54.754057, -22.27778 ] ] ] } },
{ "type": "Feature", "properties": { "id": 126792, "insc_imob": "00.10.32.24.170", "quadra_cartorio": "24", "lote_cartorio": "17", "matricula": "168325", "circunscricao": null, "zoneamento": null, "condominio": null, "area_geom": 200.06, "cnm": "062661.2.0168325-86" }, "geometry": { "type": "Polygon", "coordinates": [ [ [ -54.753825, -22.278121 ], [ -54.753815, -22.278211 ], [ -54.753622, -22.278193 ], [ -54.753632, -22.278103 ], [ -54.753825, -22.278121 ] ] ] } },
{ "type": "Feature", "properties": { "id": 126793, "insc_imob": "00.10.32.24.160", "quadra_cartorio": "24", "lote_cartorio": "16", "matricula": "168324", "circunscricao": null, "zoneamento": null, "condominio": null, "area_geom": 200.07, "cnm": "062661.2.0168324-89" }, "geometry": { "type": "Polygon", "coordinates": [ [ [ -54.753815, -22.278211 ], [ -54.753805, -22.278301 ], [ -54.753612, -22.278282 ], [ -54.753622, -22.278193 ], [ -54.753815, -22.278211 ] ] ] } },
{ "type": "Feature", "properties": { "id": 126794, "insc_imob": "00.10.32.24.150", "quadra_cartorio": "24", "lote_cartorio": "15", "matricula": "168323", "circunscricao": null, "zoneamento": null, "condominio": null, "area_geom": 199.96, "cnm": "062661.2.0168323-92" }, "geometry": { "type": "Polygon", "coordinates": [ [ [ -54.754008, -22.278229 ], [ -54.753998, -22.278319 ], [ -54.753805, -22.278301 ], [ -54.753815, -22.278211 ], [ -54.754008, -22.278229 ] ] ] } },
{ "type": "Feature", "properties": { "id": 126795, "insc_imob": "00.10.32.24.140", "quadra_cartorio": "24", "lote_cartorio": "14", "matricula": "168322", "circunscricao": null, "zoneamento": null, "condominio": null, "area_geom": 199.94, "cnm": "062661.2.0168322-95" }, "geometry": { "type": "Polygon", "coordinates": [ [ [ -54.754018, -22.278139 ], [ -54.754008, -22.278229 ], [ -54.753815, -22.278211 ], [ -54.753825, -22.278121 ], [ -54.754018, -22.278139 ] ] ] } },
{ "type": "Feature", "properties": { "id": 126796, "insc_imob": "00.10.32.24.050", "quadra_cartorio": "24", "lote_cartorio": "05", "matricula": "168313", "circunscricao": null, "zoneamento": null, "condominio": null, "area_geom": 199.98, "cnm": "062661.2.0168313-25" }, "geometry": { "type": "Polygon", "coordinates": [ [ [ -54.754106, -22.277331 ], [ -54.754096, -22.277421 ], [ -54.753903, -22.277402 ], [ -54.753913, -22.277313 ], [ -54.754106, -22.277331 ] ] ] } },
{ "type": "Feature", "properties": { "id": 126809, "insc_imob": "00.10.32.23.300", "quadra_cartorio": "23", "lote_cartorio": "30", "matricula": "168308", "circunscricao": null, "zoneamento": null, "condominio": null, "area_geom": 199.99, "cnm": "062661.2.0168308-40" }, "geometry": { "type": "Polygon", "coordinates": [ [ [ -54.754483, -22.277003 ], [ -54.754473, -22.277093 ], [ -54.75428, -22.277075 ], [ -54.75428, -22.277075 ], [ -54.75429, -22.276985 ], [ -54.754483, -22.277003 ] ] ] } },
{ "type": "Feature", "properties": { "id": 126810, "insc_imob": "00.10.32.23.290", "quadra_cartorio": "23", "lote_cartorio": "29", "matricula": "168307", "circunscricao": null, "zoneamento": null, "condominio": null, "area_geom": 200.01, "cnm": "062661.2.0168307-43" }, "geometry": { "type": "Polygon", "coordinates": [ [ [ -54.754473, -22.277093 ], [ -54.754463, -22.277183 ], [ -54.75427, -22.277165 ], [ -54.75428, -22.277075 ], [ -54.75428, -22.277075 ], [ -54.754473, -22.277093 ] ] ] } },
{ "type": "Feature", "properties": { "id": 126811, "insc_imob": "00.10.32.23.280", "quadra_cartorio": "23", "lote_cartorio": "28", "matricula": "168306", "circunscricao": null, "zoneamento": null, "condominio": null, "area_geom": 200.01, "cnm": "062661.2.0168306-46" }, "geometry": { "type": "Polygon", "coordinates": [ [ [ -54.754463, -22.277183 ], [ -54.754453, -22.277273 ], [ -54.75426, -22.277255 ], [ -54.75427, -22.277165 ], [ -54.754463, -22.277183 ] ] ] } },
{ "type": "Feature", "properties": { "id": 126812, "insc_imob": "00.10.32.25.230", "quadra_cartorio": "25", "lote_cartorio": "23", "matricula": "168361", "circunscricao": null, "zoneamento": null, "condominio": null, "area_geom": 200.03, "cnm": "062661.2.0168361-75" }, "geometry": { "type": "Polygon", "coordinates": [ [ [ -54.753353, -22.277532 ], [ -54.753343, -22.277622 ], [ -54.75315, -22.277603 ], [ -54.75316, -22.277514 ], [ -54.753353, -22.277532 ] ] ] } },
{ "type": "Feature", "properties": { "id": 126813, "insc_imob": "00.10.32.25.220", "quadra_cartorio": "25", "lote_cartorio": "22", "matricula": "168360", "circunscricao": null, "zoneamento": null, "condominio": null, "area_geom": 200.04, "cnm": "062661.2.0168360-78" }, "geometry": { "type": "Polygon", "coordinates": [ [ [ -54.753343, -22.277622 ], [ -54.753333, -22.277712 ], [ -54.75314, -22.277693 ], [ -54.75315, -22.277603 ], [ -54.753343, -22.277622 ] ] ] } },
{ "type": "Feature", "properties": { "id": 126814, "insc_imob": "00.10.32.25.210", "quadra_cartorio": "25", "lote_cartorio": "21", "matricula": "168359", "circunscricao": null, "zoneamento": null, "condominio": null, "area_geom": 200.04, "cnm": "062661.2.0168359-81" }, "geometry": { "type": "Polygon", "coordinates": [ [ [ -54.753333, -22.277712 ], [ -54.753323, -22.277801 ], [ -54.75313, -22.277783 ], [ -54.75314, -22.277693 ], [ -54.753333, -22.277712 ] ] ] } },
{ "type": "Feature", "properties": { "id": 126815, "insc_imob": "00.10.32.25.200", "quadra_cartorio": "25", "lote_cartorio": "20", "matricula": "168358", "circunscricao": null, "zoneamento": null, "condominio": null, "area_geom": 200.05, "cnm": "062661.2.0168358-84" }, "geometry": { "type": "Polygon", "coordinates": [ [ [ -54.753323, -22.277801 ], [ -54.753314, -22.277891 ], [ -54.75312, -22.277873 ], [ -54.75313, -22.277783 ], [ -54.753323, -22.277801 ] ] ] } },
{ "type": "Feature", "properties": { "id": 126816, "insc_imob": "00.10.32.25.270", "quadra_cartorio": "25", "lote_cartorio": "27", "matricula": "168365", "circunscricao": null, "zoneamento": null, "condominio": null, "area_geom": 200.02, "cnm": "062661.2.0168365-63" }, "geometry": { "type": "Polygon", "coordinates": [ [ [ -54.753392, -22.277173 ], [ -54.753382, -22.277262 ], [ -54.753189, -22.277244 ], [ -54.753199, -22.277154 ], [ -54.753392, -22.277173 ] ] ] } },
{ "type": "Feature", "properties": { "id": 126817, "insc_imob": "00.10.32.25.260", "quadra_cartorio": "25", "lote_cartorio": "26", "matricula": "168364", "circunscricao": null, "zoneamento": null, "condominio": null, "area_geom": 200.02, "cnm": "062661.2.0168364-66" }, "geometry": { "type": "Polygon", "coordinates": [ [ [ -54.753382, -22.277262 ], [ -54.753372, -22.277352 ], [ -54.753179, -22.277334 ], [ -54.753189, -22.277244 ], [ -54.753382, -22.277262 ] ] ] } },
{ "type": "Feature", "properties": { "id": 126818, "insc_imob": "00.10.32.25.250", "quadra_cartorio": "25", "lote_cartorio": "25", "matricula": "168363", "circunscricao": null, "zoneamento": null, "condominio": null, "area_geom": 200.02, "cnm": "062661.2.0168363-69" }, "geometry": { "type": "Polygon", "coordinates": [ [ [ -54.753372, -22.277352 ], [ -54.753362, -22.277442 ], [ -54.753169, -22.277424 ], [ -54.753179, -22.277334 ], [ -54.753372, -22.277352 ] ] ] } },
{ "type": "Feature", "properties": { "id": 126819, "insc_imob": "00.10.32.25.240", "quadra_cartorio": "25", "lote_cartorio": "24", "matricula": "168362", "circunscricao": null, "zoneamento": null, "condominio": null, "area_geom": 200.03, "cnm": "062661.2.0168362-72" }, "geometry": { "type": "Polygon", "coordinates": [ [ [ -54.753362, -22.277442 ], [ -54.753353, -22.277532 ], [ -54.75316, -22.277514 ], [ -54.753169, -22.277424 ], [ -54.753362, -22.277442 ] ] ] } },
{ "type": "Feature", "properties": { "id": 126820, "insc_imob": "00.10.32.25.150", "quadra_cartorio": "25", "lote_cartorio": "15", "matricula": "168353", "circunscricao": null, "zoneamento": null, "condominio": null, "area_geom": 199.96, "cnm": "062661.2.0168353-02" }, "geometry": { "type": "Polygon", "coordinates": [ [ [ -54.753477, -22.278179 ], [ -54.753467, -22.278269 ], [ -54.753274, -22.27825 ], [ -54.753284, -22.278161 ], [ -54.753477, -22.278179 ] ] ] } },
{ "type": "Feature", "properties": { "id": 126821, "insc_imob": "00.10.32.25.140", "quadra_cartorio": "25", "lote_cartorio": "14", "matricula": "168352", "circunscricao": null, "zoneamento": null, "condominio": null, "area_geom": 199.94, "cnm": "062661.2.0168352-05" }, "geometry": { "type": "Polygon", "coordinates": [ [ [ -54.753487, -22.278089 ], [ -54.753477, -22.278179 ], [ -54.753284, -22.278161 ], [ -54.753294, -22.278071 ], [ -54.753487, -22.278089 ] ] ] } },
{ "type": "Feature", "properties": { "id": 126822, "insc_imob": "00.10.32.25.130", "quadra_cartorio": "25", "lote_cartorio": "13", "matricula": "168351", "circunscricao": null, "zoneamento": null, "condominio": null, "area_geom": 199.95, "cnm": "062661.2.0168351-08" }, "geometry": { "type": "Polygon", "coordinates": [ [ [ -54.753497, -22.277999 ], [ -54.753487, -22.278089 ], [ -54.753294, -22.278071 ], [ -54.753304, -22.277981 ], [ -54.753497, -22.277999 ] ] ] } },
{ "type": "Feature", "properties": { "id": 126823, "insc_imob": "00.10.32.25.120", "quadra_cartorio": "25", "lote_cartorio": "12", "matricula": "168350", "circunscricao": null, "zoneamento": null, "condominio": null, "area_geom": 199.95, "cnm": "062661.2.0168350-11" }, "geometry": { "type": "Polygon", "coordinates": [ [ [ -54.753506, -22.277909 ], [ -54.753497, -22.277999 ], [ -54.753304, -22.277981 ], [ -54.753314, -22.277891 ], [ -54.753506, -22.277909 ] ] ] } },
{ "type": "Feature", "properties": { "id": 126824, "insc_imob": "00.10.32.25.190", "quadra_cartorio": "25", "lote_cartorio": "19", "matricula": "168357", "circunscricao": null, "zoneamento": null, "condominio": null, "area_geom": 200.05, "cnm": "062661.2.0168357-87" }, "geometry": { "type": "Polygon", "coordinates": [ [ [ -54.753314, -22.277891 ], [ -54.753304, -22.277981 ], [ -54.753111, -22.277963 ], [ -54.75312, -22.277873 ], [ -54.753314, -22.277891 ] ] ] } },
{ "type": "Feature", "properties": { "id": 126825, "insc_imob": "00.10.32.25.180", "quadra_cartorio": "25", "lote_cartorio": "18", "matricula": "168356", "circunscricao": null, "zoneamento": null, "condominio": null, "area_geom": 200.05, "cnm": "062661.2.0168356-90" }, "geometry": { "type": "Polygon", "coordinates": [ [ [ -54.753304, -22.277981 ], [ -54.753294, -22.278071 ], [ -54.753101, -22.278053 ], [ -54.753111, -22.277963 ], [ -54.753304, -22.277981 ] ] ] } },
{ "type": "Feature", "properties": { "id": 126826, "insc_imob": "00.10.32.25.170", "quadra_cartorio": "25", "lote_cartorio": "17", "matricula": "168355", "circunscricao": null, "zoneamento": null, "condominio": null, "area_geom": 200.06, "cnm": "062661.2.0168355-93" }, "geometry": { "type": "Polygon", "coordinates": [ [ [ -54.753294, -22.278071 ], [ -54.753284, -22.278161 ], [ -54.753091, -22.278142 ], [ -54.753101, -22.278053 ], [ -54.753294, -22.278071 ] ] ] } },
{ "type": "Feature", "properties": { "id": 126827, "insc_imob": "00.10.32.25.160", "quadra_cartorio": "25", "lote_cartorio": "16", "matricula": "168354", "circunscricao": null, "zoneamento": null, "condominio": null, "area_geom": 200.07, "cnm": "062661.2.0168354-96" }, "geometry": { "type": "Polygon", "coordinates": [ [ [ -54.753284, -22.278161 ], [ -54.753274, -22.27825 ], [ -54.753081, -22.278232 ], [ -54.753091, -22.278142 ], [ -54.753284, -22.278161 ] ] ] } },
{ "type": "Feature", "properties": { "id": 126828, "insc_imob": "00.10.32.25.070", "quadra_cartorio": "25", "lote_cartorio": "07", "matricula": "168345", "circunscricao": null, "zoneamento": null, "condominio": null, "area_geom": 199.97, "cnm": "062661.2.0168345-26" }, "geometry": { "type": "Polygon", "coordinates": [ [ [ -54.753555, -22.27746 ], [ -54.753546, -22.27755 ], [ -54.753353, -22.277532 ], [ -54.753362, -22.277442 ], [ -54.753555, -22.27746 ] ] ] } },
{ "type": "Feature", "properties": { "id": 126829, "insc_imob": "00.10.32.25.060", "quadra_cartorio": "25", "lote_cartorio": "06", "matricula": "168344", "circunscricao": null, "zoneamento": null, "condominio": null, "area_geom": 199.98, "cnm": "062661.2.0168344-29" }, "geometry": { "type": "Polygon", "coordinates": [ [ [ -54.753565, -22.27737 ], [ -54.753555, -22.27746 ], [ -54.753362, -22.277442 ], [ -54.753372, -22.277352 ], [ -54.753565, -22.27737 ] ] ] } },
{ "type": "Feature", "properties": { "id": 126830, "insc_imob": "00.10.32.25.050", "quadra_cartorio": "25", "lote_cartorio": "05", "matricula": "168343", "circunscricao": null, "zoneamento": null, "condominio": null, "area_geom": 199.98, "cnm": "062661.2.0168343-32" }, "geometry": { "type": "Polygon", "coordinates": [ [ [ -54.753575, -22.277281 ], [ -54.753565, -22.27737 ], [ -54.753372, -22.277352 ], [ -54.753382, -22.277262 ], [ -54.753575, -22.277281 ] ] ] } },
{ "type": "Feature", "properties": { "id": 126847, "insc_imob": "00.10.32.31.010", "quadra_cartorio": "31", "lote_cartorio": "01-AI.III", "matricula": "168502", "circunscricao": null, "zoneamento": null, "condominio": null, "area_geom": 4078.48, "cnm": "062661.2.0168502-40" }, "geometry": { "type": "Polygon", "coordinates": [ [ [ -54.751325, -22.278248 ], [ -54.751325, -22.278248 ], [ -54.751178, -22.279596 ], [ -54.751118, -22.27959 ], [ -54.750903, -22.278534 ], [ -54.750903, -22.278534 ], [ -54.750938, -22.278212 ], [ -54.751325, -22.278248 ] ] ] } },
{ "type": "Feature", "properties": { "id": 126868, "insc_imob": "00.10.32.28.190", "quadra_cartorio": "28", "lote_cartorio": "19", "matricula": "168447", "circunscricao": null, "zoneamento": null, "condominio": null, "area_geom": 200.05, "cnm": "062661.2.0168447-11" }, "geometry": { "type": "Polygon", "coordinates": [ [ [ -54.751721, -22.277741 ], [ -54.751711, -22.277831 ], [ -54.751518, -22.277813 ], [ -54.751528, -22.277723 ], [ -54.751721, -22.277741 ] ] ] } },
{ "type": "Feature", "properties": { "id": 126869, "insc_imob": "00.10.32.28.180", "quadra_cartorio": "28", "lote_cartorio": "18", "matricula": "168446", "circunscricao": null, "zoneamento": null, "condominio": null, "area_geom": 200.05, "cnm": "062661.2.0168446-14" }, "geometry": { "type": "Polygon", "coordinates": [ [ [ -54.751711, -22.277831 ], [ -54.751702, -22.277921 ], [ -54.751508, -22.277902 ], [ -54.751518, -22.277813 ], [ -54.751711, -22.277831 ] ] ] } },
{ "type": "Feature", "properties": { "id": 126850, "insc_imob": "00.10.32.30.090", "quadra_cartorio": "30", "lote_cartorio": "09", "matricula": "168497", "circunscricao": null, "zoneamento": null, "condominio": null, "area_geom": 267.37, "cnm": "062661.2.0168497-55" }, "geometry": { "type": "Polygon", "coordinates": [ [ [ -54.750901, -22.27721 ], [ -54.750892, -22.2773 ], [ -54.750648, -22.277277 ], [ -54.750629, -22.277184 ], [ -54.750901, -22.27721 ], [ -54.750901, -22.27721 ] ] ] } },
{ "type": "Feature", "properties": { "id": 126851, "insc_imob": "00.10.32.30.080", "quadra_cartorio": "30", "lote_cartorio": "08", "matricula": "168496", "circunscricao": null, "zoneamento": null, "condominio": null, "area_geom": 296.98, "cnm": "062661.2.0168496-58" }, "geometry": { "type": "Polygon", "coordinates": [ [ [ -54.750911, -22.27712 ], [ -54.750901, -22.27721 ], [ -54.750629, -22.277184 ], [ -54.75061, -22.277092 ], [ -54.750911, -22.27712 ], [ -54.750911, -22.27712 ] ] ] } },
{ "type": "Feature", "properties": { "id": 126852, "insc_imob": "00.10.32.30.070", "quadra_cartorio": "30", "lote_cartorio": "07", "matricula": "168495", "circunscricao": null, "zoneamento": null, "condominio": null, "area_geom": 326.6, "cnm": "062661.2.0168495-61" }, "geometry": { "type": "Polygon", "coordinates": [ [ [ -54.750921, -22.27703 ], [ -54.750911, -22.27712 ], [ -54.75061, -22.277092 ], [ -54.750591, -22.276999 ], [ -54.750921, -22.27703 ], [ -54.750921, -22.27703 ] ] ] } },
{ "type": "Feature", "properties": { "id": 126853, "insc_imob": "00.10.32.30.060", "quadra_cartorio": "30", "lote_cartorio": "06", "matricula": "168494", "circunscricao": null, "zoneamento": null, "condominio": null, "area_geom": 356.21, "cnm": "062661.2.0168494-64" }, "geometry": { "type": "Polygon", "coordinates": [ [ [ -54.750931, -22.27694 ], [ -54.750921, -22.27703 ], [ -54.750591, -22.276999 ], [ -54.750573, -22.276907 ], [ -54.750931, -22.27694 ], [ -54.750931, -22.27694 ] ] ] } },
{ "type": "Feature", "properties": { "id": 126854, "insc_imob": "00.10.32.30.130", "quadra_cartorio": "30", "lote_cartorio": "13", "matricula": "168501", "circunscricao": null, "zoneamento": null, "condominio": null, "area_geom": 416.27, "cnm": "062661.2.0168501-43" }, "geometry": { "type": "Polygon", "coordinates": [ [ [ -54.75086, -22.277587 ], [ -54.750813, -22.278018 ], [ -54.750798, -22.278017 ], [ -54.750708, -22.277573 ], [ -54.75086, -22.277587 ] ] ] } },
{ "type": "Feature", "properties": { "id": 126855, "insc_imob": "00.10.32.30.120", "quadra_cartorio": "30", "lote_cartorio": "12", "matricula": "168500", "circunscricao": null, "zoneamento": null, "condominio": null, "area_geom": 210.68, "cnm": "062661.2.0168500-46" }, "geometry": { "type": "Polygon", "coordinates": [ [ [ -54.750872, -22.277479 ], [ -54.75086, -22.277587 ], [ -54.750708, -22.277573 ], [ -54.750685, -22.277462 ], [ -54.750872, -22.277479 ], [ -54.750872, -22.277479 ] ] ] } },
{ "type": "Feature", "properties": { "id": 126856, "insc_imob": "00.10.32.30.110", "quadra_cartorio": "30", "lote_cartorio": "11", "matricula": "168499", "circunscricao": null, "zoneamento": null, "condominio": null, "area_geom": 208.14, "cnm": "062661.2.0168499-49" }, "geometry": { "type": "Polygon", "coordinates": [ [ [ -54.750882, -22.277389 ], [ -54.750872, -22.277479 ], [ -54.750685, -22.277462 ], [ -54.750667, -22.277369 ], [ -54.750882, -22.277389 ], [ -54.750882, -22.277389 ] ] ] } },
{ "type": "Feature", "properties": { "id": 126857, "insc_imob": "00.10.32.30.100", "quadra_cartorio": "30", "lote_cartorio": "10", "matricula": "168498", "circunscricao": null, "zoneamento": null, "condominio": null, "area_geom": 237.75, "cnm": "062661.2.0168498-52" }, "geometry": { "type": "Polygon", "coordinates": [ [ [ -54.750892, -22.2773 ], [ -54.750882, -22.277389 ], [ -54.750667, -22.277369 ], [ -54.750648, -22.277277 ], [ -54.750892, -22.2773 ], [ -54.750892, -22.2773 ] ] ] } },
{ "type": "Feature", "properties": { "id": 126858, "insc_imob": "00.10.32.28.290", "quadra_cartorio": "28", "lote_cartorio": "29", "matricula": "168457", "circunscricao": null, "zoneamento": null, "condominio": null, "area_geom": 200.01, "cnm": "062661.2.0168457-78" }, "geometry": { "type": "Polygon", "coordinates": [ [ [ -54.751819, -22.276843 ], [ -54.751809, -22.276933 ], [ -54.751616, -22.276914 ], [ -54.751616, -22.276914 ], [ -54.751626, -22.276824 ], [ -54.751626, -22.276824 ], [ -54.751819, -22.276843 ] ] ] } },
{ "type": "Feature", "properties": { "id": 126859, "insc_imob": "00.10.32.28.280", "quadra_cartorio": "28", "lote_cartorio": "28", "matricula": "168456", "circunscricao": null, "zoneamento": null, "condominio": null, "area_geom": 200.01, "cnm": "062661.2.0168456-81" }, "geometry": { "type": "Polygon", "coordinates": [ [ [ -54.751809, -22.276933 ], [ -54.751799, -22.277022 ], [ -54.751606, -22.277004 ], [ -54.751616, -22.276914 ], [ -54.751809, -22.276933 ] ] ] } },
{ "type": "Feature", "properties": { "id": 126860, "insc_imob": "00.10.32.28.270", "quadra_cartorio": "28", "lote_cartorio": "27", "matricula": "168455", "circunscricao": null, "zoneamento": null, "condominio": null, "area_geom": 200.02, "cnm": "062661.2.0168455-84" }, "geometry": { "type": "Polygon", "coordinates": [ [ [ -54.751799, -22.277022 ], [ -54.75179, -22.277112 ], [ -54.751597, -22.277094 ], [ -54.751606, -22.277004 ], [ -54.751799, -22.277022 ] ] ] } },
{ "type": "Feature", "properties": { "id": 126861, "insc_imob": "00.10.32.28.260", "quadra_cartorio": "28", "lote_cartorio": "26", "matricula": "168454", "circunscricao": null, "zoneamento": null, "condominio": null, "area_geom": 200.02, "cnm": "062661.2.0168454-87" }, "geometry": { "type": "Polygon", "coordinates": [ [ [ -54.75179, -22.277112 ], [ -54.75178, -22.277202 ], [ -54.751587, -22.277184 ], [ -54.751597, -22.277094 ], [ -54.75179, -22.277112 ] ] ] } },
{ "type": "Feature", "properties": { "id": 126862, "insc_imob": "00.10.32.29.030", "quadra_cartorio": "29", "lote_cartorio": "03", "matricula": "168461", "circunscricao": null, "zoneamento": null, "condominio": null, "area_geom": 199.99, "cnm": "062661.2.0168461-66" }, "geometry": { "type": "Polygon", "coordinates": [ [ [ -54.751471, -22.276901 ], [ -54.751462, -22.27699 ], [ -54.751269, -22.276972 ], [ -54.751278, -22.276882 ], [ -54.751471, -22.276901 ] ] ] } },
{ "type": "Feature", "properties": { "id": 126863, "insc_imob": "00.10.32.29.020", "quadra_cartorio": "29", "lote_cartorio": "02", "matricula": "168460", "circunscricao": null, "zoneamento": null, "condominio": null, "area_geom": 199.99, "cnm": "062661.2.0168460-69" }, "geometry": { "type": "Polygon", "coordinates": [ [ [ -54.751481, -22.276811 ], [ -54.751471, -22.276901 ], [ -54.751278, -22.276882 ], [ -54.751288, -22.276793 ], [ -54.751481, -22.276811 ] ] ] } },
{ "type": "Feature", "properties": { "id": 126864, "insc_imob": "00.10.32.29.010", "quadra_cartorio": "29", "lote_cartorio": "01", "matricula": "168459", "circunscricao": null, "zoneamento": null, "condominio": null, "area_geom": 199.97, "cnm": "062661.2.0168459-72" }, "geometry": { "type": "Polygon", "coordinates": [ [ [ -54.751491, -22.276721 ], [ -54.751481, -22.276811 ], [ -54.751288, -22.276793 ], [ -54.751298, -22.276703 ], [ -54.751491, -22.276721 ], [ -54.751491, -22.276721 ] ] ] } },
{ "type": "Feature", "properties": { "id": 126865, "insc_imob": "00.10.32.28.300", "quadra_cartorio": "28", "lote_cartorio": "30", "matricula": "168458", "circunscricao": null, "zoneamento": null, "condominio": null, "area_geom": 199.99, "cnm": "062661.2.0168458-75" }, "geometry": { "type": "Polygon", "coordinates": [ [ [ -54.751829, -22.276753 ], [ -54.751819, -22.276843 ], [ -54.751626, -22.276824 ], [ -54.751626, -22.276824 ], [ -54.751636, -22.276735 ], [ -54.751829, -22.276753 ] ] ] } },
{ "type": "Feature", "properties": { "id": 126866, "insc_imob": "00.10.32.28.210", "quadra_cartorio": "28", "lote_cartorio": "21", "matricula": "168449", "circunscricao": null, "zoneamento": null, "condominio": null, "area_geom": 200.04, "cnm": "062661.2.0168449-05" }, "geometry": { "type": "Polygon", "coordinates": [ [ [ -54.751741, -22.277561 ], [ -54.751731, -22.277651 ], [ -54.751538, -22.277633 ], [ -54.751548, -22.277543 ], [ -54.751741, -22.277561 ] ] ] } },
{ "type": "Feature", "properties": { "id": 126867, "insc_imob": "00.10.32.28.200", "quadra_cartorio": "28", "lote_cartorio": "20", "matricula": "168448", "circunscricao": null, "zoneamento": null, "condominio": null, "area_geom": 200.05, "cnm": "062661.2.0168448-08" }, "geometry": { "type": "Polygon", "coordinates": [ [ [ -54.751731, -22.277651 ], [ -54.751721, -22.277741 ], [ -54.751528, -22.277723 ], [ -54.751538, -22.277633 ], [ -54.751731, -22.277651 ] ] ] } },
{ "type": "Feature", "properties": { "id": 126891, "insc_imob": "00.10.32.29.300", "quadra_cartorio": "29", "lote_cartorio": "30", "matricula": "168488", "circunscricao": null, "zoneamento": null, "condominio": null, "area_geom": 199.99, "cnm": "062661.2.0168488-82" }, "geometry": { "type": "Polygon", "coordinates": [ [ [ -54.751298, -22.276703 ], [ -54.751288, -22.276793 ], [ -54.751095, -22.276774 ], [ -54.751095, -22.276774 ], [ -54.751105, -22.276685 ], [ -54.751298, -22.276703 ] ] ] } },
{ "type": "Feature", "properties": { "id": 126892, "insc_imob": "00.10.32.29.290", "quadra_cartorio": "29", "lote_cartorio": "29", "matricula": "168487", "circunscricao": null, "zoneamento": null, "condominio": null, "area_geom": 200.01, "cnm": "062661.2.0168487-85" }, "geometry": { "type": "Polygon", "coordinates": [ [ [ -54.751288, -22.276793 ], [ -54.751278, -22.276882 ], [ -54.751085, -22.276864 ], [ -54.751085, -22.276864 ], [ -54.751095, -22.276774 ], [ -54.751095, -22.276774 ], [ -54.751288, -22.276793 ] ] ] } },
{ "type": "Feature", "properties": { "id": 126893, "insc_imob": "00.10.32.29.280", "quadra_cartorio": "29", "lote_cartorio": "28", "matricula": "168486", "circunscricao": null, "zoneamento": null, "condominio": null, "area_geom": 200.01, "cnm": "062661.2.0168486-88" }, "geometry": { "type": "Polygon", "coordinates": [ [ [ -54.751278, -22.276882 ], [ -54.751269, -22.276972 ], [ -54.751075, -22.276954 ], [ -54.751085, -22.276864 ], [ -54.751278, -22.276882 ] ] ] } },
{ "type": "Feature", "properties": { "id": 126894, "insc_imob": "00.10.32.30.050", "quadra_cartorio": "30", "lote_cartorio": "05", "matricula": "168493", "circunscricao": null, "zoneamento": null, "condominio": null, "area_geom": 385.83, "cnm": "062661.2.0168493-67" }, "geometry": { "type": "Polygon", "coordinates": [ [ [ -54.750941, -22.276851 ], [ -54.750931, -22.27694 ], [ -54.750573, -22.276907 ], [ -54.750554, -22.276814 ], [ -54.750651, -22.276823 ], [ -54.750747, -22.276832 ], [ -54.750844, -22.276841 ], [ -54.750941, -22.276851 ], [ -54.750941, -22.276851 ] ] ] } },
{ "type": "Feature", "properties": { "id": 126895, "insc_imob": "00.10.32.30.010", "quadra_cartorio": "30", "lote_cartorio": "01", "matricula": "168489", "circunscricao": null, "zoneamento": null, "condominio": null, "area_geom": 260.49, "cnm": "062661.2.0168489-79" }, "geometry": { "type": "Polygon", "coordinates": [ [ [ -54.750671, -22.276644 ], [ -54.750651, -22.276823 ], [ -54.750554, -22.276814 ], [ -54.750516, -22.276629 ], [ -54.750671, -22.276644 ] ] ] } },
{ "type": "Feature", "properties": { "id": 126896, "insc_imob": "00.10.32.30.020", "quadra_cartorio": "30", "lote_cartorio": "02", "matricula": "168490", "circunscricao": null, "zoneamento": null, "condominio": null, "area_geom": 200.0, "cnm": "062661.2.0168490-76" }, "geometry": { "type": "Polygon", "coordinates": [ [ [ -54.750767, -22.276653 ], [ -54.750747, -22.276832 ], [ -54.750651, -22.276823 ], [ -54.750671, -22.276644 ], [ -54.750767, -22.276653 ] ] ] } },
{ "type": "Feature", "properties": { "id": 126897, "insc_imob": "00.10.32.30.030", "quadra_cartorio": "30", "lote_cartorio": "03", "matricula": "168491", "circunscricao": null, "zoneamento": null, "condominio": null, "area_geom": 200.0, "cnm": "062661.2.0168491-73" }, "geometry": { "type": "Polygon", "coordinates": [ [ [ -54.750864, -22.276662 ], [ -54.750844, -22.276841 ], [ -54.750747, -22.276832 ], [ -54.750767, -22.276653 ], [ -54.750864, -22.276662 ] ] ] } },
{ "type": "Feature", "properties": { "id": 126898, "insc_imob": "00.10.32.29.230", "quadra_cartorio": "29", "lote_cartorio": "23", "matricula": "168481", "circunscricao": null, "zoneamento": null, "condominio": null, "area_geom": 200.03, "cnm": "062661.2.0168481-06" }, "geometry": { "type": "Polygon", "coordinates": [ [ [ -54.751229, -22.277332 ], [ -54.75122, -22.277421 ], [ -54.751027, -22.277403 ], [ -54.751036, -22.277313 ], [ -54.751229, -22.277332 ] ] ] } },
{ "type": "Feature", "properties": { "id": 126899, "insc_imob": "00.10.32.29.220", "quadra_cartorio": "29", "lote_cartorio": "22", "matricula": "168480", "circunscricao": null, "zoneamento": null, "condominio": null, "area_geom": 200.04, "cnm": "062661.2.0168480-09" }, "geometry": { "type": "Polygon", "coordinates": [ [ [ -54.75122, -22.277421 ], [ -54.75121, -22.277511 ], [ -54.751017, -22.277493 ], [ -54.751027, -22.277403 ], [ -54.75122, -22.277421 ] ] ] } },
{ "type": "Feature", "properties": { "id": 126900, "insc_imob": "00.10.32.29.210", "quadra_cartorio": "29", "lote_cartorio": "21", "matricula": "168479", "circunscricao": null, "zoneamento": null, "condominio": null, "area_geom": 200.04, "cnm": "062661.2.0168479-12" }, "geometry": { "type": "Polygon", "coordinates": [ [ [ -54.75121, -22.277511 ], [ -54.7512, -22.277601 ], [ -54.751007, -22.277583 ], [ -54.751017, -22.277493 ], [ -54.75121, -22.277511 ] ] ] } },
{ "type": "Feature", "properties": { "id": 126901, "insc_imob": "00.10.32.29.200", "quadra_cartorio": "29", "lote_cartorio": "20", "matricula": "168478", "circunscricao": null, "zoneamento": null, "condominio": null, "area_geom": 200.05, "cnm": "062661.2.0168478-15" }, "geometry": { "type": "Polygon", "coordinates": [ [ [ -54.7512, -22.277601 ], [ -54.75119, -22.277691 ], [ -54.750997, -22.277673 ], [ -54.751007, -22.277583 ], [ -54.7512, -22.277601 ] ] ] } },
{ "type": "Feature", "properties": { "id": 126902, "insc_imob": "00.10.32.29.270", "quadra_cartorio": "29", "lote_cartorio": "27", "matricula": "168485", "circunscricao": null, "zoneamento": null, "condominio": null, "area_geom": 200.02, "cnm": "062661.2.0168485-91" }, "geometry": { "type": "Polygon", "coordinates": [ [ [ -54.751269, -22.276972 ], [ -54.751259, -22.277062 ], [ -54.751066, -22.277044 ], [ -54.751075, -22.276954 ], [ -54.751269, -22.276972 ] ] ] } },
{ "type": "Feature", "properties": { "id": 126903, "insc_imob": "00.10.32.29.260", "quadra_cartorio": "29", "lote_cartorio": "26", "matricula": "168484", "circunscricao": null, "zoneamento": null, "condominio": null, "area_geom": 200.02, "cnm": "062661.2.0168484-94" }, "geometry": { "type": "Polygon", "coordinates": [ [ [ -54.751259, -22.277062 ], [ -54.751249, -22.277152 ], [ -54.751056, -22.277134 ], [ -54.751066, -22.277044 ], [ -54.751259, -22.277062 ] ] ] } },
{ "type": "Feature", "properties": { "id": 126904, "insc_imob": "00.10.32.29.250", "quadra_cartorio": "29", "lote_cartorio": "25", "matricula": "168483", "circunscricao": null, "zoneamento": null, "condominio": null, "area_geom": 200.02, "cnm": "062661.2.0168483-97" }, "geometry": { "type": "Polygon", "coordinates": [ [ [ -54.751249, -22.277152 ], [ -54.751239, -22.277242 ], [ -54.751046, -22.277223 ], [ -54.751056, -22.277134 ], [ -54.751249, -22.277152 ] ] ] } },
{ "type": "Feature", "properties": { "id": 126905, "insc_imob": "00.10.32.29.240", "quadra_cartorio": "29", "lote_cartorio": "24", "matricula": "168482", "circunscricao": null, "zoneamento": null, "condominio": null, "area_geom": 200.03, "cnm": "062661.2.0168482-03" }, "geometry": { "type": "Polygon", "coordinates": [ [ [ -54.751239, -22.277242 ], [ -54.751229, -22.277332 ], [ -54.751036, -22.277313 ], [ -54.751046, -22.277223 ], [ -54.751239, -22.277242 ] ] ] } },
{ "type": "Feature", "properties": { "id": 126906, "insc_imob": "00.10.32.29.150", "quadra_cartorio": "29", "lote_cartorio": "15", "matricula": "168473", "circunscricao": null, "zoneamento": null, "condominio": null, "area_geom": 199.96, "cnm": "062661.2.0168473-30" }, "geometry": { "type": "Polygon", "coordinates": [ [ [ -54.751354, -22.277978 ], [ -54.751344, -22.278068 ], [ -54.751151, -22.27805 ], [ -54.751151, -22.27805 ], [ -54.751161, -22.27796 ], [ -54.751354, -22.277978 ] ] ] } },
{ "type": "Feature", "properties": { "id": 126907, "insc_imob": "00.10.32.29.140", "quadra_cartorio": "29", "lote_cartorio": "14", "matricula": "168472", "circunscricao": null, "zoneamento": null, "condominio": null, "area_geom": 199.94, "cnm": "062661.2.0168472-33" }, "geometry": { "type": "Polygon", "coordinates": [ [ [ -54.751364, -22.277889 ], [ -54.751354, -22.277978 ], [ -54.751161, -22.27796 ], [ -54.751171, -22.27787 ], [ -54.751364, -22.277889 ] ] ] } },
{ "type": "Feature", "properties": { "id": 126908, "insc_imob": "00.10.32.29.130", "quadra_cartorio": "29", "lote_cartorio": "13", "matricula": "168471", "circunscricao": null, "zoneamento": null, "condominio": null, "area_geom": 199.95, "cnm": "062661.2.0168471-36" }, "geometry": { "type": "Polygon", "coordinates": [ [ [ -54.751373, -22.277799 ], [ -54.751364, -22.277889 ], [ -54.751171, -22.27787 ], [ -54.75118, -22.277781 ], [ -54.751373, -22.277799 ] ] ] } },
{ "type": "Feature", "properties": { "id": 126909, "insc_imob": "00.10.32.29.120", "quadra_cartorio": "29", "lote_cartorio": "12", "matricula": "168470", "circunscricao": null, "zoneamento": null, "condominio": null, "area_geom": 199.95, "cnm": "062661.2.0168470-39" }, "geometry": { "type": "Polygon", "coordinates": [ [ [ -54.751383, -22.277709 ], [ -54.751373, -22.277799 ], [ -54.75118, -22.277781 ], [ -54.75119, -22.277691 ], [ -54.751383, -22.277709 ] ] ] } },
{ "type": "Feature", "properties": { "id": 126910, "insc_imob": "00.10.32.29.190", "quadra_cartorio": "29", "lote_cartorio": "19", "matricula": "168477", "circunscricao": null, "zoneamento": null, "condominio": null, "area_geom": 200.05, "cnm": "062661.2.0168477-18" }, "geometry": { "type": "Polygon", "coordinates": [ [ [ -54.75119, -22.277691 ], [ -54.75118, -22.277781 ], [ -54.750987, -22.277762 ], [ -54.750997, -22.277673 ], [ -54.75119, -22.277691 ] ] ] } },
{ "type": "Feature", "properties": { "id": 126911, "insc_imob": "00.10.32.29.180", "quadra_cartorio": "29", "lote_cartorio": "18", "matricula": "168476", "circunscricao": null, "zoneamento": null, "condominio": null, "area_geom": 200.05, "cnm": "062661.2.0168476-21" }, "geometry": { "type": "Polygon", "coordinates": [ [ [ -54.75118, -22.277781 ], [ -54.751171, -22.27787 ], [ -54.750978, -22.277852 ], [ -54.750987, -22.277762 ], [ -54.75118, -22.277781 ] ] ] } },
{ "type": "Feature", "properties": { "id": 126912, "insc_imob": "00.10.32.29.170", "quadra_cartorio": "29", "lote_cartorio": "17", "matricula": "168475", "circunscricao": null, "zoneamento": null, "condominio": null, "area_geom": 200.06, "cnm": "062661.2.0168475-24" }, "geometry": { "type": "Polygon", "coordinates": [ [ [ -54.751171, -22.27787 ], [ -54.751161, -22.27796 ], [ -54.750968, -22.277942 ], [ -54.750978, -22.277852 ], [ -54.751171, -22.27787 ] ] ] } },
{ "type": "Feature", "properties": { "id": 126922, "insc_imob": "00.10.32.09.020", "quadra_cartorio": "09", "lote_cartorio": "02", "matricula": "168009", "circunscricao": null, "zoneamento": null, "condominio": null, "area_geom": 205.6, "cnm": "062661.2.0168009-64" }, "geometry": { "type": "Polygon", "coordinates": [ [ [ -54.755416, -22.275148 ], [ -54.755405, -22.275251 ], [ -54.755232, -22.275235 ], [ -54.755235, -22.275208 ], [ -54.755244, -22.275132 ], [ -54.755416, -22.275148 ] ] ] } },
{ "type": "Feature", "properties": { "id": 126923, "insc_imob": "00.10.32.09.010", "quadra_cartorio": "09", "lote_cartorio": "01", "matricula": "168008", "circunscricao": null, "zoneamento": null, "condominio": null, "area_geom": 205.6, "cnm": "062661.2.0168008-67" }, "geometry": { "type": "Polygon", "coordinates": [ [ [ -54.755427, -22.275045 ], [ -54.755416, -22.275148 ], [ -54.755244, -22.275132 ], [ -54.755255, -22.275028 ], [ -54.755427, -22.275045 ], [ -54.755427, -22.275045 ] ] ] } },
{ "type": "Feature", "properties": { "id": 126924, "insc_imob": "00.10.32.08.080", "quadra_cartorio": "08", "lote_cartorio": "08", "matricula": "168001", "circunscricao": null, "zoneamento": null, "condominio": null, "area_geom": 266.85, "cnm": "062661.2.0168001-88" }, "geometry": { "type": "Polygon", "coordinates": [ [ [ -54.754866, -22.274674 ], [ -54.754846, -22.274854 ], [ -54.754707, -22.27484 ], [ -54.754748, -22.274663 ], [ -54.754866, -22.274674 ] ] ] } },
{ "type": "Feature", "properties": { "id": 126925, "insc_imob": "00.10.32.08.070", "quadra_cartorio": "08", "lote_cartorio": "07", "matricula": "168000", "circunscricao": null, "zoneamento": null, "condominio": null, "area_geom": 222.28, "cnm": "062661.2.0168000-91" }, "geometry": { "type": "Polygon", "coordinates": [ [ [ -54.754885, -22.274494 ], [ -54.754866, -22.274674 ], [ -54.754748, -22.274663 ], [ -54.754789, -22.274485 ], [ -54.754885, -22.274494 ] ] ] } },
{ "type": "Feature", "properties": { "id": 126926, "insc_imob": "00.10.32.09.140", "quadra_cartorio": "09", "lote_cartorio": "14", "matricula": "168021", "circunscricao": null, "zoneamento": null, "condominio": null, "area_geom": 200.0, "cnm": "062661.2.0168021-28" }, "geometry": { "type": "Polygon", "coordinates": [ [ [ -54.755158, -22.275019 ], [ -54.755139, -22.275199 ], [ -54.755042, -22.27519 ], [ -54.755062, -22.27501 ], [ -54.755158, -22.275019 ] ] ] } },
{ "type": "Feature", "properties": { "id": 126927, "insc_imob": "00.10.32.09.040", "quadra_cartorio": "09", "lote_cartorio": "04", "matricula": "168011", "circunscricao": null, "zoneamento": null, "condominio": null, "area_geom": 254.7, "cnm": "062661.2.0168011-58" }, "geometry": { "type": "Polygon", "coordinates": [ [ [ -54.755232, -22.275235 ], [ -54.755211, -22.275432 ], [ -54.755211, -22.275432 ], [ -54.755206, -22.275433 ], [ -54.7552, -22.275434 ], [ -54.755195, -22.275435 ], [ -54.75519, -22.275435 ], [ -54.755184, -22.275435 ], [ -54.755179, -22.275435 ], [ -54.755114, -22.275428 ], [ -54.755139, -22.275199 ], [ -54.755235, -22.275208 ], [ -54.755232, -22.275235 ] ] ] } },
{ "type": "Feature", "properties": { "id": 126928, "insc_imob": "00.10.32.09.150", "quadra_cartorio": "09", "lote_cartorio": "15", "matricula": "168022", "circunscricao": null, "zoneamento": null, "condominio": null, "area_geom": 200.0, "cnm": "062661.2.0168022-25" }, "geometry": { "type": "Polygon", "coordinates": [ [ [ -54.755255, -22.275028 ], [ -54.755244, -22.275132 ], [ -54.755235, -22.275208 ], [ -54.755139, -22.275199 ], [ -54.755158, -22.275019 ], [ -54.755255, -22.275028 ] ] ] } },
{ "type": "Feature", "properties": { "id": 126929, "insc_imob": "00.10.32.09.030", "quadra_cartorio": "09", "lote_cartorio": "03", "matricula": "168010", "circunscricao": null, "zoneamento": null, "condominio": null, "area_geom": 222.68, "cnm": "062661.2.0168010-61" }, "geometry": { "type": "Polygon", "coordinates": [ [ [ -54.755405, -22.275251 ], [ -54.755405, -22.275254 ], [ -54.755404, -22.275259 ], [ -54.755403, -22.275264 ], [ -54.755401, -22.275269 ], [ -54.755399, -22.275274 ], [ -54.755397, -22.275279 ], [ -54.755394, -22.275284 ], [ -54.755392, -22.275288 ], [ -54.755388, -22.275292 ], [ -54.755385, -22.275296 ], [ -54.755381, -22.2753 ], [ -54.755377, -22.275304 ], [ -54.755372, -22.275307 ], [ -54.755368, -22.27531 ], [ -54.755363, -22.275313 ], [ -54.755358, -22.275315 ], [ -54.755345, -22.275322 ], [ -54.755332, -22.275329 ], [ -54.755319, -22.275337 ], [ -54.755307, -22.275346 ], [ -54.755296, -22.275355 ], [ -54.755286, -22.275365 ], [ -54.755276, -22.275376 ], [ -54.755267, -22.275387 ], [ -54.755258, -22.275399 ], [ -54.755255, -22.275403 ], [ -54.755252, -22.275407 ], [ -54.755248, -22.275411 ], [ -54.755244, -22.275415 ], [ -54.75524, -22.275418 ], [ -54.755236, -22.275421 ], [ -54.755231, -22.275424 ], [ -54.755226, -22.275426 ], [ -54.755221, -22.275429 ], [ -54.755216, -22.27543 ], [ -54.755211, -22.275432 ], [ -54.755232, -22.275235 ], [ -54.755405, -22.275251 ] ] ] } },
{ "type": "Feature", "properties": { "id": 126930, "insc_imob": "00.10.32.08.110", "quadra_cartorio": "08", "lote_cartorio": "11", "matricula": "168004", "circunscricao": null, "zoneamento": null, "condominio": null, "area_geom": 200.0, "cnm": "062661.2.0168004-79" }, "geometry": { "type": "Polygon", "coordinates": [ [ [ -54.755155, -22.274701 ], [ -54.755136, -22.274881 ], [ -54.755039, -22.274872 ], [ -54.755059, -22.274692 ], [ -54.755155, -22.274701 ] ] ] } },
{ "type": "Feature", "properties": { "id": 126931, "insc_imob": "00.10.32.08.040", "quadra_cartorio": "08", "lote_cartorio": "04", "matricula": "167997", "circunscricao": null, "zoneamento": null, "condominio": null, "area_geom": 200.0, "cnm": "062661.2.0167997-03" }, "geometry": { "type": "Polygon", "coordinates": [ [ [ -54.755175, -22.274522 ], [ -54.755155, -22.274701 ], [ -54.755059, -22.274692 ], [ -54.755078, -22.274513 ], [ -54.755175, -22.274522 ] ] ] } },
{ "type": "Feature", "properties": { "id": 126932, "insc_imob": "00.10.32.08.120", "quadra_cartorio": "08", "lote_cartorio": "12", "matricula": "168005", "circunscricao": null, "zoneamento": null, "condominio": null, "area_geom": 200.0, "cnm": "062661.2.0168005-76" }, "geometry": { "type": "Polygon", "coordinates": [ [ [ -54.755252, -22.27471 ], [ -54.755232, -22.27489 ], [ -54.755136, -22.274881 ], [ -54.755155, -22.274701 ], [ -54.755252, -22.27471 ] ] ] } },
{ "type": "Feature", "properties": { "id": 126933, "insc_imob": "00.10.32.08.030", "quadra_cartorio": "08", "lote_cartorio": "03", "matricula": "167996", "circunscricao": null, "zoneamento": null, "condominio": null, "area_geom": 200.0, "cnm": "062661.2.0167996-06" }, "geometry": { "type": "Polygon", "coordinates": [ [ [ -54.755271, -22.274531 ], [ -54.755252, -22.27471 ], [ -54.755155, -22.274701 ], [ -54.755175, -22.274522 ], [ -54.755271, -22.274531 ] ] ] } },
{ "type": "Feature", "properties": { "id": 126934, "insc_imob": "00.10.32.08.090", "quadra_cartorio": "08", "lote_cartorio": "09", "matricula": "168002", "circunscricao": null, "zoneamento": null, "condominio": null, "area_geom": 200.0, "cnm": "062661.2.0168002-85" }, "geometry": { "type": "Polygon", "coordinates": [ [ [ -54.754962, -22.274683 ], [ -54.754943, -22.274863 ], [ -54.754846, -22.274854 ], [ -54.754866, -22.274674 ], [ -54.754962, -22.274683 ] ] ] } },
{ "type": "Feature", "properties": { "id": 126935, "insc_imob": "00.10.32.08.060", "quadra_cartorio": "08", "lote_cartorio": "06", "matricula": "167999", "circunscricao": null, "zoneamento": null, "condominio": null, "area_geom": 200.0, "cnm": "062661.2.0167999-94" }, "geometry": { "type": "Polygon", "coordinates": [ [ [ -54.754982, -22.274503 ], [ -54.754962, -22.274683 ], [ -54.754866, -22.274674 ], [ -54.754885, -22.274494 ], [ -54.754982, -22.274503 ] ] ] } },
{ "type": "Feature", "properties": { "id": 126936, "insc_imob": "00.10.32.08.100", "quadra_cartorio": "08", "lote_cartorio": "10", "matricula": "168003", "circunscricao": null, "zoneamento": null, "condominio": null, "area_geom": 200.0, "cnm": "062661.2.0168003-82" }, "geometry": { "type": "Polygon", "coordinates": [ [ [ -54.755059, -22.274692 ], [ -54.755039, -22.274872 ], [ -54.754943, -22.274863 ], [ -54.754962, -22.274683 ], [ -54.755059, -22.274692 ] ] ] } },
{ "type": "Feature", "properties": { "id": 126937, "insc_imob": "00.10.32.08.050", "quadra_cartorio": "08", "lote_cartorio": "05", "matricula": "167998", "circunscricao": null, "zoneamento": null, "condominio": null, "area_geom": 200.0, "cnm": "062661.2.0167998-97" }, "geometry": { "type": "Polygon", "coordinates": [ [ [ -54.755078, -22.274513 ], [ -54.755059, -22.274692 ], [ -54.754962, -22.274683 ], [ -54.754982, -22.274503 ], [ -54.755078, -22.274513 ] ] ] } },
{ "type": "Feature", "properties": { "id": 126938, "insc_imob": "00.10.32.07.150", "quadra_cartorio": "07", "lote_cartorio": "15", "matricula": "167993", "circunscricao": null, "zoneamento": null, "condominio": null, "area_geom": 255.42, "cnm": "062661.2.0167993-15" }, "geometry": { "type": "Polygon", "coordinates": [ [ [ -54.754462, -22.275254 ], [ -54.754438, -22.275358 ], [ -54.754244, -22.275338 ], [ -54.754272, -22.275216 ], [ -54.754462, -22.275254 ] ] ] } },
{ "type": "Feature", "properties": { "id": 126939, "insc_imob": "00.10.32.07.140", "quadra_cartorio": "07", "lote_cartorio": "14", "matricula": "167992", "circunscricao": null, "zoneamento": null, "condominio": null, "area_geom": 200.0, "cnm": "062661.2.0167992-18" }, "geometry": { "type": "Polygon", "coordinates": [ [ [ -54.754482, -22.275166 ], [ -54.754462, -22.275254 ], [ -54.754272, -22.275216 ], [ -54.754293, -22.275128 ], [ -54.754482, -22.275166 ] ] ] } },
{ "type": "Feature", "properties": { "id": 126940, "insc_imob": "00.10.32.07.130", "quadra_cartorio": "07", "lote_cartorio": "13", "matricula": "167991", "circunscricao": null, "zoneamento": null, "condominio": null, "area_geom": 200.0, "cnm": "062661.2.0167991-21" }, "geometry": { "type": "Polygon", "coordinates": [ [ [ -54.754503, -22.275078 ], [ -54.754482, -22.275166 ], [ -54.754293, -22.275128 ], [ -54.754313, -22.27504 ], [ -54.754503, -22.275078 ] ] ] } },
{ "type": "Feature", "properties": { "id": 126945, "insc_imob": "00.10.32.08.010", "quadra_cartorio": "08", "lote_cartorio": "01", "matricula": "167994", "circunscricao": null, "zoneamento": null, "condominio": null, "area_geom": 235.0, "cnm": "062661.2.0167994-12" }, "geometry": { "type": "Polygon", "coordinates": [ [ [ -54.755481, -22.274551 ], [ -54.755462, -22.27473 ], [ -54.755348, -22.274719 ], [ -54.755368, -22.27454 ], [ -54.755481, -22.274551 ], [ -54.755481, -22.274551 ] ] ] } },
{ "type": "Feature", "properties": { "id": 126946, "insc_imob": "00.10.32.07.070", "quadra_cartorio": "07", "lote_cartorio": "07", "matricula": "167985", "circunscricao": null, "zoneamento": null, "condominio": null, "area_geom": 200.0, "cnm": "062661.2.0167985-39" }, "geometry": { "type": "Polygon", "coordinates": [ [ [ -54.754625, -22.274548 ], [ -54.754605, -22.274637 ], [ -54.754415, -22.274599 ], [ -54.754436, -22.27451 ], [ -54.754625, -22.274548 ] ] ] } },
{ "type": "Feature", "properties": { "id": 126947, "insc_imob": "00.10.32.07.060", "quadra_cartorio": "07", "lote_cartorio": "06", "matricula": "167984", "circunscricao": null, "zoneamento": null, "condominio": null, "area_geom": 200.0, "cnm": "062661.2.0167984-42" }, "geometry": { "type": "Polygon", "coordinates": [ [ [ -54.754646, -22.27446 ], [ -54.754625, -22.274548 ], [ -54.754436, -22.27451 ], [ -54.754456, -22.274422 ], [ -54.754646, -22.27446 ] ] ] } },
{ "type": "Feature", "properties": { "id": 126948, "insc_imob": "00.10.32.07.050", "quadra_cartorio": "07", "lote_cartorio": "05", "matricula": "167983", "circunscricao": null, "zoneamento": null, "condominio": null, "area_geom": 200.0, "cnm": "062661.2.0167983-45" }, "geometry": { "type": "Polygon", "coordinates": [ [ [ -54.754666, -22.274372 ], [ -54.754646, -22.27446 ], [ -54.754456, -22.274422 ], [ -54.754476, -22.274334 ], [ -54.754666, -22.274372 ] ] ] } },
{ "type": "Feature", "properties": { "id": 126949, "insc_imob": "00.10.32.07.040", "quadra_cartorio": "07", "lote_cartorio": "04", "matricula": "167982", "circunscricao": null, "zoneamento": null, "condominio": null, "area_geom": 200.0, "cnm": "062661.2.0167982-48" }, "geometry": { "type": "Polygon", "coordinates": [ [ [ -54.754686, -22.274283 ], [ -54.754666, -22.274372 ], [ -54.754476, -22.274334 ], [ -54.754497, -22.274245 ], [ -54.754686, -22.274283 ] ] ] } },
{ "type": "Feature", "properties": { "id": 126950, "insc_imob": "00.10.32.07.110", "quadra_cartorio": "07", "lote_cartorio": "11", "matricula": "167989", "circunscricao": null, "zoneamento": null, "condominio": null, "area_geom": 200.0, "cnm": "062661.2.0167989-27" }, "geometry": { "type": "Polygon", "coordinates": [ [ [ -54.754544, -22.274901 ], [ -54.754523, -22.27499 ], [ -54.754334, -22.274952 ], [ -54.754354, -22.274863 ], [ -54.754544, -22.274901 ] ] ] } },
{ "type": "Feature", "properties": { "id": 126951, "insc_imob": "00.10.32.07.100", "quadra_cartorio": "07", "lote_cartorio": "10", "matricula": "167988", "circunscricao": null, "zoneamento": null, "condominio": null, "area_geom": 200.0, "cnm": "062661.2.0167988-30" }, "geometry": { "type": "Polygon", "coordinates": [ [ [ -54.754564, -22.274813 ], [ -54.754544, -22.274901 ], [ -54.754354, -22.274863 ], [ -54.754374, -22.274775 ], [ -54.754564, -22.274813 ] ] ] } },
{ "type": "Feature", "properties": { "id": 126952, "insc_imob": "00.10.32.07.090", "quadra_cartorio": "07", "lote_cartorio": "09", "matricula": "167987", "circunscricao": null, "zoneamento": null, "condominio": null, "area_geom": 200.0, "cnm": "062661.2.0167987-33" }, "geometry": { "type": "Polygon", "coordinates": [ [ [ -54.754584, -22.274725 ], [ -54.754564, -22.274813 ], [ -54.754374, -22.274775 ], [ -54.754395, -22.274687 ], [ -54.754584, -22.274725 ] ] ] } },
{ "type": "Feature", "properties": { "id": 126953, "insc_imob": "00.10.32.07.080", "quadra_cartorio": "07", "lote_cartorio": "08", "matricula": "167986", "circunscricao": null, "zoneamento": null, "condominio": null, "area_geom": 200.0, "cnm": "062661.2.0167986-36" }, "geometry": { "type": "Polygon", "coordinates": [ [ [ -54.754605, -22.274637 ], [ -54.754584, -22.274725 ], [ -54.754395, -22.274687 ], [ -54.754415, -22.274599 ], [ -54.754605, -22.274637 ] ] ] } },
{ "type": "Feature", "properties": { "id": 126954, "insc_imob": "00.10.32.12.270", "quadra_cartorio": "12", "lote_cartorio": "27", "matricula": "168054", "circunscricao": null, "zoneamento": null, "condominio": null, "area_geom": 303.99, "cnm": "062661.2.0168054-26" }, "geometry": { "type": "Polygon", "coordinates": [ [ [ -54.75517, -22.275615 ], [ -54.755155, -22.275751 ], [ -54.754962, -22.275733 ], [ -54.754977, -22.275595 ], [ -54.75517, -22.275615 ] ] ] } },
{ "type": "Feature", "properties": { "id": 126955, "insc_imob": "00.10.32.12.130", "quadra_cartorio": "12", "lote_cartorio": "13", "matricula": "168040", "circunscricao": null, "zoneamento": null, "condominio": null, "area_geom": 200.0, "cnm": "062661.2.0168040-68" }, "geometry": { "type": "Polygon", "coordinates": [ [ [ -54.755231, -22.276847 ], [ -54.755221, -22.276937 ], [ -54.755028, -22.276919 ], [ -54.755038, -22.276829 ], [ -54.755231, -22.276847 ] ] ] } },
{ "type": "Feature", "properties": { "id": 126956, "insc_imob": "00.10.32.12.120", "quadra_cartorio": "12", "lote_cartorio": "12", "matricula": "168039", "circunscricao": null, "zoneamento": null, "condominio": null, "area_geom": 200.0, "cnm": "062661.2.0168039-71" }, "geometry": { "type": "Polygon", "coordinates": [ [ [ -54.755241, -22.276757 ], [ -54.755231, -22.276847 ], [ -54.755038, -22.276829 ], [ -54.755048, -22.276739 ], [ -54.755241, -22.276757 ], [ -54.755241, -22.276757 ] ] ] } },
{ "type": "Feature", "properties": { "id": 126957, "insc_imob": "00.10.32.12.110", "quadra_cartorio": "12", "lote_cartorio": "11", "matricula": "168038", "circunscricao": null, "zoneamento": null, "condominio": null, "area_geom": 200.0, "cnm": "062661.2.0168038-74" }, "geometry": { "type": "Polygon", "coordinates": [ [ [ -54.755251, -22.276667 ], [ -54.755241, -22.276757 ], [ -54.755048, -22.276739 ], [ -54.755058, -22.276649 ], [ -54.755251, -22.276667 ], [ -54.755251, -22.276667 ] ] ] } },
{ "type": "Feature", "properties": { "id": 126958, "insc_imob": "00.10.32.12.230", "quadra_cartorio": "12", "lote_cartorio": "23", "matricula": "168050", "circunscricao": null, "zoneamento": null, "condominio": null, "area_geom": 200.0, "cnm": "062661.2.0168050-38" }, "geometry": { "type": "Polygon", "coordinates": [ [ [ -54.755126, -22.27602 ], [ -54.755116, -22.27611 ], [ -54.754923, -22.276092 ], [ -54.754933, -22.276002 ], [ -54.755126, -22.27602 ] ] ] } },
{ "type": "Feature", "properties": { "id": 126959, "insc_imob": "00.10.32.12.240", "quadra_cartorio": "12", "lote_cartorio": "24", "matricula": "168051", "circunscricao": null, "zoneamento": null, "condominio": null, "area_geom": 200.0, "cnm": "062661.2.0168051-35" }, "geometry": { "type": "Polygon", "coordinates": [ [ [ -54.755136, -22.275931 ], [ -54.755126, -22.27602 ], [ -54.754933, -22.276002 ], [ -54.754943, -22.275912 ], [ -54.755136, -22.275931 ] ] ] } },
{ "type": "Feature", "properties": { "id": 126960, "insc_imob": "00.10.32.12.250", "quadra_cartorio": "12", "lote_cartorio": "25", "matricula": "168052", "circunscricao": null, "zoneamento": null, "condominio": null, "area_geom": 200.0, "cnm": "062661.2.0168052-32" }, "geometry": { "type": "Polygon", "coordinates": [ [ [ -54.755146, -22.275841 ], [ -54.755136, -22.275931 ], [ -54.754943, -22.275912 ], [ -54.754953, -22.275823 ], [ -54.755146, -22.275841 ] ] ] } },
{ "type": "Feature", "properties": { "id": 126961, "insc_imob": "00.10.32.12.260", "quadra_cartorio": "12", "lote_cartorio": "26", "matricula": "168053", "circunscricao": null, "zoneamento": null, "condominio": null, "area_geom": 200.0, "cnm": "062661.2.0168053-29" }, "geometry": { "type": "Polygon", "coordinates": [ [ [ -54.755146, -22.275841 ], [ -54.754953, -22.275823 ], [ -54.754962, -22.275733 ], [ -54.755155, -22.275751 ], [ -54.755146, -22.275841 ] ] ] } },
{ "type": "Feature", "properties": { "id": 126962, "insc_imob": "00.10.32.12.060", "quadra_cartorio": "12", "lote_cartorio": "06", "matricula": "168033", "circunscricao": null, "zoneamento": null, "condominio": null, "area_geom": 200.0, "cnm": "062661.2.0168033-89" }, "geometry": { "type": "Polygon", "coordinates": [ [ [ -54.755299, -22.276218 ], [ -54.75529, -22.276308 ], [ -54.755097, -22.27629 ], [ -54.755106, -22.2762 ], [ -54.755299, -22.276218 ], [ -54.755299, -22.276218 ] ] ] } },
{ "type": "Feature", "properties": { "id": 126963, "insc_imob": "00.10.32.12.050", "quadra_cartorio": "12", "lote_cartorio": "05", "matricula": "168032", "circunscricao": null, "zoneamento": null, "condominio": null, "area_geom": 200.0, "cnm": "062661.2.0168032-92" }, "geometry": { "type": "Polygon", "coordinates": [ [ [ -54.755309, -22.276128 ], [ -54.755299, -22.276218 ], [ -54.755106, -22.2762 ], [ -54.755116, -22.27611 ], [ -54.755309, -22.276128 ], [ -54.755309, -22.276128 ] ] ] } },
{ "type": "Feature", "properties": { "id": 126964, "insc_imob": "00.10.32.12.040", "quadra_cartorio": "12", "lote_cartorio": "04", "matricula": "168031", "circunscricao": null, "zoneamento": null, "condominio": null, "area_geom": 200.0, "cnm": "062661.2.0168031-95" }, "geometry": { "type": "Polygon", "coordinates": [ [ [ -54.755319, -22.276039 ], [ -54.755309, -22.276128 ], [ -54.755116, -22.27611 ], [ -54.755126, -22.27602 ], [ -54.755319, -22.276039 ], [ -54.755319, -22.276039 ] ] ] } },
{ "type": "Feature", "properties": { "id": 126965, "insc_imob": "00.10.32.12.030", "quadra_cartorio": "12", "lote_cartorio": "03", "matricula": "168030", "circunscricao": null, "zoneamento": null, "condominio": null, "area_geom": 200.0, "cnm": "062661.2.0168030-98" }, "geometry": { "type": "Polygon", "coordinates": [ [ [ -54.755329, -22.275949 ], [ -54.755319, -22.276039 ], [ -54.755126, -22.27602 ], [ -54.755136, -22.275931 ], [ -54.755329, -22.275949 ], [ -54.755329, -22.275949 ] ] ] } },
{ "type": "Feature", "properties": { "id": 126966, "insc_imob": "00.10.32.12.100", "quadra_cartorio": "12", "lote_cartorio": "10", "matricula": "168037", "circunscricao": null, "zoneamento": null, "condominio": null, "area_geom": 200.0, "cnm": "062661.2.0168037-77" }, "geometry": { "type": "Polygon", "coordinates": [ [ [ -54.75526, -22.276578 ], [ -54.755251, -22.276667 ], [ -54.755058, -22.276649 ], [ -54.755067, -22.276559 ], [ -54.75526, -22.276578 ], [ -54.75526, -22.276578 ] ] ] } },
{ "type": "Feature", "properties": { "id": 126967, "insc_imob": "00.10.32.12.090", "quadra_cartorio": "12", "lote_cartorio": "09", "matricula": "168036", "circunscricao": null, "zoneamento": null, "condominio": null, "area_geom": 200.0, "cnm": "062661.2.0168036-80" }, "geometry": { "type": "Polygon", "coordinates": [ [ [ -54.75527, -22.276488 ], [ -54.75526, -22.276578 ], [ -54.755067, -22.276559 ], [ -54.755077, -22.27647 ], [ -54.75527, -22.276488 ], [ -54.75527, -22.276488 ] ] ] } },
{ "type": "Feature", "properties": { "id": 126968, "insc_imob": "00.10.32.12.080", "quadra_cartorio": "12", "lote_cartorio": "08", "matricula": "168035", "circunscricao": null, "zoneamento": null, "condominio": null, "area_geom": 200.0, "cnm": "062661.2.0168035-83" }, "geometry": { "type": "Polygon", "coordinates": [ [ [ -54.75528, -22.276398 ], [ -54.75527, -22.276488 ], [ -54.755077, -22.27647 ], [ -54.755087, -22.27638 ], [ -54.75528, -22.276398 ], [ -54.75528, -22.276398 ] ] ] } },
{ "type": "Feature", "properties": { "id": 126969, "insc_imob": "00.10.32.12.070", "quadra_cartorio": "12", "lote_cartorio": "07", "matricula": "168034", "circunscricao": null, "zoneamento": null, "condominio": null, "area_geom": 200.0, "cnm": "062661.2.0168034-86" }, "geometry": { "type": "Polygon", "coordinates": [ [ [ -54.75529, -22.276308 ], [ -54.75528, -22.276398 ], [ -54.755087, -22.27638 ], [ -54.755097, -22.27629 ], [ -54.75529, -22.276308 ], [ -54.75529, -22.276308 ] ] ] } },
{ "type": "Feature", "properties": { "id": 126970, "insc_imob": "00.10.32.11.020", "quadra_cartorio": "11", "lote_cartorio": "02", "matricula": "168025", "circunscricao": null, "zoneamento": null, "condominio": null, "area_geom": 200.68, "cnm": "062661.2.0168025-16" }, "geometry": { "type": "Polygon", "coordinates": [ [ [ -54.755637, -22.276704 ], [ -54.755628, -22.276794 ], [ -54.755627, -22.276794 ], [ -54.755434, -22.276775 ], [ -54.755444, -22.276686 ], [ -54.755637, -22.276704 ] ] ] } },
{ "type": "Feature", "properties": { "id": 126971, "insc_imob": "00.10.32.11.010", "quadra_cartorio": "11", "lote_cartorio": "01", "matricula": "168024", "circunscricao": null, "zoneamento": null, "condominio": null, "area_geom": 200.64, "cnm": "062661.2.0168024-19" }, "geometry": { "type": "Polygon", "coordinates": [ [ [ -54.755647, -22.276614 ], [ -54.755637, -22.276704 ], [ -54.755444, -22.276686 ], [ -54.755453, -22.276596 ], [ -54.755647, -22.276614 ] ] ] } },
{ "type": "Feature", "properties": { "id": 126972, "insc_imob": "00.10.32.10.010", "quadra_cartorio": "10", "lote_cartorio": "01-AI.I", "matricula": "168023", "circunscricao": null, "zoneamento": null, "condominio": null, "area_geom": 1863.15, "cnm": "062661.2.0168023-22" }, "geometry": { "type": "Polygon", "coordinates": [ [ [ -54.755762, -22.275562 ], [ -54.755662, -22.276479 ], [ -54.755468, -22.276461 ], [ -54.755544, -22.275762 ], [ -54.755544, -22.275762 ], [ -54.755545, -22.275757 ], [ -54.755546, -22.275752 ], [ -54.755547, -22.275747 ], [ -54.755549, -22.275742 ], [ -54.755551, -22.275738 ], [ -54.755554, -22.275733 ], [ -54.755557, -22.275729 ], [ -54.75556, -22.275725 ], [ -54.755563, -22.275721 ], [ -54.755567, -22.275717 ], [ -54.75557, -22.275713 ], [ -54.755575, -22.27571 ], [ -54.755579, -22.275707 ], [ -54.755584, -22.275704 ], [ -54.755584, -22.275704 ], [ -54.755597, -22.275696 ], [ -54.75561, -22.275687 ], [ -54.755622, -22.275678 ], [ -54.755633, -22.275667 ], [ -54.755643, -22.275656 ], [ -54.755653, -22.275644 ], [ -54.755662, -22.275632 ], [ -54.75567, -22.275619 ], [ -54.755677, -22.275606 ], [ -54.755677, -22.275606 ], [ -54.755679, -22.275602 ], [ -54.755682, -22.275597 ], [ -54.755685, -22.275593 ], [ -54.755689, -22.275589 ], [ -54.755692, -22.275585 ], [ -54.755696, -22.275581 ], [ -54.7557, -22.275578 ], [ -54.755705, -22.275575 ], [ -54.755709, -22.275572 ], [ -54.755714, -22.27557 ], [ -54.755719, -22.275568 ], [ -54.755724, -22.275566 ], [ -54.755729, -22.275564 ], [ -54.755735, -22.275563 ], [ -54.75574, -22.275562 ], [ -54.755746, -22.275561 ], [ -54.755751, -22.275561 ], [ -54.755757, -22.275561 ], [ -54.755762, -22.275562 ], [ -54.755762, -22.275562 ] ] ] } },
{ "type": "Feature", "properties": { "id": 126973, "insc_imob": "00.10.32.09.090", "quadra_cartorio": "09", "lote_cartorio": "09", "matricula": "168016", "circunscricao": null, "zoneamento": null, "condominio": null, "area_geom": 341.2, "cnm": "062661.2.0168016-43" }, "geometry": { "type": "Polygon", "coordinates": [ [ [ -54.754753, -22.275162 ], [ -54.754728, -22.275388 ], [ -54.754583, -22.275373 ], [ -54.754635, -22.275151 ], [ -54.754753, -22.275162 ] ] ] } },
{ "type": "Feature", "properties": { "id": 126974, "insc_imob": "00.10.32.12.020", "quadra_cartorio": "12", "lote_cartorio": "02", "matricula": "168029", "circunscricao": null, "zoneamento": null, "condominio": null, "area_geom": 200.0, "cnm": "062661.2.0168029-04" }, "geometry": { "type": "Polygon", "coordinates": [ [ [ -54.755339, -22.275859 ], [ -54.755329, -22.275949 ], [ -54.755136, -22.275931 ], [ -54.755146, -22.275841 ], [ -54.755339, -22.275859 ], [ -54.755339, -22.275859 ] ] ] } },
{ "type": "Feature", "properties": { "id": 126975, "insc_imob": "00.10.32.12.010", "quadra_cartorio": "12", "lote_cartorio": "01", "matricula": "168028", "circunscricao": null, "zoneamento": null, "condominio": null, "area_geom": 434.59, "cnm": "062661.2.0168028-07" }, "geometry": { "type": "Polygon", "coordinates": [ [ [ -54.755349, -22.27576 ], [ -54.755339, -22.275859 ], [ -54.755146, -22.275841 ], [ -54.755155, -22.275751 ], [ -54.75517, -22.275615 ], [ -54.755216, -22.27562 ], [ -54.755216, -22.27562 ], [ -54.755221, -22.275621 ], [ -54.755226, -22.275622 ], [ -54.755232, -22.275623 ], [ -54.755237, -22.275625 ], [ -54.755242, -22.275627 ], [ -54.755247, -22.275629 ], [ -54.755252, -22.275632 ], [ -54.755256, -22.275635 ], [ -54.755261, -22.275638 ], [ -54.755265, -22.275642 ], [ -54.755268, -22.275646 ], [ -54.755272, -22.27565 ], [ -54.755272, -22.27565 ], [ -54.755282, -22.275661 ], [ -54.755293, -22.275672 ], [ -54.755305, -22.275682 ], [ -54.755317, -22.275691 ], [ -54.755317, -22.275691 ], [ -54.755321, -22.275695 ], [ -54.755326, -22.275698 ], [ -54.755329, -22.275702 ], [ -54.755333, -22.275706 ], [ -54.755336, -22.27571 ], [ -54.755339, -22.275715 ], [ -54.755342, -22.275719 ], [ -54.755344, -22.275724 ], [ -54.755346, -22.275729 ], [ -54.755347, -22.275734 ], [ -54.755349, -22.275739 ], [ -54.755349, -22.275745 ], [ -54.75535, -22.27575 ], [ -54.75535, -22.275755 ], [ -54.755349, -22.27576 ], [ -54.755349, -22.27576 ] ] ] } },
{ "type": "Feature", "properties": { "id": 126976, "insc_imob": "00.10.32.11.040", "quadra_cartorio": "11", "lote_cartorio": "04", "matricula": "168027", "circunscricao": null, "zoneamento": null, "condominio": null, "area_geom": 200.55, "cnm": "062661.2.0168027-10" }, "geometry": { "type": "Polygon", "coordinates": [ [ [ -54.755618, -22.276884 ], [ -54.755608, -22.276973 ], [ -54.755414, -22.276955 ], [ -54.755424, -22.276865 ], [ -54.755618, -22.276884 ] ] ] } },
{ "type": "Feature", "properties": { "id": 126977, "insc_imob": "00.10.32.11.030", "quadra_cartorio": "11", "lote_cartorio": "03", "matricula": "168026", "circunscricao": null, "zoneamento": null, "condominio": null, "area_geom": 200.58, "cnm": "062661.2.0168026-13" }, "geometry": { "type": "Polygon", "coordinates": [ [ [ -54.755627, -22.276794 ], [ -54.755618, -22.276884 ], [ -54.755424, -22.276865 ], [ -54.755434, -22.276775 ], [ -54.755627, -22.276794 ] ] ] } },
{ "type": "Feature", "properties": { "id": 126979, "insc_imob": "00.10.32.09.060", "quadra_cartorio": "09", "lote_cartorio": "06", "matricula": "168013", "circunscricao": null, "zoneamento": null, "condominio": null, "area_geom": 253.5, "cnm": "062661.2.0168013-52" }, "geometry": { "type": "Polygon", "coordinates": [ [ [ -54.755042, -22.27519 ], [ -54.755017, -22.275418 ], [ -54.754921, -22.275408 ], [ -54.754946, -22.275181 ], [ -54.755042, -22.27519 ] ] ] } },
{ "type": "Feature", "properties": { "id": 126980, "insc_imob": "00.10.32.09.130", "quadra_cartorio": "09", "lote_cartorio": "13", "matricula": "168020", "circunscricao": null, "zoneamento": null, "condominio": null, "area_geom": 200.0, "cnm": "062661.2.0168020-31" }, "geometry": { "type": "Polygon", "coordinates": [ [ [ -54.755062, -22.27501 ], [ -54.755042, -22.27519 ], [ -54.754946, -22.275181 ], [ -54.754965, -22.275001 ], [ -54.755062, -22.27501 ] ] ] } },
{ "type": "Feature", "properties": { "id": 126981, "insc_imob": "00.10.32.09.050", "quadra_cartorio": "09", "lote_cartorio": "05", "matricula": "168012", "circunscricao": null, "zoneamento": null, "condominio": null, "area_geom": 254.44, "cnm": "062661.2.0168012-55" }, "geometry": { "type": "Polygon", "coordinates": [ [ [ -54.755139, -22.275199 ], [ -54.755114, -22.275428 ], [ -54.755017, -22.275418 ], [ -54.755042, -22.27519 ], [ -54.755139, -22.275199 ] ] ] } },
{ "type": "Feature", "properties": { "id": 126982, "insc_imob": "00.10.32.09.100", "quadra_cartorio": "09", "lote_cartorio": "10", "matricula": "168017", "circunscricao": null, "zoneamento": null, "condominio": null, "area_geom": 222.28, "cnm": "062661.2.0168017-40" }, "geometry": { "type": "Polygon", "coordinates": [ [ [ -54.754772, -22.274983 ], [ -54.754753, -22.275162 ], [ -54.754635, -22.275151 ], [ -54.754676, -22.274974 ], [ -54.754772, -22.274983 ] ] ] } },
{ "type": "Feature", "properties": { "id": 126986, "insc_imob": "00.10.32.04.100", "quadra_cartorio": "04", "lote_cartorio": "10", "matricula": "167950", "circunscricao": null, "zoneamento": null, "condominio": null, "area_geom": 200.0, "cnm": "062661.2.0167950-47" }, "geometry": { "type": "Polygon", "coordinates": [ [ [ -54.755208, -22.273527 ], [ -54.755188, -22.273706 ], [ -54.755159, -22.273703 ], [ -54.755092, -22.273697 ], [ -54.755111, -22.273517 ], [ -54.755208, -22.273527 ] ] ] } },
{ "type": "Feature", "properties": { "id": 126987, "insc_imob": "00.10.32.04.110", "quadra_cartorio": "04", "lote_cartorio": "11", "matricula": "167951", "circunscricao": null, "zoneamento": null, "condominio": null, "area_geom": 200.0, "cnm": "062661.2.0167951-44" }, "geometry": { "type": "Polygon", "coordinates": [ [ [ -54.755304, -22.273536 ], [ -54.755285, -22.273715 ], [ -54.755256, -22.273713 ], [ -54.755188, -22.273706 ], [ -54.755208, -22.273527 ], [ -54.755304, -22.273536 ] ] ] } },
{ "type": "Feature", "properties": { "id": 126988, "insc_imob": "00.10.32.04.120", "quadra_cartorio": "04", "lote_cartorio": "12", "matricula": "167952", "circunscricao": null, "zoneamento": null, "condominio": null, "area_geom": 202.03, "cnm": "062661.2.0167952-41" }, "geometry": { "type": "Polygon", "coordinates": [ [ [ -54.755401, -22.273545 ], [ -54.75539, -22.273638 ], [ -54.755381, -22.273728 ], [ -54.755354, -22.273725 ], [ -54.755285, -22.273715 ], [ -54.755304, -22.273536 ], [ -54.755401, -22.273545 ] ] ] } },
{ "type": "Feature", "properties": { "id": 126989, "insc_imob": "00.10.32.04.020", "quadra_cartorio": "04", "lote_cartorio": "02", "matricula": "167942", "circunscricao": null, "zoneamento": null, "condominio": null, "area_geom": 202.81, "cnm": "062661.2.0167942-71" }, "geometry": { "type": "Polygon", "coordinates": [ [ [ -54.755579, -22.273656 ], [ -54.755568, -22.273753 ], [ -54.755455, -22.273738 ], [ -54.755381, -22.273728 ], [ -54.75539, -22.273638 ], [ -54.755579, -22.273656 ] ] ] } },
{ "type": "Feature", "properties": { "id": 126990, "insc_imob": "00.10.32.04.060", "quadra_cartorio": "04", "lote_cartorio": "06", "matricula": "167946", "circunscricao": null, "zoneamento": null, "condominio": null, "area_geom": 200.0, "cnm": "062661.2.0167946-59" }, "geometry": { "type": "Polygon", "coordinates": [ [ [ -54.755236, -22.273892 ], [ -54.75514, -22.273883 ], [ -54.755159, -22.273703 ], [ -54.755188, -22.273706 ], [ -54.755256, -22.273713 ], [ -54.755236, -22.273892 ] ] ] } },
{ "type": "Feature", "properties": { "id": 126991, "insc_imob": "00.10.32.04.070", "quadra_cartorio": "04", "lote_cartorio": "07", "matricula": "167947", "circunscricao": null, "zoneamento": null, "condominio": null, "area_geom": 200.0, "cnm": "062661.2.0167947-56" }, "geometry": { "type": "Polygon", "coordinates": [ [ [ -54.75514, -22.273883 ], [ -54.755043, -22.273874 ], [ -54.755063, -22.273694 ], [ -54.755092, -22.273697 ], [ -54.755159, -22.273703 ], [ -54.75514, -22.273883 ] ] ] } },
{ "type": "Feature", "properties": { "id": 126992, "insc_imob": "00.10.32.04.080", "quadra_cartorio": "04", "lote_cartorio": "08", "matricula": "167948", "circunscricao": null, "zoneamento": null, "condominio": null, "area_geom": 207.72, "cnm": "062661.2.0167948-53" }, "geometry": { "type": "Polygon", "coordinates": [ [ [ -54.755043, -22.273874 ], [ -54.754932, -22.273864 ], [ -54.754973, -22.273686 ], [ -54.755063, -22.273694 ], [ -54.755043, -22.273874 ] ] ] } },
{ "type": "Feature", "properties": { "id": 126993, "insc_imob": "00.10.32.04.090", "quadra_cartorio": "04", "lote_cartorio": "09", "matricula": "167949", "circunscricao": null, "zoneamento": null, "condominio": null, "area_geom": 222.28, "cnm": "062661.2.0167949-50" }, "geometry": { "type": "Polygon", "coordinates": [ [ [ -54.755111, -22.273517 ], [ -54.755092, -22.273697 ], [ -54.755063, -22.273694 ], [ -54.754973, -22.273686 ], [ -54.755015, -22.273508 ], [ -54.755111, -22.273517 ], [ -54.755111, -22.273517 ] ] ] } },
{ "type": "Feature", "properties": { "id": 126994, "insc_imob": "00.10.32.03.070", "quadra_cartorio": "03", "lote_cartorio": "07", "matricula": "167937", "circunscricao": null, "zoneamento": null, "condominio": null, "area_geom": 210.0, "cnm": "062661.2.0167937-86" }, "geometry": { "type": "Polygon", "coordinates": [ [ [ -54.754872, -22.273483 ], [ -54.75485, -22.273576 ], [ -54.75466, -22.273538 ], [ -54.754682, -22.273445 ], [ -54.754872, -22.273483 ] ] ] } },
{ "type": "Feature", "properties": { "id": 126995, "insc_imob": "00.10.32.03.060", "quadra_cartorio": "03", "lote_cartorio": "06", "matricula": "167936", "circunscricao": null, "zoneamento": null, "condominio": null, "area_geom": 210.0, "cnm": "062661.2.0167936-89" }, "geometry": { "type": "Polygon", "coordinates": [ [ [ -54.754893, -22.27339 ], [ -54.754872, -22.273483 ], [ -54.754682, -22.273445 ], [ -54.754703, -22.273352 ], [ -54.754893, -22.27339 ] ] ] } },
{ "type": "Feature", "properties": { "id": 126996, "insc_imob": "00.10.32.03.050", "quadra_cartorio": "03", "lote_cartorio": "05", "matricula": "167935", "circunscricao": null, "zoneamento": null, "condominio": null, "area_geom": 210.0, "cnm": "062661.2.0167935-92" }, "geometry": { "type": "Polygon", "coordinates": [ [ [ -54.754914, -22.273298 ], [ -54.754893, -22.27339 ], [ -54.754703, -22.273352 ], [ -54.754725, -22.27326 ], [ -54.754914, -22.273298 ] ] ] } },
{ "type": "Feature", "properties": { "id": 126997, "insc_imob": "00.10.32.03.040", "quadra_cartorio": "03", "lote_cartorio": "04", "matricula": "167934", "circunscricao": null, "zoneamento": null, "condominio": null, "area_geom": 210.0, "cnm": "062661.2.0167934-95" }, "geometry": { "type": "Polygon", "coordinates": [ [ [ -54.754936, -22.273205 ], [ -54.754914, -22.273298 ], [ -54.754725, -22.27326 ], [ -54.754746, -22.273167 ], [ -54.754936, -22.273205 ] ] ] } },
{ "type": "Feature", "properties": { "id": 126998, "insc_imob": "00.10.32.04.010", "quadra_cartorio": "04", "lote_cartorio": "01", "matricula": "167941", "circunscricao": null, "zoneamento": null, "condominio": null, "area_geom": 202.74, "cnm": "062661.2.0167941-74" }, "geometry": { "type": "Polygon", "coordinates": [ [ [ -54.755589, -22.273562 ], [ -54.755579, -22.273656 ], [ -54.75539, -22.273638 ], [ -54.755401, -22.273545 ], [ -54.755589, -22.273562 ], [ -54.755589, -22.273562 ] ] ] } },
{ "type": "Feature", "properties": { "id": 126999, "insc_imob": "00.10.32.03.100", "quadra_cartorio": "03", "lote_cartorio": "10", "matricula": "167940", "circunscricao": null, "zoneamento": null, "condominio": null, "area_geom": 223.52, "cnm": "062661.2.0167940-77" }, "geometry": { "type": "Polygon", "coordinates": [ [ [ -54.754807, -22.273761 ], [ -54.754787, -22.27385 ], [ -54.754593, -22.273831 ], [ -54.754618, -22.273723 ], [ -54.754807, -22.273761 ] ] ] } },
{ "type": "Feature", "properties": { "id": 127000, "insc_imob": "00.10.32.03.090", "quadra_cartorio": "03", "lote_cartorio": "09", "matricula": "167939", "circunscricao": null, "zoneamento": null, "condominio": null, "area_geom": 210.0, "cnm": "062661.2.0167939-80" }, "geometry": { "type": "Polygon", "coordinates": [ [ [ -54.754829, -22.273668 ], [ -54.754807, -22.273761 ], [ -54.754618, -22.273723 ], [ -54.754639, -22.27363 ], [ -54.754829, -22.273668 ] ] ] } },
{ "type": "Feature", "properties": { "id": 127001, "insc_imob": "00.10.32.03.080", "quadra_cartorio": "03", "lote_cartorio": "08", "matricula": "167938", "circunscricao": null, "zoneamento": null, "condominio": null, "area_geom": 210.0, "cnm": "062661.2.0167938-83" }, "geometry": { "type": "Polygon", "coordinates": [ [ [ -54.75485, -22.273576 ], [ -54.754829, -22.273668 ], [ -54.754639, -22.27363 ], [ -54.75466, -22.273538 ], [ -54.75485, -22.273576 ] ] ] } },
{ "type": "Feature", "properties": { "id": 127002, "insc_imob": "00.10.32.02.010", "quadra_cartorio": "02", "lote_cartorio": "01", "matricula": "167929", "circunscricao": null, "zoneamento": null, "condominio": null, "area_geom": 982.04, "cnm": "062661.2.0167929-13" }, "geometry": { "type": "Polygon", "coordinates": [ [ [ -54.755628, -22.273205 ], [ -54.755603, -22.273428 ], [ -54.755346, -22.273403 ], [ -54.755384, -22.273052 ], [ -54.755384, -22.273052 ], [ -54.755442, -22.273058 ], [ -54.755442, -22.273058 ], [ -54.755458, -22.27306 ], [ -54.755474, -22.273062 ], [ -54.75549, -22.273066 ], [ -54.755506, -22.27307 ], [ -54.755521, -22.273076 ], [ -54.755536, -22.273082 ], [ -54.75555, -22.273089 ], [ -54.755564, -22.273097 ], [ -54.755577, -22.273106 ], [ -54.75559, -22.273116 ], [ -54.75559, -22.273116 ], [ -54.755596, -22.273121 ], [ -54.755601, -22.273126 ], [ -54.755606, -22.273131 ], [ -54.75561, -22.273137 ], [ -54.755614, -22.273143 ], [ -54.755617, -22.27315 ], [ -54.75562, -22.273156 ], [ -54.755623, -22.273163 ], [ -54.755625, -22.27317 ], [ -54.755627, -22.273176 ], [ -54.755628, -22.273183 ], [ -54.755628, -22.273191 ], [ -54.755628, -22.273198 ], [ -54.755628, -22.273205 ] ] ] } },
{ "type": "Feature", "properties": { "id": 127003, "insc_imob": "00.10.32.01.100", "quadra_cartorio": "01", "lote_cartorio": "10", "matricula": "167928", "circunscricao": null, "zoneamento": null, "condominio": null, "area_geom": 229.99, "cnm": "062661.2.0167928-16" }, "geometry": { "type": "Polygon", "coordinates": [ [ [ -54.755947, -22.273866 ], [ -54.755936, -22.273971 ], [ -54.755742, -22.273947 ], [ -54.755753, -22.273848 ], [ -54.755947, -22.273866 ], [ -54.755947, -22.273866 ] ] ] } },
{ "type": "Feature", "properties": { "id": 127004, "insc_imob": "00.10.32.01.090", "quadra_cartorio": "01", "lote_cartorio": "09", "matricula": "167927", "circunscricao": null, "zoneamento": null, "condominio": null, "area_geom": 201.53, "cnm": "062661.2.0167927-19" }, "geometry": { "type": "Polygon", "coordinates": [ [ [ -54.755957, -22.273776 ], [ -54.755947, -22.273866 ], [ -54.755753, -22.273848 ], [ -54.755762, -22.273758 ], [ -54.755957, -22.273776 ], [ -54.755957, -22.273776 ] ] ] } },
{ "type": "Feature", "properties": { "id": 127006, "insc_imob": "00.10.32.03.030", "quadra_cartorio": "03", "lote_cartorio": "03", "matricula": "167933", "circunscricao": null, "zoneamento": null, "condominio": null, "area_geom": 211.38, "cnm": "062661.2.0167933-98" }, "geometry": { "type": "Polygon", "coordinates": [ [ [ -54.754963, -22.273113 ], [ -54.754955, -22.273133 ], [ -54.754949, -22.273153 ], [ -54.754943, -22.273173 ], [ -54.754936, -22.273205 ], [ -54.754746, -22.273167 ], [ -54.754768, -22.273074 ], [ -54.754963, -22.273113 ] ] ] } },
{ "type": "Feature", "properties": { "id": 127007, "insc_imob": "00.10.32.03.020", "quadra_cartorio": "03", "lote_cartorio": "02", "matricula": "167932", "circunscricao": null, "zoneamento": null, "condominio": null, "area_geom": 230.07, "cnm": "062661.2.0167932-04" }, "geometry": { "type": "Polygon", "coordinates": [ [ [ -54.755011, -22.273026 ], [ -54.755008, -22.273032 ], [ -54.755006, -22.273037 ], [ -54.755003, -22.273042 ], [ -54.754999, -22.273048 ], [ -54.754999, -22.273048 ], [ -54.754986, -22.273069 ], [ -54.754973, -22.273091 ], [ -54.754963, -22.273113 ], [ -54.754963, -22.273113 ], [ -54.754768, -22.273074 ], [ -54.754789, -22.272982 ], [ -54.755011, -22.273026 ] ] ] } },
{ "type": "Feature", "properties": { "id": 127008, "insc_imob": "00.10.32.03.010", "quadra_cartorio": "03", "lote_cartorio": "01", "matricula": "167931", "circunscricao": null, "zoneamento": null, "condominio": null, "area_geom": 282.67, "cnm": "062661.2.0167931-07" }, "geometry": { "type": "Polygon", "coordinates": [ [ [ -54.755011, -22.273026 ], [ -54.754789, -22.272982 ], [ -54.754817, -22.272862 ], [ -54.754817, -22.272862 ], [ -54.75486, -22.27287 ], [ -54.754903, -22.272881 ], [ -54.754944, -22.272894 ], [ -54.754944, -22.272894 ], [ -54.754951, -22.272896 ], [ -54.754958, -22.272899 ], [ -54.754965, -22.272903 ], [ -54.754971, -22.272907 ], [ -54.754977, -22.272911 ], [ -54.754983, -22.272916 ], [ -54.754988, -22.272921 ], [ -54.754993, -22.272926 ], [ -54.754997, -22.272932 ], [ -54.755001, -22.272938 ], [ -54.755005, -22.272944 ], [ -54.755008, -22.27295 ], [ -54.755011, -22.272957 ], [ -54.755013, -22.272964 ], [ -54.755015, -22.27297 ], [ -54.755016, -22.272977 ], [ -54.755017, -22.272984 ], [ -54.755017, -22.272991 ], [ -54.755017, -22.272998 ], [ -54.755016, -22.273006 ], [ -54.755015, -22.273012 ], [ -54.755013, -22.273019 ], [ -54.755011, -22.273026 ] ] ] } },
{ "type": "Feature", "properties": { "id": 127009, "insc_imob": "00.10.32.02.020", "quadra_cartorio": "02", "lote_cartorio": "02", "matricula": "167930", "circunscricao": null, "zoneamento": null, "condominio": null, "area_geom": 1084.6, "cnm": "062661.2.0167930-10" }, "geometry": { "type": "Polygon", "coordinates": [ [ [ -54.755346, -22.273403 ], [ -54.755045, -22.273375 ], [ -54.755086, -22.273201 ], [ -54.755086, -22.273201 ], [ -54.75509, -22.273185 ], [ -54.755095, -22.27317 ], [ -54.755102, -22.273154 ], [ -54.75511, -22.273139 ], [ -54.755119, -22.273125 ], [ -54.755129, -22.273111 ], [ -54.75514, -22.273098 ], [ -54.755152, -22.273086 ], [ -54.755164, -22.273074 ], [ -54.755178, -22.273064 ], [ -54.755193, -22.273054 ], [ -54.755208, -22.273045 ], [ -54.755208, -22.273045 ], [ -54.755214, -22.273042 ], [ -54.755221, -22.273039 ], [ -54.755228, -22.273036 ], [ -54.755235, -22.273034 ], [ -54.755242, -22.273033 ], [ -54.755249, -22.273032 ], [ -54.755257, -22.273031 ], [ -54.755264, -22.273031 ], [ -54.755271, -22.273031 ], [ -54.755279, -22.273032 ], [ -54.755286, -22.273033 ], [ -54.755286, -22.273033 ], [ -54.755335, -22.273044 ], [ -54.755384, -22.273052 ], [ -54.755346, -22.273403 ] ] ] } },
{ "type": "Feature", "properties": { "id": 127010, "insc_imob": "00.10.32.01.030", "quadra_cartorio": "01", "lote_cartorio": "03", "matricula": "167921", "circunscricao": null, "zoneamento": null, "condominio": null, "area_geom": 201.71, "cnm": "062661.2.0167921-37" }, "geometry": { "type": "Polygon", "coordinates": [ [ [ -54.756016, -22.273237 ], [ -54.756006, -22.273327 ], [ -54.755811, -22.273309 ], [ -54.755821, -22.273219 ], [ -54.756016, -22.273237 ] ] ] } },
{ "type": "Feature", "properties": { "id": 127011, "insc_imob": "00.10.32.01.002", "quadra_cartorio": "01", "lote_cartorio": "02", "matricula": "167920", "circunscricao": null, "zoneamento": null, "condominio": null, "area_geom": 201.73, "cnm": "062661.2.0167920-40" }, "geometry": { "type": "Polygon", "coordinates": [ [ [ -54.756026, -22.273147 ], [ -54.756016, -22.273237 ], [ -54.755821, -22.273219 ], [ -54.755831, -22.273129 ], [ -54.756026, -22.273147 ] ] ] } },
{ "type": "Feature", "properties": { "id": 127012, "insc_imob": "00.10.32.01.001", "quadra_cartorio": "01", "lote_cartorio": "01", "matricula": "167919", "circunscricao": null, "zoneamento": null, "condominio": null, "area_geom": 336.17, "cnm": "062661.2.0167919-43" }, "geometry": { "type": "Polygon", "coordinates": [ [ [ -54.756044, -22.272983 ], [ -54.756026, -22.273147 ], [ -54.755831, -22.273129 ], [ -54.75584, -22.273043 ], [ -54.75584, -22.273043 ], [ -54.755841, -22.273039 ], [ -54.755842, -22.273035 ], [ -54.755843, -22.273031 ], [ -54.755844, -22.273028 ], [ -54.755846, -22.273024 ], [ -54.755848, -22.27302 ], [ -54.75585, -22.273017 ], [ -54.755853, -22.273014 ], [ -54.755856, -22.27301 ], [ -54.755859, -22.273007 ], [ -54.755862, -22.273005 ], [ -54.755865, -22.273002 ], [ -54.755869, -22.273 ], [ -54.755873, -22.272998 ], [ -54.755877, -22.272996 ], [ -54.755881, -22.272994 ], [ -54.755885, -22.272993 ], [ -54.755889, -22.272992 ], [ -54.755893, -22.272991 ], [ -54.75594, -22.272985 ], [ -54.75594, -22.272985 ], [ -54.755964, -22.272982 ], [ -54.755988, -22.272981 ], [ -54.756012, -22.272981 ], [ -54.756036, -22.272982 ], [ -54.756044, -22.272983 ] ] ] } },
{ "type": "Feature", "properties": { "id": 127013, "insc_imob": "00.10.32.01.070", "quadra_cartorio": "01", "lote_cartorio": "07", "matricula": "167925", "circunscricao": null, "zoneamento": null, "condominio": null, "area_geom": 201.59, "cnm": "062661.2.0167925-25" }, "geometry": { "type": "Polygon", "coordinates": [ [ [ -54.755977, -22.273596 ], [ -54.755967, -22.273686 ], [ -54.755772, -22.273668 ], [ -54.755782, -22.273578 ], [ -54.755977, -22.273596 ], [ -54.755977, -22.273596 ] ] ] } },
{ "type": "Feature", "properties": { "id": 127014, "insc_imob": "00.10.32.01.060", "quadra_cartorio": "01", "lote_cartorio": "06", "matricula": "167924", "circunscricao": null, "zoneamento": null, "condominio": null, "area_geom": 201.62, "cnm": "062661.2.0167924-28" }, "geometry": { "type": "Polygon", "coordinates": [ [ [ -54.755986, -22.273507 ], [ -54.755977, -22.273596 ], [ -54.755782, -22.273578 ], [ -54.755792, -22.273488 ], [ -54.755986, -22.273507 ] ] ] } },
{ "type": "Feature", "properties": { "id": 127015, "insc_imob": "00.10.32.01.050", "quadra_cartorio": "01", "lote_cartorio": "05", "matricula": "167923", "circunscricao": null, "zoneamento": null, "condominio": null, "area_geom": 201.65, "cnm": "062661.2.0167923-31" }, "geometry": { "type": "Polygon", "coordinates": [ [ [ -54.755996, -22.273417 ], [ -54.755986, -22.273507 ], [ -54.755792, -22.273488 ], [ -54.755802, -22.273398 ], [ -54.755996, -22.273417 ] ] ] } },
{ "type": "Feature", "properties": { "id": 127016, "insc_imob": "00.10.32.01.040", "quadra_cartorio": "01", "lote_cartorio": "04", "matricula": "167922", "circunscricao": null, "zoneamento": null, "condominio": null, "area_geom": 201.68, "cnm": "062661.2.0167922-34" }, "geometry": { "type": "Polygon", "coordinates": [ [ [ -54.756006, -22.273327 ], [ -54.755996, -22.273417 ], [ -54.755802, -22.273398 ], [ -54.755811, -22.273309 ], [ -54.756006, -22.273327 ] ] ] } },
{ "type": "Feature", "properties": { "id": 127017, "insc_imob": "00.10.32.06.060", "quadra_cartorio": "06", "lote_cartorio": "06", "matricula": "167972", "circunscricao": null, "zoneamento": null, "condominio": null, "area_geom": 222.28, "cnm": "062661.2.0167972-78" }, "geometry": { "type": "Polygon", "coordinates": [ [ [ -54.754998, -22.274006 ], [ -54.754979, -22.274186 ], [ -54.754861, -22.274174 ], [ -54.754902, -22.273997 ], [ -54.754998, -22.274006 ] ] ] } },
{ "type": "Feature", "properties": { "id": 127018, "insc_imob": "00.10.32.06.080", "quadra_cartorio": "06", "lote_cartorio": "08", "matricula": "167974", "circunscricao": null, "zoneamento": null, "condominio": null, "area_geom": 200.0, "cnm": "062661.2.0167974-72" }, "geometry": { "type": "Polygon", "coordinates": [ [ [ -54.755075, -22.274195 ], [ -54.755056, -22.274374 ], [ -54.754959, -22.274365 ], [ -54.754979, -22.274186 ], [ -54.755075, -22.274195 ] ] ] } },
{ "type": "Feature", "properties": { "id": 127019, "insc_imob": "00.10.32.06.050", "quadra_cartorio": "06", "lote_cartorio": "05", "matricula": "167971", "circunscricao": null, "zoneamento": null, "condominio": null, "area_geom": 200.0, "cnm": "062661.2.0167971-81" }, "geometry": { "type": "Polygon", "coordinates": [ [ [ -54.755095, -22.274015 ], [ -54.755075, -22.274195 ], [ -54.754979, -22.274186 ], [ -54.754998, -22.274006 ], [ -54.755095, -22.274015 ] ] ] } },
{ "type": "Feature", "properties": { "id": 127028, "insc_imob": "00.10.32.05.140", "quadra_cartorio": "05", "lote_cartorio": "14", "matricula": "167966", "circunscricao": null, "zoneamento": null, "condominio": null, "area_geom": 219.78, "cnm": "062661.2.0167966-96" }, "geometry": { "type": "Polygon", "coordinates": [ [ [ -54.755793, -22.275274 ], [ -54.75578, -22.2754 ], [ -54.755744, -22.275396 ], [ -54.755744, -22.275396 ], [ -54.755732, -22.275394 ], [ -54.755722, -22.275391 ], [ -54.755711, -22.275388 ], [ -54.755701, -22.275385 ], [ -54.75569, -22.27538 ], [ -54.755681, -22.275375 ], [ -54.755671, -22.275369 ], [ -54.755662, -22.275363 ], [ -54.755654, -22.275356 ], [ -54.755646, -22.275349 ], [ -54.755639, -22.275341 ], [ -54.755632, -22.275333 ], [ -54.755626, -22.275324 ], [ -54.75562, -22.275315 ], [ -54.755615, -22.275306 ], [ -54.755611, -22.275296 ], [ -54.755608, -22.275286 ], [ -54.755605, -22.275276 ], [ -54.755603, -22.275266 ], [ -54.755602, -22.275256 ], [ -54.755793, -22.275274 ], [ -54.755793, -22.275274 ] ] ] } },
{ "type": "Feature", "properties": { "id": 127029, "insc_imob": "00.10.32.06.040", "quadra_cartorio": "06", "lote_cartorio": "04", "matricula": "167970", "circunscricao": null, "zoneamento": null, "condominio": null, "area_geom": 200.0, "cnm": "062661.2.0167970-84" }, "geometry": { "type": "Polygon", "coordinates": [ [ [ -54.755191, -22.274024 ], [ -54.755172, -22.274204 ], [ -54.755075, -22.274195 ], [ -54.755095, -22.274015 ], [ -54.755191, -22.274024 ] ] ] } },
{ "type": "Feature", "properties": { "id": 127030, "insc_imob": "00.10.32.06.100", "quadra_cartorio": "06", "lote_cartorio": "10", "matricula": "167976", "circunscricao": null, "zoneamento": null, "condominio": null, "area_geom": 200.0, "cnm": "062661.2.0167976-66" }, "geometry": { "type": "Polygon", "coordinates": [ [ [ -54.755268, -22.274213 ], [ -54.755249, -22.274392 ], [ -54.755152, -22.274383 ], [ -54.755172, -22.274204 ], [ -54.755268, -22.274213 ] ] ] } },
{ "type": "Feature", "properties": { "id": 127031, "insc_imob": "00.10.32.06.030", "quadra_cartorio": "06", "lote_cartorio": "03", "matricula": "167969", "circunscricao": null, "zoneamento": null, "condominio": null, "area_geom": 200.0, "cnm": "062661.2.0167969-87" }, "geometry": { "type": "Polygon", "coordinates": [ [ [ -54.755288, -22.274033 ], [ -54.755268, -22.274213 ], [ -54.755172, -22.274204 ], [ -54.755191, -22.274024 ], [ -54.755288, -22.274033 ] ] ] } },
{ "type": "Feature", "properties": { "id": 127032, "insc_imob": "00.10.32.06.110", "quadra_cartorio": "06", "lote_cartorio": "11", "matricula": "167977", "circunscricao": null, "zoneamento": null, "condominio": null, "area_geom": 200.0, "cnm": "062661.2.0167977-63" }, "geometry": { "type": "Polygon", "coordinates": [ [ [ -54.755365, -22.274222 ], [ -54.755345, -22.274402 ], [ -54.755249, -22.274392 ], [ -54.755268, -22.274213 ], [ -54.755365, -22.274222 ] ] ] } },
{ "type": "Feature", "properties": { "id": 127033, "insc_imob": "00.10.32.05.090", "quadra_cartorio": "05", "lote_cartorio": "09", "matricula": "167961", "circunscricao": null, "zoneamento": null, "condominio": null, "area_geom": 201.2, "cnm": "062661.2.0167961-14" }, "geometry": { "type": "Polygon", "coordinates": [ [ [ -54.755842, -22.274825 ], [ -54.755833, -22.274914 ], [ -54.755638, -22.274896 ], [ -54.755648, -22.274806 ], [ -54.755842, -22.274825 ] ] ] } },
{ "type": "Feature", "properties": { "id": 127034, "insc_imob": "00.10.32.05.080", "quadra_cartorio": "05", "lote_cartorio": "08", "matricula": "167960", "circunscricao": null, "zoneamento": null, "condominio": null, "area_geom": 201.23, "cnm": "062661.2.0167960-17" }, "geometry": { "type": "Polygon", "coordinates": [ [ [ -54.755852, -22.274735 ], [ -54.755842, -22.274825 ], [ -54.755648, -22.274806 ], [ -54.755658, -22.274717 ], [ -54.755852, -22.274735 ] ] ] } },
{ "type": "Feature", "properties": { "id": 127035, "insc_imob": "00.10.32.05.070", "quadra_cartorio": "05", "lote_cartorio": "07", "matricula": "167959", "circunscricao": null, "zoneamento": null, "condominio": null, "area_geom": 201.26, "cnm": "062661.2.0167959-20" }, "geometry": { "type": "Polygon", "coordinates": [ [ [ -54.755862, -22.274645 ], [ -54.755852, -22.274735 ], [ -54.755658, -22.274717 ], [ -54.755668, -22.274627 ], [ -54.755862, -22.274645 ] ] ] } },
{ "type": "Feature", "properties": { "id": 127036, "insc_imob": "00.10.32.05.060", "quadra_cartorio": "05", "lote_cartorio": "06", "matricula": "167958", "circunscricao": null, "zoneamento": null, "condominio": null, "area_geom": 201.29, "cnm": "062661.2.0167958-23" }, "geometry": { "type": "Polygon", "coordinates": [ [ [ -54.755872, -22.274555 ], [ -54.755862, -22.274645 ], [ -54.755668, -22.274627 ], [ -54.755678, -22.274537 ], [ -54.755872, -22.274555 ] ] ] } },
{ "type": "Feature", "properties": { "id": 127037, "insc_imob": "00.10.32.05.130", "quadra_cartorio": "05", "lote_cartorio": "13", "matricula": "167965", "circunscricao": null, "zoneamento": null, "condominio": null, "area_geom": 200.83, "cnm": "062661.2.0167965-02" }, "geometry": { "type": "Polygon", "coordinates": [ [ [ -54.755803, -22.275184 ], [ -54.755793, -22.275274 ], [ -54.755602, -22.275256 ], [ -54.755601, -22.275247 ], [ -54.755602, -22.275238 ], [ -54.755602, -22.275229 ], [ -54.755609, -22.275166 ], [ -54.755803, -22.275184 ] ] ] } },
{ "type": "Feature", "properties": { "id": 127038, "insc_imob": "00.10.32.05.120", "quadra_cartorio": "05", "lote_cartorio": "12", "matricula": "167964", "circunscricao": null, "zoneamento": null, "condominio": null, "area_geom": 201.12, "cnm": "062661.2.0167964-05" }, "geometry": { "type": "Polygon", "coordinates": [ [ [ -54.755813, -22.275094 ], [ -54.755803, -22.275184 ], [ -54.755609, -22.275166 ], [ -54.755619, -22.275076 ], [ -54.755813, -22.275094 ] ] ] } },
{ "type": "Feature", "properties": { "id": 127039, "insc_imob": "00.10.32.05.110", "quadra_cartorio": "05", "lote_cartorio": "11", "matricula": "167963", "circunscricao": null, "zoneamento": null, "condominio": null, "area_geom": 201.15, "cnm": "062661.2.0167963-08" }, "geometry": { "type": "Polygon", "coordinates": [ [ [ -54.755823, -22.275004 ], [ -54.755813, -22.275094 ], [ -54.755619, -22.275076 ], [ -54.755629, -22.274986 ], [ -54.755823, -22.275004 ] ] ] } },
{ "type": "Feature", "properties": { "id": 127040, "insc_imob": "00.10.32.05.100", "quadra_cartorio": "05", "lote_cartorio": "10", "matricula": "167962", "circunscricao": null, "zoneamento": null, "condominio": null, "area_geom": 201.17, "cnm": "062661.2.0167962-11" }, "geometry": { "type": "Polygon", "coordinates": [ [ [ -54.755833, -22.274914 ], [ -54.755823, -22.275004 ], [ -54.755629, -22.274986 ], [ -54.755638, -22.274896 ], [ -54.755833, -22.274914 ] ] ] } },
{ "type": "Feature", "properties": { "id": 127041, "insc_imob": "00.10.32.05.010", "quadra_cartorio": "05", "lote_cartorio": "01", "matricula": "167953", "circunscricao": null, "zoneamento": null, "condominio": null, "area_geom": 207.76, "cnm": "062661.2.0167953-38" }, "geometry": { "type": "Polygon", "coordinates": [ [ [ -54.755921, -22.274106 ], [ -54.755911, -22.274196 ], [ -54.755717, -22.274178 ], [ -54.755727, -22.274082 ], [ -54.755921, -22.274106 ] ] ] } },
{ "type": "Feature", "properties": { "id": 127042, "insc_imob": "00.10.32.04.030", "quadra_cartorio": "04", "lote_cartorio": "03", "matricula": "167943", "circunscricao": null, "zoneamento": null, "condominio": null, "area_geom": 223.73, "cnm": "062661.2.0167943-68" }, "geometry": { "type": "Polygon", "coordinates": [ [ [ -54.755568, -22.273753 ], [ -54.75555, -22.273922 ], [ -54.755436, -22.273911 ], [ -54.755455, -22.273738 ], [ -54.755568, -22.273753 ] ] ] } },
{ "type": "Feature", "properties": { "id": 127043, "insc_imob": "00.10.32.04.040", "quadra_cartorio": "04", "lote_cartorio": "04", "matricula": "167944", "circunscricao": null, "zoneamento": null, "condominio": null, "area_geom": 204.66, "cnm": "062661.2.0167944-65" }, "geometry": { "type": "Polygon", "coordinates": [ [ [ -54.755455, -22.273738 ], [ -54.755436, -22.273911 ], [ -54.755335, -22.273902 ], [ -54.755354, -22.273725 ], [ -54.755381, -22.273728 ], [ -54.755455, -22.273738 ] ] ] } },
{ "type": "Feature", "properties": { "id": 127044, "insc_imob": "00.10.32.04.050", "quadra_cartorio": "04", "lote_cartorio": "05", "matricula": "167945", "circunscricao": null, "zoneamento": null, "condominio": null, "area_geom": 202.93, "cnm": "062661.2.0167945-62" }, "geometry": { "type": "Polygon", "coordinates": [ [ [ -54.755354, -22.273725 ], [ -54.755335, -22.273902 ], [ -54.755236, -22.273892 ], [ -54.755256, -22.273713 ], [ -54.755285, -22.273715 ], [ -54.755354, -22.273725 ] ] ] } },
{ "type": "Feature", "properties": { "id": 127045, "insc_imob": "00.10.32.05.050", "quadra_cartorio": "05", "lote_cartorio": "05", "matricula": "167957", "circunscricao": null, "zoneamento": null, "condominio": null, "area_geom": 201.32, "cnm": "062661.2.0167957-26" }, "geometry": { "type": "Polygon", "coordinates": [ [ [ -54.755882, -22.274465 ], [ -54.755872, -22.274555 ], [ -54.755678, -22.274537 ], [ -54.755687, -22.274447 ], [ -54.755882, -22.274465 ] ] ] } },
{ "type": "Feature", "properties": { "id": 127046, "insc_imob": "00.10.32.05.040", "quadra_cartorio": "05", "lote_cartorio": "04", "matricula": "167956", "circunscricao": null, "zoneamento": null, "condominio": null, "area_geom": 201.35, "cnm": "062661.2.0167956-29" }, "geometry": { "type": "Polygon", "coordinates": [ [ [ -54.755892, -22.274376 ], [ -54.755882, -22.274465 ], [ -54.755687, -22.274447 ], [ -54.755697, -22.274357 ], [ -54.755892, -22.274376 ] ] ] } },
{ "type": "Feature", "properties": { "id": 127047, "insc_imob": "00.10.32.05.030", "quadra_cartorio": "05", "lote_cartorio": "03", "matricula": "167955", "circunscricao": null, "zoneamento": null, "condominio": null, "area_geom": 201.37, "cnm": "062661.2.0167955-32" }, "geometry": { "type": "Polygon", "coordinates": [ [ [ -54.755901, -22.274286 ], [ -54.755892, -22.274376 ], [ -54.755697, -22.274357 ], [ -54.755707, -22.274267 ], [ -54.755901, -22.274286 ] ] ] } },
{ "type": "Feature", "properties": { "id": 127048, "insc_imob": "00.10.32.05.020", "quadra_cartorio": "05", "lote_cartorio": "02", "matricula": "167954", "circunscricao": null, "zoneamento": null, "condominio": null, "area_geom": 201.4, "cnm": "062661.2.0167954-35" }, "geometry": { "type": "Polygon", "coordinates": [ [ [ -54.755911, -22.274196 ], [ -54.755901, -22.274286 ], [ -54.755707, -22.274267 ], [ -54.755717, -22.274178 ], [ -54.755911, -22.274196 ], [ -54.755911, -22.274196 ] ] ] } },
{ "type": "Feature", "properties": { "id": 127049, "insc_imob": "00.10.32.15.270", "quadra_cartorio": "15", "lote_cartorio": "27", "matricula": "168137", "circunscricao": null, "zoneamento": null, "condominio": null, "area_geom": 200.0, "cnm": "062661.2.0168137-68" }, "geometry": { "type": "Polygon", "coordinates": [ [ [ -54.753566, -22.275571 ], [ -54.753556, -22.275661 ], [ -54.753363, -22.275643 ], [ -54.753373, -22.275553 ], [ -54.753566, -22.275571 ] ] ] } },
{ "type": "Feature", "properties": { "id": 127050, "insc_imob": "00.10.32.15.260", "quadra_cartorio": "15", "lote_cartorio": "26", "matricula": "168136", "circunscricao": null, "zoneamento": null, "condominio": null, "area_geom": 200.0, "cnm": "062661.2.0168136-71" }, "geometry": { "type": "Polygon", "coordinates": [ [ [ -54.753556, -22.275661 ], [ -54.753547, -22.275751 ], [ -54.753354, -22.275732 ], [ -54.753363, -22.275643 ], [ -54.753556, -22.275661 ] ] ] } },
{ "type": "Feature", "properties": { "id": 127051, "insc_imob": "00.10.32.15.250", "quadra_cartorio": "15", "lote_cartorio": "25", "matricula": "168135", "circunscricao": null, "zoneamento": null, "condominio": null, "area_geom": 200.0, "cnm": "062661.2.0168135-74" }, "geometry": { "type": "Polygon", "coordinates": [ [ [ -54.753547, -22.275751 ], [ -54.753537, -22.275841 ], [ -54.753344, -22.275822 ], [ -54.753354, -22.275732 ], [ -54.753547, -22.275751 ] ] ] } },
{ "type": "Feature", "properties": { "id": 127052, "insc_imob": "00.10.32.15.240", "quadra_cartorio": "15", "lote_cartorio": "24", "matricula": "168134", "circunscricao": null, "zoneamento": null, "condominio": null, "area_geom": 200.0, "cnm": "062661.2.0168134-77" }, "geometry": { "type": "Polygon", "coordinates": [ [ [ -54.753537, -22.275841 ], [ -54.753527, -22.27593 ], [ -54.753334, -22.275912 ], [ -54.753344, -22.275822 ], [ -54.753537, -22.275841 ] ] ] } },
{ "type": "Feature", "properties": { "id": 127053, "insc_imob": "00.10.32.16.030", "quadra_cartorio": "16", "lote_cartorio": "03", "matricula": "168141", "circunscricao": null, "zoneamento": null, "condominio": null, "area_geom": 200.0, "cnm": "062661.2.0168141-56" }, "geometry": { "type": "Polygon", "coordinates": [ [ [ -54.753219, -22.275626 ], [ -54.753209, -22.275716 ], [ -54.753016, -22.275698 ], [ -54.753026, -22.275608 ], [ -54.753219, -22.275626 ] ] ] } },
{ "type": "Feature", "properties": { "id": 127054, "insc_imob": "00.10.32.16.020", "quadra_cartorio": "16", "lote_cartorio": "02", "matricula": "168140", "circunscricao": null, "zoneamento": null, "condominio": null, "area_geom": 200.0, "cnm": "062661.2.0168140-59" }, "geometry": { "type": "Polygon", "coordinates": [ [ [ -54.753229, -22.275536 ], [ -54.753219, -22.275626 ], [ -54.753026, -22.275608 ], [ -54.753036, -22.275518 ], [ -54.753229, -22.275536 ] ] ] } },
{ "type": "Feature", "properties": { "id": 127055, "insc_imob": "00.10.32.16.010", "quadra_cartorio": "16", "lote_cartorio": "01", "matricula": "168139", "circunscricao": null, "zoneamento": null, "condominio": null, "area_geom": 269.5, "cnm": "062661.2.0168139-62" }, "geometry": { "type": "Polygon", "coordinates": [ [ [ -54.753242, -22.275416 ], [ -54.753229, -22.275536 ], [ -54.753036, -22.275518 ], [ -54.753049, -22.275396 ], [ -54.753242, -22.275416 ] ] ] } },
{ "type": "Feature", "properties": { "id": 127056, "insc_imob": "00.10.32.15.280", "quadra_cartorio": "15", "lote_cartorio": "28", "matricula": "168138", "circunscricao": null, "zoneamento": null, "condominio": null, "area_geom": 268.93, "cnm": "062661.2.0168138-65" }, "geometry": { "type": "Polygon", "coordinates": [ [ [ -54.753579, -22.275451 ], [ -54.753566, -22.275571 ], [ -54.753373, -22.275553 ], [ -54.753386, -22.275431 ], [ -54.753579, -22.275451 ] ] ] } },
{ "type": "Feature", "properties": { "id": 127057, "insc_imob": "00.10.32.15.190", "quadra_cartorio": "15", "lote_cartorio": "19", "matricula": "168129", "circunscricao": null, "zoneamento": null, "condominio": null, "area_geom": 200.0, "cnm": "062661.2.0168129-92" }, "geometry": { "type": "Polygon", "coordinates": [ [ [ -54.753488, -22.27629 ], [ -54.753478, -22.276379 ], [ -54.753285, -22.276361 ], [ -54.753295, -22.276271 ], [ -54.753488, -22.27629 ] ] ] } },
{ "type": "Feature", "properties": { "id": 127058, "insc_imob": "00.10.32.15.180", "quadra_cartorio": "15", "lote_cartorio": "18", "matricula": "168128", "circunscricao": null, "zoneamento": null, "condominio": null, "area_geom": 200.0, "cnm": "062661.2.0168128-95" }, "geometry": { "type": "Polygon", "coordinates": [ [ [ -54.753478, -22.276379 ], [ -54.753468, -22.276469 ], [ -54.753275, -22.276451 ], [ -54.753285, -22.276361 ], [ -54.753478, -22.276379 ] ] ] } },
{ "type": "Feature", "properties": { "id": 127059, "insc_imob": "00.10.32.15.170", "quadra_cartorio": "15", "lote_cartorio": "17", "matricula": "168127", "circunscricao": null, "zoneamento": null, "condominio": null, "area_geom": 200.0, "cnm": "062661.2.0168127-98" }, "geometry": { "type": "Polygon", "coordinates": [ [ [ -54.753468, -22.276469 ], [ -54.753459, -22.276559 ], [ -54.753266, -22.276541 ], [ -54.753275, -22.276451 ], [ -54.753468, -22.276469 ] ] ] } },
{ "type": "Feature", "properties": { "id": 127060, "insc_imob": "00.10.32.15.160", "quadra_cartorio": "15", "lote_cartorio": "16", "matricula": "168126", "circunscricao": null, "zoneamento": null, "condominio": null, "area_geom": 200.0, "cnm": "062661.2.0168126-04" }, "geometry": { "type": "Polygon", "coordinates": [ [ [ -54.753459, -22.276559 ], [ -54.753449, -22.276649 ], [ -54.753256, -22.276631 ], [ -54.753266, -22.276541 ], [ -54.753459, -22.276559 ] ] ] } },
{ "type": "Feature", "properties": { "id": 127065, "insc_imob": "00.10.32.15.110", "quadra_cartorio": "15", "lote_cartorio": "11", "matricula": "168121", "circunscricao": null, "zoneamento": null, "condominio": null, "area_geom": 200.0, "cnm": "062661.2.0168121-19" }, "geometry": { "type": "Polygon", "coordinates": [ [ [ -54.753671, -22.276398 ], [ -54.753661, -22.276488 ], [ -54.753468, -22.276469 ], [ -54.753478, -22.276379 ], [ -54.753671, -22.276398 ], [ -54.753671, -22.276398 ] ] ] } },
{ "type": "Feature", "properties": { "id": 127066, "insc_imob": "00.10.32.15.100", "quadra_cartorio": "15", "lote_cartorio": "10", "matricula": "168120", "circunscricao": null, "zoneamento": null, "condominio": null, "area_geom": 200.0, "cnm": "062661.2.0168120-22" }, "geometry": { "type": "Polygon", "coordinates": [ [ [ -54.753681, -22.276308 ], [ -54.753671, -22.276398 ], [ -54.753478, -22.276379 ], [ -54.753488, -22.27629 ], [ -54.753681, -22.276308 ], [ -54.753681, -22.276308 ] ] ] } },
{ "type": "Feature", "properties": { "id": 127067, "insc_imob": "00.10.32.15.090", "quadra_cartorio": "15", "lote_cartorio": "09", "matricula": "168119", "circunscricao": null, "zoneamento": null, "condominio": null, "area_geom": 200.0, "cnm": "062661.2.0168119-25" }, "geometry": { "type": "Polygon", "coordinates": [ [ [ -54.753691, -22.276218 ], [ -54.753681, -22.276308 ], [ -54.753488, -22.27629 ], [ -54.753498, -22.2762 ], [ -54.753691, -22.276218 ], [ -54.753691, -22.276218 ] ] ] } },
{ "type": "Feature", "properties": { "id": 127068, "insc_imob": "00.10.32.15.080", "quadra_cartorio": "15", "lote_cartorio": "08", "matricula": "168118", "circunscricao": null, "zoneamento": null, "condominio": null, "area_geom": 200.0, "cnm": "062661.2.0168118-28" }, "geometry": { "type": "Polygon", "coordinates": [ [ [ -54.753701, -22.276128 ], [ -54.753691, -22.276218 ], [ -54.753498, -22.2762 ], [ -54.753507, -22.27611 ], [ -54.753701, -22.276128 ], [ -54.753701, -22.276128 ] ] ] } },
{ "type": "Feature", "properties": { "id": 127069, "insc_imob": "00.10.32.15.150", "quadra_cartorio": "15", "lote_cartorio": "15", "matricula": "168125", "circunscricao": null, "zoneamento": null, "condominio": null, "area_geom": 266.0, "cnm": "062661.2.0168125-07" }, "geometry": { "type": "Polygon", "coordinates": [ [ [ -54.753449, -22.276649 ], [ -54.753436, -22.276768 ], [ -54.753243, -22.27675 ], [ -54.753256, -22.276631 ], [ -54.753449, -22.276649 ] ] ] } },
{ "type": "Feature", "properties": { "id": 127070, "insc_imob": "00.10.32.15.140", "quadra_cartorio": "15", "lote_cartorio": "14", "matricula": "168124", "circunscricao": null, "zoneamento": null, "condominio": null, "area_geom": 266.0, "cnm": "062661.2.0168124-10" }, "geometry": { "type": "Polygon", "coordinates": [ [ [ -54.753642, -22.276667 ], [ -54.753629, -22.276787 ], [ -54.753436, -22.276768 ], [ -54.753449, -22.276649 ], [ -54.753642, -22.276667 ] ] ] } },
{ "type": "Feature", "properties": { "id": 127071, "insc_imob": "00.10.32.15.130", "quadra_cartorio": "15", "lote_cartorio": "13", "matricula": "168123", "circunscricao": null, "zoneamento": null, "condominio": null, "area_geom": 200.0, "cnm": "062661.2.0168123-13" }, "geometry": { "type": "Polygon", "coordinates": [ [ [ -54.753652, -22.276577 ], [ -54.753642, -22.276667 ], [ -54.753449, -22.276649 ], [ -54.753459, -22.276559 ], [ -54.753652, -22.276577 ], [ -54.753652, -22.276577 ] ] ] } },
{ "type": "Feature", "properties": { "id": 127072, "insc_imob": "00.10.32.15.120", "quadra_cartorio": "15", "lote_cartorio": "12", "matricula": "168122", "circunscricao": null, "zoneamento": null, "condominio": null, "area_geom": 200.0, "cnm": "062661.2.0168122-16" }, "geometry": { "type": "Polygon", "coordinates": [ [ [ -54.753661, -22.276488 ], [ -54.753652, -22.276577 ], [ -54.753459, -22.276559 ], [ -54.753468, -22.276469 ], [ -54.753661, -22.276488 ], [ -54.753661, -22.276488 ] ] ] } },
{ "type": "Feature", "properties": { "id": 127073, "insc_imob": "00.10.32.15.030", "quadra_cartorio": "15", "lote_cartorio": "03", "matricula": "168113", "circunscricao": null, "zoneamento": null, "condominio": null, "area_geom": 200.0, "cnm": "062661.2.0168113-43" }, "geometry": { "type": "Polygon", "coordinates": [ [ [ -54.753749, -22.275679 ], [ -54.75374, -22.275769 ], [ -54.753547, -22.275751 ], [ -54.753556, -22.275661 ], [ -54.753749, -22.275679 ], [ -54.753749, -22.275679 ] ] ] } },
{ "type": "Feature", "properties": { "id": 127074, "insc_imob": "00.10.32.15.020", "quadra_cartorio": "15", "lote_cartorio": "02", "matricula": "168112", "circunscricao": null, "zoneamento": null, "condominio": null, "area_geom": 200.0, "cnm": "062661.2.0168112-46" }, "geometry": { "type": "Polygon", "coordinates": [ [ [ -54.753759, -22.275589 ], [ -54.753749, -22.275679 ], [ -54.753556, -22.275661 ], [ -54.753566, -22.275571 ], [ -54.753759, -22.275589 ], [ -54.753759, -22.275589 ] ] ] } },
{ "type": "Feature", "properties": { "id": 127075, "insc_imob": "00.10.32.15.010", "quadra_cartorio": "15", "lote_cartorio": "01", "matricula": "168111", "circunscricao": null, "zoneamento": null, "condominio": null, "area_geom": 265.18, "cnm": "062661.2.0168111-49" }, "geometry": { "type": "Polygon", "coordinates": [ [ [ -54.753772, -22.275471 ], [ -54.753759, -22.275589 ], [ -54.753566, -22.275571 ], [ -54.753579, -22.275451 ], [ -54.753772, -22.275471 ] ] ] } },
{ "type": "Feature", "properties": { "id": 127076, "insc_imob": "00.10.32.14.150", "quadra_cartorio": "14", "lote_cartorio": "15", "matricula": "168097", "circunscricao": null, "zoneamento": null, "condominio": null, "area_geom": 261.0, "cnm": "062661.2.0168097-91" }, "geometry": { "type": "Polygon", "coordinates": [ [ [ -54.753979, -22.276701 ], [ -54.753967, -22.276818 ], [ -54.753774, -22.2768 ], [ -54.753786, -22.276683 ], [ -54.753979, -22.276701 ] ] ] } },
{ "type": "Feature", "properties": { "id": 127077, "insc_imob": "00.10.32.15.070", "quadra_cartorio": "15", "lote_cartorio": "07", "matricula": "168117", "circunscricao": null, "zoneamento": null, "condominio": null, "area_geom": 200.0, "cnm": "062661.2.0168117-31" }, "geometry": { "type": "Polygon", "coordinates": [ [ [ -54.75371, -22.276038 ], [ -54.753701, -22.276128 ], [ -54.753507, -22.27611 ], [ -54.753517, -22.27602 ], [ -54.75371, -22.276038 ], [ -54.75371, -22.276038 ] ] ] } },
{ "type": "Feature", "properties": { "id": 127078, "insc_imob": "00.10.32.15.060", "quadra_cartorio": "15", "lote_cartorio": "06", "matricula": "168116", "circunscricao": null, "zoneamento": null, "condominio": null, "area_geom": 200.0, "cnm": "062661.2.0168116-34" }, "geometry": { "type": "Polygon", "coordinates": [ [ [ -54.75372, -22.275949 ], [ -54.75371, -22.276038 ], [ -54.753517, -22.27602 ], [ -54.753527, -22.27593 ], [ -54.75372, -22.275949 ], [ -54.75372, -22.275949 ] ] ] } },
{ "type": "Feature", "properties": { "id": 127079, "insc_imob": "00.10.32.15.050", "quadra_cartorio": "15", "lote_cartorio": "05", "matricula": "168115", "circunscricao": null, "zoneamento": null, "condominio": null, "area_geom": 200.0, "cnm": "062661.2.0168115-37" }, "geometry": { "type": "Polygon", "coordinates": [ [ [ -54.75373, -22.275859 ], [ -54.75372, -22.275949 ], [ -54.753527, -22.27593 ], [ -54.753537, -22.275841 ], [ -54.75373, -22.275859 ], [ -54.75373, -22.275859 ] ] ] } },
{ "type": "Feature", "properties": { "id": 127080, "insc_imob": "00.10.32.15.040", "quadra_cartorio": "15", "lote_cartorio": "04", "matricula": "168114", "circunscricao": null, "zoneamento": null, "condominio": null, "area_geom": 200.0, "cnm": "062661.2.0168114-40" }, "geometry": { "type": "Polygon", "coordinates": [ [ [ -54.75374, -22.275769 ], [ -54.75373, -22.275859 ], [ -54.753537, -22.275841 ], [ -54.753547, -22.275751 ], [ -54.75374, -22.275769 ], [ -54.75374, -22.275769 ] ] ] } },
{ "type": "Feature", "properties": { "id": 127081, "insc_imob": "00.10.32.17.030", "quadra_cartorio": "17", "lote_cartorio": "03", "matricula": "168169", "circunscricao": null, "zoneamento": null, "condominio": null, "area_geom": 200.0, "cnm": "062661.2.0168169-69" }, "geometry": { "type": "Polygon", "coordinates": [ [ [ -54.752688, -22.275574 ], [ -54.752679, -22.275664 ], [ -54.752486, -22.275646 ], [ -54.752495, -22.275556 ], [ -54.752688, -22.275574 ] ] ] } },
{ "type": "Feature", "properties": { "id": 127082, "insc_imob": "00.10.32.17.020", "quadra_cartorio": "17", "lote_cartorio": "02", "matricula": "168168", "circunscricao": null, "zoneamento": null, "condominio": null, "area_geom": 200.0, "cnm": "062661.2.0168168-72" }, "geometry": { "type": "Polygon", "coordinates": [ [ [ -54.752698, -22.275484 ], [ -54.752688, -22.275574 ], [ -54.752495, -22.275556 ], [ -54.752505, -22.275466 ], [ -54.752698, -22.275484 ] ] ] } },
{ "type": "Feature", "properties": { "id": 127083, "insc_imob": "00.10.32.17.010", "quadra_cartorio": "17", "lote_cartorio": "01", "matricula": "168167", "circunscricao": null, "zoneamento": null, "condominio": null, "area_geom": 274.81, "cnm": "062661.2.0168167-75" }, "geometry": { "type": "Polygon", "coordinates": [ [ [ -54.752712, -22.275362 ], [ -54.752698, -22.275484 ], [ -54.752505, -22.275466 ], [ -54.752519, -22.275342 ], [ -54.752712, -22.275362 ] ] ] } },
{ "type": "Feature", "properties": { "id": 127084, "insc_imob": "00.10.32.16.280", "quadra_cartorio": "16", "lote_cartorio": "28", "matricula": "168166", "circunscricao": null, "zoneamento": null, "condominio": null, "area_geom": 273.25, "cnm": "062661.2.0168166-78" }, "geometry": { "type": "Polygon", "coordinates": [ [ [ -54.753049, -22.275396 ], [ -54.753036, -22.275518 ], [ -54.752843, -22.2755 ], [ -54.752856, -22.275377 ], [ -54.753049, -22.275396 ] ] ] } },
{ "type": "Feature", "properties": { "id": 127085, "insc_imob": "00.10.32.17.070", "quadra_cartorio": "17", "lote_cartorio": "07", "matricula": "168173", "circunscricao": null, "zoneamento": null, "condominio": null, "area_geom": 200.0, "cnm": "062661.2.0168173-57" }, "geometry": { "type": "Polygon", "coordinates": [ [ [ -54.752649, -22.275933 ], [ -54.752639, -22.276023 ], [ -54.752446, -22.276005 ], [ -54.752456, -22.275915 ], [ -54.752649, -22.275933 ] ] ] } },
{ "type": "Feature", "properties": { "id": 127086, "insc_imob": "00.10.32.17.060", "quadra_cartorio": "17", "lote_cartorio": "06", "matricula": "168172", "circunscricao": null, "zoneamento": null, "condominio": null, "area_geom": 200.0, "cnm": "062661.2.0168172-60" }, "geometry": { "type": "Polygon", "coordinates": [ [ [ -54.752659, -22.275843 ], [ -54.752649, -22.275933 ], [ -54.752456, -22.275915 ], [ -54.752466, -22.275825 ], [ -54.752659, -22.275843 ] ] ] } },
{ "type": "Feature", "properties": { "id": 127087, "insc_imob": "00.10.32.17.050", "quadra_cartorio": "17", "lote_cartorio": "05", "matricula": "168171", "circunscricao": null, "zoneamento": null, "condominio": null, "area_geom": 200.0, "cnm": "062661.2.0168171-63" }, "geometry": { "type": "Polygon", "coordinates": [ [ [ -54.752669, -22.275754 ], [ -54.752659, -22.275843 ], [ -54.752466, -22.275825 ], [ -54.752476, -22.275735 ], [ -54.752669, -22.275754 ] ] ] } },
{ "type": "Feature", "properties": { "id": 76264, "insc_imob": "00.10.31.12.170", "quadra_cartorio": null, "lote_cartorio": "17", "matricula": "143057", "circunscricao": "1º CIRCUNSCRIÇÃO", "zoneamento": "AUM - ÁREA DE USO MISTO", "condominio": null, "area_geom": 200.0, "cnm": "062661.2.0143057-36" }, "geometry": { "type": "Polygon", "coordinates": [ [ [ -54.760504, -22.274169 ], [ -54.760492, -22.274259 ], [ -54.760299, -22.274235 ], [ -54.760312, -22.274145 ], [ -54.760504, -22.274169 ] ] ] } },
{ "type": "Feature", "properties": { "id": 76265, "insc_imob": "00.10.31.12.160", "quadra_cartorio": null, "lote_cartorio": "16", "matricula": "143056", "circunscricao": "1º CIRCUNSCRIÇÃO", "zoneamento": "AUM - ÁREA DE USO MISTO", "condominio": null, "area_geom": 200.0, "cnm": "062661.2.0143056-39" }, "geometry": { "type": "Polygon", "coordinates": [ [ [ -54.760492, -22.274259 ], [ -54.760479, -22.274348 ], [ -54.760287, -22.274324 ], [ -54.760299, -22.274235 ], [ -54.760492, -22.274259 ] ] ] } },
{ "type": "Feature", "properties": { "id": 76267, "insc_imob": "00.10.31.12.140", "quadra_cartorio": null, "lote_cartorio": "14", "matricula": "143054", "circunscricao": "1º CIRCUNSCRIÇÃO", "zoneamento": "AUM - ÁREA DE USO MISTO", "condominio": null, "area_geom": 200.0, "cnm": "062661.2.0143054-45" }, "geometry": { "type": "Polygon", "coordinates": [ [ [ -54.760466, -22.274438 ], [ -54.760453, -22.274527 ], [ -54.760261, -22.274503 ], [ -54.760274, -22.274414 ], [ -54.760466, -22.274438 ] ] ] } }
]
}
