{
"type": "FeatureCollection",
"name": "lotes_fiscais",
"xy_coordinate_resolution": 1e-006,
"features": [
{ "type": "Feature", "properties": { "id": 129970, "insc_imob": "04.01.12.14.220", "quadra_cartorio": "04", "lote_cartorio": "18A", "matricula": "119907-1RI", "circunscricao": "1º CIRCUNSCRIÇÃO", "zoneamento": null, "condominio": null, "area_geom": 859.65, "cnm": "062661.2.0119907-34" }, "geometry": { "type": "Polygon", "coordinates": [ [ [ -54.695341, -22.114796 ], [ -54.695462, -22.114806 ], [ -54.695422, -22.115213 ], [ -54.695099, -22.115185 ], [ -54.695111, -22.11506 ], [ -54.695314, -22.115077 ], [ -54.695341, -22.114796 ] ] ] } },
{ "type": "Feature", "properties": { "id": 51712, "insc_imob": "04.01.12.43.043", "quadra_cartorio": "6", "lote_cartorio": "04", "matricula": "6987", "circunscricao": "1º CIRCUNSCRIÇÃO", "zoneamento": null, "condominio": null, "area_geom": 506.99, "cnm": "062661.2.0006987-70" }, "geometry": { "type": "Polygon", "coordinates": [ [ [ -54.696147, -22.117642 ], [ -54.696149, -22.117615 ], [ -54.696181, -22.117292 ], [ -54.696306, -22.117302 ], [ -54.696272, -22.117653 ], [ -54.696147, -22.117642 ] ] ] } },
{ "type": "Feature", "properties": { "id": 80597, "insc_imob": "04.01.12.13.218", "quadra_cartorio": "5", "lote_cartorio": "18", "matricula": "25038", "circunscricao": "1º CIRCUNSCRIÇÃO", "zoneamento": null, "condominio": null, "area_geom": 565.61, "cnm": "062661.2.0025038-43" }, "geometry": { "type": "Polygon", "coordinates": [ [ [ -54.696306, -22.114948 ], [ -54.696312, -22.114892 ], [ -54.696433, -22.114902 ], [ -54.696425, -22.114983 ], [ -54.696393, -22.115309 ], [ -54.696272, -22.115299 ], [ -54.696285, -22.115173 ], [ -54.696296, -22.115061 ], [ -54.696306, -22.114948 ] ] ] } },
{ "type": "Feature", "properties": { "id": 113936, "insc_imob": "04.01.13.21.287", "quadra_cartorio": "2A", "lote_cartorio": "02", "matricula": null, "circunscricao": "1º CIRCUNSCRIÇÃO", "zoneamento": null, "condominio": null, "area_geom": 374.9, "cnm": null }, "geometry": { "type": "Polygon", "coordinates": [ [ [ -54.694488, -22.115959 ], [ -54.694499, -22.115847 ], [ -54.694788, -22.115871 ], [ -54.694777, -22.115984 ], [ -54.694488, -22.115959 ] ] ] } },
{ "type": "Feature", "properties": { "id": 76038, "insc_imob": "04.01.12.24.355", "quadra_cartorio": "03", "lote_cartorio": "P/10", "matricula": "10484", "circunscricao": "1º CIRCUNSCRIÇÃO", "zoneamento": null, "condominio": null, "area_geom": 209.98, "cnm": "062661.2.0010484-55" }, "geometry": { "type": "Polygon", "coordinates": [ [ [ -54.695526, -22.115362 ], [ -54.69567, -22.115374 ], [ -54.695658, -22.1155 ], [ -54.695513, -22.115488 ], [ -54.695526, -22.115362 ] ] ] } },
{ "type": "Feature", "properties": { "id": 76039, "insc_imob": "04.01.12.24.350", "quadra_cartorio": "03", "lote_cartorio": "P/10", "matricula": "16772", "circunscricao": "1º CIRCUNSCRIÇÃO", "zoneamento": null, "condominio": null, "area_geom": 209.99, "cnm": "062661.2.0016772-09" }, "geometry": { "type": "Polygon", "coordinates": [ [ [ -54.695803, -22.115512 ], [ -54.695658, -22.1155 ], [ -54.69567, -22.115374 ], [ -54.695815, -22.115386 ], [ -54.695803, -22.115512 ] ] ] } },
{ "type": "Feature", "properties": { "id": 84251, "insc_imob": "04.01.13.31.275", "quadra_cartorio": "1A", "lote_cartorio": "01", "matricula": "3044", "circunscricao": "1º CIRCUNSCRIÇÃO", "zoneamento": null, "condominio": null, "area_geom": 419.98, "cnm": "062661.2.0003044-65" }, "geometry": { "type": "Polygon", "coordinates": [ [ [ -54.694378, -22.117021 ], [ -54.69439, -22.116895 ], [ -54.69468, -22.11692 ], [ -54.694667, -22.117046 ], [ -54.694378, -22.117021 ] ] ] } },
{ "type": "Feature", "properties": { "id": 82504, "insc_imob": "04.01.13.31.218", "quadra_cartorio": "1A", "lote_cartorio": "17", "matricula": "58149", "circunscricao": "1º CIRCUNSCRIÇÃO", "zoneamento": null, "condominio": null, "area_geom": 565.62, "cnm": "062661.2.0058149-38" }, "geometry": { "type": "Polygon", "coordinates": [ [ [ -54.694171, -22.11665 ], [ -54.694176, -22.116594 ], [ -54.69421, -22.116597 ], [ -54.694297, -22.116604 ], [ -54.694289, -22.116685 ], [ -54.694257, -22.117011 ], [ -54.694137, -22.117001 ], [ -54.694149, -22.116875 ], [ -54.69416, -22.116762 ], [ -54.694171, -22.11665 ] ] ] } },
{ "type": "Feature", "properties": { "id": 82505, "insc_imob": "04.01.13.41.017", "quadra_cartorio": "12A", "lote_cartorio": "06", "matricula": null, "circunscricao": "1º CIRCUNSCRIÇÃO", "zoneamento": null, "condominio": null, "area_geom": 643.48, "cnm": null }, "geometry": { "type": "Polygon", "coordinates": [ [ [ -54.694468, -22.117521 ], [ -54.694502, -22.11717 ], [ -54.694661, -22.117184 ], [ -54.694627, -22.117534 ], [ -54.694468, -22.117521 ] ] ] } },
{ "type": "Feature", "properties": { "id": 100648, "insc_imob": "04.01.12.12.124", "quadra_cartorio": "10", "lote_cartorio": "05", "matricula": "13738", "circunscricao": "1º CIRCUNSCRIÇÃO", "zoneamento": null, "condominio": null, "area_geom": 375.03, "cnm": "062661.2.0013738-90" }, "geometry": { "type": "Polygon", "coordinates": [ [ [ -54.697005, -22.114894 ], [ -54.697016, -22.114781 ], [ -54.697305, -22.114806 ], [ -54.697294, -22.114918 ], [ -54.697005, -22.114894 ] ] ] } },
{ "type": "Feature", "properties": { "id": 98880, "insc_imob": "04.01.12.14.275", "quadra_cartorio": "04", "lote_cartorio": "16", "matricula": null, "circunscricao": "1º CIRCUNSCRIÇÃO", "zoneamento": null, "condominio": null, "area_geom": 308.01, "cnm": null }, "geometry": { "type": "Polygon", "coordinates": [ [ [ -54.69562, -22.115229 ], [ -54.695632, -22.115104 ], [ -54.695845, -22.115122 ], [ -54.695832, -22.115247 ], [ -54.69562, -22.115229 ] ] ] } },
{ "type": "Feature", "properties": { "id": 99984, "insc_imob": "04.01.12.12.043", "quadra_cartorio": "10", "lote_cartorio": "09", "matricula": "21088", "circunscricao": "1º CIRCUNSCRIÇÃO", "zoneamento": null, "condominio": null, "area_geom": 565.61, "cnm": "062661.2.0021088-59" }, "geometry": { "type": "Polygon", "coordinates": [ [ [ -54.697409, -22.114985 ], [ -54.697449, -22.114578 ], [ -54.697569, -22.114588 ], [ -54.697557, -22.114714 ], [ -54.697546, -22.114826 ], [ -54.697535, -22.114939 ], [ -54.69753, -22.114995 ], [ -54.697409, -22.114985 ] ] ] } },
{ "type": "Feature", "properties": { "id": 114064, "insc_imob": "04.01.13.23.287", "quadra_cartorio": "8A", "lote_cartorio": "02", "matricula": "45055", "circunscricao": "1º CIRCUNSCRIÇÃO", "zoneamento": null, "condominio": null, "area_geom": 375.0, "cnm": "062661.2.0045055-35" }, "geometry": { "type": "Polygon", "coordinates": [ [ [ -54.692578, -22.115773 ], [ -54.692589, -22.115661 ], [ -54.692878, -22.115685 ], [ -54.692867, -22.115797 ], [ -54.692578, -22.115773 ] ] ] } },
{ "type": "Feature", "properties": { "id": 113881, "insc_imob": "04.01.13.21.231", "quadra_cartorio": "2A", "lote_cartorio": "18", "matricula": null, "circunscricao": "1º CIRCUNSCRIÇÃO", "zoneamento": null, "condominio": null, "area_geom": 565.61, "cnm": null }, "geometry": { "type": "Polygon", "coordinates": [ [ [ -54.694355, -22.116075 ], [ -54.694386, -22.115749 ], [ -54.694394, -22.115668 ], [ -54.694515, -22.115678 ], [ -54.694509, -22.115735 ], [ -54.694499, -22.115847 ], [ -54.694488, -22.115959 ], [ -54.694475, -22.116085 ], [ -54.694355, -22.116075 ] ] ] } },
{ "type": "Feature", "properties": { "id": 114202, "insc_imob": "04.01.13.34.055", "quadra_cartorio": "7A", "lote_cartorio": "09", "matricula": "1121", "circunscricao": "1º CIRCUNSCRIÇÃO", "zoneamento": null, "condominio": null, "area_geom": 565.63, "cnm": "062661.2.0001121-14" }, "geometry": { "type": "Polygon", "coordinates": [ [ [ -54.692271, -22.116143 ], [ -54.692284, -22.116017 ], [ -54.692405, -22.116028 ], [ -54.692361, -22.116435 ], [ -54.69224, -22.116423 ], [ -54.692247, -22.116367 ], [ -54.692259, -22.116255 ], [ -54.692271, -22.116143 ] ] ] } },
{ "type": "Feature", "properties": { "id": 114203, "insc_imob": "04.01.13.34.137", "quadra_cartorio": "7A", "lote_cartorio": "13", "matricula": "1125", "circunscricao": "1º CIRCUNSCRIÇÃO", "zoneamento": null, "condominio": null, "area_geom": 375.0, "cnm": "062661.2.0001125-02" }, "geometry": { "type": "Polygon", "coordinates": [ [ [ -54.691945, -22.116453 ], [ -54.691957, -22.11634 ], [ -54.692247, -22.116367 ], [ -54.69224, -22.116423 ], [ -54.692234, -22.11648 ], [ -54.691945, -22.116453 ] ] ] } },
{ "type": "Feature", "properties": { "id": 108881, "insc_imob": "04.01.12.13.099", "quadra_cartorio": "05", "lote_cartorio": "07", "matricula": "79466", "circunscricao": "1º CIRCUNSCRIÇÃO", "zoneamento": null, "condominio": null, "area_geom": 419.95, "cnm": "062661.2.0079466-10" }, "geometry": { "type": "Polygon", "coordinates": [ [ [ -54.69605, -22.114587 ], [ -54.696062, -22.114461 ], [ -54.696351, -22.114485 ], [ -54.696339, -22.114611 ], [ -54.69605, -22.114587 ] ] ] } },
{ "type": "Feature", "properties": { "id": 108882, "insc_imob": "04.01.12.14.287", "quadra_cartorio": "04", "lote_cartorio": "15", "matricula": "15775", "circunscricao": "1º CIRCUNSCRIÇÃO", "zoneamento": null, "condominio": null, "area_geom": 274.98, "cnm": "062661.2.0015775-90" }, "geometry": { "type": "Polygon", "coordinates": [ [ [ -54.695643, -22.114991 ], [ -54.695855, -22.115009 ], [ -54.695845, -22.115122 ], [ -54.695632, -22.115104 ], [ -54.695643, -22.114991 ] ] ] } },
{ "type": "Feature", "properties": { "id": 108883, "insc_imob": "04.01.12.14.337", "quadra_cartorio": "04", "lote_cartorio": "11", "matricula": null, "circunscricao": "1º CIRCUNSCRIÇÃO", "zoneamento": null, "condominio": null, "area_geom": 374.96, "cnm": null }, "geometry": { "type": "Polygon", "coordinates": [ [ [ -54.695599, -22.114647 ], [ -54.69561, -22.114535 ], [ -54.695899, -22.11456 ], [ -54.695888, -22.114672 ], [ -54.695599, -22.114647 ] ] ] } },
{ "type": "Feature", "properties": { "id": 7584, "insc_imob": "04.01.12.14.030", "quadra_cartorio": null, "lote_cartorio": "10", "matricula": null, "circunscricao": "1º CIRCUNSCRIÇÃO", "zoneamento": null, "condominio": null, "area_geom": 419.99, "cnm": null }, "geometry": { "type": "Polygon", "coordinates": [ [ [ -54.69561, -22.114535 ], [ -54.695622, -22.114409 ], [ -54.695911, -22.114434 ], [ -54.695899, -22.11456 ], [ -54.69561, -22.114535 ] ] ] } },
{ "type": "Feature", "properties": { "id": 3111, "insc_imob": "04.01.12.22.325", "quadra_cartorio": null, "lote_cartorio": "12", "matricula": "19059", "circunscricao": "1º CIRCUNSCRIÇÃO", "zoneamento": null, "condominio": null, "area_geom": 375.01, "cnm": "062661.2.0019059-35" }, "geometry": { "type": "Polygon", "coordinates": [ [ [ -54.697432, -22.115883 ], [ -54.697443, -22.115771 ], [ -54.697732, -22.115795 ], [ -54.697721, -22.115908 ], [ -54.697432, -22.115883 ] ] ] } },
{ "type": "Feature", "properties": { "id": 3112, "insc_imob": "04.01.13.34.287", "quadra_cartorio": null, "lote_cartorio": "02", "matricula": "1114", "circunscricao": "1º CIRCUNSCRIÇÃO", "zoneamento": null, "condominio": null, "area_geom": 375.01, "cnm": "062661.2.0001114-35" }, "geometry": { "type": "Polygon", "coordinates": [ [ [ -54.692451, -22.116727 ], [ -54.692463, -22.116614 ], [ -54.692753, -22.116641 ], [ -54.692741, -22.116753 ], [ -54.692451, -22.116727 ] ] ] } },
{ "type": "Feature", "properties": { "id": 53790, "insc_imob": "04.01.13.12.312", "quadra_cartorio": "4A", "lote_cartorio": "04", "matricula": null, "circunscricao": "1º CIRCUNSCRIÇÃO", "zoneamento": null, "condominio": null, "area_geom": 374.78, "cnm": null }, "geometry": { "type": "Polygon", "coordinates": [ [ [ -54.693651, -22.114656 ], [ -54.693657, -22.1146 ], [ -54.693946, -22.114624 ], [ -54.693935, -22.114736 ], [ -54.693646, -22.114712 ], [ -54.693651, -22.114656 ] ] ] } },
{ "type": "Feature", "properties": { "id": 54154, "insc_imob": "04.01.13.22.275", "quadra_cartorio": "5A", "lote_cartorio": "01", "matricula": null, "circunscricao": "1º CIRCUNSCRIÇÃO", "zoneamento": null, "condominio": null, "area_geom": 419.71, "cnm": null }, "geometry": { "type": "Polygon", "coordinates": [ [ [ -54.69352, -22.116013 ], [ -54.693532, -22.115887 ], [ -54.693822, -22.115912 ], [ -54.693809, -22.116037 ], [ -54.69352, -22.116013 ] ] ] } },
{ "type": "Feature", "properties": { "id": 58059, "insc_imob": "04.01.13.21.312", "quadra_cartorio": "2A", "lote_cartorio": "04", "matricula": null, "circunscricao": "1º CIRCUNSCRIÇÃO", "zoneamento": null, "condominio": null, "area_geom": 374.84, "cnm": null }, "geometry": { "type": "Polygon", "coordinates": [ [ [ -54.694515, -22.115678 ], [ -54.69452, -22.115622 ], [ -54.69481, -22.115647 ], [ -54.694799, -22.115759 ], [ -54.694509, -22.115735 ], [ -54.694515, -22.115678 ] ] ] } },
{ "type": "Feature", "properties": { "id": 62217, "insc_imob": "04.01.13.12.275", "quadra_cartorio": "4A", "lote_cartorio": "01", "matricula": null, "circunscricao": "1º CIRCUNSCRIÇÃO", "zoneamento": null, "condominio": null, "area_geom": 419.71, "cnm": null }, "geometry": { "type": "Polygon", "coordinates": [ [ [ -54.693612, -22.115063 ], [ -54.693624, -22.114937 ], [ -54.693914, -22.114961 ], [ -54.693901, -22.115087 ], [ -54.693612, -22.115063 ] ] ] } },
{ "type": "Feature", "properties": { "id": 66236, "insc_imob": "04.01.12.32.043", "quadra_cartorio": "08", "lote_cartorio": "08", "matricula": null, "circunscricao": "1º CIRCUNSCRIÇÃO", "zoneamento": null, "condominio": null, "area_geom": 565.29, "cnm": null }, "geometry": { "type": "Polygon", "coordinates": [ [ [ -54.69713, -22.116564 ], [ -54.697143, -22.116438 ], [ -54.697263, -22.116449 ], [ -54.697224, -22.116855 ], [ -54.697137, -22.116848 ], [ -54.697103, -22.116845 ], [ -54.697109, -22.116789 ], [ -54.69712, -22.116677 ], [ -54.69713, -22.116564 ] ] ] } },
{ "type": "Feature", "properties": { "id": 68711, "insc_imob": "04.01.12.34.325", "quadra_cartorio": "2", "lote_cartorio": "12", "matricula": null, "circunscricao": "1º CIRCUNSCRIÇÃO", "zoneamento": null, "condominio": null, "area_geom": 374.8, "cnm": null }, "geometry": { "type": "Polygon", "coordinates": [ [ [ -54.695412, -22.116645 ], [ -54.695423, -22.116533 ], [ -54.695713, -22.116557 ], [ -54.695702, -22.116669 ], [ -54.695412, -22.116645 ] ] ] } },
{ "type": "Feature", "properties": { "id": 72301, "insc_imob": "04.01.13.42.017", "quadra_cartorio": "11A", "lote_cartorio": "01", "matricula": null, "circunscricao": "1º CIRCUNSCRIÇÃO", "zoneamento": null, "condominio": null, "area_geom": 643.1, "cnm": null }, "geometry": { "type": "Polygon", "coordinates": [ [ [ -54.693512, -22.11744 ], [ -54.693547, -22.117089 ], [ -54.693706, -22.117103 ], [ -54.693672, -22.117454 ], [ -54.693512, -22.11744 ] ] ] } },
{ "type": "Feature", "properties": { "id": 72591, "insc_imob": "04.01.12.34.055", "quadra_cartorio": "2", "lote_cartorio": "08", "matricula": null, "circunscricao": "1º CIRCUNSCRIÇÃO", "zoneamento": null, "condominio": null, "area_geom": 565.28, "cnm": null }, "geometry": { "type": "Polygon", "coordinates": [ [ [ -54.695193, -22.1164 ], [ -54.695205, -22.116274 ], [ -54.695326, -22.116284 ], [ -54.695286, -22.116691 ], [ -54.695165, -22.116681 ], [ -54.695171, -22.116625 ], [ -54.695182, -22.116512 ], [ -54.695193, -22.1164 ] ] ] } },
{ "type": "Feature", "properties": { "id": 83945, "insc_imob": "04.01.13.43.043", "quadra_cartorio": "10A", "lote_cartorio": "03", "matricula": null, "circunscricao": "1º CIRCUNSCRIÇÃO", "zoneamento": null, "condominio": null, "area_geom": 506.68, "cnm": null }, "geometry": { "type": "Polygon", "coordinates": [ [ [ -54.692306, -22.117338 ], [ -54.692325, -22.117149 ], [ -54.69234, -22.116988 ], [ -54.692466, -22.116998 ], [ -54.692432, -22.117349 ], [ -54.692306, -22.117338 ] ] ] } },
{ "type": "Feature", "properties": { "id": 95769, "insc_imob": "04.01.12.14.325", "quadra_cartorio": "04", "lote_cartorio": "12", "matricula": null, "circunscricao": "1º CIRCUNSCRIÇÃO", "zoneamento": null, "condominio": null, "area_geom": 374.79, "cnm": null }, "geometry": { "type": "Polygon", "coordinates": [ [ [ -54.695588, -22.11476 ], [ -54.695599, -22.114647 ], [ -54.695888, -22.114672 ], [ -54.695877, -22.114784 ], [ -54.695588, -22.11476 ] ] ] } },
{ "type": "Feature", "properties": { "id": 99127, "insc_imob": "04.01.13.43.030", "quadra_cartorio": "10A", "lote_cartorio": "02", "matricula": null, "circunscricao": "1º CIRCUNSCRIÇÃO", "zoneamento": null, "condominio": null, "area_geom": 506.68, "cnm": null }, "geometry": { "type": "Polygon", "coordinates": [ [ [ -54.692432, -22.117349 ], [ -54.692466, -22.116998 ], [ -54.692591, -22.117009 ], [ -54.692557, -22.117359 ], [ -54.692432, -22.117349 ] ] ] } },
{ "type": "Feature", "properties": { "id": 99411, "insc_imob": "04.01.13.41.086", "quadra_cartorio": "12A", "lote_cartorio": "01", "matricula": null, "circunscricao": "1º CIRCUNSCRIÇÃO", "zoneamento": null, "condominio": null, "area_geom": 643.1, "cnm": null }, "geometry": { "type": "Polygon", "coordinates": [ [ [ -54.693807, -22.117465 ], [ -54.693841, -22.117114 ], [ -54.694, -22.117128 ], [ -54.693966, -22.117478 ], [ -54.693807, -22.117465 ] ] ] } },
{ "type": "Feature", "properties": { "id": 99909, "insc_imob": "04.01.12.13.231", "quadra_cartorio": "05", "lote_cartorio": "17", "matricula": null, "circunscricao": "1º CIRCUNSCRIÇÃO", "zoneamento": null, "condominio": null, "area_geom": 565.25, "cnm": null }, "geometry": { "type": "Polygon", "coordinates": [ [ [ -54.696393, -22.115309 ], [ -54.696425, -22.114983 ], [ -54.696433, -22.114902 ], [ -54.696553, -22.114912 ], [ -54.696548, -22.114969 ], [ -54.696537, -22.115081 ], [ -54.696526, -22.115193 ], [ -54.696514, -22.115319 ], [ -54.696393, -22.115309 ] ] ] } },
{ "type": "Feature", "properties": { "id": 100519, "insc_imob": "04.01.13.21.030", "quadra_cartorio": "2A", "lote_cartorio": "07", "matricula": null, "circunscricao": "1º CIRCUNSCRIÇÃO", "zoneamento": null, "condominio": null, "area_geom": 419.74, "cnm": null }, "geometry": { "type": "Polygon", "coordinates": [ [ [ -54.694542, -22.115397 ], [ -54.694554, -22.115272 ], [ -54.694844, -22.115296 ], [ -54.694832, -22.115422 ], [ -54.694542, -22.115397 ] ] ] } },
{ "type": "Feature", "properties": { "id": 105476, "insc_imob": "04.01.13.22.300", "quadra_cartorio": "5A", "lote_cartorio": "03", "matricula": null, "circunscricao": "1º CIRCUNSCRIÇÃO", "zoneamento": null, "condominio": null, "area_geom": 374.78, "cnm": null }, "geometry": { "type": "Polygon", "coordinates": [ [ [ -54.693543, -22.115775 ], [ -54.693554, -22.115662 ], [ -54.693843, -22.115687 ], [ -54.693833, -22.115799 ], [ -54.693543, -22.115775 ] ] ] } },
{ "type": "Feature", "properties": { "id": 108961, "insc_imob": "04.01.12.42.069", "quadra_cartorio": "7", "lote_cartorio": "02", "matricula": null, "circunscricao": "1º CIRCUNSCRIÇÃO", "zoneamento": null, "condominio": null, "area_geom": 506.69, "cnm": null }, "geometry": { "type": "Polygon", "coordinates": [ [ [ -54.696893, -22.117713 ], [ -54.696927, -22.117363 ], [ -54.697053, -22.117373 ], [ -54.697018, -22.117724 ], [ -54.696893, -22.117713 ] ] ] } },
{ "type": "Feature", "properties": { "id": 109110, "insc_imob": "04.01.12.14.043", "quadra_cartorio": "04", "lote_cartorio": "09", "matricula": null, "circunscricao": "1º CIRCUNSCRIÇÃO", "zoneamento": null, "condominio": null, "area_geom": 565.28, "cnm": null }, "geometry": { "type": "Polygon", "coordinates": [ [ [ -54.695462, -22.114806 ], [ -54.695501, -22.114399 ], [ -54.695622, -22.114409 ], [ -54.69561, -22.114535 ], [ -54.695599, -22.114647 ], [ -54.695588, -22.11476 ], [ -54.695582, -22.114816 ], [ -54.695462, -22.114806 ] ] ] } },
{ "type": "Feature", "properties": { "id": 113550, "insc_imob": "04.01.12.32.287", "quadra_cartorio": "8", "lote_cartorio": "15", "matricula": null, "circunscricao": "1º CIRCUNSCRIÇÃO", "zoneamento": null, "condominio": null, "area_geom": 374.77, "cnm": null }, "geometry": { "type": "Polygon", "coordinates": [ [ [ -54.697317, -22.117147 ], [ -54.697328, -22.117034 ], [ -54.697617, -22.117059 ], [ -54.697607, -22.117171 ], [ -54.697317, -22.117147 ] ] ] } },
{ "type": "Feature", "properties": { "id": 113555, "insc_imob": "04.01.12.34.030", "quadra_cartorio": "2", "lote_cartorio": "10", "matricula": null, "circunscricao": "1º CIRCUNSCRIÇÃO", "zoneamento": null, "condominio": null, "area_geom": 419.74, "cnm": null }, "geometry": { "type": "Polygon", "coordinates": [ [ [ -54.695434, -22.11642 ], [ -54.695446, -22.116294 ], [ -54.695736, -22.116319 ], [ -54.695724, -22.116445 ], [ -54.695434, -22.11642 ] ] ] } },
{ "type": "Feature", "properties": { "id": 113602, "insc_imob": "04.01.12.34.275", "quadra_cartorio": "2", "lote_cartorio": "16", "matricula": null, "circunscricao": "1º CIRCUNSCRIÇÃO", "zoneamento": null, "condominio": null, "area_geom": 419.7, "cnm": null }, "geometry": { "type": "Polygon", "coordinates": [ [ [ -54.695367, -22.117108 ], [ -54.695379, -22.116982 ], [ -54.695669, -22.117007 ], [ -54.695657, -22.117132 ], [ -54.695367, -22.117108 ] ] ] } },
{ "type": "Feature", "properties": { "id": 113625, "insc_imob": "04.01.12.34.312", "quadra_cartorio": "2", "lote_cartorio": "13", "matricula": null, "circunscricao": "1º CIRCUNSCRIÇÃO", "zoneamento": null, "condominio": null, "area_geom": 374.77, "cnm": null }, "geometry": { "type": "Polygon", "coordinates": [ [ [ -54.695407, -22.116701 ], [ -54.695412, -22.116645 ], [ -54.695702, -22.116669 ], [ -54.695691, -22.116782 ], [ -54.695401, -22.116757 ], [ -54.695407, -22.116701 ] ] ] } },
{ "type": "Feature", "properties": { "id": 113629, "insc_imob": "04.01.12.44.016", "quadra_cartorio": "1", "lote_cartorio": "06", "matricula": null, "circunscricao": "1º CIRCUNSCRIÇÃO", "zoneamento": null, "condominio": null, "area_geom": 643.1, "cnm": null }, "geometry": { "type": "Polygon", "coordinates": [ [ [ -54.695437, -22.117584 ], [ -54.695471, -22.117233 ], [ -54.69563, -22.117247 ], [ -54.695596, -22.117597 ], [ -54.695437, -22.117584 ] ] ] } },
{ "type": "Feature", "properties": { "id": 113653, "insc_imob": "04.01.12.44.069", "quadra_cartorio": "1", "lote_cartorio": "02", "matricula": null, "circunscricao": "1º CIRCUNSCRIÇÃO", "zoneamento": null, "condominio": null, "area_geom": 506.68, "cnm": null }, "geometry": { "type": "Polygon", "coordinates": [ [ [ -54.694935, -22.117541 ], [ -54.694969, -22.117191 ], [ -54.695094, -22.117201 ], [ -54.69506, -22.117552 ], [ -54.694935, -22.117541 ] ] ] } },
{ "type": "Feature", "properties": { "id": 113654, "insc_imob": "04.01.12.44.086", "quadra_cartorio": "1", "lote_cartorio": "01", "matricula": null, "circunscricao": "1º CIRCUNSCRIÇÃO", "zoneamento": null, "condominio": null, "area_geom": 643.1, "cnm": null }, "geometry": { "type": "Polygon", "coordinates": [ [ [ -54.694776, -22.117528 ], [ -54.69481, -22.117177 ], [ -54.694969, -22.117191 ], [ -54.694935, -22.117541 ], [ -54.694776, -22.117528 ] ] ] } },
{ "type": "Feature", "properties": { "id": 113814, "insc_imob": "04.01.13.11.312", "quadra_cartorio": "3A", "lote_cartorio": "04", "matricula": null, "circunscricao": "1º CIRCUNSCRIÇÃO", "zoneamento": null, "condominio": null, "area_geom": 374.79, "cnm": null }, "geometry": { "type": "Polygon", "coordinates": [ [ [ -54.694601, -22.114735 ], [ -54.694606, -22.114679 ], [ -54.694896, -22.114704 ], [ -54.694885, -22.114816 ], [ -54.694595, -22.114791 ], [ -54.694601, -22.114735 ] ] ] } },
{ "type": "Feature", "properties": { "id": 113815, "insc_imob": "04.01.13.11.325", "quadra_cartorio": "3A", "lote_cartorio": "05", "matricula": null, "circunscricao": "1º CIRCUNSCRIÇÃO", "zoneamento": null, "condominio": null, "area_geom": 374.78, "cnm": null }, "geometry": { "type": "Polygon", "coordinates": [ [ [ -54.694606, -22.114679 ], [ -54.694617, -22.114567 ], [ -54.694907, -22.114591 ], [ -54.694896, -22.114704 ], [ -54.694606, -22.114679 ] ] ] } },
{ "type": "Feature", "properties": { "id": 113836, "insc_imob": "04.01.13.21.043", "quadra_cartorio": "2A", "lote_cartorio": "08", "matricula": null, "circunscricao": "1º CIRCUNSCRIÇÃO", "zoneamento": null, "condominio": null, "area_geom": 565.27, "cnm": null }, "geometry": { "type": "Polygon", "coordinates": [ [ [ -54.694394, -22.115668 ], [ -54.694434, -22.115261 ], [ -54.694554, -22.115272 ], [ -54.694542, -22.115397 ], [ -54.694531, -22.11551 ], [ -54.69452, -22.115622 ], [ -54.694515, -22.115678 ], [ -54.694394, -22.115668 ] ] ] } },
{ "type": "Feature", "properties": { "id": 113837, "insc_imob": "04.01.13.21.112", "quadra_cartorio": "2A", "lote_cartorio": "11", "matricula": null, "circunscricao": "1º CIRCUNSCRIÇÃO", "zoneamento": null, "condominio": null, "area_geom": 374.83, "cnm": null }, "geometry": { "type": "Polygon", "coordinates": [ [ [ -54.694001, -22.115465 ], [ -54.694012, -22.115353 ], [ -54.694301, -22.115377 ], [ -54.69429, -22.115489 ], [ -54.694001, -22.115465 ] ] ] } },
{ "type": "Feature", "properties": { "id": 113909, "insc_imob": "04.01.13.21.275", "quadra_cartorio": "2A", "lote_cartorio": "01", "matricula": null, "circunscricao": "1º CIRCUNSCRIÇÃO", "zoneamento": null, "condominio": null, "area_geom": 419.81, "cnm": null }, "geometry": { "type": "Polygon", "coordinates": [ [ [ -54.694475, -22.116085 ], [ -54.694488, -22.115959 ], [ -54.694777, -22.115984 ], [ -54.694765, -22.11611 ], [ -54.694475, -22.116085 ] ] ] } },
{ "type": "Feature", "properties": { "id": 113937, "insc_imob": "04.01.13.21.300", "quadra_cartorio": "2A", "lote_cartorio": "03", "matricula": null, "circunscricao": "1º CIRCUNSCRIÇÃO", "zoneamento": null, "condominio": null, "area_geom": 374.77, "cnm": null }, "geometry": { "type": "Polygon", "coordinates": [ [ [ -54.694499, -22.115847 ], [ -54.694509, -22.115735 ], [ -54.694799, -22.115759 ], [ -54.694788, -22.115871 ], [ -54.694499, -22.115847 ] ] ] } },
{ "type": "Feature", "properties": { "id": 113962, "insc_imob": "04.01.13.22.124", "quadra_cartorio": "5A", "lote_cartorio": "12", "matricula": null, "circunscricao": "1º CIRCUNSCRIÇÃO", "zoneamento": null, "condominio": null, "area_geom": 374.78, "cnm": null }, "geometry": { "type": "Polygon", "coordinates": [ [ [ -54.693034, -22.115505 ], [ -54.693045, -22.115393 ], [ -54.693335, -22.115417 ], [ -54.693324, -22.11553 ], [ -54.693034, -22.115505 ] ] ] } },
{ "type": "Feature", "properties": { "id": 113963, "insc_imob": "04.01.13.22.149", "quadra_cartorio": "5A", "lote_cartorio": "14", "matricula": null, "circunscricao": "1º CIRCUNSCRIÇÃO", "zoneamento": null, "condominio": null, "area_geom": 374.78, "cnm": null }, "geometry": { "type": "Polygon", "coordinates": [ [ [ -54.693012, -22.11573 ], [ -54.693023, -22.115618 ], [ -54.693313, -22.115642 ], [ -54.693302, -22.115754 ], [ -54.693012, -22.11573 ] ] ] } },
{ "type": "Feature", "properties": { "id": 113964, "insc_imob": "04.01.13.22.162", "quadra_cartorio": "5A", "lote_cartorio": "15", "matricula": null, "circunscricao": "1º CIRCUNSCRIÇÃO", "zoneamento": null, "condominio": null, "area_geom": 374.77, "cnm": null }, "geometry": { "type": "Polygon", "coordinates": [ [ [ -54.693001, -22.115842 ], [ -54.693012, -22.11573 ], [ -54.693302, -22.115754 ], [ -54.693291, -22.115867 ], [ -54.693001, -22.115842 ] ] ] } },
{ "type": "Feature", "properties": { "id": 113965, "insc_imob": "04.01.13.22.206", "quadra_cartorio": "5A", "lote_cartorio": "16", "matricula": null, "circunscricao": "1º CIRCUNSCRIÇÃO", "zoneamento": null, "condominio": null, "area_geom": 419.73, "cnm": null }, "geometry": { "type": "Polygon", "coordinates": [ [ [ -54.692989, -22.115968 ], [ -54.693001, -22.115842 ], [ -54.693291, -22.115867 ], [ -54.693279, -22.115993 ], [ -54.692989, -22.115968 ] ] ] } },
{ "type": "Feature", "properties": { "id": 113986, "insc_imob": "04.01.13.22.218", "quadra_cartorio": "5A", "lote_cartorio": "17", "matricula": null, "circunscricao": "1º CIRCUNSCRIÇÃO", "zoneamento": null, "condominio": null, "area_geom": 565.26, "cnm": null }, "geometry": { "type": "Polygon", "coordinates": [ [ [ -54.693313, -22.115642 ], [ -54.693318, -22.115586 ], [ -54.693352, -22.115589 ], [ -54.693439, -22.115596 ], [ -54.693431, -22.115677 ], [ -54.693399, -22.116003 ], [ -54.693279, -22.115993 ], [ -54.693291, -22.115867 ], [ -54.693302, -22.115754 ], [ -54.693313, -22.115642 ] ] ] } },
{ "type": "Feature", "properties": { "id": 113987, "insc_imob": "04.01.13.22.231", "quadra_cartorio": "5A", "lote_cartorio": "18", "matricula": null, "circunscricao": "1º CIRCUNSCRIÇÃO", "zoneamento": null, "condominio": null, "area_geom": 565.26, "cnm": null }, "geometry": { "type": "Polygon", "coordinates": [ [ [ -54.693399, -22.116003 ], [ -54.693431, -22.115677 ], [ -54.693439, -22.115596 ], [ -54.693559, -22.115606 ], [ -54.693554, -22.115662 ], [ -54.693543, -22.115775 ], [ -54.693532, -22.115887 ], [ -54.69352, -22.116013 ], [ -54.693399, -22.116003 ] ] ] } },
{ "type": "Feature", "properties": { "id": 113988, "insc_imob": "04.01.13.22.287", "quadra_cartorio": "5A", "lote_cartorio": "02", "matricula": null, "circunscricao": "1º CIRCUNSCRIÇÃO", "zoneamento": null, "condominio": null, "area_geom": 374.78, "cnm": null }, "geometry": { "type": "Polygon", "coordinates": [ [ [ -54.693532, -22.115887 ], [ -54.693543, -22.115775 ], [ -54.693833, -22.115799 ], [ -54.693822, -22.115912 ], [ -54.693532, -22.115887 ] ] ] } },
{ "type": "Feature", "properties": { "id": 114039, "insc_imob": "04.01.13.23.206", "quadra_cartorio": "8A", "lote_cartorio": "16", "matricula": null, "circunscricao": "1º CIRCUNSCRIÇÃO", "zoneamento": null, "condominio": null, "area_geom": 419.72, "cnm": null }, "geometry": { "type": "Polygon", "coordinates": [ [ [ -54.692035, -22.115854 ], [ -54.692047, -22.115728 ], [ -54.692337, -22.115753 ], [ -54.692324, -22.115878 ], [ -54.692035, -22.115854 ] ] ] } },
{ "type": "Feature", "properties": { "id": 114109, "insc_imob": "04.01.13.31.231", "quadra_cartorio": "1A", "lote_cartorio": "18", "matricula": null, "circunscricao": "1º CIRCUNSCRIÇÃO", "zoneamento": null, "condominio": null, "area_geom": 565.27, "cnm": null }, "geometry": { "type": "Polygon", "coordinates": [ [ [ -54.694257, -22.117011 ], [ -54.694289, -22.116685 ], [ -54.694297, -22.116604 ], [ -54.694417, -22.116614 ], [ -54.694412, -22.11667 ], [ -54.694401, -22.116783 ], [ -54.69439, -22.116895 ], [ -54.694378, -22.117021 ], [ -54.694257, -22.117011 ] ] ] } },
{ "type": "Feature", "properties": { "id": 114229, "insc_imob": "04.01.13.41.030", "quadra_cartorio": "12A", "lote_cartorio": "05", "matricula": null, "circunscricao": "1º CIRCUNSCRIÇÃO", "zoneamento": null, "condominio": null, "area_geom": 506.69, "cnm": null }, "geometry": { "type": "Polygon", "coordinates": [ [ [ -54.694342, -22.11751 ], [ -54.694376, -22.11716 ], [ -54.694502, -22.11717 ], [ -54.694468, -22.117521 ], [ -54.694342, -22.11751 ] ] ] } },
{ "type": "Feature", "properties": { "id": 114230, "insc_imob": "04.01.13.41.056", "quadra_cartorio": "12A", "lote_cartorio": "03", "matricula": null, "circunscricao": "1º CIRCUNSCRIÇÃO", "zoneamento": null, "condominio": null, "area_geom": 506.69, "cnm": null }, "geometry": { "type": "Polygon", "coordinates": [ [ [ -54.694091, -22.117489 ], [ -54.694126, -22.117138 ], [ -54.694251, -22.117149 ], [ -54.694219, -22.117473 ], [ -54.694217, -22.1175 ], [ -54.694091, -22.117489 ] ] ] } },
{ "type": "Feature", "properties": { "id": 114231, "insc_imob": "04.01.13.41.069", "quadra_cartorio": "12A", "lote_cartorio": "02", "matricula": null, "circunscricao": "1º CIRCUNSCRIÇÃO", "zoneamento": null, "condominio": null, "area_geom": 506.68, "cnm": null }, "geometry": { "type": "Polygon", "coordinates": [ [ [ -54.693966, -22.117478 ], [ -54.694, -22.117128 ], [ -54.694126, -22.117138 ], [ -54.694091, -22.117489 ], [ -54.693966, -22.117478 ] ] ] } },
{ "type": "Feature", "properties": { "id": 114254, "insc_imob": "04.01.13.42.030", "quadra_cartorio": "11A", "lote_cartorio": "02", "matricula": null, "circunscricao": "1º CIRCUNSCRIÇÃO", "zoneamento": null, "condominio": null, "area_geom": 506.69, "cnm": null }, "geometry": { "type": "Polygon", "coordinates": [ [ [ -54.693387, -22.11743 ], [ -54.693421, -22.117079 ], [ -54.693547, -22.117089 ], [ -54.693512, -22.11744 ], [ -54.693387, -22.11743 ] ] ] } },
{ "type": "Feature", "properties": { "id": 114255, "insc_imob": "04.01.13.42.043", "quadra_cartorio": "11A", "lote_cartorio": "03", "matricula": null, "circunscricao": "1º CIRCUNSCRIÇÃO", "zoneamento": null, "condominio": null, "area_geom": 506.69, "cnm": null }, "geometry": { "type": "Polygon", "coordinates": [ [ [ -54.693262, -22.117419 ], [ -54.693264, -22.117392 ], [ -54.693296, -22.117068 ], [ -54.693421, -22.117079 ], [ -54.693387, -22.11743 ], [ -54.693262, -22.117419 ] ] ] } },
{ "type": "Feature", "properties": { "id": 114256, "insc_imob": "04.01.13.42.069", "quadra_cartorio": "11A", "lote_cartorio": "05", "matricula": null, "circunscricao": "1º CIRCUNSCRIÇÃO", "zoneamento": null, "condominio": null, "area_geom": 506.67, "cnm": null }, "geometry": { "type": "Polygon", "coordinates": [ [ [ -54.693011, -22.117398 ], [ -54.693045, -22.117047 ], [ -54.69317, -22.117058 ], [ -54.693136, -22.117408 ], [ -54.693011, -22.117398 ] ] ] } },
{ "type": "Feature", "properties": { "id": 114257, "insc_imob": "04.01.13.42.086", "quadra_cartorio": "11A", "lote_cartorio": "06", "matricula": null, "circunscricao": "1º CIRCUNSCRIÇÃO", "zoneamento": null, "condominio": null, "area_geom": 643.04, "cnm": null }, "geometry": { "type": "Polygon", "coordinates": [ [ [ -54.692851, -22.117384 ], [ -54.692886, -22.117034 ], [ -54.693045, -22.117047 ], [ -54.693011, -22.117398 ], [ -54.692851, -22.117384 ] ] ] } },
{ "type": "Feature", "properties": { "id": 114278, "insc_imob": "04.01.13.43.056", "quadra_cartorio": "10A", "lote_cartorio": "04", "matricula": null, "circunscricao": "1º CIRCUNSCRIÇÃO", "zoneamento": null, "condominio": null, "area_geom": 506.69, "cnm": null }, "geometry": { "type": "Polygon", "coordinates": [ [ [ -54.692181, -22.117328 ], [ -54.692215, -22.116977 ], [ -54.69234, -22.116988 ], [ -54.692325, -22.117149 ], [ -54.692306, -22.117338 ], [ -54.692181, -22.117328 ] ] ] } },
{ "type": "Feature", "properties": { "id": 114279, "insc_imob": "04.01.13.43.069", "quadra_cartorio": "10A", "lote_cartorio": "05", "matricula": null, "circunscricao": "1º CIRCUNSCRIÇÃO", "zoneamento": null, "condominio": null, "area_geom": 506.68, "cnm": null }, "geometry": { "type": "Polygon", "coordinates": [ [ [ -54.692055, -22.117317 ], [ -54.692089, -22.116966 ], [ -54.692215, -22.116977 ], [ -54.692181, -22.117328 ], [ -54.692055, -22.117317 ] ] ] } },
{ "type": "Feature", "properties": { "id": 114280, "insc_imob": "04.01.13.43.086", "quadra_cartorio": "10A", "lote_cartorio": "06", "matricula": null, "circunscricao": "1º CIRCUNSCRIÇÃO", "zoneamento": null, "condominio": null, "area_geom": 643.09, "cnm": null }, "geometry": { "type": "Polygon", "coordinates": [ [ [ -54.691896, -22.117304 ], [ -54.69193, -22.116953 ], [ -54.692089, -22.116966 ], [ -54.692055, -22.117317 ], [ -54.691896, -22.117304 ] ] ] } },
{ "type": "Feature", "properties": { "id": 118727, "insc_imob": "04.01.13.43.017", "quadra_cartorio": "10A", "lote_cartorio": "01", "matricula": null, "circunscricao": "1º CIRCUNSCRIÇÃO", "zoneamento": null, "condominio": null, "area_geom": 643.1, "cnm": null }, "geometry": { "type": "Polygon", "coordinates": [ [ [ -54.692557, -22.117359 ], [ -54.692591, -22.117009 ], [ -54.69275, -22.117022 ], [ -54.692716, -22.117373 ], [ -54.692557, -22.117359 ] ] ] } },
{ "type": "Feature", "properties": { "id": 120333, "insc_imob": "04.01.13.11.275", "quadra_cartorio": "3", "lote_cartorio": "01", "matricula": null, "circunscricao": "1º CIRCUNSCRIÇÃO", "zoneamento": null, "condominio": null, "area_geom": 419.71, "cnm": null }, "geometry": { "type": "Polygon", "coordinates": [ [ [ -54.694561, -22.115142 ], [ -54.694574, -22.115016 ], [ -54.694863, -22.115041 ], [ -54.694851, -22.115167 ], [ -54.694561, -22.115142 ] ] ] } },
{ "type": "Feature", "properties": { "id": 720, "insc_imob": "04.01.13.41.043", "quadra_cartorio": null, "lote_cartorio": "04", "matricula": null, "circunscricao": "1º CIRCUNSCRIÇÃO", "zoneamento": null, "condominio": null, "area_geom": 506.99, "cnm": null }, "geometry": { "type": "Polygon", "coordinates": [ [ [ -54.694217, -22.1175 ], [ -54.694219, -22.117473 ], [ -54.694251, -22.117149 ], [ -54.694376, -22.11716 ], [ -54.694342, -22.11751 ], [ -54.694217, -22.1175 ] ] ] } },
{ "type": "Feature", "properties": { "id": 1843, "insc_imob": "04.01.13.21.099", "quadra_cartorio": null, "lote_cartorio": "10", "matricula": null, "circunscricao": "1º CIRCUNSCRIÇÃO", "zoneamento": null, "condominio": null, "area_geom": 419.92, "cnm": null }, "geometry": { "type": "Polygon", "coordinates": [ [ [ -54.694012, -22.115353 ], [ -54.694024, -22.115227 ], [ -54.694313, -22.115251 ], [ -54.694301, -22.115377 ], [ -54.694012, -22.115353 ] ] ] } },
{ "type": "Feature", "properties": { "id": 2673, "insc_imob": "04.01.13.42.056", "quadra_cartorio": null, "lote_cartorio": "04", "matricula": null, "circunscricao": "1º CIRCUNSCRIÇÃO", "zoneamento": null, "condominio": null, "area_geom": 506.99, "cnm": null }, "geometry": { "type": "Polygon", "coordinates": [ [ [ -54.693136, -22.117408 ], [ -54.69317, -22.117058 ], [ -54.693296, -22.117068 ], [ -54.693264, -22.117392 ], [ -54.693262, -22.117419 ], [ -54.693136, -22.117408 ] ] ] } },
{ "type": "Feature", "properties": { "id": 7957, "insc_imob": "04.01.13.22.137", "quadra_cartorio": null, "lote_cartorio": "13", "matricula": null, "circunscricao": "1º CIRCUNSCRIÇÃO", "zoneamento": null, "condominio": null, "area_geom": 375.0, "cnm": null }, "geometry": { "type": "Polygon", "coordinates": [ [ [ -54.693023, -22.115618 ], [ -54.693034, -22.115505 ], [ -54.693324, -22.11553 ], [ -54.693318, -22.115586 ], [ -54.693313, -22.115642 ], [ -54.693023, -22.115618 ] ] ] } },
{ "type": "Feature", "properties": { "id": 113498, "insc_imob": "04.01.12.23.150", "quadra_cartorio": null, "lote_cartorio": "SOBRA DE ÁREA", "matricula": "TR-4976", "circunscricao": "1º CIRCUNSCRIÇÃO", "zoneamento": null, "condominio": null, "area_geom": 874.27, "cnm": null }, "geometry": { "type": "Polygon", "coordinates": [ [ [ -54.69594, -22.115838 ], [ -54.695982, -22.115401 ], [ -54.696156, -22.115415 ], [ -54.696114, -22.115852 ], [ -54.69594, -22.115838 ] ] ] } },
{ "type": "Feature", "properties": { "id": 51039, "insc_imob": "04.01.12.24.099", "quadra_cartorio": "3", "lote_cartorio": "07", "matricula": "41513", "circunscricao": "1º CIRCUNSCRIÇÃO", "zoneamento": null, "condominio": null, "area_geom": 419.73, "cnm": "062661.2.0041513-88" }, "geometry": { "type": "Polygon", "coordinates": [ [ [ -54.694983, -22.115443 ], [ -54.694995, -22.115317 ], [ -54.695284, -22.115342 ], [ -54.695272, -22.115468 ], [ -54.694983, -22.115443 ] ] ] } },
{ "type": "Feature", "properties": { "id": 51040, "insc_imob": "04.01.13.11.218", "quadra_cartorio": "3", "lote_cartorio": "17", "matricula": "14564", "circunscricao": "1º CIRCUNSCRIÇÃO", "zoneamento": null, "condominio": null, "area_geom": 565.26, "cnm": "062661.2.0014564-37" }, "geometry": { "type": "Polygon", "coordinates": [ [ [ -54.694354, -22.114771 ], [ -54.69436, -22.114715 ], [ -54.694393, -22.114718 ], [ -54.69448, -22.114725 ], [ -54.694472, -22.114806 ], [ -54.694441, -22.115132 ], [ -54.69432, -22.115122 ], [ -54.694332, -22.114996 ], [ -54.694343, -22.114884 ], [ -54.694354, -22.114771 ] ] ] } },
{ "type": "Feature", "properties": { "id": 51381, "insc_imob": "04.01.12.34.137", "quadra_cartorio": "2", "lote_cartorio": "04", "matricula": "16977", "circunscricao": "1º CIRCUNSCRIÇÃO", "zoneamento": null, "condominio": null, "area_geom": 374.78, "cnm": "062661.2.0016977-73" }, "geometry": { "type": "Polygon", "coordinates": [ [ [ -54.694871, -22.116713 ], [ -54.694881, -22.1166 ], [ -54.695171, -22.116625 ], [ -54.695165, -22.116681 ], [ -54.69516, -22.116737 ], [ -54.694871, -22.116713 ] ] ] } },
{ "type": "Feature", "properties": { "id": 51382, "insc_imob": "04.01.13.12.231", "quadra_cartorio": "4A", "lote_cartorio": "18", "matricula": "35378", "circunscricao": "1º CIRCUNSCRIÇÃO", "zoneamento": null, "condominio": null, "area_geom": 565.26, "cnm": "062661.2.0035378-63" }, "geometry": { "type": "Polygon", "coordinates": [ [ [ -54.693491, -22.115052 ], [ -54.693523, -22.114727 ], [ -54.693531, -22.114646 ], [ -54.693651, -22.114656 ], [ -54.693646, -22.114712 ], [ -54.693635, -22.114824 ], [ -54.693624, -22.114937 ], [ -54.693612, -22.115063 ], [ -54.693491, -22.115052 ] ] ] } },
{ "type": "Feature", "properties": { "id": 52747, "insc_imob": "04.01.13.11.300", "quadra_cartorio": "3", "lote_cartorio": "03", "matricula": "40973", "circunscricao": "1º CIRCUNSCRIÇÃO", "zoneamento": null, "condominio": null, "area_geom": 374.77, "cnm": "062661.2.0040973-59" }, "geometry": { "type": "Polygon", "coordinates": [ [ [ -54.694585, -22.114904 ], [ -54.694595, -22.114791 ], [ -54.694885, -22.114816 ], [ -54.694874, -22.114928 ], [ -54.694585, -22.114904 ] ] ] } },
{ "type": "Feature", "properties": { "id": 53789, "insc_imob": "04.01.12.32.275", "quadra_cartorio": "8", "lote_cartorio": "16", "matricula": "17423", "circunscricao": "1º CIRCUNSCRIÇÃO", "zoneamento": null, "condominio": null, "area_geom": 419.72, "cnm": "062661.2.0017423-93" }, "geometry": { "type": "Polygon", "coordinates": [ [ [ -54.697305, -22.117273 ], [ -54.697317, -22.117147 ], [ -54.697607, -22.117171 ], [ -54.697594, -22.117297 ], [ -54.697305, -22.117273 ] ] ] } },
{ "type": "Feature", "properties": { "id": 54152, "insc_imob": "04.01.13.12.337", "quadra_cartorio": "4A", "lote_cartorio": "06", "matricula": "56727", "circunscricao": "1º CIRCUNSCRIÇÃO", "zoneamento": null, "condominio": null, "area_geom": 374.76, "cnm": "062661.2.0056727-36" }, "geometry": { "type": "Polygon", "coordinates": [ [ [ -54.693668, -22.114487 ], [ -54.693679, -22.114375 ], [ -54.693968, -22.114399 ], [ -54.693957, -22.114512 ], [ -54.693668, -22.114487 ] ] ] } },
{ "type": "Feature", "properties": { "id": 54153, "insc_imob": "04.01.13.22.099", "quadra_cartorio": "5A", "lote_cartorio": "10", "matricula": "25031", "circunscricao": "1º CIRCUNSCRIÇÃO", "zoneamento": null, "condominio": null, "area_geom": 419.73, "cnm": "062661.2.0025031-64" }, "geometry": { "type": "Polygon", "coordinates": [ [ [ -54.693056, -22.11528 ], [ -54.693068, -22.115155 ], [ -54.693358, -22.115179 ], [ -54.693346, -22.115305 ], [ -54.693056, -22.11528 ] ] ] } },
{ "type": "Feature", "properties": { "id": 54858, "insc_imob": "04.01.12.43.086", "quadra_cartorio": "06", "lote_cartorio": "01", "matricula": "19010", "circunscricao": "1º CIRCUNSCRIÇÃO", "zoneamento": null, "condominio": null, "area_geom": 643.08, "cnm": "062661.2.0019010-85" }, "geometry": { "type": "Polygon", "coordinates": [ [ [ -54.695737, -22.117608 ], [ -54.695771, -22.117257 ], [ -54.69593, -22.11727 ], [ -54.695896, -22.117621 ], [ -54.695737, -22.117608 ] ] ] } },
{ "type": "Feature", "properties": { "id": 55575, "insc_imob": "04.01.12.13.300", "quadra_cartorio": "05", "lote_cartorio": "14", "matricula": "6448", "circunscricao": "1º CIRCUNSCRIÇÃO", "zoneamento": null, "condominio": null, "area_geom": 374.78, "cnm": "062661.2.0006448-38" }, "geometry": { "type": "Polygon", "coordinates": [ [ [ -54.696537, -22.115081 ], [ -54.696548, -22.114969 ], [ -54.696837, -22.114993 ], [ -54.696826, -22.115106 ], [ -54.696537, -22.115081 ] ] ] } },
{ "type": "Feature", "properties": { "id": 57656, "insc_imob": "04.01.12.12.275", "quadra_cartorio": "10", "lote_cartorio": "16", "matricula": "21095", "circunscricao": "1º CIRCUNSCRIÇÃO", "zoneamento": null, "condominio": null, "area_geom": 419.69, "cnm": "062661.2.0021095-38" }, "geometry": { "type": "Polygon", "coordinates": [ [ [ -54.69749, -22.115402 ], [ -54.697503, -22.115276 ], [ -54.697792, -22.1153 ], [ -54.69778, -22.115426 ], [ -54.69749, -22.115402 ] ] ] } },
{ "type": "Feature", "properties": { "id": 56882, "insc_imob": "04.01.12.13.149", "quadra_cartorio": "05", "lote_cartorio": "03", "matricula": "40957", "circunscricao": "1º CIRCUNSCRIÇÃO", "zoneamento": null, "condominio": null, "area_geom": 374.77, "cnm": "062661.2.0040957-10" }, "geometry": { "type": "Polygon", "coordinates": [ [ [ -54.696006, -22.115036 ], [ -54.696017, -22.114924 ], [ -54.696306, -22.114948 ], [ -54.696296, -22.115061 ], [ -54.696006, -22.115036 ] ] ] } },
{ "type": "Feature", "properties": { "id": 57659, "insc_imob": "04.01.13.12.124", "quadra_cartorio": "4A", "lote_cartorio": "12", "matricula": "35375", "circunscricao": "1º CIRCUNSCRIÇÃO", "zoneamento": null, "condominio": null, "area_geom": 374.78, "cnm": "062661.2.0035375-72" }, "geometry": { "type": "Polygon", "coordinates": [ [ [ -54.693126, -22.114555 ], [ -54.693137, -22.114442 ], [ -54.693427, -22.114467 ], [ -54.693416, -22.114579 ], [ -54.693126, -22.114555 ] ] ] } },
{ "type": "Feature", "properties": { "id": 58060, "insc_imob": "04.01.13.33.063", "quadra_cartorio": "01", "lote_cartorio": "11", "matricula": "67772", "circunscricao": "1º CIRCUNSCRIÇÃO", "zoneamento": null, "condominio": null, "area_geom": 219.86, "cnm": "062661.2.0067772-75" }, "geometry": { "type": "Polygon", "coordinates": [ [ [ -54.693122, -22.116719 ], [ -54.693141, -22.116521 ], [ -54.693238, -22.116529 ], [ -54.693219, -22.116727 ], [ -54.693122, -22.116719 ] ] ] } },
{ "type": "Feature", "properties": { "id": 60319, "insc_imob": "04.01.12.12.337", "quadra_cartorio": "10", "lote_cartorio": "11", "matricula": "21090", "circunscricao": "1º CIRCUNSCRIÇÃO", "zoneamento": null, "condominio": null, "area_geom": 375.16, "cnm": "062661.2.0021090-53" }, "geometry": { "type": "Polygon", "coordinates": [ [ [ -54.697546, -22.114826 ], [ -54.697557, -22.114714 ], [ -54.697847, -22.114738 ], [ -54.697836, -22.114851 ], [ -54.697824, -22.11485 ], [ -54.697546, -22.114826 ] ] ] } },
{ "type": "Feature", "properties": { "id": 61422, "insc_imob": "04.01.12.14.112", "quadra_cartorio": "04", "lote_cartorio": "06", "matricula": "5334", "circunscricao": "1º CIRCUNSCRIÇÃO", "zoneamento": null, "condominio": null, "area_geom": 374.71, "cnm": "062661.2.0005334-82" }, "geometry": { "type": "Polygon", "coordinates": [ [ [ -54.695068, -22.114603 ], [ -54.695079, -22.11449 ], [ -54.695368, -22.114515 ], [ -54.695358, -22.114627 ], [ -54.695068, -22.114603 ] ] ] } },
{ "type": "Feature", "properties": { "id": 61830, "insc_imob": "04.01.12.12.325", "quadra_cartorio": "10", "lote_cartorio": "12", "matricula": "21091", "circunscricao": "1º CIRCUNSCRIÇÃO", "zoneamento": null, "condominio": null, "area_geom": 374.4, "cnm": "062661.2.0021091-50" }, "geometry": { "type": "Polygon", "coordinates": [ [ [ -54.697535, -22.114939 ], [ -54.697546, -22.114826 ], [ -54.697824, -22.11485 ], [ -54.697836, -22.114851 ], [ -54.697825, -22.114963 ], [ -54.697535, -22.114939 ] ] ] } },
{ "type": "Feature", "properties": { "id": 63700, "insc_imob": "04.01.12.12.099", "quadra_cartorio": "10", "lote_cartorio": "07", "matricula": "69763", "circunscricao": "1º CIRCUNSCRIÇÃO", "zoneamento": null, "condominio": null, "area_geom": 419.74, "cnm": "062661.2.0069763-19" }, "geometry": { "type": "Polygon", "coordinates": [ [ [ -54.697026, -22.114669 ], [ -54.697039, -22.114543 ], [ -54.697328, -22.114568 ], [ -54.697316, -22.114693 ], [ -54.697026, -22.114669 ] ] ] } },
{ "type": "Feature", "properties": { "id": 64478, "insc_imob": "04.01.12.12.030", "quadra_cartorio": "10", "lote_cartorio": "10", "matricula": "21089", "circunscricao": "1º CIRCUNSCRIÇÃO", "zoneamento": null, "condominio": null, "area_geom": 419.74, "cnm": "062661.2.0021089-56" }, "geometry": { "type": "Polygon", "coordinates": [ [ [ -54.697557, -22.114714 ], [ -54.697569, -22.114588 ], [ -54.697859, -22.114612 ], [ -54.697847, -22.114738 ], [ -54.697557, -22.114714 ] ] ] } },
{ "type": "Feature", "properties": { "id": 67299, "insc_imob": "04.01.13.31.337", "quadra_cartorio": "1A", "lote_cartorio": "06", "matricula": "54243", "circunscricao": "1º CIRCUNSCRIÇÃO", "zoneamento": null, "condominio": null, "area_geom": 374.76, "cnm": "062661.2.0054243-19" }, "geometry": { "type": "Polygon", "coordinates": [ [ [ -54.694434, -22.116446 ], [ -54.694445, -22.116333 ], [ -54.694734, -22.116358 ], [ -54.694723, -22.11647 ], [ -54.694434, -22.116446 ] ] ] } },
{ "type": "Feature", "properties": { "id": 68002, "insc_imob": "04.01.13.11.337", "quadra_cartorio": "3", "lote_cartorio": "06", "matricula": "40972", "circunscricao": "1º CIRCUNSCRIÇÃO", "zoneamento": null, "condominio": null, "area_geom": 374.77, "cnm": "062661.2.0040972-62" }, "geometry": { "type": "Polygon", "coordinates": [ [ [ -54.694617, -22.114567 ], [ -54.694628, -22.114454 ], [ -54.694918, -22.114479 ], [ -54.694907, -22.114591 ], [ -54.694617, -22.114567 ] ] ] } },
{ "type": "Feature", "properties": { "id": 68003, "insc_imob": "04.01.13.34.206", "quadra_cartorio": "7A", "lote_cartorio": "16", "matricula": "1128", "circunscricao": "1º CIRCUNSCRIÇÃO", "zoneamento": null, "condominio": null, "area_geom": 419.74, "cnm": "062661.2.0001128-90" }, "geometry": { "type": "Polygon", "coordinates": [ [ [ -54.691908, -22.116803 ], [ -54.691921, -22.116677 ], [ -54.69221, -22.116704 ], [ -54.692197, -22.11683 ], [ -54.691908, -22.116803 ] ] ] } },
{ "type": "Feature", "properties": { "id": 68357, "insc_imob": "04.01.13.23.112", "quadra_cartorio": "8A", "lote_cartorio": "11", "matricula": "668", "circunscricao": "1º CIRCUNSCRIÇÃO", "zoneamento": null, "condominio": null, "area_geom": 374.77, "cnm": "062661.2.0000668-15" }, "geometry": { "type": "Polygon", "coordinates": [ [ [ -54.692091, -22.115279 ], [ -54.692102, -22.115166 ], [ -54.692391, -22.115191 ], [ -54.69238, -22.115303 ], [ -54.692091, -22.115279 ] ] ] } },
{ "type": "Feature", "properties": { "id": 69057, "insc_imob": "04.01.12.13.055", "quadra_cartorio": "05", "lote_cartorio": "08", "matricula": "58261", "circunscricao": "1º CIRCUNSCRIÇÃO", "zoneamento": null, "condominio": null, "area_geom": 565.28, "cnm": "062661.2.0058261-90" }, "geometry": { "type": "Polygon", "coordinates": [ [ [ -54.696339, -22.114611 ], [ -54.696351, -22.114485 ], [ -54.696472, -22.114495 ], [ -54.696433, -22.114902 ], [ -54.696312, -22.114892 ], [ -54.696317, -22.114836 ], [ -54.696328, -22.114724 ], [ -54.696339, -22.114611 ] ] ] } },
{ "type": "Feature", "properties": { "id": 71886, "insc_imob": "04.01.13.12.325", "quadra_cartorio": "4A", "lote_cartorio": "05", "matricula": "35381", "circunscricao": "1º CIRCUNSCRIÇÃO", "zoneamento": null, "condominio": null, "area_geom": 374.76, "cnm": "062661.2.0035381-54" }, "geometry": { "type": "Polygon", "coordinates": [ [ [ -54.693657, -22.1146 ], [ -54.693668, -22.114487 ], [ -54.693957, -22.114512 ], [ -54.693946, -22.114624 ], [ -54.693657, -22.1146 ] ] ] } },
{ "type": "Feature", "properties": { "id": 71902, "insc_imob": "04.01.13.23.218", "quadra_cartorio": "8A", "lote_cartorio": "17", "matricula": "45057", "circunscricao": "1º CIRCUNSCRIÇÃO", "zoneamento": null, "condominio": null, "area_geom": 565.26, "cnm": "062661.2.0045057-29" }, "geometry": { "type": "Polygon", "coordinates": [ [ [ -54.692359, -22.115528 ], [ -54.692364, -22.115472 ], [ -54.692398, -22.115474 ], [ -54.692485, -22.115482 ], [ -54.692477, -22.115563 ], [ -54.692445, -22.115889 ], [ -54.692324, -22.115878 ], [ -54.692337, -22.115753 ], [ -54.692348, -22.11564 ], [ -54.692359, -22.115528 ] ] ] } },
{ "type": "Feature", "properties": { "id": 72574, "insc_imob": "04.01.12.13.043", "quadra_cartorio": "5", "lote_cartorio": "09", "matricula": "58262", "circunscricao": "1º CIRCUNSCRIÇÃO", "zoneamento": null, "condominio": null, "area_geom": 565.29, "cnm": "062661.2.0058262-87" }, "geometry": { "type": "Polygon", "coordinates": [ [ [ -54.696433, -22.114902 ], [ -54.696472, -22.114495 ], [ -54.696593, -22.114506 ], [ -54.69658, -22.114632 ], [ -54.69657, -22.114744 ], [ -54.696559, -22.114856 ], [ -54.696553, -22.114912 ], [ -54.696433, -22.114902 ] ] ] } },
{ "type": "Feature", "properties": { "id": 72590, "insc_imob": "04.01.12.32.218", "quadra_cartorio": "8", "lote_cartorio": "18", "matricula": "38135", "circunscricao": "1º CIRCUNSCRIÇÃO", "zoneamento": null, "condominio": null, "area_geom": 565.28, "cnm": "062661.2.0038135-37" }, "geometry": { "type": "Polygon", "coordinates": [ [ [ -54.697098, -22.116901 ], [ -54.697103, -22.116845 ], [ -54.697137, -22.116848 ], [ -54.697224, -22.116855 ], [ -54.697216, -22.116936 ], [ -54.697184, -22.117262 ], [ -54.697064, -22.117252 ], [ -54.697076, -22.117126 ], [ -54.697087, -22.117014 ], [ -54.697098, -22.116901 ] ] ] } },
{ "type": "Feature", "properties": { "id": 74259, "insc_imob": "04.01.12.32.055", "quadra_cartorio": "08", "lote_cartorio": "09", "matricula": "134992", "circunscricao": "1º CIRCUNSCRIÇÃO", "zoneamento": null, "condominio": null, "area_geom": 565.28, "cnm": "062661.2.0134992-78" }, "geometry": { "type": "Polygon", "coordinates": [ [ [ -54.697224, -22.116855 ], [ -54.697263, -22.116449 ], [ -54.697384, -22.116459 ], [ -54.697372, -22.116585 ], [ -54.697361, -22.116697 ], [ -54.69735, -22.116809 ], [ -54.697344, -22.116866 ], [ -54.697224, -22.116855 ] ] ] } },
{ "type": "Feature", "properties": { "id": 74260, "insc_imob": "04.01.13.12.043", "quadra_cartorio": "4A", "lote_cartorio": "08", "matricula": "673", "circunscricao": "1º CIRCUNSCRIÇÃO", "zoneamento": null, "condominio": null, "area_geom": 565.27, "cnm": "062661.2.0000673-97" }, "geometry": { "type": "Polygon", "coordinates": [ [ [ -54.693531, -22.114646 ], [ -54.69357, -22.114239 ], [ -54.693691, -22.114249 ], [ -54.693679, -22.114375 ], [ -54.693668, -22.114487 ], [ -54.693657, -22.1146 ], [ -54.693651, -22.114656 ], [ -54.693531, -22.114646 ] ] ] } },
{ "type": "Feature", "properties": { "id": 75727, "insc_imob": "04.01.12.34.287", "quadra_cartorio": "2", "lote_cartorio": "15", "matricula": "58060", "circunscricao": "1º CIRCUNSCRIÇÃO", "zoneamento": null, "condominio": null, "area_geom": 374.76, "cnm": "062661.2.0058060-14" }, "geometry": { "type": "Polygon", "coordinates": [ [ [ -54.695379, -22.116982 ], [ -54.69539, -22.11687 ], [ -54.69568, -22.116894 ], [ -54.695669, -22.117007 ], [ -54.695379, -22.116982 ] ] ] } },
{ "type": "Feature", "properties": { "id": 76040, "insc_imob": "04.01.12.24.340", "quadra_cartorio": "03", "lote_cartorio": "P/11", "matricula": "16773", "circunscricao": "1º CIRCUNSCRIÇÃO", "zoneamento": null, "condominio": null, "area_geom": 187.38, "cnm": "062661.2.0016773-06" }, "geometry": { "type": "Polygon", "coordinates": [ [ [ -54.695803, -22.115512 ], [ -54.695792, -22.115625 ], [ -54.695647, -22.115612 ], [ -54.695658, -22.1155 ], [ -54.695803, -22.115512 ] ] ] } },
{ "type": "Feature", "properties": { "id": 76041, "insc_imob": "04.01.12.24.345", "quadra_cartorio": "03", "lote_cartorio": "P/11", "matricula": "10485", "circunscricao": "1º CIRCUNSCRIÇÃO", "zoneamento": null, "condominio": null, "area_geom": 187.36, "cnm": "062661.2.0010485-52" }, "geometry": { "type": "Polygon", "coordinates": [ [ [ -54.695502, -22.1156 ], [ -54.695513, -22.115488 ], [ -54.695658, -22.1155 ], [ -54.695647, -22.115612 ], [ -54.695502, -22.1156 ] ] ] } },
{ "type": "Feature", "properties": { "id": 76507, "insc_imob": "04.01.13.31.161", "quadra_cartorio": "1A", "lote_cartorio": "15", "matricula": "14624", "circunscricao": "1º CIRCUNSCRIÇÃO", "zoneamento": null, "condominio": null, "area_geom": 374.77, "cnm": "062661.2.0014624-51" }, "geometry": { "type": "Polygon", "coordinates": [ [ [ -54.693859, -22.11685 ], [ -54.69387, -22.116738 ], [ -54.69416, -22.116762 ], [ -54.694149, -22.116875 ], [ -54.693859, -22.11685 ] ] ] } },
{ "type": "Feature", "properties": { "id": 77345, "insc_imob": "04.01.12.12.149", "quadra_cartorio": "10", "lote_cartorio": "03", "matricula": "40970", "circunscricao": "1º CIRCUNSCRIÇÃO", "zoneamento": null, "condominio": null, "area_geom": 374.78, "cnm": "062661.2.0040970-68" }, "geometry": { "type": "Polygon", "coordinates": [ [ [ -54.696983, -22.115119 ], [ -54.696994, -22.115006 ], [ -54.697283, -22.115031 ], [ -54.697272, -22.115143 ], [ -54.696983, -22.115119 ] ] ] } },
{ "type": "Feature", "properties": { "id": 77875, "insc_imob": "04.01.12.23.240", "quadra_cartorio": "00", "lote_cartorio": "SOBRA DE ÁREA", "matricula": "TR-4976", "circunscricao": "1º CIRCUNSCRIÇÃO", "zoneamento": null, "condominio": null, "area_geom": 1446.1, "cnm": null }, "geometry": { "type": "Polygon", "coordinates": [ [ [ -54.696056, -22.116446 ], [ -54.695986, -22.117169 ], [ -54.695812, -22.117154 ], [ -54.695882, -22.116431 ], [ -54.696056, -22.116446 ] ] ] } },
{ "type": "Feature", "properties": { "id": 78596, "insc_imob": "04.01.13.34.099", "quadra_cartorio": "7A", "lote_cartorio": "10", "matricula": "1122", "circunscricao": "1º CIRCUNSCRIÇÃO", "zoneamento": null, "condominio": null, "area_geom": 419.7, "cnm": "062661.2.0001122-11" }, "geometry": { "type": "Polygon", "coordinates": [ [ [ -54.691981, -22.116116 ], [ -54.691995, -22.11599 ], [ -54.692284, -22.116017 ], [ -54.692271, -22.116143 ], [ -54.691981, -22.116116 ] ] ] } },
{ "type": "Feature", "properties": { "id": 80257, "insc_imob": "04.01.12.13.112", "quadra_cartorio": "05", "lote_cartorio": "06", "matricula": "10816", "circunscricao": "1º CIRCUNSCRIÇÃO", "zoneamento": null, "condominio": null, "area_geom": 374.79, "cnm": "062661.2.0010816-29" }, "geometry": { "type": "Polygon", "coordinates": [ [ [ -54.696039, -22.114699 ], [ -54.69605, -22.114587 ], [ -54.696339, -22.114611 ], [ -54.696328, -22.114724 ], [ -54.696039, -22.114699 ] ] ] } },
{ "type": "Feature", "properties": { "id": 80261, "insc_imob": "04.01.13.22.043", "quadra_cartorio": "5A", "lote_cartorio": "08", "matricula": "45731", "circunscricao": "1º CIRCUNSCRIÇÃO", "zoneamento": null, "condominio": null, "area_geom": 565.28, "cnm": "062661.2.0045731-44" }, "geometry": { "type": "Polygon", "coordinates": [ [ [ -54.693439, -22.115596 ], [ -54.693478, -22.115189 ], [ -54.693599, -22.115199 ], [ -54.693587, -22.115325 ], [ -54.693576, -22.115438 ], [ -54.693565, -22.11555 ], [ -54.693559, -22.115606 ], [ -54.693439, -22.115596 ] ] ] } },
{ "type": "Feature", "properties": { "id": 80607, "insc_imob": "04.01.13.23.300", "quadra_cartorio": "8A", "lote_cartorio": "03", "matricula": "45056", "circunscricao": "1º CIRCUNSCRIÇÃO", "zoneamento": null, "condominio": null, "area_geom": 374.79, "cnm": "062661.2.0045056-32" }, "geometry": { "type": "Polygon", "coordinates": [ [ [ -54.692589, -22.115661 ], [ -54.6926, -22.115548 ], [ -54.692889, -22.115573 ], [ -54.692878, -22.115685 ], [ -54.692589, -22.115661 ] ] ] } },
{ "type": "Feature", "properties": { "id": 80907, "insc_imob": "04.01.13.11.112", "quadra_cartorio": "3", "lote_cartorio": "11", "matricula": "41180", "circunscricao": "1º CIRCUNSCRIÇÃO", "zoneamento": null, "condominio": null, "area_geom": 374.77, "cnm": "062661.2.0041180-20" }, "geometry": { "type": "Polygon", "coordinates": [ [ [ -54.694087, -22.114522 ], [ -54.694098, -22.114409 ], [ -54.694387, -22.114434 ], [ -54.694376, -22.114546 ], [ -54.694087, -22.114522 ] ] ] } },
{ "type": "Feature", "properties": { "id": 80908, "insc_imob": "04.01.13.32.132", "quadra_cartorio": "02", "lote_cartorio": null, "matricula": "67772", "circunscricao": "1º CIRCUNSCRIÇÃO", "zoneamento": null, "condominio": null, "area_geom": 413.73, "cnm": "062661.2.0067772-75" }, "geometry": { "type": "Polygon", "coordinates": [ [ [ -54.692937, -22.116397 ], [ -54.692967, -22.116087 ], [ -54.693083, -22.116097 ], [ -54.693053, -22.116407 ], [ -54.692937, -22.116397 ] ] ] } },
{ "type": "Feature", "properties": { "id": 81889, "insc_imob": "04.01.12.24.231", "quadra_cartorio": "3", "lote_cartorio": "17", "matricula": "30396", "circunscricao": "1º CIRCUNSCRIÇÃO", "zoneamento": null, "condominio": null, "area_geom": 565.25, "cnm": "062661.2.0030396-71" }, "geometry": { "type": "Polygon", "coordinates": [ [ [ -54.695326, -22.116166 ], [ -54.695357, -22.11584 ], [ -54.695365, -22.115759 ], [ -54.695486, -22.115769 ], [ -54.695481, -22.115825 ], [ -54.69547, -22.115937 ], [ -54.695459, -22.11605 ], [ -54.695446, -22.116176 ], [ -54.695326, -22.116166 ] ] ] } },
{ "type": "Feature", "properties": { "id": 81890, "insc_imob": "04.01.13.21.055", "quadra_cartorio": "2A", "lote_cartorio": "09", "matricula": "58145", "circunscricao": "1º CIRCUNSCRIÇÃO", "zoneamento": null, "condominio": null, "area_geom": 565.29, "cnm": "062661.2.0058145-50" }, "geometry": { "type": "Polygon", "coordinates": [ [ [ -54.694301, -22.115377 ], [ -54.694313, -22.115251 ], [ -54.694434, -22.115261 ], [ -54.694394, -22.115668 ], [ -54.694307, -22.115661 ], [ -54.694274, -22.115658 ], [ -54.694279, -22.115602 ], [ -54.69429, -22.115489 ], [ -54.694301, -22.115377 ] ] ] } },
{ "type": "Feature", "properties": { "id": 83934, "insc_imob": "04.01.12.13.137", "quadra_cartorio": "5", "lote_cartorio": "04", "matricula": "19060", "circunscricao": "1º CIRCUNSCRIÇÃO", "zoneamento": null, "condominio": null, "area_geom": 374.79, "cnm": "062661.2.0019060-32" }, "geometry": { "type": "Polygon", "coordinates": [ [ [ -54.696017, -22.114924 ], [ -54.696028, -22.114811 ], [ -54.696317, -22.114836 ], [ -54.696312, -22.114892 ], [ -54.696306, -22.114948 ], [ -54.696017, -22.114924 ] ] ] } },
{ "type": "Feature", "properties": { "id": 84860, "insc_imob": "04.01.12.12.312", "quadra_cartorio": "10", "lote_cartorio": "13", "matricula": "21092", "circunscricao": "1º CIRCUNSCRIÇÃO", "zoneamento": null, "condominio": null, "area_geom": 374.78, "cnm": "062661.2.0021092-47" }, "geometry": { "type": "Polygon", "coordinates": [ [ [ -54.69753, -22.114995 ], [ -54.697535, -22.114939 ], [ -54.697825, -22.114963 ], [ -54.697814, -22.115075 ], [ -54.697524, -22.115051 ], [ -54.69753, -22.114995 ] ] ] } },
{ "type": "Feature", "properties": { "id": 85706, "insc_imob": "04.01.13.33.073", "quadra_cartorio": "01", "lote_cartorio": "10", "matricula": "67772", "circunscricao": "1º CIRCUNSCRIÇÃO", "zoneamento": null, "condominio": null, "area_geom": 219.85, "cnm": "062661.2.0067772-75" }, "geometry": { "type": "Polygon", "coordinates": [ [ [ -54.693026, -22.116711 ], [ -54.693045, -22.116513 ], [ -54.693141, -22.116521 ], [ -54.693122, -22.116719 ], [ -54.693026, -22.116711 ] ] ] } },
{ "type": "Feature", "properties": { "id": 97878, "insc_imob": "04.01.12.22.112", "quadra_cartorio": "9", "lote_cartorio": "06", "matricula": "40685", "circunscricao": "1º CIRCUNSCRIÇÃO", "zoneamento": null, "condominio": null, "area_geom": 374.79, "cnm": "062661.2.0040685-50" }, "geometry": { "type": "Polygon", "coordinates": [ [ [ -54.696912, -22.115726 ], [ -54.696923, -22.115614 ], [ -54.697212, -22.115638 ], [ -54.697201, -22.11575 ], [ -54.696912, -22.115726 ] ] ] } },
{ "type": "Feature", "properties": { "id": 97879, "insc_imob": "04.01.13.22.337", "quadra_cartorio": "5A", "lote_cartorio": "06", "matricula": "147397", "circunscricao": "1º CIRCUNSCRIÇÃO", "zoneamento": null, "condominio": null, "area_geom": 374.76, "cnm": "062661.2.0147397-14" }, "geometry": { "type": "Polygon", "coordinates": [ [ [ -54.693576, -22.115438 ], [ -54.693587, -22.115325 ], [ -54.693876, -22.11535 ], [ -54.693865, -22.115462 ], [ -54.693576, -22.115438 ] ] ] } },
{ "type": "Feature", "properties": { "id": 98814, "insc_imob": "04.01.12.22.099", "quadra_cartorio": "09", "lote_cartorio": "07", "matricula": "40686", "circunscricao": "1º CIRCUNSCRIÇÃO", "zoneamento": null, "condominio": null, "area_geom": 419.71, "cnm": "062661.2.0040686-47" }, "geometry": { "type": "Polygon", "coordinates": [ [ [ -54.696923, -22.115614 ], [ -54.696935, -22.115488 ], [ -54.697224, -22.115512 ], [ -54.697212, -22.115638 ], [ -54.696923, -22.115614 ] ] ] } },
{ "type": "Feature", "properties": { "id": 98949, "insc_imob": "04.01.12.13.162", "quadra_cartorio": "5", "lote_cartorio": "02", "matricula": "2157", "circunscricao": "1º CIRCUNSCRIÇÃO", "zoneamento": null, "condominio": null, "area_geom": 374.78, "cnm": "062661.2.0002157-10" }, "geometry": { "type": "Polygon", "coordinates": [ [ [ -54.695995, -22.115149 ], [ -54.696006, -22.115036 ], [ -54.696296, -22.115061 ], [ -54.696285, -22.115173 ], [ -54.695995, -22.115149 ] ] ] } },
{ "type": "Feature", "properties": { "id": 98954, "insc_imob": "04.01.12.24.149", "quadra_cartorio": "3", "lote_cartorio": "03", "matricula": "12473", "circunscricao": "1º CIRCUNSCRIÇÃO", "zoneamento": null, "condominio": null, "area_geom": 374.79, "cnm": "062661.2.0012473-05" }, "geometry": { "type": "Polygon", "coordinates": [ [ [ -54.694939, -22.115893 ], [ -54.69495, -22.11578 ], [ -54.695239, -22.115805 ], [ -54.695228, -22.115917 ], [ -54.694939, -22.115893 ] ] ] } },
{ "type": "Feature", "properties": { "id": 98955, "insc_imob": "04.01.13.11.099", "quadra_cartorio": "3", "lote_cartorio": "10", "matricula": "41179", "circunscricao": "1º CIRCUNSCRIÇÃO", "zoneamento": null, "condominio": null, "area_geom": 419.73, "cnm": "062661.2.0041179-23" }, "geometry": { "type": "Polygon", "coordinates": [ [ [ -54.694098, -22.114409 ], [ -54.69411, -22.114284 ], [ -54.694399, -22.114308 ], [ -54.694387, -22.114434 ], [ -54.694098, -22.114409 ] ] ] } },
{ "type": "Feature", "properties": { "id": 98956, "insc_imob": "04.01.13.31.124", "quadra_cartorio": "1A", "lote_cartorio": "12", "matricula": "11040", "circunscricao": "1º CIRCUNSCRIÇÃO", "zoneamento": null, "condominio": null, "area_geom": 374.78, "cnm": "062661.2.0011040-36" }, "geometry": { "type": "Polygon", "coordinates": [ [ [ -54.693892, -22.116513 ], [ -54.693903, -22.116401 ], [ -54.694193, -22.116425 ], [ -54.694182, -22.116538 ], [ -54.693892, -22.116513 ] ] ] } },
{ "type": "Feature", "properties": { "id": 99063, "insc_imob": "04.01.12.22.162", "quadra_cartorio": "9", "lote_cartorio": "02", "matricula": "29771", "circunscricao": "1º CIRCUNSCRIÇÃO", "zoneamento": null, "condominio": null, "area_geom": 374.77, "cnm": "062661.2.0029771-06" }, "geometry": { "type": "Polygon", "coordinates": [ [ [ -54.696868, -22.116176 ], [ -54.696879, -22.116063 ], [ -54.697169, -22.116088 ], [ -54.697158, -22.1162 ], [ -54.696868, -22.116176 ] ] ] } },
{ "type": "Feature", "properties": { "id": 99064, "insc_imob": "04.01.13.31.149", "quadra_cartorio": "1A", "lote_cartorio": "14", "matricula": "32956", "circunscricao": "1º CIRCUNSCRIÇÃO", "zoneamento": null, "condominio": null, "area_geom": 374.8, "cnm": "062661.2.0032956-54" }, "geometry": { "type": "Polygon", "coordinates": [ [ [ -54.69387, -22.116738 ], [ -54.693881, -22.116626 ], [ -54.694171, -22.11665 ], [ -54.69416, -22.116762 ], [ -54.69387, -22.116738 ] ] ] } },
{ "type": "Feature", "properties": { "id": 99409, "insc_imob": "04.01.12.24.055", "quadra_cartorio": "03", "lote_cartorio": "08", "matricula": "113239", "circunscricao": "1º CIRCUNSCRIÇÃO", "zoneamento": null, "condominio": null, "area_geom": 565.29, "cnm": "062661.2.0113239-56" }, "geometry": { "type": "Polygon", "coordinates": [ [ [ -54.695272, -22.115468 ], [ -54.695284, -22.115342 ], [ -54.695405, -22.115352 ], [ -54.695365, -22.115759 ], [ -54.695245, -22.115748 ], [ -54.69525, -22.115692 ], [ -54.695261, -22.11558 ], [ -54.695272, -22.115468 ] ] ] } },
{ "type": "Feature", "properties": { "id": 99410, "insc_imob": "04.01.13.23.137", "quadra_cartorio": "8A", "lote_cartorio": "13", "matricula": "670", "circunscricao": "1º CIRCUNSCRIÇÃO", "zoneamento": null, "condominio": null, "area_geom": 374.78, "cnm": "062661.2.0000670-09" }, "geometry": { "type": "Polygon", "coordinates": [ [ [ -54.692069, -22.115503 ], [ -54.69208, -22.115391 ], [ -54.692369, -22.115415 ], [ -54.692364, -22.115472 ], [ -54.692359, -22.115528 ], [ -54.692069, -22.115503 ] ] ] } },
{ "type": "Feature", "properties": { "id": 99912, "insc_imob": "04.01.13.31.043", "quadra_cartorio": "1A", "lote_cartorio": "08", "matricula": "23294", "circunscricao": "1º CIRCUNSCRIÇÃO", "zoneamento": null, "condominio": null, "area_geom": 565.27, "cnm": "062661.2.0023294-37" }, "geometry": { "type": "Polygon", "coordinates": [ [ [ -54.694297, -22.116604 ], [ -54.694336, -22.116197 ], [ -54.694457, -22.116207 ], [ -54.694445, -22.116333 ], [ -54.694434, -22.116446 ], [ -54.694423, -22.116558 ], [ -54.694417, -22.116614 ], [ -54.694297, -22.116604 ] ] ] } },
{ "type": "Feature", "properties": { "id": 99913, "insc_imob": "04.01.13.31.137", "quadra_cartorio": "1A", "lote_cartorio": "13", "matricula": "45147", "circunscricao": "1º CIRCUNSCRIÇÃO", "zoneamento": null, "condominio": null, "area_geom": 374.75, "cnm": "062661.2.0045147-50" }, "geometry": { "type": "Polygon", "coordinates": [ [ [ -54.693881, -22.116626 ], [ -54.693892, -22.116513 ], [ -54.694182, -22.116538 ], [ -54.694176, -22.116594 ], [ -54.694171, -22.11665 ], [ -54.693881, -22.116626 ] ] ] } },
{ "type": "Feature", "properties": { "id": 99988, "insc_imob": "04.01.13.21.325", "quadra_cartorio": "2A", "lote_cartorio": "05", "matricula": "13601", "circunscricao": "1º CIRCUNSCRIÇÃO", "zoneamento": null, "condominio": null, "area_geom": 374.72, "cnm": "062661.2.0013601-16" }, "geometry": { "type": "Polygon", "coordinates": [ [ [ -54.69452, -22.115622 ], [ -54.694531, -22.11551 ], [ -54.694821, -22.115534 ], [ -54.69481, -22.115647 ], [ -54.69452, -22.115622 ] ] ] } },
{ "type": "Feature", "properties": { "id": 100298, "insc_imob": "04.01.12.24.206", "quadra_cartorio": "3", "lote_cartorio": "01", "matricula": "19577", "circunscricao": "1º CIRCUNSCRIÇÃO", "zoneamento": null, "condominio": null, "area_geom": 419.73, "cnm": "062661.2.0019577-33" }, "geometry": { "type": "Polygon", "coordinates": [ [ [ -54.694916, -22.116131 ], [ -54.694928, -22.116005 ], [ -54.695217, -22.116029 ], [ -54.695205, -22.116155 ], [ -54.694916, -22.116131 ] ] ] } },
{ "type": "Feature", "properties": { "id": 100338, "insc_imob": "04.01.13.11.206", "quadra_cartorio": "3", "lote_cartorio": "16", "matricula": "2561", "circunscricao": "1º CIRCUNSCRIÇÃO", "zoneamento": null, "condominio": null, "area_geom": 419.73, "cnm": "062661.2.0002561-59" }, "geometry": { "type": "Polygon", "coordinates": [ [ [ -54.694031, -22.115097 ], [ -54.694043, -22.114971 ], [ -54.694332, -22.114996 ], [ -54.69432, -22.115122 ], [ -54.694031, -22.115097 ] ] ] } },
{ "type": "Feature", "properties": { "id": 100358, "insc_imob": "04.01.12.14.137", "quadra_cartorio": "04", "lote_cartorio": "04", "matricula": "103093", "circunscricao": "1º CIRCUNSCRIÇÃO", "zoneamento": null, "condominio": null, "area_geom": 374.78, "cnm": "062661.2.0103093-36" }, "geometry": { "type": "Polygon", "coordinates": [ [ [ -54.695046, -22.114827 ], [ -54.695057, -22.114715 ], [ -54.695347, -22.11474 ], [ -54.695341, -22.114796 ], [ -54.695336, -22.114852 ], [ -54.695046, -22.114827 ] ] ] } },
{ "type": "Feature", "properties": { "id": 100368, "insc_imob": "04.01.13.23.312", "quadra_cartorio": "8A", "lote_cartorio": "04", "matricula": "79349", "circunscricao": "1º CIRCUNSCRIÇÃO", "zoneamento": null, "condominio": null, "area_geom": 374.77, "cnm": "062661.2.0079349-70" }, "geometry": { "type": "Polygon", "coordinates": [ [ [ -54.692605, -22.115492 ], [ -54.692611, -22.115436 ], [ -54.6929, -22.11546 ], [ -54.692889, -22.115573 ], [ -54.6926, -22.115548 ], [ -54.692605, -22.115492 ] ] ] } },
{ "type": "Feature", "properties": { "id": 100417, "insc_imob": "04.01.13.23.099", "quadra_cartorio": "8A", "lote_cartorio": "10", "matricula": "667", "circunscricao": "1º CIRCUNSCRIÇÃO", "zoneamento": null, "condominio": null, "area_geom": 419.73, "cnm": "062661.2.0000667-18" }, "geometry": { "type": "Polygon", "coordinates": [ [ [ -54.692102, -22.115166 ], [ -54.692114, -22.11504 ], [ -54.692404, -22.115065 ], [ -54.692391, -22.115191 ], [ -54.692102, -22.115166 ] ] ] } },
{ "type": "Feature", "properties": { "id": 100468, "insc_imob": "04.01.12.43.030", "quadra_cartorio": "6", "lote_cartorio": "05", "matricula": "1819", "circunscricao": "1º CIRCUNSCRIÇÃO", "zoneamento": null, "condominio": null, "area_geom": 506.68, "cnm": "062661.2.0001819-54" }, "geometry": { "type": "Polygon", "coordinates": [ [ [ -54.696272, -22.117653 ], [ -54.696306, -22.117302 ], [ -54.696432, -22.117313 ], [ -54.696398, -22.117663 ], [ -54.696272, -22.117653 ] ] ] } },
{ "type": "Feature", "properties": { "id": 100481, "insc_imob": "04.01.13.12.287", "quadra_cartorio": "4A", "lote_cartorio": "02", "matricula": "32401", "circunscricao": "1º CIRCUNSCRIÇÃO", "zoneamento": null, "condominio": null, "area_geom": 374.78, "cnm": "062661.2.0032401-70" }, "geometry": { "type": "Polygon", "coordinates": [ [ [ -54.693624, -22.114937 ], [ -54.693635, -22.114824 ], [ -54.693925, -22.114849 ], [ -54.693914, -22.114961 ], [ -54.693624, -22.114937 ] ] ] } },
{ "type": "Feature", "properties": { "id": 100482, "insc_imob": "04.01.13.13.099", "quadra_cartorio": "09A", "lote_cartorio": "01 A 18", "matricula": "23190", "circunscricao": "1º CIRCUNSCRIÇÃO", "zoneamento": null, "condominio": null, "area_geom": 9044.41, "cnm": "062661.2.0023190-58" }, "geometry": { "type": "Polygon", "coordinates": [ [ [ -54.691981, -22.114936 ], [ -54.69206, -22.114122 ], [ -54.693025, -22.114204 ], [ -54.692945, -22.115017 ], [ -54.691981, -22.114936 ] ] ] } },
{ "type": "Feature", "properties": { "id": 100500, "insc_imob": "04.01.12.13.312", "quadra_cartorio": "5", "lote_cartorio": "13", "matricula": "25034", "circunscricao": "1º CIRCUNSCRIÇÃO", "zoneamento": null, "condominio": null, "area_geom": 374.76, "cnm": "062661.2.0025034-55" }, "geometry": { "type": "Polygon", "coordinates": [ [ [ -54.696553, -22.114912 ], [ -54.696559, -22.114856 ], [ -54.696848, -22.114881 ], [ -54.696837, -22.114993 ], [ -54.696548, -22.114969 ], [ -54.696553, -22.114912 ] ] ] } },
{ "type": "Feature", "properties": { "id": 100550, "insc_imob": "04.01.12.12.218", "quadra_cartorio": "10", "lote_cartorio": "18", "matricula": "21097", "circunscricao": "1º CIRCUNSCRIÇÃO", "zoneamento": null, "condominio": null, "area_geom": 565.28, "cnm": "062661.2.0021097-32" }, "geometry": { "type": "Polygon", "coordinates": [ [ [ -54.697283, -22.115031 ], [ -54.697289, -22.114974 ], [ -54.697409, -22.114985 ], [ -54.697401, -22.115066 ], [ -54.69737, -22.115391 ], [ -54.697249, -22.115381 ], [ -54.697261, -22.115255 ], [ -54.697272, -22.115143 ], [ -54.697283, -22.115031 ] ] ] } },
{ "type": "Feature", "properties": { "id": 100560, "insc_imob": "04.01.13.12.206", "quadra_cartorio": "4A", "lote_cartorio": "16", "matricula": "60587", "circunscricao": "1º CIRCUNSCRIÇÃO", "zoneamento": null, "condominio": null, "area_geom": 419.72, "cnm": "062661.2.0060587-96" }, "geometry": { "type": "Polygon", "coordinates": [ [ [ -54.693081, -22.115018 ], [ -54.693093, -22.114892 ], [ -54.693383, -22.114916 ], [ -54.693371, -22.115042 ], [ -54.693081, -22.115018 ] ] ] } },
{ "type": "Feature", "properties": { "id": 100605, "insc_imob": "04.01.12.22.206", "quadra_cartorio": "9", "lote_cartorio": "01", "matricula": "29770", "circunscricao": "1º CIRCUNSCRIÇÃO", "zoneamento": null, "condominio": null, "area_geom": 419.75, "cnm": "062661.2.0029770-09" }, "geometry": { "type": "Polygon", "coordinates": [ [ [ -54.696856, -22.116301 ], [ -54.696868, -22.116176 ], [ -54.697158, -22.1162 ], [ -54.697145, -22.116326 ], [ -54.696856, -22.116301 ] ] ] } },
{ "type": "Feature", "properties": { "id": 100630, "insc_imob": "04.01.12.44.056", "quadra_cartorio": "1", "lote_cartorio": "03", "matricula": "58513", "circunscricao": "1º CIRCUNSCRIÇÃO", "zoneamento": null, "condominio": null, "area_geom": 506.69, "cnm": "062661.2.0058513-13" }, "geometry": { "type": "Polygon", "coordinates": [ [ [ -54.69506, -22.117552 ], [ -54.695094, -22.117201 ], [ -54.69522, -22.117212 ], [ -54.695188, -22.117536 ], [ -54.695186, -22.117563 ], [ -54.69506, -22.117552 ] ] ] } },
{ "type": "Feature", "properties": { "id": 100705, "insc_imob": "04.01.13.21.337", "quadra_cartorio": "2A", "lote_cartorio": "06", "matricula": "44435", "circunscricao": "1º CIRCUNSCRIÇÃO", "zoneamento": null, "condominio": null, "area_geom": 374.76, "cnm": "062661.2.0044435-52" }, "geometry": { "type": "Polygon", "coordinates": [ [ [ -54.694531, -22.11551 ], [ -54.694542, -22.115397 ], [ -54.694832, -22.115422 ], [ -54.694821, -22.115534 ], [ -54.694531, -22.11551 ] ] ] } },
{ "type": "Feature", "properties": { "id": 100786, "insc_imob": "04.01.12.14.162", "quadra_cartorio": "04", "lote_cartorio": "02", "matricula": "9687", "circunscricao": "1º CIRCUNSCRIÇÃO", "zoneamento": null, "condominio": null, "area_geom": 374.77, "cnm": "062661.2.0009687-21" }, "geometry": { "type": "Polygon", "coordinates": [ [ [ -54.695024, -22.115052 ], [ -54.695035, -22.11494 ], [ -54.695325, -22.114964 ], [ -54.695314, -22.115077 ], [ -54.695024, -22.115052 ] ] ] } },
{ "type": "Feature", "properties": { "id": 100787, "insc_imob": "04.01.13.11.149", "quadra_cartorio": "03A", "lote_cartorio": "14", "matricula": "8795", "circunscricao": "1º CIRCUNSCRIÇÃO", "zoneamento": null, "condominio": null, "area_geom": 374.78, "cnm": "062661.2.0008795-78" }, "geometry": { "type": "Polygon", "coordinates": [ [ [ -54.694054, -22.114859 ], [ -54.694065, -22.114747 ], [ -54.694354, -22.114771 ], [ -54.694343, -22.114884 ], [ -54.694054, -22.114859 ] ] ] } },
{ "type": "Feature", "properties": { "id": 100788, "insc_imob": "04.01.13.12.218", "quadra_cartorio": "4A", "lote_cartorio": "17", "matricula": "35377", "circunscricao": "1º CIRCUNSCRIÇÃO", "zoneamento": null, "condominio": null, "area_geom": 565.27, "cnm": "062661.2.0035377-66" }, "geometry": { "type": "Polygon", "coordinates": [ [ [ -54.693405, -22.114692 ], [ -54.69341, -22.114635 ], [ -54.693444, -22.114638 ], [ -54.693531, -22.114646 ], [ -54.693523, -22.114727 ], [ -54.693491, -22.115052 ], [ -54.693371, -22.115042 ], [ -54.693383, -22.114916 ], [ -54.693394, -22.114804 ], [ -54.693405, -22.114692 ] ] ] } },
{ "type": "Feature", "properties": { "id": 101043, "insc_imob": "04.01.12.32.300", "quadra_cartorio": "8", "lote_cartorio": "14", "matricula": "68344", "circunscricao": "1º CIRCUNSCRIÇÃO", "zoneamento": null, "condominio": null, "area_geom": 374.78, "cnm": "062661.2.0068344-08" }, "geometry": { "type": "Polygon", "coordinates": [ [ [ -54.697328, -22.117034 ], [ -54.697339, -22.116922 ], [ -54.697628, -22.116946 ], [ -54.697617, -22.117059 ], [ -54.697328, -22.117034 ] ] ] } },
{ "type": "Feature", "properties": { "id": 101080, "insc_imob": "04.01.12.34.300", "quadra_cartorio": "2", "lote_cartorio": "14", "matricula": "19450", "circunscricao": "1º CIRCUNSCRIÇÃO", "zoneamento": null, "condominio": null, "area_geom": 374.79, "cnm": "062661.2.0019450-26" }, "geometry": { "type": "Polygon", "coordinates": [ [ [ -54.69539, -22.11687 ], [ -54.695401, -22.116757 ], [ -54.695691, -22.116782 ], [ -54.69568, -22.116894 ], [ -54.69539, -22.11687 ] ] ] } },
{ "type": "Feature", "properties": { "id": 101237, "insc_imob": "04.01.13.34.030", "quadra_cartorio": "7A", "lote_cartorio": "07", "matricula": "1119", "circunscricao": "1º CIRCUNSCRIÇÃO", "zoneamento": null, "condominio": null, "area_geom": 419.73, "cnm": "062661.2.0001119-20" }, "geometry": { "type": "Polygon", "coordinates": [ [ [ -54.692512, -22.116165 ], [ -54.692525, -22.116039 ], [ -54.692814, -22.116066 ], [ -54.692801, -22.116192 ], [ -54.692512, -22.116165 ] ] ] } },
{ "type": "Feature", "properties": { "id": 101466, "insc_imob": "04.01.13.12.300", "quadra_cartorio": "4A", "lote_cartorio": "03", "matricula": "32402", "circunscricao": "1º CIRCUNSCRIÇÃO", "zoneamento": null, "condominio": null, "area_geom": 374.79, "cnm": "062661.2.0032402-67" }, "geometry": { "type": "Polygon", "coordinates": [ [ [ -54.693635, -22.114824 ], [ -54.693646, -22.114712 ], [ -54.693935, -22.114736 ], [ -54.693925, -22.114849 ], [ -54.693635, -22.114824 ] ] ] } },
{ "type": "Feature", "properties": { "id": 101678, "insc_imob": "04.01.12.14.055", "quadra_cartorio": "4", "lote_cartorio": "08", "matricula": "5335", "circunscricao": "1º CIRCUNSCRIÇÃO", "zoneamento": null, "condominio": null, "area_geom": 565.28, "cnm": "062661.2.0005335-79" }, "geometry": { "type": "Polygon", "coordinates": [ [ [ -54.695368, -22.114515 ], [ -54.695381, -22.114389 ], [ -54.695501, -22.114399 ], [ -54.695462, -22.114806 ], [ -54.695341, -22.114796 ], [ -54.695347, -22.11474 ], [ -54.695358, -22.114627 ], [ -54.695368, -22.114515 ] ] ] } },
{ "type": "Feature", "properties": { "id": 101685, "insc_imob": "04.01.13.12.099", "quadra_cartorio": "4A", "lote_cartorio": "10", "matricula": "35373", "circunscricao": "1º CIRCUNSCRIÇÃO", "zoneamento": null, "condominio": null, "area_geom": 419.74, "cnm": "062661.2.0035373-78" }, "geometry": { "type": "Polygon", "coordinates": [ [ [ -54.693148, -22.11433 ], [ -54.69316, -22.114204 ], [ -54.69345, -22.114229 ], [ -54.693438, -22.114354 ], [ -54.693148, -22.11433 ] ] ] } },
{ "type": "Feature", "properties": { "id": 101716, "insc_imob": "04.01.12.24.312", "quadra_cartorio": "3", "lote_cartorio": "13", "matricula": "19437", "circunscricao": "1º CIRCUNSCRIÇÃO", "zoneamento": null, "condominio": null, "area_geom": 374.78, "cnm": "062661.2.0019437-65" }, "geometry": { "type": "Polygon", "coordinates": [ [ [ -54.695486, -22.115769 ], [ -54.695491, -22.115713 ], [ -54.695781, -22.115737 ], [ -54.69577, -22.11585 ], [ -54.695481, -22.115825 ], [ -54.695486, -22.115769 ] ] ] } },
{ "type": "Feature", "properties": { "id": 101731, "insc_imob": "04.01.12.32.030", "quadra_cartorio": "8", "lote_cartorio": "10", "matricula": "3781", "circunscricao": "1º CIRCUNSCRIÇÃO", "zoneamento": null, "condominio": null, "area_geom": 419.74, "cnm": "062661.2.0003781-85" }, "geometry": { "type": "Polygon", "coordinates": [ [ [ -54.697372, -22.116585 ], [ -54.697384, -22.116459 ], [ -54.697673, -22.116483 ], [ -54.697661, -22.116609 ], [ -54.697372, -22.116585 ] ] ] } },
{ "type": "Feature", "properties": { "id": 101945, "insc_imob": "04.01.12.43.017", "quadra_cartorio": "6", "lote_cartorio": "06", "matricula": "3984", "circunscricao": "1º CIRCUNSCRIÇÃO", "zoneamento": null, "condominio": null, "area_geom": 643.1, "cnm": "062661.2.0003984-58" }, "geometry": { "type": "Polygon", "coordinates": [ [ [ -54.696398, -22.117663 ], [ -54.696432, -22.117313 ], [ -54.696591, -22.117326 ], [ -54.696557, -22.117677 ], [ -54.696398, -22.117663 ] ] ] } },
{ "type": "Feature", "properties": { "id": 102304, "insc_imob": "04.01.12.12.055", "quadra_cartorio": "10", "lote_cartorio": "08", "matricula": "21087", "circunscricao": "1º CIRCUNSCRIÇÃO", "zoneamento": null, "condominio": null, "area_geom": 565.29, "cnm": "062661.2.0021087-62" }, "geometry": { "type": "Polygon", "coordinates": [ [ [ -54.697316, -22.114693 ], [ -54.697328, -22.114568 ], [ -54.697449, -22.114578 ], [ -54.697409, -22.114985 ], [ -54.697289, -22.114974 ], [ -54.697294, -22.114918 ], [ -54.697305, -22.114806 ], [ -54.697316, -22.114693 ] ] ] } },
{ "type": "Feature", "properties": { "id": 102313, "insc_imob": "04.01.12.42.056", "quadra_cartorio": "7", "lote_cartorio": "03", "matricula": "32636", "circunscricao": "1º CIRCUNSCRIÇÃO", "zoneamento": null, "condominio": null, "area_geom": 506.69, "cnm": "062661.2.0032636-44" }, "geometry": { "type": "Polygon", "coordinates": [ [ [ -54.697018, -22.117724 ], [ -54.697053, -22.117373 ], [ -54.697178, -22.117384 ], [ -54.697146, -22.117707 ], [ -54.697144, -22.117734 ], [ -54.697018, -22.117724 ] ] ] } },
{ "type": "Feature", "properties": { "id": 102330, "insc_imob": "04.01.12.13.337", "quadra_cartorio": "5", "lote_cartorio": "11", "matricula": "45428", "circunscricao": "1º CIRCUNSCRIÇÃO", "zoneamento": null, "condominio": null, "area_geom": 374.77, "cnm": "062661.2.0045428-80" }, "geometry": { "type": "Polygon", "coordinates": [ [ [ -54.69657, -22.114744 ], [ -54.69658, -22.114632 ], [ -54.69687, -22.114656 ], [ -54.696859, -22.114768 ], [ -54.69657, -22.114744 ] ] ] } },
{ "type": "Feature", "properties": { "id": 102336, "insc_imob": "04.01.12.42.030", "quadra_cartorio": "7", "lote_cartorio": "05", "matricula": "29413", "circunscricao": "1º CIRCUNSCRIÇÃO", "zoneamento": null, "condominio": null, "area_geom": 506.68, "cnm": "062661.2.0029413-13" }, "geometry": { "type": "Polygon", "coordinates": [ [ [ -54.697269, -22.117745 ], [ -54.697303, -22.117394 ], [ -54.697429, -22.117405 ], [ -54.697395, -22.117756 ], [ -54.697269, -22.117745 ] ] ] } },
{ "type": "Feature", "properties": { "id": 102356, "insc_imob": "04.01.12.34.162", "quadra_cartorio": "2", "lote_cartorio": "02", "matricula": "19499", "circunscricao": "1º CIRCUNSCRIÇÃO", "zoneamento": null, "condominio": null, "area_geom": 374.77, "cnm": "062661.2.0019499-73" }, "geometry": { "type": "Polygon", "coordinates": [ [ [ -54.694849, -22.116937 ], [ -54.69486, -22.116825 ], [ -54.695149, -22.116849 ], [ -54.695138, -22.116962 ], [ -54.694849, -22.116937 ] ] ] } },
{ "type": "Feature", "properties": { "id": 102357, "insc_imob": "04.01.13.12.055", "quadra_cartorio": "4A", "lote_cartorio": "09", "matricula": "66285", "circunscricao": "1º CIRCUNSCRIÇÃO", "zoneamento": null, "condominio": null, "area_geom": 565.29, "cnm": "062661.2.0066285-74" }, "geometry": { "type": "Polygon", "coordinates": [ [ [ -54.693438, -22.114354 ], [ -54.69345, -22.114229 ], [ -54.69357, -22.114239 ], [ -54.693531, -22.114646 ], [ -54.693444, -22.114638 ], [ -54.69341, -22.114635 ], [ -54.693416, -22.114579 ], [ -54.693427, -22.114467 ], [ -54.693438, -22.114354 ] ] ] } },
{ "type": "Feature", "properties": { "id": 102591, "insc_imob": "04.01.12.43.056", "quadra_cartorio": "6", "lote_cartorio": "03", "matricula": "674", "circunscricao": "1º CIRCUNSCRIÇÃO", "zoneamento": null, "condominio": null, "area_geom": 506.69, "cnm": "062661.2.0000674-94" }, "geometry": { "type": "Polygon", "coordinates": [ [ [ -54.696021, -22.117632 ], [ -54.696055, -22.117281 ], [ -54.696181, -22.117292 ], [ -54.696149, -22.117615 ], [ -54.696147, -22.117642 ], [ -54.696021, -22.117632 ] ] ] } },
{ "type": "Feature", "properties": { "id": 102592, "insc_imob": "04.01.13.34.275", "quadra_cartorio": "7A", "lote_cartorio": "01", "matricula": "1113", "circunscricao": "1º CIRCUNSCRIÇÃO", "zoneamento": null, "condominio": null, "area_geom": 419.71, "cnm": "062661.2.0001113-38" }, "geometry": { "type": "Polygon", "coordinates": [ [ [ -54.692438, -22.116852 ], [ -54.692451, -22.116727 ], [ -54.692741, -22.116753 ], [ -54.692727, -22.116879 ], [ -54.692438, -22.116852 ] ] ] } },
{ "type": "Feature", "properties": { "id": 102612, "insc_imob": "04.01.13.31.112", "quadra_cartorio": "1A", "lote_cartorio": "11", "matricula": "37918", "circunscricao": "1º CIRCUNSCRIÇÃO", "zoneamento": null, "condominio": null, "area_geom": 374.78, "cnm": "062661.2.0037918-09" }, "geometry": { "type": "Polygon", "coordinates": [ [ [ -54.693903, -22.116401 ], [ -54.693914, -22.116288 ], [ -54.694204, -22.116313 ], [ -54.694193, -22.116425 ], [ -54.693903, -22.116401 ] ] ] } },
{ "type": "Feature", "properties": { "id": 102637, "insc_imob": "04.01.12.32.206", "quadra_cartorio": "8", "lote_cartorio": "01", "matricula": "25560", "circunscricao": "1º CIRCUNSCRIÇÃO", "zoneamento": null, "condominio": null, "area_geom": 419.75, "cnm": "062661.2.0025560-29" }, "geometry": { "type": "Polygon", "coordinates": [ [ [ -54.696774, -22.117228 ], [ -54.696786, -22.117102 ], [ -54.697076, -22.117126 ], [ -54.697064, -22.117252 ], [ -54.696774, -22.117228 ] ] ] } },
{ "type": "Feature", "properties": { "id": 102653, "insc_imob": "04.01.13.22.112", "quadra_cartorio": "5A", "lote_cartorio": "11", "matricula": "25032", "circunscricao": "1º CIRCUNSCRIÇÃO", "zoneamento": null, "condominio": null, "area_geom": 374.76, "cnm": "062661.2.0025032-61" }, "geometry": { "type": "Polygon", "coordinates": [ [ [ -54.693045, -22.115393 ], [ -54.693056, -22.11528 ], [ -54.693346, -22.115305 ], [ -54.693335, -22.115417 ], [ -54.693045, -22.115393 ] ] ] } },
{ "type": "Feature", "properties": { "id": 102681, "insc_imob": "04.01.12.12.287", "quadra_cartorio": "10", "lote_cartorio": "15", "matricula": "21094", "circunscricao": "1º CIRCUNSCRIÇÃO", "zoneamento": null, "condominio": null, "area_geom": 374.77, "cnm": "062661.2.0021094-41" }, "geometry": { "type": "Polygon", "coordinates": [ [ [ -54.697503, -22.115276 ], [ -54.697513, -22.115163 ], [ -54.697803, -22.115188 ], [ -54.697792, -22.1153 ], [ -54.697503, -22.115276 ] ] ] } },
{ "type": "Feature", "properties": { "id": 102686, "insc_imob": "04.01.13.34.043", "quadra_cartorio": "7A", "lote_cartorio": "08", "matricula": "1120", "circunscricao": "1º CIRCUNSCRIÇÃO", "zoneamento": null, "condominio": null, "area_geom": 565.27, "cnm": "062661.2.0001120-17" }, "geometry": { "type": "Polygon", "coordinates": [ [ [ -54.692361, -22.116435 ], [ -54.692405, -22.116028 ], [ -54.692525, -22.116039 ], [ -54.692512, -22.116165 ], [ -54.6925, -22.116277 ], [ -54.692488, -22.11639 ], [ -54.692482, -22.116446 ], [ -54.692361, -22.116435 ] ] ] } },
{ "type": "Feature", "properties": { "id": 102713, "insc_imob": "04.01.13.34.337", "quadra_cartorio": "7A", "lote_cartorio": "06", "matricula": "1118", "circunscricao": "1º CIRCUNSCRIÇÃO", "zoneamento": null, "condominio": null, "area_geom": 374.78, "cnm": "062661.2.0001118-23" }, "geometry": { "type": "Polygon", "coordinates": [ [ [ -54.6925, -22.116277 ], [ -54.692512, -22.116165 ], [ -54.692801, -22.116192 ], [ -54.692789, -22.116304 ], [ -54.6925, -22.116277 ] ] ] } },
{ "type": "Feature", "properties": { "id": 102730, "insc_imob": "04.01.12.13.275", "quadra_cartorio": "5", "lote_cartorio": "16", "matricula": "46053", "circunscricao": "1º CIRCUNSCRIÇÃO", "zoneamento": null, "condominio": null, "area_geom": 419.74, "cnm": "062661.2.0046053-48" }, "geometry": { "type": "Polygon", "coordinates": [ [ [ -54.696514, -22.115319 ], [ -54.696526, -22.115193 ], [ -54.696815, -22.115218 ], [ -54.696803, -22.115344 ], [ -54.696514, -22.115319 ] ] ] } },
{ "type": "Feature", "properties": { "id": 102754, "insc_imob": "04.01.12.34.218", "quadra_cartorio": "2", "lote_cartorio": "18", "matricula": "30391", "circunscricao": "1º CIRCUNSCRIÇÃO", "zoneamento": null, "condominio": null, "area_geom": 565.27, "cnm": "062661.2.0030391-86" }, "geometry": { "type": "Polygon", "coordinates": [ [ [ -54.69516, -22.116737 ], [ -54.695165, -22.116681 ], [ -54.695286, -22.116691 ], [ -54.695278, -22.116772 ], [ -54.695247, -22.117098 ], [ -54.695126, -22.117088 ], [ -54.695138, -22.116962 ], [ -54.695149, -22.116849 ], [ -54.69516, -22.116737 ] ] ] } },
{ "type": "Feature", "properties": { "id": 103400, "insc_imob": "04.01.12.14.312", "quadra_cartorio": "04", "lote_cartorio": "13", "matricula": "29409", "circunscricao": "1º CIRCUNSCRIÇÃO", "zoneamento": null, "condominio": null, "area_geom": 374.77, "cnm": "062661.2.0029409-25" }, "geometry": { "type": "Polygon", "coordinates": [ [ [ -54.695582, -22.114816 ], [ -54.695588, -22.11476 ], [ -54.695877, -22.114784 ], [ -54.695866, -22.114897 ], [ -54.695577, -22.114872 ], [ -54.695582, -22.114816 ] ] ] } },
{ "type": "Feature", "properties": { "id": 103407, "insc_imob": "04.01.12.22.231", "quadra_cartorio": "9", "lote_cartorio": "17", "matricula": "29772", "circunscricao": "1º CIRCUNSCRIÇÃO", "zoneamento": null, "condominio": null, "area_geom": 565.28, "cnm": "062661.2.0029772-03" }, "geometry": { "type": "Polygon", "coordinates": [ [ [ -54.697266, -22.116336 ], [ -54.697298, -22.11601 ], [ -54.697306, -22.115929 ], [ -54.697426, -22.115939 ], [ -54.697421, -22.115996 ], [ -54.69741, -22.116108 ], [ -54.697399, -22.11622 ], [ -54.697387, -22.116346 ], [ -54.697266, -22.116336 ] ] ] } },
{ "type": "Feature", "properties": { "id": 103620, "insc_imob": "04.01.12.12.162", "quadra_cartorio": "10", "lote_cartorio": "02", "matricula": "19069", "circunscricao": "1º CIRCUNSCRIÇÃO", "zoneamento": null, "condominio": null, "area_geom": 374.77, "cnm": "062661.2.0019069-05" }, "geometry": { "type": "Polygon", "coordinates": [ [ [ -54.696972, -22.115231 ], [ -54.696983, -22.115119 ], [ -54.697272, -22.115143 ], [ -54.697261, -22.115255 ], [ -54.696972, -22.115231 ] ] ] } },
{ "type": "Feature", "properties": { "id": 104113, "insc_imob": "04.01.12.22.137", "quadra_cartorio": "9", "lote_cartorio": "04", "matricula": "40683", "circunscricao": "1º CIRCUNSCRIÇÃO", "zoneamento": null, "condominio": null, "area_geom": 374.78, "cnm": "062661.2.0040683-56" }, "geometry": { "type": "Polygon", "coordinates": [ [ [ -54.69689, -22.115951 ], [ -54.696901, -22.115838 ], [ -54.69719, -22.115863 ], [ -54.697185, -22.115919 ], [ -54.697179, -22.115975 ], [ -54.69689, -22.115951 ] ] ] } },
{ "type": "Feature", "properties": { "id": 104114, "insc_imob": "04.01.13.23.124", "quadra_cartorio": "8A", "lote_cartorio": "12", "matricula": "669", "circunscricao": "1º CIRCUNSCRIÇÃO", "zoneamento": null, "condominio": null, "area_geom": 374.77, "cnm": "062661.2.0000669-12" }, "geometry": { "type": "Polygon", "coordinates": [ [ [ -54.69208, -22.115391 ], [ -54.692091, -22.115279 ], [ -54.69238, -22.115303 ], [ -54.692369, -22.115415 ], [ -54.69208, -22.115391 ] ] ] } },
{ "type": "Feature", "properties": { "id": 104367, "insc_imob": "04.01.12.12.206", "quadra_cartorio": "10", "lote_cartorio": "01", "matricula": "24323", "circunscricao": "1º CIRCUNSCRIÇÃO", "zoneamento": null, "condominio": null, "area_geom": 419.74, "cnm": "062661.2.0024323-54" }, "geometry": { "type": "Polygon", "coordinates": [ [ [ -54.69696, -22.115357 ], [ -54.696972, -22.115231 ], [ -54.697261, -22.115255 ], [ -54.697249, -22.115381 ], [ -54.69696, -22.115357 ] ] ] } },
{ "type": "Feature", "properties": { "id": 104369, "insc_imob": "04.01.12.22.275", "quadra_cartorio": "9", "lote_cartorio": "16", "matricula": "57800", "circunscricao": "1º CIRCUNSCRIÇÃO", "zoneamento": null, "condominio": null, "area_geom": 419.71, "cnm": "062661.2.0057800-18" }, "geometry": { "type": "Polygon", "coordinates": [ [ [ -54.697387, -22.116346 ], [ -54.697399, -22.11622 ], [ -54.697688, -22.116245 ], [ -54.697676, -22.116371 ], [ -54.697387, -22.116346 ] ] ] } },
{ "type": "Feature", "properties": { "id": 104374, "insc_imob": "04.01.13.23.325", "quadra_cartorio": "8A", "lote_cartorio": "05", "matricula": "138286", "circunscricao": "1º CIRCUNSCRIÇÃO", "zoneamento": null, "condominio": null, "area_geom": 374.77, "cnm": "062661.2.0138286-90" }, "geometry": { "type": "Polygon", "coordinates": [ [ [ -54.692611, -22.115436 ], [ -54.692622, -22.115323 ], [ -54.692911, -22.115348 ], [ -54.6929, -22.11546 ], [ -54.692611, -22.115436 ] ] ] } },
{ "type": "Feature", "properties": { "id": 104704, "insc_imob": "04.01.13.34.112", "quadra_cartorio": "7A", "lote_cartorio": "11", "matricula": "1123", "circunscricao": "1º CIRCUNSCRIÇÃO", "zoneamento": null, "condominio": null, "area_geom": 374.78, "cnm": "062661.2.0001123-08" }, "geometry": { "type": "Polygon", "coordinates": [ [ [ -54.691969, -22.116228 ], [ -54.691981, -22.116116 ], [ -54.692271, -22.116143 ], [ -54.692259, -22.116255 ], [ -54.691969, -22.116228 ] ] ] } },
{ "type": "Feature", "properties": { "id": 104797, "insc_imob": "04.01.13.31.312", "quadra_cartorio": "1A", "lote_cartorio": "04", "matricula": "44046", "circunscricao": "1º CIRCUNSCRIÇÃO", "zoneamento": null, "condominio": null, "area_geom": 374.8, "cnm": "062661.2.0044046-55" }, "geometry": { "type": "Polygon", "coordinates": [ [ [ -54.694417, -22.116614 ], [ -54.694423, -22.116558 ], [ -54.694712, -22.116582 ], [ -54.694701, -22.116695 ], [ -54.694412, -22.11667 ], [ -54.694417, -22.116614 ] ] ] } },
{ "type": "Feature", "properties": { "id": 104861, "insc_imob": "04.01.12.32.149", "quadra_cartorio": "08", "lote_cartorio": "03", "matricula": "25662", "circunscricao": "1º CIRCUNSCRIÇÃO", "zoneamento": null, "condominio": null, "area_geom": 374.77, "cnm": "062661.2.0025662-14" }, "geometry": { "type": "Polygon", "coordinates": [ [ [ -54.696797, -22.116989 ], [ -54.696808, -22.116877 ], [ -54.697098, -22.116901 ], [ -54.697087, -22.117014 ], [ -54.696797, -22.116989 ] ] ] } },
{ "type": "Feature", "properties": { "id": 104949, "insc_imob": "04.01.12.24.325", "quadra_cartorio": "3", "lote_cartorio": "12", "matricula": "25428", "circunscricao": "1º CIRCUNSCRIÇÃO", "zoneamento": null, "condominio": null, "area_geom": 374.8, "cnm": "062661.2.0025428-37" }, "geometry": { "type": "Polygon", "coordinates": [ [ [ -54.695491, -22.115713 ], [ -54.695502, -22.1156 ], [ -54.695792, -22.115625 ], [ -54.695781, -22.115737 ], [ -54.695491, -22.115713 ] ] ] } },
{ "type": "Feature", "properties": { "id": 105043, "insc_imob": "04.01.12.12.112", "quadra_cartorio": "10", "lote_cartorio": "06", "matricula": "16801", "circunscricao": "1º CIRCUNSCRIÇÃO", "zoneamento": null, "condominio": null, "area_geom": 374.74, "cnm": "062661.2.0016801-19" }, "geometry": { "type": "Polygon", "coordinates": [ [ [ -54.697016, -22.114781 ], [ -54.697026, -22.114669 ], [ -54.697316, -22.114693 ], [ -54.697305, -22.114806 ], [ -54.697016, -22.114781 ] ] ] } },
{ "type": "Feature", "properties": { "id": 105047, "insc_imob": "04.01.12.22.055", "quadra_cartorio": "9", "lote_cartorio": "08", "matricula": "40687", "circunscricao": "1º CIRCUNSCRIÇÃO", "zoneamento": null, "condominio": null, "area_geom": 565.28, "cnm": "062661.2.0040687-44" }, "geometry": { "type": "Polygon", "coordinates": [ [ [ -54.697212, -22.115638 ], [ -54.697224, -22.115512 ], [ -54.697345, -22.115522 ], [ -54.697306, -22.115929 ], [ -54.697219, -22.115922 ], [ -54.697185, -22.115919 ], [ -54.69719, -22.115863 ], [ -54.697201, -22.11575 ], [ -54.697212, -22.115638 ] ] ] } },
{ "type": "Feature", "properties": { "id": 105344, "insc_imob": "04.01.13.11.055", "quadra_cartorio": "3", "lote_cartorio": "09", "matricula": "26225", "circunscricao": "1º CIRCUNSCRIÇÃO", "zoneamento": null, "condominio": null, "area_geom": 565.29, "cnm": "062661.2.0026225-71" }, "geometry": { "type": "Polygon", "coordinates": [ [ [ -54.694387, -22.114434 ], [ -54.694399, -22.114308 ], [ -54.69452, -22.114318 ], [ -54.69448, -22.114725 ], [ -54.694393, -22.114718 ], [ -54.69436, -22.114715 ], [ -54.694365, -22.114659 ], [ -54.694376, -22.114546 ], [ -54.694387, -22.114434 ] ] ] } },
{ "type": "Feature", "properties": { "id": 105399, "insc_imob": "04.01.12.32.231", "quadra_cartorio": "8", "lote_cartorio": "17", "matricula": "11977", "circunscricao": "1º CIRCUNSCRIÇÃO", "zoneamento": null, "condominio": null, "area_geom": 565.27, "cnm": "062661.2.0011977-38" }, "geometry": { "type": "Polygon", "coordinates": [ [ [ -54.697184, -22.117262 ], [ -54.697216, -22.116936 ], [ -54.697224, -22.116855 ], [ -54.697344, -22.116866 ], [ -54.697339, -22.116922 ], [ -54.697328, -22.117034 ], [ -54.697317, -22.117147 ], [ -54.697305, -22.117273 ], [ -54.697184, -22.117262 ] ] ] } },
{ "type": "Feature", "properties": { "id": 105603, "insc_imob": "04.01.12.14.124", "quadra_cartorio": "04", "lote_cartorio": "05", "matricula": "103094", "circunscricao": "1º CIRCUNSCRIÇÃO", "zoneamento": null, "condominio": null, "area_geom": 374.84, "cnm": "062661.2.0103094-33" }, "geometry": { "type": "Polygon", "coordinates": [ [ [ -54.695057, -22.114715 ], [ -54.695068, -22.114603 ], [ -54.695358, -22.114627 ], [ -54.695347, -22.11474 ], [ -54.695057, -22.114715 ] ] ] } },
{ "type": "Feature", "properties": { "id": 105735, "insc_imob": "04.01.13.21.218", "quadra_cartorio": "2A", "lote_cartorio": "17", "matricula": "29278", "circunscricao": "1º CIRCUNSCRIÇÃO", "zoneamento": null, "condominio": null, "area_geom": 565.26, "cnm": "062661.2.0029278-30" }, "geometry": { "type": "Polygon", "coordinates": [ [ [ -54.694268, -22.115714 ], [ -54.694274, -22.115658 ], [ -54.694307, -22.115661 ], [ -54.694394, -22.115668 ], [ -54.694386, -22.115749 ], [ -54.694355, -22.116075 ], [ -54.694234, -22.116065 ], [ -54.694246, -22.115939 ], [ -54.694257, -22.115827 ], [ -54.694268, -22.115714 ] ] ] } },
{ "type": "Feature", "properties": { "id": 105818, "insc_imob": "04.01.13.23.149", "quadra_cartorio": "8A", "lote_cartorio": "14", "matricula": "671", "circunscricao": "1º CIRCUNSCRIÇÃO", "zoneamento": null, "condominio": null, "area_geom": 374.77, "cnm": "062661.2.0000671-06" }, "geometry": { "type": "Polygon", "coordinates": [ [ [ -54.692058, -22.115616 ], [ -54.692069, -22.115503 ], [ -54.692359, -22.115528 ], [ -54.692348, -22.11564 ], [ -54.692058, -22.115616 ] ] ] } },
{ "type": "Feature", "properties": { "id": 105925, "insc_imob": "04.01.13.11.124", "quadra_cartorio": "3A", "lote_cartorio": "12", "matricula": "67331", "circunscricao": "1º CIRCUNSCRIÇÃO", "zoneamento": null, "condominio": null, "area_geom": 374.78, "cnm": "062661.2.0067331-40" }, "geometry": { "type": "Polygon", "coordinates": [ [ [ -54.694076, -22.114634 ], [ -54.694087, -22.114522 ], [ -54.694376, -22.114546 ], [ -54.694365, -22.114659 ], [ -54.694076, -22.114634 ] ] ] } },
{ "type": "Feature", "properties": { "id": 106179, "insc_imob": "04.01.13.33.152", "quadra_cartorio": "01", "lote_cartorio": "07", "matricula": "67772", "circunscricao": "1º CIRCUNSCRIÇÃO", "zoneamento": null, "condominio": null, "area_geom": 219.87, "cnm": "062661.2.0067772-75" }, "geometry": { "type": "Polygon", "coordinates": [ [ [ -54.693006, -22.116909 ], [ -54.693026, -22.116711 ], [ -54.693122, -22.116719 ], [ -54.693103, -22.116917 ], [ -54.693006, -22.116909 ] ] ] } },
{ "type": "Feature", "properties": { "id": 106180, "insc_imob": "04.01.13.34.231", "quadra_cartorio": "7A", "lote_cartorio": "18", "matricula": "1130", "circunscricao": "1º CIRCUNSCRIÇÃO", "zoneamento": null, "condominio": null, "area_geom": 565.26, "cnm": "062661.2.0001130-84" }, "geometry": { "type": "Polygon", "coordinates": [ [ [ -54.692318, -22.116841 ], [ -54.692352, -22.116516 ], [ -54.692361, -22.116435 ], [ -54.692482, -22.116446 ], [ -54.692476, -22.116502 ], [ -54.692463, -22.116614 ], [ -54.692451, -22.116727 ], [ -54.692438, -22.116852 ], [ -54.692318, -22.116841 ] ] ] } },
{ "type": "Feature", "properties": { "id": 106574, "insc_imob": "04.01.12.22.337", "quadra_cartorio": "9", "lote_cartorio": "11", "matricula": "25033", "circunscricao": "1º CIRCUNSCRIÇÃO", "zoneamento": null, "condominio": null, "area_geom": 374.77, "cnm": "062661.2.0025033-58" }, "geometry": { "type": "Polygon", "coordinates": [ [ [ -54.697443, -22.115771 ], [ -54.697453, -22.115658 ], [ -54.697743, -22.115683 ], [ -54.697732, -22.115795 ], [ -54.697443, -22.115771 ] ] ] } },
{ "type": "Feature", "properties": { "id": 106575, "insc_imob": "04.01.13.11.162", "quadra_cartorio": "3", "lote_cartorio": "15", "matricula": "2562", "circunscricao": "1º CIRCUNSCRIÇÃO", "zoneamento": null, "condominio": null, "area_geom": 374.77, "cnm": "062661.2.0002562-56" }, "geometry": { "type": "Polygon", "coordinates": [ [ [ -54.694043, -22.114971 ], [ -54.694054, -22.114859 ], [ -54.694343, -22.114884 ], [ -54.694332, -22.114996 ], [ -54.694043, -22.114971 ] ] ] } },
{ "type": "Feature", "properties": { "id": 106932, "insc_imob": "04.01.12.13.124", "quadra_cartorio": "05", "lote_cartorio": "05", "matricula": "33455", "circunscricao": "1º CIRCUNSCRIÇÃO", "zoneamento": null, "condominio": null, "area_geom": 374.79, "cnm": "062661.2.0033455-12" }, "geometry": { "type": "Polygon", "coordinates": [ [ [ -54.696028, -22.114811 ], [ -54.696039, -22.114699 ], [ -54.696328, -22.114724 ], [ -54.696317, -22.114836 ], [ -54.696028, -22.114811 ] ] ] } },
{ "type": "Feature", "properties": { "id": 106937, "insc_imob": "04.01.13.11.231", "quadra_cartorio": "3 A", "lote_cartorio": "18", "matricula": "47750", "circunscricao": "1º CIRCUNSCRIÇÃO", "zoneamento": null, "condominio": null, "area_geom": 565.25, "cnm": "062661.2.0047750-98" }, "geometry": { "type": "Polygon", "coordinates": [ [ [ -54.694441, -22.115132 ], [ -54.694472, -22.114806 ], [ -54.69448, -22.114725 ], [ -54.694601, -22.114735 ], [ -54.694595, -22.114791 ], [ -54.694585, -22.114904 ], [ -54.694574, -22.115016 ], [ -54.694561, -22.115142 ], [ -54.694441, -22.115132 ] ] ] } },
{ "type": "Feature", "properties": { "id": 107282, "insc_imob": "04.01.12.14.231", "quadra_cartorio": "04", "lote_cartorio": "17", "matricula": "2196", "circunscricao": "1º CIRCUNSCRIÇÃO", "zoneamento": null, "condominio": null, "area_geom": 565.27, "cnm": "062661.2.0002196-87" }, "geometry": { "type": "Polygon", "coordinates": [ [ [ -54.695422, -22.115213 ], [ -54.695454, -22.114887 ], [ -54.695462, -22.114806 ], [ -54.695582, -22.114816 ], [ -54.695577, -22.114872 ], [ -54.695566, -22.114985 ], [ -54.695555, -22.115097 ], [ -54.695543, -22.115223 ], [ -54.695422, -22.115213 ] ] ] } },
{ "type": "Feature", "properties": { "id": 107283, "insc_imob": "04.01.13.12.149", "quadra_cartorio": "4A", "lote_cartorio": "14", "matricula": "35380", "circunscricao": "1º CIRCUNSCRIÇÃO", "zoneamento": null, "condominio": null, "area_geom": 374.77, "cnm": "062661.2.0035380-57" }, "geometry": { "type": "Polygon", "coordinates": [ [ [ -54.693104, -22.11478 ], [ -54.693115, -22.114667 ], [ -54.693405, -22.114692 ], [ -54.693394, -22.114804 ], [ -54.693104, -22.11478 ] ] ] } },
{ "type": "Feature", "properties": { "id": 108908, "insc_imob": "04.01.12.23.060", "quadra_cartorio": "00", "lote_cartorio": "IGREJA", "matricula": "TR-10301", "circunscricao": "1º CIRCUNSCRIÇÃO", "zoneamento": null, "condominio": null, "area_geom": 3254.23, "cnm": null }, "geometry": { "type": "Polygon", "coordinates": [ [ [ -54.696114, -22.115852 ], [ -54.696156, -22.115415 ], [ -54.696803, -22.11547 ], [ -54.69676, -22.115907 ], [ -54.696114, -22.115852 ] ] ] } },
{ "type": "Feature", "properties": { "id": 108909, "insc_imob": "04.01.12.24.124", "quadra_cartorio": "3", "lote_cartorio": "05", "matricula": "81118", "circunscricao": "1º CIRCUNSCRIÇÃO", "zoneamento": null, "condominio": null, "area_geom": 374.89, "cnm": "062661.2.0081118-98" }, "geometry": { "type": "Polygon", "coordinates": [ [ [ -54.694961, -22.115668 ], [ -54.694972, -22.115555 ], [ -54.695261, -22.11558 ], [ -54.69525, -22.115692 ], [ -54.694961, -22.115668 ] ] ] } },
{ "type": "Feature", "properties": { "id": 108991, "insc_imob": "04.01.13.21.206", "quadra_cartorio": "2A", "lote_cartorio": "16", "matricula": "101745", "circunscricao": "1º CIRCUNSCRIÇÃO", "zoneamento": null, "condominio": null, "area_geom": 419.71, "cnm": "062661.2.0101745-06" }, "geometry": { "type": "Polygon", "coordinates": [ [ [ -54.693945, -22.11604 ], [ -54.693957, -22.115915 ], [ -54.694246, -22.115939 ], [ -54.694234, -22.116065 ], [ -54.693945, -22.11604 ] ] ] } },
{ "type": "Feature", "properties": { "id": 109081, "insc_imob": "04.01.12.13.325", "quadra_cartorio": "5", "lote_cartorio": "12", "matricula": "45783", "circunscricao": "1º CIRCUNSCRIÇÃO", "zoneamento": null, "condominio": null, "area_geom": 374.79, "cnm": "062661.2.0045783-82" }, "geometry": { "type": "Polygon", "coordinates": [ [ [ -54.696559, -22.114856 ], [ -54.69657, -22.114744 ], [ -54.696859, -22.114768 ], [ -54.696848, -22.114881 ], [ -54.696559, -22.114856 ] ] ] } },
{ "type": "Feature", "properties": { "id": 110719, "insc_imob": "04.01.12.13.030", "quadra_cartorio": "5", "lote_cartorio": "10", "matricula": "20678", "circunscricao": "1º CIRCUNSCRIÇÃO", "zoneamento": null, "condominio": null, "area_geom": 419.72, "cnm": "062661.2.0020678-28" }, "geometry": { "type": "Polygon", "coordinates": [ [ [ -54.69658, -22.114632 ], [ -54.696593, -22.114506 ], [ -54.696882, -22.11453 ], [ -54.69687, -22.114656 ], [ -54.69658, -22.114632 ] ] ] } },
{ "type": "Feature", "properties": { "id": 113415, "insc_imob": "04.01.12.14.099", "quadra_cartorio": "04", "lote_cartorio": "07", "matricula": "58052", "circunscricao": "1º CIRCUNSCRIÇÃO", "zoneamento": null, "condominio": null, "area_geom": 419.74, "cnm": "062661.2.0058052-38" }, "geometry": { "type": "Polygon", "coordinates": [ [ [ -54.695079, -22.11449 ], [ -54.695091, -22.114364 ], [ -54.695381, -22.114389 ], [ -54.695368, -22.114515 ], [ -54.695079, -22.11449 ] ] ] } },
{ "type": "Feature", "properties": { "id": 113490, "insc_imob": "04.01.12.14.239", "quadra_cartorio": "04", "lote_cartorio": "P/15E16", "matricula": "2128", "circunscricao": "1º CIRCUNSCRIÇÃO", "zoneamento": null, "condominio": null, "area_geom": 211.86, "cnm": "062661.2.0002128-97" }, "geometry": { "type": "Polygon", "coordinates": [ [ [ -54.695543, -22.115223 ], [ -54.695566, -22.114985 ], [ -54.695643, -22.114991 ], [ -54.69562, -22.115229 ], [ -54.695543, -22.115223 ] ] ] } },
{ "type": "Feature", "properties": { "id": 113491, "insc_imob": "04.01.12.14.300", "quadra_cartorio": "04", "lote_cartorio": "14", "matricula": "30692", "circunscricao": "1º CIRCUNSCRIÇÃO", "zoneamento": null, "condominio": null, "area_geom": 374.78, "cnm": "062661.2.0030692-56" }, "geometry": { "type": "Polygon", "coordinates": [ [ [ -54.695566, -22.114985 ], [ -54.695577, -22.114872 ], [ -54.695866, -22.114897 ], [ -54.695855, -22.115009 ], [ -54.695566, -22.114985 ] ] ] } },
{ "type": "Feature", "properties": { "id": 113492, "insc_imob": "04.01.12.22.030", "quadra_cartorio": "9", "lote_cartorio": "10", "matricula": "24806", "circunscricao": "1º CIRCUNSCRIÇÃO", "zoneamento": null, "condominio": null, "area_geom": 419.73, "cnm": "062661.2.0024806-60" }, "geometry": { "type": "Polygon", "coordinates": [ [ [ -54.697453, -22.115658 ], [ -54.697466, -22.115533 ], [ -54.697755, -22.115557 ], [ -54.697743, -22.115683 ], [ -54.697453, -22.115658 ] ] ] } },
{ "type": "Feature", "properties": { "id": 113493, "insc_imob": "04.01.12.22.043", "quadra_cartorio": "9", "lote_cartorio": "09", "matricula": "3478", "circunscricao": "1º CIRCUNSCRIÇÃO", "zoneamento": null, "condominio": null, "area_geom": 565.28, "cnm": "062661.2.0003478-24" }, "geometry": { "type": "Polygon", "coordinates": [ [ [ -54.697306, -22.115929 ], [ -54.697345, -22.115522 ], [ -54.697466, -22.115533 ], [ -54.697453, -22.115658 ], [ -54.697443, -22.115771 ], [ -54.697432, -22.115883 ], [ -54.697426, -22.115939 ], [ -54.697306, -22.115929 ] ] ] } },
{ "type": "Feature", "properties": { "id": 113494, "insc_imob": "04.01.12.22.124", "quadra_cartorio": "9", "lote_cartorio": "05", "matricula": "40684", "circunscricao": "1º CIRCUNSCRIÇÃO", "zoneamento": null, "condominio": null, "area_geom": 374.79, "cnm": "062661.2.0040684-53" }, "geometry": { "type": "Polygon", "coordinates": [ [ [ -54.696901, -22.115838 ], [ -54.696912, -22.115726 ], [ -54.697201, -22.11575 ], [ -54.69719, -22.115863 ], [ -54.696901, -22.115838 ] ] ] } },
{ "type": "Feature", "properties": { "id": 113495, "insc_imob": "04.01.12.22.149", "quadra_cartorio": "9", "lote_cartorio": "03", "matricula": "40682", "circunscricao": "1º CIRCUNSCRIÇÃO", "zoneamento": null, "condominio": null, "area_geom": 374.78, "cnm": "062661.2.0040682-59" }, "geometry": { "type": "Polygon", "coordinates": [ [ [ -54.696879, -22.116063 ], [ -54.69689, -22.115951 ], [ -54.697179, -22.115975 ], [ -54.697169, -22.116088 ], [ -54.696879, -22.116063 ] ] ] } },
{ "type": "Feature", "properties": { "id": 113496, "insc_imob": "04.01.12.22.218", "quadra_cartorio": "9", "lote_cartorio": "18", "matricula": "29773", "circunscricao": "1º CIRCUNSCRIÇÃO", "zoneamento": null, "condominio": null, "area_geom": 565.29, "cnm": "062661.2.0029773-97" }, "geometry": { "type": "Polygon", "coordinates": [ [ [ -54.697179, -22.115975 ], [ -54.697185, -22.115919 ], [ -54.697219, -22.115922 ], [ -54.697306, -22.115929 ], [ -54.697298, -22.11601 ], [ -54.697266, -22.116336 ], [ -54.697145, -22.116326 ], [ -54.697158, -22.1162 ], [ -54.697169, -22.116088 ], [ -54.697179, -22.115975 ] ] ] } },
{ "type": "Feature", "properties": { "id": 113497, "insc_imob": "04.01.12.22.287", "quadra_cartorio": "9", "lote_cartorio": "15", "matricula": "57799", "circunscricao": "1º CIRCUNSCRIÇÃO", "zoneamento": null, "condominio": null, "area_geom": 374.79, "cnm": "062661.2.0057799-21" }, "geometry": { "type": "Polygon", "coordinates": [ [ [ -54.697399, -22.11622 ], [ -54.69741, -22.116108 ], [ -54.697699, -22.116132 ], [ -54.697688, -22.116245 ], [ -54.697399, -22.11622 ] ] ] } },
{ "type": "Feature", "properties": { "id": 113499, "insc_imob": "04.01.12.23.351", "quadra_cartorio": "20", "lote_cartorio": "11", "matricula": "148818", "circunscricao": "1º CIRCUNSCRIÇÃO", "zoneamento": null, "condominio": null, "area_geom": 5606.71, "cnm": "062661.2.0148818-19" }, "geometry": { "type": "Polygon", "coordinates": [ [ [ -54.69594, -22.115838 ], [ -54.696114, -22.115852 ], [ -54.69676, -22.115907 ], [ -54.696702, -22.1165 ], [ -54.695882, -22.116431 ], [ -54.69594, -22.115838 ] ] ] } },
{ "type": "Feature", "properties": { "id": 113501, "insc_imob": "04.01.12.24.043", "quadra_cartorio": "03", "lote_cartorio": "09", "matricula": "113240", "circunscricao": "1º CIRCUNSCRIÇÃO", "zoneamento": null, "condominio": null, "area_geom": 565.29, "cnm": "062661.2.0113240-53" }, "geometry": { "type": "Polygon", "coordinates": [ [ [ -54.695365, -22.115759 ], [ -54.695405, -22.115352 ], [ -54.695526, -22.115362 ], [ -54.695513, -22.115488 ], [ -54.695502, -22.1156 ], [ -54.695491, -22.115713 ], [ -54.695486, -22.115769 ], [ -54.695365, -22.115759 ] ] ] } },
{ "type": "Feature", "properties": { "id": 113502, "insc_imob": "04.01.12.24.112", "quadra_cartorio": "3", "lote_cartorio": "06", "matricula": "12174", "circunscricao": "1º CIRCUNSCRIÇÃO", "zoneamento": null, "condominio": null, "area_geom": 374.64, "cnm": "062661.2.0012174-29" }, "geometry": { "type": "Polygon", "coordinates": [ [ [ -54.694972, -22.115555 ], [ -54.694983, -22.115443 ], [ -54.695272, -22.115468 ], [ -54.695261, -22.11558 ], [ -54.694972, -22.115555 ] ] ] } },
{ "type": "Feature", "properties": { "id": 113503, "insc_imob": "04.01.12.24.137", "quadra_cartorio": "3", "lote_cartorio": "04", "matricula": "12474", "circunscricao": "1º CIRCUNSCRIÇÃO", "zoneamento": null, "condominio": null, "area_geom": 374.78, "cnm": "062661.2.0012474-02" }, "geometry": { "type": "Polygon", "coordinates": [ [ [ -54.69495, -22.11578 ], [ -54.694961, -22.115668 ], [ -54.69525, -22.115692 ], [ -54.695245, -22.115748 ], [ -54.695239, -22.115805 ], [ -54.69495, -22.11578 ] ] ] } },
{ "type": "Feature", "properties": { "id": 113504, "insc_imob": "04.01.12.24.162", "quadra_cartorio": "3", "lote_cartorio": "02", "matricula": "30392", "circunscricao": "1º CIRCUNSCRIÇÃO", "zoneamento": null, "condominio": null, "area_geom": 374.78, "cnm": "062661.2.0030392-83" }, "geometry": { "type": "Polygon", "coordinates": [ [ [ -54.694928, -22.116005 ], [ -54.694939, -22.115893 ], [ -54.695228, -22.115917 ], [ -54.695217, -22.116029 ], [ -54.694928, -22.116005 ] ] ] } },
{ "type": "Feature", "properties": { "id": 113505, "insc_imob": "04.01.12.24.218", "quadra_cartorio": "3", "lote_cartorio": "18", "matricula": "30397", "circunscricao": "1º CIRCUNSCRIÇÃO", "zoneamento": null, "condominio": null, "area_geom": 565.26, "cnm": "062661.2.0030397-68" }, "geometry": { "type": "Polygon", "coordinates": [ [ [ -54.695239, -22.115805 ], [ -54.695245, -22.115748 ], [ -54.695365, -22.115759 ], [ -54.695357, -22.11584 ], [ -54.695326, -22.116166 ], [ -54.695205, -22.116155 ], [ -54.695217, -22.116029 ], [ -54.695228, -22.115917 ], [ -54.695239, -22.115805 ] ] ] } },
{ "type": "Feature", "properties": { "id": 113506, "insc_imob": "04.01.12.24.287", "quadra_cartorio": "03", "lote_cartorio": "15", "matricula": "30394", "circunscricao": "1º CIRCUNSCRIÇÃO", "zoneamento": null, "condominio": null, "area_geom": 374.76, "cnm": "062661.2.0030394-77" }, "geometry": { "type": "Polygon", "coordinates": [ [ [ -54.695459, -22.11605 ], [ -54.69547, -22.115937 ], [ -54.695759, -22.115962 ], [ -54.695748, -22.116074 ], [ -54.695459, -22.11605 ] ] ] } },
{ "type": "Feature", "properties": { "id": 113507, "insc_imob": "04.01.12.24.300", "quadra_cartorio": "3", "lote_cartorio": "14", "matricula": "30393", "circunscricao": "1º CIRCUNSCRIÇÃO", "zoneamento": null, "condominio": null, "area_geom": 374.78, "cnm": "062661.2.0030393-80" }, "geometry": { "type": "Polygon", "coordinates": [ [ [ -54.69547, -22.115937 ], [ -54.695481, -22.115825 ], [ -54.69577, -22.11585 ], [ -54.695759, -22.115962 ], [ -54.69547, -22.115937 ] ] ] } },
{ "type": "Feature", "properties": { "id": 113521, "insc_imob": "04.01.12.32.099", "quadra_cartorio": "08", "lote_cartorio": "07", "matricula": "38999", "circunscricao": "1º CIRCUNSCRIÇÃO", "zoneamento": null, "condominio": null, "area_geom": 419.74, "cnm": "062661.2.0038999-64" }, "geometry": { "type": "Polygon", "coordinates": [ [ [ -54.696841, -22.11654 ], [ -54.696853, -22.116414 ], [ -54.697143, -22.116438 ], [ -54.69713, -22.116564 ], [ -54.696841, -22.11654 ] ] ] } },
{ "type": "Feature", "properties": { "id": 113548, "insc_imob": "04.01.12.32.112", "quadra_cartorio": "08", "lote_cartorio": "06", "matricula": "38999", "circunscricao": "1º CIRCUNSCRIÇÃO", "zoneamento": null, "condominio": null, "area_geom": 374.77, "cnm": "062661.2.0038999-64" }, "geometry": { "type": "Polygon", "coordinates": [ [ [ -54.69683, -22.116652 ], [ -54.696841, -22.11654 ], [ -54.69713, -22.116564 ], [ -54.69712, -22.116677 ], [ -54.69683, -22.116652 ] ] ] } },
{ "type": "Feature", "properties": { "id": 113549, "insc_imob": "04.01.12.32.137", "quadra_cartorio": "8", "lote_cartorio": "04", "matricula": "25598", "circunscricao": "1º CIRCUNSCRIÇÃO", "zoneamento": null, "condominio": null, "area_geom": 374.77, "cnm": "062661.2.0025598-12" }, "geometry": { "type": "Polygon", "coordinates": [ [ [ -54.696808, -22.116877 ], [ -54.696819, -22.116765 ], [ -54.697109, -22.116789 ], [ -54.697103, -22.116845 ], [ -54.697098, -22.116901 ], [ -54.696808, -22.116877 ] ] ] } },
{ "type": "Feature", "properties": { "id": 113551, "insc_imob": "04.01.12.32.312", "quadra_cartorio": "8", "lote_cartorio": "13", "matricula": "68344", "circunscricao": "1º CIRCUNSCRIÇÃO", "zoneamento": null, "condominio": null, "area_geom": 374.8, "cnm": "062661.2.0068344-08" }, "geometry": { "type": "Polygon", "coordinates": [ [ [ -54.697344, -22.116866 ], [ -54.69735, -22.116809 ], [ -54.697639, -22.116834 ], [ -54.697628, -22.116946 ], [ -54.697339, -22.116922 ], [ -54.697344, -22.116866 ] ] ] } },
{ "type": "Feature", "properties": { "id": 113552, "insc_imob": "04.01.12.32.325", "quadra_cartorio": "08", "lote_cartorio": "12", "matricula": "137759", "circunscricao": "1º CIRCUNSCRIÇÃO", "zoneamento": null, "condominio": null, "area_geom": 374.76, "cnm": "062661.2.0137759-22" }, "geometry": { "type": "Polygon", "coordinates": [ [ [ -54.69735, -22.116809 ], [ -54.697361, -22.116697 ], [ -54.69765, -22.116722 ], [ -54.697639, -22.116834 ], [ -54.69735, -22.116809 ] ] ] } },
{ "type": "Feature", "properties": { "id": 113553, "insc_imob": "04.01.12.32.337", "quadra_cartorio": "8", "lote_cartorio": "11", "matricula": "69849", "circunscricao": "1º CIRCUNSCRIÇÃO", "zoneamento": null, "condominio": null, "area_geom": 374.76, "cnm": "062661.2.0069849-52" }, "geometry": { "type": "Polygon", "coordinates": [ [ [ -54.697361, -22.116697 ], [ -54.697372, -22.116585 ], [ -54.697661, -22.116609 ], [ -54.69765, -22.116722 ], [ -54.697361, -22.116697 ] ] ] } },
{ "type": "Feature", "properties": { "id": 113554, "insc_imob": "04.01.12.33.244", "quadra_cartorio": "20", "lote_cartorio": "P/L 11", "matricula": "67770", "circunscricao": "1º CIRCUNSCRIÇÃO", "zoneamento": null, "condominio": null, "area_geom": 5383.2, "cnm": "062661.2.0067770-81" }, "geometry": { "type": "Polygon", "coordinates": [ [ [ -54.695986, -22.117169 ], [ -54.696056, -22.116446 ], [ -54.696702, -22.1165 ], [ -54.696632, -22.117223 ], [ -54.695986, -22.117169 ] ] ] } },
{ "type": "Feature", "properties": { "id": 113572, "insc_imob": "04.01.12.34.043", "quadra_cartorio": "02", "lote_cartorio": "09", "matricula": "30388", "circunscricao": "1º CIRCUNSCRIÇÃO", "zoneamento": null, "condominio": null, "area_geom": 565.27, "cnm": "062661.2.0030388-95" }, "geometry": { "type": "Polygon", "coordinates": [ [ [ -54.695286, -22.116691 ], [ -54.695326, -22.116284 ], [ -54.695446, -22.116294 ], [ -54.695434, -22.11642 ], [ -54.695423, -22.116533 ], [ -54.695412, -22.116645 ], [ -54.695407, -22.116701 ], [ -54.695286, -22.116691 ] ] ] } },
{ "type": "Feature", "properties": { "id": 113573, "insc_imob": "04.01.12.34.099", "quadra_cartorio": "2", "lote_cartorio": "07", "matricula": "47636", "circunscricao": "1º CIRCUNSCRIÇÃO", "zoneamento": null, "condominio": null, "area_geom": 419.73, "cnm": "062661.2.0047636-52" }, "geometry": { "type": "Polygon", "coordinates": [ [ [ -54.694903, -22.116375 ], [ -54.694916, -22.116249 ], [ -54.695205, -22.116274 ], [ -54.695193, -22.1164 ], [ -54.694903, -22.116375 ] ] ] } },
{ "type": "Feature", "properties": { "id": 113574, "insc_imob": "04.01.12.34.124", "quadra_cartorio": "2", "lote_cartorio": "05", "matricula": "26576", "circunscricao": "1º CIRCUNSCRIÇÃO", "zoneamento": null, "condominio": null, "area_geom": 374.78, "cnm": "062661.2.0026576-85" }, "geometry": { "type": "Polygon", "coordinates": [ [ [ -54.694881, -22.1166 ], [ -54.694892, -22.116488 ], [ -54.695182, -22.116512 ], [ -54.695171, -22.116625 ], [ -54.694881, -22.1166 ] ] ] } },
{ "type": "Feature", "properties": { "id": 113599, "insc_imob": "04.01.12.34.149", "quadra_cartorio": "2", "lote_cartorio": "03", "matricula": "16976", "circunscricao": "1º CIRCUNSCRIÇÃO", "zoneamento": null, "condominio": null, "area_geom": 374.77, "cnm": "062661.2.0016976-76" }, "geometry": { "type": "Polygon", "coordinates": [ [ [ -54.69486, -22.116825 ], [ -54.694871, -22.116713 ], [ -54.69516, -22.116737 ], [ -54.695149, -22.116849 ], [ -54.69486, -22.116825 ] ] ] } },
{ "type": "Feature", "properties": { "id": 113600, "insc_imob": "04.01.12.34.206", "quadra_cartorio": "02", "lote_cartorio": "01", "matricula": "149109", "circunscricao": "1º CIRCUNSCRIÇÃO", "zoneamento": null, "condominio": null, "area_geom": 419.72, "cnm": "062661.2.0149109-19" }, "geometry": { "type": "Polygon", "coordinates": [ [ [ -54.694836, -22.117063 ], [ -54.694849, -22.116937 ], [ -54.695138, -22.116962 ], [ -54.695126, -22.117088 ], [ -54.694836, -22.117063 ] ] ] } },
{ "type": "Feature", "properties": { "id": 113601, "insc_imob": "04.01.12.34.231", "quadra_cartorio": "2", "lote_cartorio": "17", "matricula": "117783", "circunscricao": "1º CIRCUNSCRIÇÃO", "zoneamento": null, "condominio": null, "area_geom": 565.24, "cnm": "062661.2.0117783-04" }, "geometry": { "type": "Polygon", "coordinates": [ [ [ -54.695247, -22.117098 ], [ -54.695278, -22.116772 ], [ -54.695286, -22.116691 ], [ -54.695407, -22.116701 ], [ -54.695401, -22.116757 ], [ -54.69539, -22.11687 ], [ -54.695379, -22.116982 ], [ -54.695367, -22.117108 ], [ -54.695247, -22.117098 ] ] ] } },
{ "type": "Feature", "properties": { "id": 113626, "insc_imob": "04.01.12.34.337", "quadra_cartorio": "02", "lote_cartorio": "11", "matricula": "30390", "circunscricao": "1º CIRCUNSCRIÇÃO", "zoneamento": null, "condominio": null, "area_geom": 374.75, "cnm": "062661.2.0030390-89" }, "geometry": { "type": "Polygon", "coordinates": [ [ [ -54.695423, -22.116533 ], [ -54.695434, -22.11642 ], [ -54.695724, -22.116445 ], [ -54.695713, -22.116557 ], [ -54.695423, -22.116533 ] ] ] } },
{ "type": "Feature", "properties": { "id": 113627, "insc_imob": "04.01.12.42.043", "quadra_cartorio": "07", "lote_cartorio": "04", "matricula": "3780", "circunscricao": "1º CIRCUNSCRIÇÃO", "zoneamento": null, "condominio": null, "area_geom": 506.69, "cnm": "062661.2.0003780-88" }, "geometry": { "type": "Polygon", "coordinates": [ [ [ -54.697144, -22.117734 ], [ -54.697146, -22.117707 ], [ -54.697178, -22.117384 ], [ -54.697303, -22.117394 ], [ -54.697269, -22.117745 ], [ -54.697144, -22.117734 ] ] ] } },
{ "type": "Feature", "properties": { "id": 113628, "insc_imob": "04.01.12.43.069", "quadra_cartorio": "6", "lote_cartorio": "02", "matricula": "31030", "circunscricao": "1º CIRCUNSCRIÇÃO", "zoneamento": null, "condominio": null, "area_geom": 506.67, "cnm": "062661.2.0031030-12" }, "geometry": { "type": "Polygon", "coordinates": [ [ [ -54.695896, -22.117621 ], [ -54.69593, -22.11727 ], [ -54.696055, -22.117281 ], [ -54.696021, -22.117632 ], [ -54.695896, -22.117621 ] ] ] } },
{ "type": "Feature", "properties": { "id": 113651, "insc_imob": "04.01.12.44.030", "quadra_cartorio": "01", "lote_cartorio": "05", "matricula": "68490", "circunscricao": "1º CIRCUNSCRIÇÃO", "zoneamento": null, "condominio": null, "area_geom": 506.68, "cnm": "062661.2.0068490-55" }, "geometry": { "type": "Polygon", "coordinates": [ [ [ -54.695311, -22.117573 ], [ -54.695345, -22.117223 ], [ -54.695471, -22.117233 ], [ -54.695437, -22.117584 ], [ -54.695311, -22.117573 ] ] ] } },
{ "type": "Feature", "properties": { "id": 113652, "insc_imob": "04.01.12.44.043", "quadra_cartorio": "1", "lote_cartorio": "04", "matricula": "68489", "circunscricao": "1º CIRCUNSCRIÇÃO", "zoneamento": null, "condominio": null, "area_geom": 506.69, "cnm": "062661.2.0068489-58" }, "geometry": { "type": "Polygon", "coordinates": [ [ [ -54.695186, -22.117563 ], [ -54.695188, -22.117536 ], [ -54.69522, -22.117212 ], [ -54.695345, -22.117223 ], [ -54.695311, -22.117573 ], [ -54.695186, -22.117563 ] ] ] } },
{ "type": "Feature", "properties": { "id": 113678, "insc_imob": "04.01.13.11.043", "quadra_cartorio": "3", "lote_cartorio": "08", "matricula": "26224", "circunscricao": "1º CIRCUNSCRIÇÃO", "zoneamento": null, "condominio": null, "area_geom": 565.27, "cnm": "062661.2.0026224-74" }, "geometry": { "type": "Polygon", "coordinates": [ [ [ -54.69448, -22.114725 ], [ -54.69452, -22.114318 ], [ -54.694641, -22.114328 ], [ -54.694628, -22.114454 ], [ -54.694617, -22.114567 ], [ -54.694606, -22.114679 ], [ -54.694601, -22.114735 ], [ -54.69448, -22.114725 ] ] ] } },
{ "type": "Feature", "properties": { "id": 113791, "insc_imob": "04.01.12.13.206", "quadra_cartorio": "05", "lote_cartorio": "01", "matricula": "2156", "circunscricao": "1º CIRCUNSCRIÇÃO", "zoneamento": null, "condominio": null, "area_geom": 419.73, "cnm": "062661.2.0002156-13" }, "geometry": { "type": "Polygon", "coordinates": [ [ [ -54.695983, -22.115275 ], [ -54.695995, -22.115149 ], [ -54.696285, -22.115173 ], [ -54.696272, -22.115299 ], [ -54.695983, -22.115275 ] ] ] } },
{ "type": "Feature", "properties": { "id": 113813, "insc_imob": "04.01.13.11.137", "quadra_cartorio": "3A", "lote_cartorio": "13", "matricula": "7388", "circunscricao": "1º CIRCUNSCRIÇÃO", "zoneamento": null, "condominio": null, "area_geom": 374.77, "cnm": "062661.2.0007388-31" }, "geometry": { "type": "Polygon", "coordinates": [ [ [ -54.694065, -22.114747 ], [ -54.694076, -22.114634 ], [ -54.694365, -22.114659 ], [ -54.69436, -22.114715 ], [ -54.694354, -22.114771 ], [ -54.694065, -22.114747 ] ] ] } },
{ "type": "Feature", "properties": { "id": 113816, "insc_imob": "04.01.13.12.030", "quadra_cartorio": "4A", "lote_cartorio": "07", "matricula": "56728", "circunscricao": "1º CIRCUNSCRIÇÃO", "zoneamento": null, "condominio": null, "area_geom": 419.74, "cnm": "062661.2.0056728-33" }, "geometry": { "type": "Polygon", "coordinates": [ [ [ -54.693679, -22.114375 ], [ -54.693691, -22.114249 ], [ -54.69398, -22.114273 ], [ -54.693968, -22.114399 ], [ -54.693679, -22.114375 ] ] ] } },
{ "type": "Feature", "properties": { "id": 113834, "insc_imob": "04.01.13.12.137", "quadra_cartorio": "4A", "lote_cartorio": "13", "matricula": "35376", "circunscricao": "1º CIRCUNSCRIÇÃO", "zoneamento": null, "condominio": null, "area_geom": 374.77, "cnm": "062661.2.0035376-69" }, "geometry": { "type": "Polygon", "coordinates": [ [ [ -54.693115, -22.114667 ], [ -54.693126, -22.114555 ], [ -54.693416, -22.114579 ], [ -54.69341, -22.114635 ], [ -54.693405, -22.114692 ], [ -54.693115, -22.114667 ] ] ] } },
{ "type": "Feature", "properties": { "id": 113835, "insc_imob": "04.01.13.12.162", "quadra_cartorio": "4A", "lote_cartorio": "15", "matricula": "35379", "circunscricao": "1º CIRCUNSCRIÇÃO", "zoneamento": null, "condominio": null, "area_geom": 374.78, "cnm": "062661.2.0035379-60" }, "geometry": { "type": "Polygon", "coordinates": [ [ [ -54.693093, -22.114892 ], [ -54.693104, -22.11478 ], [ -54.693394, -22.114804 ], [ -54.693383, -22.114916 ], [ -54.693093, -22.114892 ] ] ] } },
{ "type": "Feature", "properties": { "id": 113838, "insc_imob": "04.01.13.21.124", "quadra_cartorio": "2A", "lote_cartorio": "12", "matricula": "45003", "circunscricao": "1º CIRCUNSCRIÇÃO", "zoneamento": null, "condominio": null, "area_geom": 374.78, "cnm": "062661.2.0045003-94" }, "geometry": { "type": "Polygon", "coordinates": [ [ [ -54.69399, -22.115577 ], [ -54.694001, -22.115465 ], [ -54.69429, -22.115489 ], [ -54.694279, -22.115602 ], [ -54.69399, -22.115577 ] ] ] } },
{ "type": "Feature", "properties": { "id": 113839, "insc_imob": "04.01.13.21.137", "quadra_cartorio": "2A", "lote_cartorio": "13", "matricula": "45059", "circunscricao": "1º CIRCUNSCRIÇÃO", "zoneamento": null, "condominio": null, "area_geom": 374.77, "cnm": "062661.2.0045059-23" }, "geometry": { "type": "Polygon", "coordinates": [ [ [ -54.693979, -22.11569 ], [ -54.69399, -22.115577 ], [ -54.694279, -22.115602 ], [ -54.694274, -22.115658 ], [ -54.694268, -22.115714 ], [ -54.693979, -22.11569 ] ] ] } },
{ "type": "Feature", "properties": { "id": 113863, "insc_imob": "04.01.13.21.149", "quadra_cartorio": "2A", "lote_cartorio": "14", "matricula": "138239", "circunscricao": "1º CIRCUNSCRIÇÃO", "zoneamento": null, "condominio": null, "area_geom": 374.76, "cnm": "062661.2.0138239-37" }, "geometry": { "type": "Polygon", "coordinates": [ [ [ -54.693968, -22.115802 ], [ -54.693979, -22.11569 ], [ -54.694268, -22.115714 ], [ -54.694257, -22.115827 ], [ -54.693968, -22.115802 ] ] ] } },
{ "type": "Feature", "properties": { "id": 113938, "insc_imob": "04.01.13.22.030", "quadra_cartorio": "5A", "lote_cartorio": "07", "matricula": "147398", "circunscricao": "1º CIRCUNSCRIÇÃO", "zoneamento": null, "condominio": null, "area_geom": 419.74, "cnm": "062661.2.0147398-11" }, "geometry": { "type": "Polygon", "coordinates": [ [ [ -54.693587, -22.115325 ], [ -54.693599, -22.115199 ], [ -54.693889, -22.115224 ], [ -54.693876, -22.11535 ], [ -54.693587, -22.115325 ] ] ] } },
{ "type": "Feature", "properties": { "id": 113961, "insc_imob": "04.01.13.22.055", "quadra_cartorio": "5A", "lote_cartorio": "09", "matricula": "45731", "circunscricao": "1º CIRCUNSCRIÇÃO", "zoneamento": null, "condominio": null, "area_geom": 565.29, "cnm": "062661.2.0045731-44" }, "geometry": { "type": "Polygon", "coordinates": [ [ [ -54.693346, -22.115305 ], [ -54.693358, -22.115179 ], [ -54.693478, -22.115189 ], [ -54.693439, -22.115596 ], [ -54.693352, -22.115589 ], [ -54.693318, -22.115586 ], [ -54.693324, -22.11553 ], [ -54.693335, -22.115417 ], [ -54.693346, -22.115305 ] ] ] } },
{ "type": "Feature", "properties": { "id": 114009, "insc_imob": "04.01.13.22.312", "quadra_cartorio": "3A", "lote_cartorio": "04", "matricula": "44783", "circunscricao": "1º CIRCUNSCRIÇÃO", "zoneamento": null, "condominio": null, "area_geom": 374.78, "cnm": "062661.2.0044783-75" }, "geometry": { "type": "Polygon", "coordinates": [ [ [ -54.693559, -22.115606 ], [ -54.693565, -22.11555 ], [ -54.693854, -22.115574 ], [ -54.693843, -22.115687 ], [ -54.693554, -22.115662 ], [ -54.693559, -22.115606 ] ] ] } },
{ "type": "Feature", "properties": { "id": 114037, "insc_imob": "04.01.13.23.030", "quadra_cartorio": "8A", "lote_cartorio": "07", "matricula": "138288", "circunscricao": "1º CIRCUNSCRIÇÃO", "zoneamento": null, "condominio": null, "area_geom": 419.74, "cnm": "062661.2.0138288-84" }, "geometry": { "type": "Polygon", "coordinates": [ [ [ -54.692633, -22.115211 ], [ -54.692645, -22.115085 ], [ -54.692934, -22.11511 ], [ -54.692922, -22.115235 ], [ -54.692633, -22.115211 ] ] ] } },
{ "type": "Feature", "properties": { "id": 114038, "insc_imob": "04.01.13.23.043", "quadra_cartorio": "8A", "lote_cartorio": "08", "matricula": "1823", "circunscricao": "1º CIRCUNSCRIÇÃO", "zoneamento": null, "condominio": null, "area_geom": 565.27, "cnm": "062661.2.0001823-42" }, "geometry": { "type": "Polygon", "coordinates": [ [ [ -54.692485, -22.115482 ], [ -54.692524, -22.115075 ], [ -54.692645, -22.115085 ], [ -54.692633, -22.115211 ], [ -54.692622, -22.115323 ], [ -54.692611, -22.115436 ], [ -54.692605, -22.115492 ], [ -54.692485, -22.115482 ] ] ] } },
{ "type": "Feature", "properties": { "id": 114040, "insc_imob": "04.01.13.23.231", "quadra_cartorio": "8A", "lote_cartorio": "18", "matricula": "45058", "circunscricao": "1º CIRCUNSCRIÇÃO", "zoneamento": null, "condominio": null, "area_geom": 565.25, "cnm": "062661.2.0045058-26" }, "geometry": { "type": "Polygon", "coordinates": [ [ [ -54.692445, -22.115889 ], [ -54.692477, -22.115563 ], [ -54.692485, -22.115482 ], [ -54.692605, -22.115492 ], [ -54.6926, -22.115548 ], [ -54.692589, -22.115661 ], [ -54.692578, -22.115773 ], [ -54.692566, -22.115899 ], [ -54.692445, -22.115889 ] ] ] } },
{ "type": "Feature", "properties": { "id": 114063, "insc_imob": "04.01.13.23.275", "quadra_cartorio": "8A", "lote_cartorio": "01", "matricula": "45054", "circunscricao": "1º CIRCUNSCRIÇÃO", "zoneamento": null, "condominio": null, "area_geom": 419.71, "cnm": "062661.2.0045054-38" }, "geometry": { "type": "Polygon", "coordinates": [ [ [ -54.692566, -22.115899 ], [ -54.692578, -22.115773 ], [ -54.692867, -22.115797 ], [ -54.692855, -22.115923 ], [ -54.692566, -22.115899 ] ] ] } },
{ "type": "Feature", "properties": { "id": 114065, "insc_imob": "04.01.13.23.337", "quadra_cartorio": "8A", "lote_cartorio": "06", "matricula": "138287", "circunscricao": "1º CIRCUNSCRIÇÃO", "zoneamento": null, "condominio": null, "area_geom": 374.76, "cnm": "062661.2.0138287-87" }, "geometry": { "type": "Polygon", "coordinates": [ [ [ -54.692622, -22.115323 ], [ -54.692633, -22.115211 ], [ -54.692922, -22.115235 ], [ -54.692911, -22.115348 ], [ -54.692622, -22.115323 ] ] ] } },
{ "type": "Feature", "properties": { "id": 114066, "insc_imob": "04.01.13.31.030", "quadra_cartorio": "1A", "lote_cartorio": "07", "matricula": "58100", "circunscricao": "1º CIRCUNSCRIÇÃO", "zoneamento": null, "condominio": null, "area_geom": 419.74, "cnm": "062661.2.0058100-88" }, "geometry": { "type": "Polygon", "coordinates": [ [ [ -54.694445, -22.116333 ], [ -54.694457, -22.116207 ], [ -54.694747, -22.116232 ], [ -54.694734, -22.116358 ], [ -54.694445, -22.116333 ] ] ] } },
{ "type": "Feature", "properties": { "id": 114086, "insc_imob": "04.01.13.31.055", "quadra_cartorio": "1A", "lote_cartorio": "09", "matricula": "23293", "circunscricao": "1º CIRCUNSCRIÇÃO", "zoneamento": null, "condominio": null, "area_geom": 565.29, "cnm": "062661.2.0023293-40" }, "geometry": { "type": "Polygon", "coordinates": [ [ [ -54.694204, -22.116313 ], [ -54.694216, -22.116187 ], [ -54.694336, -22.116197 ], [ -54.694297, -22.116604 ], [ -54.69421, -22.116597 ], [ -54.694176, -22.116594 ], [ -54.694182, -22.116538 ], [ -54.694193, -22.116425 ], [ -54.694204, -22.116313 ] ] ] } },
{ "type": "Feature", "properties": { "id": 114087, "insc_imob": "04.01.13.31.099", "quadra_cartorio": "1A", "lote_cartorio": "10", "matricula": "44896", "circunscricao": "1º CIRCUNSCRIÇÃO", "zoneamento": null, "condominio": null, "area_geom": 419.72, "cnm": "062661.2.0044896-27" }, "geometry": { "type": "Polygon", "coordinates": [ [ [ -54.693914, -22.116288 ], [ -54.693926, -22.116163 ], [ -54.694216, -22.116187 ], [ -54.694204, -22.116313 ], [ -54.693914, -22.116288 ] ] ] } },
{ "type": "Feature", "properties": { "id": 114088, "insc_imob": "04.01.13.31.206", "quadra_cartorio": "1A", "lote_cartorio": "16", "matricula": "16377", "circunscricao": "1º CIRCUNSCRIÇÃO", "zoneamento": null, "condominio": null, "area_geom": 419.72, "cnm": "062661.2.0016377-30" }, "geometry": { "type": "Polygon", "coordinates": [ [ [ -54.693847, -22.116976 ], [ -54.693859, -22.11685 ], [ -54.694149, -22.116875 ], [ -54.694137, -22.117001 ], [ -54.693847, -22.116976 ] ] ] } },
{ "type": "Feature", "properties": { "id": 114110, "insc_imob": "04.01.13.31.287", "quadra_cartorio": "1A", "lote_cartorio": "02", "matricula": "81", "circunscricao": "1º CIRCUNSCRIÇÃO", "zoneamento": null, "condominio": null, "area_geom": 374.79, "cnm": "062661.2.0000081-30" }, "geometry": { "type": "Polygon", "coordinates": [ [ [ -54.69439, -22.116895 ], [ -54.694401, -22.116783 ], [ -54.694691, -22.116807 ], [ -54.69468, -22.11692 ], [ -54.69439, -22.116895 ] ] ] } },
{ "type": "Feature", "properties": { "id": 114111, "insc_imob": "04.01.13.31.300", "quadra_cartorio": "1A", "lote_cartorio": "03", "matricula": "27778", "circunscricao": "1º CIRCUNSCRIÇÃO", "zoneamento": null, "condominio": null, "area_geom": 374.76, "cnm": "062661.2.0027778-68" }, "geometry": { "type": "Polygon", "coordinates": [ [ [ -54.694401, -22.116783 ], [ -54.694412, -22.11667 ], [ -54.694701, -22.116695 ], [ -54.694691, -22.116807 ], [ -54.694401, -22.116783 ] ] ] } },
{ "type": "Feature", "properties": { "id": 114112, "insc_imob": "04.01.13.31.325", "quadra_cartorio": "1A", "lote_cartorio": "05", "matricula": "54242", "circunscricao": "1º CIRCUNSCRIÇÃO", "zoneamento": null, "condominio": null, "area_geom": 374.77, "cnm": "062661.2.0054242-22" }, "geometry": { "type": "Polygon", "coordinates": [ [ [ -54.694423, -22.116558 ], [ -54.694434, -22.116446 ], [ -54.694723, -22.11647 ], [ -54.694712, -22.116582 ], [ -54.694423, -22.116558 ] ] ] } },
{ "type": "Feature", "properties": { "id": 114141, "insc_imob": "04.01.13.32.020", "quadra_cartorio": "06", "lote_cartorio": null, "matricula": "67772", "circunscricao": "1º CIRCUNSCRIÇÃO", "zoneamento": null, "condominio": null, "area_geom": 239.85, "cnm": "062661.2.0067772-75" }, "geometry": { "type": "Polygon", "coordinates": [ [ [ -54.693584, -22.116248 ], [ -54.693594, -22.11614 ], [ -54.693787, -22.116156 ], [ -54.693777, -22.116264 ], [ -54.693666, -22.116255 ], [ -54.693584, -22.116248 ] ] ] } },
{ "type": "Feature", "properties": { "id": 114142, "insc_imob": "04.01.13.32.061", "quadra_cartorio": "02", "lote_cartorio": null, "matricula": "67772", "circunscricao": "1º CIRCUNSCRIÇÃO", "zoneamento": null, "condominio": null, "area_geom": 930.15, "cnm": "062661.2.0067772-75" }, "geometry": { "type": "Polygon", "coordinates": [ [ [ -54.693169, -22.116417 ], [ -54.693199, -22.116106 ], [ -54.693594, -22.11614 ], [ -54.693584, -22.116248 ], [ -54.693569, -22.116247 ], [ -54.693473, -22.116238 ], [ -54.693376, -22.11623 ], [ -54.693357, -22.116433 ], [ -54.693169, -22.116417 ] ] ] } },
{ "type": "Feature", "properties": { "id": 114143, "insc_imob": "04.01.13.32.073", "quadra_cartorio": "02", "lote_cartorio": null, "matricula": "67772", "circunscricao": "1º CIRCUNSCRIÇÃO", "zoneamento": null, "condominio": null, "area_geom": 413.73, "cnm": "062661.2.0067772-75" }, "geometry": { "type": "Polygon", "coordinates": [ [ [ -54.693053, -22.116407 ], [ -54.693083, -22.116097 ], [ -54.693199, -22.116106 ], [ -54.693169, -22.116417 ], [ -54.693053, -22.116407 ] ] ] } },
{ "type": "Feature", "properties": { "id": 114144, "insc_imob": "04.01.13.32.174", "quadra_cartorio": "02", "lote_cartorio": "04", "matricula": "67772", "circunscricao": "1º CIRCUNSCRIÇÃO", "zoneamento": null, "condominio": null, "area_geom": 224.84, "cnm": "062661.2.0067772-75" }, "geometry": { "type": "Polygon", "coordinates": [ [ [ -54.693357, -22.116433 ], [ -54.693376, -22.11623 ], [ -54.693473, -22.116238 ], [ -54.693453, -22.116441 ], [ -54.693357, -22.116433 ] ] ] } },
{ "type": "Feature", "properties": { "id": 114153, "insc_imob": "04.01.13.32.184", "quadra_cartorio": "02", "lote_cartorio": "03", "matricula": "67772", "circunscricao": "1º CIRCUNSCRIÇÃO", "zoneamento": null, "condominio": null, "area_geom": 224.85, "cnm": "062661.2.0067772-75" }, "geometry": { "type": "Polygon", "coordinates": [ [ [ -54.693453, -22.116441 ], [ -54.693473, -22.116238 ], [ -54.693569, -22.116247 ], [ -54.69355, -22.116449 ], [ -54.693453, -22.116441 ] ] ] } },
{ "type": "Feature", "properties": { "id": 114154, "insc_imob": "04.01.13.32.194", "quadra_cartorio": "02", "lote_cartorio": "02", "matricula": "67772", "circunscricao": "1º CIRCUNSCRIÇÃO", "zoneamento": null, "condominio": null, "area_geom": 224.85, "cnm": "062661.2.0067772-75" }, "geometry": { "type": "Polygon", "coordinates": [ [ [ -54.69355, -22.116449 ], [ -54.693569, -22.116247 ], [ -54.693584, -22.116248 ], [ -54.693666, -22.116255 ], [ -54.693646, -22.116457 ], [ -54.69355, -22.116449 ] ] ] } },
{ "type": "Feature", "properties": { "id": 114155, "insc_imob": "04.01.13.33.013", "quadra_cartorio": "01", "lote_cartorio": "16", "matricula": "67772", "circunscricao": "1º CIRCUNSCRIÇÃO", "zoneamento": null, "condominio": null, "area_geom": 274.82, "cnm": "062661.2.0067772-75" }, "geometry": { "type": "Polygon", "coordinates": [ [ [ -54.693605, -22.11676 ], [ -54.693624, -22.116562 ], [ -54.693745, -22.116572 ], [ -54.693725, -22.11677 ], [ -54.693605, -22.11676 ] ] ] } },
{ "type": "Feature", "properties": { "id": 114156, "insc_imob": "04.01.13.33.033", "quadra_cartorio": "01", "lote_cartorio": "14", "matricula": "67772", "circunscricao": "1º CIRCUNSCRIÇÃO", "zoneamento": null, "condominio": null, "area_geom": 219.86, "cnm": "062661.2.0067772-75" }, "geometry": { "type": "Polygon", "coordinates": [ [ [ -54.693412, -22.116743 ], [ -54.693431, -22.116546 ], [ -54.693527, -22.116554 ], [ -54.693508, -22.116751 ], [ -54.693412, -22.116743 ] ] ] } },
{ "type": "Feature", "properties": { "id": 114157, "insc_imob": "04.01.13.33.043", "quadra_cartorio": "01", "lote_cartorio": "13", "matricula": "67772", "circunscricao": "1º CIRCUNSCRIÇÃO", "zoneamento": null, "condominio": null, "area_geom": 219.86, "cnm": "062661.2.0067772-75" }, "geometry": { "type": "Polygon", "coordinates": [ [ [ -54.693315, -22.116735 ], [ -54.693319, -22.116701 ], [ -54.693334, -22.116537 ], [ -54.693431, -22.116546 ], [ -54.693412, -22.116743 ], [ -54.693315, -22.116735 ] ] ] } },
{ "type": "Feature", "properties": { "id": 114158, "insc_imob": "04.01.13.33.053", "quadra_cartorio": "01", "lote_cartorio": "12", "matricula": "67772", "circunscricao": "1º CIRCUNSCRIÇÃO", "zoneamento": null, "condominio": null, "area_geom": 219.86, "cnm": "062661.2.0067772-75" }, "geometry": { "type": "Polygon", "coordinates": [ [ [ -54.693219, -22.116727 ], [ -54.693238, -22.116529 ], [ -54.693334, -22.116537 ], [ -54.693319, -22.116701 ], [ -54.693315, -22.116735 ], [ -54.693219, -22.116727 ] ] ] } },
{ "type": "Feature", "properties": { "id": 114159, "insc_imob": "04.01.13.33.108", "quadra_cartorio": "01", "lote_cartorio": "09", "matricula": "67772", "circunscricao": "1º CIRCUNSCRIÇÃO", "zoneamento": null, "condominio": null, "area_geom": 274.82, "cnm": "062661.2.0067772-75" }, "geometry": { "type": "Polygon", "coordinates": [ [ [ -54.692905, -22.116701 ], [ -54.692924, -22.116503 ], [ -54.693045, -22.116513 ], [ -54.693026, -22.116711 ], [ -54.692905, -22.116701 ] ] ] } },
{ "type": "Feature", "properties": { "id": 114160, "insc_imob": "04.01.13.33.162", "quadra_cartorio": "01", "lote_cartorio": "06", "matricula": "67772", "circunscricao": "1º CIRCUNSCRIÇÃO", "zoneamento": null, "condominio": null, "area_geom": 219.86, "cnm": "062661.2.0067772-75" }, "geometry": { "type": "Polygon", "coordinates": [ [ [ -54.693103, -22.116917 ], [ -54.693122, -22.116719 ], [ -54.693219, -22.116727 ], [ -54.693199, -22.116925 ], [ -54.693103, -22.116917 ] ] ] } },
{ "type": "Feature", "properties": { "id": 114161, "insc_imob": "04.01.13.33.172", "quadra_cartorio": "01", "lote_cartorio": "05", "matricula": "67772", "circunscricao": "1º CIRCUNSCRIÇÃO", "zoneamento": null, "condominio": null, "area_geom": 219.84, "cnm": "062661.2.0067772-75" }, "geometry": { "type": "Polygon", "coordinates": [ [ [ -54.693199, -22.116925 ], [ -54.693219, -22.116727 ], [ -54.693315, -22.116735 ], [ -54.693296, -22.116933 ], [ -54.693199, -22.116925 ] ] ] } },
{ "type": "Feature", "properties": { "id": 114162, "insc_imob": "04.01.13.33.182", "quadra_cartorio": "01", "lote_cartorio": "04", "matricula": "67772", "circunscricao": "1º CIRCUNSCRIÇÃO", "zoneamento": null, "condominio": null, "area_geom": 219.83, "cnm": "062661.2.0067772-75" }, "geometry": { "type": "Polygon", "coordinates": [ [ [ -54.693296, -22.116933 ], [ -54.693315, -22.116735 ], [ -54.693412, -22.116743 ], [ -54.693392, -22.116941 ], [ -54.693296, -22.116933 ] ] ] } },
{ "type": "Feature", "properties": { "id": 114163, "insc_imob": "04.01.13.33.192", "quadra_cartorio": "01", "lote_cartorio": "03", "matricula": "67772", "circunscricao": "1º CIRCUNSCRIÇÃO", "zoneamento": null, "condominio": null, "area_geom": 219.84, "cnm": "062661.2.0067772-75" }, "geometry": { "type": "Polygon", "coordinates": [ [ [ -54.693392, -22.116941 ], [ -54.693412, -22.116743 ], [ -54.693508, -22.116751 ], [ -54.693489, -22.116949 ], [ -54.693392, -22.116941 ] ] ] } },
{ "type": "Feature", "properties": { "id": 114173, "insc_imob": "04.01.13.33.202", "quadra_cartorio": "01", "lote_cartorio": "02", "matricula": "67772", "circunscricao": "1º CIRCUNSCRIÇÃO", "zoneamento": null, "condominio": null, "area_geom": 219.81, "cnm": "062661.2.0067772-75" }, "geometry": { "type": "Polygon", "coordinates": [ [ [ -54.693489, -22.116949 ], [ -54.693508, -22.116751 ], [ -54.693605, -22.11676 ], [ -54.693585, -22.116957 ], [ -54.693489, -22.116949 ] ] ] } },
{ "type": "Feature", "properties": { "id": 114174, "insc_imob": "04.01.13.33.236", "quadra_cartorio": "01", "lote_cartorio": "01", "matricula": "67772", "circunscricao": "1º CIRCUNSCRIÇÃO", "zoneamento": null, "condominio": null, "area_geom": 274.71, "cnm": "062661.2.0067772-75" }, "geometry": { "type": "Polygon", "coordinates": [ [ [ -54.693585, -22.116957 ], [ -54.693605, -22.11676 ], [ -54.693725, -22.11677 ], [ -54.693706, -22.116968 ], [ -54.693585, -22.116957 ] ] ] } },
{ "type": "Feature", "properties": { "id": 114204, "insc_imob": "04.01.13.34.149", "quadra_cartorio": "7A", "lote_cartorio": "14", "matricula": "1126", "circunscricao": "1º CIRCUNSCRIÇÃO", "zoneamento": null, "condominio": null, "area_geom": 374.77, "cnm": "062661.2.0001126-96" }, "geometry": { "type": "Polygon", "coordinates": [ [ [ -54.691933, -22.116565 ], [ -54.691945, -22.116453 ], [ -54.692234, -22.11648 ], [ -54.692222, -22.116592 ], [ -54.691933, -22.116565 ] ] ] } },
{ "type": "Feature", "properties": { "id": 114205, "insc_imob": "04.01.13.34.300", "quadra_cartorio": "7A", "lote_cartorio": "03", "matricula": "1115", "circunscricao": "1º CIRCUNSCRIÇÃO", "zoneamento": null, "condominio": null, "area_geom": 374.78, "cnm": "062661.2.0001115-32" }, "geometry": { "type": "Polygon", "coordinates": [ [ [ -54.692463, -22.116614 ], [ -54.692476, -22.116502 ], [ -54.692765, -22.116529 ], [ -54.692753, -22.116641 ], [ -54.692463, -22.116614 ] ] ] } },
{ "type": "Feature", "properties": { "id": 114228, "insc_imob": "04.01.13.34.325", "quadra_cartorio": "7A", "lote_cartorio": "05", "matricula": "1117", "circunscricao": "1º CIRCUNSCRIÇÃO", "zoneamento": null, "condominio": null, "area_geom": 374.77, "cnm": "062661.2.0001117-26" }, "geometry": { "type": "Polygon", "coordinates": [ [ [ -54.692488, -22.11639 ], [ -54.6925, -22.116277 ], [ -54.692789, -22.116304 ], [ -54.692777, -22.116417 ], [ -54.692488, -22.11639 ] ] ] } },
{ "type": "Feature", "properties": { "id": 114503, "insc_imob": "04.01.12.32.124", "quadra_cartorio": "8", "lote_cartorio": "05", "matricula": "25599", "circunscricao": "1º CIRCUNSCRIÇÃO", "zoneamento": null, "condominio": null, "area_geom": 374.79, "cnm": "062661.2.0025599-09" }, "geometry": { "type": "Polygon", "coordinates": [ [ [ -54.696819, -22.116765 ], [ -54.69683, -22.116652 ], [ -54.69712, -22.116677 ], [ -54.697109, -22.116789 ], [ -54.696819, -22.116765 ] ] ] } },
{ "type": "Feature", "properties": { "id": 114504, "insc_imob": "04.01.13.34.218", "quadra_cartorio": "7A", "lote_cartorio": "17", "matricula": "1129", "circunscricao": "1º CIRCUNSCRIÇÃO", "zoneamento": null, "condominio": null, "area_geom": 565.28, "cnm": "062661.2.0001129-87" }, "geometry": { "type": "Polygon", "coordinates": [ [ [ -54.692234, -22.11648 ], [ -54.69224, -22.116423 ], [ -54.692361, -22.116435 ], [ -54.692352, -22.116516 ], [ -54.692318, -22.116841 ], [ -54.692197, -22.11683 ], [ -54.69221, -22.116704 ], [ -54.692222, -22.116592 ], [ -54.692234, -22.11648 ] ] ] } },
{ "type": "Feature", "properties": { "id": 114844, "insc_imob": "04.01.12.12.231", "quadra_cartorio": "10", "lote_cartorio": "17", "matricula": "21096", "circunscricao": "1º CIRCUNSCRIÇÃO", "zoneamento": null, "condominio": null, "area_geom": 565.27, "cnm": "062661.2.0021096-35" }, "geometry": { "type": "Polygon", "coordinates": [ [ [ -54.69737, -22.115391 ], [ -54.697401, -22.115066 ], [ -54.697409, -22.114985 ], [ -54.69753, -22.114995 ], [ -54.697524, -22.115051 ], [ -54.697513, -22.115163 ], [ -54.697503, -22.115276 ], [ -54.69749, -22.115402 ], [ -54.69737, -22.115391 ] ] ] } },
{ "type": "Feature", "properties": { "id": 114845, "insc_imob": "04.01.12.13.287", "quadra_cartorio": "5", "lote_cartorio": "15", "matricula": "20847", "circunscricao": "1º CIRCUNSCRIÇÃO", "zoneamento": null, "condominio": null, "area_geom": 374.71, "cnm": "062661.2.0020847-06" }, "geometry": { "type": "Polygon", "coordinates": [ [ [ -54.696526, -22.115193 ], [ -54.696537, -22.115081 ], [ -54.696826, -22.115106 ], [ -54.696815, -22.115218 ], [ -54.696526, -22.115193 ] ] ] } },
{ "type": "Feature", "properties": { "id": 114853, "insc_imob": "04.01.12.42.017", "quadra_cartorio": "07", "lote_cartorio": "06", "matricula": "46298", "circunscricao": "1º CIRCUNSCRIÇÃO", "zoneamento": null, "condominio": null, "area_geom": 643.07, "cnm": "062661.2.0046298-89" }, "geometry": { "type": "Polygon", "coordinates": [ [ [ -54.697395, -22.117756 ], [ -54.697429, -22.117405 ], [ -54.697588, -22.117418 ], [ -54.697554, -22.117769 ], [ -54.697395, -22.117756 ] ] ] } },
{ "type": "Feature", "properties": { "id": 115257, "insc_imob": "04.01.12.42.086", "quadra_cartorio": "7", "lote_cartorio": "01", "matricula": "28468", "circunscricao": "1º CIRCUNSCRIÇÃO", "zoneamento": null, "condominio": null, "area_geom": 721.05, "cnm": "062661.2.0028468-35" }, "geometry": { "type": "Polygon", "coordinates": [ [ [ -54.696714, -22.117698 ], [ -54.696749, -22.117348 ], [ -54.696927, -22.117363 ], [ -54.696893, -22.117713 ], [ -54.696714, -22.117698 ] ] ] } },
{ "type": "Feature", "properties": { "id": 116798, "insc_imob": "04.01.12.24.275", "quadra_cartorio": "03", "lote_cartorio": "16", "matricula": "30395", "circunscricao": "1º CIRCUNSCRIÇÃO", "zoneamento": null, "condominio": null, "area_geom": 419.7, "cnm": "062661.2.0030395-74" }, "geometry": { "type": "Polygon", "coordinates": [ [ [ -54.695446, -22.116176 ], [ -54.695459, -22.11605 ], [ -54.695748, -22.116074 ], [ -54.695736, -22.1162 ], [ -54.695446, -22.116176 ] ] ] } },
{ "type": "Feature", "properties": { "id": 117872, "insc_imob": "04.01.13.34.162", "quadra_cartorio": "7A", "lote_cartorio": "15", "matricula": "1127", "circunscricao": "1º CIRCUNSCRIÇÃO", "zoneamento": null, "condominio": null, "area_geom": 374.77, "cnm": "062661.2.0001127-93" }, "geometry": { "type": "Polygon", "coordinates": [ [ [ -54.691921, -22.116677 ], [ -54.691933, -22.116565 ], [ -54.692222, -22.116592 ], [ -54.69221, -22.116704 ], [ -54.691921, -22.116677 ] ] ] } },
{ "type": "Feature", "properties": { "id": 118299, "insc_imob": "04.01.12.12.137", "quadra_cartorio": "10", "lote_cartorio": "04", "matricula": "17463", "circunscricao": "1º CIRCUNSCRIÇÃO", "zoneamento": null, "condominio": null, "area_geom": 374.77, "cnm": "062661.2.0017463-70" }, "geometry": { "type": "Polygon", "coordinates": [ [ [ -54.696994, -22.115006 ], [ -54.697005, -22.114894 ], [ -54.697294, -22.114918 ], [ -54.697289, -22.114974 ], [ -54.697283, -22.115031 ], [ -54.696994, -22.115006 ] ] ] } },
{ "type": "Feature", "properties": { "id": 119565, "insc_imob": "04.01.12.34.112", "quadra_cartorio": "02", "lote_cartorio": "06", "matricula": "26548", "circunscricao": "1º CIRCUNSCRIÇÃO", "zoneamento": null, "condominio": null, "area_geom": 374.76, "cnm": "062661.2.0026548-72" }, "geometry": { "type": "Polygon", "coordinates": [ [ [ -54.694892, -22.116488 ], [ -54.694903, -22.116375 ], [ -54.695193, -22.1164 ], [ -54.695182, -22.116512 ], [ -54.694892, -22.116488 ] ] ] } },
{ "type": "Feature", "properties": { "id": 120743, "insc_imob": "04.01.13.11.287", "quadra_cartorio": "3", "lote_cartorio": "02", "matricula": "19454", "circunscricao": "1º CIRCUNSCRIÇÃO", "zoneamento": null, "condominio": null, "area_geom": 374.77, "cnm": "062661.2.0019454-14" }, "geometry": { "type": "Polygon", "coordinates": [ [ [ -54.694574, -22.115016 ], [ -54.694585, -22.114904 ], [ -54.694874, -22.114928 ], [ -54.694863, -22.115041 ], [ -54.694574, -22.115016 ] ] ] } },
{ "type": "Feature", "properties": { "id": 120744, "insc_imob": "04.01.13.33.142", "quadra_cartorio": "01", "lote_cartorio": "08", "matricula": "67772", "circunscricao": "1º CIRCUNSCRIÇÃO", "zoneamento": null, "condominio": null, "area_geom": 274.82, "cnm": "062661.2.0067772-75" }, "geometry": { "type": "Polygon", "coordinates": [ [ [ -54.692886, -22.116898 ], [ -54.692905, -22.116701 ], [ -54.693026, -22.116711 ], [ -54.693006, -22.116909 ], [ -54.692886, -22.116898 ] ] ] } },
{ "type": "Feature", "properties": { "id": 236, "insc_imob": "04.01.13.21.162", "quadra_cartorio": null, "lote_cartorio": "15", "matricula": "38134", "circunscricao": "1º CIRCUNSCRIÇÃO", "zoneamento": null, "condominio": null, "area_geom": 375.02, "cnm": "062661.2.0038134-40" }, "geometry": { "type": "Polygon", "coordinates": [ [ [ -54.693957, -22.115915 ], [ -54.693968, -22.115802 ], [ -54.694257, -22.115827 ], [ -54.694246, -22.115939 ], [ -54.693957, -22.115915 ] ] ] } },
{ "type": "Feature", "properties": { "id": 719, "insc_imob": "04.01.13.23.055", "quadra_cartorio": null, "lote_cartorio": "09", "matricula": "1822", "circunscricao": "1º CIRCUNSCRIÇÃO", "zoneamento": null, "condominio": null, "area_geom": 565.63, "cnm": "062661.2.0001822-45" }, "geometry": { "type": "Polygon", "coordinates": [ [ [ -54.692391, -22.115191 ], [ -54.692404, -22.115065 ], [ -54.692524, -22.115075 ], [ -54.692485, -22.115482 ], [ -54.692398, -22.115474 ], [ -54.692364, -22.115472 ], [ -54.692369, -22.115415 ], [ -54.69238, -22.115303 ], [ -54.692391, -22.115191 ] ] ] } },
{ "type": "Feature", "properties": { "id": 1087, "insc_imob": "04.01.12.22.300", "quadra_cartorio": null, "lote_cartorio": "14", "matricula": "57798", "circunscricao": "1º CIRCUNSCRIÇÃO", "zoneamento": null, "condominio": null, "area_geom": 374.99, "cnm": "062661.2.0057798-24" }, "geometry": { "type": "Polygon", "coordinates": [ [ [ -54.69741, -22.116108 ], [ -54.697421, -22.115996 ], [ -54.69771, -22.11602 ], [ -54.697699, -22.116132 ], [ -54.69741, -22.116108 ] ] ] } },
{ "type": "Feature", "properties": { "id": 1836, "insc_imob": "04.01.12.12.300", "quadra_cartorio": null, "lote_cartorio": "14", "matricula": "21093", "circunscricao": "1º CIRCUNSCRIÇÃO", "zoneamento": null, "condominio": null, "area_geom": 375.0, "cnm": "062661.2.0021093-44" }, "geometry": { "type": "Polygon", "coordinates": [ [ [ -54.697513, -22.115163 ], [ -54.697524, -22.115051 ], [ -54.697814, -22.115075 ], [ -54.697803, -22.115188 ], [ -54.697513, -22.115163 ] ] ] } },
{ "type": "Feature", "properties": { "id": 1841, "insc_imob": "04.01.13.11.030", "quadra_cartorio": null, "lote_cartorio": "07", "matricula": "7390", "circunscricao": "1º CIRCUNSCRIÇÃO", "zoneamento": null, "condominio": null, "area_geom": 419.98, "cnm": "062661.2.0007390-25" }, "geometry": { "type": "Polygon", "coordinates": [ [ [ -54.694628, -22.114454 ], [ -54.694641, -22.114328 ], [ -54.69493, -22.114353 ], [ -54.694918, -22.114479 ], [ -54.694628, -22.114454 ] ] ] } },
{ "type": "Feature", "properties": { "id": 3902, "insc_imob": "04.01.12.22.312", "quadra_cartorio": null, "lote_cartorio": "13", "matricula": "26287", "circunscricao": "1º CIRCUNSCRIÇÃO", "zoneamento": null, "condominio": null, "area_geom": 375.0, "cnm": "062661.2.0026287-79" }, "geometry": { "type": "Polygon", "coordinates": [ [ [ -54.697426, -22.115939 ], [ -54.697432, -22.115883 ], [ -54.697721, -22.115908 ], [ -54.69771, -22.11602 ], [ -54.697421, -22.115996 ], [ -54.697426, -22.115939 ] ] ] } },
{ "type": "Feature", "properties": { "id": 3903, "insc_imob": "04.01.13.33.023", "quadra_cartorio": null, "lote_cartorio": "15", "matricula": "67772", "circunscricao": "1º CIRCUNSCRIÇÃO", "zoneamento": null, "condominio": null, "area_geom": 220.0, "cnm": "062661.2.0067772-75" }, "geometry": { "type": "Polygon", "coordinates": [ [ [ -54.693508, -22.116751 ], [ -54.693527, -22.116554 ], [ -54.693624, -22.116562 ], [ -54.693605, -22.11676 ], [ -54.693508, -22.116751 ] ] ] } },
{ "type": "Feature", "properties": { "id": 4441, "insc_imob": "04.01.13.23.162", "quadra_cartorio": null, "lote_cartorio": "15", "matricula": "672", "circunscricao": "1º CIRCUNSCRIÇÃO", "zoneamento": null, "condominio": null, "area_geom": 375.0, "cnm": "062661.2.0000672-03" }, "geometry": { "type": "Polygon", "coordinates": [ [ [ -54.692047, -22.115728 ], [ -54.692058, -22.115616 ], [ -54.692348, -22.11564 ], [ -54.692337, -22.115753 ], [ -54.692047, -22.115728 ] ] ] } },
{ "type": "Feature", "properties": { "id": 4889, "insc_imob": "04.01.12.32.162", "quadra_cartorio": null, "lote_cartorio": "02", "matricula": "25561", "circunscricao": "1º CIRCUNSCRIÇÃO", "zoneamento": null, "condominio": null, "area_geom": 375.0, "cnm": "062661.2.0025561-26" }, "geometry": { "type": "Polygon", "coordinates": [ [ [ -54.696786, -22.117102 ], [ -54.696797, -22.116989 ], [ -54.697087, -22.117014 ], [ -54.697076, -22.117126 ], [ -54.696786, -22.117102 ] ] ] } },
{ "type": "Feature", "properties": { "id": 4890, "insc_imob": "04.01.13.12.112", "quadra_cartorio": null, "lote_cartorio": "11", "matricula": "35374", "circunscricao": "1º CIRCUNSCRIÇÃO", "zoneamento": null, "condominio": null, "area_geom": 374.99, "cnm": "062661.2.0035374-75" }, "geometry": { "type": "Polygon", "coordinates": [ [ [ -54.693137, -22.114442 ], [ -54.693148, -22.11433 ], [ -54.693438, -22.114354 ], [ -54.693427, -22.114467 ], [ -54.693137, -22.114442 ] ] ] } },
{ "type": "Feature", "properties": { "id": 5788, "insc_imob": "04.01.13.22.325", "quadra_cartorio": null, "lote_cartorio": "05", "matricula": "147396", "circunscricao": "1º CIRCUNSCRIÇÃO", "zoneamento": null, "condominio": null, "area_geom": 374.99, "cnm": "062661.2.0147396-17" }, "geometry": { "type": "Polygon", "coordinates": [ [ [ -54.693565, -22.11555 ], [ -54.693576, -22.115438 ], [ -54.693865, -22.115462 ], [ -54.693854, -22.115574 ], [ -54.693565, -22.11555 ] ] ] } },
{ "type": "Feature", "properties": { "id": 5789, "insc_imob": "04.01.13.34.124", "quadra_cartorio": null, "lote_cartorio": "12", "matricula": "1124", "circunscricao": "1º CIRCUNSCRIÇÃO", "zoneamento": null, "condominio": null, "area_geom": 375.03, "cnm": "062661.2.0001124-05" }, "geometry": { "type": "Polygon", "coordinates": [ [ [ -54.691957, -22.11634 ], [ -54.691969, -22.116228 ], [ -54.692259, -22.116255 ], [ -54.692247, -22.116367 ], [ -54.691957, -22.11634 ] ] ] } },
{ "type": "Feature", "properties": { "id": 6218, "insc_imob": "04.01.13.34.312", "quadra_cartorio": null, "lote_cartorio": "04", "matricula": "1116", "circunscricao": "1º CIRCUNSCRIÇÃO", "zoneamento": null, "condominio": null, "area_geom": 374.99, "cnm": "062661.2.0001116-29" }, "geometry": { "type": "Polygon", "coordinates": [ [ [ -54.692482, -22.116446 ], [ -54.692488, -22.11639 ], [ -54.692777, -22.116417 ], [ -54.692765, -22.116529 ], [ -54.692476, -22.116502 ], [ -54.692482, -22.116446 ] ] ] } },
{ "type": "Feature", "properties": { "id": 6711, "insc_imob": "04.01.12.14.149", "quadra_cartorio": null, "lote_cartorio": "03", "matricula": "9687", "circunscricao": "1º CIRCUNSCRIÇÃO", "zoneamento": null, "condominio": null, "area_geom": 375.0, "cnm": "062661.2.0009687-21" }, "geometry": { "type": "Polygon", "coordinates": [ [ [ -54.695035, -22.11494 ], [ -54.695046, -22.114827 ], [ -54.695336, -22.114852 ], [ -54.695325, -22.114964 ], [ -54.695035, -22.11494 ] ] ] } },
{ "type": "Feature", "properties": { "id": 7958, "insc_imob": "04.01.13.32.227", "quadra_cartorio": null, "lote_cartorio": "01", "matricula": "67772", "circunscricao": "1º CIRCUNSCRIÇÃO", "zoneamento": null, "condominio": null, "area_geom": 258.74, "cnm": "062661.2.0067772-75" }, "geometry": { "type": "Polygon", "coordinates": [ [ [ -54.693646, -22.116457 ], [ -54.693666, -22.116255 ], [ -54.693777, -22.116264 ], [ -54.693757, -22.116466 ], [ -54.693646, -22.116457 ] ] ] } }
]
}
