{
"type": "FeatureCollection",
"name": "lotes_fiscais",
"xy_coordinate_resolution": 1e-006,
"features": [
{ "type": "Feature", "properties": { "id": 77828, "insc_imob": "05.01.34.51.001", "quadra_cartorio": null, "lote_cartorio": "ÁREA A", "matricula": "147973", "circunscricao": "1º CIRCUNSCRIÇÃO", "zoneamento": null, "condominio": null, "area_geom": 24217.69, "cnm": "062661.2.0147973-32" }, "geometry": { "type": "Polygon", "coordinates": [ [ [ -54.673984, -22.185788 ], [ -54.673381, -22.186377 ], [ -54.673318, -22.186326 ], [ -54.671422, -22.184803 ], [ -54.671992, -22.184188 ], [ -54.673984, -22.185788 ] ] ] } },
{ "type": "Feature", "properties": { "id": 77830, "insc_imob": "05.01.35.31.", "quadra_cartorio": null, "lote_cartorio": "P/02", "matricula": "123759", "circunscricao": "1º CIRCUNSCRIÇÃO", "zoneamento": null, "condominio": null, "area_geom": 32940.09, "cnm": "062661.2.0123759-21" }, "geometry": { "type": "Polygon", "coordinates": [ [ [ -54.669349, -22.186931 ], [ -54.668513, -22.187864 ], [ -54.666649, -22.186225 ], [ -54.667394, -22.185435 ], [ -54.669349, -22.186931 ] ] ] } },
{ "type": "Feature", "properties": { "id": 120761, "insc_imob": "05.01.34.22.037", "quadra_cartorio": "06", "lote_cartorio": "19", "matricula": "135095", "circunscricao": "1º CIRCUNSCRIÇÃO", "zoneamento": null, "condominio": null, "area_geom": 362.9, "cnm": "062661.2.0135095-60" }, "geometry": { "type": "Polygon", "coordinates": [ [ [ -54.673427, -22.182826 ], [ -54.673501, -22.182742 ], [ -54.673726, -22.182916 ], [ -54.673688, -22.182958 ], [ -54.673651, -22.183 ], [ -54.673427, -22.182826 ] ] ] } },
{ "type": "Feature", "properties": { "id": 94048, "insc_imob": "05.01.35.30.170", "quadra_cartorio": null, "lote_cartorio": "17", "matricula": "38795", "circunscricao": "1º CIRCUNSCRIÇÃO", "zoneamento": null, "condominio": null, "area_geom": 360.0, "cnm": "062661.2.0038795-94" }, "geometry": { "type": "Polygon", "coordinates": [ [ [ -54.667706, -22.184143 ], [ -54.667615, -22.184076 ], [ -54.667796, -22.183864 ], [ -54.667887, -22.183931 ], [ -54.667706, -22.184143 ] ] ] } },
{ "type": "Feature", "properties": { "id": 94050, "insc_imob": "05.01.35.30.160", "quadra_cartorio": null, "lote_cartorio": "16", "matricula": "38794", "circunscricao": "1º CIRCUNSCRIÇÃO", "zoneamento": null, "condominio": null, "area_geom": 360.0, "cnm": "062661.2.0038794-97" }, "geometry": { "type": "Polygon", "coordinates": [ [ [ -54.667615, -22.184076 ], [ -54.667524, -22.184008 ], [ -54.667705, -22.183796 ], [ -54.667796, -22.183864 ], [ -54.667615, -22.184076 ] ] ] } },
{ "type": "Feature", "properties": { "id": 94051, "insc_imob": "05.01.35.30.040", "quadra_cartorio": null, "lote_cartorio": "04", "matricula": "32600", "circunscricao": "1º CIRCUNSCRIÇÃO", "zoneamento": null, "condominio": null, "area_geom": 360.0, "cnm": "062661.2.0032600-55" }, "geometry": { "type": "Polygon", "coordinates": [ [ [ -54.667886, -22.183585 ], [ -54.667705, -22.183796 ], [ -54.667614, -22.183729 ], [ -54.667795, -22.183517 ], [ -54.667886, -22.183585 ] ] ] } },
{ "type": "Feature", "properties": { "id": 94052, "insc_imob": "05.01.35.30.150", "quadra_cartorio": null, "lote_cartorio": "15", "matricula": "38793", "circunscricao": "1º CIRCUNSCRIÇÃO", "zoneamento": null, "condominio": null, "area_geom": 360.0, "cnm": "062661.2.0038793-03" }, "geometry": { "type": "Polygon", "coordinates": [ [ [ -54.667524, -22.184008 ], [ -54.667433, -22.183941 ], [ -54.667614, -22.183729 ], [ -54.667705, -22.183796 ], [ -54.667524, -22.184008 ] ] ] } },
{ "type": "Feature", "properties": { "id": 94075, "insc_imob": "05.01.35.29.070", "quadra_cartorio": null, "lote_cartorio": "07", "matricula": "38773", "circunscricao": "1º CIRCUNSCRIÇÃO", "zoneamento": null, "condominio": null, "area_geom": 360.0, "cnm": "062661.2.0038773-63" }, "geometry": { "type": "Polygon", "coordinates": [ [ [ -54.668055, -22.182786 ], [ -54.667874, -22.182998 ], [ -54.667783, -22.182931 ], [ -54.667964, -22.182719 ], [ -54.668055, -22.182786 ] ] ] } },
{ "type": "Feature", "properties": { "id": 94027, "insc_imob": "05.01.35.02.441", "quadra_cartorio": "01", "lote_cartorio": "03", "matricula": "38680", "circunscricao": "1º CIRCUNSCRIÇÃO", "zoneamento": null, "condominio": null, "area_geom": 1416.1, "cnm": "062661.2.0038680-51" }, "geometry": { "type": "Polygon", "coordinates": [ [ [ -54.670595, -22.178983 ], [ -54.670426, -22.178858 ], [ -54.670809, -22.17841 ], [ -54.67098, -22.178532 ], [ -54.670595, -22.178983 ] ] ] } },
{ "type": "Feature", "properties": { "id": 94032, "insc_imob": "05.01.35.35.014", "quadra_cartorio": "8", "lote_cartorio": "01", "matricula": "53736", "circunscricao": "1º CIRCUNSCRIÇÃO", "zoneamento": null, "condominio": null, "area_geom": 444.57, "cnm": "062661.2.0053736-85" }, "geometry": { "type": "Polygon", "coordinates": [ [ [ -54.668023, -22.180824 ], [ -54.667938, -22.180922 ], [ -54.667698, -22.180744 ], [ -54.667782, -22.180645 ], [ -54.668023, -22.180824 ] ] ] } },
{ "type": "Feature", "properties": { "id": 94080, "insc_imob": "05.01.35.29.100", "quadra_cartorio": null, "lote_cartorio": "10", "matricula": "38776", "circunscricao": "1º CIRCUNSCRIÇÃO", "zoneamento": null, "condominio": null, "area_geom": 420.0, "cnm": "062661.2.0038776-54" }, "geometry": { "type": "Polygon", "coordinates": [ [ [ -54.66751, -22.183075 ], [ -54.667404, -22.182996 ], [ -54.667585, -22.182784 ], [ -54.667692, -22.182863 ], [ -54.66751, -22.183075 ] ] ] } },
{ "type": "Feature", "properties": { "id": 94081, "insc_imob": "05.01.45.04.041", "quadra_cartorio": "14", "lote_cartorio": "03", "matricula": "38754", "circunscricao": "1º CIRCUNSCRIÇÃO", "zoneamento": null, "condominio": null, "area_geom": 360.0, "cnm": "062661.2.0038754-23" }, "geometry": { "type": "Polygon", "coordinates": [ [ [ -54.667146, -22.182574 ], [ -54.666918, -22.182405 ], [ -54.666991, -22.18232 ], [ -54.667218, -22.182489 ], [ -54.667146, -22.182574 ] ] ] } },
{ "type": "Feature", "properties": { "id": 94144, "insc_imob": "05.01.45.15.381", "quadra_cartorio": "20", "lote_cartorio": "07", "matricula": "53749", "circunscricao": "1º CIRCUNSCRIÇÃO", "zoneamento": null, "condominio": null, "area_geom": 507.12, "cnm": "062661.2.0053749-46" }, "geometry": { "type": "Polygon", "coordinates": [ [ [ -54.665999, -22.184031 ], [ -54.665743, -22.184329 ], [ -54.665652, -22.184262 ], [ -54.665908, -22.183963 ], [ -54.665999, -22.184031 ] ] ] } },
{ "type": "Feature", "properties": { "id": 91922, "insc_imob": "05.01.35.11.109", "quadra_cartorio": "02", "lote_cartorio": "11", "matricula": null, "circunscricao": "1º CIRCUNSCRIÇÃO", "zoneamento": null, "condominio": null, "area_geom": 799.26, "cnm": null }, "geometry": { "type": "Polygon", "coordinates": [ [ [ -54.670711, -22.180598 ], [ -54.670607, -22.18072 ], [ -54.670262, -22.180435 ], [ -54.670361, -22.180319 ], [ -54.670711, -22.180598 ] ] ] } },
{ "type": "Feature", "properties": { "id": 91974, "insc_imob": "05.01.35.24.075", "quadra_cartorio": "05", "lote_cartorio": "09", "matricula": "34871", "circunscricao": "1º CIRCUNSCRIÇÃO", "zoneamento": null, "condominio": null, "area_geom": 420.0, "cnm": "062661.2.0034871-32" }, "geometry": { "type": "Polygon", "coordinates": [ [ [ -54.668402, -22.180874 ], [ -54.668295, -22.180795 ], [ -54.668477, -22.180583 ], [ -54.668583, -22.180662 ], [ -54.668402, -22.180874 ] ] ] } },
{ "type": "Feature", "properties": { "id": 91975, "insc_imob": "05.01.35.26.010", "quadra_cartorio": null, "lote_cartorio": "01", "matricula": "32966", "circunscricao": "1º CIRCUNSCRIÇÃO", "zoneamento": null, "condominio": null, "area_geom": 420.0, "cnm": "062661.2.0032966-24" }, "geometry": { "type": "Polygon", "coordinates": [ [ [ -54.670051, -22.182328 ], [ -54.669967, -22.182427 ], [ -54.669739, -22.182258 ], [ -54.669824, -22.182159 ], [ -54.670051, -22.182328 ] ] ] } },
{ "type": "Feature", "properties": { "id": 91859, "insc_imob": "05.01.35.12.076", "quadra_cartorio": "2", "lote_cartorio": "12", "matricula": "33245", "circunscricao": "1º CIRCUNSCRIÇÃO", "zoneamento": null, "condominio": null, "area_geom": 450.0, "cnm": "062661.2.0033245-60" }, "geometry": { "type": "Polygon", "coordinates": [ [ [ -54.669314, -22.179358 ], [ -54.669133, -22.179569 ], [ -54.669019, -22.179485 ], [ -54.6692, -22.179273 ], [ -54.669314, -22.179358 ] ] ] } },
{ "type": "Feature", "properties": { "id": 104531, "insc_imob": "05.01.34.12.152", "quadra_cartorio": "03", "lote_cartorio": "12", "matricula": "8311", "circunscricao": "1º CIRCUNSCRIÇÃO", "zoneamento": null, "condominio": null, "area_geom": 362.89, "cnm": "062661.2.0008311-75" }, "geometry": { "type": "Polygon", "coordinates": [ [ [ -54.674377, -22.182876 ], [ -54.674564, -22.182667 ], [ -54.674654, -22.182736 ], [ -54.674616, -22.182778 ], [ -54.674542, -22.182862 ], [ -54.674467, -22.182945 ], [ -54.674377, -22.182876 ] ] ] } },
{ "type": "Feature", "properties": { "id": 98816, "insc_imob": "05.01.34.42.332", "quadra_cartorio": "10", "lote_cartorio": "02", "matricula": "135112", "circunscricao": "1º CIRCUNSCRIÇÃO", "zoneamento": null, "condominio": null, "area_geom": 362.91, "cnm": "062661.2.0135112-09" }, "geometry": { "type": "Polygon", "coordinates": [ [ [ -54.672804, -22.183947 ], [ -54.672879, -22.183864 ], [ -54.672969, -22.183933 ], [ -54.672782, -22.184142 ], [ -54.672692, -22.184073 ], [ -54.67273, -22.184031 ], [ -54.672804, -22.183947 ] ] ] } },
{ "type": "Feature", "properties": { "id": 110830, "insc_imob": "05.01.34.03.155", "quadra_cartorio": "01", "lote_cartorio": "13", "matricula": null, "circunscricao": "1º CIRCUNSCRIÇÃO", "zoneamento": null, "condominio": null, "area_geom": 352.81, "cnm": null }, "geometry": { "type": "Polygon", "coordinates": [ [ [ -54.673888, -22.181576 ], [ -54.674106, -22.181332 ], [ -54.674181, -22.18139 ], [ -54.673963, -22.181634 ], [ -54.673888, -22.181576 ] ] ] } },
{ "type": "Feature", "properties": { "id": 108601, "insc_imob": "05.01.34.03.084", "quadra_cartorio": "01", "lote_cartorio": "19", "matricula": "57691", "circunscricao": "1º CIRCUNSCRIÇÃO", "zoneamento": null, "condominio": null, "area_geom": 352.77, "cnm": "062661.2.0057691-54" }, "geometry": { "type": "Polygon", "coordinates": [ [ [ -54.673439, -22.181228 ], [ -54.673657, -22.180984 ], [ -54.673732, -22.181042 ], [ -54.673514, -22.181286 ], [ -54.673439, -22.181228 ] ] ] } },
{ "type": "Feature", "properties": { "id": 114960, "insc_imob": "05.01.34.13.084", "quadra_cartorio": "04", "lote_cartorio": "19", "matricula": null, "circunscricao": "1º CIRCUNSCRIÇÃO", "zoneamento": null, "condominio": null, "area_geom": 302.43, "cnm": null }, "geometry": { "type": "Polygon", "coordinates": [ [ [ -54.672947, -22.181791 ], [ -54.673134, -22.181582 ], [ -54.673209, -22.18164 ], [ -54.673022, -22.181849 ], [ -54.672947, -22.181791 ] ] ] } },
{ "type": "Feature", "properties": { "id": 114733, "insc_imob": "05.01.23.01.196", "quadra_cartorio": "08 NCD", "lote_cartorio": "P/DATA 03", "matricula": "17543", "circunscricao": "1º CIRCUNSCRIÇÃO", "zoneamento": null, "condominio": null, "area_geom": 1238.37, "cnm": "062661.2.0017543-24" }, "geometry": { "type": "Polygon", "coordinates": [ [ [ -54.678583, -22.18399 ], [ -54.679093, -22.18342 ], [ -54.679205, -22.183507 ], [ -54.678733, -22.184035 ], [ -54.678695, -22.184077 ], [ -54.678583, -22.18399 ] ] ] } },
{ "type": "Feature", "properties": { "id": 114735, "insc_imob": "05.01.23.01.346", "quadra_cartorio": "08", "lote_cartorio": "DATA 08", "matricula": "1641", "circunscricao": "1º CIRCUNSCRIÇÃO", "zoneamento": null, "condominio": null, "area_geom": 2282.07, "cnm": "062661.2.0001641-06" }, "geometry": { "type": "Polygon", "coordinates": [ [ [ -54.679631, -22.184731 ], [ -54.680101, -22.184205 ], [ -54.680324, -22.184379 ], [ -54.679855, -22.184905 ], [ -54.679631, -22.184731 ] ] ] } },
{ "type": "Feature", "properties": { "id": 115072, "insc_imob": "05.01.34.23.263", "quadra_cartorio": "07", "lote_cartorio": "18", "matricula": "66704-1RI", "circunscricao": "1º CIRCUNSCRIÇÃO", "zoneamento": null, "condominio": null, "area_geom": 310.05, "cnm": "062661.2.0066704-78" }, "geometry": { "type": "Polygon", "coordinates": [ [ [ -54.672517, -22.182384 ], [ -54.672709, -22.18217 ], [ -54.672783, -22.182228 ], [ -54.672592, -22.182442 ], [ -54.672517, -22.182384 ] ] ] } },
{ "type": "Feature", "properties": { "id": 115073, "insc_imob": "05.01.34.23.273", "quadra_cartorio": "07", "lote_cartorio": "17", "matricula": "65504-1RI", "circunscricao": "1º CIRCUNSCRIÇÃO", "zoneamento": null, "condominio": null, "area_geom": 310.04, "cnm": "062661.2.0065504-89" }, "geometry": { "type": "Polygon", "coordinates": [ [ [ -54.672592, -22.182442 ], [ -54.672783, -22.182228 ], [ -54.672858, -22.182286 ], [ -54.672667, -22.1825 ], [ -54.672592, -22.182442 ] ] ] } },
{ "type": "Feature", "properties": { "id": 114752, "insc_imob": "05.01.23.01.593", "quadra_cartorio": "08 NCD", "lote_cartorio": "P/07", "matricula": "48207", "circunscricao": "1º CIRCUNSCRIÇÃO", "zoneamento": null, "condominio": null, "area_geom": 5249.34, "cnm": "062661.2.0048207-85" }, "geometry": { "type": "Polygon", "coordinates": [ [ [ -54.682566, -22.184932 ], [ -54.682626, -22.184865 ], [ -54.682703, -22.185204 ], [ -54.681696, -22.186331 ], [ -54.681472, -22.186157 ], [ -54.682566, -22.184932 ] ] ] } },
{ "type": "Feature", "properties": { "id": 114832, "insc_imob": "05.01.34.02.311", "quadra_cartorio": "01", "lote_cartorio": "06", "matricula": "1730", "circunscricao": "1º CIRCUNSCRIÇÃO", "zoneamento": null, "condominio": null, "area_geom": 423.36, "cnm": "062661.2.0001730-30" }, "geometry": { "type": "Polygon", "coordinates": [ [ [ -54.674866, -22.181917 ], [ -54.675084, -22.181673 ], [ -54.675174, -22.181742 ], [ -54.674956, -22.181986 ], [ -54.674935, -22.18197 ], [ -54.674923, -22.181961 ], [ -54.674902, -22.181944 ], [ -54.674866, -22.181917 ] ] ] } },
{ "type": "Feature", "properties": { "id": 115200, "insc_imob": "05.01.34.32.284", "quadra_cartorio": "08", "lote_cartorio": "06", "matricula": "67203-MÃE", "circunscricao": "1º CIRCUNSCRIÇÃO", "zoneamento": null, "condominio": null, "area_geom": 362.89, "cnm": "062661.2.0067203-36" }, "geometry": { "type": "Polygon", "coordinates": [ [ [ -54.67355, -22.183793 ], [ -54.673736, -22.183584 ], [ -54.673826, -22.183654 ], [ -54.673751, -22.183738 ], [ -54.673677, -22.183821 ], [ -54.673639, -22.183863 ], [ -54.67355, -22.183793 ] ] ] } },
{ "type": "Feature", "properties": { "id": 115205, "insc_imob": "05.01.34.33.094", "quadra_cartorio": "8", "lote_cartorio": "18", "matricula": "60192", "circunscricao": "1º CIRCUNSCRIÇÃO", "zoneamento": null, "condominio": null, "area_geom": 294.77, "cnm": "062661.2.0060192-20" }, "geometry": { "type": "Polygon", "coordinates": [ [ [ -54.672039, -22.182927 ], [ -54.672221, -22.182723 ], [ -54.672296, -22.182781 ], [ -54.672114, -22.182985 ], [ -54.672039, -22.182927 ] ] ] } },
{ "type": "Feature", "properties": { "id": 115224, "insc_imob": "05.01.34.33.104", "quadra_cartorio": "8", "lote_cartorio": "17", "matricula": "60711-1RI", "circunscricao": "1º CIRCUNSCRIÇÃO", "zoneamento": null, "condominio": null, "area_geom": 294.77, "cnm": "062661.2.0060711-15" }, "geometry": { "type": "Polygon", "coordinates": [ [ [ -54.672114, -22.182985 ], [ -54.672296, -22.182781 ], [ -54.672371, -22.182839 ], [ -54.672189, -22.183043 ], [ -54.672114, -22.182985 ] ] ] } },
{ "type": "Feature", "properties": { "id": 115227, "insc_imob": "05.01.34.33.145", "quadra_cartorio": "08", "lote_cartorio": "13", "matricula": "60425", "circunscricao": "1º CIRCUNSCRIÇÃO", "zoneamento": null, "condominio": null, "area_geom": 294.77, "cnm": "062661.2.0060425-97" }, "geometry": { "type": "Polygon", "coordinates": [ [ [ -54.672413, -22.183217 ], [ -54.672595, -22.183013 ], [ -54.67267, -22.183071 ], [ -54.672488, -22.183275 ], [ -54.672413, -22.183217 ] ] ] } },
{ "type": "Feature", "properties": { "id": 115204, "insc_imob": "05.01.34.33.074", "quadra_cartorio": "8", "lote_cartorio": "20", "matricula": null, "circunscricao": "1º CIRCUNSCRIÇÃO", "zoneamento": null, "condominio": null, "area_geom": 383.22, "cnm": null }, "geometry": { "type": "Polygon", "coordinates": [ [ [ -54.671867, -22.182794 ], [ -54.672049, -22.18259 ], [ -54.672147, -22.182665 ], [ -54.671965, -22.182869 ], [ -54.671867, -22.182794 ] ] ] } },
{ "type": "Feature", "properties": { "id": 115349, "insc_imob": "05.01.34.35.032", "quadra_cartorio": "10", "lote_cartorio": "04", "matricula": null, "circunscricao": "1º CIRCUNSCRIÇÃO", "zoneamento": null, "condominio": null, "area_geom": 434.05, "cnm": null }, "geometry": { "type": "Polygon", "coordinates": [ [ [ -54.670664, -22.181532 ], [ -54.670856, -22.181318 ], [ -54.67096, -22.181399 ], [ -54.670769, -22.181614 ], [ -54.670664, -22.181532 ] ] ] } },
{ "type": "Feature", "properties": { "id": 115400, "insc_imob": "05.01.34.42.013", "quadra_cartorio": "10", "lote_cartorio": "01", "matricula": "135111", "circunscricao": "1º CIRCUNSCRIÇÃO", "zoneamento": null, "condominio": null, "area_geom": 362.89, "cnm": "062661.2.0135111-12" }, "geometry": { "type": "Polygon", "coordinates": [ [ [ -54.67258, -22.183773 ], [ -54.672655, -22.18369 ], [ -54.672879, -22.183864 ], [ -54.672804, -22.183947 ], [ -54.67258, -22.183773 ] ] ] } },
{ "type": "Feature", "properties": { "id": 115399, "insc_imob": "05.01.34.41.331", "quadra_cartorio": "11", "lote_cartorio": "02", "matricula": null, "circunscricao": "1º CIRCUNSCRIÇÃO", "zoneamento": null, "condominio": null, "area_geom": 362.91, "cnm": null }, "geometry": { "type": "Polygon", "coordinates": [ [ [ -54.673852, -22.184759 ], [ -54.673927, -22.184675 ], [ -54.674016, -22.184745 ], [ -54.67383, -22.184954 ], [ -54.67374, -22.184884 ], [ -54.673777, -22.184842 ], [ -54.673852, -22.184759 ] ] ] } },
{ "type": "Feature", "properties": { "id": 4457, "insc_imob": "05.01.34.22.091", "quadra_cartorio": null, "lote_cartorio": "17", "matricula": null, "circunscricao": "1º CIRCUNSCRIÇÃO", "zoneamento": null, "condominio": null, "area_geom": 362.9, "cnm": null }, "geometry": { "type": "Polygon", "coordinates": [ [ [ -54.673277, -22.182993 ], [ -54.673352, -22.182909 ], [ -54.673576, -22.183083 ], [ -54.673502, -22.183167 ], [ -54.673277, -22.182993 ] ] ] } },
{ "type": "Feature", "properties": { "id": 3230, "insc_imob": "05.01.34.11.200", "quadra_cartorio": null, "lote_cartorio": "05", "matricula": "45795", "circunscricao": "1º CIRCUNSCRIÇÃO", "zoneamento": null, "condominio": null, "area_geom": 415.32, "cnm": "062661.2.0045795-46" }, "geometry": { "type": "Polygon", "coordinates": [ [ [ -54.675264, -22.183238 ], [ -54.675296, -22.183203 ], [ -54.675299, -22.183199 ], [ -54.675302, -22.183196 ], [ -54.675528, -22.183371 ], [ -54.675522, -22.183436 ], [ -54.675513, -22.183501 ], [ -54.675339, -22.183366 ], [ -54.675227, -22.183279 ], [ -54.675264, -22.183238 ] ] ] } },
{ "type": "Feature", "properties": { "id": 8434, "insc_imob": "05.01.34.21.076", "quadra_cartorio": null, "lote_cartorio": "P/01", "matricula": "2802", "circunscricao": "1º CIRCUNSCRIÇÃO", "zoneamento": null, "condominio": null, "area_geom": 496.05, "cnm": "062661.2.0002802-15" }, "geometry": { "type": "Polygon", "coordinates": [ [ [ -54.675542, -22.184229 ], [ -54.675561, -22.184128 ], [ -54.675598, -22.184037 ], [ -54.675632, -22.183945 ], [ -54.675725, -22.184017 ], [ -54.6758, -22.184075 ], [ -54.675543, -22.184321 ], [ -54.675542, -22.184229 ] ] ] } },
{ "type": "Feature", "properties": { "id": 52080, "insc_imob": "05.01.34.41.128", "quadra_cartorio": "11", "lote_cartorio": "13", "matricula": null, "circunscricao": "1º CIRCUNSCRIÇÃO", "zoneamento": null, "condominio": null, "area_geom": 362.65, "cnm": null }, "geometry": { "type": "Polygon", "coordinates": [ [ [ -54.673733, -22.185232 ], [ -54.673919, -22.185023 ], [ -54.673927, -22.185029 ], [ -54.674009, -22.185093 ], [ -54.673822, -22.185302 ], [ -54.673733, -22.185232 ] ] ] } },
{ "type": "Feature", "properties": { "id": 55587, "insc_imob": "05.01.34.34.235", "quadra_cartorio": "9", "lote_cartorio": "02", "matricula": null, "circunscricao": "1º CIRCUNSCRIÇÃO", "zoneamento": null, "condominio": null, "area_geom": 309.83, "cnm": null }, "geometry": { "type": "Polygon", "coordinates": [ [ [ -54.671726, -22.182348 ], [ -54.671918, -22.182134 ], [ -54.671993, -22.182192 ], [ -54.671801, -22.182406 ], [ -54.671726, -22.182348 ] ] ] } },
{ "type": "Feature", "properties": { "id": 58407, "insc_imob": "05.01.34.42.230", "quadra_cartorio": "10", "lote_cartorio": "08", "matricula": null, "circunscricao": "1º CIRCUNSCRIÇÃO", "zoneamento": null, "condominio": null, "area_geom": 362.63, "cnm": null }, "geometry": { "type": "Polygon", "coordinates": [ [ [ -54.673179, -22.184379 ], [ -54.673253, -22.184295 ], [ -54.673478, -22.184469 ], [ -54.673403, -22.184553 ], [ -54.673179, -22.184379 ] ] ] } },
{ "type": "Feature", "properties": { "id": 58408, "insc_imob": "05.01.35.01.400", "quadra_cartorio": "01", "lote_cartorio": "04", "matricula": null, "circunscricao": "1º CIRCUNSCRIÇÃO", "zoneamento": null, "condominio": null, "area_geom": 353.28, "cnm": null }, "geometry": { "type": "Polygon", "coordinates": [ [ [ -54.671755, -22.17949 ], [ -54.671973, -22.179246 ], [ -54.672048, -22.179304 ], [ -54.67183, -22.179548 ], [ -54.671755, -22.17949 ] ] ] } },
{ "type": "Feature", "properties": { "id": 62218, "insc_imob": "05.01.34.22.206", "quadra_cartorio": "06", "lote_cartorio": "10", "matricula": null, "circunscricao": "1º CIRCUNSCRIÇÃO", "zoneamento": null, "condominio": null, "area_geom": 362.69, "cnm": null }, "geometry": { "type": "Polygon", "coordinates": [ [ [ -54.674025, -22.183431 ], [ -54.6741, -22.183347 ], [ -54.674324, -22.183521 ], [ -54.67425, -22.183605 ], [ -54.674025, -22.183431 ] ] ] } },
{ "type": "Feature", "properties": { "id": 68744, "insc_imob": "05.01.34.31.323", "quadra_cartorio": "9", "lote_cartorio": "03", "matricula": null, "circunscricao": "1º CIRCUNSCRIÇÃO", "zoneamento": null, "condominio": null, "area_geom": 362.67, "cnm": null }, "geometry": { "type": "Polygon", "coordinates": [ [ [ -54.674328, -22.184396 ], [ -54.674514, -22.184187 ], [ -54.674604, -22.184257 ], [ -54.674417, -22.184466 ], [ -54.674328, -22.184396 ] ] ] } },
{ "type": "Feature", "properties": { "id": 71905, "insc_imob": "05.01.23.01.623", "quadra_cartorio": "08 NCD", "lote_cartorio": "P/07", "matricula": null, "circunscricao": "1º CIRCUNSCRIÇÃO", "zoneamento": null, "condominio": null, "area_geom": 4531.88, "cnm": null }, "geometry": { "type": "Polygon", "coordinates": [ [ [ -54.681696, -22.186331 ], [ -54.682703, -22.185204 ], [ -54.68278, -22.185543 ], [ -54.681921, -22.186505 ], [ -54.681696, -22.186331 ] ] ] } },
{ "type": "Feature", "properties": { "id": 72592, "insc_imob": "05.01.34.41.307", "quadra_cartorio": "11", "lote_cartorio": "04", "matricula": null, "circunscricao": "1º CIRCUNSCRIÇÃO", "zoneamento": null, "condominio": null, "area_geom": 362.67, "cnm": null }, "geometry": { "type": "Polygon", "coordinates": [ [ [ -54.673919, -22.185023 ], [ -54.674106, -22.184814 ], [ -54.674196, -22.184884 ], [ -54.674009, -22.185093 ], [ -54.673927, -22.185029 ], [ -54.673919, -22.185023 ] ] ] } },
{ "type": "Feature", "properties": { "id": 79923, "insc_imob": "05.01.34.03.104", "quadra_cartorio": "01", "lote_cartorio": "18", "matricula": null, "circunscricao": "1º CIRCUNSCRIÇÃO", "zoneamento": null, "condominio": null, "area_geom": 352.56, "cnm": null }, "geometry": { "type": "Polygon", "coordinates": [ [ [ -54.673514, -22.181286 ], [ -54.673732, -22.181042 ], [ -54.673807, -22.1811 ], [ -54.673589, -22.181344 ], [ -54.673514, -22.181286 ] ] ] } },
{ "type": "Feature", "properties": { "id": 79924, "insc_imob": "05.01.34.14.103", "quadra_cartorio": "05", "lote_cartorio": "15", "matricula": null, "circunscricao": "1º CIRCUNSCRIÇÃO", "zoneamento": null, "condominio": null, "area_geom": 302.24, "cnm": null }, "geometry": { "type": "Polygon", "coordinates": [ [ [ -54.672242, -22.181232 ], [ -54.672429, -22.181023 ], [ -54.672504, -22.181081 ], [ -54.672317, -22.18129 ], [ -54.672242, -22.181232 ] ] ] } },
{ "type": "Feature", "properties": { "id": 85213, "insc_imob": "05.01.34.15.212", "quadra_cartorio": "06", "lote_cartorio": "03", "matricula": null, "circunscricao": "1º CIRCUNSCRIÇÃO", "zoneamento": null, "condominio": null, "area_geom": 362.62, "cnm": null }, "geometry": { "type": "Polygon", "coordinates": [ [ [ -54.671771, -22.180509 ], [ -54.671958, -22.1803 ], [ -54.672047, -22.18037 ], [ -54.671898, -22.180537 ], [ -54.671892, -22.180544 ], [ -54.671861, -22.180579 ], [ -54.671823, -22.18055 ], [ -54.671771, -22.180509 ] ] ] } },
{ "type": "Feature", "properties": { "id": 91865, "insc_imob": "05.01.35.23.133", "quadra_cartorio": "4", "lote_cartorio": "14", "matricula": null, "circunscricao": "1º CIRCUNSCRIÇÃO", "zoneamento": null, "condominio": null, "area_geom": 374.77, "cnm": null }, "geometry": { "type": "Polygon", "coordinates": [ [ [ -54.669415, -22.180702 ], [ -54.669321, -22.180632 ], [ -54.669502, -22.18042 ], [ -54.669597, -22.180491 ], [ -54.669415, -22.180702 ] ] ] } },
{ "type": "Feature", "properties": { "id": 91873, "insc_imob": "05.01.35.23.088", "quadra_cartorio": "04", "lote_cartorio": "10", "matricula": null, "circunscricao": "1º CIRCUNSCRIÇÃO", "zoneamento": null, "condominio": null, "area_geom": 374.76, "cnm": null }, "geometry": { "type": "Polygon", "coordinates": [ [ [ -54.668979, -22.180379 ], [ -54.668885, -22.180309 ], [ -54.669066, -22.180097 ], [ -54.669161, -22.180167 ], [ -54.668979, -22.180379 ] ] ] } },
{ "type": "Feature", "properties": { "id": 91875, "insc_imob": "05.01.35.25.015", "quadra_cartorio": "3", "lote_cartorio": "01", "matricula": null, "circunscricao": "1º CIRCUNSCRIÇÃO", "zoneamento": null, "condominio": null, "area_geom": 449.89, "cnm": null }, "geometry": { "type": "Polygon", "coordinates": [ [ [ -54.668989, -22.179694 ], [ -54.668905, -22.179793 ], [ -54.668661, -22.179612 ], [ -54.668745, -22.179513 ], [ -54.668989, -22.179694 ] ] ] } },
{ "type": "Feature", "properties": { "id": 91877, "insc_imob": "05.01.35.25.041", "quadra_cartorio": "3", "lote_cartorio": "03", "matricula": null, "circunscricao": "1º CIRCUNSCRIÇÃO", "zoneamento": null, "condominio": null, "area_geom": 384.78, "cnm": null }, "geometry": { "type": "Polygon", "coordinates": [ [ [ -54.66882, -22.179891 ], [ -54.668748, -22.179976 ], [ -54.668505, -22.179796 ], [ -54.668577, -22.179711 ], [ -54.66882, -22.179891 ] ] ] } },
{ "type": "Feature", "properties": { "id": 91885, "insc_imob": "05.01.35.25.099", "quadra_cartorio": "3", "lote_cartorio": "07", "matricula": null, "circunscricao": "1º CIRCUNSCRIÇÃO", "zoneamento": null, "condominio": null, "area_geom": 383.4, "cnm": null }, "geometry": { "type": "Polygon", "coordinates": [ [ [ -54.66853, -22.18023 ], [ -54.668458, -22.180315 ], [ -54.668215, -22.180135 ], [ -54.668288, -22.180051 ], [ -54.66853, -22.18023 ] ] ] } },
{ "type": "Feature", "properties": { "id": 91923, "insc_imob": "05.01.35.11.182", "quadra_cartorio": "2A", "lote_cartorio": "25", "matricula": null, "circunscricao": "1º CIRCUNSCRIÇÃO", "zoneamento": null, "condominio": null, "area_geom": 840.11, "cnm": null }, "geometry": { "type": "Polygon", "coordinates": [ [ [ -54.671062, -22.180876 ], [ -54.670952, -22.181004 ], [ -54.670607, -22.18072 ], [ -54.670711, -22.180598 ], [ -54.671062, -22.180876 ] ] ] } },
{ "type": "Feature", "properties": { "id": 91943, "insc_imob": "05.01.35.24.259", "quadra_cartorio": "5", "lote_cartorio": "02", "matricula": null, "circunscricao": "1º CIRCUNSCRIÇÃO", "zoneamento": null, "condominio": null, "area_geom": 374.76, "cnm": null }, "geometry": { "type": "Polygon", "coordinates": [ [ [ -54.669389, -22.180914 ], [ -54.669208, -22.181126 ], [ -54.669113, -22.181055 ], [ -54.669295, -22.180844 ], [ -54.669389, -22.180914 ] ] ] } },
{ "type": "Feature", "properties": { "id": 91949, "insc_imob": "05.01.35.24.304", "quadra_cartorio": "5", "lote_cartorio": "05", "matricula": null, "circunscricao": "1º CIRCUNSCRIÇÃO", "zoneamento": null, "condominio": null, "area_geom": 374.76, "cnm": null }, "geometry": { "type": "Polygon", "coordinates": [ [ [ -54.669048, -22.180661 ], [ -54.668867, -22.180873 ], [ -54.668772, -22.180802 ], [ -54.668953, -22.180591 ], [ -54.669048, -22.180661 ] ] ] } },
{ "type": "Feature", "properties": { "id": 91951, "insc_imob": "05.01.35.24.317", "quadra_cartorio": "5", "lote_cartorio": "06", "matricula": null, "circunscricao": "1º CIRCUNSCRIÇÃO", "zoneamento": null, "condominio": null, "area_geom": 374.76, "cnm": null }, "geometry": { "type": "Polygon", "coordinates": [ [ [ -54.668953, -22.180591 ], [ -54.668772, -22.180802 ], [ -54.668677, -22.180732 ], [ -54.668859, -22.18052 ], [ -54.668953, -22.180591 ] ] ] } },
{ "type": "Feature", "properties": { "id": 91955, "insc_imob": "05.01.35.24.031", "quadra_cartorio": "5", "lote_cartorio": "08", "matricula": null, "circunscricao": "1º CIRCUNSCRIÇÃO", "zoneamento": null, "condominio": null, "area_geom": 419.74, "cnm": null }, "geometry": { "type": "Polygon", "coordinates": [ [ [ -54.668764, -22.18045 ], [ -54.668583, -22.180662 ], [ -54.668477, -22.180583 ], [ -54.668658, -22.180371 ], [ -54.668764, -22.18045 ] ] ] } },
{ "type": "Feature", "properties": { "id": 92058, "insc_imob": "05.01.35.35.110", "quadra_cartorio": "8", "lote_cartorio": "09", "matricula": null, "circunscricao": "1º CIRCUNSCRIÇÃO", "zoneamento": null, "condominio": null, "area_geom": 377.94, "cnm": null }, "geometry": { "type": "Polygon", "coordinates": [ [ [ -54.667431, -22.181516 ], [ -54.667359, -22.1816 ], [ -54.66712, -22.181423 ], [ -54.667192, -22.181338 ], [ -54.667431, -22.181516 ] ] ] } },
{ "type": "Feature", "properties": { "id": 94112, "insc_imob": "05.01.45.11.285", "quadra_cartorio": "22", "lote_cartorio": "07", "matricula": null, "circunscricao": "1º CIRCUNSCRIÇÃO", "zoneamento": null, "condominio": null, "area_geom": 359.77, "cnm": null }, "geometry": { "type": "Polygon", "coordinates": [ [ [ -54.667539, -22.185266 ], [ -54.667311, -22.185097 ], [ -54.667384, -22.185012 ], [ -54.667611, -22.185181 ], [ -54.667539, -22.185266 ] ] ] } },
{ "type": "Feature", "properties": { "id": 94113, "insc_imob": "05.01.45.11.273", "quadra_cartorio": "22", "lote_cartorio": "08", "matricula": null, "circunscricao": "1º CIRCUNSCRIÇÃO", "zoneamento": null, "condominio": null, "area_geom": 359.77, "cnm": null }, "geometry": { "type": "Polygon", "coordinates": [ [ [ -54.667466, -22.185351 ], [ -54.667239, -22.185182 ], [ -54.667311, -22.185097 ], [ -54.667539, -22.185266 ], [ -54.667466, -22.185351 ] ] ] } },
{ "type": "Feature", "properties": { "id": 94114, "insc_imob": "05.01.45.11.261", "quadra_cartorio": "22", "lote_cartorio": "09", "matricula": null, "circunscricao": "1º CIRCUNSCRIÇÃO", "zoneamento": null, "condominio": null, "area_geom": 359.77, "cnm": null }, "geometry": { "type": "Polygon", "coordinates": [ [ [ -54.667394, -22.185435 ], [ -54.667166, -22.185267 ], [ -54.667239, -22.185182 ], [ -54.667466, -22.185351 ], [ -54.667394, -22.185435 ] ] ] } },
{ "type": "Feature", "properties": { "id": 94115, "insc_imob": "05.01.45.11.249", "quadra_cartorio": "22", "lote_cartorio": "10", "matricula": null, "circunscricao": "1º CIRCUNSCRIÇÃO", "zoneamento": null, "condominio": null, "area_geom": 359.77, "cnm": null }, "geometry": { "type": "Polygon", "coordinates": [ [ [ -54.667321, -22.18552 ], [ -54.667094, -22.185351 ], [ -54.667166, -22.185267 ], [ -54.667394, -22.185435 ], [ -54.667321, -22.18552 ] ] ] } },
{ "type": "Feature", "properties": { "id": 94116, "insc_imob": "05.01.45.11.237", "quadra_cartorio": "22", "lote_cartorio": "11", "matricula": null, "circunscricao": "1º CIRCUNSCRIÇÃO", "zoneamento": null, "condominio": null, "area_geom": 359.77, "cnm": null }, "geometry": { "type": "Polygon", "coordinates": [ [ [ -54.667249, -22.185605 ], [ -54.667021, -22.185436 ], [ -54.667094, -22.185351 ], [ -54.667321, -22.18552 ], [ -54.667249, -22.185605 ] ] ] } },
{ "type": "Feature", "properties": { "id": 94117, "insc_imob": "05.01.45.11.225", "quadra_cartorio": "22", "lote_cartorio": "12", "matricula": null, "circunscricao": "1º CIRCUNSCRIÇÃO", "zoneamento": null, "condominio": null, "area_geom": 419.74, "cnm": null }, "geometry": { "type": "Polygon", "coordinates": [ [ [ -54.667164, -22.185704 ], [ -54.666937, -22.185535 ], [ -54.667021, -22.185436 ], [ -54.667249, -22.185605 ], [ -54.667164, -22.185704 ] ] ] } },
{ "type": "Feature", "properties": { "id": 94118, "insc_imob": "05.01.45.11.211", "quadra_cartorio": "22", "lote_cartorio": "13", "matricula": null, "circunscricao": "1º CIRCUNSCRIÇÃO", "zoneamento": null, "condominio": null, "area_geom": 435.33, "cnm": null }, "geometry": { "type": "Polygon", "coordinates": [ [ [ -54.667077, -22.185806 ], [ -54.666849, -22.185637 ], [ -54.666937, -22.185535 ], [ -54.667164, -22.185704 ], [ -54.667077, -22.185806 ] ] ] } },
{ "type": "Feature", "properties": { "id": 94182, "insc_imob": "05.01.45.21.153", "quadra_cartorio": "24", "lote_cartorio": "08", "matricula": null, "circunscricao": "1º CIRCUNSCRIÇÃO", "zoneamento": null, "condominio": null, "area_geom": 954.4, "cnm": null }, "geometry": { "type": "Polygon", "coordinates": [ [ [ -54.666956, -22.185947 ], [ -54.666664, -22.186289 ], [ -54.66652, -22.186168 ], [ -54.666804, -22.185835 ], [ -54.666956, -22.185947 ] ] ] } },
{ "type": "Feature", "properties": { "id": 94184, "insc_imob": "05.01.45.21.133", "quadra_cartorio": "24", "lote_cartorio": "07", "matricula": null, "circunscricao": "1º CIRCUNSCRIÇÃO", "zoneamento": null, "condominio": null, "area_geom": 560.89, "cnm": null }, "geometry": { "type": "Polygon", "coordinates": [ [ [ -54.666804, -22.185835 ], [ -54.66652, -22.186168 ], [ -54.666433, -22.186095 ], [ -54.666713, -22.185767 ], [ -54.666804, -22.185835 ] ] ] } },
{ "type": "Feature", "properties": { "id": 94185, "insc_imob": "05.01.45.21.109", "quadra_cartorio": "24", "lote_cartorio": "05", "matricula": null, "circunscricao": "1º CIRCUNSCRIÇÃO", "zoneamento": null, "condominio": null, "area_geom": 543.14, "cnm": null }, "geometry": { "type": "Polygon", "coordinates": [ [ [ -54.666346, -22.186022 ], [ -54.66626, -22.18595 ], [ -54.666531, -22.185632 ], [ -54.666622, -22.1857 ], [ -54.666346, -22.186022 ] ] ] } },
{ "type": "Feature", "properties": { "id": 94186, "insc_imob": "05.01.45.21.097", "quadra_cartorio": "24", "lote_cartorio": "04", "matricula": null, "circunscricao": "1º CIRCUNSCRIÇÃO", "zoneamento": null, "condominio": null, "area_geom": 534.26, "cnm": null }, "geometry": { "type": "Polygon", "coordinates": [ [ [ -54.66626, -22.18595 ], [ -54.666173, -22.185877 ], [ -54.66644, -22.185565 ], [ -54.666531, -22.185632 ], [ -54.66626, -22.18595 ] ] ] } },
{ "type": "Feature", "properties": { "id": 94187, "insc_imob": "05.01.45.21.085", "quadra_cartorio": "24", "lote_cartorio": "03", "matricula": null, "circunscricao": "1º CIRCUNSCRIÇÃO", "zoneamento": null, "condominio": null, "area_geom": 612.11, "cnm": null }, "geometry": { "type": "Polygon", "coordinates": [ [ [ -54.666173, -22.185877 ], [ -54.666072, -22.185792 ], [ -54.666334, -22.185486 ], [ -54.66644, -22.185565 ], [ -54.666173, -22.185877 ] ] ] } },
{ "type": "Feature", "properties": { "id": 94188, "insc_imob": "05.01.45.21.071", "quadra_cartorio": "24", "lote_cartorio": "02", "matricula": null, "circunscricao": "1º CIRCUNSCRIÇÃO", "zoneamento": null, "condominio": null, "area_geom": 600.01, "cnm": null }, "geometry": { "type": "Polygon", "coordinates": [ [ [ -54.666334, -22.185486 ], [ -54.666072, -22.185792 ], [ -54.665972, -22.185707 ], [ -54.666228, -22.185407 ], [ -54.666334, -22.185486 ] ] ] } },
{ "type": "Feature", "properties": { "id": 94189, "insc_imob": "05.01.45.21.057", "quadra_cartorio": "24", "lote_cartorio": "01", "matricula": null, "circunscricao": "1º CIRCUNSCRIÇÃO", "zoneamento": null, "condominio": null, "area_geom": 587.91, "cnm": null }, "geometry": { "type": "Polygon", "coordinates": [ [ [ -54.665972, -22.185707 ], [ -54.665871, -22.185622 ], [ -54.666122, -22.185329 ], [ -54.666228, -22.185407 ], [ -54.665972, -22.185707 ] ] ] } },
{ "type": "Feature", "properties": { "id": 94199, "insc_imob": "05.01.45.22.089", "quadra_cartorio": "23", "lote_cartorio": "04", "matricula": null, "circunscricao": "1º CIRCUNSCRIÇÃO", "zoneamento": null, "condominio": null, "area_geom": 398.15, "cnm": null }, "geometry": { "type": "Polygon", "coordinates": [ [ [ -54.665136, -22.184597 ], [ -54.664933, -22.184835 ], [ -54.664847, -22.184762 ], [ -54.665045, -22.18453 ], [ -54.665136, -22.184597 ] ] ] } },
{ "type": "Feature", "properties": { "id": 98726, "insc_imob": "05.01.34.14.184", "quadra_cartorio": "05", "lote_cartorio": "10", "matricula": null, "circunscricao": "1º CIRCUNSCRIÇÃO", "zoneamento": null, "condominio": null, "area_geom": 222.11, "cnm": null }, "geometry": { "type": "Polygon", "coordinates": [ [ [ -54.672617, -22.181522 ], [ -54.672741, -22.181383 ], [ -54.672824, -22.181446 ], [ -54.672699, -22.181586 ], [ -54.672617, -22.181522 ] ] ] } },
{ "type": "Feature", "properties": { "id": 98922, "insc_imob": "05.01.34.33.084", "quadra_cartorio": "8", "lote_cartorio": "19", "matricula": null, "circunscricao": "1º CIRCUNSCRIÇÃO", "zoneamento": null, "condominio": null, "area_geom": 294.6, "cnm": null }, "geometry": { "type": "Polygon", "coordinates": [ [ [ -54.671965, -22.182869 ], [ -54.672147, -22.182665 ], [ -54.672221, -22.182723 ], [ -54.672039, -22.182927 ], [ -54.671965, -22.182869 ] ] ] } },
{ "type": "Feature", "properties": { "id": 98958, "insc_imob": "05.01.34.41.103", "quadra_cartorio": "11", "lote_cartorio": "15", "matricula": null, "circunscricao": "1º CIRCUNSCRIÇÃO", "zoneamento": null, "condominio": null, "area_geom": 362.67, "cnm": null }, "geometry": { "type": "Polygon", "coordinates": [ [ [ -54.673703, -22.184926 ], [ -54.67374, -22.184884 ], [ -54.67383, -22.184954 ], [ -54.673643, -22.185163 ], [ -54.673553, -22.185093 ], [ -54.673628, -22.18501 ], [ -54.673703, -22.184926 ] ] ] } },
{ "type": "Feature", "properties": { "id": 99197, "insc_imob": "05.01.34.22.128", "quadra_cartorio": "06", "lote_cartorio": "14", "matricula": null, "circunscricao": "1º CIRCUNSCRIÇÃO", "zoneamento": null, "condominio": null, "area_geom": 362.65, "cnm": null }, "geometry": { "type": "Polygon", "coordinates": [ [ [ -54.673681, -22.183306 ], [ -54.673868, -22.183097 ], [ -54.673875, -22.183103 ], [ -54.673958, -22.183166 ], [ -54.673771, -22.183375 ], [ -54.673681, -22.183306 ] ] ] } },
{ "type": "Feature", "properties": { "id": 99198, "insc_imob": "05.01.34.42.284", "quadra_cartorio": "10", "lote_cartorio": "06", "matricula": null, "circunscricao": "1º CIRCUNSCRIÇÃO", "zoneamento": null, "condominio": null, "area_geom": 362.66, "cnm": null }, "geometry": { "type": "Polygon", "coordinates": [ [ [ -54.673052, -22.184351 ], [ -54.673238, -22.184142 ], [ -54.673328, -22.184211 ], [ -54.673253, -22.184295 ], [ -54.673179, -22.184379 ], [ -54.673141, -22.18442 ], [ -54.673052, -22.184351 ] ] ] } },
{ "type": "Feature", "properties": { "id": 101406, "insc_imob": "05.01.34.41.037", "quadra_cartorio": "11", "lote_cartorio": "18", "matricula": null, "circunscricao": "1º CIRCUNSCRIÇÃO", "zoneamento": null, "condominio": null, "area_geom": 362.66, "cnm": null }, "geometry": { "type": "Polygon", "coordinates": [ [ [ -54.673478, -22.184752 ], [ -54.673553, -22.184668 ], [ -54.673777, -22.184842 ], [ -54.67374, -22.184884 ], [ -54.673703, -22.184926 ], [ -54.673478, -22.184752 ] ] ] } },
{ "type": "Feature", "properties": { "id": 104145, "insc_imob": "05.01.34.23.104", "quadra_cartorio": "07", "lote_cartorio": "04", "matricula": null, "circunscricao": "1º CIRCUNSCRIÇÃO", "zoneamento": null, "condominio": null, "area_geom": 294.59, "cnm": null }, "geometry": { "type": "Polygon", "coordinates": [ [ [ -54.673008, -22.182401 ], [ -54.67319, -22.182198 ], [ -54.673265, -22.182256 ], [ -54.673083, -22.182459 ], [ -54.673008, -22.182401 ] ] ] } },
{ "type": "Feature", "properties": { "id": 104120, "insc_imob": "05.01.34.22.218", "quadra_cartorio": "06", "lote_cartorio": "09", "matricula": null, "circunscricao": "1º CIRCUNSCRIÇÃO", "zoneamento": null, "condominio": null, "area_geom": 362.69, "cnm": null }, "geometry": { "type": "Polygon", "coordinates": [ [ [ -54.674137, -22.183306 ], [ -54.674175, -22.183264 ], [ -54.674399, -22.183438 ], [ -54.674324, -22.183521 ], [ -54.6741, -22.183347 ], [ -54.674137, -22.183306 ] ] ] } },
{ "type": "Feature", "properties": { "id": 104134, "insc_imob": "05.01.34.22.230", "quadra_cartorio": "06", "lote_cartorio": "08", "matricula": null, "circunscricao": "1º CIRCUNSCRIÇÃO", "zoneamento": null, "condominio": null, "area_geom": 362.59, "cnm": null }, "geometry": { "type": "Polygon", "coordinates": [ [ [ -54.674175, -22.183264 ], [ -54.674249, -22.18318 ], [ -54.674474, -22.183354 ], [ -54.674399, -22.183438 ], [ -54.674175, -22.183264 ] ] ] } },
{ "type": "Feature", "properties": { "id": 104142, "insc_imob": "05.01.34.23.074", "quadra_cartorio": "07", "lote_cartorio": "01", "matricula": "", "circunscricao": "1º CIRCUNSCRIÇÃO", "zoneamento": null, "condominio": null, "area_geom": 382.98, "cnm": null }, "geometry": { "type": "Polygon", "coordinates": [ [ [ -54.673232, -22.182575 ], [ -54.673414, -22.182372 ], [ -54.673512, -22.182447 ], [ -54.67333, -22.182651 ], [ -54.673232, -22.182575 ] ] ] } },
{ "type": "Feature", "properties": { "id": 104146, "insc_imob": "05.01.34.23.124", "quadra_cartorio": "07", "lote_cartorio": "06", "matricula": null, "circunscricao": "1º CIRCUNSCRIÇÃO", "zoneamento": null, "condominio": null, "area_geom": 294.59, "cnm": null }, "geometry": { "type": "Polygon", "coordinates": [ [ [ -54.672858, -22.182286 ], [ -54.67304, -22.182082 ], [ -54.673115, -22.18214 ], [ -54.672964, -22.182309 ], [ -54.672933, -22.182343 ], [ -54.672858, -22.182286 ] ] ] } },
{ "type": "Feature", "properties": { "id": 104149, "insc_imob": "05.01.34.31.208", "quadra_cartorio": "9", "lote_cartorio": "10", "matricula": null, "circunscricao": "1º CIRCUNSCRIÇÃO", "zoneamento": null, "condominio": null, "area_geom": 383.04, "cnm": null }, "geometry": { "type": "Polygon", "coordinates": [ [ [ -54.674575, -22.1848 ], [ -54.674649, -22.184716 ], [ -54.674884, -22.184899 ], [ -54.674814, -22.184985 ], [ -54.674575, -22.1848 ] ] ] } },
{ "type": "Feature", "properties": { "id": 105354, "insc_imob": "05.01.34.11.246", "quadra_cartorio": "4", "lote_cartorio": "03", "matricula": null, "circunscricao": "1º CIRCUNSCRIÇÃO", "zoneamento": null, "condominio": null, "area_geom": 362.67, "cnm": null }, "geometry": { "type": "Polygon", "coordinates": [ [ [ -54.675175, -22.183168 ], [ -54.675361, -22.182959 ], [ -54.675451, -22.183029 ], [ -54.675302, -22.183196 ], [ -54.675299, -22.183199 ], [ -54.675296, -22.183203 ], [ -54.675264, -22.183238 ], [ -54.675175, -22.183168 ] ] ] } },
{ "type": "Feature", "properties": { "id": 105400, "insc_imob": "05.01.34.41.283", "quadra_cartorio": "11", "lote_cartorio": "06", "matricula": null, "circunscricao": "1º CIRCUNSCRIÇÃO", "zoneamento": null, "condominio": null, "area_geom": 362.67, "cnm": null }, "geometry": { "type": "Polygon", "coordinates": [ [ [ -54.674099, -22.185162 ], [ -54.674286, -22.184953 ], [ -54.674376, -22.185023 ], [ -54.674282, -22.185128 ], [ -54.674189, -22.185232 ], [ -54.674099, -22.185162 ] ] ] } },
{ "type": "Feature", "properties": { "id": 105478, "insc_imob": "05.01.34.42.103", "quadra_cartorio": "10", "lote_cartorio": "16", "matricula": null, "circunscricao": "1º CIRCUNSCRIÇÃO", "zoneamento": null, "condominio": null, "area_geom": 362.66, "cnm": null }, "geometry": { "type": "Polygon", "coordinates": [ [ [ -54.672655, -22.184114 ], [ -54.672692, -22.184073 ], [ -54.672782, -22.184142 ], [ -54.672595, -22.184351 ], [ -54.672506, -22.184282 ], [ -54.67258, -22.184198 ], [ -54.672655, -22.184114 ] ] ] } },
{ "type": "Feature", "properties": { "id": 105479, "insc_imob": "05.01.34.42.128", "quadra_cartorio": "10", "lote_cartorio": "14", "matricula": null, "circunscricao": "1º CIRCUNSCRIÇÃO", "zoneamento": null, "condominio": null, "area_geom": 362.65, "cnm": null }, "geometry": { "type": "Polygon", "coordinates": [ [ [ -54.672685, -22.184421 ], [ -54.672872, -22.184212 ], [ -54.672879, -22.184218 ], [ -54.672962, -22.184281 ], [ -54.672775, -22.18449 ], [ -54.672685, -22.184421 ] ] ] } },
{ "type": "Feature", "properties": { "id": 105514, "insc_imob": "05.01.34.41.049", "quadra_cartorio": "11", "lote_cartorio": "17", "matricula": null, "circunscricao": "1º CIRCUNSCRIÇÃO", "zoneamento": null, "condominio": null, "area_geom": 362.66, "cnm": null }, "geometry": { "type": "Polygon", "coordinates": [ [ [ -54.673403, -22.184836 ], [ -54.673478, -22.184752 ], [ -54.673703, -22.184926 ], [ -54.673628, -22.18501 ], [ -54.673403, -22.184836 ] ] ] } },
{ "type": "Feature", "properties": { "id": 105515, "insc_imob": "05.01.34.42.115", "quadra_cartorio": "10", "lote_cartorio": "15", "matricula": null, "circunscricao": "1º CIRCUNSCRIÇÃO", "zoneamento": null, "condominio": null, "area_geom": 362.65, "cnm": null }, "geometry": { "type": "Polygon", "coordinates": [ [ [ -54.672595, -22.184351 ], [ -54.672782, -22.184142 ], [ -54.672872, -22.184212 ], [ -54.672685, -22.184421 ], [ -54.672595, -22.184351 ] ] ] } },
{ "type": "Feature", "properties": { "id": 105736, "insc_imob": "05.01.34.14.123", "quadra_cartorio": "05", "lote_cartorio": "13", "matricula": null, "circunscricao": "1º CIRCUNSCRIÇÃO", "zoneamento": null, "condominio": null, "area_geom": 302.25, "cnm": null }, "geometry": { "type": "Polygon", "coordinates": [ [ [ -54.672392, -22.181348 ], [ -54.672579, -22.181139 ], [ -54.672654, -22.181197 ], [ -54.672467, -22.181406 ], [ -54.672392, -22.181348 ] ] ] } },
{ "type": "Feature", "properties": { "id": 105737, "insc_imob": "05.01.34.15.031", "quadra_cartorio": "06", "lote_cartorio": "04", "matricula": null, "circunscricao": "1º CIRCUNSCRIÇÃO", "zoneamento": null, "condominio": null, "area_geom": 423.06, "cnm": null }, "geometry": { "type": "Polygon", "coordinates": [ [ [ -54.671666, -22.180428 ], [ -54.671853, -22.180219 ], [ -54.671958, -22.1803 ], [ -54.671771, -22.180509 ], [ -54.671666, -22.180428 ] ] ] } },
{ "type": "Feature", "properties": { "id": 105774, "insc_imob": "05.01.34.13.293", "quadra_cartorio": "4", "lote_cartorio": "06", "matricula": null, "circunscricao": "1º CIRCUNSCRIÇÃO", "zoneamento": null, "condominio": null, "area_geom": 302.19, "cnm": null }, "geometry": { "type": "Polygon", "coordinates": [ [ [ -54.673358, -22.181755 ], [ -54.673545, -22.181546 ], [ -54.67362, -22.181604 ], [ -54.673433, -22.181813 ], [ -54.673399, -22.181787 ], [ -54.673358, -22.181755 ] ] ] } },
{ "type": "Feature", "properties": { "id": 105820, "insc_imob": "05.01.34.41.209", "quadra_cartorio": "11", "lote_cartorio": "09", "matricula": null, "circunscricao": "1º CIRCUNSCRIÇÃO", "zoneamento": null, "condominio": null, "area_geom": 434.56, "cnm": null }, "geometry": { "type": "Polygon", "coordinates": [ [ [ -54.674095, -22.185337 ], [ -54.674189, -22.185232 ], [ -54.674408, -22.185402 ], [ -54.674307, -22.1855 ], [ -54.674095, -22.185337 ] ] ] } },
{ "type": "Feature", "properties": { "id": 105821, "insc_imob": "05.01.34.42.091", "quadra_cartorio": "10", "lote_cartorio": "17", "matricula": null, "circunscricao": "1º CIRCUNSCRIÇÃO", "zoneamento": null, "condominio": null, "area_geom": 362.67, "cnm": null }, "geometry": { "type": "Polygon", "coordinates": [ [ [ -54.672281, -22.184108 ], [ -54.672356, -22.184024 ], [ -54.67258, -22.184198 ], [ -54.672506, -22.184282 ], [ -54.672281, -22.184108 ] ] ] } },
{ "type": "Feature", "properties": { "id": 106136, "insc_imob": "05.01.33.01.286", "quadra_cartorio": "00", "lote_cartorio": "ÁREA VERDE", "matricula": null, "circunscricao": "1º CIRCUNSCRIÇÃO", "zoneamento": null, "condominio": null, "area_geom": 21559.0, "cnm": null }, "geometry": { "type": "Polygon", "coordinates": [ [ [ -54.681769, -22.187821 ], [ -54.682237, -22.187296 ], [ -54.684367, -22.188946 ], [ -54.683895, -22.189467 ], [ -54.681769, -22.187821 ] ] ] } },
{ "type": "Feature", "properties": { "id": 107286, "insc_imob": "05.01.34.11.031", "quadra_cartorio": "4", "lote_cartorio": "01", "matricula": null, "circunscricao": "1º CIRCUNSCRIÇÃO", "zoneamento": null, "condominio": null, "area_geom": 362.67, "cnm": null }, "geometry": { "type": "Polygon", "coordinates": [ [ [ -54.674995, -22.183029 ], [ -54.675182, -22.18282 ], [ -54.675272, -22.182889 ], [ -54.675085, -22.183099 ], [ -54.674995, -22.183029 ] ] ] } },
{ "type": "Feature", "properties": { "id": 108501, "insc_imob": "05.01.34.41.271", "quadra_cartorio": "11", "lote_cartorio": "07", "matricula": null, "circunscricao": "1º CIRCUNSCRIÇÃO", "zoneamento": null, "condominio": null, "area_geom": 463.95, "cnm": null }, "geometry": { "type": "Polygon", "coordinates": [ [ [ -54.674282, -22.185128 ], [ -54.674376, -22.185023 ], [ -54.674609, -22.185204 ], [ -54.674508, -22.185303 ], [ -54.674282, -22.185128 ] ] ] } },
{ "type": "Feature", "properties": { "id": 110872, "insc_imob": "05.01.34.14.073", "quadra_cartorio": "05", "lote_cartorio": "18", "matricula": null, "circunscricao": "1º CIRCUNSCRIÇÃO", "zoneamento": null, "condominio": null, "area_geom": 347.59, "cnm": null }, "geometry": { "type": "Polygon", "coordinates": [ [ [ -54.672007, -22.18105 ], [ -54.672194, -22.180841 ], [ -54.67228, -22.180907 ], [ -54.672093, -22.181116 ], [ -54.672007, -22.18105 ] ] ] } },
{ "type": "Feature", "properties": { "id": 110988, "insc_imob": "05.01.35.01.292", "quadra_cartorio": "01", "lote_cartorio": "24", "matricula": null, "circunscricao": "1º CIRCUNSCRIÇÃO", "zoneamento": null, "condominio": null, "area_geom": 734.15, "cnm": null }, "geometry": { "type": "Polygon", "coordinates": [ [ [ -54.671429, -22.179768 ], [ -54.671523, -22.179664 ], [ -54.671886, -22.179945 ], [ -54.671793, -22.18005 ], [ -54.671429, -22.179768 ] ] ] } },
{ "type": "Feature", "properties": { "id": 114757, "insc_imob": "05.01.33.01.436", "quadra_cartorio": "52 NC", "lote_cartorio": "P/05", "matricula": null, "circunscricao": "1º CIRCUNSCRIÇÃO", "zoneamento": null, "condominio": null, "area_geom": 11374.58, "cnm": null }, "geometry": { "type": "Polygon", "coordinates": [ [ [ -54.680647, -22.186951 ], [ -54.681115, -22.186427 ], [ -54.682237, -22.187296 ], [ -54.681769, -22.187821 ], [ -54.680647, -22.186951 ] ] ] } },
{ "type": "Feature", "properties": { "id": 114760, "insc_imob": "05.01.33.01.526", "quadra_cartorio": "52 NCD", "lote_cartorio": "DATA 14", "matricula": null, "circunscricao": "1º CIRCUNSCRIÇÃO", "zoneamento": null, "condominio": null, "area_geom": 2274.84, "cnm": null }, "geometry": { "type": "Polygon", "coordinates": [ [ [ -54.679973, -22.186429 ], [ -54.680442, -22.185905 ], [ -54.680666, -22.186079 ], [ -54.680198, -22.186603 ], [ -54.679973, -22.186429 ] ] ] } },
{ "type": "Feature", "properties": { "id": 114792, "insc_imob": "05.01.33.01.792", "quadra_cartorio": "52 NC", "lote_cartorio": "P/DATA 05", "matricula": null, "circunscricao": "1º CIRCUNSCRIÇÃO", "zoneamento": null, "condominio": null, "area_geom": 3407.55, "cnm": null }, "geometry": { "type": "Polygon", "coordinates": [ [ [ -54.677984, -22.184889 ], [ -54.678453, -22.184364 ], [ -54.678789, -22.184625 ], [ -54.678321, -22.185149 ], [ -54.677984, -22.184889 ] ] ] } },
{ "type": "Feature", "properties": { "id": 114793, "insc_imob": "05.01.33.01.902", "quadra_cartorio": "52 NCD", "lote_cartorio": "03", "matricula": null, "circunscricao": "1º CIRCUNSCRIÇÃO", "zoneamento": null, "condominio": null, "area_geom": 3808.44, "cnm": null }, "geometry": { "type": "Polygon", "coordinates": [ [ [ -54.677273, -22.184337 ], [ -54.67774, -22.183811 ], [ -54.678116, -22.184103 ], [ -54.677648, -22.184628 ], [ -54.677273, -22.184337 ] ] ] } },
{ "type": "Feature", "properties": { "id": 114794, "insc_imob": "05.01.33.01.920", "quadra_cartorio": "52 NCD", "lote_cartorio": "P/1-2E3", "matricula": null, "circunscricao": "1º CIRCUNSCRIÇÃO", "zoneamento": null, "condominio": null, "area_geom": 5316.8, "cnm": null }, "geometry": { "type": "Polygon", "coordinates": [ [ [ -54.677126, -22.184224 ], [ -54.676606, -22.183821 ], [ -54.676801, -22.18372 ], [ -54.677048, -22.183639 ], [ -54.677386, -22.183537 ], [ -54.677609, -22.18371 ], [ -54.67774, -22.183811 ], [ -54.677273, -22.184337 ], [ -54.677126, -22.184224 ] ] ] } },
{ "type": "Feature", "properties": { "id": 114830, "insc_imob": "05.01.34.02.216", "quadra_cartorio": "1", "lote_cartorio": "11", "matricula": null, "circunscricao": "1º CIRCUNSCRIÇÃO", "zoneamento": null, "condominio": null, "area_geom": 435.19, "cnm": null }, "geometry": { "type": "Polygon", "coordinates": [ [ [ -54.674992, -22.182286 ], [ -54.675067, -22.182202 ], [ -54.675187, -22.182295 ], [ -54.675196, -22.182302 ], [ -54.675336, -22.182411 ], [ -54.675262, -22.182494 ], [ -54.674992, -22.182286 ] ] ] } },
{ "type": "Feature", "properties": { "id": 114866, "insc_imob": "05.01.34.03.135", "quadra_cartorio": "1", "lote_cartorio": "15", "matricula": null, "circunscricao": "1º CIRCUNSCRIÇÃO", "zoneamento": null, "condominio": null, "area_geom": 352.56, "cnm": null }, "geometry": { "type": "Polygon", "coordinates": [ [ [ -54.673739, -22.18146 ], [ -54.673926, -22.181251 ], [ -54.673957, -22.181216 ], [ -54.674031, -22.181274 ], [ -54.673814, -22.181518 ], [ -54.673739, -22.18146 ] ] ] } },
{ "type": "Feature", "properties": { "id": 114867, "insc_imob": "05.01.34.03.165", "quadra_cartorio": "1", "lote_cartorio": "12", "matricula": null, "circunscricao": "1º CIRCUNSCRIÇÃO", "zoneamento": null, "condominio": null, "area_geom": 352.58, "cnm": null }, "geometry": { "type": "Polygon", "coordinates": [ [ [ -54.673963, -22.181634 ], [ -54.674181, -22.18139 ], [ -54.674256, -22.181448 ], [ -54.674038, -22.181692 ], [ -54.673963, -22.181634 ] ] ] } },
{ "type": "Feature", "properties": { "id": 114868, "insc_imob": "05.01.34.03.273", "quadra_cartorio": "01", "lote_cartorio": "02", "matricula": null, "circunscricao": "1º CIRCUNSCRIÇÃO", "zoneamento": null, "condominio": null, "area_geom": 352.58, "cnm": null }, "geometry": { "type": "Polygon", "coordinates": [ [ [ -54.674181, -22.18139 ], [ -54.674399, -22.181146 ], [ -54.674474, -22.181204 ], [ -54.674256, -22.181448 ], [ -54.674181, -22.18139 ] ] ] } },
{ "type": "Feature", "properties": { "id": 114869, "insc_imob": "05.01.34.03.283", "quadra_cartorio": "1", "lote_cartorio": "03", "matricula": null, "circunscricao": "1º CIRCUNSCRIÇÃO", "zoneamento": null, "condominio": null, "area_geom": 352.6, "cnm": null }, "geometry": { "type": "Polygon", "coordinates": [ [ [ -54.674106, -22.181332 ], [ -54.674324, -22.181088 ], [ -54.674399, -22.181146 ], [ -54.674181, -22.18139 ], [ -54.674106, -22.181332 ] ] ] } },
{ "type": "Feature", "properties": { "id": 114870, "insc_imob": "05.01.34.03.293", "quadra_cartorio": "01", "lote_cartorio": "04", "matricula": null, "circunscricao": "1º CIRCUNSCRIÇÃO", "zoneamento": null, "condominio": null, "area_geom": 352.59, "cnm": null }, "geometry": { "type": "Polygon", "coordinates": [ [ [ -54.674031, -22.181274 ], [ -54.674249, -22.18103 ], [ -54.674324, -22.181088 ], [ -54.674106, -22.181332 ], [ -54.674031, -22.181274 ] ] ] } },
{ "type": "Feature", "properties": { "id": 114871, "insc_imob": "05.01.34.03.333", "quadra_cartorio": "01", "lote_cartorio": "08", "matricula": null, "circunscricao": "1º CIRCUNSCRIÇÃO", "zoneamento": null, "condominio": null, "area_geom": 352.59, "cnm": null }, "geometry": { "type": "Polygon", "coordinates": [ [ [ -54.673732, -22.181042 ], [ -54.67395, -22.180798 ], [ -54.674025, -22.180856 ], [ -54.673807, -22.1811 ], [ -54.673732, -22.181042 ] ] ] } },
{ "type": "Feature", "properties": { "id": 114872, "insc_imob": "05.01.34.03.343", "quadra_cartorio": "01", "lote_cartorio": "09", "matricula": null, "circunscricao": "1º CIRCUNSCRIÇÃO", "zoneamento": null, "condominio": null, "area_geom": 352.58, "cnm": null }, "geometry": { "type": "Polygon", "coordinates": [ [ [ -54.673657, -22.180984 ], [ -54.673875, -22.18074 ], [ -54.67395, -22.180798 ], [ -54.673732, -22.181042 ], [ -54.673657, -22.180984 ] ] ] } },
{ "type": "Feature", "properties": { "id": 114873, "insc_imob": "05.01.34.04.103", "quadra_cartorio": "2", "lote_cartorio": "16", "matricula": null, "circunscricao": "1º CIRCUNSCRIÇÃO", "zoneamento": null, "condominio": null, "area_geom": 352.57, "cnm": null }, "geometry": { "type": "Polygon", "coordinates": [ [ [ -54.672667, -22.180614 ], [ -54.672885, -22.18037 ], [ -54.67296, -22.180428 ], [ -54.672742, -22.180672 ], [ -54.672667, -22.180614 ] ] ] } },
{ "type": "Feature", "properties": { "id": 114874, "insc_imob": "05.01.34.04.113", "quadra_cartorio": "2", "lote_cartorio": "15", "matricula": null, "circunscricao": "1º CIRCUNSCRIÇÃO", "zoneamento": null, "condominio": null, "area_geom": 352.59, "cnm": null }, "geometry": { "type": "Polygon", "coordinates": [ [ [ -54.672742, -22.180672 ], [ -54.67296, -22.180428 ], [ -54.673035, -22.180486 ], [ -54.672817, -22.18073 ], [ -54.672742, -22.180672 ] ] ] } },
{ "type": "Feature", "properties": { "id": 114875, "insc_imob": "05.01.34.04.123", "quadra_cartorio": "2", "lote_cartorio": "14", "matricula": null, "circunscricao": "1º CIRCUNSCRIÇÃO", "zoneamento": null, "condominio": null, "area_geom": 352.58, "cnm": null }, "geometry": { "type": "Polygon", "coordinates": [ [ [ -54.672817, -22.18073 ], [ -54.673035, -22.180486 ], [ -54.673109, -22.180544 ], [ -54.672891, -22.180788 ], [ -54.672817, -22.18073 ] ] ] } },
{ "type": "Feature", "properties": { "id": 114876, "insc_imob": "05.01.34.04.133", "quadra_cartorio": "2", "lote_cartorio": "13", "matricula": null, "circunscricao": "1º CIRCUNSCRIÇÃO", "zoneamento": null, "condominio": null, "area_geom": 352.6, "cnm": null }, "geometry": { "type": "Polygon", "coordinates": [ [ [ -54.672891, -22.180788 ], [ -54.673109, -22.180544 ], [ -54.673184, -22.180602 ], [ -54.672966, -22.180846 ], [ -54.672891, -22.180788 ] ] ] } },
{ "type": "Feature", "properties": { "id": 114877, "insc_imob": "05.01.34.04.143", "quadra_cartorio": "2", "lote_cartorio": "12", "matricula": null, "circunscricao": "1º CIRCUNSCRIÇÃO", "zoneamento": null, "condominio": null, "area_geom": 352.6, "cnm": null }, "geometry": { "type": "Polygon", "coordinates": [ [ [ -54.672966, -22.180846 ], [ -54.673184, -22.180602 ], [ -54.673259, -22.18066 ], [ -54.673041, -22.180904 ], [ -54.672966, -22.180846 ] ] ] } },
{ "type": "Feature", "properties": { "id": 114883, "insc_imob": "05.01.34.04.153", "quadra_cartorio": "2", "lote_cartorio": "11", "matricula": null, "circunscricao": "1º CIRCUNSCRIÇÃO", "zoneamento": null, "condominio": null, "area_geom": 352.57, "cnm": null }, "geometry": { "type": "Polygon", "coordinates": [ [ [ -54.673041, -22.180904 ], [ -54.673259, -22.18066 ], [ -54.673334, -22.180718 ], [ -54.673116, -22.180962 ], [ -54.673041, -22.180904 ] ] ] } },
{ "type": "Feature", "properties": { "id": 114885, "insc_imob": "05.01.34.04.246", "quadra_cartorio": "02", "lote_cartorio": "01", "matricula": null, "circunscricao": "1º CIRCUNSCRIÇÃO", "zoneamento": null, "condominio": null, "area_geom": 387.82, "cnm": null }, "geometry": { "type": "Polygon", "coordinates": [ [ [ -54.673334, -22.180718 ], [ -54.673552, -22.180474 ], [ -54.673634, -22.180538 ], [ -54.673416, -22.180782 ], [ -54.673334, -22.180718 ] ] ] } },
{ "type": "Feature", "properties": { "id": 114887, "insc_imob": "05.01.34.04.266", "quadra_cartorio": "02", "lote_cartorio": "03", "matricula": null, "circunscricao": "1º CIRCUNSCRIÇÃO", "zoneamento": null, "condominio": null, "area_geom": 352.6, "cnm": null }, "geometry": { "type": "Polygon", "coordinates": [ [ [ -54.673184, -22.180602 ], [ -54.673402, -22.180358 ], [ -54.673477, -22.180416 ], [ -54.673259, -22.18066 ], [ -54.673184, -22.180602 ] ] ] } },
{ "type": "Feature", "properties": { "id": 114909, "insc_imob": "05.01.34.04.276", "quadra_cartorio": "2", "lote_cartorio": "04", "matricula": null, "circunscricao": "1º CIRCUNSCRIÇÃO", "zoneamento": null, "condominio": null, "area_geom": 352.59, "cnm": null }, "geometry": { "type": "Polygon", "coordinates": [ [ [ -54.673109, -22.180544 ], [ -54.673327, -22.1803 ], [ -54.673402, -22.180358 ], [ -54.673184, -22.180602 ], [ -54.673109, -22.180544 ] ] ] } },
{ "type": "Feature", "properties": { "id": 114910, "insc_imob": "05.01.34.04.296", "quadra_cartorio": "02", "lote_cartorio": "06", "matricula": null, "circunscricao": "1º CIRCUNSCRIÇÃO", "zoneamento": null, "condominio": null, "area_geom": 352.59, "cnm": null }, "geometry": { "type": "Polygon", "coordinates": [ [ [ -54.67296, -22.180428 ], [ -54.673178, -22.180184 ], [ -54.673252, -22.180242 ], [ -54.673035, -22.180486 ], [ -54.67296, -22.180428 ] ] ] } },
{ "type": "Feature", "properties": { "id": 114911, "insc_imob": "05.01.34.04.316", "quadra_cartorio": "02", "lote_cartorio": "08", "matricula": null, "circunscricao": "1º CIRCUNSCRIÇÃO", "zoneamento": null, "condominio": null, "area_geom": 352.59, "cnm": null }, "geometry": { "type": "Polygon", "coordinates": [ [ [ -54.67281, -22.180312 ], [ -54.673028, -22.180068 ], [ -54.673103, -22.180126 ], [ -54.672885, -22.18037 ], [ -54.67281, -22.180312 ] ] ] } },
{ "type": "Feature", "properties": { "id": 114936, "insc_imob": "05.01.34.05.218", "quadra_cartorio": "3", "lote_cartorio": "02", "matricula": null, "circunscricao": "1º CIRCUNSCRIÇÃO", "zoneamento": null, "condominio": null, "area_geom": 403.31, "cnm": null }, "geometry": { "type": "Polygon", "coordinates": [ [ [ -54.6724, -22.179988 ], [ -54.672625, -22.179749 ], [ -54.672707, -22.179813 ], [ -54.672489, -22.180057 ], [ -54.6724, -22.179988 ] ] ] } },
{ "type": "Feature", "properties": { "id": 114940, "insc_imob": "05.01.34.13.074", "quadra_cartorio": "04", "lote_cartorio": "20", "matricula": null, "circunscricao": "1º CIRCUNSCRIÇÃO", "zoneamento": null, "condominio": null, "area_geom": 392.93, "cnm": null }, "geometry": { "type": "Polygon", "coordinates": [ [ [ -54.67285, -22.181715 ], [ -54.673036, -22.181506 ], [ -54.673134, -22.181582 ], [ -54.672947, -22.181791 ], [ -54.67285, -22.181715 ] ] ] } },
{ "type": "Feature", "properties": { "id": 114961, "insc_imob": "05.01.34.13.094", "quadra_cartorio": "04", "lote_cartorio": "18", "matricula": null, "circunscricao": "1º CIRCUNSCRIÇÃO", "zoneamento": null, "condominio": null, "area_geom": 302.23, "cnm": null }, "geometry": { "type": "Polygon", "coordinates": [ [ [ -54.673022, -22.181849 ], [ -54.673209, -22.18164 ], [ -54.673283, -22.181697 ], [ -54.673097, -22.181907 ], [ -54.673022, -22.181849 ] ] ] } },
{ "type": "Feature", "properties": { "id": 114963, "insc_imob": "05.01.34.13.114", "quadra_cartorio": "04", "lote_cartorio": "16", "matricula": null, "circunscricao": "1º CIRCUNSCRIÇÃO", "zoneamento": null, "condominio": null, "area_geom": 302.27, "cnm": null }, "geometry": { "type": "Polygon", "coordinates": [ [ [ -54.673171, -22.181964 ], [ -54.673358, -22.181755 ], [ -54.673399, -22.181787 ], [ -54.673433, -22.181813 ], [ -54.673402, -22.181848 ], [ -54.673246, -22.182022 ], [ -54.673171, -22.181964 ] ] ] } },
{ "type": "Feature", "properties": { "id": 114964, "insc_imob": "05.01.34.13.263", "quadra_cartorio": "04", "lote_cartorio": "03", "matricula": null, "circunscricao": "1º CIRCUNSCRIÇÃO", "zoneamento": null, "condominio": null, "area_geom": 302.18, "cnm": null }, "geometry": { "type": "Polygon", "coordinates": [ [ [ -54.673583, -22.181929 ], [ -54.673769, -22.18172 ], [ -54.673844, -22.181778 ], [ -54.673657, -22.181987 ], [ -54.673583, -22.181929 ] ] ] } },
{ "type": "Feature", "properties": { "id": 114965, "insc_imob": "05.01.34.13.283", "quadra_cartorio": "04", "lote_cartorio": "05", "matricula": null, "circunscricao": "1º CIRCUNSCRIÇÃO", "zoneamento": null, "condominio": null, "area_geom": 302.18, "cnm": null }, "geometry": { "type": "Polygon", "coordinates": [ [ [ -54.673433, -22.181813 ], [ -54.67362, -22.181604 ], [ -54.673694, -22.181662 ], [ -54.673508, -22.181871 ], [ -54.673433, -22.181813 ] ] ] } },
{ "type": "Feature", "properties": { "id": 114984, "insc_imob": "05.01.34.13.303", "quadra_cartorio": "04", "lote_cartorio": "07", "matricula": null, "circunscricao": "1º CIRCUNSCRIÇÃO", "zoneamento": null, "condominio": null, "area_geom": 302.19, "cnm": null }, "geometry": { "type": "Polygon", "coordinates": [ [ [ -54.673283, -22.181697 ], [ -54.67347, -22.181488 ], [ -54.673545, -22.181546 ], [ -54.673358, -22.181755 ], [ -54.673283, -22.181697 ] ] ] } },
{ "type": "Feature", "properties": { "id": 115012, "insc_imob": "05.01.34.14.083", "quadra_cartorio": "05", "lote_cartorio": "17", "matricula": null, "circunscricao": "1º CIRCUNSCRIÇÃO", "zoneamento": null, "condominio": null, "area_geom": 302.25, "cnm": null }, "geometry": { "type": "Polygon", "coordinates": [ [ [ -54.672093, -22.181116 ], [ -54.67228, -22.180907 ], [ -54.672354, -22.180965 ], [ -54.672168, -22.181174 ], [ -54.672093, -22.181116 ] ] ] } },
{ "type": "Feature", "properties": { "id": 115013, "insc_imob": "05.01.34.14.093", "quadra_cartorio": "05", "lote_cartorio": "16", "matricula": null, "circunscricao": "1º CIRCUNSCRIÇÃO", "zoneamento": null, "condominio": null, "area_geom": 302.23, "cnm": null }, "geometry": { "type": "Polygon", "coordinates": [ [ [ -54.672168, -22.181174 ], [ -54.672354, -22.180965 ], [ -54.672429, -22.181023 ], [ -54.672242, -22.181232 ], [ -54.672168, -22.181174 ] ] ] } },
{ "type": "Feature", "properties": { "id": 115014, "insc_imob": "05.01.34.14.113", "quadra_cartorio": "05", "lote_cartorio": "14", "matricula": null, "circunscricao": "1º CIRCUNSCRIÇÃO", "zoneamento": null, "condominio": null, "area_geom": 302.26, "cnm": null }, "geometry": { "type": "Polygon", "coordinates": [ [ [ -54.672317, -22.18129 ], [ -54.672504, -22.181081 ], [ -54.672579, -22.181139 ], [ -54.672392, -22.181348 ], [ -54.672317, -22.18129 ] ] ] } },
{ "type": "Feature", "properties": { "id": 115429, "insc_imob": "05.01.34.42.296", "quadra_cartorio": "10", "lote_cartorio": "05", "matricula": null, "circunscricao": "1º CIRCUNSCRIÇÃO", "zoneamento": null, "condominio": null, "area_geom": 362.66, "cnm": null }, "geometry": { "type": "Polygon", "coordinates": [ [ [ -54.672962, -22.184281 ], [ -54.673148, -22.184072 ], [ -54.673238, -22.184142 ], [ -54.673052, -22.184351 ], [ -54.672962, -22.184281 ] ] ] } },
{ "type": "Feature", "properties": { "id": 115017, "insc_imob": "05.01.34.14.225", "quadra_cartorio": "05", "lote_cartorio": "01", "matricula": null, "circunscricao": "1º CIRCUNSCRIÇÃO", "zoneamento": null, "condominio": null, "area_geom": 442.77, "cnm": null }, "geometry": { "type": "Polygon", "coordinates": [ [ [ -54.672803, -22.181313 ], [ -54.67299, -22.181104 ], [ -54.673072, -22.181168 ], [ -54.672824, -22.181446 ], [ -54.672741, -22.181383 ], [ -54.672803, -22.181313 ] ] ] } },
{ "type": "Feature", "properties": { "id": 115019, "insc_imob": "05.01.34.14.266", "quadra_cartorio": "05", "lote_cartorio": "05", "matricula": null, "circunscricao": "1º CIRCUNSCRIÇÃO", "zoneamento": null, "condominio": null, "area_geom": 302.19, "cnm": null }, "geometry": { "type": "Polygon", "coordinates": [ [ [ -54.672504, -22.181081 ], [ -54.672691, -22.180872 ], [ -54.672766, -22.18093 ], [ -54.672579, -22.181139 ], [ -54.672504, -22.181081 ] ] ] } },
{ "type": "Feature", "properties": { "id": 115036, "insc_imob": "05.01.34.14.276", "quadra_cartorio": "05", "lote_cartorio": "06", "matricula": null, "circunscricao": "1º CIRCUNSCRIÇÃO", "zoneamento": null, "condominio": null, "area_geom": 302.18, "cnm": null }, "geometry": { "type": "Polygon", "coordinates": [ [ [ -54.672429, -22.181023 ], [ -54.672616, -22.180814 ], [ -54.672691, -22.180872 ], [ -54.672504, -22.181081 ], [ -54.672429, -22.181023 ] ] ] } },
{ "type": "Feature", "properties": { "id": 115058, "insc_imob": "05.01.34.22.103", "quadra_cartorio": "06", "lote_cartorio": "16", "matricula": null, "circunscricao": "1º CIRCUNSCRIÇÃO", "zoneamento": null, "condominio": null, "area_geom": 362.66, "cnm": null }, "geometry": { "type": "Polygon", "coordinates": [ [ [ -54.673651, -22.183 ], [ -54.673688, -22.182958 ], [ -54.673778, -22.183027 ], [ -54.673591, -22.183236 ], [ -54.673502, -22.183167 ], [ -54.673576, -22.183083 ], [ -54.673651, -22.183 ] ] ] } },
{ "type": "Feature", "properties": { "id": 115067, "insc_imob": "05.01.34.22.115", "quadra_cartorio": "06", "lote_cartorio": "15", "matricula": null, "circunscricao": "1º CIRCUNSCRIÇÃO", "zoneamento": null, "condominio": null, "area_geom": 362.65, "cnm": null }, "geometry": { "type": "Polygon", "coordinates": [ [ [ -54.673591, -22.183236 ], [ -54.673778, -22.183027 ], [ -54.673868, -22.183097 ], [ -54.673681, -22.183306 ], [ -54.673591, -22.183236 ] ] ] } },
{ "type": "Feature", "properties": { "id": 115068, "insc_imob": "05.01.34.22.140", "quadra_cartorio": "06", "lote_cartorio": "13", "matricula": null, "circunscricao": "1º CIRCUNSCRIÇÃO", "zoneamento": null, "condominio": null, "area_geom": 362.65, "cnm": null }, "geometry": { "type": "Polygon", "coordinates": [ [ [ -54.673771, -22.183375 ], [ -54.673958, -22.183166 ], [ -54.674047, -22.183236 ], [ -54.673861, -22.183445 ], [ -54.673771, -22.183375 ] ] ] } },
{ "type": "Feature", "properties": { "id": 115069, "insc_imob": "05.01.34.22.152", "quadra_cartorio": "06", "lote_cartorio": "12", "matricula": null, "circunscricao": "1º CIRCUNSCRIÇÃO", "zoneamento": null, "condominio": null, "area_geom": 362.68, "cnm": null }, "geometry": { "type": "Polygon", "coordinates": [ [ [ -54.673861, -22.183445 ], [ -54.674047, -22.183236 ], [ -54.674137, -22.183306 ], [ -54.6741, -22.183347 ], [ -54.674025, -22.183431 ], [ -54.673951, -22.183515 ], [ -54.673861, -22.183445 ] ] ] } },
{ "type": "Feature", "properties": { "id": 115149, "insc_imob": "05.01.34.31.274", "quadra_cartorio": "9", "lote_cartorio": "07", "matricula": "", "circunscricao": "1º CIRCUNSCRIÇÃO", "zoneamento": null, "condominio": null, "area_geom": 363.57, "cnm": null }, "geometry": { "type": "Polygon", "coordinates": [ [ [ -54.674799, -22.184549 ], [ -54.674873, -22.184466 ], [ -54.675096, -22.184638 ], [ -54.675026, -22.184725 ], [ -54.674799, -22.184549 ] ] ] } },
{ "type": "Feature", "properties": { "id": 115229, "insc_imob": "05.01.34.33.253", "quadra_cartorio": "08", "lote_cartorio": "02", "matricula": null, "circunscricao": "1º CIRCUNSCRIÇÃO", "zoneamento": null, "condominio": null, "area_geom": 309.84, "cnm": null }, "geometry": { "type": "Polygon", "coordinates": [ [ [ -54.67267, -22.183071 ], [ -54.672862, -22.182857 ], [ -54.672937, -22.182915 ], [ -54.672745, -22.183129 ], [ -54.67267, -22.183071 ] ] ] } },
{ "type": "Feature", "properties": { "id": 115258, "insc_imob": "05.01.34.33.273", "quadra_cartorio": "08", "lote_cartorio": "04", "matricula": null, "circunscricao": "1º CIRCUNSCRIÇÃO", "zoneamento": null, "condominio": null, "area_geom": 309.85, "cnm": null }, "geometry": { "type": "Polygon", "coordinates": [ [ [ -54.672521, -22.182955 ], [ -54.672712, -22.182741 ], [ -54.672787, -22.182799 ], [ -54.672595, -22.183013 ], [ -54.672521, -22.182955 ] ] ] } },
{ "type": "Feature", "properties": { "id": 115304, "insc_imob": "05.01.34.34.113", "quadra_cartorio": "9", "lote_cartorio": "14", "matricula": null, "circunscricao": "1º CIRCUNSCRIÇÃO", "zoneamento": null, "condominio": null, "area_geom": 296.43, "cnm": null }, "geometry": { "type": "Polygon", "coordinates": [ [ [ -54.67132, -22.182378 ], [ -54.671501, -22.182173 ], [ -54.671577, -22.182232 ], [ -54.671395, -22.182436 ], [ -54.67132, -22.182378 ] ] ] } },
{ "type": "Feature", "properties": { "id": 115325, "insc_imob": "05.01.34.34.296", "quadra_cartorio": "9", "lote_cartorio": "08", "matricula": null, "circunscricao": "1º CIRCUNSCRIÇÃO", "zoneamento": null, "condominio": null, "area_geom": 309.84, "cnm": null }, "geometry": { "type": "Polygon", "coordinates": [ [ [ -54.671277, -22.182 ], [ -54.671469, -22.181786 ], [ -54.671544, -22.181844 ], [ -54.671352, -22.182058 ], [ -54.671277, -22.182 ] ] ] } },
{ "type": "Feature", "properties": { "id": 115351, "insc_imob": "05.01.34.35.099", "quadra_cartorio": "10", "lote_cartorio": "06", "matricula": null, "circunscricao": "1º CIRCUNSCRIÇÃO", "zoneamento": null, "condominio": null, "area_geom": 353.49, "cnm": null }, "geometry": { "type": "Polygon", "coordinates": [ [ [ -54.670677, -22.181887 ], [ -54.670828, -22.181718 ], [ -54.670859, -22.181683 ], [ -54.670896, -22.181712 ], [ -54.670949, -22.181753 ], [ -54.670767, -22.181956 ], [ -54.670677, -22.181887 ] ] ] } },
{ "type": "Feature", "properties": { "id": 115352, "insc_imob": "05.01.34.35.143", "quadra_cartorio": "10", "lote_cartorio": "05", "matricula": null, "circunscricao": "1º CIRCUNSCRIÇÃO", "zoneamento": null, "condominio": null, "area_geom": 412.45, "cnm": null }, "geometry": { "type": "Polygon", "coordinates": [ [ [ -54.670767, -22.181956 ], [ -54.670949, -22.181753 ], [ -54.671053, -22.181834 ], [ -54.670871, -22.182038 ], [ -54.670767, -22.181956 ] ] ] } },
{ "type": "Feature", "properties": { "id": 115353, "insc_imob": "05.01.34.35.212", "quadra_cartorio": "10", "lote_cartorio": "03", "matricula": null, "circunscricao": "1º CIRCUNSCRIÇÃO", "zoneamento": null, "condominio": null, "area_geom": 371.8, "cnm": null }, "geometry": { "type": "Polygon", "coordinates": [ [ [ -54.670769, -22.181614 ], [ -54.67096, -22.181399 ], [ -54.67105, -22.181469 ], [ -54.670896, -22.181641 ], [ -54.67089, -22.181648 ], [ -54.670859, -22.181683 ], [ -54.670769, -22.181614 ] ] ] } },
{ "type": "Feature", "properties": { "id": 115354, "insc_imob": "05.01.34.41.013", "quadra_cartorio": "11", "lote_cartorio": "01", "matricula": null, "circunscricao": "1º CIRCUNSCRIÇÃO", "zoneamento": null, "condominio": null, "area_geom": 362.66, "cnm": null }, "geometry": { "type": "Polygon", "coordinates": [ [ [ -54.673627, -22.184585 ], [ -54.673702, -22.184501 ], [ -54.673927, -22.184675 ], [ -54.673852, -22.184759 ], [ -54.673627, -22.184585 ] ] ] } },
{ "type": "Feature", "properties": { "id": 115355, "insc_imob": "05.01.34.41.024", "quadra_cartorio": "11", "lote_cartorio": "19", "matricula": null, "circunscricao": "1º CIRCUNSCRIÇÃO", "zoneamento": null, "condominio": null, "area_geom": 362.67, "cnm": null }, "geometry": { "type": "Polygon", "coordinates": [ [ [ -54.673553, -22.184668 ], [ -54.673627, -22.184585 ], [ -54.673852, -22.184759 ], [ -54.673777, -22.184842 ], [ -54.673553, -22.184668 ] ] ] } },
{ "type": "Feature", "properties": { "id": 115356, "insc_imob": "05.01.34.41.091", "quadra_cartorio": "11", "lote_cartorio": "16", "matricula": null, "circunscricao": "1º CIRCUNSCRIÇÃO", "zoneamento": null, "condominio": null, "area_geom": 362.67, "cnm": null }, "geometry": { "type": "Polygon", "coordinates": [ [ [ -54.673329, -22.184919 ], [ -54.673403, -22.184836 ], [ -54.673628, -22.18501 ], [ -54.673553, -22.185093 ], [ -54.673329, -22.184919 ] ] ] } },
{ "type": "Feature", "properties": { "id": 115373, "insc_imob": "05.01.34.41.115", "quadra_cartorio": "11", "lote_cartorio": "14", "matricula": null, "circunscricao": "1º CIRCUNSCRIÇÃO", "zoneamento": null, "condominio": null, "area_geom": 362.65, "cnm": null }, "geometry": { "type": "Polygon", "coordinates": [ [ [ -54.673643, -22.185163 ], [ -54.67383, -22.184954 ], [ -54.673919, -22.185023 ], [ -54.673733, -22.185232 ], [ -54.673643, -22.185163 ] ] ] } },
{ "type": "Feature", "properties": { "id": 115374, "insc_imob": "05.01.34.41.140", "quadra_cartorio": "11", "lote_cartorio": "12", "matricula": null, "circunscricao": "1º CIRCUNSCRIÇÃO", "zoneamento": null, "condominio": null, "area_geom": 362.66, "cnm": null }, "geometry": { "type": "Polygon", "coordinates": [ [ [ -54.673822, -22.185302 ], [ -54.674009, -22.185093 ], [ -54.674099, -22.185162 ], [ -54.673912, -22.185371 ], [ -54.673822, -22.185302 ] ] ] } },
{ "type": "Feature", "properties": { "id": 115375, "insc_imob": "05.01.34.41.152", "quadra_cartorio": "11", "lote_cartorio": "11", "matricula": null, "circunscricao": "1º CIRCUNSCRIÇÃO", "zoneamento": null, "condominio": null, "area_geom": 362.69, "cnm": null }, "geometry": { "type": "Polygon", "coordinates": [ [ [ -54.673912, -22.185371 ], [ -54.674099, -22.185162 ], [ -54.674189, -22.185232 ], [ -54.674095, -22.185337 ], [ -54.674002, -22.185441 ], [ -54.673912, -22.185371 ] ] ] } },
{ "type": "Feature", "properties": { "id": 115376, "insc_imob": "05.01.34.41.194", "quadra_cartorio": "11", "lote_cartorio": "10", "matricula": null, "circunscricao": "1º CIRCUNSCRIÇÃO", "zoneamento": null, "condominio": null, "area_geom": 419.86, "cnm": null }, "geometry": { "type": "Polygon", "coordinates": [ [ [ -54.674002, -22.185441 ], [ -54.674095, -22.185337 ], [ -54.674307, -22.1855 ], [ -54.674206, -22.185599 ], [ -54.674002, -22.185441 ] ] ] } },
{ "type": "Feature", "properties": { "id": 115377, "insc_imob": "05.01.34.41.224", "quadra_cartorio": "11", "lote_cartorio": "08", "matricula": null, "circunscricao": "1º CIRCUNSCRIÇÃO", "zoneamento": null, "condominio": null, "area_geom": 449.25, "cnm": null }, "geometry": { "type": "Polygon", "coordinates": [ [ [ -54.674189, -22.185232 ], [ -54.674282, -22.185128 ], [ -54.674508, -22.185303 ], [ -54.674408, -22.185402 ], [ -54.674189, -22.185232 ] ] ] } },
{ "type": "Feature", "properties": { "id": 115378, "insc_imob": "05.01.34.41.319", "quadra_cartorio": "11", "lote_cartorio": "03", "matricula": null, "circunscricao": "1º CIRCUNSCRIÇÃO", "zoneamento": null, "condominio": null, "area_geom": 362.67, "cnm": null }, "geometry": { "type": "Polygon", "coordinates": [ [ [ -54.67383, -22.184954 ], [ -54.674016, -22.184745 ], [ -54.674106, -22.184814 ], [ -54.673919, -22.185023 ], [ -54.67383, -22.184954 ] ] ] } },
{ "type": "Feature", "properties": { "id": 115402, "insc_imob": "05.01.34.42.049", "quadra_cartorio": "10", "lote_cartorio": "18", "matricula": null, "circunscricao": "1º CIRCUNSCRIÇÃO", "zoneamento": null, "condominio": null, "area_geom": 362.67, "cnm": null }, "geometry": { "type": "Polygon", "coordinates": [ [ [ -54.672356, -22.184024 ], [ -54.672431, -22.18394 ], [ -54.672655, -22.184114 ], [ -54.67258, -22.184198 ], [ -54.672356, -22.184024 ] ] ] } },
{ "type": "Feature", "properties": { "id": 115403, "insc_imob": "05.01.34.42.140", "quadra_cartorio": "10", "lote_cartorio": "13", "matricula": null, "circunscricao": "1º CIRCUNSCRIÇÃO", "zoneamento": null, "condominio": null, "area_geom": 362.66, "cnm": null }, "geometry": { "type": "Polygon", "coordinates": [ [ [ -54.672775, -22.18449 ], [ -54.672962, -22.184281 ], [ -54.673052, -22.184351 ], [ -54.672865, -22.18456 ], [ -54.672775, -22.18449 ] ] ] } },
{ "type": "Feature", "properties": { "id": 115424, "insc_imob": "05.01.34.42.152", "quadra_cartorio": "10", "lote_cartorio": "12", "matricula": null, "circunscricao": "1º CIRCUNSCRIÇÃO", "zoneamento": null, "condominio": null, "area_geom": 362.7, "cnm": null }, "geometry": { "type": "Polygon", "coordinates": [ [ [ -54.672865, -22.18456 ], [ -54.673052, -22.184351 ], [ -54.673141, -22.18442 ], [ -54.673104, -22.184462 ], [ -54.673029, -22.184546 ], [ -54.672955, -22.184629 ], [ -54.672865, -22.18456 ] ] ] } },
{ "type": "Feature", "properties": { "id": 115425, "insc_imob": "05.01.34.42.194", "quadra_cartorio": "10", "lote_cartorio": "11", "matricula": null, "circunscricao": "1º CIRCUNSCRIÇÃO", "zoneamento": null, "condominio": null, "area_geom": 362.67, "cnm": null }, "geometry": { "type": "Polygon", "coordinates": [ [ [ -54.672955, -22.184629 ], [ -54.673029, -22.184546 ], [ -54.673254, -22.18472 ], [ -54.673179, -22.184803 ], [ -54.672955, -22.184629 ] ] ] } },
{ "type": "Feature", "properties": { "id": 115426, "insc_imob": "05.01.34.42.206", "quadra_cartorio": "10", "lote_cartorio": "10", "matricula": null, "circunscricao": "1º CIRCUNSCRIÇÃO", "zoneamento": null, "condominio": null, "area_geom": 362.67, "cnm": null }, "geometry": { "type": "Polygon", "coordinates": [ [ [ -54.673029, -22.184546 ], [ -54.673104, -22.184462 ], [ -54.673328, -22.184636 ], [ -54.673254, -22.18472 ], [ -54.673029, -22.184546 ] ] ] } },
{ "type": "Feature", "properties": { "id": 115427, "insc_imob": "05.01.34.42.218", "quadra_cartorio": "10", "lote_cartorio": "09", "matricula": null, "circunscricao": "1º CIRCUNSCRIÇÃO", "zoneamento": null, "condominio": null, "area_geom": 362.66, "cnm": null }, "geometry": { "type": "Polygon", "coordinates": [ [ [ -54.673141, -22.18442 ], [ -54.673179, -22.184379 ], [ -54.673403, -22.184553 ], [ -54.673328, -22.184636 ], [ -54.673104, -22.184462 ], [ -54.673141, -22.18442 ] ] ] } },
{ "type": "Feature", "properties": { "id": 115428, "insc_imob": "05.01.34.42.272", "quadra_cartorio": "10", "lote_cartorio": "07", "matricula": null, "circunscricao": "1º CIRCUNSCRIÇÃO", "zoneamento": null, "condominio": null, "area_geom": 362.65, "cnm": null }, "geometry": { "type": "Polygon", "coordinates": [ [ [ -54.673253, -22.184295 ], [ -54.673328, -22.184211 ], [ -54.673553, -22.184385 ], [ -54.673478, -22.184469 ], [ -54.673253, -22.184295 ] ] ] } },
{ "type": "Feature", "properties": { "id": 115523, "insc_imob": "05.01.35.01.081", "quadra_cartorio": "01", "lote_cartorio": "12", "matricula": null, "circunscricao": "1º CIRCUNSCRIÇÃO", "zoneamento": null, "condominio": null, "area_geom": 701.38, "cnm": null }, "geometry": { "type": "Polygon", "coordinates": [ [ [ -54.671082, -22.179499 ], [ -54.671176, -22.179395 ], [ -54.671485, -22.179635 ], [ -54.671523, -22.179664 ], [ -54.671429, -22.179768 ], [ -54.671082, -22.179499 ] ] ] } },
{ "type": "Feature", "properties": { "id": 115648, "insc_imob": "05.01.35.01.410", "quadra_cartorio": "01", "lote_cartorio": "05", "matricula": null, "circunscricao": "1º CIRCUNSCRIÇÃO", "zoneamento": null, "condominio": null, "area_geom": 353.29, "cnm": null }, "geometry": { "type": "Polygon", "coordinates": [ [ [ -54.67168, -22.179432 ], [ -54.671899, -22.179188 ], [ -54.671973, -22.179246 ], [ -54.671755, -22.17949 ], [ -54.67171, -22.179455 ], [ -54.67168, -22.179432 ] ] ] } },
{ "type": "Feature", "properties": { "id": 115663, "insc_imob": "05.01.35.11.170", "quadra_cartorio": "02", "lote_cartorio": "26", "matricula": null, "circunscricao": "1º CIRCUNSCRIÇÃO", "zoneamento": null, "condominio": null, "area_geom": 657.54, "cnm": null }, "geometry": { "type": "Polygon", "coordinates": [ [ [ -54.670711, -22.180598 ], [ -54.670795, -22.180503 ], [ -54.671149, -22.180777 ], [ -54.671062, -22.180876 ], [ -54.670711, -22.180598 ] ] ] } },
{ "type": "Feature", "properties": { "id": 115664, "insc_imob": "05.01.35.11.249", "quadra_cartorio": "02", "lote_cartorio": "03", "matricula": null, "circunscricao": "1º CIRCUNSCRIÇÃO", "zoneamento": null, "condominio": null, "area_geom": 352.53, "cnm": null }, "geometry": { "type": "Polygon", "coordinates": [ [ [ -54.670909, -22.180591 ], [ -54.671127, -22.180347 ], [ -54.671202, -22.180405 ], [ -54.670984, -22.180649 ], [ -54.670909, -22.180591 ] ] ] } },
{ "type": "Feature", "properties": { "id": 116030, "insc_imob": "05.01.34.22.194", "quadra_cartorio": "06", "lote_cartorio": "11", "matricula": null, "circunscricao": "1º CIRCUNSCRIÇÃO", "zoneamento": null, "condominio": null, "area_geom": 362.66, "cnm": null }, "geometry": { "type": "Polygon", "coordinates": [ [ [ -54.673951, -22.183515 ], [ -54.674025, -22.183431 ], [ -54.67425, -22.183605 ], [ -54.674175, -22.183689 ], [ -54.673951, -22.183515 ] ] ] } },
{ "type": "Feature", "properties": { "id": 117873, "insc_imob": "05.01.23.01.020", "quadra_cartorio": "08 NC", "lote_cartorio": "P/08", "matricula": null, "circunscricao": "1º CIRCUNSCRIÇÃO", "zoneamento": null, "condominio": null, "area_geom": 1007.43, "cnm": null }, "geometry": { "type": "Polygon", "coordinates": [ [ [ -54.677263, -22.182992 ], [ -54.677574, -22.182644 ], [ -54.677724, -22.18276 ], [ -54.677475, -22.183038 ], [ -54.677412, -22.183108 ], [ -54.677263, -22.182992 ] ] ] } },
{ "type": "Feature", "properties": { "id": 119155, "insc_imob": "05.01.35.01.214", "quadra_cartorio": "01", "lote_cartorio": "21", "matricula": null, "circunscricao": "1º CIRCUNSCRIÇÃO", "zoneamento": null, "condominio": null, "area_geom": 352.6, "cnm": null }, "geometry": { "type": "Polygon", "coordinates": [ [ [ -54.671313, -22.180268 ], [ -54.671531, -22.180024 ], [ -54.671606, -22.180082 ], [ -54.671388, -22.180326 ], [ -54.671313, -22.180268 ] ] ] } },
{ "type": "Feature", "properties": { "id": 119567, "insc_imob": "05.01.34.35.200", "quadra_cartorio": "10", "lote_cartorio": "02", "matricula": null, "circunscricao": "1º CIRCUNSCRIÇÃO", "zoneamento": null, "condominio": null, "area_geom": 371.81, "cnm": null }, "geometry": { "type": "Polygon", "coordinates": [ [ [ -54.670859, -22.181683 ], [ -54.67089, -22.181648 ], [ -54.670896, -22.181641 ], [ -54.67105, -22.181469 ], [ -54.67114, -22.181538 ], [ -54.670949, -22.181753 ], [ -54.670896, -22.181712 ], [ -54.670859, -22.181683 ] ] ] } },
{ "type": "Feature", "properties": { "id": 120763, "insc_imob": "05.01.34.41.295", "quadra_cartorio": "11", "lote_cartorio": "05", "matricula": null, "circunscricao": "1º CIRCUNSCRIÇÃO", "zoneamento": null, "condominio": null, "area_geom": 362.66, "cnm": null }, "geometry": { "type": "Polygon", "coordinates": [ [ [ -54.674009, -22.185093 ], [ -54.674196, -22.184884 ], [ -54.674286, -22.184953 ], [ -54.674099, -22.185162 ], [ -54.674009, -22.185093 ] ] ] } },
{ "type": "Feature", "properties": { "id": 3206, "insc_imob": "05.01.34.11.097", "quadra_cartorio": null, "lote_cartorio": "08", "matricula": null, "circunscricao": "1º CIRCUNSCRIÇÃO", "zoneamento": null, "condominio": null, "area_geom": 362.9, "cnm": null }, "geometry": { "type": "Polygon", "coordinates": [ [ [ -54.675081, -22.183273 ], [ -54.675175, -22.183168 ], [ -54.675264, -22.183238 ], [ -54.675227, -22.183279 ], [ -54.675078, -22.183447 ], [ -54.674988, -22.183377 ], [ -54.675081, -22.183273 ] ] ] } },
{ "type": "Feature", "properties": { "id": 3207, "insc_imob": "05.01.34.11.112", "quadra_cartorio": null, "lote_cartorio": "07", "matricula": null, "circunscricao": "1º CIRCUNSCRIÇÃO", "zoneamento": null, "condominio": null, "area_geom": 362.88, "cnm": null }, "geometry": { "type": "Polygon", "coordinates": [ [ [ -54.675078, -22.183447 ], [ -54.675227, -22.183279 ], [ -54.675339, -22.183366 ], [ -54.67519, -22.183534 ], [ -54.675078, -22.183447 ] ] ] } },
{ "type": "Feature", "properties": { "id": 3232, "insc_imob": "05.01.34.11.258", "quadra_cartorio": null, "lote_cartorio": "02", "matricula": null, "circunscricao": "1º CIRCUNSCRIÇÃO", "zoneamento": null, "condominio": null, "area_geom": 362.9, "cnm": null }, "geometry": { "type": "Polygon", "coordinates": [ [ [ -54.675085, -22.183099 ], [ -54.675272, -22.182889 ], [ -54.675361, -22.182959 ], [ -54.675175, -22.183168 ], [ -54.675085, -22.183099 ] ] ] } },
{ "type": "Feature", "properties": { "id": 3260, "insc_imob": "05.01.34.12.140", "quadra_cartorio": null, "lote_cartorio": "13", "matricula": null, "circunscricao": "1º CIRCUNSCRIÇÃO", "zoneamento": null, "condominio": null, "area_geom": 362.87, "cnm": null }, "geometry": { "type": "Polygon", "coordinates": [ [ [ -54.674288, -22.182806 ], [ -54.674474, -22.182597 ], [ -54.674564, -22.182667 ], [ -54.674377, -22.182876 ], [ -54.674288, -22.182806 ] ] ] } },
{ "type": "Feature", "properties": { "id": 3904, "insc_imob": "05.01.34.33.032", "quadra_cartorio": null, "lote_cartorio": "10", "matricula": null, "circunscricao": "1º CIRCUNSCRIÇÃO", "zoneamento": null, "condominio": null, "area_geom": 403.05, "cnm": null }, "geometry": { "type": "Polygon", "coordinates": [ [ [ -54.672049, -22.18259 ], [ -54.672241, -22.182376 ], [ -54.672338, -22.182451 ], [ -54.672147, -22.182665 ], [ -54.672049, -22.18259 ] ] ] } },
{ "type": "Feature", "properties": { "id": 4458, "insc_imob": "05.01.34.42.308", "quadra_cartorio": null, "lote_cartorio": "04", "matricula": null, "circunscricao": "1º CIRCUNSCRIÇÃO", "zoneamento": null, "condominio": null, "area_geom": 362.9, "cnm": null }, "geometry": { "type": "Polygon", "coordinates": [ [ [ -54.672872, -22.184212 ], [ -54.673059, -22.184003 ], [ -54.673148, -22.184072 ], [ -54.672962, -22.184281 ], [ -54.672879, -22.184218 ], [ -54.672872, -22.184212 ] ] ] } },
{ "type": "Feature", "properties": { "id": 5790, "insc_imob": "05.01.34.02.273", "quadra_cartorio": null, "lote_cartorio": "09", "matricula": null, "circunscricao": "1º CIRCUNSCRIÇÃO", "zoneamento": null, "condominio": null, "area_geom": 511.35, "cnm": null }, "geometry": { "type": "Polygon", "coordinates": [ [ [ -54.675135, -22.182125 ], [ -54.675289, -22.181953 ], [ -54.675325, -22.182027 ], [ -54.675358, -22.182103 ], [ -54.675187, -22.182295 ], [ -54.675067, -22.182202 ], [ -54.675135, -22.182125 ] ] ] } },
{ "type": "Feature", "properties": { "id": 6220, "insc_imob": "05.01.34.13.313", "quadra_cartorio": null, "lote_cartorio": "08", "matricula": null, "circunscricao": "1º CIRCUNSCRIÇÃO", "zoneamento": null, "condominio": null, "area_geom": 302.38, "cnm": null }, "geometry": { "type": "Polygon", "coordinates": [ [ [ -54.673209, -22.18164 ], [ -54.673395, -22.18143 ], [ -54.67347, -22.181488 ], [ -54.673283, -22.181697 ], [ -54.673209, -22.18164 ] ] ] } },
{ "type": "Feature", "properties": { "id": 8813, "insc_imob": "05.01.24.01.318", "quadra_cartorio": null, "lote_cartorio": "09", "matricula": null, "circunscricao": "1º CIRCUNSCRIÇÃO", "zoneamento": null, "condominio": null, "area_geom": 9973.85, "cnm": null }, "geometry": { "type": "Polygon", "coordinates": [ [ [ -54.675265, -22.181444 ], [ -54.675888, -22.180747 ], [ -54.676631, -22.181306 ], [ -54.67631, -22.181667 ], [ -54.676, -22.182014 ], [ -54.675265, -22.181444 ] ] ] } },
{ "type": "Feature", "properties": { "id": 10407, "insc_imob": "05.01.34.12.272", "quadra_cartorio": null, "lote_cartorio": "07", "matricula": null, "circunscricao": "1º CIRCUNSCRIÇÃO", "zoneamento": null, "condominio": null, "area_geom": 362.8, "cnm": null }, "geometry": { "type": "Polygon", "coordinates": [ [ [ -54.674766, -22.182611 ], [ -54.674841, -22.182527 ], [ -54.675065, -22.182701 ], [ -54.67499, -22.182785 ], [ -54.674766, -22.182611 ] ] ] } },
{ "type": "Feature", "properties": { "id": 10457, "insc_imob": "05.01.34.12.296", "quadra_cartorio": null, "lote_cartorio": "05", "matricula": null, "circunscricao": "1º CIRCUNSCRIÇÃO", "zoneamento": null, "condominio": null, "area_geom": 362.9, "cnm": null }, "geometry": { "type": "Polygon", "coordinates": [ [ [ -54.674474, -22.182597 ], [ -54.674661, -22.182388 ], [ -54.674751, -22.182458 ], [ -54.674564, -22.182667 ], [ -54.674474, -22.182597 ] ] ] } },
{ "type": "Feature", "properties": { "id": 13229, "insc_imob": "05.01.34.03.214", "quadra_cartorio": null, "lote_cartorio": "11", "matricula": null, "circunscricao": "1º CIRCUNSCRIÇÃO", "zoneamento": null, "condominio": null, "area_geom": 493.92, "cnm": null }, "geometry": { "type": "Polygon", "coordinates": [ [ [ -54.674038, -22.181692 ], [ -54.674256, -22.181448 ], [ -54.674361, -22.181529 ], [ -54.674143, -22.181773 ], [ -54.674038, -22.181692 ] ] ] } },
{ "type": "Feature", "properties": { "id": 12674, "insc_imob": "05.01.34.04.093", "quadra_cartorio": null, "lote_cartorio": "17", "matricula": null, "circunscricao": "1º CIRCUNSCRIÇÃO", "zoneamento": null, "condominio": null, "area_geom": 352.8, "cnm": null }, "geometry": { "type": "Polygon", "coordinates": [ [ [ -54.672592, -22.180556 ], [ -54.67281, -22.180312 ], [ -54.672885, -22.18037 ], [ -54.672667, -22.180614 ], [ -54.672592, -22.180556 ] ] ] } },
{ "type": "Feature", "properties": { "id": 13246, "insc_imob": "05.01.34.03.263", "quadra_cartorio": null, "lote_cartorio": "01", "matricula": null, "circunscricao": "1º CIRCUNSCRIÇÃO", "zoneamento": null, "condominio": null, "area_geom": 493.91, "cnm": null }, "geometry": { "type": "Polygon", "coordinates": [ [ [ -54.674256, -22.181448 ], [ -54.674474, -22.181204 ], [ -54.674578, -22.181285 ], [ -54.674361, -22.181529 ], [ -54.674256, -22.181448 ] ] ] } },
{ "type": "Feature", "properties": { "id": 116477, "insc_imob": "05.01.35.01.096", "quadra_cartorio": null, "lote_cartorio": "13", "matricula": null, "circunscricao": "1º CIRCUNSCRIÇÃO", "zoneamento": null, "condominio": null, "area_geom": 701.82, "cnm": null }, "geometry": { "type": "Polygon", "coordinates": [ [ [ -54.670989, -22.179604 ], [ -54.671082, -22.179499 ], [ -54.671429, -22.179768 ], [ -54.671336, -22.179873 ], [ -54.671307, -22.17985 ], [ -54.671232, -22.179792 ], [ -54.671157, -22.179734 ], [ -54.671082, -22.179676 ], [ -54.670989, -22.179604 ] ] ] } },
{ "type": "Feature", "properties": { "id": 8812, "insc_imob": "05.01.23.01.100", "quadra_cartorio": null, "lote_cartorio": "07", "matricula": "70204", "circunscricao": "1º CIRCUNSCRIÇÃO", "zoneamento": null, "condominio": null, "area_geom": 185113.23, "cnm": "062661.2.0070204-54" }, "geometry": { "type": "Polygon", "coordinates": [ [ [ -54.677574, -22.182644 ], [ -54.681416, -22.178308 ], [ -54.681846, -22.180175 ], [ -54.681852, -22.181432 ], [ -54.682368, -22.183736 ], [ -54.681191, -22.185054 ], [ -54.678883, -22.183256 ], [ -54.678756, -22.183158 ], [ -54.678532, -22.182984 ], [ -54.678022, -22.183555 ], [ -54.677487, -22.183166 ], [ -54.677549, -22.183096 ], [ -54.677475, -22.183038 ], [ -54.677724, -22.18276 ], [ -54.677574, -22.182644 ] ] ] } },
{ "type": "Feature", "properties": { "id": 114754, "insc_imob": "05.01.24.01.450", "quadra_cartorio": null, "lote_cartorio": "08", "matricula": "81270", "circunscricao": "1º CIRCUNSCRIÇÃO", "zoneamento": null, "condominio": null, "area_geom": 504.01, "cnm": "062661.2.0081270-30" }, "geometry": { "type": "Polygon", "coordinates": [ [ [ -54.676889, -22.182702 ], [ -54.6772, -22.182354 ], [ -54.677275, -22.182412 ], [ -54.676963, -22.18276 ], [ -54.676889, -22.182702 ] ] ] } },
{ "type": "Feature", "properties": { "id": 114755, "insc_imob": "05.01.24.01.470", "quadra_cartorio": null, "lote_cartorio": "P/09", "matricula": "44028", "circunscricao": "1º CIRCUNSCRIÇÃO", "zoneamento": null, "condominio": null, "area_geom": 1007.99, "cnm": "062661.2.0044028-12" }, "geometry": { "type": "Polygon", "coordinates": [ [ [ -54.676963, -22.18276 ], [ -54.677275, -22.182412 ], [ -54.677424, -22.182528 ], [ -54.677113, -22.182876 ], [ -54.676963, -22.18276 ] ] ] } },
{ "type": "Feature", "properties": { "id": 84868, "insc_imob": "05.01.24.01.490", "quadra_cartorio": null, "lote_cartorio": "P/09", "matricula": "TR-9158", "circunscricao": "1º CIRCUNSCRIÇÃO", "zoneamento": null, "condominio": null, "area_geom": 1008.05, "cnm": null }, "geometry": { "type": "Polygon", "coordinates": [ [ [ -54.677113, -22.182876 ], [ -54.677424, -22.182528 ], [ -54.677574, -22.182644 ], [ -54.677263, -22.182992 ], [ -54.677113, -22.182876 ] ] ] } },
{ "type": "Feature", "properties": { "id": 91867, "insc_imob": "05.01.35.23.120.000", "quadra_cartorio": null, "lote_cartorio": "13", "matricula": "32967", "circunscricao": "1º CIRCUNSCRIÇÃO", "zoneamento": null, "condominio": null, "area_geom": 374.76, "cnm": "062661.2.0032967-21" }, "geometry": { "type": "Polygon", "coordinates": [ [ [ -54.669321, -22.180632 ], [ -54.669226, -22.180562 ], [ -54.669407, -22.18035 ], [ -54.669502, -22.18042 ], [ -54.669321, -22.180632 ] ] ] } },
{ "type": "Feature", "properties": { "id": 123843, "insc_imob": "05.01.34.50.001", "quadra_cartorio": "P/53", "lote_cartorio": "ÁREA 05", "matricula": "67655-1RI", "circunscricao": "1º CIRCUNSCRIÇÃO", "zoneamento": null, "condominio": null, "area_geom": 24204.72, "cnm": "062661.2.0067655-38" }, "geometry": { "type": "Polygon", "coordinates": [ [ [ -54.670462, -22.185822 ], [ -54.669939, -22.186401 ], [ -54.667772, -22.184749 ], [ -54.668295, -22.18417 ], [ -54.670461, -22.185821 ], [ -54.670462, -22.185822 ] ] ] } },
{ "type": "Feature", "properties": { "id": 123845, "insc_imob": "05.01.34.46.001", "quadra_cartorio": "P/53", "lote_cartorio": "ÁREA 03", "matricula": "67653-1RI", "circunscricao": "1º CIRCUNSCRIÇÃO", "zoneamento": null, "condominio": null, "area_geom": 24178.78, "cnm": "062661.2.0067653-44" }, "geometry": { "type": "Polygon", "coordinates": [ [ [ -54.671508, -22.184664 ], [ -54.670985, -22.185243 ], [ -54.668818, -22.183591 ], [ -54.669341, -22.183012 ], [ -54.671508, -22.184664 ] ] ] } },
{ "type": "Feature", "properties": { "id": 5791, "insc_imob": "05.01.34.32.025", "quadra_cartorio": null, "lote_cartorio": "20", "matricula": "TR-26652", "circunscricao": "1º CIRCUNSCRIÇÃO", "zoneamento": null, "condominio": null, "area_geom": 362.9, "cnm": null }, "geometry": { "type": "Polygon", "coordinates": [ [ [ -54.673003, -22.183299 ], [ -54.673078, -22.183216 ], [ -54.673302, -22.18339 ], [ -54.673228, -22.183473 ], [ -54.673003, -22.183299 ] ] ] } },
{ "type": "Feature", "properties": { "id": 9153, "insc_imob": "05.01.34.32.037", "quadra_cartorio": null, "lote_cartorio": "19", "matricula": "TR-26652", "circunscricao": "1º CIRCUNSCRIÇÃO", "zoneamento": null, "condominio": null, "area_geom": 362.9, "cnm": null }, "geometry": { "type": "Polygon", "coordinates": [ [ [ -54.672929, -22.183383 ], [ -54.673003, -22.183299 ], [ -54.673228, -22.183473 ], [ -54.67319, -22.183515 ], [ -54.673153, -22.183557 ], [ -54.672929, -22.183383 ] ] ] } },
{ "type": "Feature", "properties": { "id": 9154, "insc_imob": "05.01.34.32.049", "quadra_cartorio": null, "lote_cartorio": "18", "matricula": "TR-26652", "circunscricao": "1º CIRCUNSCRIÇÃO", "zoneamento": null, "condominio": null, "area_geom": 362.88, "cnm": null }, "geometry": { "type": "Polygon", "coordinates": [ [ [ -54.672854, -22.183467 ], [ -54.672929, -22.183383 ], [ -54.673153, -22.183557 ], [ -54.673078, -22.183641 ], [ -54.672854, -22.183467 ] ] ] } },
{ "type": "Feature", "properties": { "id": 9155, "insc_imob": "05.01.34.32.115", "quadra_cartorio": null, "lote_cartorio": "15", "matricula": "TR-26652", "circunscricao": "1º CIRCUNSCRIÇÃO", "zoneamento": null, "condominio": null, "area_geom": 362.87, "cnm": null }, "geometry": { "type": "Polygon", "coordinates": [ [ [ -54.673093, -22.183794 ], [ -54.67328, -22.183585 ], [ -54.67337, -22.183654 ], [ -54.673183, -22.183863 ], [ -54.673093, -22.183794 ] ] ] } },
{ "type": "Feature", "properties": { "id": 114721, "insc_imob": "05.01.23.01.160", "quadra_cartorio": null, "lote_cartorio": "DATA 02", "matricula": "TR-55251", "circunscricao": "1º CIRCUNSCRIÇÃO", "zoneamento": null, "condominio": null, "area_geom": 2479.07, "cnm": null }, "geometry": { "type": "Polygon", "coordinates": [ [ [ -54.678246, -22.183729 ], [ -54.678756, -22.183158 ], [ -54.678883, -22.183256 ], [ -54.678981, -22.183332 ], [ -54.678471, -22.183903 ], [ -54.678246, -22.183729 ] ] ] } },
{ "type": "Feature", "properties": { "id": 114722, "insc_imob": "05.01.23.01.175", "quadra_cartorio": null, "lote_cartorio": "P/DATA 03", "matricula": "TR-55950", "circunscricao": "1º CIRCUNSCRIÇÃO", "zoneamento": null, "condominio": null, "area_geom": 1238.67, "cnm": null }, "geometry": { "type": "Polygon", "coordinates": [ [ [ -54.678471, -22.183903 ], [ -54.678981, -22.183332 ], [ -54.679093, -22.18342 ], [ -54.678583, -22.18399 ], [ -54.678471, -22.183903 ] ] ] } },
{ "type": "Feature", "properties": { "id": 114734, "insc_imob": "05.01.23.01.286", "quadra_cartorio": null, "lote_cartorio": "DATA 06", "matricula": "TR-19588", "circunscricao": "1º CIRCUNSCRIÇÃO", "zoneamento": null, "condominio": null, "area_geom": 2346.69, "cnm": null }, "geometry": { "type": "Polygon", "coordinates": [ [ [ -54.679191, -22.18439 ], [ -54.679661, -22.183862 ], [ -54.679894, -22.184044 ], [ -54.679418, -22.184566 ], [ -54.679191, -22.18439 ] ] ] } },
{ "type": "Feature", "properties": { "id": 115151, "insc_imob": "05.01.34.32.013", "quadra_cartorio": null, "lote_cartorio": "01", "matricula": "TR-26652", "circunscricao": "1º CIRCUNSCRIÇÃO", "zoneamento": null, "condominio": null, "area_geom": 362.89, "cnm": null }, "geometry": { "type": "Polygon", "coordinates": [ [ [ -54.673078, -22.183216 ], [ -54.673153, -22.183132 ], [ -54.673377, -22.183306 ], [ -54.673302, -22.18339 ], [ -54.673078, -22.183216 ] ] ] } },
{ "type": "Feature", "properties": { "id": 115152, "insc_imob": "05.01.34.32.091", "quadra_cartorio": null, "lote_cartorio": "17", "matricula": "TR-26652", "circunscricao": "1º CIRCUNSCRIÇÃO", "zoneamento": null, "condominio": null, "area_geom": 362.89, "cnm": null }, "geometry": { "type": "Polygon", "coordinates": [ [ [ -54.672779, -22.18355 ], [ -54.672854, -22.183467 ], [ -54.673078, -22.183641 ], [ -54.673004, -22.183724 ], [ -54.672779, -22.18355 ] ] ] } },
{ "type": "Feature", "properties": { "id": 115174, "insc_imob": "05.01.34.32.128", "quadra_cartorio": null, "lote_cartorio": "14", "matricula": "TR-26652", "circunscricao": "1º CIRCUNSCRIÇÃO", "zoneamento": null, "condominio": null, "area_geom": 362.88, "cnm": null }, "geometry": { "type": "Polygon", "coordinates": [ [ [ -54.673183, -22.183863 ], [ -54.67337, -22.183654 ], [ -54.673377, -22.18366 ], [ -54.67346, -22.183724 ], [ -54.673273, -22.183933 ], [ -54.673183, -22.183863 ] ] ] } },
{ "type": "Feature", "properties": { "id": 99805, "insc_imob": "05.01.34.32.206", "quadra_cartorio": null, "lote_cartorio": "10", "matricula": "67203-MÃE", "circunscricao": "1º CIRCUNSCRIÇÃO", "zoneamento": null, "condominio": null, "area_geom": 362.91, "cnm": "062661.2.0067203-36" }, "geometry": { "type": "Polygon", "coordinates": [ [ [ -54.673527, -22.183988 ], [ -54.673602, -22.183905 ], [ -54.673826, -22.184079 ], [ -54.673752, -22.184162 ], [ -54.673527, -22.183988 ] ] ] } },
{ "type": "Feature", "properties": { "id": 99806, "insc_imob": "05.01.34.32.230", "quadra_cartorio": null, "lote_cartorio": "08", "matricula": "67203-MÃE", "circunscricao": "1º CIRCUNSCRIÇÃO", "zoneamento": null, "condominio": null, "area_geom": 362.83, "cnm": "062661.2.0067203-36" }, "geometry": { "type": "Polygon", "coordinates": [ [ [ -54.673677, -22.183821 ], [ -54.673751, -22.183738 ], [ -54.673976, -22.183911 ], [ -54.673901, -22.183995 ], [ -54.673677, -22.183821 ] ] ] } },
{ "type": "Feature", "properties": { "id": 99807, "insc_imob": "05.01.34.32.272", "quadra_cartorio": null, "lote_cartorio": "07", "matricula": "67203-MÃE", "circunscricao": "1º CIRCUNSCRIÇÃO", "zoneamento": null, "condominio": null, "area_geom": 362.88, "cnm": "062661.2.0067203-36" }, "geometry": { "type": "Polygon", "coordinates": [ [ [ -54.673751, -22.183738 ], [ -54.673826, -22.183654 ], [ -54.67405, -22.183828 ], [ -54.673976, -22.183911 ], [ -54.673751, -22.183738 ] ] ] } },
{ "type": "Feature", "properties": { "id": 91997, "insc_imob": "05.01.35.26.090", "quadra_cartorio": null, "lote_cartorio": "09", "matricula": "2121-MÃE", "circunscricao": "1º CIRCUNSCRIÇÃO", "zoneamento": null, "condominio": null, "area_geom": 360.0, "cnm": "062661.2.0002121-21" }, "geometry": { "type": "Polygon", "coordinates": [ [ [ -54.669459, -22.18302 ], [ -54.669387, -22.183105 ], [ -54.669159, -22.182936 ], [ -54.669232, -22.182851 ], [ -54.669459, -22.18302 ] ] ] } },
{ "type": "Feature", "properties": { "id": 92014, "insc_imob": "05.01.35.26.120", "quadra_cartorio": null, "lote_cartorio": "12", "matricula": "2121-MÃE", "circunscricao": "1º CIRCUNSCRIÇÃO", "zoneamento": null, "condominio": null, "area_geom": 420.0, "cnm": "062661.2.0002121-21" }, "geometry": { "type": "Polygon", "coordinates": [ [ [ -54.669242, -22.183274 ], [ -54.669157, -22.183373 ], [ -54.66893, -22.183205 ], [ -54.669014, -22.183106 ], [ -54.669242, -22.183274 ] ] ] } },
{ "type": "Feature", "properties": { "id": 91980, "insc_imob": "05.01.35.26.060", "quadra_cartorio": null, "lote_cartorio": "06", "matricula": "2121-MÃE", "circunscricao": "1º CIRCUNSCRIÇÃO", "zoneamento": null, "condominio": null, "area_geom": 360.0, "cnm": "062661.2.0002121-21" }, "geometry": { "type": "Polygon", "coordinates": [ [ [ -54.669677, -22.182766 ], [ -54.669604, -22.182851 ], [ -54.669377, -22.182682 ], [ -54.669449, -22.182597 ], [ -54.669677, -22.182766 ] ] ] } },
{ "type": "Feature", "properties": { "id": 92062, "insc_imob": "05.01.45.11.309", "quadra_cartorio": null, "lote_cartorio": "05", "matricula": "2121-MÃE", "circunscricao": "1º CIRCUNSCRIÇÃO", "zoneamento": null, "condominio": null, "area_geom": 360.0, "cnm": "062661.2.0002121-21" }, "geometry": { "type": "Polygon", "coordinates": [ [ [ -54.667684, -22.185096 ], [ -54.667456, -22.184928 ], [ -54.667529, -22.184843 ], [ -54.667756, -22.185012 ], [ -54.667684, -22.185096 ] ] ] } },
{ "type": "Feature", "properties": { "id": 94092, "insc_imob": "05.01.45.04.101", "quadra_cartorio": null, "lote_cartorio": "08", "matricula": "2121-MÃE", "circunscricao": "1º CIRCUNSCRIÇÃO", "zoneamento": null, "condominio": null, "area_geom": 360.0, "cnm": "062661.2.0002121-21" }, "geometry": { "type": "Polygon", "coordinates": [ [ [ -54.666856, -22.182913 ], [ -54.666784, -22.182997 ], [ -54.666556, -22.182829 ], [ -54.666629, -22.182744 ], [ -54.666856, -22.182913 ] ] ] } },
{ "type": "Feature", "properties": { "id": 94097, "insc_imob": "05.01.45.04.172", "quadra_cartorio": null, "lote_cartorio": "11", "matricula": "2121-MÃE", "circunscricao": "1º CIRCUNSCRIÇÃO", "zoneamento": null, "condominio": null, "area_geom": 420.0, "cnm": "062661.2.0002121-21" }, "geometry": { "type": "Polygon", "coordinates": [ [ [ -54.666542, -22.18328 ], [ -54.666314, -22.183111 ], [ -54.666399, -22.183012 ], [ -54.666626, -22.183181 ], [ -54.666542, -22.18328 ] ] ] } },
{ "type": "Feature", "properties": { "id": 94132, "insc_imob": "05.01.45.11.297", "quadra_cartorio": null, "lote_cartorio": "06", "matricula": "2121-MÃE", "circunscricao": "1º CIRCUNSCRIÇÃO", "zoneamento": null, "condominio": null, "area_geom": 360.0, "cnm": "062661.2.0002121-21" }, "geometry": { "type": "Polygon", "coordinates": [ [ [ -54.667611, -22.185181 ], [ -54.667384, -22.185012 ], [ -54.667456, -22.184928 ], [ -54.667684, -22.185096 ], [ -54.667611, -22.185181 ] ] ] } },
{ "type": "Feature", "properties": { "id": 94153, "insc_imob": "05.01.45.14.343", "quadra_cartorio": null, "lote_cartorio": "08", "matricula": "2121-MÃE", "circunscricao": "1º CIRCUNSCRIÇÃO", "zoneamento": null, "condominio": null, "area_geom": 360.0, "cnm": "062661.2.0002121-21" }, "geometry": { "type": "Polygon", "coordinates": [ [ [ -54.666391, -22.183399 ], [ -54.66621, -22.18361 ], [ -54.666119, -22.183543 ], [ -54.6663, -22.183331 ], [ -54.666391, -22.183399 ] ] ] } },
{ "type": "Feature", "properties": { "id": 99802, "insc_imob": "05.01.34.05.159", "quadra_cartorio": null, "lote_cartorio": "05", "matricula": "55869-MÃE", "circunscricao": "1º CIRCUNSCRIÇÃO", "zoneamento": null, "condominio": null, "area_geom": 439.72, "cnm": "062661.2.0055869-88" }, "geometry": { "type": "Polygon", "coordinates": [ [ [ -54.672275, -22.180303 ], [ -54.672493, -22.18006 ], [ -54.672586, -22.180132 ], [ -54.672368, -22.180376 ], [ -54.672275, -22.180303 ] ] ] } },
{ "type": "Feature", "properties": { "id": 99803, "insc_imob": "05.01.34.13.253", "quadra_cartorio": null, "lote_cartorio": "02", "matricula": "55869-MÃE", "circunscricao": "1º CIRCUNSCRIÇÃO", "zoneamento": null, "condominio": null, "area_geom": 302.37, "cnm": "062661.2.0055869-88" }, "geometry": { "type": "Polygon", "coordinates": [ [ [ -54.673657, -22.181987 ], [ -54.673844, -22.181778 ], [ -54.673919, -22.181836 ], [ -54.673732, -22.182045 ], [ -54.673657, -22.181987 ] ] ] } },
{ "type": "Feature", "properties": { "id": 99804, "insc_imob": "05.01.34.32.152", "quadra_cartorio": null, "lote_cartorio": "12", "matricula": "67203-MÃE", "circunscricao": "1º CIRCUNSCRIÇÃO", "zoneamento": null, "condominio": null, "area_geom": 362.91, "cnm": "062661.2.0067203-36" }, "geometry": { "type": "Polygon", "coordinates": [ [ [ -54.673363, -22.184002 ], [ -54.67355, -22.183793 ], [ -54.673639, -22.183863 ], [ -54.673602, -22.183905 ], [ -54.673527, -22.183988 ], [ -54.673453, -22.184072 ], [ -54.673363, -22.184002 ] ] ] } },
{ "type": "Feature", "properties": { "id": 100520, "insc_imob": "05.01.35.28.010", "quadra_cartorio": null, "lote_cartorio": "01", "matricula": "2121-MÃE", "circunscricao": "1º CIRCUNSCRIÇÃO", "zoneamento": null, "condominio": null, "area_geom": 420.0, "cnm": "062661.2.0002121-21" }, "geometry": { "type": "Polygon", "coordinates": [ [ [ -54.668959, -22.18288 ], [ -54.668853, -22.182801 ], [ -54.669034, -22.18259 ], [ -54.669141, -22.182668 ], [ -54.668959, -22.18288 ] ] ] } },
{ "type": "Feature", "properties": { "id": 114145, "insc_imob": "05.01.34.03.094", "quadra_cartorio": null, "lote_cartorio": "20", "matricula": "55869-MÃE", "circunscricao": "1º CIRCUNSCRIÇÃO", "zoneamento": null, "condominio": null, "area_geom": 458.66, "cnm": "062661.2.0055869-88" }, "geometry": { "type": "Polygon", "coordinates": [ [ [ -54.673342, -22.181153 ], [ -54.67356, -22.180909 ], [ -54.673657, -22.180984 ], [ -54.673439, -22.181228 ], [ -54.673342, -22.181153 ] ] ] } },
{ "type": "Feature", "properties": { "id": 114913, "insc_imob": "05.01.34.05.085", "quadra_cartorio": null, "lote_cartorio": "08", "matricula": "55869-MÃE", "circunscricao": "1º CIRCUNSCRIÇÃO", "zoneamento": null, "condominio": null, "area_geom": 493.94, "cnm": "062661.2.0055869-88" }, "geometry": { "type": "Polygon", "coordinates": [ [ [ -54.671979, -22.180074 ], [ -54.672197, -22.179831 ], [ -54.672302, -22.179912 ], [ -54.672084, -22.180156 ], [ -54.671979, -22.180074 ] ] ] } },
{ "type": "Feature", "properties": { "id": 115066, "insc_imob": "05.01.34.22.013", "quadra_cartorio": null, "lote_cartorio": "07A", "matricula": "139331-MÃE", "circunscricao": "1º CIRCUNSCRIÇÃO", "zoneamento": null, "condominio": null, "area_geom": 1450.82, "cnm": "062661.2.0139331-59" }, "geometry": { "type": "Polygon", "coordinates": [ [ [ -54.673875, -22.183103 ], [ -54.673868, -22.183097 ], [ -54.673778, -22.183027 ], [ -54.673688, -22.182958 ], [ -54.673726, -22.182916 ], [ -54.6738, -22.182832 ], [ -54.673576, -22.182658 ], [ -54.67365, -22.182575 ], [ -54.673875, -22.182749 ], [ -54.673965, -22.182818 ], [ -54.674055, -22.182888 ], [ -54.674144, -22.182957 ], [ -54.673958, -22.183166 ], [ -54.673875, -22.183103 ] ] ] } },
{ "type": "Feature", "properties": { "id": 115201, "insc_imob": "05.01.34.32.308", "quadra_cartorio": null, "lote_cartorio": "04", "matricula": "67203-MÃE", "circunscricao": "1º CIRCUNSCRIÇÃO", "zoneamento": null, "condominio": null, "area_geom": 362.9, "cnm": "062661.2.0067203-36" }, "geometry": { "type": "Polygon", "coordinates": [ [ [ -54.67337, -22.183654 ], [ -54.673557, -22.183445 ], [ -54.673646, -22.183515 ], [ -54.67346, -22.183724 ], [ -54.673377, -22.18366 ], [ -54.67337, -22.183654 ] ] ] } },
{ "type": "Feature", "properties": { "id": 115202, "insc_imob": "05.01.34.32.320", "quadra_cartorio": null, "lote_cartorio": "03", "matricula": "67203-MÃE", "circunscricao": "1º CIRCUNSCRIÇÃO", "zoneamento": null, "condominio": null, "area_geom": 362.89, "cnm": "062661.2.0067203-36" }, "geometry": { "type": "Polygon", "coordinates": [ [ [ -54.67328, -22.183585 ], [ -54.673467, -22.183376 ], [ -54.673557, -22.183445 ], [ -54.67337, -22.183654 ], [ -54.67328, -22.183585 ] ] ] } },
{ "type": "Feature", "properties": { "id": 115203, "insc_imob": "05.01.34.32.332", "quadra_cartorio": null, "lote_cartorio": "02", "matricula": "67203-MÃE", "circunscricao": "1º CIRCUNSCRIÇÃO", "zoneamento": null, "condominio": null, "area_geom": 362.91, "cnm": "062661.2.0067203-36" }, "geometry": { "type": "Polygon", "coordinates": [ [ [ -54.673302, -22.18339 ], [ -54.673377, -22.183306 ], [ -54.673467, -22.183376 ], [ -54.67328, -22.183585 ], [ -54.67319, -22.183515 ], [ -54.673228, -22.183473 ], [ -54.673302, -22.18339 ] ] ] } },
{ "type": "Feature", "properties": { "id": 115303, "insc_imob": "05.01.34.34.093", "quadra_cartorio": null, "lote_cartorio": "16", "matricula": "60601-1RI", "circunscricao": "1º CIRCUNSCRIÇÃO", "zoneamento": null, "condominio": null, "area_geom": 294.77, "cnm": "062661.2.0060601-54" }, "geometry": { "type": "Polygon", "coordinates": [ [ [ -54.67117, -22.182262 ], [ -54.671352, -22.182058 ], [ -54.671427, -22.182116 ], [ -54.671245, -22.18232 ], [ -54.67117, -22.182262 ] ] ] } },
{ "type": "Feature", "properties": { "id": 115324, "insc_imob": "05.01.34.34.286", "quadra_cartorio": null, "lote_cartorio": "07", "matricula": "60603-1RI", "circunscricao": "1º CIRCUNSCRIÇÃO", "zoneamento": null, "condominio": null, "area_geom": 310.04, "cnm": "062661.2.0060603-48" }, "geometry": { "type": "Polygon", "coordinates": [ [ [ -54.671352, -22.182058 ], [ -54.671544, -22.181844 ], [ -54.671618, -22.181902 ], [ -54.671427, -22.182116 ], [ -54.671352, -22.182058 ] ] ] } },
{ "type": "Feature", "properties": { "id": 54156, "insc_imob": "05.01.34.04.083", "quadra_cartorio": null, "lote_cartorio": "18", "matricula": "84229-1RI", "circunscricao": "1º CIRCUNSCRIÇÃO", "zoneamento": null, "condominio": null, "area_geom": 405.74, "cnm": "062661.2.0084229-77" }, "geometry": { "type": "Polygon", "coordinates": [ [ [ -54.672506, -22.180489 ], [ -54.672724, -22.180246 ], [ -54.67281, -22.180312 ], [ -54.672592, -22.180556 ], [ -54.672506, -22.180489 ] ] ] } },
{ "type": "Feature", "properties": { "id": 104147, "insc_imob": "05.01.34.23.145", "quadra_cartorio": null, "lote_cartorio": "08", "matricula": "60250-1RI", "circunscricao": "1º CIRCUNSCRIÇÃO", "zoneamento": null, "condominio": null, "area_geom": 294.78, "cnm": "062661.2.0060250-40" }, "geometry": { "type": "Polygon", "coordinates": [ [ [ -54.672709, -22.18217 ], [ -54.672891, -22.181966 ], [ -54.672965, -22.182024 ], [ -54.672783, -22.182228 ], [ -54.672709, -22.18217 ] ] ] } },
{ "type": "Feature", "properties": { "id": 105892, "insc_imob": "05.01.34.15.075", "quadra_cartorio": null, "lote_cartorio": "08", "matricula": "60320-1RI", "circunscricao": "1º CIRCUNSCRIÇÃO", "zoneamento": null, "condominio": null, "area_geom": 423.43, "cnm": "062661.2.0060320-24" }, "geometry": { "type": "Polygon", "coordinates": [ [ [ -54.671479, -22.180637 ], [ -54.671666, -22.180428 ], [ -54.671771, -22.180509 ], [ -54.671584, -22.180718 ], [ -54.671479, -22.180637 ] ] ] } },
{ "type": "Feature", "properties": { "id": 115308, "insc_imob": "05.01.34.34.183", "quadra_cartorio": null, "lote_cartorio": "10", "matricula": "60275-1RI", "circunscricao": "1º CIRCUNSCRIÇÃO", "zoneamento": null, "condominio": null, "area_geom": 324.28, "cnm": "062661.2.0060275-62" }, "geometry": { "type": "Polygon", "coordinates": [ [ [ -54.671619, -22.18261 ], [ -54.671801, -22.182406 ], [ -54.671883, -22.18247 ], [ -54.671701, -22.182673 ], [ -54.671619, -22.18261 ] ] ] } },
{ "type": "Feature", "properties": { "id": 3182, "insc_imob": "05.01.34.05.230", "quadra_cartorio": null, "lote_cartorio": "03", "matricula": "60432-1RI", "circunscricao": "1º CIRCUNSCRIÇÃO", "zoneamento": null, "condominio": null, "area_geom": 407.91, "cnm": "062661.2.0060432-76" }, "geometry": { "type": "Polygon", "coordinates": [ [ [ -54.672317, -22.179923 ], [ -54.672535, -22.179679 ], [ -54.672625, -22.179749 ], [ -54.6724, -22.179988 ], [ -54.672354, -22.179952 ], [ -54.672317, -22.179923 ] ] ] } },
{ "type": "Feature", "properties": { "id": 104135, "insc_imob": "05.01.34.23.032", "quadra_cartorio": null, "lote_cartorio": "11", "matricula": "60472-1RI", "circunscricao": "1º CIRCUNSCRIÇÃO", "zoneamento": null, "condominio": null, "area_geom": 403.06, "cnm": "062661.2.0060472-53" }, "geometry": { "type": "Polygon", "coordinates": [ [ [ -54.673041, -22.18279 ], [ -54.673232, -22.182575 ], [ -54.67333, -22.182651 ], [ -54.673138, -22.182865 ], [ -54.673041, -22.18279 ] ] ] } },
{ "type": "Feature", "properties": { "id": 115226, "insc_imob": "05.01.34.33.135", "quadra_cartorio": null, "lote_cartorio": "14", "matricula": "60426-1RI", "circunscricao": "1º CIRCUNSCRIÇÃO", "zoneamento": null, "condominio": null, "area_geom": 294.77, "cnm": "062661.2.0060426-94" }, "geometry": { "type": "Polygon", "coordinates": [ [ [ -54.672339, -22.183159 ], [ -54.672521, -22.182955 ], [ -54.672595, -22.183013 ], [ -54.672413, -22.183217 ], [ -54.672339, -22.183159 ] ] ] } },
{ "type": "Feature", "properties": { "id": 95645, "insc_imob": "05.01.34.34.225", "quadra_cartorio": null, "lote_cartorio": "01", "matricula": "60943-1RI", "circunscricao": "1º CIRCUNSCRIÇÃO", "zoneamento": null, "condominio": null, "area_geom": 341.03, "cnm": "062661.2.0060943-95" }, "geometry": { "type": "Polygon", "coordinates": [ [ [ -54.671801, -22.182406 ], [ -54.671993, -22.182192 ], [ -54.672075, -22.182255 ], [ -54.671883, -22.18247 ], [ -54.671801, -22.182406 ] ] ] } },
{ "type": "Feature", "properties": { "id": 115225, "insc_imob": "05.01.34.33.114", "quadra_cartorio": null, "lote_cartorio": "16", "matricula": "60596-1RI", "circunscricao": "1º CIRCUNSCRIÇÃO", "zoneamento": null, "condominio": null, "area_geom": 294.79, "cnm": "062661.2.0060596-69" }, "geometry": { "type": "Polygon", "coordinates": [ [ [ -54.672189, -22.183043 ], [ -54.672371, -22.182839 ], [ -54.672446, -22.182897 ], [ -54.672415, -22.182932 ], [ -54.672264, -22.183101 ], [ -54.672189, -22.183043 ] ] ] } },
{ "type": "Feature", "properties": { "id": 114935, "insc_imob": "05.01.34.05.098", "quadra_cartorio": null, "lote_cartorio": "07", "matricula": "81686-1RI", "circunscricao": "1º CIRCUNSCRIÇÃO", "zoneamento": null, "condominio": null, "area_geom": 460.82, "cnm": "062661.2.0081686-43" }, "geometry": { "type": "Polygon", "coordinates": [ [ [ -54.672084, -22.180156 ], [ -54.672302, -22.179912 ], [ -54.672317, -22.179923 ], [ -54.672354, -22.179952 ], [ -54.6724, -22.179988 ], [ -54.672181, -22.180231 ], [ -54.672084, -22.180156 ] ] ] } },
{ "type": "Feature", "properties": { "id": 51713, "insc_imob": "05.01.34.34.276", "quadra_cartorio": null, "lote_cartorio": "06", "matricula": "61565-1RI", "circunscricao": "1º CIRCUNSCRIÇÃO", "zoneamento": null, "condominio": null, "area_geom": 308.1, "cnm": "062661.2.0061565-72" }, "geometry": { "type": "Polygon", "coordinates": [ [ [ -54.671427, -22.182116 ], [ -54.671618, -22.181902 ], [ -54.671693, -22.18196 ], [ -54.671501, -22.182173 ], [ -54.671427, -22.182116 ] ] ] } },
{ "type": "Feature", "properties": { "id": 115071, "insc_imob": "05.01.34.23.243", "quadra_cartorio": null, "lote_cartorio": "20", "matricula": "66149-1RI", "circunscricao": "1º CIRCUNSCRIÇÃO", "zoneamento": null, "condominio": null, "area_geom": 434.05, "cnm": "062661.2.0066149-94" }, "geometry": { "type": "Polygon", "coordinates": [ [ [ -54.672338, -22.182245 ], [ -54.672529, -22.18203 ], [ -54.672634, -22.182112 ], [ -54.672442, -22.182326 ], [ -54.672338, -22.182245 ] ] ] } },
{ "type": "Feature", "properties": { "id": 115350, "insc_imob": "05.01.34.35.075", "quadra_cartorio": null, "lote_cartorio": "08", "matricula": "61858-1RI", "circunscricao": "1º CIRCUNSCRIÇÃO", "zoneamento": null, "condominio": null, "area_geom": 412.68, "cnm": "062661.2.0061858-66" }, "geometry": { "type": "Polygon", "coordinates": [ [ [ -54.670482, -22.181736 ], [ -54.670664, -22.181532 ], [ -54.670769, -22.181614 ], [ -54.670587, -22.181817 ], [ -54.670482, -22.181736 ] ] ] } },
{ "type": "Feature", "properties": { "id": 52749, "insc_imob": "05.01.34.42.025", "quadra_cartorio": "10", "lote_cartorio": "20", "matricula": "135129", "circunscricao": "1º CIRCUNSCRIÇÃO", "zoneamento": null, "condominio": null, "area_geom": 362.67, "cnm": "062661.2.0135129-55" }, "geometry": { "type": "Polygon", "coordinates": [ [ [ -54.672505, -22.183857 ], [ -54.67258, -22.183773 ], [ -54.672804, -22.183947 ], [ -54.67273, -22.184031 ], [ -54.672505, -22.183857 ] ] ] } },
{ "type": "Feature", "properties": { "id": 25137, "insc_imob": "05.01.35.23.031", "quadra_cartorio": "04", "lote_cartorio": "08", "matricula": "32269", "circunscricao": "1º CIRCUNSCRIÇÃO", "zoneamento": null, "condominio": null, "area_geom": 419.74, "cnm": "062661.2.0032269-78" }, "geometry": { "type": "Polygon", "coordinates": [ [ [ -54.669247, -22.179885 ], [ -54.669066, -22.180097 ], [ -54.66896, -22.180018 ], [ -54.669141, -22.179806 ], [ -54.669247, -22.179885 ] ] ] } },
{ "type": "Feature", "properties": { "id": 52078, "insc_imob": "05.01.34.31.013", "quadra_cartorio": "9", "lote_cartorio": "01", "matricula": "20830", "circunscricao": "1º CIRCUNSCRIÇÃO", "zoneamento": null, "condominio": null, "area_geom": 362.65, "cnm": "062661.2.0020830-57" }, "geometry": { "type": "Polygon", "coordinates": [ [ [ -54.674125, -22.184027 ], [ -54.6742, -22.183944 ], [ -54.674425, -22.184118 ], [ -54.67435, -22.184201 ], [ -54.674125, -22.184027 ] ] ] } },
{ "type": "Feature", "properties": { "id": 52079, "insc_imob": "05.01.34.33.124", "quadra_cartorio": "08", "lote_cartorio": "15", "matricula": "61739", "circunscricao": "1º CIRCUNSCRIÇÃO", "zoneamento": null, "condominio": null, "area_geom": 294.58, "cnm": "062661.2.0061739-35" }, "geometry": { "type": "Polygon", "coordinates": [ [ [ -54.672264, -22.183101 ], [ -54.672415, -22.182932 ], [ -54.672446, -22.182897 ], [ -54.672487, -22.182929 ], [ -54.672521, -22.182955 ], [ -54.672339, -22.183159 ], [ -54.672264, -22.183101 ] ] ] } },
{ "type": "Feature", "properties": { "id": 52081, "insc_imob": "05.01.35.11.300", "quadra_cartorio": "02", "lote_cartorio": "08", "matricula": "26726", "circunscricao": "1º CIRCUNSCRIÇÃO", "zoneamento": null, "condominio": null, "area_geom": 352.5, "cnm": "062661.2.0026726-23" }, "geometry": { "type": "Polygon", "coordinates": [ [ [ -54.670535, -22.180301 ], [ -54.670753, -22.180057 ], [ -54.670828, -22.180115 ], [ -54.67061, -22.180359 ], [ -54.670535, -22.180301 ] ] ] } },
{ "type": "Feature", "properties": { "id": 52748, "insc_imob": "05.01.34.21.091", "quadra_cartorio": "7", "lote_cartorio": "14", "matricula": "14489", "circunscricao": "1º CIRCUNSCRIÇÃO", "zoneamento": null, "condominio": null, "area_geom": 362.67, "cnm": "062661.2.0014489-68" }, "geometry": { "type": "Polygon", "coordinates": [ [ [ -54.674335, -22.183801 ], [ -54.67441, -22.183718 ], [ -54.674634, -22.183891 ], [ -54.674559, -22.183975 ], [ -54.674335, -22.183801 ] ] ] } },
{ "type": "Feature", "properties": { "id": 53436, "insc_imob": "05.01.35.11.290", "quadra_cartorio": "02", "lote_cartorio": "07", "matricula": "28301", "circunscricao": "1º CIRCUNSCRIÇÃO", "zoneamento": null, "condominio": null, "area_geom": 352.53, "cnm": "062661.2.0028301-51" }, "geometry": { "type": "Polygon", "coordinates": [ [ [ -54.67061, -22.180359 ], [ -54.670828, -22.180115 ], [ -54.670902, -22.180173 ], [ -54.670684, -22.180417 ], [ -54.67061, -22.180359 ] ] ] } },
{ "type": "Feature", "properties": { "id": 55586, "insc_imob": "05.01.34.14.235", "quadra_cartorio": "05", "lote_cartorio": "02", "matricula": "105348-1RI", "circunscricao": "1º CIRCUNSCRIÇÃO", "zoneamento": null, "condominio": null, "area_geom": 302.19, "cnm": "062661.2.0105348-61" }, "geometry": { "type": "Polygon", "coordinates": [ [ [ -54.672728, -22.181255 ], [ -54.672915, -22.181046 ], [ -54.67299, -22.181104 ], [ -54.672803, -22.181313 ], [ -54.672728, -22.181255 ] ] ] } },
{ "type": "Feature", "properties": { "id": 55133, "insc_imob": "05.01.34.21.297", "quadra_cartorio": "07", "lote_cartorio": "03", "matricula": "27951", "circunscricao": "1º CIRCUNSCRIÇÃO", "zoneamento": null, "condominio": null, "area_geom": 362.66, "cnm": "062661.2.0027951-34" }, "geometry": { "type": "Polygon", "coordinates": [ [ [ -54.674836, -22.183836 ], [ -54.675023, -22.183627 ], [ -54.675112, -22.183696 ], [ -54.674926, -22.183905 ], [ -54.674836, -22.183836 ] ] ] } },
{ "type": "Feature", "properties": { "id": 55802, "insc_imob": "05.01.34.31.196", "quadra_cartorio": "9", "lote_cartorio": "11", "matricula": "7380", "circunscricao": "1º CIRCUNSCRIÇÃO", "zoneamento": null, "condominio": null, "area_geom": 389.49, "cnm": "062661.2.0007380-55" }, "geometry": { "type": "Polygon", "coordinates": [ [ [ -54.6745, -22.184884 ], [ -54.674575, -22.1848 ], [ -54.674814, -22.184985 ], [ -54.674743, -22.185072 ], [ -54.6745, -22.184884 ] ] ] } },
{ "type": "Feature", "properties": { "id": 56855, "insc_imob": "05.01.34.04.036", "quadra_cartorio": "02", "lote_cartorio": "09", "matricula": "57121", "circunscricao": "1º CIRCUNSCRIÇÃO", "zoneamento": null, "condominio": null, "area_geom": 405.49, "cnm": "062661.2.0057121-18" }, "geometry": { "type": "Polygon", "coordinates": [ [ [ -54.672724, -22.180246 ], [ -54.672942, -22.180002 ], [ -54.673028, -22.180068 ], [ -54.67281, -22.180312 ], [ -54.672724, -22.180246 ] ] ] } },
{ "type": "Feature", "properties": { "id": 56892, "insc_imob": "05.01.33.01.662", "quadra_cartorio": "52 NC", "lote_cartorio": "DATA 09", "matricula": "46479", "circunscricao": "1º CIRCUNSCRIÇÃO", "zoneamento": null, "condominio": null, "area_geom": 1516.57, "cnm": "062661.2.0046479-31" }, "geometry": { "type": "Polygon", "coordinates": [ [ [ -54.678942, -22.18563 ], [ -54.67941, -22.185106 ], [ -54.67956, -22.185222 ], [ -54.679091, -22.185746 ], [ -54.678942, -22.18563 ] ] ] } },
{ "type": "Feature", "properties": { "id": 60136, "insc_imob": "05.01.34.23.323", "quadra_cartorio": "07", "lote_cartorio": "12", "matricula": "65720-1RI", "circunscricao": "1º CIRCUNSCRIÇÃO", "zoneamento": null, "condominio": null, "area_geom": 309.86, "cnm": "062661.2.0065720-23" }, "geometry": { "type": "Polygon", "coordinates": [ [ [ -54.672966, -22.182732 ], [ -54.673157, -22.182517 ], [ -54.673232, -22.182575 ], [ -54.673041, -22.18279 ], [ -54.672966, -22.182732 ] ] ] } },
{ "type": "Feature", "properties": { "id": 64111, "insc_imob": "05.01.23.01.376", "quadra_cartorio": "08", "lote_cartorio": "DATA 09", "matricula": "1640", "circunscricao": "1º CIRCUNSCRIÇÃO", "zoneamento": null, "condominio": null, "area_geom": 2278.18, "cnm": "062661.2.0001640-09" }, "geometry": { "type": "Polygon", "coordinates": [ [ [ -54.679855, -22.184905 ], [ -54.680324, -22.184379 ], [ -54.680548, -22.184554 ], [ -54.68008, -22.185078 ], [ -54.679855, -22.184905 ] ] ] } },
{ "type": "Feature", "properties": { "id": 64848, "insc_imob": "05.01.34.01.334", "quadra_cartorio": "02", "lote_cartorio": "10", "matricula": "46721", "circunscricao": "1º CIRCUNSCRIÇÃO", "zoneamento": null, "condominio": null, "area_geom": 714.51, "cnm": "062661.2.0046721-81" }, "geometry": { "type": "Polygon", "coordinates": [ [ [ -54.676455, -22.183147 ], [ -54.676673, -22.182903 ], [ -54.676795, -22.182999 ], [ -54.676833, -22.183028 ], [ -54.676598, -22.183258 ], [ -54.676455, -22.183147 ] ] ] } },
{ "type": "Feature", "properties": { "id": 67671, "insc_imob": "05.01.34.01.394", "quadra_cartorio": "02", "lote_cartorio": "05", "matricula": "36579", "circunscricao": "1º CIRCUNSCRIÇÃO", "zoneamento": null, "condominio": null, "area_geom": 423.12, "cnm": "062661.2.0036579-49" }, "geometry": { "type": "Polygon", "coordinates": [ [ [ -54.676006, -22.182799 ], [ -54.676224, -22.182556 ], [ -54.676313, -22.182625 ], [ -54.676096, -22.182869 ], [ -54.676035, -22.182822 ], [ -54.676006, -22.182799 ] ] ] } },
{ "type": "Feature", "properties": { "id": 68005, "insc_imob": "05.01.34.31.286", "quadra_cartorio": "09", "lote_cartorio": "06", "matricula": "3596", "circunscricao": "1º CIRCUNSCRIÇÃO", "zoneamento": null, "condominio": null, "area_geom": 362.67, "cnm": "062661.2.0003596-58" }, "geometry": { "type": "Polygon", "coordinates": [ [ [ -54.674597, -22.184605 ], [ -54.674784, -22.184396 ], [ -54.674873, -22.184466 ], [ -54.674799, -22.184549 ], [ -54.674724, -22.184633 ], [ -54.674687, -22.184675 ], [ -54.674597, -22.184605 ] ] ] } },
{ "type": "Feature", "properties": { "id": 68358, "insc_imob": "05.01.35.01.066", "quadra_cartorio": "01", "lote_cartorio": "11", "matricula": "26956", "circunscricao": "1º CIRCUNSCRIÇÃO", "zoneamento": null, "condominio": null, "area_geom": 701.39, "cnm": "062661.2.0026956-12" }, "geometry": { "type": "Polygon", "coordinates": [ [ [ -54.671176, -22.179395 ], [ -54.671269, -22.17929 ], [ -54.671616, -22.179559 ], [ -54.671554, -22.179629 ], [ -54.671523, -22.179664 ], [ -54.671485, -22.179635 ], [ -54.671176, -22.179395 ] ] ] } },
{ "type": "Feature", "properties": { "id": 68359, "insc_imob": "05.01.35.01.164", "quadra_cartorio": "01", "lote_cartorio": "16", "matricula": "26934", "circunscricao": "1º CIRCUNSCRIÇÃO", "zoneamento": null, "condominio": null, "area_geom": 352.58, "cnm": "062661.2.0026934-78" }, "geometry": { "type": "Polygon", "coordinates": [ [ [ -54.670939, -22.179978 ], [ -54.671157, -22.179734 ], [ -54.671232, -22.179792 ], [ -54.671014, -22.180036 ], [ -54.670939, -22.179978 ] ] ] } },
{ "type": "Feature", "properties": { "id": 69425, "insc_imob": "05.01.34.23.283", "quadra_cartorio": "07", "lote_cartorio": "16", "matricula": "60248", "circunscricao": "1º CIRCUNSCRIÇÃO", "zoneamento": null, "condominio": null, "area_geom": 309.84, "cnm": "062661.2.0060248-46" }, "geometry": { "type": "Polygon", "coordinates": [ [ [ -54.672667, -22.1825 ], [ -54.672858, -22.182286 ], [ -54.672933, -22.182343 ], [ -54.672742, -22.182558 ], [ -54.672667, -22.1825 ] ] ] } },
{ "type": "Feature", "properties": { "id": 74758, "insc_imob": "05.01.34.23.253", "quadra_cartorio": "07", "lote_cartorio": "19", "matricula": "67333", "circunscricao": "1º CIRCUNSCRIÇÃO", "zoneamento": null, "condominio": null, "area_geom": 309.85, "cnm": "062661.2.0067333-34" }, "geometry": { "type": "Polygon", "coordinates": [ [ [ -54.672442, -22.182326 ], [ -54.672634, -22.182112 ], [ -54.672709, -22.18217 ], [ -54.672517, -22.182384 ], [ -54.672442, -22.182326 ] ] ] } },
{ "type": "Feature", "properties": { "id": 75130, "insc_imob": "05.01.33.01.837", "quadra_cartorio": "52", "lote_cartorio": "DATA 03", "matricula": "21352", "circunscricao": "1º CIRCUNSCRIÇÃO", "zoneamento": null, "condominio": null, "area_geom": 1137.49, "cnm": "062661.2.0021352-43" }, "geometry": { "type": "Polygon", "coordinates": [ [ [ -54.677648, -22.184628 ], [ -54.678116, -22.184103 ], [ -54.678229, -22.18419 ], [ -54.67776, -22.184715 ], [ -54.677648, -22.184628 ] ] ] } },
{ "type": "Feature", "properties": { "id": 75186, "insc_imob": "05.01.34.11.109", "quadra_cartorio": "5", "lote_cartorio": "06", "matricula": "9207", "circunscricao": "1º CIRCUNSCRIÇÃO", "zoneamento": null, "condominio": null, "area_geom": 540.44, "cnm": "062661.2.0009207-06" }, "geometry": { "type": "Polygon", "coordinates": [ [ [ -54.67558, -22.18384 ], [ -54.675585, -22.183825 ], [ -54.67565, -22.183698 ], [ -54.675923, -22.18391 ], [ -54.675822, -22.184008 ], [ -54.67558, -22.18384 ] ] ] } },
{ "type": "Feature", "properties": { "id": 76082, "insc_imob": "05.01.24.01.435", "quadra_cartorio": "08 NCD", "lote_cartorio": "P/08", "matricula": "27628", "circunscricao": "1º CIRCUNSCRIÇÃO", "zoneamento": null, "condominio": null, "area_geom": 250.89, "cnm": "062661.2.0027628-33" }, "geometry": { "type": "Polygon", "coordinates": [ [ [ -54.676784, -22.182621 ], [ -54.677095, -22.182273 ], [ -54.677132, -22.182302 ], [ -54.676821, -22.18265 ], [ -54.676784, -22.182621 ] ] ] } },
{ "type": "Feature", "properties": { "id": 76083, "insc_imob": "05.01.24.01.438", "quadra_cartorio": "08 NCD", "lote_cartorio": "P/08", "matricula": "60048", "circunscricao": "1º CIRCUNSCRIÇÃO", "zoneamento": null, "condominio": null, "area_geom": 454.29, "cnm": "062661.2.0060048-64" }, "geometry": { "type": "Polygon", "coordinates": [ [ [ -54.676889, -22.182702 ], [ -54.676821, -22.18265 ], [ -54.677132, -22.182302 ], [ -54.6772, -22.182354 ], [ -54.676889, -22.182702 ] ] ] } },
{ "type": "Feature", "properties": { "id": 77585, "insc_imob": "05.01.34.31.128", "quadra_cartorio": "09", "lote_cartorio": "14", "matricula": "29778", "circunscricao": "1º CIRCUNSCRIÇÃO", "zoneamento": null, "condominio": null, "area_geom": 362.65, "cnm": "062661.2.0029778-82" }, "geometry": { "type": "Polygon", "coordinates": [ [ [ -54.674231, -22.184675 ], [ -54.674417, -22.184466 ], [ -54.674425, -22.184472 ], [ -54.674507, -22.184535 ], [ -54.67432, -22.184744 ], [ -54.674231, -22.184675 ] ] ] } },
{ "type": "Feature", "properties": { "id": 77673, "insc_imob": "05.01.24.01.374", "quadra_cartorio": "08", "lote_cartorio": "B", "matricula": "82894", "circunscricao": "1º CIRCUNSCRIÇÃO", "zoneamento": null, "condominio": null, "area_geom": 624.61, "cnm": "062661.2.0082894-08" }, "geometry": { "type": "Polygon", "coordinates": [ [ [ -54.676279, -22.18223 ], [ -54.676186, -22.182158 ], [ -54.676496, -22.181811 ], [ -54.676589, -22.181883 ], [ -54.676279, -22.18223 ] ] ] } },
{ "type": "Feature", "properties": { "id": 77674, "insc_imob": "05.01.24.01.373", "quadra_cartorio": "08", "lote_cartorio": "C", "matricula": "82893", "circunscricao": "1º CIRCUNSCRIÇÃO", "zoneamento": null, "condominio": null, "area_geom": 624.61, "cnm": "062661.2.0082893-11" }, "geometry": { "type": "Polygon", "coordinates": [ [ [ -54.676496, -22.181811 ], [ -54.676186, -22.182158 ], [ -54.676093, -22.182086 ], [ -54.676403, -22.181739 ], [ -54.676496, -22.181811 ] ] ] } },
{ "type": "Feature", "properties": { "id": 77675, "insc_imob": "05.01.24.01.372", "quadra_cartorio": "08", "lote_cartorio": "D", "matricula": "72927", "circunscricao": "1º CIRCUNSCRIÇÃO", "zoneamento": null, "condominio": null, "area_geom": 624.61, "cnm": "062661.2.0072927-33" }, "geometry": { "type": "Polygon", "coordinates": [ [ [ -54.676093, -22.182086 ], [ -54.676, -22.182014 ], [ -54.67631, -22.181667 ], [ -54.676403, -22.181739 ], [ -54.676093, -22.182086 ] ] ] } },
{ "type": "Feature", "properties": { "id": 78597, "insc_imob": "05.01.34.01.346", "quadra_cartorio": "02", "lote_cartorio": "09", "matricula": "44650", "circunscricao": "1º CIRCUNSCRIÇÃO", "zoneamento": null, "condominio": null, "area_geom": 423.12, "cnm": "062661.2.0044650-86" }, "geometry": { "type": "Polygon", "coordinates": [ [ [ -54.676365, -22.183078 ], [ -54.676583, -22.182834 ], [ -54.676673, -22.182903 ], [ -54.676455, -22.183147 ], [ -54.676365, -22.183078 ] ] ] } },
{ "type": "Feature", "properties": { "id": 78986, "insc_imob": "05.01.34.13.323", "quadra_cartorio": "04", "lote_cartorio": "09", "matricula": "60433", "circunscricao": "1º CIRCUNSCRIÇÃO", "zoneamento": null, "condominio": null, "area_geom": 302.19, "cnm": "062661.2.0060433-73" }, "geometry": { "type": "Polygon", "coordinates": [ [ [ -54.673134, -22.181582 ], [ -54.67332, -22.181373 ], [ -54.673395, -22.18143 ], [ -54.673209, -22.18164 ], [ -54.673134, -22.181582 ] ] ] } },
{ "type": "Feature", "properties": { "id": 81545, "insc_imob": "05.01.34.22.274", "quadra_cartorio": "06", "lote_cartorio": "7BX", "matricula": "153046", "circunscricao": "1º CIRCUNSCRIÇÃO", "zoneamento": null, "condominio": null, "area_geom": 362.67, "cnm": "062661.2.0153046-42" }, "geometry": { "type": "Polygon", "coordinates": [ [ [ -54.674548, -22.18327 ], [ -54.674474, -22.183354 ], [ -54.674249, -22.18318 ], [ -54.674324, -22.183097 ], [ -54.674548, -22.18327 ] ] ] } },
{ "type": "Feature", "properties": { "id": 81546, "insc_imob": "05.01.34.22.275", "quadra_cartorio": "06", "lote_cartorio": "7BY", "matricula": "153047", "circunscricao": "1º CIRCUNSCRIÇÃO", "zoneamento": null, "condominio": null, "area_geom": 362.67, "cnm": "062661.2.0153047-39" }, "geometry": { "type": "Polygon", "coordinates": [ [ [ -54.674137, -22.183306 ], [ -54.674047, -22.183236 ], [ -54.674234, -22.183027 ], [ -54.674324, -22.183097 ], [ -54.674137, -22.183306 ] ] ] } },
{ "type": "Feature", "properties": { "id": 81547, "insc_imob": "05.01.34.22.276", "quadra_cartorio": "06", "lote_cartorio": "7BZ", "matricula": "153048", "circunscricao": "1º CIRCUNSCRIÇÃO", "zoneamento": null, "condominio": null, "area_geom": 362.66, "cnm": "062661.2.0153048-36" }, "geometry": { "type": "Polygon", "coordinates": [ [ [ -54.674047, -22.183236 ], [ -54.673958, -22.183166 ], [ -54.674144, -22.182957 ], [ -54.674234, -22.183027 ], [ -54.674047, -22.183236 ] ] ] } },
{ "type": "Feature", "properties": { "id": 84252, "insc_imob": "05.01.34.32.103", "quadra_cartorio": "08", "lote_cartorio": "16", "matricula": "TR-26652", "circunscricao": "1º CIRCUNSCRIÇÃO", "zoneamento": null, "condominio": null, "area_geom": 362.67, "cnm": null }, "geometry": { "type": "Polygon", "coordinates": [ [ [ -54.673153, -22.183557 ], [ -54.67319, -22.183515 ], [ -54.67328, -22.183585 ], [ -54.673093, -22.183794 ], [ -54.673004, -22.183724 ], [ -54.673078, -22.183641 ], [ -54.673153, -22.183557 ] ] ] } },
{ "type": "Feature", "properties": { "id": 85212, "insc_imob": "05.01.33.01.822", "quadra_cartorio": "52 NC", "lote_cartorio": "DATA 04", "matricula": "33291", "circunscricao": "1º CIRCUNSCRIÇÃO", "zoneamento": null, "condominio": null, "area_geom": 2274.76, "cnm": "062661.2.0033291-19" }, "geometry": { "type": "Polygon", "coordinates": [ [ [ -54.67776, -22.184715 ], [ -54.678229, -22.18419 ], [ -54.678453, -22.184364 ], [ -54.677984, -22.184889 ], [ -54.67776, -22.184715 ] ] ] } },
{ "type": "Feature", "properties": { "id": 91793, "insc_imob": "05.01.35.12.127", "quadra_cartorio": "2", "lote_cartorio": "16", "matricula": "54559", "circunscricao": "1º CIRCUNSCRIÇÃO", "zoneamento": null, "condominio": null, "area_geom": 374.77, "cnm": "062661.2.0054559-41" }, "geometry": { "type": "Polygon", "coordinates": [ [ [ -54.669693, -22.179639 ], [ -54.669512, -22.179851 ], [ -54.669417, -22.17978 ], [ -54.669598, -22.179568 ], [ -54.669693, -22.179639 ] ] ] } },
{ "type": "Feature", "properties": { "id": 91789, "insc_imob": "05.01.35.12.330", "quadra_cartorio": "02", "lote_cartorio": "05", "matricula": "35618", "circunscricao": "1º CIRCUNSCRIÇÃO", "zoneamento": null, "condominio": null, "area_geom": 374.77, "cnm": "062661.2.0035618-22" }, "geometry": { "type": "Polygon", "coordinates": [ [ [ -54.670064, -22.179568 ], [ -54.669883, -22.179779 ], [ -54.669788, -22.179709 ], [ -54.669969, -22.179497 ], [ -54.670064, -22.179568 ] ] ] } },
{ "type": "Feature", "properties": { "id": 91776, "insc_imob": "05.01.35.02.471", "quadra_cartorio": "01", "lote_cartorio": "06", "matricula": "38677", "circunscricao": "1º CIRCUNSCRIÇÃO", "zoneamento": null, "condominio": null, "area_geom": 1496.3, "cnm": "062661.2.0038677-60" }, "geometry": { "type": "Polygon", "coordinates": [ [ [ -54.670075, -22.178598 ], [ -54.669893, -22.178463 ], [ -54.670269, -22.178024 ], [ -54.670453, -22.178156 ], [ -54.670075, -22.178598 ] ] ] } },
{ "type": "Feature", "properties": { "id": 91779, "insc_imob": "05.01.35.02.501", "quadra_cartorio": "01", "lote_cartorio": "09", "matricula": "53794", "circunscricao": "1º CIRCUNSCRIÇÃO", "zoneamento": null, "condominio": null, "area_geom": 1439.79, "cnm": "062661.2.0053794-08" }, "geometry": { "type": "Polygon", "coordinates": [ [ [ -54.670426, -22.178858 ], [ -54.670035, -22.179315 ], [ -54.669866, -22.17919 ], [ -54.670257, -22.178733 ], [ -54.670426, -22.178858 ] ] ] } },
{ "type": "Feature", "properties": { "id": 91780, "insc_imob": "05.01.35.02.511", "quadra_cartorio": "01", "lote_cartorio": "10", "matricula": "53795", "circunscricao": "1º CIRCUNSCRIÇÃO", "zoneamento": null, "condominio": null, "area_geom": 1439.79, "cnm": "062661.2.0053795-05" }, "geometry": { "type": "Polygon", "coordinates": [ [ [ -54.670595, -22.178983 ], [ -54.670204, -22.17944 ], [ -54.670035, -22.179315 ], [ -54.670426, -22.178858 ], [ -54.670595, -22.178983 ] ] ] } },
{ "type": "Feature", "properties": { "id": 91781, "insc_imob": "05.01.35.02.521", "quadra_cartorio": "01", "lote_cartorio": "11", "matricula": "53796", "circunscricao": "1º CIRCUNSCRIÇÃO", "zoneamento": null, "condominio": null, "area_geom": 1553.03, "cnm": "062661.2.0053796-02" }, "geometry": { "type": "Polygon", "coordinates": [ [ [ -54.670777, -22.179118 ], [ -54.670385, -22.179575 ], [ -54.670204, -22.17944 ], [ -54.670595, -22.178983 ], [ -54.670777, -22.179118 ] ] ] } },
{ "type": "Feature", "properties": { "id": 91782, "insc_imob": "05.01.35.02.531", "quadra_cartorio": "01", "lote_cartorio": "12", "matricula": "53797", "circunscricao": "1º CIRCUNSCRIÇÃO", "zoneamento": null, "condominio": null, "area_geom": 1682.45, "cnm": "062661.2.0053797-96" }, "geometry": { "type": "Polygon", "coordinates": [ [ [ -54.670583, -22.179722 ], [ -54.670385, -22.179575 ], [ -54.670777, -22.179118 ], [ -54.670974, -22.179264 ], [ -54.670583, -22.179722 ] ] ] } },
{ "type": "Feature", "properties": { "id": 91783, "insc_imob": "05.01.35.12.279", "quadra_cartorio": "2", "lote_cartorio": "01", "matricula": "32256", "circunscricao": "1º CIRCUNSCRIÇÃO", "zoneamento": null, "condominio": null, "area_geom": 449.72, "cnm": "062661.2.0032256-20" }, "geometry": { "type": "Polygon", "coordinates": [ [ [ -54.670462, -22.179863 ], [ -54.670281, -22.180075 ], [ -54.670167, -22.17999 ], [ -54.670348, -22.179778 ], [ -54.670462, -22.179863 ] ] ] } },
{ "type": "Feature", "properties": { "id": 91784, "insc_imob": "05.01.35.12.292", "quadra_cartorio": "2", "lote_cartorio": "02", "matricula": "37057", "circunscricao": "1º CIRCUNSCRIÇÃO", "zoneamento": null, "condominio": null, "area_geom": 374.77, "cnm": "062661.2.0037057-70" }, "geometry": { "type": "Polygon", "coordinates": [ [ [ -54.670348, -22.179778 ], [ -54.670167, -22.17999 ], [ -54.670072, -22.17992 ], [ -54.670253, -22.179708 ], [ -54.670348, -22.179778 ] ] ] } },
{ "type": "Feature", "properties": { "id": 91785, "insc_imob": "05.01.35.12.189", "quadra_cartorio": "02", "lote_cartorio": "21", "matricula": "33235", "circunscricao": "1º CIRCUNSCRIÇÃO", "zoneamento": null, "condominio": null, "area_geom": 374.77, "cnm": "062661.2.0033235-90" }, "geometry": { "type": "Polygon", "coordinates": [ [ [ -54.670167, -22.17999 ], [ -54.669986, -22.180202 ], [ -54.669891, -22.180132 ], [ -54.670072, -22.17992 ], [ -54.670167, -22.17999 ] ] ] } },
{ "type": "Feature", "properties": { "id": 91786, "insc_imob": "05.01.35.12.177", "quadra_cartorio": "02", "lote_cartorio": "20", "matricula": "43271", "circunscricao": "1º CIRCUNSCRIÇÃO", "zoneamento": null, "condominio": null, "area_geom": 374.77, "cnm": "062661.2.0043271-52" }, "geometry": { "type": "Polygon", "coordinates": [ [ [ -54.670072, -22.17992 ], [ -54.669891, -22.180132 ], [ -54.669796, -22.180062 ], [ -54.669977, -22.17985 ], [ -54.670072, -22.17992 ] ] ] } },
{ "type": "Feature", "properties": { "id": 91787, "insc_imob": "05.01.35.12.317", "quadra_cartorio": "2", "lote_cartorio": "04", "matricula": "38683", "circunscricao": "1º CIRCUNSCRIÇÃO", "zoneamento": null, "condominio": null, "area_geom": 374.77, "cnm": "062661.2.0038683-42" }, "geometry": { "type": "Polygon", "coordinates": [ [ [ -54.670159, -22.179638 ], [ -54.669977, -22.17985 ], [ -54.669883, -22.179779 ], [ -54.670064, -22.179568 ], [ -54.670159, -22.179638 ] ] ] } },
{ "type": "Feature", "properties": { "id": 91788, "insc_imob": "05.01.35.12.164", "quadra_cartorio": "02", "lote_cartorio": "19", "matricula": "33236", "circunscricao": "1º CIRCUNSCRIÇÃO", "zoneamento": null, "condominio": null, "area_geom": 374.77, "cnm": "062661.2.0033236-87" }, "geometry": { "type": "Polygon", "coordinates": [ [ [ -54.669977, -22.17985 ], [ -54.669796, -22.180062 ], [ -54.669701, -22.179991 ], [ -54.669883, -22.179779 ], [ -54.669977, -22.17985 ] ] ] } },
{ "type": "Feature", "properties": { "id": 91790, "insc_imob": "05.01.35.12.152", "quadra_cartorio": "2", "lote_cartorio": "18", "matricula": "35590", "circunscricao": "1º CIRCUNSCRIÇÃO", "zoneamento": null, "condominio": null, "area_geom": 374.77, "cnm": "062661.2.0035590-09" }, "geometry": { "type": "Polygon", "coordinates": [ [ [ -54.669883, -22.179779 ], [ -54.669701, -22.179991 ], [ -54.669607, -22.179921 ], [ -54.669788, -22.179709 ], [ -54.669883, -22.179779 ] ] ] } },
{ "type": "Feature", "properties": { "id": 91791, "insc_imob": "05.01.35.12.342", "quadra_cartorio": "2", "lote_cartorio": "06", "matricula": "35340", "circunscricao": "1º CIRCUNSCRIÇÃO", "zoneamento": null, "condominio": null, "area_geom": 374.77, "cnm": "062661.2.0035340-80" }, "geometry": { "type": "Polygon", "coordinates": [ [ [ -54.669969, -22.179497 ], [ -54.669788, -22.179709 ], [ -54.669693, -22.179639 ], [ -54.669874, -22.179427 ], [ -54.669969, -22.179497 ] ] ] } },
{ "type": "Feature", "properties": { "id": 91792, "insc_imob": "05.01.35.12.355", "quadra_cartorio": "2", "lote_cartorio": "07", "matricula": "38684", "circunscricao": "1º CIRCUNSCRIÇÃO", "zoneamento": null, "condominio": null, "area_geom": 374.77, "cnm": "062661.2.0038684-39" }, "geometry": { "type": "Polygon", "coordinates": [ [ [ -54.669874, -22.179427 ], [ -54.669693, -22.179639 ], [ -54.669598, -22.179568 ], [ -54.669779, -22.179357 ], [ -54.669874, -22.179427 ] ] ] } },
{ "type": "Feature", "properties": { "id": 91794, "insc_imob": "05.01.35.12.367", "quadra_cartorio": "2", "lote_cartorio": "08", "matricula": "38685", "circunscricao": "1º CIRCUNSCRIÇÃO", "zoneamento": null, "condominio": null, "area_geom": 374.77, "cnm": "062661.2.0038685-36" }, "geometry": { "type": "Polygon", "coordinates": [ [ [ -54.669779, -22.179357 ], [ -54.669598, -22.179568 ], [ -54.669504, -22.179498 ], [ -54.669685, -22.179286 ], [ -54.669779, -22.179357 ] ] ] } },
{ "type": "Feature", "properties": { "id": 91809, "insc_imob": "05.01.35.12.380", "quadra_cartorio": "2", "lote_cartorio": "09", "matricula": "34873", "circunscricao": "1º CIRCUNSCRIÇÃO", "zoneamento": null, "condominio": null, "area_geom": 374.76, "cnm": "062661.2.0034873-26" }, "geometry": { "type": "Polygon", "coordinates": [ [ [ -54.669685, -22.179286 ], [ -54.669504, -22.179498 ], [ -54.669409, -22.179428 ], [ -54.66959, -22.179216 ], [ -54.669685, -22.179286 ] ] ] } },
{ "type": "Feature", "properties": { "id": 91810, "insc_imob": "05.01.35.12.089", "quadra_cartorio": "02", "lote_cartorio": "13", "matricula": "32613", "circunscricao": "1º CIRCUNSCRIÇÃO", "zoneamento": null, "condominio": null, "area_geom": 374.76, "cnm": "062661.2.0032613-16" }, "geometry": { "type": "Polygon", "coordinates": [ [ [ -54.669409, -22.179428 ], [ -54.669228, -22.17964 ], [ -54.669133, -22.179569 ], [ -54.669314, -22.179358 ], [ -54.669409, -22.179428 ] ] ] } },
{ "type": "Feature", "properties": { "id": 91811, "insc_imob": "05.01.35.12.031", "quadra_cartorio": "2", "lote_cartorio": "11", "matricula": "54562", "circunscricao": "1º CIRCUNSCRIÇÃO", "zoneamento": null, "condominio": null, "area_geom": 449.72, "cnm": "062661.2.0054562-32" }, "geometry": { "type": "Polygon", "coordinates": [ [ [ -54.669495, -22.179146 ], [ -54.669314, -22.179358 ], [ -54.6692, -22.179273 ], [ -54.669381, -22.179061 ], [ -54.669495, -22.179146 ] ] ] } },
{ "type": "Feature", "properties": { "id": 91860, "insc_imob": "05.01.35.23.259", "quadra_cartorio": "04", "lote_cartorio": "01", "matricula": "40281", "circunscricao": "1º CIRCUNSCRIÇÃO", "zoneamento": null, "condominio": null, "area_geom": 419.74, "cnm": "062661.2.0040281-98" }, "geometry": { "type": "Polygon", "coordinates": [ [ [ -54.669979, -22.180428 ], [ -54.669798, -22.18064 ], [ -54.669691, -22.180561 ], [ -54.669873, -22.180349 ], [ -54.669979, -22.180428 ] ] ] } },
{ "type": "Feature", "properties": { "id": 91861, "insc_imob": "05.01.35.23.158", "quadra_cartorio": "04", "lote_cartorio": "16", "matricula": "2121", "circunscricao": "1º CIRCUNSCRIÇÃO", "zoneamento": null, "condominio": null, "area_geom": 419.74, "cnm": "062661.2.0002121-21" }, "geometry": { "type": "Polygon", "coordinates": [ [ [ -54.669798, -22.18064 ], [ -54.669616, -22.180851 ], [ -54.66951, -22.180773 ], [ -54.669691, -22.180561 ], [ -54.669798, -22.18064 ] ] ] } },
{ "type": "Feature", "properties": { "id": 91863, "insc_imob": "05.01.35.23.146", "quadra_cartorio": "04", "lote_cartorio": "15", "matricula": "2121", "circunscricao": "1º CIRCUNSCRIÇÃO", "zoneamento": null, "condominio": null, "area_geom": 374.77, "cnm": "062661.2.0002121-21" }, "geometry": { "type": "Polygon", "coordinates": [ [ [ -54.66951, -22.180773 ], [ -54.669415, -22.180702 ], [ -54.669597, -22.180491 ], [ -54.669691, -22.180561 ], [ -54.66951, -22.180773 ] ] ] } },
{ "type": "Feature", "properties": { "id": 91864, "insc_imob": "05.01.35.23.272", "quadra_cartorio": "04", "lote_cartorio": "03", "matricula": "40278", "circunscricao": "1º CIRCUNSCRIÇÃO", "zoneamento": null, "condominio": null, "area_geom": 374.77, "cnm": "062661.2.0040278-10" }, "geometry": { "type": "Polygon", "coordinates": [ [ [ -54.669778, -22.180279 ], [ -54.669597, -22.180491 ], [ -54.669502, -22.18042 ], [ -54.669683, -22.180208 ], [ -54.669778, -22.180279 ] ] ] } },
{ "type": "Feature", "properties": { "id": 91866, "insc_imob": "05.01.35.23.284", "quadra_cartorio": "04", "lote_cartorio": "04", "matricula": "32593", "circunscricao": "1º CIRCUNSCRIÇÃO", "zoneamento": null, "condominio": null, "area_geom": 374.76, "cnm": "062661.2.0032593-76" }, "geometry": { "type": "Polygon", "coordinates": [ [ [ -54.669683, -22.180208 ], [ -54.669502, -22.18042 ], [ -54.669407, -22.18035 ], [ -54.669588, -22.180138 ], [ -54.669683, -22.180208 ] ] ] } },
{ "type": "Feature", "properties": { "id": 91868, "insc_imob": "05.01.35.23.304", "quadra_cartorio": "04", "lote_cartorio": "05", "matricula": "40279", "circunscricao": "1º CIRCUNSCRIÇÃO", "zoneamento": null, "condominio": null, "area_geom": 374.76, "cnm": "062661.2.0040279-07" }, "geometry": { "type": "Polygon", "coordinates": [ [ [ -54.669531, -22.180096 ], [ -54.66935, -22.180308 ], [ -54.669255, -22.180237 ], [ -54.669437, -22.180026 ], [ -54.669531, -22.180096 ] ] ] } },
{ "type": "Feature", "properties": { "id": 91869, "insc_imob": "05.01.35.23.113", "quadra_cartorio": "04", "lote_cartorio": "12", "matricula": "33224", "circunscricao": "1º CIRCUNSCRIÇÃO", "zoneamento": null, "condominio": null, "area_geom": 374.76, "cnm": "062661.2.0033224-26" }, "geometry": { "type": "Polygon", "coordinates": [ [ [ -54.669169, -22.18052 ], [ -54.669074, -22.180449 ], [ -54.669255, -22.180237 ], [ -54.66935, -22.180308 ], [ -54.669169, -22.18052 ] ] ] } },
{ "type": "Feature", "properties": { "id": 91870, "insc_imob": "05.01.35.23.317", "quadra_cartorio": "04", "lote_cartorio": "06", "matricula": "40275", "circunscricao": "1º CIRCUNSCRIÇÃO", "zoneamento": null, "condominio": null, "area_geom": 374.76, "cnm": "062661.2.0040275-19" }, "geometry": { "type": "Polygon", "coordinates": [ [ [ -54.669437, -22.180026 ], [ -54.669255, -22.180237 ], [ -54.669161, -22.180167 ], [ -54.669342, -22.179955 ], [ -54.669437, -22.180026 ] ] ] } },
{ "type": "Feature", "properties": { "id": 91871, "insc_imob": "05.01.35.23.100", "quadra_cartorio": "04", "lote_cartorio": "11", "matricula": "33225", "circunscricao": "1º CIRCUNSCRIÇÃO", "zoneamento": null, "condominio": null, "area_geom": 374.76, "cnm": "062661.2.0033225-23" }, "geometry": { "type": "Polygon", "coordinates": [ [ [ -54.669074, -22.180449 ], [ -54.668979, -22.180379 ], [ -54.669161, -22.180167 ], [ -54.669255, -22.180237 ], [ -54.669074, -22.180449 ] ] ] } },
{ "type": "Feature", "properties": { "id": 91872, "insc_imob": "05.01.35.23.329", "quadra_cartorio": "04", "lote_cartorio": "07", "matricula": "32268", "circunscricao": "1º CIRCUNSCRIÇÃO", "zoneamento": null, "condominio": null, "area_geom": 374.76, "cnm": "062661.2.0032268-81" }, "geometry": { "type": "Polygon", "coordinates": [ [ [ -54.669342, -22.179955 ], [ -54.669161, -22.180167 ], [ -54.669066, -22.180097 ], [ -54.669247, -22.179885 ], [ -54.669342, -22.179955 ] ] ] } },
{ "type": "Feature", "properties": { "id": 91874, "insc_imob": "05.01.35.23.075", "quadra_cartorio": "04", "lote_cartorio": "09", "matricula": "32267", "circunscricao": "1º CIRCUNSCRIÇÃO", "zoneamento": null, "condominio": null, "area_geom": 419.74, "cnm": "062661.2.0032267-84" }, "geometry": { "type": "Polygon", "coordinates": [ [ [ -54.668885, -22.180309 ], [ -54.668779, -22.18023 ], [ -54.66896, -22.180018 ], [ -54.669066, -22.180097 ], [ -54.668885, -22.180309 ] ] ] } },
{ "type": "Feature", "properties": { "id": 91876, "insc_imob": "05.01.35.25.029", "quadra_cartorio": "3", "lote_cartorio": "02", "matricula": "34872", "circunscricao": "1º CIRCUNSCRIÇÃO", "zoneamento": null, "condominio": null, "area_geom": 449.4, "cnm": "062661.2.0034872-29" }, "geometry": { "type": "Polygon", "coordinates": [ [ [ -54.66882, -22.179891 ], [ -54.668577, -22.179711 ], [ -54.668661, -22.179612 ], [ -54.668905, -22.179793 ], [ -54.66882, -22.179891 ] ] ] } },
{ "type": "Feature", "properties": { "id": 91878, "insc_imob": "05.01.35.25.053", "quadra_cartorio": "3", "lote_cartorio": "04", "matricula": "34017", "circunscricao": "1º CIRCUNSCRIÇÃO", "zoneamento": null, "condominio": null, "area_geom": 384.42, "cnm": "062661.2.0034017-72" }, "geometry": { "type": "Polygon", "coordinates": [ [ [ -54.668748, -22.179976 ], [ -54.668675, -22.180061 ], [ -54.668432, -22.179881 ], [ -54.668505, -22.179796 ], [ -54.668748, -22.179976 ] ] ] } },
{ "type": "Feature", "properties": { "id": 91883, "insc_imob": "05.01.35.25.065", "quadra_cartorio": "3", "lote_cartorio": "05", "matricula": "33632", "circunscricao": "1º CIRCUNSCRIÇÃO", "zoneamento": null, "condominio": null, "area_geom": 384.06, "cnm": "062661.2.0033632-63" }, "geometry": { "type": "Polygon", "coordinates": [ [ [ -54.668675, -22.180061 ], [ -54.668603, -22.180146 ], [ -54.66836, -22.179966 ], [ -54.668432, -22.179881 ], [ -54.668675, -22.180061 ] ] ] } },
{ "type": "Feature", "properties": { "id": 91884, "insc_imob": "05.01.35.25.077", "quadra_cartorio": "3", "lote_cartorio": "06", "matricula": "33631", "circunscricao": "1º CIRCUNSCRIÇÃO", "zoneamento": null, "condominio": null, "area_geom": 383.7, "cnm": "062661.2.0033631-66" }, "geometry": { "type": "Polygon", "coordinates": [ [ [ -54.668603, -22.180146 ], [ -54.66853, -22.18023 ], [ -54.668288, -22.180051 ], [ -54.66836, -22.179966 ], [ -54.668603, -22.180146 ] ] ] } },
{ "type": "Feature", "properties": { "id": 91886, "insc_imob": "05.01.35.25.111", "quadra_cartorio": "3", "lote_cartorio": "08", "matricula": "32591", "circunscricao": "1º CIRCUNSCRIÇÃO", "zoneamento": null, "condominio": null, "area_geom": 383.1, "cnm": "062661.2.0032591-82" }, "geometry": { "type": "Polygon", "coordinates": [ [ [ -54.668458, -22.180315 ], [ -54.668385, -22.1804 ], [ -54.668143, -22.18022 ], [ -54.668215, -22.180135 ], [ -54.668458, -22.180315 ] ] ] } },
{ "type": "Feature", "properties": { "id": 91887, "insc_imob": "05.01.35.25.123", "quadra_cartorio": "3", "lote_cartorio": "09", "matricula": "32592", "circunscricao": "1º CIRCUNSCRIÇÃO", "zoneamento": null, "condominio": null, "area_geom": 382.74, "cnm": "062661.2.0032592-79" }, "geometry": { "type": "Polygon", "coordinates": [ [ [ -54.668385, -22.1804 ], [ -54.668313, -22.180485 ], [ -54.668071, -22.180305 ], [ -54.668143, -22.18022 ], [ -54.668385, -22.1804 ] ] ] } },
{ "type": "Feature", "properties": { "id": 91888, "insc_imob": "05.01.35.25.137", "quadra_cartorio": "3", "lote_cartorio": "10", "matricula": "40271", "circunscricao": "1º CIRCUNSCRIÇÃO", "zoneamento": null, "condominio": null, "area_geom": 446.04, "cnm": "062661.2.0040271-31" }, "geometry": { "type": "Polygon", "coordinates": [ [ [ -54.668313, -22.180485 ], [ -54.668228, -22.180584 ], [ -54.667987, -22.180404 ], [ -54.668071, -22.180305 ], [ -54.668313, -22.180485 ] ] ] } },
{ "type": "Feature", "properties": { "id": 91889, "insc_imob": "05.01.35.25.183", "quadra_cartorio": "3", "lote_cartorio": "11", "matricula": "33223", "circunscricao": "1º CIRCUNSCRIÇÃO", "zoneamento": null, "condominio": null, "area_geom": 445.48, "cnm": "062661.2.0033223-29" }, "geometry": { "type": "Polygon", "coordinates": [ [ [ -54.668228, -22.180584 ], [ -54.668144, -22.180682 ], [ -54.667902, -22.180503 ], [ -54.667987, -22.180404 ], [ -54.668228, -22.180584 ] ] ] } },
{ "type": "Feature", "properties": { "id": 91890, "insc_imob": "05.01.35.22.172", "quadra_cartorio": "06", "lote_cartorio": "11", "matricula": "38696", "circunscricao": "1º CIRCUNSCRIÇÃO", "zoneamento": null, "condominio": null, "area_geom": 419.74, "cnm": "062661.2.0038696-03" }, "geometry": { "type": "Polygon", "coordinates": [ [ [ -54.669565, -22.181737 ], [ -54.669338, -22.181568 ], [ -54.669422, -22.181469 ], [ -54.66965, -22.181638 ], [ -54.669565, -22.181737 ] ] ] } },
{ "type": "Feature", "properties": { "id": 91891, "insc_imob": "05.01.35.22.216", "quadra_cartorio": "06", "lote_cartorio": "12", "matricula": "38697", "circunscricao": "1º CIRCUNSCRIÇÃO", "zoneamento": null, "condominio": null, "area_geom": 419.74, "cnm": "062661.2.0038697-97" }, "geometry": { "type": "Polygon", "coordinates": [ [ [ -54.669877, -22.181807 ], [ -54.669793, -22.181906 ], [ -54.669565, -22.181737 ], [ -54.66965, -22.181638 ], [ -54.669877, -22.181807 ] ] ] } },
{ "type": "Feature", "properties": { "id": 91892, "insc_imob": "05.01.35.22.230", "quadra_cartorio": "06", "lote_cartorio": "13", "matricula": "38698", "circunscricao": "1º CIRCUNSCRIÇÃO", "zoneamento": null, "condominio": null, "area_geom": 419.74, "cnm": "062661.2.0038698-94" }, "geometry": { "type": "Polygon", "coordinates": [ [ [ -54.669962, -22.181708 ], [ -54.669877, -22.181807 ], [ -54.66965, -22.181638 ], [ -54.669735, -22.181539 ], [ -54.669962, -22.181708 ] ] ] } },
{ "type": "Feature", "properties": { "id": 91893, "insc_imob": "05.01.35.22.128", "quadra_cartorio": "06", "lote_cartorio": "10", "matricula": "38695", "circunscricao": "1º CIRCUNSCRIÇÃO", "zoneamento": null, "condominio": null, "area_geom": 419.74, "cnm": "062661.2.0038695-06" }, "geometry": { "type": "Polygon", "coordinates": [ [ [ -54.669735, -22.181539 ], [ -54.66965, -22.181638 ], [ -54.669422, -22.181469 ], [ -54.669507, -22.181371 ], [ -54.669735, -22.181539 ] ] ] } },
{ "type": "Feature", "properties": { "id": 91894, "insc_imob": "05.01.35.22.113", "quadra_cartorio": "06", "lote_cartorio": "09", "matricula": "38694", "circunscricao": "1º CIRCUNSCRIÇÃO", "zoneamento": null, "condominio": null, "area_geom": 359.77, "cnm": "062661.2.0038694-09" }, "geometry": { "type": "Polygon", "coordinates": [ [ [ -54.669807, -22.181455 ], [ -54.669735, -22.181539 ], [ -54.669507, -22.181371 ], [ -54.66958, -22.181286 ], [ -54.669807, -22.181455 ] ] ] } },
{ "type": "Feature", "properties": { "id": 91895, "insc_imob": "05.01.35.22.242", "quadra_cartorio": "06", "lote_cartorio": "14", "matricula": "38699", "circunscricao": "1º CIRCUNSCRIÇÃO", "zoneamento": null, "condominio": null, "area_geom": 359.77, "cnm": "062661.2.0038699-91" }, "geometry": { "type": "Polygon", "coordinates": [ [ [ -54.670034, -22.181623 ], [ -54.669962, -22.181708 ], [ -54.669735, -22.181539 ], [ -54.669807, -22.181455 ], [ -54.670034, -22.181623 ] ] ] } },
{ "type": "Feature", "properties": { "id": 91896, "insc_imob": "05.01.35.22.254", "quadra_cartorio": "06", "lote_cartorio": "15", "matricula": "38700", "circunscricao": "1º CIRCUNSCRIÇÃO", "zoneamento": null, "condominio": null, "area_geom": 359.77, "cnm": "062661.2.0038700-88" }, "geometry": { "type": "Polygon", "coordinates": [ [ [ -54.670107, -22.181539 ], [ -54.670034, -22.181623 ], [ -54.669807, -22.181455 ], [ -54.669879, -22.18137 ], [ -54.670107, -22.181539 ] ] ] } },
{ "type": "Feature", "properties": { "id": 91897, "insc_imob": "05.01.35.22.101", "quadra_cartorio": "06", "lote_cartorio": "08", "matricula": "38693", "circunscricao": "1º CIRCUNSCRIÇÃO", "zoneamento": null, "condominio": null, "area_geom": 359.77, "cnm": "062661.2.0038693-12" }, "geometry": { "type": "Polygon", "coordinates": [ [ [ -54.669879, -22.18137 ], [ -54.669807, -22.181455 ], [ -54.66958, -22.181286 ], [ -54.669652, -22.181201 ], [ -54.669879, -22.18137 ] ] ] } },
{ "type": "Feature", "properties": { "id": 91898, "insc_imob": "05.01.35.22.089", "quadra_cartorio": "06", "lote_cartorio": "07", "matricula": "38692", "circunscricao": "1º CIRCUNSCRIÇÃO", "zoneamento": null, "condominio": null, "area_geom": 359.77, "cnm": "062661.2.0038692-15" }, "geometry": { "type": "Polygon", "coordinates": [ [ [ -54.669952, -22.181285 ], [ -54.669879, -22.18137 ], [ -54.669652, -22.181201 ], [ -54.669724, -22.181116 ], [ -54.669952, -22.181285 ] ] ] } },
{ "type": "Feature", "properties": { "id": 91899, "insc_imob": "05.01.35.22.266", "quadra_cartorio": "06", "lote_cartorio": "16", "matricula": "38701", "circunscricao": "1º CIRCUNSCRIÇÃO", "zoneamento": null, "condominio": null, "area_geom": 359.77, "cnm": "062661.2.0038701-85" }, "geometry": { "type": "Polygon", "coordinates": [ [ [ -54.670179, -22.181454 ], [ -54.670107, -22.181539 ], [ -54.669879, -22.18137 ], [ -54.669952, -22.181285 ], [ -54.670179, -22.181454 ] ] ] } },
{ "type": "Feature", "properties": { "id": 91900, "insc_imob": "05.01.35.22.077", "quadra_cartorio": "06", "lote_cartorio": "06", "matricula": "38691", "circunscricao": "1º CIRCUNSCRIÇÃO", "zoneamento": null, "condominio": null, "area_geom": 359.77, "cnm": "062661.2.0038691-18" }, "geometry": { "type": "Polygon", "coordinates": [ [ [ -54.670024, -22.1812 ], [ -54.669952, -22.181285 ], [ -54.669724, -22.181116 ], [ -54.669797, -22.181032 ], [ -54.670024, -22.1812 ] ] ] } },
{ "type": "Feature", "properties": { "id": 91901, "insc_imob": "05.01.35.22.290", "quadra_cartorio": "06", "lote_cartorio": "18", "matricula": "38703", "circunscricao": "1º CIRCUNSCRIÇÃO", "zoneamento": null, "condominio": null, "area_geom": 359.77, "cnm": "062661.2.0038703-79" }, "geometry": { "type": "Polygon", "coordinates": [ [ [ -54.670324, -22.181284 ], [ -54.670252, -22.181369 ], [ -54.670024, -22.1812 ], [ -54.670097, -22.181116 ], [ -54.670324, -22.181284 ] ] ] } },
{ "type": "Feature", "properties": { "id": 91902, "insc_imob": "05.01.35.22.065", "quadra_cartorio": "06", "lote_cartorio": "05", "matricula": "38690", "circunscricao": "1º CIRCUNSCRIÇÃO", "zoneamento": null, "condominio": null, "area_geom": 359.77, "cnm": "062661.2.0038690-21" }, "geometry": { "type": "Polygon", "coordinates": [ [ [ -54.670097, -22.181116 ], [ -54.670024, -22.1812 ], [ -54.669797, -22.181032 ], [ -54.669869, -22.180947 ], [ -54.670097, -22.181116 ] ] ] } },
{ "type": "Feature", "properties": { "id": 91903, "insc_imob": "05.01.35.22.053", "quadra_cartorio": "06", "lote_cartorio": "04", "matricula": "38689", "circunscricao": "1º CIRCUNSCRIÇÃO", "zoneamento": null, "condominio": null, "area_geom": 359.77, "cnm": "062661.2.0038689-24" }, "geometry": { "type": "Polygon", "coordinates": [ [ [ -54.670169, -22.181031 ], [ -54.670097, -22.181116 ], [ -54.669869, -22.180947 ], [ -54.669942, -22.180862 ], [ -54.670169, -22.181031 ] ] ] } },
{ "type": "Feature", "properties": { "id": 91904, "insc_imob": "05.01.35.22.302", "quadra_cartorio": "06", "lote_cartorio": "19", "matricula": "38703", "circunscricao": "1º CIRCUNSCRIÇÃO", "zoneamento": null, "condominio": null, "area_geom": 359.77, "cnm": "062661.2.0038703-79" }, "geometry": { "type": "Polygon", "coordinates": [ [ [ -54.670397, -22.1812 ], [ -54.670324, -22.181284 ], [ -54.670097, -22.181116 ], [ -54.670169, -22.181031 ], [ -54.670397, -22.1812 ] ] ] } },
{ "type": "Feature", "properties": { "id": 91905, "insc_imob": "05.01.35.22.314", "quadra_cartorio": "06", "lote_cartorio": "20", "matricula": "38705", "circunscricao": "1º CIRCUNSCRIÇÃO", "zoneamento": null, "condominio": null, "area_geom": 359.77, "cnm": "062661.2.0038705-73" }, "geometry": { "type": "Polygon", "coordinates": [ [ [ -54.670469, -22.181115 ], [ -54.670397, -22.1812 ], [ -54.670169, -22.181031 ], [ -54.670242, -22.180946 ], [ -54.670469, -22.181115 ] ] ] } },
{ "type": "Feature", "properties": { "id": 91906, "insc_imob": "05.01.35.22.041", "quadra_cartorio": "06", "lote_cartorio": "03", "matricula": "38688", "circunscricao": "1º CIRCUNSCRIÇÃO", "zoneamento": null, "condominio": null, "area_geom": 359.77, "cnm": "062661.2.0038688-27" }, "geometry": { "type": "Polygon", "coordinates": [ [ [ -54.670242, -22.180946 ], [ -54.670169, -22.181031 ], [ -54.669942, -22.180862 ], [ -54.670014, -22.180777 ], [ -54.670242, -22.180946 ] ] ] } },
{ "type": "Feature", "properties": { "id": 91907, "insc_imob": "05.01.35.22.029", "quadra_cartorio": "06", "lote_cartorio": "02", "matricula": "38687", "circunscricao": "1º CIRCUNSCRIÇÃO", "zoneamento": null, "condominio": null, "area_geom": 419.74, "cnm": "062661.2.0038687-30" }, "geometry": { "type": "Polygon", "coordinates": [ [ [ -54.670326, -22.180847 ], [ -54.670242, -22.180946 ], [ -54.670014, -22.180777 ], [ -54.670099, -22.180678 ], [ -54.670326, -22.180847 ] ] ] } },
{ "type": "Feature", "properties": { "id": 91908, "insc_imob": "05.01.35.22.372", "quadra_cartorio": "06", "lote_cartorio": "22", "matricula": "38707", "circunscricao": "1º CIRCUNSCRIÇÃO", "zoneamento": null, "condominio": null, "area_geom": 419.74, "cnm": "062661.2.0038707-67" }, "geometry": { "type": "Polygon", "coordinates": [ [ [ -54.670554, -22.181016 ], [ -54.670326, -22.180847 ], [ -54.670411, -22.180748 ], [ -54.670638, -22.180917 ], [ -54.670554, -22.181016 ] ] ] } },
{ "type": "Feature", "properties": { "id": 91920, "insc_imob": "05.01.35.22.015", "quadra_cartorio": "06", "lote_cartorio": "01", "matricula": "38686", "circunscricao": "1º CIRCUNSCRIÇÃO", "zoneamento": null, "condominio": null, "area_geom": 419.74, "cnm": "062661.2.0038686-33" }, "geometry": { "type": "Polygon", "coordinates": [ [ [ -54.670411, -22.180748 ], [ -54.670326, -22.180847 ], [ -54.670099, -22.180678 ], [ -54.670183, -22.18058 ], [ -54.670411, -22.180748 ] ] ] } },
{ "type": "Feature", "properties": { "id": 91921, "insc_imob": "05.01.35.22.328", "quadra_cartorio": "06", "lote_cartorio": "21", "matricula": "38706", "circunscricao": "1º CIRCUNSCRIÇÃO", "zoneamento": null, "condominio": null, "area_geom": 419.74, "cnm": "062661.2.0038706-70" }, "geometry": { "type": "Polygon", "coordinates": [ [ [ -54.670554, -22.181016 ], [ -54.670469, -22.181115 ], [ -54.670242, -22.180946 ], [ -54.670326, -22.180847 ], [ -54.670554, -22.181016 ] ] ] } },
{ "type": "Feature", "properties": { "id": 91924, "insc_imob": "05.01.35.21.014", "quadra_cartorio": "07", "lote_cartorio": "01", "matricula": "38708", "circunscricao": "1º CIRCUNSCRIÇÃO", "zoneamento": null, "condominio": null, "area_geom": 419.74, "cnm": "062661.2.0038708-64" }, "geometry": { "type": "Polygon", "coordinates": [ [ [ -54.671017, -22.181198 ], [ -54.670933, -22.181297 ], [ -54.670705, -22.181128 ], [ -54.67079, -22.18103 ], [ -54.671017, -22.181198 ] ] ] } },
{ "type": "Feature", "properties": { "id": 91925, "insc_imob": "05.01.35.21.028", "quadra_cartorio": "07", "lote_cartorio": "02", "matricula": "38709", "circunscricao": "1º CIRCUNSCRIÇÃO", "zoneamento": null, "condominio": null, "area_geom": 419.74, "cnm": "062661.2.0038709-61" }, "geometry": { "type": "Polygon", "coordinates": [ [ [ -54.670933, -22.181297 ], [ -54.670848, -22.181396 ], [ -54.670621, -22.181227 ], [ -54.670705, -22.181128 ], [ -54.670933, -22.181297 ] ] ] } },
{ "type": "Feature", "properties": { "id": 91926, "insc_imob": "05.01.35.21.040", "quadra_cartorio": "07", "lote_cartorio": "03", "matricula": "38710", "circunscricao": "1º CIRCUNSCRIÇÃO", "zoneamento": null, "condominio": null, "area_geom": 359.77, "cnm": "062661.2.0038710-58" }, "geometry": { "type": "Polygon", "coordinates": [ [ [ -54.670776, -22.181481 ], [ -54.670548, -22.181312 ], [ -54.670621, -22.181227 ], [ -54.670848, -22.181396 ], [ -54.670776, -22.181481 ] ] ] } },
{ "type": "Feature", "properties": { "id": 91927, "insc_imob": "05.01.35.21.064", "quadra_cartorio": "07", "lote_cartorio": "05", "matricula": "38712", "circunscricao": "1º CIRCUNSCRIÇÃO", "zoneamento": null, "condominio": null, "area_geom": 359.77, "cnm": "062661.2.0038712-52" }, "geometry": { "type": "Polygon", "coordinates": [ [ [ -54.670703, -22.181566 ], [ -54.670631, -22.18165 ], [ -54.670404, -22.181482 ], [ -54.670476, -22.181397 ], [ -54.670703, -22.181566 ] ] ] } },
{ "type": "Feature", "properties": { "id": 91928, "insc_imob": "05.01.35.21.052", "quadra_cartorio": "07", "lote_cartorio": "04", "matricula": "38711", "circunscricao": "1º CIRCUNSCRIÇÃO", "zoneamento": null, "condominio": null, "area_geom": 359.77, "cnm": "062661.2.0038711-55" }, "geometry": { "type": "Polygon", "coordinates": [ [ [ -54.670776, -22.181481 ], [ -54.670703, -22.181566 ], [ -54.670476, -22.181397 ], [ -54.670548, -22.181312 ], [ -54.670776, -22.181481 ] ] ] } },
{ "type": "Feature", "properties": { "id": 91929, "insc_imob": "05.01.35.21.076", "quadra_cartorio": "07", "lote_cartorio": "06", "matricula": "38713", "circunscricao": "1º CIRCUNSCRIÇÃO", "zoneamento": null, "condominio": null, "area_geom": 359.77, "cnm": "062661.2.0038713-49" }, "geometry": { "type": "Polygon", "coordinates": [ [ [ -54.670631, -22.18165 ], [ -54.670559, -22.181735 ], [ -54.670331, -22.181566 ], [ -54.670404, -22.181482 ], [ -54.670631, -22.18165 ] ] ] } },
{ "type": "Feature", "properties": { "id": 91930, "insc_imob": "05.01.35.21.088", "quadra_cartorio": "07", "lote_cartorio": "07", "matricula": "38714", "circunscricao": "1º CIRCUNSCRIÇÃO", "zoneamento": null, "condominio": null, "area_geom": 359.77, "cnm": "062661.2.0038714-46" }, "geometry": { "type": "Polygon", "coordinates": [ [ [ -54.670559, -22.181735 ], [ -54.670486, -22.18182 ], [ -54.670259, -22.181651 ], [ -54.670331, -22.181566 ], [ -54.670559, -22.181735 ] ] ] } },
{ "type": "Feature", "properties": { "id": 91939, "insc_imob": "05.01.35.21.100", "quadra_cartorio": "07", "lote_cartorio": "08", "matricula": "38715", "circunscricao": "1º CIRCUNSCRIÇÃO", "zoneamento": null, "condominio": null, "area_geom": 359.77, "cnm": "062661.2.0038715-43" }, "geometry": { "type": "Polygon", "coordinates": [ [ [ -54.670486, -22.18182 ], [ -54.670414, -22.181904 ], [ -54.670186, -22.181736 ], [ -54.670259, -22.181651 ], [ -54.670486, -22.18182 ] ] ] } },
{ "type": "Feature", "properties": { "id": 91940, "insc_imob": "05.01.35.21.126", "quadra_cartorio": "07", "lote_cartorio": "10", "matricula": "38717", "circunscricao": "1º CIRCUNSCRIÇÃO", "zoneamento": null, "condominio": null, "area_geom": 419.74, "cnm": "062661.2.0038717-37" }, "geometry": { "type": "Polygon", "coordinates": [ [ [ -54.670341, -22.181989 ], [ -54.670257, -22.182088 ], [ -54.670029, -22.181919 ], [ -54.670114, -22.18182 ], [ -54.670341, -22.181989 ] ] ] } },
{ "type": "Feature", "properties": { "id": 91941, "insc_imob": "05.01.35.24.247", "quadra_cartorio": "05", "lote_cartorio": "01", "matricula": "37562", "circunscricao": "1º CIRCUNSCRIÇÃO", "zoneamento": null, "condominio": null, "area_geom": 419.74, "cnm": "062661.2.0037562-10" }, "geometry": { "type": "Polygon", "coordinates": [ [ [ -54.669496, -22.180993 ], [ -54.669314, -22.181205 ], [ -54.669208, -22.181126 ], [ -54.669389, -22.180914 ], [ -54.669496, -22.180993 ] ] ] } },
{ "type": "Feature", "properties": { "id": 91942, "insc_imob": "05.01.35.24.075", "quadra_cartorio": "05", "lote_cartorio": "16", "matricula": "37560", "circunscricao": "1º CIRCUNSCRIÇÃO", "zoneamento": null, "condominio": null, "area_geom": 419.74, "cnm": "062661.2.0037560-16" }, "geometry": { "type": "Polygon", "coordinates": [ [ [ -54.669314, -22.181205 ], [ -54.669133, -22.181416 ], [ -54.669027, -22.181338 ], [ -54.669208, -22.181126 ], [ -54.669314, -22.181205 ] ] ] } },
{ "type": "Feature", "properties": { "id": 91944, "insc_imob": "05.01.35.24.075", "quadra_cartorio": "05", "lote_cartorio": "15", "matricula": "37561", "circunscricao": "1º CIRCUNSCRIÇÃO", "zoneamento": null, "condominio": null, "area_geom": 374.76, "cnm": "062661.2.0037561-13" }, "geometry": { "type": "Polygon", "coordinates": [ [ [ -54.669027, -22.181338 ], [ -54.668932, -22.181267 ], [ -54.669113, -22.181055 ], [ -54.669208, -22.181126 ], [ -54.669027, -22.181338 ] ] ] } },
{ "type": "Feature", "properties": { "id": 91945, "insc_imob": "05.01.35.24.272", "quadra_cartorio": "5", "lote_cartorio": "03", "matricula": "32970", "circunscricao": "1º CIRCUNSCRIÇÃO", "zoneamento": null, "condominio": null, "area_geom": 374.76, "cnm": "062661.2.0032970-12" }, "geometry": { "type": "Polygon", "coordinates": [ [ [ -54.669295, -22.180844 ], [ -54.669113, -22.181055 ], [ -54.669019, -22.180985 ], [ -54.6692, -22.180773 ], [ -54.669295, -22.180844 ] ] ] } },
{ "type": "Feature", "properties": { "id": 91946, "insc_imob": "05.01.35.24.075", "quadra_cartorio": "05", "lote_cartorio": "14", "matricula": "44116", "circunscricao": "1º CIRCUNSCRIÇÃO", "zoneamento": null, "condominio": null, "area_geom": 374.76, "cnm": "062661.2.0044116-39" }, "geometry": { "type": "Polygon", "coordinates": [ [ [ -54.668932, -22.181267 ], [ -54.668838, -22.181197 ], [ -54.669019, -22.180985 ], [ -54.669113, -22.181055 ], [ -54.668932, -22.181267 ] ] ] } },
{ "type": "Feature", "properties": { "id": 91947, "insc_imob": "05.01.35.24.284", "quadra_cartorio": "05", "lote_cartorio": "04", "matricula": "32969", "circunscricao": "1º CIRCUNSCRIÇÃO", "zoneamento": null, "condominio": null, "area_geom": 374.76, "cnm": "062661.2.0032969-15" }, "geometry": { "type": "Polygon", "coordinates": [ [ [ -54.6692, -22.180773 ], [ -54.669019, -22.180985 ], [ -54.668924, -22.180915 ], [ -54.669105, -22.180703 ], [ -54.6692, -22.180773 ] ] ] } },
{ "type": "Feature", "properties": { "id": 91948, "insc_imob": "05.01.35.24.075", "quadra_cartorio": "05", "lote_cartorio": "13", "matricula": "44115", "circunscricao": "1º CIRCUNSCRIÇÃO", "zoneamento": null, "condominio": null, "area_geom": 374.76, "cnm": "062661.2.0044115-42" }, "geometry": { "type": "Polygon", "coordinates": [ [ [ -54.668838, -22.181197 ], [ -54.668743, -22.181127 ], [ -54.668924, -22.180915 ], [ -54.669019, -22.180985 ], [ -54.668838, -22.181197 ] ] ] } },
{ "type": "Feature", "properties": { "id": 91950, "insc_imob": "05.01.35.24.075", "quadra_cartorio": "05", "lote_cartorio": "12", "matricula": "44114", "circunscricao": "1º CIRCUNSCRIÇÃO", "zoneamento": null, "condominio": null, "area_geom": 374.76, "cnm": "062661.2.0044114-45" }, "geometry": { "type": "Polygon", "coordinates": [ [ [ -54.668686, -22.181085 ], [ -54.668591, -22.181014 ], [ -54.668772, -22.180802 ], [ -54.668867, -22.180873 ], [ -54.668686, -22.181085 ] ] ] } },
{ "type": "Feature", "properties": { "id": 91952, "insc_imob": "05.01.35.24.075", "quadra_cartorio": "05", "lote_cartorio": "11", "matricula": "44113", "circunscricao": "1º CIRCUNSCRIÇÃO", "zoneamento": null, "condominio": null, "area_geom": 374.76, "cnm": "062661.2.0044113-48" }, "geometry": { "type": "Polygon", "coordinates": [ [ [ -54.668591, -22.181014 ], [ -54.668496, -22.180944 ], [ -54.668677, -22.180732 ], [ -54.668772, -22.180802 ], [ -54.668591, -22.181014 ] ] ] } },
{ "type": "Feature", "properties": { "id": 91953, "insc_imob": "05.01.35.24.329", "quadra_cartorio": "05", "lote_cartorio": "07", "matricula": "33234", "circunscricao": "1º CIRCUNSCRIÇÃO", "zoneamento": null, "condominio": null, "area_geom": 374.76, "cnm": "062661.2.0033234-93" }, "geometry": { "type": "Polygon", "coordinates": [ [ [ -54.668859, -22.18052 ], [ -54.668677, -22.180732 ], [ -54.668583, -22.180662 ], [ -54.668764, -22.18045 ], [ -54.668859, -22.18052 ] ] ] } },
{ "type": "Feature", "properties": { "id": 91954, "insc_imob": "05.01.35.24.075", "quadra_cartorio": "05", "lote_cartorio": "10", "matricula": "44112", "circunscricao": "1º CIRCUNSCRIÇÃO", "zoneamento": null, "condominio": null, "area_geom": 374.76, "cnm": "062661.2.0044112-51" }, "geometry": { "type": "Polygon", "coordinates": [ [ [ -54.668496, -22.180944 ], [ -54.668402, -22.180874 ], [ -54.668583, -22.180662 ], [ -54.668677, -22.180732 ], [ -54.668496, -22.180944 ] ] ] } },
{ "type": "Feature", "properties": { "id": 91976, "insc_imob": "05.01.35.26.030", "quadra_cartorio": null, "lote_cartorio": "03", "matricula": "40173", "circunscricao": "1º CIRCUNSCRIÇÃO", "zoneamento": null, "condominio": null, "area_geom": 359.77, "cnm": "062661.2.0040173-34" }, "geometry": { "type": "Polygon", "coordinates": [ [ [ -54.669894, -22.182512 ], [ -54.669822, -22.182597 ], [ -54.669594, -22.182428 ], [ -54.669667, -22.182343 ], [ -54.669894, -22.182512 ] ] ] } },
{ "type": "Feature", "properties": { "id": 91977, "insc_imob": "05.01.35.26.020", "quadra_cartorio": null, "lote_cartorio": "02", "matricula": "40172", "circunscricao": "1º CIRCUNSCRIÇÃO", "zoneamento": null, "condominio": null, "area_geom": 359.77, "cnm": "062661.2.0040172-37" }, "geometry": { "type": "Polygon", "coordinates": [ [ [ -54.669894, -22.182512 ], [ -54.669667, -22.182343 ], [ -54.669739, -22.182258 ], [ -54.669967, -22.182427 ], [ -54.669894, -22.182512 ] ] ] } },
{ "type": "Feature", "properties": { "id": 91978, "insc_imob": "05.01.35.26.040", "quadra_cartorio": null, "lote_cartorio": "04", "matricula": "34016", "circunscricao": "1º CIRCUNSCRIÇÃO", "zoneamento": null, "condominio": null, "area_geom": 359.77, "cnm": "062661.2.0034016-75" }, "geometry": { "type": "Polygon", "coordinates": [ [ [ -54.669822, -22.182597 ], [ -54.669749, -22.182681 ], [ -54.669522, -22.182513 ], [ -54.669594, -22.182428 ], [ -54.669822, -22.182597 ] ] ] } },
{ "type": "Feature", "properties": { "id": 91979, "insc_imob": "05.01.35.26.050", "quadra_cartorio": null, "lote_cartorio": "05", "matricula": "34015", "circunscricao": "1º CIRCUNSCRIÇÃO", "zoneamento": null, "condominio": null, "area_geom": 359.77, "cnm": "062661.2.0034015-78" }, "geometry": { "type": "Polygon", "coordinates": [ [ [ -54.669749, -22.182681 ], [ -54.669677, -22.182766 ], [ -54.669449, -22.182597 ], [ -54.669522, -22.182513 ], [ -54.669749, -22.182681 ] ] ] } },
{ "type": "Feature", "properties": { "id": 91981, "insc_imob": "05.01.35.26.070", "quadra_cartorio": null, "lote_cartorio": "07", "matricula": "33231", "circunscricao": "1º CIRCUNSCRIÇÃO", "zoneamento": null, "condominio": null, "area_geom": 359.77, "cnm": "062661.2.0033231-05" }, "geometry": { "type": "Polygon", "coordinates": [ [ [ -54.669604, -22.182851 ], [ -54.669532, -22.182935 ], [ -54.669304, -22.182767 ], [ -54.669377, -22.182682 ], [ -54.669604, -22.182851 ] ] ] } },
{ "type": "Feature", "properties": { "id": 91996, "insc_imob": "05.01.35.26.080", "quadra_cartorio": null, "lote_cartorio": "08", "matricula": "40174", "circunscricao": "1º CIRCUNSCRIÇÃO", "zoneamento": null, "condominio": null, "area_geom": 359.77, "cnm": "062661.2.0040174-31" }, "geometry": { "type": "Polygon", "coordinates": [ [ [ -54.669532, -22.182935 ], [ -54.669459, -22.18302 ], [ -54.669232, -22.182851 ], [ -54.669304, -22.182767 ], [ -54.669532, -22.182935 ] ] ] } },
{ "type": "Feature", "properties": { "id": 91998, "insc_imob": "05.01.35.26.100", "quadra_cartorio": null, "lote_cartorio": "10", "matricula": "38741", "circunscricao": "1º CIRCUNSCRIÇÃO", "zoneamento": null, "condominio": null, "area_geom": 359.77, "cnm": "062661.2.0038741-62" }, "geometry": { "type": "Polygon", "coordinates": [ [ [ -54.669387, -22.183105 ], [ -54.669314, -22.18319 ], [ -54.669087, -22.183021 ], [ -54.669159, -22.182936 ], [ -54.669387, -22.183105 ] ] ] } },
{ "type": "Feature", "properties": { "id": 92013, "insc_imob": "05.01.35.26.110", "quadra_cartorio": "12", "lote_cartorio": "11", "matricula": "38742", "circunscricao": "1º CIRCUNSCRIÇÃO", "zoneamento": null, "condominio": null, "area_geom": 359.77, "cnm": "062661.2.0038742-59" }, "geometry": { "type": "Polygon", "coordinates": [ [ [ -54.669314, -22.18319 ], [ -54.669242, -22.183274 ], [ -54.669014, -22.183106 ], [ -54.669087, -22.183021 ], [ -54.669314, -22.18319 ] ] ] } },
{ "type": "Feature", "properties": { "id": 92015, "insc_imob": "05.01.35.28.180", "quadra_cartorio": null, "lote_cartorio": "18", "matricula": "33229", "circunscricao": "1º CIRCUNSCRIÇÃO", "zoneamento": null, "condominio": null, "area_geom": 419.74, "cnm": "062661.2.0033229-11" }, "geometry": { "type": "Polygon", "coordinates": [ [ [ -54.668959, -22.18288 ], [ -54.668778, -22.183092 ], [ -54.668672, -22.183013 ], [ -54.668853, -22.182801 ], [ -54.668959, -22.18288 ] ] ] } },
{ "type": "Feature", "properties": { "id": 92016, "insc_imob": "05.01.35.28.020", "quadra_cartorio": null, "lote_cartorio": "02", "matricula": "33630", "circunscricao": "1º CIRCUNSCRIÇÃO", "zoneamento": null, "condominio": null, "area_geom": 359.77, "cnm": "062661.2.0033630-69" }, "geometry": { "type": "Polygon", "coordinates": [ [ [ -54.669034, -22.18259 ], [ -54.668853, -22.182801 ], [ -54.668762, -22.182734 ], [ -54.668943, -22.182522 ], [ -54.669034, -22.18259 ] ] ] } },
{ "type": "Feature", "properties": { "id": 92017, "insc_imob": "05.01.35.28.170", "quadra_cartorio": null, "lote_cartorio": "17", "matricula": "32264", "circunscricao": "1º CIRCUNSCRIÇÃO", "zoneamento": null, "condominio": null, "area_geom": 359.77, "cnm": "062661.2.0032264-93" }, "geometry": { "type": "Polygon", "coordinates": [ [ [ -54.668672, -22.183013 ], [ -54.668581, -22.182946 ], [ -54.668762, -22.182734 ], [ -54.668853, -22.182801 ], [ -54.668672, -22.183013 ] ] ] } },
{ "type": "Feature", "properties": { "id": 92018, "insc_imob": "05.01.35.28.030", "quadra_cartorio": null, "lote_cartorio": "03", "matricula": "33629", "circunscricao": "1º CIRCUNSCRIÇÃO", "zoneamento": null, "condominio": null, "area_geom": 359.77, "cnm": "062661.2.0033629-72" }, "geometry": { "type": "Polygon", "coordinates": [ [ [ -54.668943, -22.182522 ], [ -54.668762, -22.182734 ], [ -54.668671, -22.182667 ], [ -54.668853, -22.182455 ], [ -54.668943, -22.182522 ] ] ] } },
{ "type": "Feature", "properties": { "id": 92019, "insc_imob": "05.01.35.28.160", "quadra_cartorio": null, "lote_cartorio": "16", "matricula": "32263", "circunscricao": "1º CIRCUNSCRIÇÃO", "zoneamento": null, "condominio": null, "area_geom": 359.77, "cnm": "062661.2.0032263-96" }, "geometry": { "type": "Polygon", "coordinates": [ [ [ -54.668581, -22.182946 ], [ -54.66849, -22.182878 ], [ -54.668671, -22.182667 ], [ -54.668762, -22.182734 ], [ -54.668581, -22.182946 ] ] ] } },
{ "type": "Feature", "properties": { "id": 92020, "insc_imob": "05.01.35.28.040", "quadra_cartorio": null, "lote_cartorio": "04", "matricula": "38732", "circunscricao": "1º CIRCUNSCRIÇÃO", "zoneamento": null, "condominio": null, "area_geom": 359.77, "cnm": "062661.2.0038732-89" }, "geometry": { "type": "Polygon", "coordinates": [ [ [ -54.668853, -22.182455 ], [ -54.668671, -22.182667 ], [ -54.66858, -22.182599 ], [ -54.668762, -22.182387 ], [ -54.668853, -22.182455 ] ] ] } },
{ "type": "Feature", "properties": { "id": 92021, "insc_imob": "05.01.35.28.150", "quadra_cartorio": null, "lote_cartorio": "15", "matricula": "32265", "circunscricao": "1º CIRCUNSCRIÇÃO", "zoneamento": null, "condominio": null, "area_geom": 359.77, "cnm": "062661.2.0032265-90" }, "geometry": { "type": "Polygon", "coordinates": [ [ [ -54.66849, -22.182878 ], [ -54.668399, -22.182811 ], [ -54.66858, -22.182599 ], [ -54.668671, -22.182667 ], [ -54.66849, -22.182878 ] ] ] } },
{ "type": "Feature", "properties": { "id": 92022, "insc_imob": "05.01.35.28.050", "quadra_cartorio": null, "lote_cartorio": "05", "matricula": "38733", "circunscricao": "1º CIRCUNSCRIÇÃO", "zoneamento": null, "condominio": null, "area_geom": 359.77, "cnm": "062661.2.0038733-86" }, "geometry": { "type": "Polygon", "coordinates": [ [ [ -54.668762, -22.182387 ], [ -54.66858, -22.182599 ], [ -54.668489, -22.182532 ], [ -54.668671, -22.18232 ], [ -54.668762, -22.182387 ] ] ] } },
{ "type": "Feature", "properties": { "id": 92023, "insc_imob": "05.01.35.28.140", "quadra_cartorio": null, "lote_cartorio": "14", "matricula": "32266", "circunscricao": "1º CIRCUNSCRIÇÃO", "zoneamento": null, "condominio": null, "area_geom": 359.77, "cnm": "062661.2.0032266-87" }, "geometry": { "type": "Polygon", "coordinates": [ [ [ -54.668399, -22.182811 ], [ -54.668308, -22.182743 ], [ -54.668489, -22.182532 ], [ -54.66858, -22.182599 ], [ -54.668399, -22.182811 ] ] ] } },
{ "type": "Feature", "properties": { "id": 92024, "insc_imob": "05.01.35.28.060", "quadra_cartorio": null, "lote_cartorio": "06", "matricula": "38734", "circunscricao": "1º CIRCUNSCRIÇÃO", "zoneamento": null, "condominio": null, "area_geom": 359.77, "cnm": "062661.2.0038734-83" }, "geometry": { "type": "Polygon", "coordinates": [ [ [ -54.668629, -22.182289 ], [ -54.668448, -22.182501 ], [ -54.668357, -22.182433 ], [ -54.668538, -22.182221 ], [ -54.668629, -22.182289 ] ] ] } },
{ "type": "Feature", "properties": { "id": 92025, "insc_imob": "05.01.35.28.130", "quadra_cartorio": null, "lote_cartorio": "13", "matricula": "38740", "circunscricao": "1º CIRCUNSCRIÇÃO", "zoneamento": null, "condominio": null, "area_geom": 359.77, "cnm": "062661.2.0038740-65" }, "geometry": { "type": "Polygon", "coordinates": [ [ [ -54.668266, -22.182712 ], [ -54.668175, -22.182645 ], [ -54.668357, -22.182433 ], [ -54.668448, -22.182501 ], [ -54.668266, -22.182712 ] ] ] } },
{ "type": "Feature", "properties": { "id": 92026, "insc_imob": "05.01.35.28.070", "quadra_cartorio": null, "lote_cartorio": "07", "matricula": "38735", "circunscricao": "1º CIRCUNSCRIÇÃO", "zoneamento": null, "condominio": null, "area_geom": 359.77, "cnm": "062661.2.0038735-80" }, "geometry": { "type": "Polygon", "coordinates": [ [ [ -54.668538, -22.182221 ], [ -54.668357, -22.182433 ], [ -54.668266, -22.182366 ], [ -54.668447, -22.182154 ], [ -54.668538, -22.182221 ] ] ] } },
{ "type": "Feature", "properties": { "id": 92027, "insc_imob": "05.01.35.28.120", "quadra_cartorio": null, "lote_cartorio": "12", "matricula": "38739", "circunscricao": "1º CIRCUNSCRIÇÃO", "zoneamento": null, "condominio": null, "area_geom": 359.77, "cnm": "062661.2.0038739-68" }, "geometry": { "type": "Polygon", "coordinates": [ [ [ -54.668175, -22.182645 ], [ -54.668084, -22.182577 ], [ -54.668266, -22.182366 ], [ -54.668357, -22.182433 ], [ -54.668175, -22.182645 ] ] ] } },
{ "type": "Feature", "properties": { "id": 92028, "insc_imob": "05.01.35.28.080", "quadra_cartorio": null, "lote_cartorio": "08", "matricula": "40284", "circunscricao": "1º CIRCUNSCRIÇÃO", "zoneamento": null, "condominio": null, "area_geom": 359.77, "cnm": "062661.2.0040284-89" }, "geometry": { "type": "Polygon", "coordinates": [ [ [ -54.668447, -22.182154 ], [ -54.668266, -22.182366 ], [ -54.668175, -22.182298 ], [ -54.668356, -22.182086 ], [ -54.668447, -22.182154 ] ] ] } },
{ "type": "Feature", "properties": { "id": 92029, "insc_imob": "05.01.35.28.110", "quadra_cartorio": null, "lote_cartorio": "11", "matricula": "38738", "circunscricao": "1º CIRCUNSCRIÇÃO", "zoneamento": null, "condominio": null, "area_geom": 359.77, "cnm": "062661.2.0038738-71" }, "geometry": { "type": "Polygon", "coordinates": [ [ [ -54.668084, -22.182577 ], [ -54.667994, -22.18251 ], [ -54.668175, -22.182298 ], [ -54.668266, -22.182366 ], [ -54.668084, -22.182577 ] ] ] } },
{ "type": "Feature", "properties": { "id": 92030, "insc_imob": "05.01.35.28.090", "quadra_cartorio": null, "lote_cartorio": "09", "matricula": "38736", "circunscricao": "1º CIRCUNSCRIÇÃO", "zoneamento": null, "condominio": null, "area_geom": 419.74, "cnm": "062661.2.0038736-77" }, "geometry": { "type": "Polygon", "coordinates": [ [ [ -54.668356, -22.182086 ], [ -54.668175, -22.182298 ], [ -54.668069, -22.182219 ], [ -54.66825, -22.182007 ], [ -54.668356, -22.182086 ] ] ] } },
{ "type": "Feature", "properties": { "id": 92031, "insc_imob": "05.01.35.28.100", "quadra_cartorio": null, "lote_cartorio": "10", "matricula": "38737", "circunscricao": "1º CIRCUNSCRIÇÃO", "zoneamento": null, "condominio": null, "area_geom": 419.74, "cnm": "062661.2.0038737-74" }, "geometry": { "type": "Polygon", "coordinates": [ [ [ -54.667994, -22.18251 ], [ -54.667887, -22.182431 ], [ -54.668069, -22.182219 ], [ -54.668175, -22.182298 ], [ -54.667994, -22.18251 ] ] ] } },
{ "type": "Feature", "properties": { "id": 92032, "insc_imob": "05.01.35.34.248", "quadra_cartorio": "9", "lote_cartorio": "15", "matricula": "38727", "circunscricao": "1º CIRCUNSCRIÇÃO", "zoneamento": null, "condominio": null, "area_geom": 359.77, "cnm": "062661.2.0038727-07" }, "geometry": { "type": "Polygon", "coordinates": [ [ [ -54.667893, -22.182135 ], [ -54.667665, -22.181966 ], [ -54.667738, -22.181882 ], [ -54.667965, -22.18205 ], [ -54.667893, -22.182135 ] ] ] } },
{ "type": "Feature", "properties": { "id": 92033, "insc_imob": "05.01.35.34.260", "quadra_cartorio": "9", "lote_cartorio": "16", "matricula": "38728", "circunscricao": "1º CIRCUNSCRIÇÃO", "zoneamento": null, "condominio": null, "area_geom": 359.77, "cnm": "062661.2.0038728-04" }, "geometry": { "type": "Polygon", "coordinates": [ [ [ -54.667965, -22.18205 ], [ -54.667738, -22.181882 ], [ -54.66781, -22.181797 ], [ -54.668038, -22.181966 ], [ -54.667965, -22.18205 ] ] ] } },
{ "type": "Feature", "properties": { "id": 92034, "insc_imob": "05.01.35.34.272", "quadra_cartorio": "9", "lote_cartorio": "17", "matricula": "38729", "circunscricao": "1º CIRCUNSCRIÇÃO", "zoneamento": null, "condominio": null, "area_geom": 359.77, "cnm": "062661.2.0038729-98" }, "geometry": { "type": "Polygon", "coordinates": [ [ [ -54.668038, -22.181966 ], [ -54.66781, -22.181797 ], [ -54.667883, -22.181712 ], [ -54.66811, -22.181881 ], [ -54.668038, -22.181966 ] ] ] } },
{ "type": "Feature", "properties": { "id": 92035, "insc_imob": "05.01.35.34.284", "quadra_cartorio": "9", "lote_cartorio": "18", "matricula": "38730", "circunscricao": "1º CIRCUNSCRIÇÃO", "zoneamento": null, "condominio": null, "area_geom": 359.77, "cnm": "062661.2.0038730-95" }, "geometry": { "type": "Polygon", "coordinates": [ [ [ -54.66811, -22.181881 ], [ -54.667883, -22.181712 ], [ -54.667955, -22.181627 ], [ -54.668183, -22.181796 ], [ -54.66811, -22.181881 ] ] ] } },
{ "type": "Feature", "properties": { "id": 92036, "insc_imob": "05.01.35.34.296", "quadra_cartorio": "9", "lote_cartorio": "19", "matricula": "38731", "circunscricao": "1º CIRCUNSCRIÇÃO", "zoneamento": null, "condominio": null, "area_geom": 359.77, "cnm": "062661.2.0038731-92" }, "geometry": { "type": "Polygon", "coordinates": [ [ [ -54.668183, -22.181796 ], [ -54.667955, -22.181627 ], [ -54.668028, -22.181543 ], [ -54.668255, -22.181711 ], [ -54.668183, -22.181796 ] ] ] } },
{ "type": "Feature", "properties": { "id": 92037, "insc_imob": "05.01.35.34.308", "quadra_cartorio": "9", "lote_cartorio": "20", "matricula": "37559", "circunscricao": "1º CIRCUNSCRIÇÃO", "zoneamento": null, "condominio": null, "area_geom": 359.77, "cnm": "062661.2.0037559-19" }, "geometry": { "type": "Polygon", "coordinates": [ [ [ -54.668255, -22.181711 ], [ -54.668028, -22.181543 ], [ -54.6681, -22.181458 ], [ -54.668328, -22.181627 ], [ -54.668255, -22.181711 ] ] ] } },
{ "type": "Feature", "properties": { "id": 92038, "insc_imob": "05.01.35.34.320", "quadra_cartorio": "9", "lote_cartorio": "21", "matricula": "37558", "circunscricao": "1º CIRCUNSCRIÇÃO", "zoneamento": null, "condominio": null, "area_geom": 359.77, "cnm": "062661.2.0037558-22" }, "geometry": { "type": "Polygon", "coordinates": [ [ [ -54.668328, -22.181627 ], [ -54.6681, -22.181458 ], [ -54.668173, -22.181373 ], [ -54.6684, -22.181542 ], [ -54.668328, -22.181627 ] ] ] } },
{ "type": "Feature", "properties": { "id": 92039, "insc_imob": "05.01.35.34.332", "quadra_cartorio": "9", "lote_cartorio": "22", "matricula": "2121", "circunscricao": "1º CIRCUNSCRIÇÃO", "zoneamento": null, "condominio": null, "area_geom": 359.77, "cnm": "062661.2.0002121-21" }, "geometry": { "type": "Polygon", "coordinates": [ [ [ -54.6684, -22.181542 ], [ -54.668173, -22.181373 ], [ -54.668245, -22.181288 ], [ -54.668473, -22.181457 ], [ -54.6684, -22.181542 ] ] ] } },
{ "type": "Feature", "properties": { "id": 92040, "insc_imob": "05.01.35.34.344", "quadra_cartorio": "9", "lote_cartorio": "23", "matricula": "37563", "circunscricao": "1º CIRCUNSCRIÇÃO", "zoneamento": null, "condominio": null, "area_geom": 359.77, "cnm": "062661.2.0037563-07" }, "geometry": { "type": "Polygon", "coordinates": [ [ [ -54.668473, -22.181457 ], [ -54.668245, -22.181288 ], [ -54.668318, -22.181204 ], [ -54.668545, -22.181372 ], [ -54.668473, -22.181457 ] ] ] } },
{ "type": "Feature", "properties": { "id": 92041, "insc_imob": "05.01.35.34.388", "quadra_cartorio": "9", "lote_cartorio": "24", "matricula": "2121", "circunscricao": "1º CIRCUNSCRIÇÃO", "zoneamento": null, "condominio": null, "area_geom": 419.74, "cnm": "062661.2.0002121-21" }, "geometry": { "type": "Polygon", "coordinates": [ [ [ -54.668545, -22.181372 ], [ -54.668318, -22.181204 ], [ -54.668402, -22.181105 ], [ -54.66863, -22.181274 ], [ -54.668545, -22.181372 ] ] ] } },
{ "type": "Feature", "properties": { "id": 92042, "insc_imob": "05.01.35.34.015", "quadra_cartorio": "09", "lote_cartorio": "01", "matricula": "38719", "circunscricao": "1º CIRCUNSCRIÇÃO", "zoneamento": null, "condominio": null, "area_geom": 419.74, "cnm": "062661.2.0038719-31" }, "geometry": { "type": "Polygon", "coordinates": [ [ [ -54.668402, -22.181105 ], [ -54.668318, -22.181204 ], [ -54.66809, -22.181035 ], [ -54.668175, -22.180936 ], [ -54.668402, -22.181105 ] ] ] } },
{ "type": "Feature", "properties": { "id": 92043, "insc_imob": "05.01.35.34.027", "quadra_cartorio": "09", "lote_cartorio": "02", "matricula": "38720", "circunscricao": "1º CIRCUNSCRIÇÃO", "zoneamento": null, "condominio": null, "area_geom": 359.77, "cnm": "062661.2.0038720-28" }, "geometry": { "type": "Polygon", "coordinates": [ [ [ -54.668318, -22.181204 ], [ -54.668245, -22.181288 ], [ -54.668018, -22.18112 ], [ -54.66809, -22.181035 ], [ -54.668318, -22.181204 ] ] ] } },
{ "type": "Feature", "properties": { "id": 92044, "insc_imob": "05.01.35.34.039", "quadra_cartorio": "09", "lote_cartorio": "03", "matricula": "38721", "circunscricao": "1º CIRCUNSCRIÇÃO", "zoneamento": null, "condominio": null, "area_geom": 359.77, "cnm": "062661.2.0038721-25" }, "geometry": { "type": "Polygon", "coordinates": [ [ [ -54.668245, -22.181288 ], [ -54.668173, -22.181373 ], [ -54.667945, -22.181204 ], [ -54.668018, -22.18112 ], [ -54.668245, -22.181288 ] ] ] } },
{ "type": "Feature", "properties": { "id": 92045, "insc_imob": "05.01.35.34.063", "quadra_cartorio": "9", "lote_cartorio": "05", "matricula": "33230", "circunscricao": "1º CIRCUNSCRIÇÃO", "zoneamento": null, "condominio": null, "area_geom": 359.77, "cnm": "062661.2.0033230-08" }, "geometry": { "type": "Polygon", "coordinates": [ [ [ -54.6681, -22.181458 ], [ -54.668028, -22.181543 ], [ -54.6678, -22.181374 ], [ -54.667873, -22.181289 ], [ -54.6681, -22.181458 ] ] ] } },
{ "type": "Feature", "properties": { "id": 92052, "insc_imob": "05.01.35.34.075", "quadra_cartorio": "9", "lote_cartorio": "06", "matricula": "2121", "circunscricao": "1º CIRCUNSCRIÇÃO", "zoneamento": null, "condominio": null, "area_geom": 359.77, "cnm": "062661.2.0002121-21" }, "geometry": { "type": "Polygon", "coordinates": [ [ [ -54.668028, -22.181543 ], [ -54.667955, -22.181627 ], [ -54.667728, -22.181459 ], [ -54.6678, -22.181374 ], [ -54.668028, -22.181543 ] ] ] } },
{ "type": "Feature", "properties": { "id": 92053, "insc_imob": "05.01.35.34.087", "quadra_cartorio": "09", "lote_cartorio": "07", "matricula": "38722", "circunscricao": "1º CIRCUNSCRIÇÃO", "zoneamento": null, "condominio": null, "area_geom": 359.77, "cnm": "062661.2.0038722-22" }, "geometry": { "type": "Polygon", "coordinates": [ [ [ -54.667955, -22.181627 ], [ -54.667883, -22.181712 ], [ -54.667655, -22.181543 ], [ -54.667728, -22.181459 ], [ -54.667955, -22.181627 ] ] ] } },
{ "type": "Feature", "properties": { "id": 92054, "insc_imob": "05.01.35.34.099", "quadra_cartorio": "9", "lote_cartorio": "08", "matricula": "2121", "circunscricao": "1º CIRCUNSCRIÇÃO", "zoneamento": null, "condominio": null, "area_geom": 359.77, "cnm": "062661.2.0002121-21" }, "geometry": { "type": "Polygon", "coordinates": [ [ [ -54.667883, -22.181712 ], [ -54.66781, -22.181797 ], [ -54.667583, -22.181628 ], [ -54.667655, -22.181543 ], [ -54.667883, -22.181712 ] ] ] } },
{ "type": "Feature", "properties": { "id": 92055, "insc_imob": "05.01.35.34.111", "quadra_cartorio": "09", "lote_cartorio": "09", "matricula": "38723", "circunscricao": "1º CIRCUNSCRIÇÃO", "zoneamento": null, "condominio": null, "area_geom": 359.77, "cnm": "062661.2.0038723-19" }, "geometry": { "type": "Polygon", "coordinates": [ [ [ -54.66781, -22.181797 ], [ -54.667738, -22.181882 ], [ -54.66751, -22.181713 ], [ -54.667583, -22.181628 ], [ -54.66781, -22.181797 ] ] ] } },
{ "type": "Feature", "properties": { "id": 92056, "insc_imob": "05.01.35.34.123", "quadra_cartorio": "9", "lote_cartorio": "10", "matricula": "38724", "circunscricao": "1º CIRCUNSCRIÇÃO", "zoneamento": null, "condominio": null, "area_geom": 359.77, "cnm": "062661.2.0038724-16" }, "geometry": { "type": "Polygon", "coordinates": [ [ [ -54.667738, -22.181882 ], [ -54.667665, -22.181966 ], [ -54.667438, -22.181798 ], [ -54.66751, -22.181713 ], [ -54.667738, -22.181882 ] ] ] } },
{ "type": "Feature", "properties": { "id": 92057, "insc_imob": "05.01.35.35.122", "quadra_cartorio": "8", "lote_cartorio": "10", "matricula": "2121", "circunscricao": "1º CIRCUNSCRIÇÃO", "zoneamento": null, "condominio": null, "area_geom": 377.58, "cnm": "062661.2.0002121-21" }, "geometry": { "type": "Polygon", "coordinates": [ [ [ -54.667359, -22.1816 ], [ -54.667286, -22.181685 ], [ -54.667048, -22.181508 ], [ -54.66712, -22.181423 ], [ -54.667359, -22.1816 ] ] ] } },
{ "type": "Feature", "properties": { "id": 92059, "insc_imob": "05.01.35.35.098", "quadra_cartorio": "8", "lote_cartorio": "08", "matricula": "40276", "circunscricao": "1º CIRCUNSCRIÇÃO", "zoneamento": null, "condominio": null, "area_geom": 378.3, "cnm": "062661.2.0040276-16" }, "geometry": { "type": "Polygon", "coordinates": [ [ [ -54.667504, -22.181431 ], [ -54.667431, -22.181516 ], [ -54.667192, -22.181338 ], [ -54.667264, -22.181253 ], [ -54.667504, -22.181431 ] ] ] } },
{ "type": "Feature", "properties": { "id": 92060, "insc_imob": "05.01.35.35.086", "quadra_cartorio": "8", "lote_cartorio": "07", "matricula": "32968", "circunscricao": "1º CIRCUNSCRIÇÃO", "zoneamento": null, "condominio": null, "area_geom": 378.66, "cnm": "062661.2.0032968-18" }, "geometry": { "type": "Polygon", "coordinates": [ [ [ -54.667576, -22.181346 ], [ -54.667504, -22.181431 ], [ -54.667264, -22.181253 ], [ -54.667337, -22.181168 ], [ -54.667576, -22.181346 ] ] ] } },
{ "type": "Feature", "properties": { "id": 92061, "insc_imob": "05.01.35.35.074", "quadra_cartorio": "8", "lote_cartorio": "06", "matricula": "32236", "circunscricao": "1º CIRCUNSCRIÇÃO", "zoneamento": null, "condominio": null, "area_geom": 379.02, "cnm": "062661.2.0032236-80" }, "geometry": { "type": "Polygon", "coordinates": [ [ [ -54.667649, -22.181261 ], [ -54.667576, -22.181346 ], [ -54.667337, -22.181168 ], [ -54.667409, -22.181084 ], [ -54.667649, -22.181261 ] ] ] } },
{ "type": "Feature", "properties": { "id": 93990, "insc_imob": "05.01.35.02.451", "quadra_cartorio": "01", "lote_cartorio": "04", "matricula": "38679", "circunscricao": "1º CIRCUNSCRIÇÃO", "zoneamento": null, "condominio": null, "area_geom": 1406.1, "cnm": "062661.2.0038679-54" }, "geometry": { "type": "Polygon", "coordinates": [ [ [ -54.670426, -22.178858 ], [ -54.670257, -22.178733 ], [ -54.670638, -22.178288 ], [ -54.670809, -22.17841 ], [ -54.670426, -22.178858 ] ] ] } },
{ "type": "Feature", "properties": { "id": 94028, "insc_imob": "05.01.35.35.062", "quadra_cartorio": "8", "lote_cartorio": "05", "matricula": "53739", "circunscricao": "1º CIRCUNSCRIÇÃO", "zoneamento": null, "condominio": null, "area_geom": 379.38, "cnm": "062661.2.0053739-76" }, "geometry": { "type": "Polygon", "coordinates": [ [ [ -54.667721, -22.181177 ], [ -54.667649, -22.181261 ], [ -54.667409, -22.181084 ], [ -54.667481, -22.180999 ], [ -54.667721, -22.181177 ] ] ] } },
{ "type": "Feature", "properties": { "id": 94029, "insc_imob": "05.01.35.35.050", "quadra_cartorio": "8", "lote_cartorio": "04", "matricula": "53739", "circunscricao": "1º CIRCUNSCRIÇÃO", "zoneamento": null, "condominio": null, "area_geom": 379.74, "cnm": "062661.2.0053739-76" }, "geometry": { "type": "Polygon", "coordinates": [ [ [ -54.667793, -22.181092 ], [ -54.667721, -22.181177 ], [ -54.667481, -22.180999 ], [ -54.667553, -22.180914 ], [ -54.667793, -22.181092 ] ] ] } },
{ "type": "Feature", "properties": { "id": 94030, "insc_imob": "05.01.35.35.038", "quadra_cartorio": "8", "lote_cartorio": "03", "matricula": "53738", "circunscricao": "1º CIRCUNSCRIÇÃO", "zoneamento": null, "condominio": null, "area_geom": 380.1, "cnm": "062661.2.0053738-79" }, "geometry": { "type": "Polygon", "coordinates": [ [ [ -54.667866, -22.181007 ], [ -54.667793, -22.181092 ], [ -54.667553, -22.180914 ], [ -54.667626, -22.180829 ], [ -54.667866, -22.181007 ] ] ] } },
{ "type": "Feature", "properties": { "id": 94031, "insc_imob": "05.01.35.35.026", "quadra_cartorio": "8", "lote_cartorio": "02", "matricula": "53737", "circunscricao": "1º CIRCUNSCRIÇÃO", "zoneamento": null, "condominio": null, "area_geom": 380.46, "cnm": "062661.2.0053737-82" }, "geometry": { "type": "Polygon", "coordinates": [ [ [ -54.667938, -22.180922 ], [ -54.667866, -22.181007 ], [ -54.667626, -22.180829 ], [ -54.667698, -22.180744 ], [ -54.667938, -22.180922 ] ] ] } },
{ "type": "Feature", "properties": { "id": 94034, "insc_imob": "05.01.35.31.010", "quadra_cartorio": null, "lote_cartorio": "01", "matricula": "38796", "circunscricao": "1º CIRCUNSCRIÇÃO", "zoneamento": null, "condominio": null, "area_geom": 419.74, "cnm": "062661.2.0038796-91" }, "geometry": { "type": "Polygon", "coordinates": [ [ [ -54.669037, -22.183515 ], [ -54.668952, -22.183613 ], [ -54.668725, -22.183445 ], [ -54.668809, -22.183346 ], [ -54.669037, -22.183515 ] ] ] } },
{ "type": "Feature", "properties": { "id": 94035, "insc_imob": "05.01.35.31.020", "quadra_cartorio": null, "lote_cartorio": "02", "matricula": "38797", "circunscricao": "1º CIRCUNSCRIÇÃO", "zoneamento": null, "condominio": null, "area_geom": 419.74, "cnm": "062661.2.0038797-88" }, "geometry": { "type": "Polygon", "coordinates": [ [ [ -54.668867, -22.183712 ], [ -54.66864, -22.183544 ], [ -54.668725, -22.183445 ], [ -54.668952, -22.183613 ], [ -54.668867, -22.183712 ] ] ] } },
{ "type": "Feature", "properties": { "id": 94036, "insc_imob": "05.01.35.31.030", "quadra_cartorio": null, "lote_cartorio": "03", "matricula": "38798", "circunscricao": "1º CIRCUNSCRIÇÃO", "zoneamento": null, "condominio": null, "area_geom": 359.77, "cnm": "062661.2.0038798-85" }, "geometry": { "type": "Polygon", "coordinates": [ [ [ -54.668867, -22.183712 ], [ -54.668795, -22.183797 ], [ -54.668568, -22.183628 ], [ -54.66864, -22.183544 ], [ -54.668867, -22.183712 ] ] ] } },
{ "type": "Feature", "properties": { "id": 94037, "insc_imob": "05.01.35.31.040", "quadra_cartorio": null, "lote_cartorio": "04", "matricula": "38799", "circunscricao": "1º CIRCUNSCRIÇÃO", "zoneamento": null, "condominio": null, "area_geom": 359.77, "cnm": "062661.2.0038799-82" }, "geometry": { "type": "Polygon", "coordinates": [ [ [ -54.668795, -22.183797 ], [ -54.668723, -22.183882 ], [ -54.668495, -22.183713 ], [ -54.668568, -22.183628 ], [ -54.668795, -22.183797 ] ] ] } },
{ "type": "Feature", "properties": { "id": 94038, "insc_imob": "05.01.35.31.050", "quadra_cartorio": null, "lote_cartorio": "05", "matricula": "38800", "circunscricao": "1º CIRCUNSCRIÇÃO", "zoneamento": null, "condominio": null, "area_geom": 359.77, "cnm": "062661.2.0038800-79" }, "geometry": { "type": "Polygon", "coordinates": [ [ [ -54.668723, -22.183882 ], [ -54.66865, -22.183966 ], [ -54.668423, -22.183798 ], [ -54.668495, -22.183713 ], [ -54.668723, -22.183882 ] ] ] } },
{ "type": "Feature", "properties": { "id": 94039, "insc_imob": "05.01.35.31.060", "quadra_cartorio": null, "lote_cartorio": "06", "matricula": "38801", "circunscricao": "1º CIRCUNSCRIÇÃO", "zoneamento": null, "condominio": null, "area_geom": 359.77, "cnm": "062661.2.0038801-76" }, "geometry": { "type": "Polygon", "coordinates": [ [ [ -54.66865, -22.183966 ], [ -54.668578, -22.184051 ], [ -54.66835, -22.183882 ], [ -54.668423, -22.183798 ], [ -54.66865, -22.183966 ] ] ] } },
{ "type": "Feature", "properties": { "id": 94040, "insc_imob": "05.01.35.31.080", "quadra_cartorio": null, "lote_cartorio": "08", "matricula": "38803", "circunscricao": "1º CIRCUNSCRIÇÃO", "zoneamento": null, "condominio": null, "area_geom": 359.77, "cnm": "062661.2.0038803-70" }, "geometry": { "type": "Polygon", "coordinates": [ [ [ -54.668505, -22.184136 ], [ -54.668433, -22.184221 ], [ -54.668205, -22.184052 ], [ -54.668278, -22.183967 ], [ -54.668505, -22.184136 ] ] ] } },
{ "type": "Feature", "properties": { "id": 94041, "insc_imob": "05.01.35.31.070", "quadra_cartorio": null, "lote_cartorio": "07", "matricula": "38802", "circunscricao": "1º CIRCUNSCRIÇÃO", "zoneamento": null, "condominio": null, "area_geom": 359.77, "cnm": "062661.2.0038802-73" }, "geometry": { "type": "Polygon", "coordinates": [ [ [ -54.668578, -22.184051 ], [ -54.668505, -22.184136 ], [ -54.668278, -22.183967 ], [ -54.66835, -22.183882 ], [ -54.668578, -22.184051 ] ] ] } },
{ "type": "Feature", "properties": { "id": 94042, "insc_imob": "05.01.35.31.090", "quadra_cartorio": null, "lote_cartorio": "09", "matricula": "38804", "circunscricao": "1º CIRCUNSCRIÇÃO", "zoneamento": null, "condominio": null, "area_geom": 359.77, "cnm": "062661.2.0038804-67" }, "geometry": { "type": "Polygon", "coordinates": [ [ [ -54.668433, -22.184221 ], [ -54.66836, -22.184305 ], [ -54.668133, -22.184137 ], [ -54.668205, -22.184052 ], [ -54.668433, -22.184221 ] ] ] } },
{ "type": "Feature", "properties": { "id": 94043, "insc_imob": "05.01.35.31.100", "quadra_cartorio": null, "lote_cartorio": "10", "matricula": "38805", "circunscricao": "1º CIRCUNSCRIÇÃO", "zoneamento": null, "condominio": null, "area_geom": 419.74, "cnm": "062661.2.0038805-64" }, "geometry": { "type": "Polygon", "coordinates": [ [ [ -54.66836, -22.184305 ], [ -54.668276, -22.184404 ], [ -54.668048, -22.184236 ], [ -54.668133, -22.184137 ], [ -54.66836, -22.184305 ] ] ] } },
{ "type": "Feature", "properties": { "id": 94044, "insc_imob": "05.01.35.31.110", "quadra_cartorio": null, "lote_cartorio": "11", "matricula": "38806", "circunscricao": "1º CIRCUNSCRIÇÃO", "zoneamento": null, "condominio": null, "area_geom": 419.74, "cnm": "062661.2.0038806-61" }, "geometry": { "type": "Polygon", "coordinates": [ [ [ -54.668276, -22.184404 ], [ -54.668191, -22.184503 ], [ -54.667964, -22.184334 ], [ -54.668048, -22.184236 ], [ -54.668276, -22.184404 ] ] ] } },
{ "type": "Feature", "properties": { "id": 94045, "insc_imob": "05.01.35.30.180", "quadra_cartorio": null, "lote_cartorio": "18", "matricula": "33239", "circunscricao": "1º CIRCUNSCRIÇÃO", "zoneamento": null, "condominio": null, "area_geom": 419.74, "cnm": "062661.2.0033239-78" }, "geometry": { "type": "Polygon", "coordinates": [ [ [ -54.667812, -22.184222 ], [ -54.667706, -22.184143 ], [ -54.667887, -22.183931 ], [ -54.667993, -22.18401 ], [ -54.667812, -22.184222 ] ] ] } },
{ "type": "Feature", "properties": { "id": 94046, "insc_imob": "05.01.35.30.010", "quadra_cartorio": null, "lote_cartorio": "01", "matricula": "38785", "circunscricao": "1º CIRCUNSCRIÇÃO", "zoneamento": null, "condominio": null, "area_geom": 419.74, "cnm": "062661.2.0038785-27" }, "geometry": { "type": "Polygon", "coordinates": [ [ [ -54.667993, -22.18401 ], [ -54.667887, -22.183931 ], [ -54.668068, -22.18372 ], [ -54.668174, -22.183798 ], [ -54.667993, -22.18401 ] ] ] } },
{ "type": "Feature", "properties": { "id": 94047, "insc_imob": "05.01.35.30.020", "quadra_cartorio": null, "lote_cartorio": "02", "matricula": "32598", "circunscricao": "1º CIRCUNSCRIÇÃO", "zoneamento": null, "condominio": null, "area_geom": 359.77, "cnm": "062661.2.0032598-61" }, "geometry": { "type": "Polygon", "coordinates": [ [ [ -54.668068, -22.18372 ], [ -54.667887, -22.183931 ], [ -54.667796, -22.183864 ], [ -54.667977, -22.183652 ], [ -54.668068, -22.18372 ] ] ] } },
{ "type": "Feature", "properties": { "id": 94049, "insc_imob": "05.01.35.30.030", "quadra_cartorio": null, "lote_cartorio": "03", "matricula": "32599", "circunscricao": "1º CIRCUNSCRIÇÃO", "zoneamento": null, "condominio": null, "area_geom": 359.77, "cnm": "062661.2.0032599-58" }, "geometry": { "type": "Polygon", "coordinates": [ [ [ -54.667977, -22.183652 ], [ -54.667796, -22.183864 ], [ -54.667705, -22.183796 ], [ -54.667886, -22.183585 ], [ -54.667977, -22.183652 ] ] ] } },
{ "type": "Feature", "properties": { "id": 94054, "insc_imob": "05.01.35.30.140", "quadra_cartorio": null, "lote_cartorio": "14", "matricula": "38792", "circunscricao": "1º CIRCUNSCRIÇÃO", "zoneamento": null, "condominio": null, "area_geom": 359.77, "cnm": "062661.2.0038792-06" }, "geometry": { "type": "Polygon", "coordinates": [ [ [ -54.667433, -22.183941 ], [ -54.667342, -22.183873 ], [ -54.667523, -22.183661 ], [ -54.667614, -22.183729 ], [ -54.667433, -22.183941 ] ] ] } },
{ "type": "Feature", "properties": { "id": 94055, "insc_imob": "05.01.35.30.060", "quadra_cartorio": null, "lote_cartorio": "06", "matricula": "32964", "circunscricao": "1º CIRCUNSCRIÇÃO", "zoneamento": null, "condominio": null, "area_geom": 359.77, "cnm": "062661.2.0032964-30" }, "geometry": { "type": "Polygon", "coordinates": [ [ [ -54.667663, -22.183419 ], [ -54.667481, -22.18363 ], [ -54.66739, -22.183563 ], [ -54.667572, -22.183351 ], [ -54.667663, -22.183419 ] ] ] } },
{ "type": "Feature", "properties": { "id": 94056, "insc_imob": "05.01.35.30.130", "quadra_cartorio": null, "lote_cartorio": "13", "matricula": "38791", "circunscricao": "1º CIRCUNSCRIÇÃO", "zoneamento": null, "condominio": null, "area_geom": 359.77, "cnm": "062661.2.0038791-09" }, "geometry": { "type": "Polygon", "coordinates": [ [ [ -54.6673, -22.183842 ], [ -54.667209, -22.183775 ], [ -54.66739, -22.183563 ], [ -54.667481, -22.18363 ], [ -54.6673, -22.183842 ] ] ] } },
{ "type": "Feature", "properties": { "id": 94057, "insc_imob": "05.01.35.30.070", "quadra_cartorio": null, "lote_cartorio": "07", "matricula": "33628", "circunscricao": "1º CIRCUNSCRIÇÃO", "zoneamento": null, "condominio": null, "area_geom": 359.77, "cnm": "062661.2.0033628-75" }, "geometry": { "type": "Polygon", "coordinates": [ [ [ -54.667572, -22.183351 ], [ -54.66739, -22.183563 ], [ -54.667299, -22.183495 ], [ -54.667481, -22.183284 ], [ -54.667572, -22.183351 ] ] ] } },
{ "type": "Feature", "properties": { "id": 94058, "insc_imob": "05.01.35.30.120", "quadra_cartorio": null, "lote_cartorio": "12", "matricula": "38790", "circunscricao": "1º CIRCUNSCRIÇÃO", "zoneamento": null, "condominio": null, "area_geom": 359.77, "cnm": "062661.2.0038790-12" }, "geometry": { "type": "Polygon", "coordinates": [ [ [ -54.667209, -22.183775 ], [ -54.667118, -22.183707 ], [ -54.667299, -22.183495 ], [ -54.66739, -22.183563 ], [ -54.667209, -22.183775 ] ] ] } },
{ "type": "Feature", "properties": { "id": 94059, "insc_imob": "05.01.35.30.080", "quadra_cartorio": null, "lote_cartorio": "08", "matricula": "38786", "circunscricao": "1º CIRCUNSCRIÇÃO", "zoneamento": null, "condominio": null, "area_geom": 359.77, "cnm": "062661.2.0038786-24" }, "geometry": { "type": "Polygon", "coordinates": [ [ [ -54.667481, -22.183284 ], [ -54.667299, -22.183495 ], [ -54.667208, -22.183428 ], [ -54.66739, -22.183216 ], [ -54.667481, -22.183284 ] ] ] } },
{ "type": "Feature", "properties": { "id": 94060, "insc_imob": "05.01.35.30.110", "quadra_cartorio": "16", "lote_cartorio": "11", "matricula": "38789", "circunscricao": "1º CIRCUNSCRIÇÃO", "zoneamento": null, "condominio": null, "area_geom": 359.77, "cnm": "062661.2.0038789-15" }, "geometry": { "type": "Polygon", "coordinates": [ [ [ -54.667118, -22.183707 ], [ -54.667027, -22.18364 ], [ -54.667208, -22.183428 ], [ -54.667299, -22.183495 ], [ -54.667118, -22.183707 ] ] ] } },
{ "type": "Feature", "properties": { "id": 94061, "insc_imob": "05.01.35.30.090", "quadra_cartorio": null, "lote_cartorio": "09", "matricula": "38787", "circunscricao": "1º CIRCUNSCRIÇÃO", "zoneamento": null, "condominio": null, "area_geom": 419.74, "cnm": "062661.2.0038787-21" }, "geometry": { "type": "Polygon", "coordinates": [ [ [ -54.66739, -22.183216 ], [ -54.667208, -22.183428 ], [ -54.667102, -22.183349 ], [ -54.667283, -22.183137 ], [ -54.66739, -22.183216 ] ] ] } },
{ "type": "Feature", "properties": { "id": 94062, "insc_imob": "05.01.35.30.100", "quadra_cartorio": "16", "lote_cartorio": "10", "matricula": "38788", "circunscricao": "1º CIRCUNSCRIÇÃO", "zoneamento": null, "condominio": null, "area_geom": 419.74, "cnm": "062661.2.0038788-18" }, "geometry": { "type": "Polygon", "coordinates": [ [ [ -54.667027, -22.18364 ], [ -54.666921, -22.183561 ], [ -54.667102, -22.183349 ], [ -54.667208, -22.183428 ], [ -54.667027, -22.18364 ] ] ] } },
{ "type": "Feature", "properties": { "id": 94063, "insc_imob": "05.01.35.29.180", "quadra_cartorio": "15", "lote_cartorio": "18", "matricula": "38784", "circunscricao": "1º CIRCUNSCRIÇÃO", "zoneamento": null, "condominio": null, "area_geom": 419.74, "cnm": "062661.2.0038784-30" }, "geometry": { "type": "Polygon", "coordinates": [ [ [ -54.668295, -22.183657 ], [ -54.668189, -22.183578 ], [ -54.66837, -22.183366 ], [ -54.668476, -22.183445 ], [ -54.668295, -22.183657 ] ] ] } },
{ "type": "Feature", "properties": { "id": 94064, "insc_imob": "05.01.35.29.010", "quadra_cartorio": "15", "lote_cartorio": "01", "matricula": "38770", "circunscricao": "1º CIRCUNSCRIÇÃO", "zoneamento": null, "condominio": null, "area_geom": 419.74, "cnm": "062661.2.0038770-72" }, "geometry": { "type": "Polygon", "coordinates": [ [ [ -54.668476, -22.183445 ], [ -54.66837, -22.183366 ], [ -54.668551, -22.183155 ], [ -54.668657, -22.183233 ], [ -54.668476, -22.183445 ] ] ] } },
{ "type": "Feature", "properties": { "id": 94065, "insc_imob": "05.01.35.29.020", "quadra_cartorio": null, "lote_cartorio": "02", "matricula": "32596", "circunscricao": "1º CIRCUNSCRIÇÃO", "zoneamento": null, "condominio": null, "area_geom": 359.77, "cnm": "062661.2.0032596-67" }, "geometry": { "type": "Polygon", "coordinates": [ [ [ -54.668551, -22.183155 ], [ -54.66837, -22.183366 ], [ -54.668279, -22.183299 ], [ -54.66846, -22.183087 ], [ -54.668551, -22.183155 ] ] ] } },
{ "type": "Feature", "properties": { "id": 94066, "insc_imob": "05.01.35.29.170", "quadra_cartorio": "15", "lote_cartorio": "17", "matricula": "38783", "circunscricao": "1º CIRCUNSCRIÇÃO", "zoneamento": null, "condominio": null, "area_geom": 359.77, "cnm": "062661.2.0038783-33" }, "geometry": { "type": "Polygon", "coordinates": [ [ [ -54.668189, -22.183578 ], [ -54.668098, -22.183511 ], [ -54.668279, -22.183299 ], [ -54.66837, -22.183366 ], [ -54.668189, -22.183578 ] ] ] } },
{ "type": "Feature", "properties": { "id": 94067, "insc_imob": "05.01.35.29.040", "quadra_cartorio": null, "lote_cartorio": "04", "matricula": "32597", "circunscricao": "1º CIRCUNSCRIÇÃO", "zoneamento": null, "condominio": null, "area_geom": 359.77, "cnm": "062661.2.0032597-64" }, "geometry": { "type": "Polygon", "coordinates": [ [ [ -54.668369, -22.18302 ], [ -54.668188, -22.183231 ], [ -54.668097, -22.183164 ], [ -54.668278, -22.182952 ], [ -54.668369, -22.18302 ] ] ] } },
{ "type": "Feature", "properties": { "id": 94068, "insc_imob": "05.01.35.29.150", "quadra_cartorio": null, "lote_cartorio": "15", "matricula": "38781", "circunscricao": "1º CIRCUNSCRIÇÃO", "zoneamento": null, "condominio": null, "area_geom": 359.77, "cnm": "062661.2.0038781-39" }, "geometry": { "type": "Polygon", "coordinates": [ [ [ -54.668007, -22.183443 ], [ -54.667916, -22.183376 ], [ -54.668097, -22.183164 ], [ -54.668188, -22.183231 ], [ -54.668007, -22.183443 ] ] ] } },
{ "type": "Feature", "properties": { "id": 94069, "insc_imob": "05.01.35.29.160", "quadra_cartorio": null, "lote_cartorio": "16", "matricula": "38782", "circunscricao": "1º CIRCUNSCRIÇÃO", "zoneamento": null, "condominio": null, "area_geom": 359.77, "cnm": "062661.2.0038782-36" }, "geometry": { "type": "Polygon", "coordinates": [ [ [ -54.668098, -22.183511 ], [ -54.668007, -22.183443 ], [ -54.668188, -22.183231 ], [ -54.668279, -22.183299 ], [ -54.668098, -22.183511 ] ] ] } },
{ "type": "Feature", "properties": { "id": 94070, "insc_imob": "05.01.35.29.030", "quadra_cartorio": null, "lote_cartorio": "03", "matricula": "38929", "circunscricao": "1º CIRCUNSCRIÇÃO", "zoneamento": null, "condominio": null, "area_geom": 359.77, "cnm": "062661.2.0038929-80" }, "geometry": { "type": "Polygon", "coordinates": [ [ [ -54.66846, -22.183087 ], [ -54.668279, -22.183299 ], [ -54.668188, -22.183231 ], [ -54.668369, -22.18302 ], [ -54.66846, -22.183087 ] ] ] } },
{ "type": "Feature", "properties": { "id": 94071, "insc_imob": "05.01.35.29.050", "quadra_cartorio": null, "lote_cartorio": "05", "matricula": "38771", "circunscricao": "1º CIRCUNSCRIÇÃO", "zoneamento": null, "condominio": null, "area_geom": 359.77, "cnm": "062661.2.0038771-69" }, "geometry": { "type": "Polygon", "coordinates": [ [ [ -54.668278, -22.182952 ], [ -54.668097, -22.183164 ], [ -54.668006, -22.183096 ], [ -54.668187, -22.182885 ], [ -54.668278, -22.182952 ] ] ] } },
{ "type": "Feature", "properties": { "id": 94072, "insc_imob": "05.01.35.29.140", "quadra_cartorio": null, "lote_cartorio": "14", "matricula": "38780", "circunscricao": "1º CIRCUNSCRIÇÃO", "zoneamento": null, "condominio": null, "area_geom": 359.77, "cnm": "062661.2.0038780-42" }, "geometry": { "type": "Polygon", "coordinates": [ [ [ -54.667916, -22.183376 ], [ -54.667825, -22.183308 ], [ -54.668006, -22.183096 ], [ -54.668097, -22.183164 ], [ -54.667916, -22.183376 ] ] ] } },
{ "type": "Feature", "properties": { "id": 94073, "insc_imob": "05.01.35.29.060", "quadra_cartorio": null, "lote_cartorio": "06", "matricula": "38772", "circunscricao": "1º CIRCUNSCRIÇÃO", "zoneamento": null, "condominio": null, "area_geom": 359.77, "cnm": "062661.2.0038772-66" }, "geometry": { "type": "Polygon", "coordinates": [ [ [ -54.668146, -22.182854 ], [ -54.667964, -22.183065 ], [ -54.667874, -22.182998 ], [ -54.668055, -22.182786 ], [ -54.668146, -22.182854 ] ] ] } },
{ "type": "Feature", "properties": { "id": 94074, "insc_imob": "05.01.35.29.130", "quadra_cartorio": null, "lote_cartorio": "13", "matricula": "38779", "circunscricao": "1º CIRCUNSCRIÇÃO", "zoneamento": null, "condominio": null, "area_geom": 359.77, "cnm": "062661.2.0038779-45" }, "geometry": { "type": "Polygon", "coordinates": [ [ [ -54.667783, -22.183277 ], [ -54.667692, -22.18321 ], [ -54.667874, -22.182998 ], [ -54.667964, -22.183065 ], [ -54.667783, -22.183277 ] ] ] } },
{ "type": "Feature", "properties": { "id": 94076, "insc_imob": "05.01.35.29.120", "quadra_cartorio": null, "lote_cartorio": "12", "matricula": "38778", "circunscricao": "1º CIRCUNSCRIÇÃO", "zoneamento": null, "condominio": null, "area_geom": 359.77, "cnm": "062661.2.0038778-48" }, "geometry": { "type": "Polygon", "coordinates": [ [ [ -54.667692, -22.18321 ], [ -54.667601, -22.183142 ], [ -54.667783, -22.182931 ], [ -54.667874, -22.182998 ], [ -54.667692, -22.18321 ] ] ] } },
{ "type": "Feature", "properties": { "id": 94077, "insc_imob": "05.01.35.29.080", "quadra_cartorio": null, "lote_cartorio": "08", "matricula": "38774", "circunscricao": "1º CIRCUNSCRIÇÃO", "zoneamento": null, "condominio": null, "area_geom": 359.77, "cnm": "062661.2.0038774-60" }, "geometry": { "type": "Polygon", "coordinates": [ [ [ -54.667964, -22.182719 ], [ -54.667783, -22.182931 ], [ -54.667692, -22.182863 ], [ -54.667873, -22.182651 ], [ -54.667964, -22.182719 ] ] ] } },
{ "type": "Feature", "properties": { "id": 94078, "insc_imob": "05.01.35.29.110", "quadra_cartorio": null, "lote_cartorio": "11", "matricula": "38777", "circunscricao": "1º CIRCUNSCRIÇÃO", "zoneamento": null, "condominio": null, "area_geom": 359.77, "cnm": "062661.2.0038777-51" }, "geometry": { "type": "Polygon", "coordinates": [ [ [ -54.667601, -22.183142 ], [ -54.66751, -22.183075 ], [ -54.667692, -22.182863 ], [ -54.667783, -22.182931 ], [ -54.667601, -22.183142 ] ] ] } },
{ "type": "Feature", "properties": { "id": 94079, "insc_imob": "05.01.35.29.090", "quadra_cartorio": null, "lote_cartorio": "09", "matricula": "38775", "circunscricao": "1º CIRCUNSCRIÇÃO", "zoneamento": null, "condominio": null, "area_geom": 419.74, "cnm": "062661.2.0038775-57" }, "geometry": { "type": "Polygon", "coordinates": [ [ [ -54.667873, -22.182651 ], [ -54.667692, -22.182863 ], [ -54.667585, -22.182784 ], [ -54.667767, -22.182572 ], [ -54.667873, -22.182651 ] ] ] } },
{ "type": "Feature", "properties": { "id": 94082, "insc_imob": "05.01.45.04.314", "quadra_cartorio": "14", "lote_cartorio": "20", "matricula": "38767", "circunscricao": "1º CIRCUNSCRIÇÃO", "zoneamento": null, "condominio": null, "area_geom": 359.77, "cnm": "062661.2.0038767-81" }, "geometry": { "type": "Polygon", "coordinates": [ [ [ -54.667373, -22.182742 ], [ -54.667146, -22.182574 ], [ -54.667218, -22.182489 ], [ -54.667446, -22.182658 ], [ -54.667373, -22.182742 ] ] ] } },
{ "type": "Feature", "properties": { "id": 94083, "insc_imob": "05.01.45.04.302", "quadra_cartorio": "14", "lote_cartorio": "19", "matricula": "38766", "circunscricao": "1º CIRCUNSCRIÇÃO", "zoneamento": null, "condominio": null, "area_geom": 359.77, "cnm": "062661.2.0038766-84" }, "geometry": { "type": "Polygon", "coordinates": [ [ [ -54.667373, -22.182742 ], [ -54.667301, -22.182827 ], [ -54.667073, -22.182658 ], [ -54.667146, -22.182574 ], [ -54.667373, -22.182742 ] ] ] } },
{ "type": "Feature", "properties": { "id": 94084, "insc_imob": "05.01.45.04.053", "quadra_cartorio": "14", "lote_cartorio": "04", "matricula": "38755", "circunscricao": "1º CIRCUNSCRIÇÃO", "zoneamento": null, "condominio": null, "area_geom": 359.77, "cnm": "062661.2.0038755-20" }, "geometry": { "type": "Polygon", "coordinates": [ [ [ -54.667146, -22.182574 ], [ -54.667073, -22.182658 ], [ -54.666846, -22.18249 ], [ -54.666918, -22.182405 ], [ -54.667146, -22.182574 ] ] ] } },
{ "type": "Feature", "properties": { "id": 94085, "insc_imob": "05.01.45.04.065", "quadra_cartorio": "14", "lote_cartorio": "05", "matricula": "38756", "circunscricao": "1º CIRCUNSCRIÇÃO", "zoneamento": null, "condominio": null, "area_geom": 359.77, "cnm": "062661.2.0038756-17" }, "geometry": { "type": "Polygon", "coordinates": [ [ [ -54.667073, -22.182658 ], [ -54.667001, -22.182743 ], [ -54.666773, -22.182574 ], [ -54.666846, -22.18249 ], [ -54.667073, -22.182658 ] ] ] } },
{ "type": "Feature", "properties": { "id": 94086, "insc_imob": "05.01.45.04.290", "quadra_cartorio": "14", "lote_cartorio": "18", "matricula": "38765", "circunscricao": "1º CIRCUNSCRIÇÃO", "zoneamento": null, "condominio": null, "area_geom": 359.77, "cnm": "062661.2.0038765-87" }, "geometry": { "type": "Polygon", "coordinates": [ [ [ -54.667301, -22.182827 ], [ -54.667228, -22.182912 ], [ -54.667001, -22.182743 ], [ -54.667073, -22.182658 ], [ -54.667301, -22.182827 ] ] ] } },
{ "type": "Feature", "properties": { "id": 94087, "insc_imob": "05.01.45.04.278", "quadra_cartorio": "14", "lote_cartorio": "17", "matricula": "38764", "circunscricao": "1º CIRCUNSCRIÇÃO", "zoneamento": null, "condominio": null, "area_geom": 359.77, "cnm": "062661.2.0038764-90" }, "geometry": { "type": "Polygon", "coordinates": [ [ [ -54.667156, -22.182997 ], [ -54.666928, -22.182828 ], [ -54.667001, -22.182743 ], [ -54.667228, -22.182912 ], [ -54.667156, -22.182997 ] ] ] } },
{ "type": "Feature", "properties": { "id": 94088, "insc_imob": "05.01.45.04.077", "quadra_cartorio": "14", "lote_cartorio": "06", "matricula": "38757", "circunscricao": "1º CIRCUNSCRIÇÃO", "zoneamento": null, "condominio": null, "area_geom": 359.77, "cnm": "062661.2.0038757-14" }, "geometry": { "type": "Polygon", "coordinates": [ [ [ -54.666928, -22.182828 ], [ -54.666701, -22.182659 ], [ -54.666773, -22.182574 ], [ -54.667001, -22.182743 ], [ -54.666928, -22.182828 ] ] ] } },
{ "type": "Feature", "properties": { "id": 94089, "insc_imob": "05.01.45.04.089", "quadra_cartorio": "14", "lote_cartorio": "07", "matricula": "38758", "circunscricao": "1º CIRCUNSCRIÇÃO", "zoneamento": null, "condominio": null, "area_geom": 359.77, "cnm": "062661.2.0038758-11" }, "geometry": { "type": "Polygon", "coordinates": [ [ [ -54.666928, -22.182828 ], [ -54.666856, -22.182913 ], [ -54.666629, -22.182744 ], [ -54.666701, -22.182659 ], [ -54.666928, -22.182828 ] ] ] } },
{ "type": "Feature", "properties": { "id": 94090, "insc_imob": "05.01.45.04.266", "quadra_cartorio": "14", "lote_cartorio": "16", "matricula": "38763", "circunscricao": "1º CIRCUNSCRIÇÃO", "zoneamento": null, "condominio": null, "area_geom": 359.77, "cnm": "062661.2.0038763-93" }, "geometry": { "type": "Polygon", "coordinates": [ [ [ -54.667156, -22.182997 ], [ -54.667083, -22.183081 ], [ -54.666856, -22.182913 ], [ -54.666928, -22.182828 ], [ -54.667156, -22.182997 ] ] ] } },
{ "type": "Feature", "properties": { "id": 94091, "insc_imob": "05.01.45.04.254", "quadra_cartorio": "14", "lote_cartorio": "15", "matricula": "38762", "circunscricao": "1º CIRCUNSCRIÇÃO", "zoneamento": null, "condominio": null, "area_geom": 359.77, "cnm": "062661.2.0038762-96" }, "geometry": { "type": "Polygon", "coordinates": [ [ [ -54.667083, -22.183081 ], [ -54.667011, -22.183166 ], [ -54.666784, -22.182997 ], [ -54.666856, -22.182913 ], [ -54.667083, -22.183081 ] ] ] } },
{ "type": "Feature", "properties": { "id": 94093, "insc_imob": "05.01.45.04.113", "quadra_cartorio": "14", "lote_cartorio": "09", "matricula": "40176", "circunscricao": "1º CIRCUNSCRIÇÃO", "zoneamento": null, "condominio": null, "area_geom": 359.77, "cnm": "062661.2.0040176-25" }, "geometry": { "type": "Polygon", "coordinates": [ [ [ -54.666711, -22.183082 ], [ -54.666484, -22.182913 ], [ -54.666556, -22.182829 ], [ -54.666784, -22.182997 ], [ -54.666711, -22.183082 ] ] ] } },
{ "type": "Feature", "properties": { "id": 94094, "insc_imob": "05.01.45.04.242", "quadra_cartorio": "14", "lote_cartorio": "14", "matricula": "38761", "circunscricao": "1º CIRCUNSCRIÇÃO", "zoneamento": null, "condominio": null, "area_geom": 359.77, "cnm": "062661.2.0038761-02" }, "geometry": { "type": "Polygon", "coordinates": [ [ [ -54.666939, -22.183251 ], [ -54.666711, -22.183082 ], [ -54.666784, -22.182997 ], [ -54.667011, -22.183166 ], [ -54.666939, -22.183251 ] ] ] } },
{ "type": "Feature", "properties": { "id": 94095, "insc_imob": "05.01.45.04.230", "quadra_cartorio": "14", "lote_cartorio": "13", "matricula": "38760", "circunscricao": "1º CIRCUNSCRIÇÃO", "zoneamento": null, "condominio": null, "area_geom": 419.74, "cnm": "062661.2.0038760-05" }, "geometry": { "type": "Polygon", "coordinates": [ [ [ -54.666939, -22.183251 ], [ -54.666854, -22.18335 ], [ -54.666626, -22.183181 ], [ -54.666711, -22.183082 ], [ -54.666939, -22.183251 ] ] ] } },
{ "type": "Feature", "properties": { "id": 94096, "insc_imob": "05.01.45.04.128", "quadra_cartorio": "14", "lote_cartorio": "10", "matricula": "33238", "circunscricao": "1º CIRCUNSCRIÇÃO", "zoneamento": null, "condominio": null, "area_geom": 419.74, "cnm": "062661.2.0033238-81" }, "geometry": { "type": "Polygon", "coordinates": [ [ [ -54.666711, -22.183082 ], [ -54.666626, -22.183181 ], [ -54.666399, -22.183012 ], [ -54.666484, -22.182913 ], [ -54.666711, -22.183082 ] ] ] } },
{ "type": "Feature", "properties": { "id": 94098, "insc_imob": "05.01.45.04.216", "quadra_cartorio": "14", "lote_cartorio": "12", "matricula": "38759", "circunscricao": "1º CIRCUNSCRIÇÃO", "zoneamento": null, "condominio": null, "area_geom": 419.74, "cnm": "062661.2.0038759-08" }, "geometry": { "type": "Polygon", "coordinates": [ [ [ -54.666769, -22.183449 ], [ -54.666542, -22.18328 ], [ -54.666626, -22.183181 ], [ -54.666854, -22.18335 ], [ -54.666769, -22.183449 ] ] ] } },
{ "type": "Feature", "properties": { "id": 94099, "insc_imob": "05.01.45.05.172", "quadra_cartorio": "13", "lote_cartorio": "11", "matricula": "38752", "circunscricao": "1º CIRCUNSCRIÇÃO", "zoneamento": null, "condominio": null, "area_geom": 434.22, "cnm": "062661.2.0038752-29" }, "geometry": { "type": "Polygon", "coordinates": [ [ [ -54.666247, -22.1829 ], [ -54.666163, -22.182999 ], [ -54.665928, -22.182824 ], [ -54.666012, -22.182725 ], [ -54.666247, -22.1829 ] ] ] } },
{ "type": "Feature", "properties": { "id": 94100, "insc_imob": "05.01.45.05.126", "quadra_cartorio": "13", "lote_cartorio": "10", "matricula": "38751", "circunscricao": "1º CIRCUNSCRIÇÃO", "zoneamento": null, "condominio": null, "area_geom": 434.71, "cnm": "062661.2.0038751-32" }, "geometry": { "type": "Polygon", "coordinates": [ [ [ -54.666332, -22.182801 ], [ -54.666247, -22.1829 ], [ -54.666012, -22.182725 ], [ -54.666096, -22.182626 ], [ -54.666332, -22.182801 ] ] ] } },
{ "type": "Feature", "properties": { "id": 94101, "insc_imob": "05.01.45.05.112", "quadra_cartorio": "13", "lote_cartorio": "09", "matricula": "38750", "circunscricao": "1º CIRCUNSCRIÇÃO", "zoneamento": null, "condominio": null, "area_geom": 373.02, "cnm": "062661.2.0038750-35" }, "geometry": { "type": "Polygon", "coordinates": [ [ [ -54.666404, -22.182716 ], [ -54.666332, -22.182801 ], [ -54.666096, -22.182626 ], [ -54.666168, -22.182541 ], [ -54.666404, -22.182716 ] ] ] } },
{ "type": "Feature", "properties": { "id": 94102, "insc_imob": "05.01.45.05.100", "quadra_cartorio": "13", "lote_cartorio": "08", "matricula": "38749", "circunscricao": "1º CIRCUNSCRIÇÃO", "zoneamento": null, "condominio": null, "area_geom": 373.38, "cnm": "062661.2.0038749-38" }, "geometry": { "type": "Polygon", "coordinates": [ [ [ -54.666477, -22.182631 ], [ -54.666404, -22.182716 ], [ -54.666168, -22.182541 ], [ -54.666241, -22.182456 ], [ -54.666477, -22.182631 ] ] ] } },
{ "type": "Feature", "properties": { "id": 94103, "insc_imob": "05.01.45.05.088", "quadra_cartorio": "13", "lote_cartorio": "07", "matricula": "38748", "circunscricao": "1º CIRCUNSCRIÇÃO", "zoneamento": null, "condominio": null, "area_geom": 373.68, "cnm": "062661.2.0038748-41" }, "geometry": { "type": "Polygon", "coordinates": [ [ [ -54.666477, -22.182631 ], [ -54.666241, -22.182456 ], [ -54.666313, -22.182371 ], [ -54.666549, -22.182547 ], [ -54.666477, -22.182631 ] ] ] } },
{ "type": "Feature", "properties": { "id": 94104, "insc_imob": "05.01.45.05.076", "quadra_cartorio": "13", "lote_cartorio": "06", "matricula": "38747", "circunscricao": "1º CIRCUNSCRIÇÃO", "zoneamento": null, "condominio": null, "area_geom": 373.98, "cnm": "062661.2.0038747-44" }, "geometry": { "type": "Polygon", "coordinates": [ [ [ -54.666622, -22.182462 ], [ -54.666549, -22.182547 ], [ -54.666313, -22.182371 ], [ -54.666385, -22.182286 ], [ -54.666622, -22.182462 ] ] ] } },
{ "type": "Feature", "properties": { "id": 94105, "insc_imob": "05.01.45.05.064", "quadra_cartorio": "13", "lote_cartorio": "05", "matricula": "38746", "circunscricao": "1º CIRCUNSCRIÇÃO", "zoneamento": null, "condominio": null, "area_geom": 374.34, "cnm": "062661.2.0038746-47" }, "geometry": { "type": "Polygon", "coordinates": [ [ [ -54.666694, -22.182377 ], [ -54.666622, -22.182462 ], [ -54.666385, -22.182286 ], [ -54.666458, -22.182201 ], [ -54.666694, -22.182377 ] ] ] } },
{ "type": "Feature", "properties": { "id": 94106, "insc_imob": "05.01.45.05.052", "quadra_cartorio": "13", "lote_cartorio": "04", "matricula": "38745", "circunscricao": "1º CIRCUNSCRIÇÃO", "zoneamento": null, "condominio": null, "area_geom": 374.7, "cnm": "062661.2.0038745-50" }, "geometry": { "type": "Polygon", "coordinates": [ [ [ -54.666694, -22.182377 ], [ -54.666458, -22.182201 ], [ -54.66653, -22.182117 ], [ -54.666767, -22.182292 ], [ -54.666694, -22.182377 ] ] ] } },
{ "type": "Feature", "properties": { "id": 94107, "insc_imob": "05.01.45.05.040", "quadra_cartorio": "13", "lote_cartorio": "03", "matricula": "38744", "circunscricao": "1º CIRCUNSCRIÇÃO", "zoneamento": null, "condominio": null, "area_geom": 375.06, "cnm": "062661.2.0038744-53" }, "geometry": { "type": "Polygon", "coordinates": [ [ [ -54.666767, -22.182292 ], [ -54.66653, -22.182117 ], [ -54.666602, -22.182032 ], [ -54.666839, -22.182208 ], [ -54.666767, -22.182292 ] ] ] } },
{ "type": "Feature", "properties": { "id": 94108, "insc_imob": "05.01.45.11.361", "quadra_cartorio": "22", "lote_cartorio": "01", "matricula": "40099", "circunscricao": "1º CIRCUNSCRIÇÃO", "zoneamento": null, "condominio": null, "area_geom": 419.74, "cnm": "062661.2.0040099-62" }, "geometry": { "type": "Polygon", "coordinates": [ [ [ -54.667986, -22.184743 ], [ -54.667758, -22.184575 ], [ -54.667843, -22.184476 ], [ -54.66807, -22.184644 ], [ -54.667986, -22.184743 ] ] ] } },
{ "type": "Feature", "properties": { "id": 94109, "insc_imob": "05.01.45.11.347", "quadra_cartorio": "22", "lote_cartorio": "02", "matricula": "32605", "circunscricao": "1º CIRCUNSCRIÇÃO", "zoneamento": null, "condominio": null, "area_geom": 419.74, "cnm": "062661.2.0032605-40" }, "geometry": { "type": "Polygon", "coordinates": [ [ [ -54.667901, -22.184842 ], [ -54.667674, -22.184673 ], [ -54.667758, -22.184575 ], [ -54.667986, -22.184743 ], [ -54.667901, -22.184842 ] ] ] } },
{ "type": "Feature", "properties": { "id": 94110, "insc_imob": "05.01.45.11.333", "quadra_cartorio": "22", "lote_cartorio": "03", "matricula": "32606", "circunscricao": "1º CIRCUNSCRIÇÃO", "zoneamento": null, "condominio": null, "area_geom": 359.77, "cnm": "062661.2.0032606-37" }, "geometry": { "type": "Polygon", "coordinates": [ [ [ -54.667829, -22.184927 ], [ -54.667601, -22.184758 ], [ -54.667674, -22.184673 ], [ -54.667901, -22.184842 ], [ -54.667829, -22.184927 ] ] ] } },
{ "type": "Feature", "properties": { "id": 94111, "insc_imob": "05.01.45.11.321", "quadra_cartorio": "22", "lote_cartorio": "04", "matricula": "33334", "circunscricao": "1º CIRCUNSCRIÇÃO", "zoneamento": null, "condominio": null, "area_geom": 359.77, "cnm": "062661.2.0033334-84" }, "geometry": { "type": "Polygon", "coordinates": [ [ [ -54.667756, -22.185012 ], [ -54.667529, -22.184843 ], [ -54.667601, -22.184758 ], [ -54.667829, -22.184927 ], [ -54.667756, -22.185012 ] ] ] } },
{ "type": "Feature", "properties": { "id": 94119, "insc_imob": "05.01.45.13.165", "quadra_cartorio": "21", "lote_cartorio": "07", "matricula": "32260", "circunscricao": "1º CIRCUNSCRIÇÃO", "zoneamento": null, "condominio": null, "area_geom": 555.25, "cnm": "062661.2.0032260-08" }, "geometry": { "type": "Polygon", "coordinates": [ [ [ -54.666809, -22.185394 ], [ -54.666698, -22.185525 ], [ -54.66647, -22.185356 ], [ -54.666582, -22.185225 ], [ -54.666809, -22.185394 ] ] ] } },
{ "type": "Feature", "properties": { "id": 94120, "insc_imob": "05.01.45.13.179", "quadra_cartorio": "21", "lote_cartorio": "08", "matricula": "32259", "circunscricao": "1º CIRCUNSCRIÇÃO", "zoneamento": null, "condominio": null, "area_geom": 419.74, "cnm": "062661.2.0032259-11" }, "geometry": { "type": "Polygon", "coordinates": [ [ [ -54.666894, -22.185295 ], [ -54.666809, -22.185394 ], [ -54.666582, -22.185225 ], [ -54.666666, -22.185127 ], [ -54.666894, -22.185295 ] ] ] } },
{ "type": "Feature", "properties": { "id": 94121, "insc_imob": "05.01.45.13.191", "quadra_cartorio": "21", "lote_cartorio": "09", "matricula": "32258", "circunscricao": "1º CIRCUNSCRIÇÃO", "zoneamento": null, "condominio": null, "area_geom": 359.77, "cnm": "062661.2.0032258-14" }, "geometry": { "type": "Polygon", "coordinates": [ [ [ -54.666966, -22.185211 ], [ -54.666894, -22.185295 ], [ -54.666666, -22.185127 ], [ -54.666739, -22.185042 ], [ -54.666966, -22.185211 ] ] ] } },
{ "type": "Feature", "properties": { "id": 94122, "insc_imob": "05.01.45.13.203", "quadra_cartorio": "21", "lote_cartorio": "10", "matricula": "32255", "circunscricao": "1º CIRCUNSCRIÇÃO", "zoneamento": null, "condominio": null, "area_geom": 359.77, "cnm": "062661.2.0032255-23" }, "geometry": { "type": "Polygon", "coordinates": [ [ [ -54.667039, -22.185126 ], [ -54.666966, -22.185211 ], [ -54.666739, -22.185042 ], [ -54.666811, -22.184957 ], [ -54.667039, -22.185126 ] ] ] } },
{ "type": "Feature", "properties": { "id": 94123, "insc_imob": "05.01.45.13.217", "quadra_cartorio": "21", "lote_cartorio": "11", "matricula": "32257", "circunscricao": "1º CIRCUNSCRIÇÃO", "zoneamento": null, "condominio": null, "area_geom": 419.74, "cnm": "062661.2.0032257-17" }, "geometry": { "type": "Polygon", "coordinates": [ [ [ -54.667123, -22.185027 ], [ -54.667039, -22.185126 ], [ -54.666811, -22.184957 ], [ -54.666896, -22.184858 ], [ -54.667123, -22.185027 ] ] ] } },
{ "type": "Feature", "properties": { "id": 94124, "insc_imob": "05.01.45.13.261", "quadra_cartorio": "21", "lote_cartorio": "12", "matricula": "38818", "circunscricao": "1º CIRCUNSCRIÇÃO", "zoneamento": null, "condominio": null, "area_geom": 419.74, "cnm": "062661.2.0038818-25" }, "geometry": { "type": "Polygon", "coordinates": [ [ [ -54.667208, -22.184928 ], [ -54.667123, -22.185027 ], [ -54.666896, -22.184858 ], [ -54.666981, -22.184759 ], [ -54.667208, -22.184928 ] ] ] } },
{ "type": "Feature", "properties": { "id": 94125, "insc_imob": "05.01.45.13.015", "quadra_cartorio": "21", "lote_cartorio": "01", "matricula": "33244", "circunscricao": "1º CIRCUNSCRIÇÃO", "zoneamento": null, "condominio": null, "area_geom": 419.74, "cnm": "062661.2.0033244-63" }, "geometry": { "type": "Polygon", "coordinates": [ [ [ -54.666981, -22.184759 ], [ -54.666896, -22.184858 ], [ -54.666669, -22.184689 ], [ -54.666753, -22.184591 ], [ -54.666981, -22.184759 ] ] ] } },
{ "type": "Feature", "properties": { "id": 94126, "insc_imob": "05.01.45.13.029", "quadra_cartorio": "21", "lote_cartorio": "02", "matricula": "40287", "circunscricao": "1º CIRCUNSCRIÇÃO", "zoneamento": null, "condominio": null, "area_geom": 419.74, "cnm": "062661.2.0040287-80" }, "geometry": { "type": "Polygon", "coordinates": [ [ [ -54.666811, -22.184957 ], [ -54.666584, -22.184788 ], [ -54.666669, -22.184689 ], [ -54.666896, -22.184858 ], [ -54.666811, -22.184957 ] ] ] } },
{ "type": "Feature", "properties": { "id": 94127, "insc_imob": "05.01.45.13.041", "quadra_cartorio": "21", "lote_cartorio": "03", "matricula": "38814", "circunscricao": "1º CIRCUNSCRIÇÃO", "zoneamento": null, "condominio": null, "area_geom": 359.77, "cnm": "062661.2.0038814-37" }, "geometry": { "type": "Polygon", "coordinates": [ [ [ -54.666811, -22.184957 ], [ -54.666739, -22.185042 ], [ -54.666511, -22.184873 ], [ -54.666584, -22.184788 ], [ -54.666811, -22.184957 ] ] ] } },
{ "type": "Feature", "properties": { "id": 94128, "insc_imob": "05.01.45.13.053", "quadra_cartorio": "21", "lote_cartorio": "04", "matricula": "38815", "circunscricao": "1º CIRCUNSCRIÇÃO", "zoneamento": null, "condominio": null, "area_geom": 359.77, "cnm": "062661.2.0038815-34" }, "geometry": { "type": "Polygon", "coordinates": [ [ [ -54.666666, -22.185127 ], [ -54.666439, -22.184958 ], [ -54.666511, -22.184873 ], [ -54.666739, -22.185042 ], [ -54.666666, -22.185127 ] ] ] } },
{ "type": "Feature", "properties": { "id": 94129, "insc_imob": "05.01.45.13.067", "quadra_cartorio": "21", "lote_cartorio": "05", "matricula": "38816", "circunscricao": "1º CIRCUNSCRIÇÃO", "zoneamento": null, "condominio": null, "area_geom": 419.74, "cnm": "062661.2.0038816-31" }, "geometry": { "type": "Polygon", "coordinates": [ [ [ -54.666666, -22.185127 ], [ -54.666582, -22.185225 ], [ -54.666354, -22.185057 ], [ -54.666439, -22.184958 ], [ -54.666666, -22.185127 ] ] ] } },
{ "type": "Feature", "properties": { "id": 94130, "insc_imob": "05.01.45.13.116", "quadra_cartorio": "21", "lote_cartorio": "06", "matricula": "38817", "circunscricao": "1º CIRCUNSCRIÇÃO", "zoneamento": null, "condominio": null, "area_geom": 555.25, "cnm": "062661.2.0038817-28" }, "geometry": { "type": "Polygon", "coordinates": [ [ [ -54.66647, -22.185356 ], [ -54.666243, -22.185187 ], [ -54.666354, -22.185057 ], [ -54.666582, -22.185225 ], [ -54.66647, -22.185356 ] ] ] } },
{ "type": "Feature", "properties": { "id": 94131, "insc_imob": "05.01.45.15.246", "quadra_cartorio": "20", "lote_cartorio": "18", "matricula": "34869", "circunscricao": "1º CIRCUNSCRIÇÃO", "zoneamento": null, "condominio": null, "area_geom": 591.27, "cnm": "062661.2.0034869-38" }, "geometry": { "type": "Polygon", "coordinates": [ [ [ -54.666346, -22.184777 ], [ -54.666091, -22.185075 ], [ -54.665985, -22.184996 ], [ -54.66624, -22.184698 ], [ -54.666346, -22.184777 ] ] ] } },
{ "type": "Feature", "properties": { "id": 94133, "insc_imob": "05.01.45.15.303", "quadra_cartorio": "20", "lote_cartorio": "01", "matricula": "40289", "circunscricao": "1º CIRCUNSCRIÇÃO", "zoneamento": null, "condominio": null, "area_geom": 591.27, "cnm": "062661.2.0040289-74" }, "geometry": { "type": "Polygon", "coordinates": [ [ [ -54.666346, -22.184777 ], [ -54.66624, -22.184698 ], [ -54.666495, -22.184399 ], [ -54.666601, -22.184478 ], [ -54.666346, -22.184777 ] ] ] } },
{ "type": "Feature", "properties": { "id": 94134, "insc_imob": "05.01.45.15.315", "quadra_cartorio": "20", "lote_cartorio": "02", "matricula": "40288", "circunscricao": "1º CIRCUNSCRIÇÃO", "zoneamento": null, "condominio": null, "area_geom": 506.8, "cnm": "062661.2.0040288-77" }, "geometry": { "type": "Polygon", "coordinates": [ [ [ -54.666495, -22.184399 ], [ -54.66624, -22.184698 ], [ -54.666149, -22.18463 ], [ -54.666404, -22.184332 ], [ -54.666495, -22.184399 ] ] ] } },
{ "type": "Feature", "properties": { "id": 94135, "insc_imob": "05.01.45.15.190", "quadra_cartorio": "20", "lote_cartorio": "17", "matricula": "34870", "circunscricao": "1º CIRCUNSCRIÇÃO", "zoneamento": null, "condominio": null, "area_geom": 506.8, "cnm": "062661.2.0034870-35" }, "geometry": { "type": "Polygon", "coordinates": [ [ [ -54.665985, -22.184996 ], [ -54.665894, -22.184929 ], [ -54.666149, -22.18463 ], [ -54.66624, -22.184698 ], [ -54.665985, -22.184996 ] ] ] } },
{ "type": "Feature", "properties": { "id": 94136, "insc_imob": "05.01.45.15.327", "quadra_cartorio": "20", "lote_cartorio": "03", "matricula": "32960", "circunscricao": "1º CIRCUNSCRIÇÃO", "zoneamento": null, "condominio": null, "area_geom": 506.8, "cnm": "062661.2.0032960-42" }, "geometry": { "type": "Polygon", "coordinates": [ [ [ -54.666404, -22.184332 ], [ -54.666149, -22.18463 ], [ -54.666058, -22.184563 ], [ -54.666313, -22.184264 ], [ -54.666404, -22.184332 ] ] ] } },
{ "type": "Feature", "properties": { "id": 94137, "insc_imob": "05.01.45.15.178", "quadra_cartorio": "20", "lote_cartorio": "16", "matricula": "40280", "circunscricao": "1º CIRCUNSCRIÇÃO", "zoneamento": null, "condominio": null, "area_geom": 506.8, "cnm": "062661.2.0040280-04" }, "geometry": { "type": "Polygon", "coordinates": [ [ [ -54.665894, -22.184929 ], [ -54.665803, -22.184861 ], [ -54.666058, -22.184563 ], [ -54.666149, -22.18463 ], [ -54.665894, -22.184929 ] ] ] } },
{ "type": "Feature", "properties": { "id": 94138, "insc_imob": "05.01.45.15.339", "quadra_cartorio": "20", "lote_cartorio": "04", "matricula": "32262", "circunscricao": "1º CIRCUNSCRIÇÃO", "zoneamento": null, "condominio": null, "area_geom": 506.8, "cnm": "062661.2.0032262-02" }, "geometry": { "type": "Polygon", "coordinates": [ [ [ -54.666313, -22.184264 ], [ -54.666058, -22.184563 ], [ -54.665967, -22.184495 ], [ -54.666222, -22.184197 ], [ -54.666313, -22.184264 ] ] ] } },
{ "type": "Feature", "properties": { "id": 94139, "insc_imob": "05.01.45.15.166", "quadra_cartorio": "20", "lote_cartorio": "15", "matricula": "38810", "circunscricao": "1º CIRCUNSCRIÇÃO", "zoneamento": null, "condominio": null, "area_geom": 506.8, "cnm": "062661.2.0038810-49" }, "geometry": { "type": "Polygon", "coordinates": [ [ [ -54.665803, -22.184861 ], [ -54.665712, -22.184794 ], [ -54.665967, -22.184495 ], [ -54.666058, -22.184563 ], [ -54.665803, -22.184861 ] ] ] } },
{ "type": "Feature", "properties": { "id": 94140, "insc_imob": "05.01.45.15.356", "quadra_cartorio": "20", "lote_cartorio": "05", "matricula": "40270", "circunscricao": "1º CIRCUNSCRIÇÃO", "zoneamento": null, "condominio": null, "area_geom": 506.8, "cnm": "062661.2.0040270-34" }, "geometry": { "type": "Polygon", "coordinates": [ [ [ -54.666181, -22.184166 ], [ -54.665925, -22.184464 ], [ -54.665834, -22.184397 ], [ -54.66609, -22.184098 ], [ -54.666181, -22.184166 ] ] ] } },
{ "type": "Feature", "properties": { "id": 94141, "insc_imob": "05.01.45.15.148", "quadra_cartorio": "20", "lote_cartorio": "14", "matricula": "53755", "circunscricao": "1º CIRCUNSCRIÇÃO", "zoneamento": null, "condominio": null, "area_geom": 506.8, "cnm": "062661.2.0053755-28" }, "geometry": { "type": "Polygon", "coordinates": [ [ [ -54.66567, -22.184763 ], [ -54.665579, -22.184695 ], [ -54.665834, -22.184397 ], [ -54.665925, -22.184464 ], [ -54.66567, -22.184763 ] ] ] } },
{ "type": "Feature", "properties": { "id": 94142, "insc_imob": "05.01.45.15.369", "quadra_cartorio": "20", "lote_cartorio": "06", "matricula": "53748", "circunscricao": "1º CIRCUNSCRIÇÃO", "zoneamento": null, "condominio": null, "area_geom": 506.8, "cnm": "062661.2.0053748-49" }, "geometry": { "type": "Polygon", "coordinates": [ [ [ -54.66609, -22.184098 ], [ -54.665834, -22.184397 ], [ -54.665743, -22.184329 ], [ -54.665999, -22.184031 ], [ -54.66609, -22.184098 ] ] ] } },
{ "type": "Feature", "properties": { "id": 94143, "insc_imob": "05.01.45.15.136", "quadra_cartorio": "20", "lote_cartorio": "13", "matricula": "53754", "circunscricao": "1º CIRCUNSCRIÇÃO", "zoneamento": null, "condominio": null, "area_geom": 506.8, "cnm": "062661.2.0053754-31" }, "geometry": { "type": "Polygon", "coordinates": [ [ [ -54.665579, -22.184695 ], [ -54.665488, -22.184628 ], [ -54.665743, -22.184329 ], [ -54.665834, -22.184397 ], [ -54.665579, -22.184695 ] ] ] } },
{ "type": "Feature", "properties": { "id": 94145, "insc_imob": "05.01.45.15.124", "quadra_cartorio": "20", "lote_cartorio": "12", "matricula": "53753", "circunscricao": "1º CIRCUNSCRIÇÃO", "zoneamento": null, "condominio": null, "area_geom": 506.8, "cnm": "062661.2.0053753-34" }, "geometry": { "type": "Polygon", "coordinates": [ [ [ -54.665488, -22.184628 ], [ -54.665397, -22.18456 ], [ -54.665652, -22.184262 ], [ -54.665743, -22.184329 ], [ -54.665488, -22.184628 ] ] ] } },
{ "type": "Feature", "properties": { "id": 94146, "insc_imob": "05.01.45.15.393", "quadra_cartorio": "20", "lote_cartorio": "08", "matricula": "53750", "circunscricao": "1º CIRCUNSCRIÇÃO", "zoneamento": null, "condominio": null, "area_geom": 506.8, "cnm": "062661.2.0053750-43" }, "geometry": { "type": "Polygon", "coordinates": [ [ [ -54.665908, -22.183963 ], [ -54.665652, -22.184262 ], [ -54.665561, -22.184194 ], [ -54.665817, -22.183896 ], [ -54.665908, -22.183963 ] ] ] } },
{ "type": "Feature", "properties": { "id": 94147, "insc_imob": "05.01.45.15.112", "quadra_cartorio": "20", "lote_cartorio": "11", "matricula": "53752", "circunscricao": "1º CIRCUNSCRIÇÃO", "zoneamento": null, "condominio": null, "area_geom": 506.8, "cnm": "062661.2.0053752-37" }, "geometry": { "type": "Polygon", "coordinates": [ [ [ -54.665397, -22.18456 ], [ -54.665306, -22.184493 ], [ -54.665561, -22.184194 ], [ -54.665652, -22.184262 ], [ -54.665397, -22.18456 ] ] ] } },
{ "type": "Feature", "properties": { "id": 94148, "insc_imob": "05.01.45.15.043", "quadra_cartorio": "20", "lote_cartorio": "09", "matricula": "53751", "circunscricao": "1º CIRCUNSCRIÇÃO", "zoneamento": null, "condominio": null, "area_geom": 591.27, "cnm": "062661.2.0053751-40" }, "geometry": { "type": "Polygon", "coordinates": [ [ [ -54.665561, -22.184194 ], [ -54.665455, -22.184116 ], [ -54.665711, -22.183817 ], [ -54.665817, -22.183896 ], [ -54.665561, -22.184194 ] ] ] } },
{ "type": "Feature", "properties": { "id": 94149, "insc_imob": "05.01.45.15.100", "quadra_cartorio": "20", "lote_cartorio": "10", "matricula": "53752", "circunscricao": "1º CIRCUNSCRIÇÃO", "zoneamento": null, "condominio": null, "area_geom": 591.27, "cnm": "062661.2.0053752-37" }, "geometry": { "type": "Polygon", "coordinates": [ [ [ -54.665306, -22.184493 ], [ -54.6652, -22.184414 ], [ -54.665455, -22.184116 ], [ -54.665561, -22.184194 ], [ -54.665306, -22.184493 ] ] ] } },
{ "type": "Feature", "properties": { "id": 94150, "insc_imob": "05.01.45.14.075", "quadra_cartorio": "19", "lote_cartorio": "10", "matricula": "40274", "circunscricao": "1º CIRCUNSCRIÇÃO", "zoneamento": null, "condominio": null, "area_geom": 419.73, "cnm": "062661.2.0040274-22" }, "geometry": { "type": "Polygon", "coordinates": [ [ [ -54.665937, -22.183755 ], [ -54.665831, -22.183676 ], [ -54.666012, -22.183464 ], [ -54.666119, -22.183543 ], [ -54.665937, -22.183755 ] ] ] } },
{ "type": "Feature", "properties": { "id": 94151, "insc_imob": "05.01.45.14.031", "quadra_cartorio": "19", "lote_cartorio": "09", "matricula": "40273", "circunscricao": "1º CIRCUNSCRIÇÃO", "zoneamento": null, "condominio": null, "area_geom": 419.74, "cnm": "062661.2.0040273-25" }, "geometry": { "type": "Polygon", "coordinates": [ [ [ -54.6663, -22.183331 ], [ -54.666119, -22.183543 ], [ -54.666012, -22.183464 ], [ -54.666194, -22.183252 ], [ -54.6663, -22.183331 ] ] ] } },
{ "type": "Feature", "properties": { "id": 94152, "insc_imob": "05.01.45.14.087", "quadra_cartorio": "19", "lote_cartorio": "11", "matricula": "32963", "circunscricao": "1º CIRCUNSCRIÇÃO", "zoneamento": null, "condominio": null, "area_geom": 359.77, "cnm": "062661.2.0032963-33" }, "geometry": { "type": "Polygon", "coordinates": [ [ [ -54.666028, -22.183822 ], [ -54.665937, -22.183755 ], [ -54.666119, -22.183543 ], [ -54.66621, -22.18361 ], [ -54.666028, -22.183822 ] ] ] } },
{ "type": "Feature", "properties": { "id": 94154, "insc_imob": "05.01.45.14.099", "quadra_cartorio": "19", "lote_cartorio": "12", "matricula": "32962", "circunscricao": "1º CIRCUNSCRIÇÃO", "zoneamento": null, "condominio": null, "area_geom": 359.77, "cnm": "062661.2.0032962-36" }, "geometry": { "type": "Polygon", "coordinates": [ [ [ -54.666119, -22.18389 ], [ -54.666028, -22.183822 ], [ -54.66621, -22.18361 ], [ -54.666301, -22.183678 ], [ -54.666119, -22.18389 ] ] ] } },
{ "type": "Feature", "properties": { "id": 94155, "insc_imob": "05.01.45.14.331", "quadra_cartorio": "19", "lote_cartorio": "07", "matricula": "54560", "circunscricao": "1º CIRCUNSCRIÇÃO", "zoneamento": null, "condominio": null, "area_geom": 359.77, "cnm": "062661.2.0054560-38" }, "geometry": { "type": "Polygon", "coordinates": [ [ [ -54.666482, -22.183466 ], [ -54.666301, -22.183678 ], [ -54.66621, -22.18361 ], [ -54.666391, -22.183399 ], [ -54.666482, -22.183466 ] ] ] } },
{ "type": "Feature", "properties": { "id": 94156, "insc_imob": "05.01.45.14.111", "quadra_cartorio": "19", "lote_cartorio": "13", "matricula": "32604", "circunscricao": "1º CIRCUNSCRIÇÃO", "zoneamento": null, "condominio": null, "area_geom": 359.77, "cnm": "062661.2.0032604-43" }, "geometry": { "type": "Polygon", "coordinates": [ [ [ -54.66621, -22.183957 ], [ -54.666119, -22.18389 ], [ -54.666301, -22.183678 ], [ -54.666392, -22.183745 ], [ -54.66621, -22.183957 ] ] ] } },
{ "type": "Feature", "properties": { "id": 94157, "insc_imob": "05.01.45.14.319", "quadra_cartorio": "19", "lote_cartorio": "06", "matricula": "32232", "circunscricao": "1º CIRCUNSCRIÇÃO", "zoneamento": null, "condominio": null, "area_geom": 359.77, "cnm": "062661.2.0032232-92" }, "geometry": { "type": "Polygon", "coordinates": [ [ [ -54.666573, -22.183534 ], [ -54.666392, -22.183745 ], [ -54.666301, -22.183678 ], [ -54.666482, -22.183466 ], [ -54.666573, -22.183534 ] ] ] } },
{ "type": "Feature", "properties": { "id": 94158, "insc_imob": "05.01.45.14.123", "quadra_cartorio": "19", "lote_cartorio": "14", "matricula": "32961", "circunscricao": "1º CIRCUNSCRIÇÃO", "zoneamento": null, "condominio": null, "area_geom": 359.77, "cnm": "062661.2.0032961-39" }, "geometry": { "type": "Polygon", "coordinates": [ [ [ -54.666301, -22.184025 ], [ -54.66621, -22.183957 ], [ -54.666392, -22.183745 ], [ -54.666483, -22.183813 ], [ -54.666301, -22.184025 ] ] ] } },
{ "type": "Feature", "properties": { "id": 94159, "insc_imob": "05.01.45.14.307", "quadra_cartorio": "19", "lote_cartorio": "05", "matricula": "32603", "circunscricao": "1º CIRCUNSCRIÇÃO", "zoneamento": null, "condominio": null, "area_geom": 359.77, "cnm": "062661.2.0032603-46" }, "geometry": { "type": "Polygon", "coordinates": [ [ [ -54.666664, -22.183601 ], [ -54.666483, -22.183813 ], [ -54.666392, -22.183745 ], [ -54.666573, -22.183534 ], [ -54.666664, -22.183601 ] ] ] } },
{ "type": "Feature", "properties": { "id": 94160, "insc_imob": "05.01.45.14.141", "quadra_cartorio": "19", "lote_cartorio": "15", "matricula": "38810", "circunscricao": "1º CIRCUNSCRIÇÃO", "zoneamento": null, "condominio": null, "area_geom": 359.77, "cnm": "062661.2.0038810-49" }, "geometry": { "type": "Polygon", "coordinates": [ [ [ -54.666434, -22.184123 ], [ -54.666343, -22.184056 ], [ -54.666524, -22.183844 ], [ -54.666615, -22.183911 ], [ -54.666434, -22.184123 ] ] ] } },
{ "type": "Feature", "properties": { "id": 94161, "insc_imob": "05.01.45.14.290", "quadra_cartorio": "19", "lote_cartorio": "04", "matricula": "40290", "circunscricao": "1º CIRCUNSCRIÇÃO", "zoneamento": null, "condominio": null, "area_geom": 359.77, "cnm": "062661.2.0040290-71" }, "geometry": { "type": "Polygon", "coordinates": [ [ [ -54.666796, -22.183699 ], [ -54.666615, -22.183911 ], [ -54.666524, -22.183844 ], [ -54.666705, -22.183632 ], [ -54.666796, -22.183699 ] ] ] } },
{ "type": "Feature", "properties": { "id": 94162, "insc_imob": "05.01.45.14.153", "quadra_cartorio": "19", "lote_cartorio": "16", "matricula": "38811", "circunscricao": "1º CIRCUNSCRIÇÃO", "zoneamento": null, "condominio": null, "area_geom": 359.77, "cnm": "062661.2.0038811-46" }, "geometry": { "type": "Polygon", "coordinates": [ [ [ -54.666525, -22.184191 ], [ -54.666434, -22.184123 ], [ -54.666615, -22.183911 ], [ -54.666706, -22.183979 ], [ -54.666525, -22.184191 ] ] ] } },
{ "type": "Feature", "properties": { "id": 94163, "insc_imob": "05.01.45.14.278", "quadra_cartorio": "19", "lote_cartorio": "03", "matricula": "38809", "circunscricao": "1º CIRCUNSCRIÇÃO", "zoneamento": null, "condominio": null, "area_geom": 359.77, "cnm": "062661.2.0038809-52" }, "geometry": { "type": "Polygon", "coordinates": [ [ [ -54.666887, -22.183767 ], [ -54.666706, -22.183979 ], [ -54.666615, -22.183911 ], [ -54.666796, -22.183699 ], [ -54.666887, -22.183767 ] ] ] } },
{ "type": "Feature", "properties": { "id": 94164, "insc_imob": "05.01.45.14.165", "quadra_cartorio": "19", "lote_cartorio": "17", "matricula": "38812", "circunscricao": "1º CIRCUNSCRIÇÃO", "zoneamento": null, "condominio": null, "area_geom": 359.77, "cnm": "062661.2.0038812-43" }, "geometry": { "type": "Polygon", "coordinates": [ [ [ -54.666616, -22.184258 ], [ -54.666525, -22.184191 ], [ -54.666706, -22.183979 ], [ -54.666797, -22.184046 ], [ -54.666616, -22.184258 ] ] ] } },
{ "type": "Feature", "properties": { "id": 94165, "insc_imob": "05.01.45.14.266", "quadra_cartorio": "19", "lote_cartorio": "02", "matricula": "38808", "circunscricao": "1º CIRCUNSCRIÇÃO", "zoneamento": null, "condominio": null, "area_geom": 359.77, "cnm": "062661.2.0038808-55" }, "geometry": { "type": "Polygon", "coordinates": [ [ [ -54.666978, -22.183834 ], [ -54.666797, -22.184046 ], [ -54.666706, -22.183979 ], [ -54.666887, -22.183767 ], [ -54.666978, -22.183834 ] ] ] } },
{ "type": "Feature", "properties": { "id": 94166, "insc_imob": "05.01.45.14.209", "quadra_cartorio": "19", "lote_cartorio": "18", "matricula": "38813", "circunscricao": "1º CIRCUNSCRIÇÃO", "zoneamento": null, "condominio": null, "area_geom": 419.74, "cnm": "062661.2.0038813-40" }, "geometry": { "type": "Polygon", "coordinates": [ [ [ -54.666722, -22.184337 ], [ -54.666616, -22.184258 ], [ -54.666797, -22.184046 ], [ -54.666903, -22.184125 ], [ -54.666722, -22.184337 ] ] ] } },
{ "type": "Feature", "properties": { "id": 94167, "insc_imob": "05.01.45.14.254", "quadra_cartorio": "19", "lote_cartorio": "01", "matricula": "38807", "circunscricao": "1º CIRCUNSCRIÇÃO", "zoneamento": null, "condominio": null, "area_geom": 419.74, "cnm": "062661.2.0038807-58" }, "geometry": { "type": "Polygon", "coordinates": [ [ [ -54.666903, -22.184125 ], [ -54.666797, -22.184046 ], [ -54.666978, -22.183834 ], [ -54.667085, -22.183913 ], [ -54.666903, -22.184125 ] ] ] } },
{ "type": "Feature", "properties": { "id": 94168, "insc_imob": "05.01.45.12.240", "quadra_cartorio": "00", "lote_cartorio": "PRAÇA", "matricula": "36065", "circunscricao": "1º CIRCUNSCRIÇÃO", "zoneamento": null, "condominio": null, "area_geom": 3597.73, "cnm": "062661.2.0036065-39" }, "geometry": { "type": "Polygon", "coordinates": [ [ [ -54.667329, -22.184787 ], [ -54.666874, -22.184449 ], [ -54.667236, -22.184026 ], [ -54.667691, -22.184363 ], [ -54.667329, -22.184787 ] ] ] } },
{ "type": "Feature", "properties": { "id": 94169, "insc_imob": "05.01.45.16.196", "quadra_cartorio": "18", "lote_cartorio": "13", "matricula": "32602", "circunscricao": "1º CIRCUNSCRIÇÃO", "zoneamento": null, "condominio": null, "area_geom": 427.92, "cnm": "062661.2.0032602-49" }, "geometry": { "type": "Polygon", "coordinates": [ [ [ -54.665052, -22.184298 ], [ -54.66482, -22.184126 ], [ -54.664904, -22.184027 ], [ -54.665136, -22.184199 ], [ -54.665052, -22.184298 ] ] ] } },
{ "type": "Feature", "properties": { "id": 94170, "insc_imob": "05.01.45.16.150", "quadra_cartorio": "18", "lote_cartorio": "12", "matricula": "32601", "circunscricao": "1º CIRCUNSCRIÇÃO", "zoneamento": null, "condominio": null, "area_geom": 428.41, "cnm": "062661.2.0032601-52" }, "geometry": { "type": "Polygon", "coordinates": [ [ [ -54.665221, -22.1841 ], [ -54.665136, -22.184199 ], [ -54.664904, -22.184027 ], [ -54.664988, -22.183928 ], [ -54.665221, -22.1841 ] ] ] } },
{ "type": "Feature", "properties": { "id": 94171, "insc_imob": "05.01.45.16.136", "quadra_cartorio": "18", "lote_cartorio": "11", "matricula": "33243", "circunscricao": "1º CIRCUNSCRIÇÃO", "zoneamento": null, "condominio": null, "area_geom": 367.63, "cnm": "062661.2.0033243-66" }, "geometry": { "type": "Polygon", "coordinates": [ [ [ -54.665293, -22.184015 ], [ -54.665221, -22.1841 ], [ -54.664988, -22.183928 ], [ -54.665061, -22.183843 ], [ -54.665293, -22.184015 ] ] ] } },
{ "type": "Feature", "properties": { "id": 94172, "insc_imob": "05.01.45.16.124", "quadra_cartorio": "18", "lote_cartorio": "10", "matricula": "33242", "circunscricao": "1º CIRCUNSCRIÇÃO", "zoneamento": null, "condominio": null, "area_geom": 367.99, "cnm": "062661.2.0033242-69" }, "geometry": { "type": "Polygon", "coordinates": [ [ [ -54.665366, -22.183931 ], [ -54.665293, -22.184015 ], [ -54.665061, -22.183843 ], [ -54.665133, -22.183758 ], [ -54.665366, -22.183931 ] ] ] } },
{ "type": "Feature", "properties": { "id": 94173, "insc_imob": "05.01.45.16.112", "quadra_cartorio": "18", "lote_cartorio": "09", "matricula": "53747", "circunscricao": "1º CIRCUNSCRIÇÃO", "zoneamento": null, "condominio": null, "area_geom": 368.35, "cnm": "062661.2.0053747-52" }, "geometry": { "type": "Polygon", "coordinates": [ [ [ -54.665438, -22.183846 ], [ -54.665366, -22.183931 ], [ -54.665133, -22.183758 ], [ -54.665205, -22.183673 ], [ -54.665438, -22.183846 ] ] ] } },
{ "type": "Feature", "properties": { "id": 94174, "insc_imob": "05.01.45.16.100", "quadra_cartorio": "18", "lote_cartorio": "08", "matricula": "33241", "circunscricao": "1º CIRCUNSCRIÇÃO", "zoneamento": null, "condominio": null, "area_geom": 368.71, "cnm": "062661.2.0033241-72" }, "geometry": { "type": "Polygon", "coordinates": [ [ [ -54.665511, -22.183761 ], [ -54.665438, -22.183846 ], [ -54.665205, -22.183673 ], [ -54.665277, -22.183588 ], [ -54.665511, -22.183761 ] ] ] } },
{ "type": "Feature", "properties": { "id": 94175, "insc_imob": "05.01.45.16.088", "quadra_cartorio": "18", "lote_cartorio": "07", "matricula": "53746", "circunscricao": "1º CIRCUNSCRIÇÃO", "zoneamento": null, "condominio": null, "area_geom": 369.01, "cnm": "062661.2.0053746-55" }, "geometry": { "type": "Polygon", "coordinates": [ [ [ -54.665583, -22.183676 ], [ -54.665511, -22.183761 ], [ -54.665277, -22.183588 ], [ -54.66535, -22.183503 ], [ -54.665583, -22.183676 ] ] ] } },
{ "type": "Feature", "properties": { "id": 94176, "insc_imob": "05.01.45.16.076", "quadra_cartorio": "18", "lote_cartorio": "06", "matricula": "53745", "circunscricao": "1º CIRCUNSCRIÇÃO", "zoneamento": null, "condominio": null, "area_geom": 369.31, "cnm": "062661.2.0053745-58" }, "geometry": { "type": "Polygon", "coordinates": [ [ [ -54.665656, -22.183592 ], [ -54.665583, -22.183676 ], [ -54.66535, -22.183503 ], [ -54.665422, -22.183418 ], [ -54.665656, -22.183592 ] ] ] } },
{ "type": "Feature", "properties": { "id": 94177, "insc_imob": "05.01.45.16.064", "quadra_cartorio": "18", "lote_cartorio": "05", "matricula": "53744", "circunscricao": "1º CIRCUNSCRIÇÃO", "zoneamento": null, "condominio": null, "area_geom": 369.67, "cnm": "062661.2.0053744-61" }, "geometry": { "type": "Polygon", "coordinates": [ [ [ -54.665728, -22.183507 ], [ -54.665656, -22.183592 ], [ -54.665422, -22.183418 ], [ -54.665494, -22.183334 ], [ -54.665728, -22.183507 ] ] ] } },
{ "type": "Feature", "properties": { "id": 94178, "insc_imob": "05.01.45.16.052", "quadra_cartorio": "18", "lote_cartorio": "04", "matricula": "53744", "circunscricao": "1º CIRCUNSCRIÇÃO", "zoneamento": null, "condominio": null, "area_geom": 370.03, "cnm": "062661.2.0053744-61" }, "geometry": { "type": "Polygon", "coordinates": [ [ [ -54.6658, -22.183422 ], [ -54.665728, -22.183507 ], [ -54.665494, -22.183334 ], [ -54.665566, -22.183249 ], [ -54.6658, -22.183422 ] ] ] } },
{ "type": "Feature", "properties": { "id": 94179, "insc_imob": "05.01.45.16.040", "quadra_cartorio": "18", "lote_cartorio": "03", "matricula": "53742", "circunscricao": "1º CIRCUNSCRIÇÃO", "zoneamento": null, "condominio": null, "area_geom": 370.39, "cnm": "062661.2.0053742-67" }, "geometry": { "type": "Polygon", "coordinates": [ [ [ -54.665873, -22.183338 ], [ -54.6658, -22.183422 ], [ -54.665566, -22.183249 ], [ -54.665639, -22.183164 ], [ -54.665873, -22.183338 ] ] ] } },
{ "type": "Feature", "properties": { "id": 94180, "insc_imob": "05.01.45.16.028", "quadra_cartorio": "18", "lote_cartorio": "02", "matricula": "32261", "circunscricao": "1º CIRCUNSCRIÇÃO", "zoneamento": null, "condominio": null, "area_geom": 432.61, "cnm": "062661.2.0032261-05" }, "geometry": { "type": "Polygon", "coordinates": [ [ [ -54.665957, -22.183239 ], [ -54.665873, -22.183338 ], [ -54.665639, -22.183164 ], [ -54.665723, -22.183065 ], [ -54.665957, -22.183239 ] ] ] } },
{ "type": "Feature", "properties": { "id": 94181, "insc_imob": "05.01.45.16.014", "quadra_cartorio": "18", "lote_cartorio": "01", "matricula": "53741", "circunscricao": "1º CIRCUNSCRIÇÃO", "zoneamento": null, "condominio": null, "area_geom": 433.1, "cnm": "062661.2.0053741-70" }, "geometry": { "type": "Polygon", "coordinates": [ [ [ -54.666042, -22.18314 ], [ -54.665957, -22.183239 ], [ -54.665723, -22.183065 ], [ -54.665807, -22.182966 ], [ -54.666042, -22.18314 ] ] ] } },
{ "type": "Feature", "properties": { "id": 94183, "insc_imob": "05.01.45.21.121", "quadra_cartorio": "24", "lote_cartorio": "06", "matricula": "33227", "circunscricao": "1º CIRCUNSCRIÇÃO", "zoneamento": null, "condominio": null, "area_geom": 552.01, "cnm": "062661.2.0033227-17" }, "geometry": { "type": "Polygon", "coordinates": [ [ [ -54.666433, -22.186095 ], [ -54.666346, -22.186022 ], [ -54.666622, -22.1857 ], [ -54.666713, -22.185767 ], [ -54.666433, -22.186095 ] ] ] } },
{ "type": "Feature", "properties": { "id": 94190, "insc_imob": "05.01.45.22.200", "quadra_cartorio": "23", "lote_cartorio": "13", "matricula": "53758", "circunscricao": "1º CIRCUNSCRIÇÃO", "zoneamento": null, "condominio": null, "area_geom": 558.6, "cnm": "062661.2.0053758-19" }, "geometry": { "type": "Polygon", "coordinates": [ [ [ -54.66597, -22.185216 ], [ -54.665726, -22.185501 ], [ -54.665626, -22.185416 ], [ -54.665864, -22.185137 ], [ -54.66597, -22.185216 ] ] ] } },
{ "type": "Feature", "properties": { "id": 94191, "insc_imob": "05.01.45.22.186", "quadra_cartorio": "23", "lote_cartorio": "12", "matricula": "34014", "circunscricao": "1º CIRCUNSCRIÇÃO", "zoneamento": null, "condominio": null, "area_geom": 469.14, "cnm": "062661.2.0034014-81" }, "geometry": { "type": "Polygon", "coordinates": [ [ [ -54.665864, -22.185137 ], [ -54.665626, -22.185416 ], [ -54.665539, -22.185344 ], [ -54.665773, -22.18507 ], [ -54.665864, -22.185137 ] ] ] } },
{ "type": "Feature", "properties": { "id": 94192, "insc_imob": "05.01.45.22.174", "quadra_cartorio": "23", "lote_cartorio": "11", "matricula": "33222", "circunscricao": "1º CIRCUNSCRIÇÃO", "zoneamento": null, "condominio": null, "area_geom": 460.27, "cnm": "062661.2.0033222-32" }, "geometry": { "type": "Polygon", "coordinates": [ [ [ -54.665773, -22.18507 ], [ -54.665539, -22.185344 ], [ -54.665452, -22.185271 ], [ -54.665682, -22.185002 ], [ -54.665773, -22.18507 ] ] ] } },
{ "type": "Feature", "properties": { "id": 94193, "insc_imob": "05.01.45.22.162", "quadra_cartorio": "23", "lote_cartorio": "10", "matricula": "33237", "circunscricao": "1º CIRCUNSCRIÇÃO", "zoneamento": null, "condominio": null, "area_geom": 451.39, "cnm": "062661.2.0033237-84" }, "geometry": { "type": "Polygon", "coordinates": [ [ [ -54.665682, -22.185002 ], [ -54.665452, -22.185271 ], [ -54.665366, -22.185198 ], [ -54.665591, -22.184935 ], [ -54.665682, -22.185002 ] ] ] } },
{ "type": "Feature", "properties": { "id": 94194, "insc_imob": "05.01.45.22.150", "quadra_cartorio": "23", "lote_cartorio": "09", "matricula": "33246", "circunscricao": "1º CIRCUNSCRIÇÃO", "zoneamento": null, "condominio": null, "area_geom": 442.52, "cnm": "062661.2.0033246-57" }, "geometry": { "type": "Polygon", "coordinates": [ [ [ -54.665591, -22.184935 ], [ -54.665366, -22.185198 ], [ -54.665279, -22.185125 ], [ -54.6655, -22.184867 ], [ -54.665591, -22.184935 ] ] ] } },
{ "type": "Feature", "properties": { "id": 94195, "insc_imob": "05.01.45.22.138", "quadra_cartorio": "23", "lote_cartorio": "08", "matricula": "53575", "circunscricao": "1º CIRCUNSCRIÇÃO", "zoneamento": null, "condominio": null, "area_geom": 433.65, "cnm": "062661.2.0053575-83" }, "geometry": { "type": "Polygon", "coordinates": [ [ [ -54.6655, -22.184867 ], [ -54.665279, -22.185125 ], [ -54.665193, -22.185053 ], [ -54.665409, -22.1848 ], [ -54.6655, -22.184867 ] ] ] } },
{ "type": "Feature", "properties": { "id": 94196, "insc_imob": "05.01.45.22.126", "quadra_cartorio": "23", "lote_cartorio": "07", "matricula": "33627", "circunscricao": "1º CIRCUNSCRIÇÃO", "zoneamento": null, "condominio": null, "area_geom": 424.77, "cnm": "062661.2.0033627-78" }, "geometry": { "type": "Polygon", "coordinates": [ [ [ -54.665409, -22.1848 ], [ -54.665193, -22.185053 ], [ -54.665106, -22.18498 ], [ -54.665318, -22.184732 ], [ -54.665409, -22.1848 ] ] ] } },
{ "type": "Feature", "properties": { "id": 94197, "insc_imob": "05.01.45.22.114", "quadra_cartorio": "23", "lote_cartorio": "06", "matricula": "32608", "circunscricao": "1º CIRCUNSCRIÇÃO", "zoneamento": null, "condominio": null, "area_geom": 415.9, "cnm": "062661.2.0032608-31" }, "geometry": { "type": "Polygon", "coordinates": [ [ [ -54.665318, -22.184732 ], [ -54.665106, -22.18498 ], [ -54.66502, -22.184907 ], [ -54.665227, -22.184665 ], [ -54.665318, -22.184732 ] ] ] } },
{ "type": "Feature", "properties": { "id": 94198, "insc_imob": "05.01.45.22.101", "quadra_cartorio": "23", "lote_cartorio": "05", "matricula": "53756", "circunscricao": "1º CIRCUNSCRIÇÃO", "zoneamento": null, "condominio": null, "area_geom": 407.02, "cnm": "062661.2.0053756-25" }, "geometry": { "type": "Polygon", "coordinates": [ [ [ -54.665227, -22.184665 ], [ -54.66502, -22.184907 ], [ -54.664933, -22.184835 ], [ -54.665136, -22.184597 ], [ -54.665227, -22.184665 ] ] ] } },
{ "type": "Feature", "properties": { "id": 94200, "insc_imob": "05.01.45.22.077", "quadra_cartorio": "23", "lote_cartorio": "03", "matricula": "36063", "circunscricao": "1º CIRCUNSCRIÇÃO", "zoneamento": null, "condominio": null, "area_geom": 389.27, "cnm": "062661.2.0036063-45" }, "geometry": { "type": "Polygon", "coordinates": [ [ [ -54.665045, -22.18453 ], [ -54.664847, -22.184762 ], [ -54.66476, -22.184689 ], [ -54.664954, -22.184462 ], [ -54.665045, -22.18453 ] ] ] } },
{ "type": "Feature", "properties": { "id": 94201, "insc_imob": "05.01.45.22.065", "quadra_cartorio": "23", "lote_cartorio": "02", "matricula": "36062", "circunscricao": "1º CIRCUNSCRIÇÃO", "zoneamento": null, "condominio": null, "area_geom": 380.4, "cnm": "062661.2.0036062-48" }, "geometry": { "type": "Polygon", "coordinates": [ [ [ -54.66476, -22.184689 ], [ -54.664674, -22.184616 ], [ -54.664863, -22.184395 ], [ -54.664954, -22.184462 ], [ -54.66476, -22.184689 ] ] ] } },
{ "type": "Feature", "properties": { "id": 94202, "insc_imob": "05.01.45.22.053", "quadra_cartorio": "23", "lote_cartorio": "01", "matricula": "36061", "circunscricao": "1º CIRCUNSCRIÇÃO", "zoneamento": null, "condominio": null, "area_geom": 675.04, "cnm": "062661.2.0036061-51" }, "geometry": { "type": "Polygon", "coordinates": [ [ [ -54.664674, -22.184616 ], [ -54.664515, -22.184483 ], [ -54.664696, -22.184271 ], [ -54.664863, -22.184395 ], [ -54.664674, -22.184616 ] ] ] } },
{ "type": "Feature", "properties": { "id": 94612, "insc_imob": "05.01.45.04.029", "quadra_cartorio": "14", "lote_cartorio": "02", "matricula": "38753", "circunscricao": null, "zoneamento": null, "condominio": null, "area_geom": 420.41, "cnm": "062661.2.0038753-26" }, "geometry": { "type": "Polygon", "coordinates": [ [ [ -54.667218, -22.182489 ], [ -54.666991, -22.18232 ], [ -54.667076, -22.182221 ], [ -54.667304, -22.182391 ], [ -54.667218, -22.182489 ] ] ] } },
{ "type": "Feature", "properties": { "id": 95601, "insc_imob": "05.01.34.02.107", "quadra_cartorio": "1", "lote_cartorio": "17", "matricula": "1733", "circunscricao": "1º CIRCUNSCRIÇÃO", "zoneamento": null, "condominio": null, "area_geom": 423.07, "cnm": "062661.2.0001733-21" }, "geometry": { "type": "Polygon", "coordinates": [ [ [ -54.674469, -22.182021 ], [ -54.674687, -22.181777 ], [ -54.674776, -22.181847 ], [ -54.674559, -22.182091 ], [ -54.674469, -22.182021 ] ] ] } },
{ "type": "Feature", "properties": { "id": 95602, "insc_imob": "05.01.34.21.128", "quadra_cartorio": "7", "lote_cartorio": "11", "matricula": "45475", "circunscricao": "1º CIRCUNSCRIÇÃO", "zoneamento": null, "condominio": null, "area_geom": 362.6, "cnm": "062661.2.0045475-36" }, "geometry": { "type": "Polygon", "coordinates": [ [ [ -54.674739, -22.184114 ], [ -54.674926, -22.183905 ], [ -54.674933, -22.183911 ], [ -54.675015, -22.183975 ], [ -54.674829, -22.184184 ], [ -54.674739, -22.184114 ] ] ] } },
{ "type": "Feature", "properties": { "id": 95808, "insc_imob": "05.01.34.13.124", "quadra_cartorio": "04", "lote_cartorio": "15", "matricula": "57412", "circunscricao": "1º CIRCUNSCRIÇÃO", "zoneamento": null, "condominio": null, "area_geom": 302.24, "cnm": "062661.2.0057412-18" }, "geometry": { "type": "Polygon", "coordinates": [ [ [ -54.673246, -22.182022 ], [ -54.673402, -22.181848 ], [ -54.673433, -22.181813 ], [ -54.673508, -22.181871 ], [ -54.673321, -22.18208 ], [ -54.673246, -22.182022 ] ] ] } },
{ "type": "Feature", "properties": { "id": 95809, "insc_imob": "05.01.34.13.135", "quadra_cartorio": "04", "lote_cartorio": "14", "matricula": "57411", "circunscricao": "1º CIRCUNSCRIÇÃO", "zoneamento": null, "condominio": null, "area_geom": 302.25, "cnm": "062661.2.0057411-21" }, "geometry": { "type": "Polygon", "coordinates": [ [ [ -54.673321, -22.18208 ], [ -54.673508, -22.181871 ], [ -54.673583, -22.181929 ], [ -54.673396, -22.182138 ], [ -54.673321, -22.18208 ] ] ] } },
{ "type": "Feature", "properties": { "id": 97891, "insc_imob": "05.01.34.23.114", "quadra_cartorio": "07", "lote_cartorio": "05", "matricula": "62240", "circunscricao": "1º CIRCUNSCRIÇÃO", "zoneamento": null, "condominio": null, "area_geom": 294.58, "cnm": "062661.2.0062240-84" }, "geometry": { "type": "Polygon", "coordinates": [ [ [ -54.672933, -22.182343 ], [ -54.672964, -22.182309 ], [ -54.673115, -22.18214 ], [ -54.67319, -22.182198 ], [ -54.673008, -22.182401 ], [ -54.672967, -22.18237 ], [ -54.672933, -22.182343 ] ] ] } },
{ "type": "Feature", "properties": { "id": 97941, "insc_imob": "05.01.23.01.316", "quadra_cartorio": "08", "lote_cartorio": "DATA 07", "matricula": "1637", "circunscricao": "1º CIRCUNSCRIÇÃO", "zoneamento": null, "condominio": null, "area_geom": 2133.96, "cnm": "062661.2.0001637-18" }, "geometry": { "type": "Polygon", "coordinates": [ [ [ -54.679418, -22.184566 ], [ -54.679894, -22.184044 ], [ -54.680101, -22.184205 ], [ -54.679631, -22.184731 ], [ -54.679418, -22.184566 ] ] ] } },
{ "type": "Feature", "properties": { "id": 98277, "insc_imob": "05.01.34.11.180", "quadra_cartorio": "5", "lote_cartorio": "03", "matricula": "12649", "circunscricao": "1º CIRCUNSCRIÇÃO", "zoneamento": null, "condominio": null, "area_geom": 362.68, "cnm": "062661.2.0012649-59" }, "geometry": { "type": "Polygon", "coordinates": [ [ [ -54.675803, -22.18364 ], [ -54.67599, -22.183431 ], [ -54.67608, -22.183501 ], [ -54.675893, -22.18371 ], [ -54.675841, -22.183669 ], [ -54.675803, -22.18364 ] ] ] } },
{ "type": "Feature", "properties": { "id": 98622, "insc_imob": "05.01.34.12.218", "quadra_cartorio": "3", "lote_cartorio": "09", "matricula": "19357", "circunscricao": "1º CIRCUNSCRIÇÃO", "zoneamento": null, "condominio": null, "area_geom": 362.68, "cnm": "062661.2.0019357-14" }, "geometry": { "type": "Polygon", "coordinates": [ [ [ -54.674654, -22.182736 ], [ -54.674691, -22.182695 ], [ -54.674916, -22.182868 ], [ -54.674841, -22.182952 ], [ -54.674616, -22.182778 ], [ -54.674654, -22.182736 ] ] ] } },
{ "type": "Feature", "properties": { "id": 98725, "insc_imob": "05.01.34.01.181", "quadra_cartorio": "02", "lote_cartorio": "11B", "matricula": "137693", "circunscricao": "1º CIRCUNSCRIÇÃO", "zoneamento": null, "condominio": null, "area_geom": 633.11, "cnm": "062661.2.0137693-26" }, "geometry": { "type": "Polygon", "coordinates": [ [ [ -54.676237, -22.183392 ], [ -54.676455, -22.183147 ], [ -54.676598, -22.183258 ], [ -54.676363, -22.183489 ], [ -54.676237, -22.183392 ] ] ] } },
{ "type": "Feature", "properties": { "id": 98727, "insc_imob": "05.01.34.35.087", "quadra_cartorio": "10", "lote_cartorio": "07", "matricula": "75594", "circunscricao": "1º CIRCUNSCRIÇÃO", "zoneamento": null, "condominio": null, "area_geom": 353.53, "cnm": "062661.2.0075594-83" }, "geometry": { "type": "Polygon", "coordinates": [ [ [ -54.670587, -22.181817 ], [ -54.670769, -22.181614 ], [ -54.670859, -22.181683 ], [ -54.670828, -22.181718 ], [ -54.670677, -22.181887 ], [ -54.670587, -22.181817 ] ] ] } },
{ "type": "Feature", "properties": { "id": 98728, "insc_imob": "05.01.35.11.239", "quadra_cartorio": "02", "lote_cartorio": "02", "matricula": "26514", "circunscricao": "1º CIRCUNSCRIÇÃO", "zoneamento": null, "condominio": null, "area_geom": 352.58, "cnm": "062661.2.0026514-77" }, "geometry": { "type": "Polygon", "coordinates": [ [ [ -54.670984, -22.180649 ], [ -54.671202, -22.180405 ], [ -54.671276, -22.180463 ], [ -54.671058, -22.180707 ], [ -54.670984, -22.180649 ] ] ] } },
{ "type": "Feature", "properties": { "id": 98763, "insc_imob": "05.01.35.22.278", "quadra_cartorio": "06", "lote_cartorio": "17", "matricula": "38702", "circunscricao": "1º CIRCUNSCRIÇÃO", "zoneamento": null, "condominio": null, "area_geom": 359.77, "cnm": "062661.2.0038702-82" }, "geometry": { "type": "Polygon", "coordinates": [ [ [ -54.670252, -22.181369 ], [ -54.670179, -22.181454 ], [ -54.669952, -22.181285 ], [ -54.670024, -22.1812 ], [ -54.670252, -22.181369 ] ] ] } },
{ "type": "Feature", "properties": { "id": 98920, "insc_imob": "05.01.34.01.382", "quadra_cartorio": "02", "lote_cartorio": "06", "matricula": "10175", "circunscricao": "1º CIRCUNSCRIÇÃO", "zoneamento": null, "condominio": null, "area_geom": 423.1, "cnm": "062661.2.0010175-12" }, "geometry": { "type": "Polygon", "coordinates": [ [ [ -54.676096, -22.182869 ], [ -54.676313, -22.182625 ], [ -54.676403, -22.182695 ], [ -54.676185, -22.182939 ], [ -54.676132, -22.182897 ], [ -54.676096, -22.182869 ] ] ] } },
{ "type": "Feature", "properties": { "id": 98921, "insc_imob": "05.01.34.02.204", "quadra_cartorio": "01", "lote_cartorio": "12", "matricula": "135066", "circunscricao": "1º CIRCUNSCRIÇÃO", "zoneamento": null, "condominio": null, "area_geom": 435.2, "cnm": "062661.2.0135066-50" }, "geometry": { "type": "Polygon", "coordinates": [ [ [ -54.674918, -22.182369 ], [ -54.674992, -22.182286 ], [ -54.675262, -22.182494 ], [ -54.675187, -22.182578 ], [ -54.674918, -22.182369 ] ] ] } },
{ "type": "Feature", "properties": { "id": 98957, "insc_imob": "05.01.34.03.145", "quadra_cartorio": "01", "lote_cartorio": "14", "matricula": "57032", "circunscricao": "1º CIRCUNSCRIÇÃO", "zoneamento": null, "condominio": null, "area_geom": 352.59, "cnm": "062661.2.0057032-91" }, "geometry": { "type": "Polygon", "coordinates": [ [ [ -54.673814, -22.181518 ], [ -54.674031, -22.181274 ], [ -54.674106, -22.181332 ], [ -54.673888, -22.181576 ], [ -54.673814, -22.181518 ] ] ] } },
{ "type": "Feature", "properties": { "id": 99065, "insc_imob": "05.01.24.01.222", "quadra_cartorio": "08 NC", "lote_cartorio": "P/LOTE 08", "matricula": "43906", "circunscricao": "1º CIRCUNSCRIÇÃO", "zoneamento": null, "condominio": null, "area_geom": 9781.08, "cnm": "062661.2.0043906-87" }, "geometry": { "type": "Polygon", "coordinates": [ [ [ -54.674539, -22.180882 ], [ -54.675137, -22.180187 ], [ -54.675888, -22.180747 ], [ -54.675265, -22.181444 ], [ -54.674539, -22.180882 ] ] ] } },
{ "type": "Feature", "properties": { "id": 99066, "insc_imob": "05.01.34.02.286", "quadra_cartorio": "01", "lote_cartorio": "08", "matricula": "7129", "circunscricao": "1º CIRCUNSCRIÇÃO", "zoneamento": null, "condominio": null, "area_geom": 423.1, "cnm": "062661.2.0007129-32" }, "geometry": { "type": "Polygon", "coordinates": [ [ [ -54.675046, -22.182056 ], [ -54.675264, -22.181812 ], [ -54.675353, -22.181881 ], [ -54.675289, -22.181953 ], [ -54.675135, -22.182125 ], [ -54.675046, -22.182056 ] ] ] } },
{ "type": "Feature", "properties": { "id": 99128, "insc_imob": "05.01.35.01.390", "quadra_cartorio": "01", "lote_cartorio": "03", "matricula": "26443", "circunscricao": "1º CIRCUNSCRIÇÃO", "zoneamento": null, "condominio": null, "area_geom": 353.29, "cnm": "062661.2.0026443-96" }, "geometry": { "type": "Polygon", "coordinates": [ [ [ -54.67183, -22.179548 ], [ -54.672048, -22.179304 ], [ -54.672123, -22.179362 ], [ -54.671905, -22.179606 ], [ -54.67183, -22.179548 ] ] ] } },
{ "type": "Feature", "properties": { "id": 99165, "insc_imob": "05.01.33.01.677", "quadra_cartorio": "52 NC", "lote_cartorio": "DATA 08 A", "matricula": "31765", "circunscricao": "1º CIRCUNSCRIÇÃO", "zoneamento": null, "condominio": null, "area_geom": 1137.44, "cnm": "062661.2.0031765-38" }, "geometry": { "type": "Polygon", "coordinates": [ [ [ -54.67883, -22.185543 ], [ -54.679298, -22.185019 ], [ -54.67941, -22.185106 ], [ -54.678942, -22.18563 ], [ -54.67883, -22.185543 ] ] ] } },
{ "type": "Feature", "properties": { "id": 99220, "insc_imob": "05.01.35.21.112", "quadra_cartorio": "07", "lote_cartorio": "09", "matricula": "38716", "circunscricao": "1º CIRCUNSCRIÇÃO", "zoneamento": null, "condominio": null, "area_geom": 359.77, "cnm": "062661.2.0038716-40" }, "geometry": { "type": "Polygon", "coordinates": [ [ [ -54.670414, -22.181904 ], [ -54.670341, -22.181989 ], [ -54.670114, -22.18182 ], [ -54.670186, -22.181736 ], [ -54.670414, -22.181904 ] ] ] } },
{ "type": "Feature", "properties": { "id": 99294, "insc_imob": "05.01.35.21.170", "quadra_cartorio": "07", "lote_cartorio": "11", "matricula": "38718", "circunscricao": "1º CIRCUNSCRIÇÃO", "zoneamento": null, "condominio": null, "area_geom": 419.74, "cnm": "062661.2.0038718-34" }, "geometry": { "type": "Polygon", "coordinates": [ [ [ -54.670257, -22.182088 ], [ -54.670172, -22.182187 ], [ -54.669945, -22.182018 ], [ -54.670029, -22.181919 ], [ -54.670257, -22.182088 ] ] ] } },
{ "type": "Feature", "properties": { "id": 99808, "insc_imob": "05.01.34.32.296", "quadra_cartorio": "08", "lote_cartorio": "05", "matricula": "67203-MÃE", "circunscricao": "1º CIRCUNSCRIÇÃO", "zoneamento": null, "condominio": null, "area_geom": 362.66, "cnm": "062661.2.0067203-36" }, "geometry": { "type": "Polygon", "coordinates": [ [ [ -54.67346, -22.183724 ], [ -54.673646, -22.183515 ], [ -54.673736, -22.183584 ], [ -54.67355, -22.183793 ], [ -54.67346, -22.183724 ] ] ] } },
{ "type": "Feature", "properties": { "id": 99989, "insc_imob": "05.01.34.01.119", "quadra_cartorio": "02", "lote_cartorio": "14", "matricula": "135071", "circunscricao": "1º CIRCUNSCRIÇÃO", "zoneamento": null, "condominio": null, "area_geom": 458.36, "cnm": "062661.2.0135071-35" }, "geometry": { "type": "Polygon", "coordinates": [ [ [ -54.675954, -22.182912 ], [ -54.676035, -22.182822 ], [ -54.676096, -22.182869 ], [ -54.676132, -22.182897 ], [ -54.675914, -22.183141 ], [ -54.675817, -22.183066 ], [ -54.675954, -22.182912 ] ] ] } },
{ "type": "Feature", "properties": { "id": 99990, "insc_imob": "05.01.34.33.243", "quadra_cartorio": "08", "lote_cartorio": "01", "matricula": "80315-1RI", "circunscricao": "1º CIRCUNSCRIÇÃO", "zoneamento": null, "condominio": null, "area_geom": 433.77, "cnm": "062661.2.0080315-82" }, "geometry": { "type": "Polygon", "coordinates": [ [ [ -54.672745, -22.183129 ], [ -54.672937, -22.182915 ], [ -54.673041, -22.182996 ], [ -54.67285, -22.18321 ], [ -54.672745, -22.183129 ] ] ] } },
{ "type": "Feature", "properties": { "id": 100320, "insc_imob": "05.01.35.01.420", "quadra_cartorio": "01", "lote_cartorio": "06", "matricula": "21855", "circunscricao": "1º CIRCUNSCRIÇÃO", "zoneamento": null, "condominio": null, "area_geom": 353.29, "cnm": "062661.2.0021855-86" }, "geometry": { "type": "Polygon", "coordinates": [ [ [ -54.671605, -22.179374 ], [ -54.671824, -22.17913 ], [ -54.671899, -22.179188 ], [ -54.67168, -22.179432 ], [ -54.671605, -22.179374 ] ] ] } },
{ "type": "Feature", "properties": { "id": 100351, "insc_imob": "05.01.34.31.024", "quadra_cartorio": "9", "lote_cartorio": "20", "matricula": "36723", "circunscricao": "1º CIRCUNSCRIÇÃO", "zoneamento": null, "condominio": null, "area_geom": 362.67, "cnm": "062661.2.0036723-05" }, "geometry": { "type": "Polygon", "coordinates": [ [ [ -54.674051, -22.184111 ], [ -54.674125, -22.184027 ], [ -54.67435, -22.184201 ], [ -54.674275, -22.184285 ], [ -54.674051, -22.184111 ] ] ] } },
{ "type": "Feature", "properties": { "id": 100382, "insc_imob": "05.01.33.01.747", "quadra_cartorio": "52 NCD", "lote_cartorio": "P/06", "matricula": "80456", "circunscricao": "1º CIRCUNSCRIÇÃO", "zoneamento": null, "condominio": null, "area_geom": 1132.84, "cnm": "062661.2.0080456-47" }, "geometry": { "type": "Polygon", "coordinates": [ [ [ -54.678321, -22.185149 ], [ -54.678789, -22.184625 ], [ -54.678901, -22.184711 ], [ -54.678432, -22.185236 ], [ -54.678321, -22.185149 ] ] ] } },
{ "type": "Feature", "properties": { "id": 100369, "insc_imob": "05.01.34.04.306", "quadra_cartorio": "02", "lote_cartorio": "07", "matricula": "56067", "circunscricao": "1º CIRCUNSCRIÇÃO", "zoneamento": null, "condominio": null, "area_geom": 352.6, "cnm": "062661.2.0056067-76" }, "geometry": { "type": "Polygon", "coordinates": [ [ [ -54.672885, -22.18037 ], [ -54.673103, -22.180126 ], [ -54.673178, -22.180184 ], [ -54.67296, -22.180428 ], [ -54.672885, -22.18037 ] ] ] } },
{ "type": "Feature", "properties": { "id": 100383, "insc_imob": "05.01.34.03.124", "quadra_cartorio": "01", "lote_cartorio": "16", "matricula": "57995", "circunscricao": "1º CIRCUNSCRIÇÃO", "zoneamento": null, "condominio": null, "area_geom": 352.6, "cnm": "062661.2.0057995-15" }, "geometry": { "type": "Polygon", "coordinates": [ [ [ -54.673664, -22.181402 ], [ -54.673882, -22.181158 ], [ -54.673923, -22.18119 ], [ -54.673957, -22.181216 ], [ -54.673926, -22.181251 ], [ -54.673739, -22.18146 ], [ -54.673664, -22.181402 ] ] ] } },
{ "type": "Feature", "properties": { "id": 100396, "insc_imob": "05.01.34.01.313", "quadra_cartorio": "00", "lote_cartorio": "DATA 01", "matricula": "15790", "circunscricao": "1º CIRCUNSCRIÇÃO", "zoneamento": null, "condominio": null, "area_geom": 2318.28, "cnm": "062661.2.0015790-45" }, "geometry": { "type": "Polygon", "coordinates": [ [ [ -54.676598, -22.183258 ], [ -54.676833, -22.183028 ], [ -54.67714, -22.183266 ], [ -54.677127, -22.183358 ], [ -54.677038, -22.183399 ], [ -54.676955, -22.183419 ], [ -54.676857, -22.183455 ], [ -54.676778, -22.183479 ], [ -54.67672, -22.183495 ], [ -54.676654, -22.183517 ], [ -54.676592, -22.183531 ], [ -54.676525, -22.183551 ], [ -54.676464, -22.183567 ], [ -54.676363, -22.183489 ], [ -54.676598, -22.183258 ] ] ] } },
{ "type": "Feature", "properties": { "id": 100419, "insc_imob": "05.01.34.11.085", "quadra_cartorio": "4", "lote_cartorio": "09", "matricula": "21599", "circunscricao": "1º CIRCUNSCRIÇÃO", "zoneamento": null, "condominio": null, "area_geom": 362.67, "cnm": "062661.2.0021599-78" }, "geometry": { "type": "Polygon", "coordinates": [ [ [ -54.674808, -22.183238 ], [ -54.674902, -22.183133 ], [ -54.675081, -22.183273 ], [ -54.674988, -22.183377 ], [ -54.674808, -22.183238 ] ] ] } },
{ "type": "Feature", "properties": { "id": 100439, "insc_imob": "05.01.35.01.322", "quadra_cartorio": "01", "lote_cartorio": "14", "matricula": "36134", "circunscricao": "1º CIRCUNSCRIÇÃO", "zoneamento": null, "condominio": null, "area_geom": 734.16, "cnm": "062661.2.0036134-26" }, "geometry": { "type": "Polygon", "coordinates": [ [ [ -54.671616, -22.179559 ], [ -54.67171, -22.179455 ], [ -54.671755, -22.17949 ], [ -54.67183, -22.179548 ], [ -54.671905, -22.179606 ], [ -54.67198, -22.179664 ], [ -54.672073, -22.179736 ], [ -54.67198, -22.179841 ], [ -54.671616, -22.179559 ] ] ] } },
{ "type": "Feature", "properties": { "id": 100536, "insc_imob": "05.01.34.12.206", "quadra_cartorio": "3", "lote_cartorio": "10", "matricula": "28109", "circunscricao": "1º CIRCUNSCRIÇÃO", "zoneamento": null, "condominio": null, "area_geom": 362.7, "cnm": "062661.2.0028109-45" }, "geometry": { "type": "Polygon", "coordinates": [ [ [ -54.674542, -22.182862 ], [ -54.674616, -22.182778 ], [ -54.674841, -22.182952 ], [ -54.674766, -22.183036 ], [ -54.674542, -22.182862 ] ] ] } },
{ "type": "Feature", "properties": { "id": 100588, "insc_imob": "05.01.34.31.311", "quadra_cartorio": "9", "lote_cartorio": "04", "matricula": "19482", "circunscricao": "1º CIRCUNSCRIÇÃO", "zoneamento": null, "condominio": null, "area_geom": 362.67, "cnm": "062661.2.0019482-27" }, "geometry": { "type": "Polygon", "coordinates": [ [ [ -54.674417, -22.184466 ], [ -54.674604, -22.184257 ], [ -54.674694, -22.184326 ], [ -54.674507, -22.184535 ], [ -54.674425, -22.184472 ], [ -54.674417, -22.184466 ] ] ] } },
{ "type": "Feature", "properties": { "id": 100608, "insc_imob": "05.01.34.21.203", "quadra_cartorio": "7", "lote_cartorio": "08", "matricula": "46243", "circunscricao": "1º CIRCUNSCRIÇÃO", "zoneamento": null, "condominio": null, "area_geom": 461.01, "cnm": "062661.2.0046243-60" }, "geometry": { "type": "Polygon", "coordinates": [ [ [ -54.674993, -22.18417 ], [ -54.675068, -22.184086 ], [ -54.675333, -22.184292 ], [ -54.675299, -22.184406 ], [ -54.674993, -22.18417 ] ] ] } },
{ "type": "Feature", "properties": { "id": 100609, "insc_imob": "05.01.35.01.277", "quadra_cartorio": "01", "lote_cartorio": "23", "matricula": "26430", "circunscricao": "1º CIRCUNSCRIÇÃO", "zoneamento": null, "condominio": null, "area_geom": 734.22, "cnm": "062661.2.0026430-38" }, "geometry": { "type": "Polygon", "coordinates": [ [ [ -54.671336, -22.179873 ], [ -54.671429, -22.179768 ], [ -54.671793, -22.18005 ], [ -54.6717, -22.180154 ], [ -54.671606, -22.180082 ], [ -54.671531, -22.180024 ], [ -54.671456, -22.179966 ], [ -54.671382, -22.179908 ], [ -54.671336, -22.179873 ] ] ] } },
{ "type": "Feature", "properties": { "id": 100618, "insc_imob": "05.01.34.11.192", "quadra_cartorio": "5", "lote_cartorio": "02", "matricula": "12648", "circunscricao": "1º CIRCUNSCRIÇÃO", "zoneamento": null, "condominio": null, "area_geom": 362.66, "cnm": "062661.2.0012648-62" }, "geometry": { "type": "Polygon", "coordinates": [ [ [ -54.675713, -22.183571 ], [ -54.6759, -22.183362 ], [ -54.67599, -22.183431 ], [ -54.675803, -22.18364 ], [ -54.675713, -22.183571 ] ] ] } },
{ "type": "Feature", "properties": { "id": 100631, "insc_imob": "05.01.34.33.323", "quadra_cartorio": "08", "lote_cartorio": "09", "matricula": "74139", "circunscricao": "1º CIRCUNSCRIÇÃO", "zoneamento": null, "condominio": null, "area_geom": 309.85, "cnm": "062661.2.0074139-83" }, "geometry": { "type": "Polygon", "coordinates": [ [ [ -54.672147, -22.182665 ], [ -54.672338, -22.182451 ], [ -54.672413, -22.182509 ], [ -54.672221, -22.182723 ], [ -54.672147, -22.182665 ] ] ] } },
{ "type": "Feature", "properties": { "id": 100643, "insc_imob": "05.01.34.01.180", "quadra_cartorio": "02", "lote_cartorio": "11A", "matricula": "137692", "circunscricao": "1º CIRCUNSCRIÇÃO", "zoneamento": null, "condominio": null, "area_geom": 570.5, "cnm": "062661.2.0137692-29" }, "geometry": { "type": "Polygon", "coordinates": [ [ [ -54.676116, -22.183298 ], [ -54.676334, -22.183054 ], [ -54.676365, -22.183078 ], [ -54.676455, -22.183147 ], [ -54.676237, -22.183392 ], [ -54.676116, -22.183298 ] ] ] } },
{ "type": "Feature", "properties": { "id": 100706, "insc_imob": "05.01.34.13.199", "quadra_cartorio": "04", "lote_cartorio": "A 1", "matricula": "71077", "circunscricao": "1º CIRCUNSCRIÇÃO", "zoneamento": null, "condominio": null, "area_geom": 423.15, "cnm": "062661.2.0071077-54" }, "geometry": { "type": "Polygon", "coordinates": [ [ [ -54.673545, -22.182254 ], [ -54.673732, -22.182045 ], [ -54.673837, -22.182126 ], [ -54.67365, -22.182336 ], [ -54.673545, -22.182254 ] ] ] } },
{ "type": "Feature", "properties": { "id": 100861, "insc_imob": "05.01.34.13.155", "quadra_cartorio": "04", "lote_cartorio": "A 2", "matricula": "71078", "circunscricao": "1º CIRCUNSCRIÇÃO", "zoneamento": null, "condominio": null, "area_geom": 302.25, "cnm": "062661.2.0071078-51" }, "geometry": { "type": "Polygon", "coordinates": [ [ [ -54.673471, -22.182196 ], [ -54.673657, -22.181987 ], [ -54.673732, -22.182045 ], [ -54.673545, -22.182254 ], [ -54.673471, -22.182196 ] ] ] } },
{ "type": "Feature", "properties": { "id": 101121, "insc_imob": "05.01.34.02.299", "quadra_cartorio": "01", "lote_cartorio": "07", "matricula": "1737", "circunscricao": "1º CIRCUNSCRIÇÃO", "zoneamento": null, "condominio": null, "area_geom": 423.11, "cnm": "062661.2.0001737-09" }, "geometry": { "type": "Polygon", "coordinates": [ [ [ -54.674956, -22.181986 ], [ -54.675174, -22.181742 ], [ -54.675264, -22.181812 ], [ -54.675046, -22.182056 ], [ -54.674956, -22.181986 ] ] ] } },
{ "type": "Feature", "properties": { "id": 101303, "insc_imob": "05.01.35.01.430", "quadra_cartorio": "01", "lote_cartorio": "07", "matricula": "26525", "circunscricao": "1º CIRCUNSCRIÇÃO", "zoneamento": null, "condominio": null, "area_geom": 353.29, "cnm": "062661.2.0026525-44" }, "geometry": { "type": "Polygon", "coordinates": [ [ [ -54.671531, -22.179316 ], [ -54.671749, -22.179072 ], [ -54.671824, -22.17913 ], [ -54.671605, -22.179374 ], [ -54.671531, -22.179316 ] ] ] } },
{ "type": "Feature", "properties": { "id": 101632, "insc_imob": "05.01.34.03.303", "quadra_cartorio": "01", "lote_cartorio": "05", "matricula": "60536", "circunscricao": "1º CIRCUNSCRIÇÃO", "zoneamento": null, "condominio": null, "area_geom": 352.59, "cnm": "062661.2.0060536-55" }, "geometry": { "type": "Polygon", "coordinates": [ [ [ -54.673957, -22.181216 ], [ -54.674174, -22.180972 ], [ -54.674249, -22.18103 ], [ -54.674031, -22.181274 ], [ -54.673957, -22.181216 ] ] ] } },
{ "type": "Feature", "properties": { "id": 101718, "insc_imob": "05.01.34.13.145", "quadra_cartorio": "04", "lote_cartorio": "13", "matricula": "57410", "circunscricao": "1º CIRCUNSCRIÇÃO", "zoneamento": null, "condominio": null, "area_geom": 302.25, "cnm": "062661.2.0057410-24" }, "geometry": { "type": "Polygon", "coordinates": [ [ [ -54.673396, -22.182138 ], [ -54.673583, -22.181929 ], [ -54.673657, -22.181987 ], [ -54.673471, -22.182196 ], [ -54.673396, -22.182138 ] ] ] } },
{ "type": "Feature", "properties": { "id": 101948, "insc_imob": "05.01.34.12.230", "quadra_cartorio": "3", "lote_cartorio": "08", "matricula": "19356", "circunscricao": "1º CIRCUNSCRIÇÃO", "zoneamento": null, "condominio": null, "area_geom": 362.64, "cnm": "062661.2.0019356-17" }, "geometry": { "type": "Polygon", "coordinates": [ [ [ -54.674691, -22.182695 ], [ -54.674766, -22.182611 ], [ -54.67499, -22.182785 ], [ -54.674916, -22.182868 ], [ -54.674691, -22.182695 ] ] ] } },
{ "type": "Feature", "properties": { "id": 102052, "insc_imob": "05.01.35.34.051", "quadra_cartorio": "9", "lote_cartorio": "04", "matricula": "40277", "circunscricao": "1º CIRCUNSCRIÇÃO", "zoneamento": null, "condominio": null, "area_geom": 359.77, "cnm": "062661.2.0040277-13" }, "geometry": { "type": "Polygon", "coordinates": [ [ [ -54.668173, -22.181373 ], [ -54.6681, -22.181458 ], [ -54.667873, -22.181289 ], [ -54.667945, -22.181204 ], [ -54.668173, -22.181373 ] ] ] } },
{ "type": "Feature", "properties": { "id": 102388, "insc_imob": "05.01.34.02.144", "quadra_cartorio": "1", "lote_cartorio": "14", "matricula": "1736", "circunscricao": "1º CIRCUNSCRIÇÃO", "zoneamento": null, "condominio": null, "area_geom": 423.08, "cnm": "062661.2.0001736-12" }, "geometry": { "type": "Polygon", "coordinates": [ [ [ -54.674738, -22.18223 ], [ -54.674929, -22.182017 ], [ -54.674956, -22.181986 ], [ -54.675046, -22.182056 ], [ -54.674828, -22.1823 ], [ -54.674738, -22.18223 ] ] ] } },
{ "type": "Feature", "properties": { "id": 102389, "insc_imob": "05.01.34.31.220", "quadra_cartorio": "09", "lote_cartorio": "09", "matricula": "19489", "circunscricao": "1º CIRCUNSCRIÇÃO", "zoneamento": null, "condominio": null, "area_geom": 376.54, "cnm": "062661.2.0019489-06" }, "geometry": { "type": "Polygon", "coordinates": [ [ [ -54.674687, -22.184675 ], [ -54.674724, -22.184633 ], [ -54.674955, -22.184812 ], [ -54.674884, -22.184899 ], [ -54.674649, -22.184716 ], [ -54.674687, -22.184675 ] ] ] } },
{ "type": "Feature", "properties": { "id": 102509, "insc_imob": "05.01.34.21.024", "quadra_cartorio": "7", "lote_cartorio": "17", "matricula": "14103", "circunscricao": "1º CIRCUNSCRIÇÃO", "zoneamento": null, "condominio": null, "area_geom": 362.67, "cnm": "062661.2.0014103-62" }, "geometry": { "type": "Polygon", "coordinates": [ [ [ -54.674559, -22.18355 ], [ -54.674634, -22.183467 ], [ -54.674858, -22.183641 ], [ -54.674783, -22.183724 ], [ -54.674559, -22.18355 ] ] ] } },
{ "type": "Feature", "properties": { "id": 102593, "insc_imob": "05.01.23.01.563", "quadra_cartorio": "08 NCD", "lote_cartorio": "06", "matricula": "87964", "circunscricao": "1º CIRCUNSCRIÇÃO", "zoneamento": null, "condominio": null, "area_geom": 22649.9, "cnm": "062661.2.0087964-27" }, "geometry": { "type": "Polygon", "coordinates": [ [ [ -54.681191, -22.185054 ], [ -54.682368, -22.183736 ], [ -54.682626, -22.184865 ], [ -54.682566, -22.184932 ], [ -54.681472, -22.186157 ], [ -54.680724, -22.185577 ], [ -54.681191, -22.185054 ] ] ] } },
{ "type": "Feature", "properties": { "id": 102594, "insc_imob": "05.01.34.21.216", "quadra_cartorio": "7", "lote_cartorio": "07", "matricula": "6410", "circunscricao": "1º CIRCUNSCRIÇÃO", "zoneamento": null, "condominio": null, "area_geom": 588.87, "cnm": "062661.2.0006410-55" }, "geometry": { "type": "Polygon", "coordinates": [ [ [ -54.675105, -22.184044 ], [ -54.675186, -22.183954 ], [ -54.675386, -22.184116 ], [ -54.675333, -22.184292 ], [ -54.675068, -22.184086 ], [ -54.675105, -22.184044 ] ] ] } },
{ "type": "Feature", "properties": { "id": 102613, "insc_imob": "05.01.34.14.245", "quadra_cartorio": "05", "lote_cartorio": "03", "matricula": "58358", "circunscricao": "1º CIRCUNSCRIÇÃO", "zoneamento": null, "condominio": null, "area_geom": 302.19, "cnm": "062661.2.0058358-90" }, "geometry": { "type": "Polygon", "coordinates": [ [ [ -54.672654, -22.181197 ], [ -54.67284, -22.180988 ], [ -54.672915, -22.181046 ], [ -54.672728, -22.181255 ], [ -54.672654, -22.181197 ] ] ] } },
{ "type": "Feature", "properties": { "id": 102614, "insc_imob": "05.01.34.23.313", "quadra_cartorio": "07", "lote_cartorio": "13", "matricula": "72809", "circunscricao": "1º CIRCUNSCRIÇÃO", "zoneamento": null, "condominio": null, "area_geom": 309.87, "cnm": "062661.2.0072809-96" }, "geometry": { "type": "Polygon", "coordinates": [ [ [ -54.672891, -22.182674 ], [ -54.673083, -22.182459 ], [ -54.673157, -22.182517 ], [ -54.672966, -22.182732 ], [ -54.672891, -22.182674 ] ] ] } },
{ "type": "Feature", "properties": { "id": 102639, "insc_imob": "05.01.34.02.095", "quadra_cartorio": "1", "lote_cartorio": "18", "matricula": "1732", "circunscricao": "1º CIRCUNSCRIÇÃO", "zoneamento": null, "condominio": null, "area_geom": 423.08, "cnm": "062661.2.0001732-24" }, "geometry": { "type": "Polygon", "coordinates": [ [ [ -54.674379, -22.181952 ], [ -54.674597, -22.181708 ], [ -54.674687, -22.181777 ], [ -54.674469, -22.182021 ], [ -54.674379, -22.181952 ] ] ] } },
{ "type": "Feature", "properties": { "id": 102877, "insc_imob": "05.01.34.03.323", "quadra_cartorio": "1", "lote_cartorio": "07", "matricula": "58919", "circunscricao": "1º CIRCUNSCRIÇÃO", "zoneamento": null, "condominio": null, "area_geom": 352.57, "cnm": "062661.2.0058919-56" }, "geometry": { "type": "Polygon", "coordinates": [ [ [ -54.673807, -22.1811 ], [ -54.674025, -22.180856 ], [ -54.6741, -22.180914 ], [ -54.673882, -22.181158 ], [ -54.673807, -22.1811 ] ] ] } },
{ "type": "Feature", "properties": { "id": 102878, "insc_imob": "05.01.34.13.273", "quadra_cartorio": "04", "lote_cartorio": "04", "matricula": "57994", "circunscricao": "1º CIRCUNSCRIÇÃO", "zoneamento": null, "condominio": null, "area_geom": 302.19, "cnm": "062661.2.0057994-18" }, "geometry": { "type": "Polygon", "coordinates": [ [ [ -54.673508, -22.181871 ], [ -54.673694, -22.181662 ], [ -54.673769, -22.18172 ], [ -54.673583, -22.181929 ], [ -54.673508, -22.181871 ] ] ] } },
{ "type": "Feature", "properties": { "id": 102879, "insc_imob": "05.01.35.01.262", "quadra_cartorio": "01", "lote_cartorio": "22", "matricula": "82662", "circunscricao": "1º CIRCUNSCRIÇÃO", "zoneamento": null, "condominio": null, "area_geom": 440.76, "cnm": "062661.2.0082662-25" }, "geometry": { "type": "Polygon", "coordinates": [ [ [ -54.671388, -22.180326 ], [ -54.671606, -22.180082 ], [ -54.6717, -22.180154 ], [ -54.671482, -22.180398 ], [ -54.671388, -22.180326 ] ] ] } },
{ "type": "Feature", "properties": { "id": 104119, "insc_imob": "05.01.23.01.256", "quadra_cartorio": "08 NCD", "lote_cartorio": "DATA 05", "matricula": "15711", "circunscricao": "1º CIRCUNSCRIÇÃO", "zoneamento": null, "condominio": null, "area_geom": 2377.91, "cnm": "062661.2.0015711-88" }, "geometry": { "type": "Polygon", "coordinates": [ [ [ -54.678957, -22.184209 ], [ -54.679429, -22.183681 ], [ -54.679661, -22.183862 ], [ -54.679191, -22.18439 ], [ -54.678957, -22.184209 ] ] ] } },
{ "type": "Feature", "properties": { "id": 104144, "insc_imob": "05.01.34.23.094", "quadra_cartorio": "07", "lote_cartorio": "03", "matricula": "60747-1RI", "circunscricao": "1º CIRCUNSCRIÇÃO", "zoneamento": null, "condominio": null, "area_geom": 294.61, "cnm": "062661.2.0060747-04" }, "geometry": { "type": "Polygon", "coordinates": [ [ [ -54.673083, -22.182459 ], [ -54.673265, -22.182256 ], [ -54.67334, -22.182314 ], [ -54.673157, -22.182517 ], [ -54.673083, -22.182459 ] ] ] } },
{ "type": "Feature", "properties": { "id": 104148, "insc_imob": "05.01.34.23.155", "quadra_cartorio": "07", "lote_cartorio": "09", "matricula": "60249", "circunscricao": "1º CIRCUNSCRIÇÃO", "zoneamento": null, "condominio": null, "area_geom": 294.6, "cnm": "062661.2.0060249-43" }, "geometry": { "type": "Polygon", "coordinates": [ [ [ -54.672634, -22.182112 ], [ -54.672816, -22.181908 ], [ -54.672891, -22.181966 ], [ -54.672709, -22.18217 ], [ -54.672634, -22.182112 ] ] ] } },
{ "type": "Feature", "properties": { "id": 104800, "insc_imob": "05.01.34.12.194", "quadra_cartorio": "3", "lote_cartorio": "11", "matricula": "28110", "circunscricao": "1º CIRCUNSCRIÇÃO", "zoneamento": null, "condominio": null, "area_geom": 362.65, "cnm": "062661.2.0028110-42" }, "geometry": { "type": "Polygon", "coordinates": [ [ [ -54.674467, -22.182945 ], [ -54.674542, -22.182862 ], [ -54.674766, -22.183036 ], [ -54.674692, -22.183119 ], [ -54.674467, -22.182945 ] ] ] } },
{ "type": "Feature", "properties": { "id": 104862, "insc_imob": "05.01.34.13.243", "quadra_cartorio": "4", "lote_cartorio": "01", "matricula": "75650", "circunscricao": "1º CIRCUNSCRIÇÃO", "zoneamento": null, "condominio": null, "area_geom": 422.96, "cnm": "062661.2.0075650-12" }, "geometry": { "type": "Polygon", "coordinates": [ [ [ -54.673732, -22.182045 ], [ -54.673919, -22.181836 ], [ -54.674024, -22.181917 ], [ -54.673837, -22.182126 ], [ -54.673732, -22.182045 ] ] ] } },
{ "type": "Feature", "properties": { "id": 104950, "insc_imob": "05.01.35.11.270", "quadra_cartorio": "02", "lote_cartorio": "05", "matricula": "26727", "circunscricao": "1º CIRCUNSCRIÇÃO", "zoneamento": null, "condominio": null, "area_geom": 352.55, "cnm": "062661.2.0026727-20" }, "geometry": { "type": "Polygon", "coordinates": [ [ [ -54.670759, -22.180475 ], [ -54.670977, -22.180231 ], [ -54.671052, -22.180289 ], [ -54.670834, -22.180533 ], [ -54.670795, -22.180503 ], [ -54.670759, -22.180475 ] ] ] } },
{ "type": "Feature", "properties": { "id": 105085, "insc_imob": "05.01.34.05.207", "quadra_cartorio": "03", "lote_cartorio": "01", "matricula": "58351", "circunscricao": "1º CIRCUNSCRIÇÃO", "zoneamento": null, "condominio": null, "area_geom": 458.33, "cnm": "062661.2.0058351-14" }, "geometry": { "type": "Polygon", "coordinates": [ [ [ -54.672489, -22.180057 ], [ -54.672707, -22.179813 ], [ -54.672804, -22.179888 ], [ -54.672586, -22.180132 ], [ -54.672493, -22.18006 ], [ -54.672489, -22.180057 ] ] ] } },
{ "type": "Feature", "properties": { "id": 105477, "insc_imob": "05.01.34.02.323", "quadra_cartorio": "01", "lote_cartorio": "05", "matricula": "1729", "circunscricao": "1º CIRCUNSCRIÇÃO", "zoneamento": null, "condominio": null, "area_geom": 423.12, "cnm": "062661.2.0001729-33" }, "geometry": { "type": "Polygon", "coordinates": [ [ [ -54.674776, -22.181847 ], [ -54.674994, -22.181603 ], [ -54.675084, -22.181673 ], [ -54.674866, -22.181917 ], [ -54.674776, -22.181847 ] ] ] } },
{ "type": "Feature", "properties": { "id": 105513, "insc_imob": "05.01.34.02.335", "quadra_cartorio": "1", "lote_cartorio": "04", "matricula": "1728", "circunscricao": "1º CIRCUNSCRIÇÃO", "zoneamento": null, "condominio": null, "area_geom": 423.11, "cnm": "062661.2.0001728-36" }, "geometry": { "type": "Polygon", "coordinates": [ [ [ -54.674687, -22.181777 ], [ -54.674904, -22.181534 ], [ -54.674994, -22.181603 ], [ -54.674776, -22.181847 ], [ -54.674687, -22.181777 ] ] ] } },
{ "type": "Feature", "properties": { "id": 105563, "insc_imob": "05.01.34.31.335", "quadra_cartorio": "9", "lote_cartorio": "02", "matricula": "25491", "circunscricao": "1º CIRCUNSCRIÇÃO", "zoneamento": null, "condominio": null, "area_geom": 362.69, "cnm": "062661.2.0025491-42" }, "geometry": { "type": "Polygon", "coordinates": [ [ [ -54.67435, -22.184201 ], [ -54.674425, -22.184118 ], [ -54.674514, -22.184187 ], [ -54.674328, -22.184396 ], [ -54.674238, -22.184327 ], [ -54.674275, -22.184285 ], [ -54.67435, -22.184201 ] ] ] } },
{ "type": "Feature", "properties": { "id": 105613, "insc_imob": "05.01.34.33.263", "quadra_cartorio": "08", "lote_cartorio": "03", "matricula": "74107", "circunscricao": "1º CIRCUNSCRIÇÃO", "zoneamento": null, "condominio": null, "area_geom": 309.84, "cnm": "062661.2.0074107-82" }, "geometry": { "type": "Polygon", "coordinates": [ [ [ -54.672595, -22.183013 ], [ -54.672787, -22.182799 ], [ -54.672862, -22.182857 ], [ -54.67267, -22.183071 ], [ -54.672595, -22.183013 ] ] ] } },
{ "type": "Feature", "properties": { "id": 105644, "insc_imob": "05.01.23.01.465", "quadra_cartorio": "08", "lote_cartorio": "12", "matricula": "29163", "circunscricao": "1º CIRCUNSCRIÇÃO", "zoneamento": null, "condominio": null, "area_geom": 2261.99, "cnm": "062661.2.0029163-84" }, "geometry": { "type": "Polygon", "coordinates": [ [ [ -54.6805, -22.185404 ], [ -54.680968, -22.18488 ], [ -54.681191, -22.185054 ], [ -54.680724, -22.185577 ], [ -54.6805, -22.185404 ] ] ] } },
{ "type": "Feature", "properties": { "id": 105707, "insc_imob": "05.01.24.01.375", "quadra_cartorio": "08", "lote_cartorio": "A", "matricula": "72924", "circunscricao": "1º CIRCUNSCRIÇÃO", "zoneamento": null, "condominio": null, "area_geom": 625.83, "cnm": "062661.2.0072924-42" }, "geometry": { "type": "Polygon", "coordinates": [ [ [ -54.676279, -22.18223 ], [ -54.676589, -22.181883 ], [ -54.676684, -22.181954 ], [ -54.676372, -22.182302 ], [ -54.676279, -22.18223 ] ] ] } },
{ "type": "Feature", "properties": { "id": 105772, "insc_imob": "05.01.23.01.226", "quadra_cartorio": "08 NCD", "lote_cartorio": "DATA 04", "matricula": "2583", "circunscricao": "1º CIRCUNSCRIÇÃO", "zoneamento": null, "condominio": null, "area_geom": 2290.7, "cnm": "062661.2.0002583-90" }, "geometry": { "type": "Polygon", "coordinates": [ [ [ -54.678733, -22.184035 ], [ -54.679205, -22.183507 ], [ -54.679429, -22.183681 ], [ -54.678957, -22.184209 ], [ -54.678733, -22.184035 ] ] ] } },
{ "type": "Feature", "properties": { "id": 105773, "insc_imob": "05.01.34.03.313", "quadra_cartorio": "01", "lote_cartorio": "06", "matricula": "57157", "circunscricao": "1º CIRCUNSCRIÇÃO", "zoneamento": null, "condominio": null, "area_geom": 352.62, "cnm": "062661.2.0057157-07" }, "geometry": { "type": "Polygon", "coordinates": [ [ [ -54.673882, -22.181158 ], [ -54.6741, -22.180914 ], [ -54.674174, -22.180972 ], [ -54.673957, -22.181216 ], [ -54.673923, -22.18119 ], [ -54.673882, -22.181158 ] ] ] } },
{ "type": "Feature", "properties": { "id": 105775, "insc_imob": "05.01.34.22.049", "quadra_cartorio": "06", "lote_cartorio": "18", "matricula": "135094", "circunscricao": "1º CIRCUNSCRIÇÃO", "zoneamento": null, "condominio": null, "area_geom": 362.65, "cnm": "062661.2.0135094-63" }, "geometry": { "type": "Polygon", "coordinates": [ [ [ -54.673352, -22.182909 ], [ -54.673427, -22.182826 ], [ -54.673651, -22.183 ], [ -54.673576, -22.183083 ], [ -54.673352, -22.182909 ] ] ] } },
{ "type": "Feature", "properties": { "id": 105819, "insc_imob": "05.01.34.01.046", "quadra_cartorio": "02", "lote_cartorio": "01", "matricula": "135067", "circunscricao": "1º CIRCUNSCRIÇÃO", "zoneamento": null, "condominio": null, "area_geom": 741.54, "cnm": "062661.2.0135067-47" }, "geometry": { "type": "Polygon", "coordinates": [ [ [ -54.675618, -22.182499 ], [ -54.675611, -22.182484 ], [ -54.675595, -22.18245 ], [ -54.675581, -22.182408 ], [ -54.675766, -22.182201 ], [ -54.675928, -22.182327 ], [ -54.67571, -22.182571 ], [ -54.675618, -22.182499 ] ] ] } },
{ "type": "Feature", "properties": { "id": 105822, "insc_imob": "05.01.35.11.229", "quadra_cartorio": "02", "lote_cartorio": "01", "matricula": "26513", "circunscricao": "1º CIRCUNSCRIÇÃO", "zoneamento": null, "condominio": null, "area_geom": 440.72, "cnm": "062661.2.0026513-80" }, "geometry": { "type": "Polygon", "coordinates": [ [ [ -54.671058, -22.180707 ], [ -54.671276, -22.180463 ], [ -54.67137, -22.180536 ], [ -54.671152, -22.18078 ], [ -54.671149, -22.180777 ], [ -54.671058, -22.180707 ] ] ] } },
{ "type": "Feature", "properties": { "id": 106014, "insc_imob": "05.01.34.12.320", "quadra_cartorio": "3", "lote_cartorio": "03", "matricula": "31730", "circunscricao": "1º CIRCUNSCRIÇÃO", "zoneamento": null, "condominio": null, "area_geom": 362.66, "cnm": "062661.2.0031730-46" }, "geometry": { "type": "Polygon", "coordinates": [ [ [ -54.674295, -22.182458 ], [ -54.674481, -22.182249 ], [ -54.674571, -22.182319 ], [ -54.674384, -22.182528 ], [ -54.674295, -22.182458 ] ] ] } },
{ "type": "Feature", "properties": { "id": 106015, "insc_imob": "05.01.34.34.103", "quadra_cartorio": "09", "lote_cartorio": "15", "matricula": "60617", "circunscricao": "1º CIRCUNSCRIÇÃO", "zoneamento": null, "condominio": null, "area_geom": 292.75, "cnm": "062661.2.0060617-06" }, "geometry": { "type": "Polygon", "coordinates": [ [ [ -54.671245, -22.18232 ], [ -54.671427, -22.182116 ], [ -54.671501, -22.182173 ], [ -54.67132, -22.182378 ], [ -54.671245, -22.18232 ] ] ] } },
{ "type": "Feature", "properties": { "id": 106130, "insc_imob": "05.01.24.01.248", "quadra_cartorio": "00", "lote_cartorio": "ÁREA A", "matricula": "120793", "circunscricao": "1º CIRCUNSCRIÇÃO", "zoneamento": null, "condominio": null, "area_geom": 56156.07, "cnm": "062661.2.0120793-92" }, "geometry": { "type": "Polygon", "coordinates": [ [ [ -54.673248, -22.17732 ], [ -54.673826, -22.176642 ], [ -54.674739, -22.175568 ], [ -54.675619, -22.176181 ], [ -54.676535, -22.176819 ], [ -54.675083, -22.178508 ], [ -54.673248, -22.17732 ] ] ] } },
{ "type": "Feature", "properties": { "id": 108079, "insc_imob": "05.01.34.21.049", "quadra_cartorio": "07", "lote_cartorio": "15", "matricula": "30839", "circunscricao": "1º CIRCUNSCRIÇÃO", "zoneamento": null, "condominio": null, "area_geom": 362.66, "cnm": "062661.2.0030839-03" }, "geometry": { "type": "Polygon", "coordinates": [ [ [ -54.67441, -22.183718 ], [ -54.674484, -22.183634 ], [ -54.674709, -22.183808 ], [ -54.674634, -22.183891 ], [ -54.67441, -22.183718 ] ] ] } },
{ "type": "Feature", "properties": { "id": 110650, "insc_imob": "05.01.34.33.198", "quadra_cartorio": "08", "lote_cartorio": "11", "matricula": "60429", "circunscricao": "1º CIRCUNSCRIÇÃO", "zoneamento": null, "condominio": null, "area_geom": 412.43, "cnm": "062661.2.0060429-85" }, "geometry": { "type": "Polygon", "coordinates": [ [ [ -54.672563, -22.183333 ], [ -54.672745, -22.183129 ], [ -54.67285, -22.18321 ], [ -54.672668, -22.183414 ], [ -54.672563, -22.183333 ] ] ] } },
{ "type": "Feature", "properties": { "id": 110962, "insc_imob": "05.01.35.01.144", "quadra_cartorio": "01", "lote_cartorio": "14", "matricula": "26283", "circunscricao": "1º CIRCUNSCRIÇÃO", "zoneamento": null, "condominio": null, "area_geom": 440.69, "cnm": "062661.2.0026283-91" }, "geometry": { "type": "Polygon", "coordinates": [ [ [ -54.670771, -22.179847 ], [ -54.670989, -22.179604 ], [ -54.671082, -22.179676 ], [ -54.670865, -22.17992 ], [ -54.670771, -22.179847 ] ] ] } },
{ "type": "Feature", "properties": { "id": 110989, "insc_imob": "05.01.35.01.380", "quadra_cartorio": "01", "lote_cartorio": "10", "matricula": "62589", "circunscricao": "1º CIRCUNSCRIÇÃO", "zoneamento": null, "condominio": null, "area_geom": 353.28, "cnm": "062661.2.0062589-07" }, "geometry": { "type": "Polygon", "coordinates": [ [ [ -54.671905, -22.179606 ], [ -54.672123, -22.179362 ], [ -54.672198, -22.179419 ], [ -54.67198, -22.179664 ], [ -54.671905, -22.179606 ] ] ] } },
{ "type": "Feature", "properties": { "id": 113038, "insc_imob": "05.01.35.01.154", "quadra_cartorio": "01", "lote_cartorio": "15", "matricula": "26600", "circunscricao": "1º CIRCUNSCRIÇÃO", "zoneamento": null, "condominio": null, "area_geom": 352.57, "cnm": "062661.2.0026600-13" }, "geometry": { "type": "Polygon", "coordinates": [ [ [ -54.670865, -22.17992 ], [ -54.671082, -22.179676 ], [ -54.671157, -22.179734 ], [ -54.670939, -22.179978 ], [ -54.670865, -22.17992 ] ] ] } },
{ "type": "Feature", "properties": { "id": 114736, "insc_imob": "05.01.23.01.396", "quadra_cartorio": "08 NC", "lote_cartorio": "DATA 10A", "matricula": "21413", "circunscricao": "1º CIRCUNSCRIÇÃO", "zoneamento": null, "condominio": null, "area_geom": 1517.43, "cnm": "062661.2.0021413-54" }, "geometry": { "type": "Polygon", "coordinates": [ [ [ -54.68008, -22.185078 ], [ -54.680548, -22.184554 ], [ -54.680698, -22.18467 ], [ -54.680229, -22.185194 ], [ -54.68008, -22.185078 ] ] ] } },
{ "type": "Feature", "properties": { "id": 114756, "insc_imob": "05.01.24.01.472", "quadra_cartorio": "08 NC ", "lote_cartorio": "ÁREA A", "matricula": "120793", "circunscricao": "1º CIRCUNSCRIÇÃO", "zoneamento": null, "condominio": null, "area_geom": 53658.12, "cnm": "062661.2.0120793-92" }, "geometry": { "type": "Polygon", "coordinates": [ [ [ -54.671917, -22.178915 ], [ -54.672453, -22.17825 ], [ -54.672924, -22.177668 ], [ -54.673248, -22.17732 ], [ -54.675083, -22.178508 ], [ -54.674778, -22.178863 ], [ -54.673619, -22.180211 ], [ -54.673607, -22.180225 ], [ -54.671917, -22.178915 ] ] ] } },
{ "type": "Feature", "properties": { "id": 114758, "insc_imob": "05.01.33.01.466", "quadra_cartorio": "52 NCD", "lote_cartorio": "DATA 16", "matricula": "146793", "circunscricao": "1º CIRCUNSCRIÇÃO", "zoneamento": null, "condominio": null, "area_geom": 2274.92, "cnm": "062661.2.0146793-80" }, "geometry": { "type": "Polygon", "coordinates": [ [ [ -54.680422, -22.186777 ], [ -54.680891, -22.186253 ], [ -54.681115, -22.186427 ], [ -54.680647, -22.186951 ], [ -54.680422, -22.186777 ] ] ] } },
{ "type": "Feature", "properties": { "id": 114759, "insc_imob": "05.01.33.01.496", "quadra_cartorio": "52 NCD", "lote_cartorio": "DATA 15", "matricula": "22839", "circunscricao": "1º CIRCUNSCRIÇÃO", "zoneamento": null, "condominio": null, "area_geom": 2274.9, "cnm": "062661.2.0022839-44" }, "geometry": { "type": "Polygon", "coordinates": [ [ [ -54.680198, -22.186603 ], [ -54.680666, -22.186079 ], [ -54.680891, -22.186253 ], [ -54.680422, -22.186777 ], [ -54.680198, -22.186603 ] ] ] } },
{ "type": "Feature", "properties": { "id": 114772, "insc_imob": "05.01.33.01.558", "quadra_cartorio": "52 NCD", "lote_cartorio": "DATA 13", "matricula": "31486", "circunscricao": "1º CIRCUNSCRIÇÃO", "zoneamento": null, "condominio": null, "area_geom": 2426.44, "cnm": "062661.2.0031486-02" }, "geometry": { "type": "Polygon", "coordinates": [ [ [ -54.679734, -22.186244 ], [ -54.680202, -22.185719 ], [ -54.680442, -22.185905 ], [ -54.679973, -22.186429 ], [ -54.679734, -22.186244 ] ] ] } },
{ "type": "Feature", "properties": { "id": 114773, "insc_imob": "05.01.33.01.612", "quadra_cartorio": "52 NCD", "lote_cartorio": "DATA 12", "matricula": "37126", "circunscricao": "1º CIRCUNSCRIÇÃO", "zoneamento": null, "condominio": null, "area_geom": 1132.9, "cnm": "062661.2.0037126-57" }, "geometry": { "type": "Polygon", "coordinates": [ [ [ -54.67951, -22.186071 ], [ -54.679979, -22.185546 ], [ -54.680091, -22.185633 ], [ -54.679622, -22.186157 ], [ -54.67951, -22.186071 ] ] ] } },
{ "type": "Feature", "properties": { "id": 114774, "insc_imob": "05.01.33.01.627", "quadra_cartorio": "52 NCD", "lote_cartorio": "DATA 11", "matricula": "16561", "circunscricao": "1º CIRCUNSCRIÇÃO", "zoneamento": null, "condominio": null, "area_geom": 1974.26, "cnm": "062661.2.0016561-60" }, "geometry": { "type": "Polygon", "coordinates": [ [ [ -54.679315, -22.18592 ], [ -54.679784, -22.185395 ], [ -54.679979, -22.185546 ], [ -54.67951, -22.186071 ], [ -54.679315, -22.18592 ] ] ] } },
{ "type": "Feature", "properties": { "id": 114775, "insc_imob": "05.01.33.01.642", "quadra_cartorio": "52 NC", "lote_cartorio": "DATA 10", "matricula": "45349", "circunscricao": "1º CIRCUNSCRIÇÃO", "zoneamento": null, "condominio": null, "area_geom": 1137.47, "cnm": "062661.2.0045349-26" }, "geometry": { "type": "Polygon", "coordinates": [ [ [ -54.679091, -22.185746 ], [ -54.67956, -22.185222 ], [ -54.679672, -22.185309 ], [ -54.679204, -22.185833 ], [ -54.679091, -22.185746 ] ] ] } },
{ "type": "Feature", "properties": { "id": 114776, "insc_imob": "05.01.33.01.697", "quadra_cartorio": "52", "lote_cartorio": "08", "matricula": "9588", "circunscricao": "1º CIRCUNSCRIÇÃO", "zoneamento": null, "condominio": null, "area_geom": 1365.53, "cnm": "062661.2.0009588-27" }, "geometry": { "type": "Polygon", "coordinates": [ [ [ -54.678695, -22.185439 ], [ -54.679163, -22.184914 ], [ -54.679298, -22.185019 ], [ -54.67883, -22.185543 ], [ -54.678695, -22.185439 ] ] ] } },
{ "type": "Feature", "properties": { "id": 114777, "insc_imob": "05.01.33.01.722", "quadra_cartorio": "52 NCD", "lote_cartorio": "DATA 07", "matricula": "25095", "circunscricao": "1º CIRCUNSCRIÇÃO", "zoneamento": null, "condominio": null, "area_geom": 2658.45, "cnm": "062661.2.0025095-66" }, "geometry": { "type": "Polygon", "coordinates": [ [ [ -54.678432, -22.185236 ], [ -54.678901, -22.184711 ], [ -54.679163, -22.184914 ], [ -54.678695, -22.185439 ], [ -54.678432, -22.185236 ] ] ] } },
{ "type": "Feature", "properties": { "id": 114795, "insc_imob": "05.01.34.01.065", "quadra_cartorio": "02", "lote_cartorio": "16", "matricula": "135073", "circunscricao": "1º CIRCUNSCRIÇÃO", "zoneamento": null, "condominio": null, "area_geom": 601.08, "cnm": "062661.2.0135073-29" }, "geometry": { "type": "Polygon", "coordinates": [ [ [ -54.67568, -22.1827 ], [ -54.675659, -22.182623 ], [ -54.675618, -22.182499 ], [ -54.67571, -22.182571 ], [ -54.675826, -22.18266 ], [ -54.675916, -22.18273 ], [ -54.675931, -22.182742 ], [ -54.676006, -22.182799 ], [ -54.676035, -22.182822 ], [ -54.675954, -22.182912 ], [ -54.67568, -22.1827 ] ] ] } },
{ "type": "Feature", "properties": { "id": 114796, "insc_imob": "05.01.34.01.094", "quadra_cartorio": "02", "lote_cartorio": "PRAÇA 01", "matricula": "153132", "circunscricao": "1º CIRCUNSCRIÇÃO", "zoneamento": null, "condominio": null, "area_geom": 387.19, "cnm": "062661.2.0153132-75" }, "geometry": { "type": "Polygon", "coordinates": [ [ [ -54.67533, -22.182689 ], [ -54.675488, -22.182512 ], [ -54.675507, -22.182598 ], [ -54.675524, -22.182684 ], [ -54.675537, -22.182771 ], [ -54.675548, -22.182858 ], [ -54.67533, -22.182689 ] ] ] } },
{ "type": "Feature", "properties": { "id": 114797, "insc_imob": "05.01.34.01.105", "quadra_cartorio": "02", "lote_cartorio": "15", "matricula": "135072", "circunscricao": "1º CIRCUNSCRIÇÃO", "zoneamento": null, "condominio": null, "area_geom": 546.38, "cnm": "062661.2.0135072-32" }, "geometry": { "type": "Polygon", "coordinates": [ [ [ -54.675717, -22.182989 ], [ -54.675708, -22.182894 ], [ -54.675699, -22.182816 ], [ -54.67568, -22.1827 ], [ -54.675954, -22.182912 ], [ -54.675817, -22.183066 ], [ -54.675717, -22.182989 ] ] ] } },
{ "type": "Feature", "properties": { "id": 114798, "insc_imob": "05.01.34.01.132", "quadra_cartorio": "02", "lote_cartorio": "13", "matricula": "135070", "circunscricao": "1º CIRCUNSCRIÇÃO", "zoneamento": null, "condominio": null, "area_geom": 458.36, "cnm": "062661.2.0135070-38" }, "geometry": { "type": "Polygon", "coordinates": [ [ [ -54.675914, -22.183141 ], [ -54.676132, -22.182897 ], [ -54.676185, -22.182939 ], [ -54.676229, -22.182973 ], [ -54.676011, -22.183216 ], [ -54.675914, -22.183141 ] ] ] } },
{ "type": "Feature", "properties": { "id": 114799, "insc_imob": "05.01.34.01.146", "quadra_cartorio": "02", "lote_cartorio": "12", "matricula": "135069", "circunscricao": "1º CIRCUNSCRIÇÃO", "zoneamento": null, "condominio": null, "area_geom": 493.63, "cnm": "062661.2.0135069-41" }, "geometry": { "type": "Polygon", "coordinates": [ [ [ -54.676011, -22.183216 ], [ -54.676229, -22.182973 ], [ -54.676275, -22.183008 ], [ -54.676334, -22.183054 ], [ -54.676116, -22.183298 ], [ -54.676011, -22.183216 ] ] ] } },
{ "type": "Feature", "properties": { "id": 114811, "insc_imob": "05.01.34.01.358", "quadra_cartorio": "02", "lote_cartorio": "08", "matricula": "44649", "circunscricao": "1º CIRCUNSCRIÇÃO", "zoneamento": null, "condominio": null, "area_geom": 423.12, "cnm": "062661.2.0044649-89" }, "geometry": { "type": "Polygon", "coordinates": [ [ [ -54.676275, -22.183008 ], [ -54.676493, -22.182764 ], [ -54.676583, -22.182834 ], [ -54.676365, -22.183078 ], [ -54.676334, -22.183054 ], [ -54.676275, -22.183008 ] ] ] } },
{ "type": "Feature", "properties": { "id": 114812, "insc_imob": "05.01.34.01.370", "quadra_cartorio": "02", "lote_cartorio": "07", "matricula": "71072", "circunscricao": "1º CIRCUNSCRIÇÃO", "zoneamento": null, "condominio": null, "area_geom": 423.12, "cnm": "062661.2.0071072-69" }, "geometry": { "type": "Polygon", "coordinates": [ [ [ -54.676185, -22.182939 ], [ -54.676403, -22.182695 ], [ -54.676493, -22.182764 ], [ -54.676275, -22.183008 ], [ -54.676229, -22.182973 ], [ -54.676185, -22.182939 ] ] ] } },
{ "type": "Feature", "properties": { "id": 114813, "insc_imob": "05.01.34.01.406", "quadra_cartorio": "02", "lote_cartorio": "04", "matricula": "10176", "circunscricao": "1º CIRCUNSCRIÇÃO", "zoneamento": null, "condominio": null, "area_geom": 423.12, "cnm": "062661.2.0010176-09" }, "geometry": { "type": "Polygon", "coordinates": [ [ [ -54.675916, -22.18273 ], [ -54.676134, -22.182486 ], [ -54.676224, -22.182556 ], [ -54.676006, -22.182799 ], [ -54.675931, -22.182742 ], [ -54.675916, -22.18273 ] ] ] } },
{ "type": "Feature", "properties": { "id": 114814, "insc_imob": "05.01.34.01.418", "quadra_cartorio": "02", "lote_cartorio": "03", "matricula": "62469", "circunscricao": "1º CIRCUNSCRIÇÃO", "zoneamento": null, "condominio": null, "area_geom": 423.09, "cnm": "062661.2.0062469-76" }, "geometry": { "type": "Polygon", "coordinates": [ [ [ -54.675826, -22.18266 ], [ -54.676044, -22.182416 ], [ -54.676134, -22.182486 ], [ -54.675916, -22.18273 ], [ -54.675826, -22.18266 ] ] ] } },
{ "type": "Feature", "properties": { "id": 114815, "insc_imob": "05.01.34.01.434", "quadra_cartorio": "02", "lote_cartorio": "02", "matricula": "135068", "circunscricao": "1º CIRCUNSCRIÇÃO", "zoneamento": null, "condominio": null, "area_geom": 546.54, "cnm": "062661.2.0135068-44" }, "geometry": { "type": "Polygon", "coordinates": [ [ [ -54.67571, -22.182571 ], [ -54.675928, -22.182327 ], [ -54.676044, -22.182416 ], [ -54.675826, -22.18266 ], [ -54.67571, -22.182571 ] ] ] } },
{ "type": "Feature", "properties": { "id": 114816, "insc_imob": "05.01.34.02.033", "quadra_cartorio": "01", "lote_cartorio": "P/01", "matricula": "153133", "circunscricao": "1º CIRCUNSCRIÇÃO", "zoneamento": null, "condominio": null, "area_geom": 84.01, "cnm": "062661.2.0153133-72" }, "geometry": { "type": "Polygon", "coordinates": [ [ [ -54.675489, -22.182068 ], [ -54.675532, -22.18202 ], [ -54.675623, -22.18209 ], [ -54.67558, -22.182138 ], [ -54.675489, -22.182068 ] ] ] } },
{ "type": "Feature", "properties": { "id": 114817, "insc_imob": "05.01.34.02.036", "quadra_cartorio": "01", "lote_cartorio": "02", "matricula": "1726", "circunscricao": "1º CIRCUNSCRIÇÃO", "zoneamento": null, "condominio": null, "area_geom": 423.1, "cnm": "062661.2.0001726-42" }, "geometry": { "type": "Polygon", "coordinates": [ [ [ -54.674507, -22.181638 ], [ -54.674725, -22.181394 ], [ -54.674815, -22.181464 ], [ -54.674597, -22.181708 ], [ -54.674507, -22.181638 ] ] ] } },
{ "type": "Feature", "properties": { "id": 114818, "insc_imob": "05.01.34.02.083", "quadra_cartorio": "01", "lote_cartorio": "19", "matricula": "1731", "circunscricao": "1º CIRCUNSCRIÇÃO", "zoneamento": null, "condominio": null, "area_geom": 423.1, "cnm": "062661.2.0001731-27" }, "geometry": { "type": "Polygon", "coordinates": [ [ [ -54.674289, -22.181882 ], [ -54.674507, -22.181638 ], [ -54.674597, -22.181708 ], [ -54.674379, -22.181952 ], [ -54.674289, -22.181882 ] ] ] } },
{ "type": "Feature", "properties": { "id": 114819, "insc_imob": "05.01.34.02.119", "quadra_cartorio": "1", "lote_cartorio": "16", "matricula": "1734", "circunscricao": "1º CIRCUNSCRIÇÃO", "zoneamento": null, "condominio": null, "area_geom": 423.09, "cnm": "062661.2.0001734-18" }, "geometry": { "type": "Polygon", "coordinates": [ [ [ -54.674559, -22.182091 ], [ -54.674776, -22.181847 ], [ -54.674866, -22.181917 ], [ -54.674648, -22.18216 ], [ -54.674559, -22.182091 ] ] ] } },
{ "type": "Feature", "properties": { "id": 114828, "insc_imob": "05.01.34.02.132", "quadra_cartorio": "1", "lote_cartorio": "15", "matricula": "1735", "circunscricao": "1º CIRCUNSCRIÇÃO", "zoneamento": null, "condominio": null, "area_geom": 423.12, "cnm": "062661.2.0001735-15" }, "geometry": { "type": "Polygon", "coordinates": [ [ [ -54.674648, -22.18216 ], [ -54.674866, -22.181917 ], [ -54.674902, -22.181944 ], [ -54.674923, -22.181961 ], [ -54.674935, -22.18197 ], [ -54.674956, -22.181986 ], [ -54.674929, -22.182017 ], [ -54.674738, -22.18223 ], [ -54.674648, -22.18216 ] ] ] } },
{ "type": "Feature", "properties": { "id": 114829, "insc_imob": "05.01.34.02.156", "quadra_cartorio": "1", "lote_cartorio": "13", "matricula": "7128", "circunscricao": "1º CIRCUNSCRIÇÃO", "zoneamento": null, "condominio": null, "area_geom": 423.12, "cnm": "062661.2.0007128-35" }, "geometry": { "type": "Polygon", "coordinates": [ [ [ -54.674828, -22.1823 ], [ -54.675046, -22.182056 ], [ -54.675135, -22.182125 ], [ -54.675067, -22.182202 ], [ -54.674992, -22.182286 ], [ -54.674918, -22.182369 ], [ -54.674828, -22.1823 ] ] ] } },
{ "type": "Feature", "properties": { "id": 114831, "insc_imob": "05.01.34.02.255", "quadra_cartorio": "01", "lote_cartorio": "10", "matricula": "135064", "circunscricao": "1º CIRCUNSCRIÇÃO", "zoneamento": null, "condominio": null, "area_geom": 436.86, "cnm": "062661.2.0135064-56" }, "geometry": { "type": "Polygon", "coordinates": [ [ [ -54.675187, -22.182295 ], [ -54.675358, -22.182103 ], [ -54.675385, -22.182169 ], [ -54.67541, -22.182235 ], [ -54.675433, -22.182302 ], [ -54.675336, -22.182411 ], [ -54.675196, -22.182302 ], [ -54.675187, -22.182295 ] ] ] } },
{ "type": "Feature", "properties": { "id": 114833, "insc_imob": "05.01.34.03.036", "quadra_cartorio": "01", "lote_cartorio": "10", "matricula": "56693", "circunscricao": "1º CIRCUNSCRIÇÃO", "zoneamento": null, "condominio": null, "area_geom": 458.37, "cnm": "062661.2.0056693-41" }, "geometry": { "type": "Polygon", "coordinates": [ [ [ -54.67356, -22.180909 ], [ -54.673778, -22.180665 ], [ -54.673875, -22.18074 ], [ -54.673657, -22.180984 ], [ -54.67356, -22.180909 ] ] ] } },
{ "type": "Feature", "properties": { "id": 114865, "insc_imob": "05.01.34.03.114", "quadra_cartorio": "1", "lote_cartorio": "17", "matricula": "57525", "circunscricao": "1º CIRCUNSCRIÇÃO", "zoneamento": null, "condominio": null, "area_geom": 352.59, "cnm": "062661.2.0057525-67" }, "geometry": { "type": "Polygon", "coordinates": [ [ [ -54.673589, -22.181344 ], [ -54.673807, -22.1811 ], [ -54.673882, -22.181158 ], [ -54.673664, -22.181402 ], [ -54.673589, -22.181344 ] ] ] } },
{ "type": "Feature", "properties": { "id": 114912, "insc_imob": "05.01.34.05.036", "quadra_cartorio": "03", "lote_cartorio": "04", "matricula": "82302-1RI", "circunscricao": "1º CIRCUNSCRIÇÃO", "zoneamento": null, "condominio": null, "area_geom": 564.15, "cnm": "062661.2.0082302-38" }, "geometry": { "type": "Polygon", "coordinates": [ [ [ -54.672197, -22.179831 ], [ -54.672415, -22.179587 ], [ -54.672535, -22.179679 ], [ -54.672317, -22.179923 ], [ -54.672302, -22.179912 ], [ -54.672197, -22.179831 ] ] ] } },
{ "type": "Feature", "properties": { "id": 114937, "insc_imob": "05.01.34.12.308", "quadra_cartorio": "3", "lote_cartorio": "04", "matricula": "31729", "circunscricao": "1º CIRCUNSCRIÇÃO", "zoneamento": null, "condominio": null, "area_geom": 362.67, "cnm": "062661.2.0031729-49" }, "geometry": { "type": "Polygon", "coordinates": [ [ [ -54.674384, -22.182528 ], [ -54.674571, -22.182319 ], [ -54.674661, -22.182388 ], [ -54.674474, -22.182597 ], [ -54.674392, -22.182534 ], [ -54.674384, -22.182528 ] ] ] } },
{ "type": "Feature", "properties": { "id": 114938, "insc_imob": "05.01.34.12.332", "quadra_cartorio": "03", "lote_cartorio": "02", "matricula": "31731", "circunscricao": "1º CIRCUNSCRIÇÃO", "zoneamento": null, "condominio": null, "area_geom": 362.69, "cnm": "062661.2.0031731-43" }, "geometry": { "type": "Polygon", "coordinates": [ [ [ -54.674317, -22.182263 ], [ -54.674392, -22.18218 ], [ -54.674481, -22.182249 ], [ -54.674295, -22.182458 ], [ -54.674205, -22.182389 ], [ -54.674242, -22.182347 ], [ -54.674317, -22.182263 ] ] ] } },
{ "type": "Feature", "properties": { "id": 114939, "insc_imob": "05.01.34.13.031", "quadra_cartorio": "04", "lote_cartorio": "10", "matricula": "60434", "circunscricao": "1º CIRCUNSCRIÇÃO", "zoneamento": null, "condominio": null, "area_geom": 392.84, "cnm": "062661.2.0060434-70" }, "geometry": { "type": "Polygon", "coordinates": [ [ [ -54.673036, -22.181506 ], [ -54.673223, -22.181297 ], [ -54.67332, -22.181373 ], [ -54.673134, -22.181582 ], [ -54.673036, -22.181506 ] ] ] } },
{ "type": "Feature", "properties": { "id": 114962, "insc_imob": "05.01.34.13.104", "quadra_cartorio": "04", "lote_cartorio": "17", "matricula": "56127", "circunscricao": "1º CIRCUNSCRIÇÃO", "zoneamento": null, "condominio": null, "area_geom": 302.25, "cnm": "062661.2.0056127-90" }, "geometry": { "type": "Polygon", "coordinates": [ [ [ -54.673097, -22.181907 ], [ -54.673283, -22.181697 ], [ -54.673358, -22.181755 ], [ -54.673171, -22.181964 ], [ -54.673097, -22.181907 ] ] ] } },
{ "type": "Feature", "properties": { "id": 114985, "insc_imob": "05.01.34.14.031", "quadra_cartorio": "05", "lote_cartorio": "09", "matricula": "61647", "circunscricao": "1º CIRCUNSCRIÇÃO", "zoneamento": null, "condominio": null, "area_geom": 347.51, "cnm": "062661.2.0061647-20" }, "geometry": { "type": "Polygon", "coordinates": [ [ [ -54.672194, -22.180841 ], [ -54.67238, -22.180632 ], [ -54.672466, -22.180698 ], [ -54.67228, -22.180907 ], [ -54.672194, -22.180841 ] ] ] } },
{ "type": "Feature", "properties": { "id": 115015, "insc_imob": "05.01.34.14.133", "quadra_cartorio": "05", "lote_cartorio": "12", "matricula": "57028", "circunscricao": "1º CIRCUNSCRIÇÃO", "zoneamento": null, "condominio": null, "area_geom": 302.27, "cnm": "062661.2.0057028-06" }, "geometry": { "type": "Polygon", "coordinates": [ [ [ -54.672467, -22.181406 ], [ -54.672654, -22.181197 ], [ -54.672728, -22.181255 ], [ -54.672542, -22.181464 ], [ -54.672467, -22.181406 ] ] ] } },
{ "type": "Feature", "properties": { "id": 115016, "insc_imob": "05.01.34.14.143", "quadra_cartorio": "05", "lote_cartorio": "11", "matricula": "57027", "circunscricao": "1º CIRCUNSCRIÇÃO", "zoneamento": null, "condominio": null, "area_geom": 302.26, "cnm": "062661.2.0057027-09" }, "geometry": { "type": "Polygon", "coordinates": [ [ [ -54.672542, -22.181464 ], [ -54.672728, -22.181255 ], [ -54.672803, -22.181313 ], [ -54.672741, -22.181383 ], [ -54.672617, -22.181522 ], [ -54.672542, -22.181464 ] ] ] } },
{ "type": "Feature", "properties": { "id": 115018, "insc_imob": "05.01.34.14.256", "quadra_cartorio": "05", "lote_cartorio": "04", "matricula": "58359", "circunscricao": "1º CIRCUNSCRIÇÃO", "zoneamento": null, "condominio": null, "area_geom": 302.19, "cnm": "062661.2.0058359-87" }, "geometry": { "type": "Polygon", "coordinates": [ [ [ -54.672579, -22.181139 ], [ -54.672766, -22.18093 ], [ -54.67284, -22.180988 ], [ -54.672654, -22.181197 ], [ -54.672579, -22.181139 ] ] ] } },
{ "type": "Feature", "properties": { "id": 115037, "insc_imob": "05.01.34.14.286", "quadra_cartorio": "05", "lote_cartorio": "07", "matricula": "56020", "circunscricao": "1º CIRCUNSCRIÇÃO", "zoneamento": null, "condominio": null, "area_geom": 302.19, "cnm": "062661.2.0056020-23" }, "geometry": { "type": "Polygon", "coordinates": [ [ [ -54.672354, -22.180965 ], [ -54.672541, -22.180756 ], [ -54.672616, -22.180814 ], [ -54.672429, -22.181023 ], [ -54.672354, -22.180965 ] ] ] } },
{ "type": "Feature", "properties": { "id": 115038, "insc_imob": "05.01.34.14.296", "quadra_cartorio": "05", "lote_cartorio": "08", "matricula": "61646", "circunscricao": "1º CIRCUNSCRIÇÃO", "zoneamento": null, "condominio": null, "area_geom": 302.19, "cnm": "062661.2.0061646-23" }, "geometry": { "type": "Polygon", "coordinates": [ [ [ -54.67228, -22.180907 ], [ -54.672466, -22.180698 ], [ -54.672541, -22.180756 ], [ -54.672354, -22.180965 ], [ -54.67228, -22.180907 ] ] ] } },
{ "type": "Feature", "properties": { "id": 115039, "insc_imob": "05.01.34.15.087", "quadra_cartorio": "06", "lote_cartorio": "07", "matricula": "60319", "circunscricao": "1º CIRCUNSCRIÇÃO", "zoneamento": null, "condominio": null, "area_geom": 362.7, "cnm": "062661.2.0060319-27" }, "geometry": { "type": "Polygon", "coordinates": [ [ [ -54.671584, -22.180718 ], [ -54.671771, -22.180509 ], [ -54.671823, -22.18055 ], [ -54.671861, -22.180579 ], [ -54.671674, -22.180788 ], [ -54.671584, -22.180718 ] ] ] } },
{ "type": "Feature", "properties": { "id": 115040, "insc_imob": "05.01.34.15.099", "quadra_cartorio": "06", "lote_cartorio": "06", "matricula": "66368", "circunscricao": "1º CIRCUNSCRIÇÃO", "zoneamento": null, "condominio": null, "area_geom": 362.69, "cnm": "062661.2.0066368-19" }, "geometry": { "type": "Polygon", "coordinates": [ [ [ -54.671674, -22.180788 ], [ -54.671861, -22.180579 ], [ -54.67195, -22.180648 ], [ -54.671764, -22.180857 ], [ -54.671674, -22.180788 ] ] ] } },
{ "type": "Feature", "properties": { "id": 115041, "insc_imob": "05.01.34.15.144", "quadra_cartorio": "06", "lote_cartorio": "05", "matricula": "66367", "circunscricao": "1º CIRCUNSCRIÇÃO", "zoneamento": null, "condominio": null, "area_geom": 423.17, "cnm": "062661.2.0066367-22" }, "geometry": { "type": "Polygon", "coordinates": [ [ [ -54.671764, -22.180857 ], [ -54.67195, -22.180648 ], [ -54.672055, -22.180729 ], [ -54.671868, -22.180939 ], [ -54.671764, -22.180857 ] ] ] } },
{ "type": "Feature", "properties": { "id": 115042, "insc_imob": "05.01.34.15.188", "quadra_cartorio": "06", "lote_cartorio": "01", "matricula": "70463-1RI", "circunscricao": "1º CIRCUNSCRIÇÃO", "zoneamento": null, "condominio": null, "area_geom": 423.05, "cnm": "062661.2.0070463-53" }, "geometry": { "type": "Polygon", "coordinates": [ [ [ -54.67195, -22.180648 ], [ -54.672137, -22.180439 ], [ -54.672242, -22.18052 ], [ -54.672055, -22.180729 ], [ -54.67195, -22.180648 ] ] ] } },
{ "type": "Feature", "properties": { "id": 115043, "insc_imob": "05.01.34.15.200", "quadra_cartorio": "06", "lote_cartorio": "02", "matricula": "60562-1RI", "circunscricao": "1º CIRCUNSCRIÇÃO", "zoneamento": null, "condominio": null, "area_geom": 362.63, "cnm": "062661.2.0060562-74" }, "geometry": { "type": "Polygon", "coordinates": [ [ [ -54.671861, -22.180579 ], [ -54.671892, -22.180544 ], [ -54.671898, -22.180537 ], [ -54.672047, -22.18037 ], [ -54.672137, -22.180439 ], [ -54.67195, -22.180648 ], [ -54.671861, -22.180579 ] ] ] } },
{ "type": "Feature", "properties": { "id": 115044, "insc_imob": "05.01.34.21.012", "quadra_cartorio": "7", "lote_cartorio": "01", "matricula": "27950", "circunscricao": "1º CIRCUNSCRIÇÃO", "zoneamento": null, "condominio": null, "area_geom": 362.65, "cnm": "062661.2.0027950-37" }, "geometry": { "type": "Polygon", "coordinates": [ [ [ -54.674634, -22.183467 ], [ -54.674708, -22.183383 ], [ -54.674933, -22.183557 ], [ -54.674858, -22.183641 ], [ -54.674634, -22.183467 ] ] ] } },
{ "type": "Feature", "properties": { "id": 115045, "insc_imob": "05.01.34.21.037", "quadra_cartorio": "7", "lote_cartorio": "16", "matricula": "14639", "circunscricao": "1º CIRCUNSCRIÇÃO", "zoneamento": null, "condominio": null, "area_geom": 362.67, "cnm": "062661.2.0014639-06" }, "geometry": { "type": "Polygon", "coordinates": [ [ [ -54.674484, -22.183634 ], [ -54.674559, -22.18355 ], [ -54.674783, -22.183724 ], [ -54.674746, -22.183766 ], [ -54.674709, -22.183808 ], [ -54.674484, -22.183634 ] ] ] } },
{ "type": "Feature", "properties": { "id": 115046, "insc_imob": "05.01.34.21.103", "quadra_cartorio": "7", "lote_cartorio": "13", "matricula": "46161", "circunscricao": "1º CIRCUNSCRIÇÃO", "zoneamento": null, "condominio": null, "area_geom": 362.66, "cnm": "062661.2.0046161-15" }, "geometry": { "type": "Polygon", "coordinates": [ [ [ -54.674709, -22.183808 ], [ -54.674746, -22.183766 ], [ -54.674836, -22.183836 ], [ -54.674649, -22.184045 ], [ -54.674559, -22.183975 ], [ -54.674634, -22.183891 ], [ -54.674709, -22.183808 ] ] ] } },
{ "type": "Feature", "properties": { "id": 115059, "insc_imob": "05.01.34.21.115", "quadra_cartorio": "7", "lote_cartorio": "12", "matricula": "27056", "circunscricao": "1º CIRCUNSCRIÇÃO", "zoneamento": null, "condominio": null, "area_geom": 362.65, "cnm": "062661.2.0027056-03" }, "geometry": { "type": "Polygon", "coordinates": [ [ [ -54.674649, -22.184045 ], [ -54.674836, -22.183836 ], [ -54.674926, -22.183905 ], [ -54.674739, -22.184114 ], [ -54.674649, -22.184045 ] ] ] } },
{ "type": "Feature", "properties": { "id": 115060, "insc_imob": "05.01.34.21.140", "quadra_cartorio": "7", "lote_cartorio": "10", "matricula": "45474", "circunscricao": "1º CIRCUNSCRIÇÃO", "zoneamento": null, "condominio": null, "area_geom": 362.68, "cnm": "062661.2.0045474-39" }, "geometry": { "type": "Polygon", "coordinates": [ [ [ -54.674829, -22.184184 ], [ -54.675015, -22.183975 ], [ -54.675105, -22.184044 ], [ -54.675068, -22.184086 ], [ -54.674993, -22.18417 ], [ -54.674918, -22.184253 ], [ -54.674829, -22.184184 ] ] ] } },
{ "type": "Feature", "properties": { "id": 115061, "insc_imob": "05.01.34.21.191", "quadra_cartorio": "7", "lote_cartorio": "09", "matricula": "55962", "circunscricao": "1º CIRCUNSCRIÇÃO", "zoneamento": null, "condominio": null, "area_geom": 491.95, "cnm": "062661.2.0055962-03" }, "geometry": { "type": "Polygon", "coordinates": [ [ [ -54.674918, -22.184253 ], [ -54.674993, -22.18417 ], [ -54.675299, -22.184406 ], [ -54.675222, -22.184489 ], [ -54.674918, -22.184253 ] ] ] } },
{ "type": "Feature", "properties": { "id": 115062, "insc_imob": "05.01.34.21.261", "quadra_cartorio": "7", "lote_cartorio": "06", "matricula": "20142", "circunscricao": "1º CIRCUNSCRIÇÃO", "zoneamento": null, "condominio": null, "area_geom": 406.54, "cnm": "062661.2.0020142-84" }, "geometry": { "type": "Polygon", "coordinates": [ [ [ -54.675186, -22.183954 ], [ -54.675292, -22.183835 ], [ -54.675437, -22.183948 ], [ -54.675386, -22.184116 ], [ -54.675186, -22.183954 ] ] ] } },
{ "type": "Feature", "properties": { "id": 115063, "insc_imob": "05.01.34.21.273", "quadra_cartorio": "7", "lote_cartorio": "05", "matricula": "974", "circunscricao": "1º CIRCUNSCRIÇÃO", "zoneamento": null, "condominio": null, "area_geom": 362.66, "cnm": "062661.2.0000974-67" }, "geometry": { "type": "Polygon", "coordinates": [ [ [ -54.675015, -22.183975 ], [ -54.675202, -22.183766 ], [ -54.675292, -22.183835 ], [ -54.675186, -22.183954 ], [ -54.675105, -22.184044 ], [ -54.675015, -22.183975 ] ] ] } },
{ "type": "Feature", "properties": { "id": 115064, "insc_imob": "05.01.34.21.285", "quadra_cartorio": "7", "lote_cartorio": "04", "matricula": "16243", "circunscricao": "1º CIRCUNSCRIÇÃO", "zoneamento": null, "condominio": null, "area_geom": 362.66, "cnm": "062661.2.0016243-44" }, "geometry": { "type": "Polygon", "coordinates": [ [ [ -54.674926, -22.183905 ], [ -54.675112, -22.183696 ], [ -54.675202, -22.183766 ], [ -54.675015, -22.183975 ], [ -54.674933, -22.183911 ], [ -54.674926, -22.183905 ] ] ] } },
{ "type": "Feature", "properties": { "id": 115065, "insc_imob": "05.01.34.21.309", "quadra_cartorio": "7", "lote_cartorio": "02", "matricula": "22719", "circunscricao": "1º CIRCUNSCRIÇÃO", "zoneamento": null, "condominio": null, "area_geom": 362.68, "cnm": "062661.2.0022719-16" }, "geometry": { "type": "Polygon", "coordinates": [ [ [ -54.674858, -22.183641 ], [ -54.674933, -22.183557 ], [ -54.675023, -22.183627 ], [ -54.674836, -22.183836 ], [ -54.674746, -22.183766 ], [ -54.674783, -22.183724 ], [ -54.674858, -22.183641 ] ] ] } },
{ "type": "Feature", "properties": { "id": 115070, "insc_imob": "05.01.34.23.198", "quadra_cartorio": "07", "lote_cartorio": "10", "matricula": "60247", "circunscricao": "1º CIRCUNSCRIÇÃO", "zoneamento": null, "condominio": null, "area_geom": 412.43, "cnm": "062661.2.0060247-49" }, "geometry": { "type": "Polygon", "coordinates": [ [ [ -54.672529, -22.18203 ], [ -54.672711, -22.181827 ], [ -54.672816, -22.181908 ], [ -54.672634, -22.182112 ], [ -54.672529, -22.18203 ] ] ] } },
{ "type": "Feature", "properties": { "id": 115097, "insc_imob": "05.01.34.23.293", "quadra_cartorio": "07", "lote_cartorio": "15", "matricula": "60430-1RI", "circunscricao": "1º CIRCUNSCRIÇÃO", "zoneamento": null, "condominio": null, "area_geom": 309.82, "cnm": "062661.2.0060430-82" }, "geometry": { "type": "Polygon", "coordinates": [ [ [ -54.672742, -22.182558 ], [ -54.672933, -22.182343 ], [ -54.672967, -22.18237 ], [ -54.673008, -22.182401 ], [ -54.672816, -22.182616 ], [ -54.672742, -22.182558 ] ] ] } },
{ "type": "Feature", "properties": { "id": 115098, "insc_imob": "05.01.34.23.303", "quadra_cartorio": "07", "lote_cartorio": "14", "matricula": "60621-1RI", "circunscricao": "1º CIRCUNSCRIÇÃO", "zoneamento": null, "condominio": null, "area_geom": 309.88, "cnm": "062661.2.0060621-91" }, "geometry": { "type": "Polygon", "coordinates": [ [ [ -54.672816, -22.182616 ], [ -54.673008, -22.182401 ], [ -54.673083, -22.182459 ], [ -54.672891, -22.182674 ], [ -54.672816, -22.182616 ] ] ] } },
{ "type": "Feature", "properties": { "id": 115099, "insc_imob": "05.01.34.24.306", "quadra_cartorio": "53 NCD", "lote_cartorio": "02 NCD", "matricula": "54991", "circunscricao": "1º CIRCUNSCRIÇÃO", "zoneamento": null, "condominio": null, "area_geom": 6272.09, "cnm": "062661.2.0054991-06" }, "geometry": { "type": "Polygon", "coordinates": [ [ [ -54.67142, -22.181523 ], [ -54.671794, -22.181109 ], [ -54.67257, -22.181717 ], [ -54.672195, -22.182131 ], [ -54.67142, -22.181523 ] ] ] } },
{ "type": "Feature", "properties": { "id": 115100, "insc_imob": "05.01.34.25.242", "quadra_cartorio": "53 NCD", "lote_cartorio": "02 NCD", "matricula": "12958", "circunscricao": "1º CIRCUNSCRIÇÃO", "zoneamento": null, "condominio": null, "area_geom": 3597.75, "cnm": "062661.2.0012958-05" }, "geometry": { "type": "Polygon", "coordinates": [ [ [ -54.670975, -22.181175 ], [ -54.671349, -22.18076 ], [ -54.671794, -22.181109 ], [ -54.67142, -22.181523 ], [ -54.670975, -22.181175 ] ] ] } },
{ "type": "Feature", "properties": { "id": 115101, "insc_imob": "05.01.34.31.037", "quadra_cartorio": "9", "lote_cartorio": "19", "matricula": "44300", "circunscricao": "1º CIRCUNSCRIÇÃO", "zoneamento": null, "condominio": null, "area_geom": 362.67, "cnm": "062661.2.0044300-69" }, "geometry": { "type": "Polygon", "coordinates": [ [ [ -54.673976, -22.184195 ], [ -54.674051, -22.184111 ], [ -54.674275, -22.184285 ], [ -54.674238, -22.184327 ], [ -54.6742, -22.184369 ], [ -54.673976, -22.184195 ] ] ] } },
{ "type": "Feature", "properties": { "id": 115102, "insc_imob": "05.01.34.31.049", "quadra_cartorio": "9", "lote_cartorio": "18", "matricula": "44299", "circunscricao": "1º CIRCUNSCRIÇÃO", "zoneamento": null, "condominio": null, "area_geom": 362.66, "cnm": "062661.2.0044299-72" }, "geometry": { "type": "Polygon", "coordinates": [ [ [ -54.673901, -22.184278 ], [ -54.673976, -22.184195 ], [ -54.6742, -22.184369 ], [ -54.674126, -22.184452 ], [ -54.673901, -22.184278 ] ] ] } },
{ "type": "Feature", "properties": { "id": 115103, "insc_imob": "05.01.34.31.091", "quadra_cartorio": "09", "lote_cartorio": "17", "matricula": "35629", "circunscricao": "1º CIRCUNSCRIÇÃO", "zoneamento": null, "condominio": null, "area_geom": 362.66, "cnm": "062661.2.0035629-86" }, "geometry": { "type": "Polygon", "coordinates": [ [ [ -54.673827, -22.184362 ], [ -54.673901, -22.184278 ], [ -54.674126, -22.184452 ], [ -54.674051, -22.184536 ], [ -54.673827, -22.184362 ] ] ] } },
{ "type": "Feature", "properties": { "id": 115104, "insc_imob": "05.01.34.31.103", "quadra_cartorio": "09", "lote_cartorio": "16", "matricula": "29780", "circunscricao": "1º CIRCUNSCRIÇÃO", "zoneamento": null, "condominio": null, "area_geom": 362.67, "cnm": "062661.2.0029780-76" }, "geometry": { "type": "Polygon", "coordinates": [ [ [ -54.6742, -22.184369 ], [ -54.674238, -22.184327 ], [ -54.674328, -22.184396 ], [ -54.674141, -22.184605 ], [ -54.674051, -22.184536 ], [ -54.674126, -22.184452 ], [ -54.6742, -22.184369 ] ] ] } },
{ "type": "Feature", "properties": { "id": 115121, "insc_imob": "05.01.34.31.115", "quadra_cartorio": "09", "lote_cartorio": "15", "matricula": "29779", "circunscricao": "1º CIRCUNSCRIÇÃO", "zoneamento": null, "condominio": null, "area_geom": 362.65, "cnm": "062661.2.0029779-79" }, "geometry": { "type": "Polygon", "coordinates": [ [ [ -54.674141, -22.184605 ], [ -54.674328, -22.184396 ], [ -54.674417, -22.184466 ], [ -54.674231, -22.184675 ], [ -54.674141, -22.184605 ] ] ] } },
{ "type": "Feature", "properties": { "id": 115122, "insc_imob": "05.01.34.31.140", "quadra_cartorio": "9", "lote_cartorio": "13", "matricula": "29777", "circunscricao": "1º CIRCUNSCRIÇÃO", "zoneamento": null, "condominio": null, "area_geom": 362.65, "cnm": "062661.2.0029777-85" }, "geometry": { "type": "Polygon", "coordinates": [ [ [ -54.67432, -22.184744 ], [ -54.674507, -22.184535 ], [ -54.674597, -22.184605 ], [ -54.67441, -22.184814 ], [ -54.67432, -22.184744 ] ] ] } },
{ "type": "Feature", "properties": { "id": 115123, "insc_imob": "05.01.34.31.152", "quadra_cartorio": "9", "lote_cartorio": "12", "matricula": "29776", "circunscricao": "1º CIRCUNSCRIÇÃO", "zoneamento": null, "condominio": null, "area_geom": 362.68, "cnm": "062661.2.0029776-88" }, "geometry": { "type": "Polygon", "coordinates": [ [ [ -54.67441, -22.184814 ], [ -54.674597, -22.184605 ], [ -54.674687, -22.184675 ], [ -54.674649, -22.184716 ], [ -54.674575, -22.1848 ], [ -54.6745, -22.184884 ], [ -54.67441, -22.184814 ] ] ] } },
{ "type": "Feature", "properties": { "id": 115148, "insc_imob": "05.01.34.31.232", "quadra_cartorio": "09", "lote_cartorio": "08", "matricula": "27067", "circunscricao": "1º CIRCUNSCRIÇÃO", "zoneamento": null, "condominio": null, "area_geom": 370.06, "cnm": "062661.2.0027067-67" }, "geometry": { "type": "Polygon", "coordinates": [ [ [ -54.674724, -22.184633 ], [ -54.674799, -22.184549 ], [ -54.675026, -22.184725 ], [ -54.674955, -22.184812 ], [ -54.674724, -22.184633 ] ] ] } },
{ "type": "Feature", "properties": { "id": 115150, "insc_imob": "05.01.34.31.299", "quadra_cartorio": "09", "lote_cartorio": "05", "matricula": "27952", "circunscricao": "1º CIRCUNSCRIÇÃO", "zoneamento": null, "condominio": null, "area_geom": 362.67, "cnm": "062661.2.0027952-31" }, "geometry": { "type": "Polygon", "coordinates": [ [ [ -54.674507, -22.184535 ], [ -54.674694, -22.184326 ], [ -54.674784, -22.184396 ], [ -54.674597, -22.184605 ], [ -54.674507, -22.184535 ] ] ] } },
{ "type": "Feature", "properties": { "id": 115175, "insc_imob": "05.01.34.32.140", "quadra_cartorio": "08", "lote_cartorio": "13", "matricula": "67203-MÃE", "circunscricao": "1º CIRCUNSCRIÇÃO", "zoneamento": null, "condominio": null, "area_geom": 362.65, "cnm": "062661.2.0067203-36" }, "geometry": { "type": "Polygon", "coordinates": [ [ [ -54.673273, -22.183933 ], [ -54.67346, -22.183724 ], [ -54.67355, -22.183793 ], [ -54.673363, -22.184002 ], [ -54.673273, -22.183933 ] ] ] } },
{ "type": "Feature", "properties": { "id": 115176, "insc_imob": "05.01.34.32.194", "quadra_cartorio": "08", "lote_cartorio": "11", "matricula": "67203-MÃE", "circunscricao": "1º CIRCUNSCRIÇÃO", "zoneamento": null, "condominio": null, "area_geom": 362.66, "cnm": "062661.2.0067203-36" }, "geometry": { "type": "Polygon", "coordinates": [ [ [ -54.673453, -22.184072 ], [ -54.673527, -22.183988 ], [ -54.673752, -22.184162 ], [ -54.673677, -22.184246 ], [ -54.673453, -22.184072 ] ] ] } },
{ "type": "Feature", "properties": { "id": 115177, "insc_imob": "05.01.34.32.218", "quadra_cartorio": "08", "lote_cartorio": "09", "matricula": "67203-MÃE", "circunscricao": "1º CIRCUNSCRIÇÃO", "zoneamento": null, "condominio": null, "area_geom": 362.68, "cnm": "062661.2.0067203-36" }, "geometry": { "type": "Polygon", "coordinates": [ [ [ -54.673639, -22.183863 ], [ -54.673677, -22.183821 ], [ -54.673901, -22.183995 ], [ -54.673826, -22.184079 ], [ -54.673602, -22.183905 ], [ -54.673639, -22.183863 ] ] ] } },
{ "type": "Feature", "properties": { "id": 115228, "insc_imob": "05.01.34.33.155", "quadra_cartorio": "08", "lote_cartorio": "12", "matricula": "74138", "circunscricao": "1º CIRCUNSCRIÇÃO", "zoneamento": null, "condominio": null, "area_geom": 294.59, "cnm": "062661.2.0074138-86" }, "geometry": { "type": "Polygon", "coordinates": [ [ [ -54.672488, -22.183275 ], [ -54.67267, -22.183071 ], [ -54.672745, -22.183129 ], [ -54.672563, -22.183333 ], [ -54.672488, -22.183275 ] ] ] } },
{ "type": "Feature", "properties": { "id": 115271, "insc_imob": "05.01.34.33.283", "quadra_cartorio": "08", "lote_cartorio": "05", "matricula": "60613", "circunscricao": "1º CIRCUNSCRIÇÃO", "zoneamento": null, "condominio": null, "area_geom": 309.84, "cnm": "062661.2.0060613-18" }, "geometry": { "type": "Polygon", "coordinates": [ [ [ -54.672446, -22.182897 ], [ -54.672637, -22.182683 ], [ -54.672712, -22.182741 ], [ -54.672521, -22.182955 ], [ -54.672487, -22.182929 ], [ -54.672446, -22.182897 ] ] ] } },
{ "type": "Feature", "properties": { "id": 115272, "insc_imob": "05.01.34.33.293", "quadra_cartorio": "08", "lote_cartorio": "06", "matricula": "61645-1RI", "circunscricao": "1º CIRCUNSCRIÇÃO", "zoneamento": null, "condominio": null, "area_geom": 309.84, "cnm": "062661.2.0061645-26" }, "geometry": { "type": "Polygon", "coordinates": [ [ [ -54.672371, -22.182839 ], [ -54.672562, -22.182625 ], [ -54.672637, -22.182683 ], [ -54.672446, -22.182897 ], [ -54.672371, -22.182839 ] ] ] } },
{ "type": "Feature", "properties": { "id": 115273, "insc_imob": "05.01.34.33.303", "quadra_cartorio": "08", "lote_cartorio": "07", "matricula": "82890-1RI", "circunscricao": "1º CIRCUNSCRIÇÃO", "zoneamento": null, "condominio": null, "area_geom": 309.84, "cnm": "062661.2.0082890-20" }, "geometry": { "type": "Polygon", "coordinates": [ [ [ -54.672296, -22.182781 ], [ -54.672488, -22.182567 ], [ -54.672562, -22.182625 ], [ -54.672371, -22.182839 ], [ -54.672296, -22.182781 ] ] ] } },
{ "type": "Feature", "properties": { "id": 115299, "insc_imob": "05.01.34.33.313", "quadra_cartorio": "08", "lote_cartorio": "08", "matricula": "60224", "circunscricao": "1º CIRCUNSCRIÇÃO", "zoneamento": null, "condominio": null, "area_geom": 309.85, "cnm": "062661.2.0060224-21" }, "geometry": { "type": "Polygon", "coordinates": [ [ [ -54.672221, -22.182723 ], [ -54.672413, -22.182509 ], [ -54.672488, -22.182567 ], [ -54.672296, -22.182781 ], [ -54.672221, -22.182723 ] ] ] } },
{ "type": "Feature", "properties": { "id": 115300, "insc_imob": "05.01.34.34.032", "quadra_cartorio": "09", "lote_cartorio": "09", "matricula": "60274", "circunscricao": "1º CIRCUNSCRIÇÃO", "zoneamento": null, "condominio": null, "area_geom": 356.32, "cnm": "062661.2.0060274-65" }, "geometry": { "type": "Polygon", "coordinates": [ [ [ -54.671191, -22.181933 ], [ -54.671383, -22.181719 ], [ -54.671469, -22.181786 ], [ -54.671277, -22.182 ], [ -54.671191, -22.181933 ] ] ] } },
{ "type": "Feature", "properties": { "id": 115301, "insc_imob": "05.01.34.34.073", "quadra_cartorio": "9", "lote_cartorio": "18", "matricula": "90954-1RI", "circunscricao": "1º CIRCUNSCRIÇÃO", "zoneamento": null, "condominio": null, "area_geom": 338.8, "cnm": "062661.2.0090954-78" }, "geometry": { "type": "Polygon", "coordinates": [ [ [ -54.671009, -22.182137 ], [ -54.671191, -22.181933 ], [ -54.671277, -22.182 ], [ -54.671095, -22.182204 ], [ -54.671009, -22.182137 ] ] ] } },
{ "type": "Feature", "properties": { "id": 115302, "insc_imob": "05.01.34.34.083", "quadra_cartorio": "09", "lote_cartorio": "17", "matricula": "65394-1RI", "circunscricao": "1º CIRCUNSCRIÇÃO", "zoneamento": null, "condominio": null, "area_geom": 294.59, "cnm": "062661.2.0065394-31" }, "geometry": { "type": "Polygon", "coordinates": [ [ [ -54.671095, -22.182204 ], [ -54.671277, -22.182 ], [ -54.671352, -22.182058 ], [ -54.67117, -22.182262 ], [ -54.671095, -22.182204 ] ] ] } },
{ "type": "Feature", "properties": { "id": 115305, "insc_imob": "05.01.34.34.123", "quadra_cartorio": "9", "lote_cartorio": "13", "matricula": "60942-1RI", "circunscricao": "1º CIRCUNSCRIÇÃO", "zoneamento": null, "condominio": null, "area_geom": 294.6, "cnm": "062661.2.0060942-98" }, "geometry": { "type": "Polygon", "coordinates": [ [ [ -54.671395, -22.182436 ], [ -54.671577, -22.182232 ], [ -54.671651, -22.18229 ], [ -54.671469, -22.182494 ], [ -54.671395, -22.182436 ] ] ] } },
{ "type": "Feature", "properties": { "id": 115306, "insc_imob": "05.01.34.34.133", "quadra_cartorio": "9", "lote_cartorio": "12", "matricula": "74130", "circunscricao": "1º CIRCUNSCRIÇÃO", "zoneamento": null, "condominio": null, "area_geom": 294.59, "cnm": "062661.2.0074130-13" }, "geometry": { "type": "Polygon", "coordinates": [ [ [ -54.671469, -22.182494 ], [ -54.671651, -22.18229 ], [ -54.671726, -22.182348 ], [ -54.671544, -22.182552 ], [ -54.671469, -22.182494 ] ] ] } },
{ "type": "Feature", "properties": { "id": 115307, "insc_imob": "05.01.34.34.143", "quadra_cartorio": "9", "lote_cartorio": "11", "matricula": "109846-1RI", "circunscricao": "1º CIRCUNSCRIÇÃO", "zoneamento": null, "condominio": null, "area_geom": 294.59, "cnm": "062661.2.0109846-50" }, "geometry": { "type": "Polygon", "coordinates": [ [ [ -54.671544, -22.182552 ], [ -54.671726, -22.182348 ], [ -54.671801, -22.182406 ], [ -54.671619, -22.18261 ], [ -54.671544, -22.182552 ] ] ] } },
{ "type": "Feature", "properties": { "id": 115322, "insc_imob": "05.01.34.34.245", "quadra_cartorio": "09", "lote_cartorio": "03", "matricula": "83197-1RI", "circunscricao": "1º CIRCUNSCRIÇÃO", "zoneamento": null, "condominio": null, "area_geom": 309.84, "cnm": "062661.2.0083197-69" }, "geometry": { "type": "Polygon", "coordinates": [ [ [ -54.671651, -22.18229 ], [ -54.671843, -22.182076 ], [ -54.671918, -22.182134 ], [ -54.671726, -22.182348 ], [ -54.671651, -22.18229 ] ] ] } },
{ "type": "Feature", "properties": { "id": 115323, "insc_imob": "05.01.34.34.256", "quadra_cartorio": "9", "lote_cartorio": "04", "matricula": "96939-1RI", "circunscricao": "1º CIRCUNSCRIÇÃO", "zoneamento": null, "condominio": null, "area_geom": 309.84, "cnm": "062661.2.0096939-68" }, "geometry": { "type": "Polygon", "coordinates": [ [ [ -54.671577, -22.182232 ], [ -54.671768, -22.182018 ], [ -54.671843, -22.182076 ], [ -54.671651, -22.18229 ], [ -54.671577, -22.182232 ] ] ] } },
{ "type": "Feature", "properties": { "id": 115401, "insc_imob": "05.01.34.42.037", "quadra_cartorio": "10", "lote_cartorio": "19", "matricula": "135128", "circunscricao": "1º CIRCUNSCRIÇÃO", "zoneamento": null, "condominio": null, "area_geom": 362.67, "cnm": "062661.2.0135128-58" }, "geometry": { "type": "Polygon", "coordinates": [ [ [ -54.672431, -22.18394 ], [ -54.672505, -22.183857 ], [ -54.67273, -22.184031 ], [ -54.672692, -22.184073 ], [ -54.672655, -22.184114 ], [ -54.672431, -22.18394 ] ] ] } },
{ "type": "Feature", "properties": { "id": 115430, "insc_imob": "05.01.34.42.320", "quadra_cartorio": "10", "lote_cartorio": "03", "matricula": "135113", "circunscricao": "1º CIRCUNSCRIÇÃO", "zoneamento": null, "condominio": null, "area_geom": 362.67, "cnm": "062661.2.0135113-06" }, "geometry": { "type": "Polygon", "coordinates": [ [ [ -54.672782, -22.184142 ], [ -54.672969, -22.183933 ], [ -54.673059, -22.184003 ], [ -54.672872, -22.184212 ], [ -54.672782, -22.184142 ] ] ] } },
{ "type": "Feature", "properties": { "id": 115495, "insc_imob": "05.01.35.01.036", "quadra_cartorio": "01", "lote_cartorio": "09", "matricula": "26517", "circunscricao": "1º CIRCUNSCRIÇÃO", "zoneamento": null, "condominio": null, "area_geom": 441.59, "cnm": "062661.2.0026517-68" }, "geometry": { "type": "Polygon", "coordinates": [ [ [ -54.671362, -22.179186 ], [ -54.671581, -22.178941 ], [ -54.671674, -22.179014 ], [ -54.671456, -22.179258 ], [ -54.671362, -22.179186 ] ] ] } },
{ "type": "Feature", "properties": { "id": 115496, "insc_imob": "05.01.35.01.051", "quadra_cartorio": "01", "lote_cartorio": "10", "matricula": "45840", "circunscricao": "1º CIRCUNSCRIÇÃO", "zoneamento": null, "condominio": null, "area_geom": 701.42, "cnm": "062661.2.0045840-08" }, "geometry": { "type": "Polygon", "coordinates": [ [ [ -54.671269, -22.17929 ], [ -54.671362, -22.179186 ], [ -54.671456, -22.179258 ], [ -54.671531, -22.179316 ], [ -54.671605, -22.179374 ], [ -54.67168, -22.179432 ], [ -54.67171, -22.179455 ], [ -54.671616, -22.179559 ], [ -54.671269, -22.17929 ] ] ] } },
{ "type": "Feature", "properties": { "id": 115524, "insc_imob": "05.01.35.01.174", "quadra_cartorio": "01", "lote_cartorio": "17", "matricula": "26935", "circunscricao": "1º CIRCUNSCRIÇÃO", "zoneamento": null, "condominio": null, "area_geom": 352.57, "cnm": "062661.2.0026935-75" }, "geometry": { "type": "Polygon", "coordinates": [ [ [ -54.671014, -22.180036 ], [ -54.671232, -22.179792 ], [ -54.671307, -22.17985 ], [ -54.671089, -22.180094 ], [ -54.671014, -22.180036 ] ] ] } },
{ "type": "Feature", "properties": { "id": 115579, "insc_imob": "05.01.35.01.184", "quadra_cartorio": "01", "lote_cartorio": "18", "matricula": "28000", "circunscricao": "1º CIRCUNSCRIÇÃO", "zoneamento": null, "condominio": null, "area_geom": 352.58, "cnm": "062661.2.0028000-81" }, "geometry": { "type": "Polygon", "coordinates": [ [ [ -54.671089, -22.180094 ], [ -54.671307, -22.17985 ], [ -54.671336, -22.179873 ], [ -54.671382, -22.179908 ], [ -54.671164, -22.180152 ], [ -54.671089, -22.180094 ] ] ] } },
{ "type": "Feature", "properties": { "id": 115607, "insc_imob": "05.01.35.01.194", "quadra_cartorio": "01", "lote_cartorio": "19", "matricula": "28001", "circunscricao": "1º CIRCUNSCRIÇÃO", "zoneamento": null, "condominio": null, "area_geom": 352.57, "cnm": "062661.2.0028001-78" }, "geometry": { "type": "Polygon", "coordinates": [ [ [ -54.671164, -22.180152 ], [ -54.671382, -22.179908 ], [ -54.671456, -22.179966 ], [ -54.671239, -22.18021 ], [ -54.671164, -22.180152 ] ] ] } },
{ "type": "Feature", "properties": { "id": 115645, "insc_imob": "05.01.33.01.592", "quadra_cartorio": "52 NC ", "lote_cartorio": "P/O5", "matricula": "2584", "circunscricao": "1º CIRCUNSCRIÇÃO", "zoneamento": null, "condominio": null, "area_geom": 1132.91, "cnm": "062661.2.0002584-87" }, "geometry": { "type": "Polygon", "coordinates": [ [ [ -54.679622, -22.186157 ], [ -54.680091, -22.185633 ], [ -54.680202, -22.185719 ], [ -54.679734, -22.186244 ], [ -54.679622, -22.186157 ] ] ] } },
{ "type": "Feature", "properties": { "id": 115646, "insc_imob": "05.01.35.01.204", "quadra_cartorio": "01", "lote_cartorio": "20", "matricula": "56885", "circunscricao": "1º CIRCUNSCRIÇÃO", "zoneamento": null, "condominio": null, "area_geom": 352.55, "cnm": "062661.2.0056885-47" }, "geometry": { "type": "Polygon", "coordinates": [ [ [ -54.671239, -22.18021 ], [ -54.671456, -22.179966 ], [ -54.671531, -22.180024 ], [ -54.671313, -22.180268 ], [ -54.671239, -22.18021 ] ] ] } },
{ "type": "Feature", "properties": { "id": 115647, "insc_imob": "05.01.35.01.307", "quadra_cartorio": "01", "lote_cartorio": "15", "matricula": "60628", "circunscricao": "1º CIRCUNSCRIÇÃO", "zoneamento": null, "condominio": null, "area_geom": 734.18, "cnm": "062661.2.0060628-70" }, "geometry": { "type": "Polygon", "coordinates": [ [ [ -54.671523, -22.179664 ], [ -54.671554, -22.179629 ], [ -54.671616, -22.179559 ], [ -54.67198, -22.179841 ], [ -54.671886, -22.179945 ], [ -54.671523, -22.179664 ] ] ] } },
{ "type": "Feature", "properties": { "id": 115661, "insc_imob": "05.01.35.11.036", "quadra_cartorio": "02", "lote_cartorio": "09", "matricula": "26936", "circunscricao": "1º CIRCUNSCRIÇÃO", "zoneamento": null, "condominio": null, "area_geom": 440.66, "cnm": "062661.2.0026936-72" }, "geometry": { "type": "Polygon", "coordinates": [ [ [ -54.670441, -22.180229 ], [ -54.670659, -22.179985 ], [ -54.670753, -22.180057 ], [ -54.670535, -22.180301 ], [ -54.670441, -22.180229 ] ] ] } },
{ "type": "Feature", "properties": { "id": 115665, "insc_imob": "05.01.35.11.260", "quadra_cartorio": "02", "lote_cartorio": "04", "matricula": "88536", "circunscricao": "1º CIRCUNSCRIÇÃO", "zoneamento": null, "condominio": null, "area_geom": 352.56, "cnm": "062661.2.0088536-57" }, "geometry": { "type": "Polygon", "coordinates": [ [ [ -54.670834, -22.180533 ], [ -54.671052, -22.180289 ], [ -54.671127, -22.180347 ], [ -54.670909, -22.180591 ], [ -54.670834, -22.180533 ] ] ] } },
{ "type": "Feature", "properties": { "id": 115666, "insc_imob": "05.01.35.11.280", "quadra_cartorio": "02", "lote_cartorio": "06", "matricula": "26524", "circunscricao": "1º CIRCUNSCRIÇÃO", "zoneamento": null, "condominio": null, "area_geom": 352.53, "cnm": "062661.2.0026524-47" }, "geometry": { "type": "Polygon", "coordinates": [ [ [ -54.670684, -22.180417 ], [ -54.670902, -22.180173 ], [ -54.670977, -22.180231 ], [ -54.670759, -22.180475 ], [ -54.670684, -22.180417 ] ] ] } },
{ "type": "Feature", "properties": { "id": 116029, "insc_imob": "05.01.34.05.142", "quadra_cartorio": "03", "lote_cartorio": "06", "matricula": "57527", "circunscricao": "1º CIRCUNSCRIÇÃO", "zoneamento": null, "condominio": null, "area_geom": 439.87, "cnm": "062661.2.0057527-61" }, "geometry": { "type": "Polygon", "coordinates": [ [ [ -54.672181, -22.180231 ], [ -54.6724, -22.179988 ], [ -54.672489, -22.180057 ], [ -54.672493, -22.18006 ], [ -54.672275, -22.180303 ], [ -54.672181, -22.180231 ] ] ] } },
{ "type": "Feature", "properties": { "id": 119566, "insc_imob": "05.01.24.01.124", "quadra_cartorio": "08", "lote_cartorio": "LOTE 09 A", "matricula": "39207", "circunscricao": "1º CIRCUNSCRIÇÃO", "zoneamento": null, "condominio": null, "area_geom": 21755.2, "cnm": "062661.2.0039207-22" }, "geometry": { "type": "Polygon", "coordinates": [ [ [ -54.673619, -22.180211 ], [ -54.674778, -22.178863 ], [ -54.675547, -22.179711 ], [ -54.675137, -22.180187 ], [ -54.674539, -22.180882 ], [ -54.674517, -22.180907 ], [ -54.673619, -22.180211 ] ] ] } },
{ "type": "Feature", "properties": { "id": 120745, "insc_imob": "05.01.23.01.030", "quadra_cartorio": "08 NCD", "lote_cartorio": "P/08", "matricula": "90981", "circunscricao": "1º CIRCUNSCRIÇÃO", "zoneamento": null, "condominio": null, "area_geom": 100.73, "cnm": "062661.2.0090981-94" }, "geometry": { "type": "Polygon", "coordinates": [ [ [ -54.677412, -22.183108 ], [ -54.677475, -22.183038 ], [ -54.677549, -22.183096 ], [ -54.677487, -22.183166 ], [ -54.677412, -22.183108 ] ] ] } },
{ "type": "Feature", "properties": { "id": 120762, "insc_imob": "05.01.34.34.266", "quadra_cartorio": "09", "lote_cartorio": "05", "matricula": "65721", "circunscricao": "1º CIRCUNSCRIÇÃO", "zoneamento": null, "condominio": null, "area_geom": 311.78, "cnm": "062661.2.0065721-20" }, "geometry": { "type": "Polygon", "coordinates": [ [ [ -54.671501, -22.182173 ], [ -54.671693, -22.18196 ], [ -54.671768, -22.182018 ], [ -54.671577, -22.182232 ], [ -54.671501, -22.182173 ] ] ] } },
{ "type": "Feature", "properties": { "id": 120765, "insc_imob": "05.01.35.01.370", "quadra_cartorio": "01", "lote_cartorio": "01", "matricula": "26205", "circunscricao": "1º CIRCUNSCRIÇÃO", "zoneamento": null, "condominio": null, "area_geom": 441.6, "cnm": "062661.2.0026205-34" }, "geometry": { "type": "Polygon", "coordinates": [ [ [ -54.67198, -22.179664 ], [ -54.672198, -22.179419 ], [ -54.672291, -22.179492 ], [ -54.672073, -22.179736 ], [ -54.67198, -22.179664 ] ] ] } },
{ "type": "Feature", "properties": { "id": 129372, "insc_imob": "05.01.35.35.134", "quadra_cartorio": null, "lote_cartorio": "11", "matricula": "2121", "circunscricao": null, "zoneamento": null, "condominio": null, "area_geom": 375.0, "cnm": "062661.2.0002121-21" }, "geometry": { "type": "Polygon", "coordinates": [ [ [ -54.667214, -22.181769 ], [ -54.666976, -22.181592 ], [ -54.667048, -22.181508 ], [ -54.667286, -22.181685 ], [ -54.667214, -22.181769 ] ] ] } },
{ "type": "Feature", "properties": { "id": 129373, "insc_imob": "05.01.35.35.180", "quadra_cartorio": null, "lote_cartorio": "12", "matricula": "2121", "circunscricao": null, "zoneamento": null, "condominio": null, "area_geom": 442.44, "cnm": "062661.2.0002121-21" }, "geometry": { "type": "Polygon", "coordinates": [ [ [ -54.667214, -22.181769 ], [ -54.667129, -22.181869 ], [ -54.667129, -22.181869 ], [ -54.666891, -22.181692 ], [ -54.666976, -22.181592 ], [ -54.667214, -22.181769 ] ] ] } },
{ "type": "Feature", "properties": { "id": 129400, "insc_imob": "05.01.45.05.028", "quadra_cartorio": null, "lote_cartorio": "02", "matricula": "0000", "circunscricao": null, "zoneamento": null, "condominio": null, "area_geom": 442.44, "cnm": null }, "geometry": { "type": "Polygon", "coordinates": [ [ [ -54.666925, -22.182109 ], [ -54.66684, -22.182208 ], [ -54.666602, -22.182032 ], [ -54.666687, -22.181932 ], [ -54.666925, -22.182109 ], [ -54.666925, -22.182109 ] ] ] } },
{ "type": "Feature", "properties": { "id": 129401, "insc_imob": "05.01.45.05.014", "quadra_cartorio": null, "lote_cartorio": "01", "matricula": "40175", "circunscricao": null, "zoneamento": null, "condominio": null, "area_geom": 441.82, "cnm": "062661.2.0040175-28" }, "geometry": { "type": "Polygon", "coordinates": [ [ [ -54.66701, -22.182009 ], [ -54.666924, -22.182108 ], [ -54.666687, -22.181932 ], [ -54.666772, -22.181832 ], [ -54.66701, -22.182009 ] ] ] } },
{ "type": "Feature", "properties": { "id": 129393, "insc_imob": "05.01.35.34.136", "quadra_cartorio": null, "lote_cartorio": "11", "matricula": "38725", "circunscricao": null, "zoneamento": null, "condominio": null, "area_geom": 360.0, "cnm": "062661.2.0038725-13" }, "geometry": { "type": "Polygon", "coordinates": [ [ [ -54.667438, -22.181798 ], [ -54.667665, -22.181966 ], [ -54.667593, -22.182051 ], [ -54.667365, -22.181882 ], [ -54.667438, -22.181798 ] ] ] } },
{ "type": "Feature", "properties": { "id": 129394, "insc_imob": "05.01.35.34.236", "quadra_cartorio": null, "lote_cartorio": "14", "matricula": "38726", "circunscricao": null, "zoneamento": null, "condominio": null, "area_geom": 360.0, "cnm": "062661.2.0038726-10" }, "geometry": { "type": "Polygon", "coordinates": [ [ [ -54.667665, -22.181966 ], [ -54.667893, -22.182135 ], [ -54.66782, -22.18222 ], [ -54.667593, -22.182051 ], [ -54.667665, -22.181966 ] ] ] } },
{ "type": "Feature", "properties": { "id": 129395, "insc_imob": "05.01.35.34.180", "quadra_cartorio": null, "lote_cartorio": "12", "matricula": "32594", "circunscricao": null, "zoneamento": null, "condominio": null, "area_geom": 420.0, "cnm": "062661.2.0032594-73" }, "geometry": { "type": "Polygon", "coordinates": [ [ [ -54.667365, -22.181882 ], [ -54.667593, -22.182051 ], [ -54.667508, -22.18215 ], [ -54.667281, -22.181981 ], [ -54.667365, -22.181882 ] ] ] } },
{ "type": "Feature", "properties": { "id": 129397, "insc_imob": "05.01.45.04.328", "quadra_cartorio": null, "lote_cartorio": "21", "matricula": "00000", "circunscricao": null, "zoneamento": null, "condominio": null, "area_geom": 418.63, "cnm": null }, "geometry": { "type": "Polygon", "coordinates": [ [ [ -54.667304, -22.182391 ], [ -54.66753, -22.182559 ], [ -54.667446, -22.182658 ], [ -54.667218, -22.182489 ], [ -54.667304, -22.182391 ] ] ] } },
{ "type": "Feature", "properties": { "id": 129396, "insc_imob": "05.01.35.34.224", "quadra_cartorio": null, "lote_cartorio": "13", "matricula": "40283", "circunscricao": null, "zoneamento": null, "condominio": null, "area_geom": 419.74, "cnm": "062661.2.0040283-92" }, "geometry": { "type": "Polygon", "coordinates": [ [ [ -54.667593, -22.182051 ], [ -54.66782, -22.18222 ], [ -54.667736, -22.182319 ], [ -54.667508, -22.18215 ], [ -54.667593, -22.182051 ] ] ] } },
{ "type": "Feature", "properties": { "id": 129399, "insc_imob": "05.01.45.04.015", "quadra_cartorio": null, "lote_cartorio": "01", "matricula": "32595", "circunscricao": null, "zoneamento": null, "condominio": null, "area_geom": 421.04, "cnm": "062661.2.0032595-70" }, "geometry": { "type": "Polygon", "coordinates": [ [ [ -54.667161, -22.182123 ], [ -54.667388, -22.182291 ], [ -54.667304, -22.182391 ], [ -54.667076, -22.182221 ], [ -54.667161, -22.182123 ] ] ] } },
{ "type": "Feature", "properties": { "id": 129398, "insc_imob": "05.01.45.04.372", "quadra_cartorio": null, "lote_cartorio": "22", "matricula": "38769", "circunscricao": null, "zoneamento": null, "condominio": null, "area_geom": 419.01, "cnm": "062661.2.0038769-75" }, "geometry": { "type": "Polygon", "coordinates": [ [ [ -54.667387, -22.182291 ], [ -54.667615, -22.18246 ], [ -54.66753, -22.182559 ], [ -54.667304, -22.182391 ], [ -54.667387, -22.182291 ] ] ] } },
{ "type": "Feature", "properties": { "id": 721, "insc_imob": "05.01.34.35.188", "quadra_cartorio": null, "lote_cartorio": "01", "matricula": "72402-1RI", "circunscricao": "1º CIRCUNSCRIÇÃO", "zoneamento": null, "condominio": null, "area_geom": 434.05, "cnm": "062661.2.0072402-56" }, "geometry": { "type": "Polygon", "coordinates": [ [ [ -54.670949, -22.181753 ], [ -54.67114, -22.181538 ], [ -54.671245, -22.18162 ], [ -54.671053, -22.181834 ], [ -54.670949, -22.181753 ] ] ] } },
{ "type": "Feature", "properties": { "id": 2279, "insc_imob": "05.01.35.11.049", "quadra_cartorio": null, "lote_cartorio": "10", "matricula": "31110", "circunscricao": "1º CIRCUNSCRIÇÃO", "zoneamento": null, "condominio": null, "area_geom": 632.42, "cnm": "062661.2.0031110-63" }, "geometry": { "type": "Polygon", "coordinates": [ [ [ -54.670361, -22.180319 ], [ -54.670441, -22.180229 ], [ -54.670795, -22.180503 ], [ -54.670711, -22.180598 ], [ -54.670361, -22.180319 ] ] ] } },
{ "type": "Feature", "properties": { "id": 3203, "insc_imob": "05.01.34.11.037", "quadra_cartorio": null, "lote_cartorio": "01", "matricula": "44323", "circunscricao": "1º CIRCUNSCRIÇÃO", "zoneamento": null, "condominio": null, "area_geom": 441.44, "cnm": "062661.2.0044323-97" }, "geometry": { "type": "Polygon", "coordinates": [ [ [ -54.675678, -22.183543 ], [ -54.67569, -22.183462 ], [ -54.6757, -22.18338 ], [ -54.675707, -22.183297 ], [ -54.675711, -22.183215 ], [ -54.6759, -22.183362 ], [ -54.675713, -22.183571 ], [ -54.675678, -22.183543 ] ] ] } },
{ "type": "Feature", "properties": { "id": 3204, "insc_imob": "05.01.34.11.046", "quadra_cartorio": null, "lote_cartorio": "10", "matricula": "21600", "circunscricao": "1º CIRCUNSCRIÇÃO", "zoneamento": null, "condominio": null, "area_geom": 362.89, "cnm": "062661.2.0021600-75" }, "geometry": { "type": "Polygon", "coordinates": [ [ [ -54.674902, -22.183133 ], [ -54.674995, -22.183029 ], [ -54.675085, -22.183099 ], [ -54.675175, -22.183168 ], [ -54.675081, -22.183273 ], [ -54.674902, -22.183133 ] ] ] } },
{ "type": "Feature", "properties": { "id": 3205, "insc_imob": "05.01.34.11.055", "quadra_cartorio": null, "lote_cartorio": "05", "matricula": "14016", "circunscricao": "1º CIRCUNSCRIÇÃO", "zoneamento": null, "condominio": null, "area_geom": 623.5, "cnm": "062661.2.0014016-32" }, "geometry": { "type": "Polygon", "coordinates": [ [ [ -54.67565, -22.183698 ], [ -54.675665, -22.183621 ], [ -54.675678, -22.183543 ], [ -54.675713, -22.183571 ], [ -54.675803, -22.18364 ], [ -54.675841, -22.183669 ], [ -54.675893, -22.18371 ], [ -54.676023, -22.183811 ], [ -54.675923, -22.18391 ], [ -54.67565, -22.183698 ] ] ] } },
{ "type": "Feature", "properties": { "id": 3228, "insc_imob": "05.01.34.11.168", "quadra_cartorio": null, "lote_cartorio": "04", "matricula": "14015", "circunscricao": "1º CIRCUNSCRIÇÃO", "zoneamento": null, "condominio": null, "area_geom": 556.09, "cnm": "062661.2.0014015-35" }, "geometry": { "type": "Polygon", "coordinates": [ [ [ -54.675893, -22.18371 ], [ -54.67608, -22.183501 ], [ -54.676225, -22.183613 ], [ -54.676023, -22.183811 ], [ -54.675893, -22.18371 ] ] ] } },
{ "type": "Feature", "properties": { "id": 3229, "insc_imob": "05.01.34.11.178", "quadra_cartorio": null, "lote_cartorio": "06", "matricula": "9206", "circunscricao": "1º CIRCUNSCRIÇÃO", "zoneamento": null, "condominio": null, "area_geom": 734.09, "cnm": "062661.2.0009206-09" }, "geometry": { "type": "Polygon", "coordinates": [ [ [ -54.67519, -22.183534 ], [ -54.675339, -22.183366 ], [ -54.675513, -22.183501 ], [ -54.6755, -22.183584 ], [ -54.675485, -22.183666 ], [ -54.675467, -22.183748 ], [ -54.67519, -22.183534 ] ] ] } },
{ "type": "Feature", "properties": { "id": 3231, "insc_imob": "05.01.34.11.234", "quadra_cartorio": null, "lote_cartorio": "04", "matricula": "22793", "circunscricao": "1º CIRCUNSCRIÇÃO", "zoneamento": null, "condominio": null, "area_geom": 515.35, "cnm": "062661.2.0022793-85" }, "geometry": { "type": "Polygon", "coordinates": [ [ [ -54.675302, -22.183196 ], [ -54.675451, -22.183029 ], [ -54.675539, -22.183097 ], [ -54.675539, -22.183188 ], [ -54.675535, -22.18328 ], [ -54.675528, -22.183371 ], [ -54.675302, -22.183196 ] ] ] } },
{ "type": "Feature", "properties": { "id": 3252, "insc_imob": "05.01.34.12.012", "quadra_cartorio": null, "lote_cartorio": "01", "matricula": "15455", "circunscricao": "1º CIRCUNSCRIÇÃO", "zoneamento": null, "condominio": null, "area_geom": 362.89, "cnm": "062661.2.0015455-80" }, "geometry": { "type": "Polygon", "coordinates": [ [ [ -54.674092, -22.182089 ], [ -54.674167, -22.182006 ], [ -54.674392, -22.18218 ], [ -54.674317, -22.182263 ], [ -54.674092, -22.182089 ] ] ] } },
{ "type": "Feature", "properties": { "id": 3253, "insc_imob": "05.01.34.12.025", "quadra_cartorio": null, "lote_cartorio": "20", "matricula": "152292", "circunscricao": "1º CIRCUNSCRIÇÃO", "zoneamento": null, "condominio": null, "area_geom": 362.9, "cnm": "062661.2.0152292-73" }, "geometry": { "type": "Polygon", "coordinates": [ [ [ -54.674018, -22.182173 ], [ -54.674092, -22.182089 ], [ -54.674317, -22.182263 ], [ -54.674242, -22.182347 ], [ -54.674018, -22.182173 ] ] ] } },
{ "type": "Feature", "properties": { "id": 3254, "insc_imob": "05.01.34.12.037", "quadra_cartorio": null, "lote_cartorio": "19", "matricula": "29276", "circunscricao": "1º CIRCUNSCRIÇÃO", "zoneamento": null, "condominio": null, "area_geom": 362.88, "cnm": "062661.2.0029276-36" }, "geometry": { "type": "Polygon", "coordinates": [ [ [ -54.673943, -22.182257 ], [ -54.674018, -22.182173 ], [ -54.674242, -22.182347 ], [ -54.674205, -22.182389 ], [ -54.674168, -22.18243 ], [ -54.673943, -22.182257 ] ] ] } },
{ "type": "Feature", "properties": { "id": 3255, "insc_imob": "05.01.34.12.049", "quadra_cartorio": null, "lote_cartorio": "18", "matricula": "29275", "circunscricao": "1º CIRCUNSCRIÇÃO", "zoneamento": null, "condominio": null, "area_geom": 362.89, "cnm": "062661.2.0029275-39" }, "geometry": { "type": "Polygon", "coordinates": [ [ [ -54.673868, -22.18234 ], [ -54.673943, -22.182257 ], [ -54.674168, -22.18243 ], [ -54.674093, -22.182514 ], [ -54.673868, -22.18234 ] ] ] } },
{ "type": "Feature", "properties": { "id": 3256, "insc_imob": "05.01.34.12.091", "quadra_cartorio": null, "lote_cartorio": "17", "matricula": "33641", "circunscricao": "1º CIRCUNSCRIÇÃO", "zoneamento": null, "condominio": null, "area_geom": 362.9, "cnm": "062661.2.0033641-36" }, "geometry": { "type": "Polygon", "coordinates": [ [ [ -54.673794, -22.182424 ], [ -54.673868, -22.18234 ], [ -54.674093, -22.182514 ], [ -54.674018, -22.182598 ], [ -54.673794, -22.182424 ] ] ] } },
{ "type": "Feature", "properties": { "id": 3257, "insc_imob": "05.01.34.12.103", "quadra_cartorio": null, "lote_cartorio": "16", "matricula": "47426", "circunscricao": "1º CIRCUNSCRIÇÃO", "zoneamento": null, "condominio": null, "area_geom": 362.9, "cnm": "062661.2.0047426-03" }, "geometry": { "type": "Polygon", "coordinates": [ [ [ -54.674168, -22.18243 ], [ -54.674205, -22.182389 ], [ -54.674295, -22.182458 ], [ -54.674108, -22.182667 ], [ -54.674018, -22.182598 ], [ -54.674093, -22.182514 ], [ -54.674168, -22.18243 ] ] ] } },
{ "type": "Feature", "properties": { "id": 3258, "insc_imob": "05.01.34.12.115", "quadra_cartorio": null, "lote_cartorio": "15", "matricula": "47425", "circunscricao": "1º CIRCUNSCRIÇÃO", "zoneamento": null, "condominio": null, "area_geom": 362.87, "cnm": "062661.2.0047425-06" }, "geometry": { "type": "Polygon", "coordinates": [ [ [ -54.674108, -22.182667 ], [ -54.674295, -22.182458 ], [ -54.674384, -22.182528 ], [ -54.674198, -22.182737 ], [ -54.674108, -22.182667 ] ] ] } },
{ "type": "Feature", "properties": { "id": 3259, "insc_imob": "05.01.34.12.128", "quadra_cartorio": null, "lote_cartorio": "14", "matricula": "47434", "circunscricao": "1º CIRCUNSCRIÇÃO", "zoneamento": null, "condominio": null, "area_geom": 362.88, "cnm": "062661.2.0047434-76" }, "geometry": { "type": "Polygon", "coordinates": [ [ [ -54.674198, -22.182737 ], [ -54.674384, -22.182528 ], [ -54.674392, -22.182534 ], [ -54.674474, -22.182597 ], [ -54.674288, -22.182806 ], [ -54.674198, -22.182737 ] ] ] } },
{ "type": "Feature", "properties": { "id": 4442, "insc_imob": "05.01.24.01.426", "quadra_cartorio": null, "lote_cartorio": "P/08 NCD", "matricula": "158576", "circunscricao": "1º CIRCUNSCRIÇÃO", "zoneamento": null, "condominio": null, "area_geom": 2167.24, "cnm": "062661.2.0158576-39" }, "geometry": { "type": "Polygon", "coordinates": [ [ [ -54.676462, -22.182372 ], [ -54.676773, -22.182023 ], [ -54.677095, -22.182273 ], [ -54.676784, -22.182621 ], [ -54.676462, -22.182372 ] ] ] } },
{ "type": "Feature", "properties": { "id": 4443, "insc_imob": "05.01.34.04.286", "quadra_cartorio": null, "lote_cartorio": "05", "matricula": "60563-1RI", "circunscricao": "1º CIRCUNSCRIÇÃO", "zoneamento": null, "condominio": null, "area_geom": 352.81, "cnm": "062661.2.0060563-71" }, "geometry": { "type": "Polygon", "coordinates": [ [ [ -54.673035, -22.180486 ], [ -54.673252, -22.180242 ], [ -54.673327, -22.1803 ], [ -54.673109, -22.180544 ], [ -54.673035, -22.180486 ] ] ] } },
{ "type": "Feature", "properties": { "id": 4456, "insc_imob": "05.01.34.22.025", "quadra_cartorio": null, "lote_cartorio": "20", "matricula": "135096", "circunscricao": "1º CIRCUNSCRIÇÃO", "zoneamento": null, "condominio": null, "area_geom": 362.9, "cnm": "062661.2.0135096-57" }, "geometry": { "type": "Polygon", "coordinates": [ [ [ -54.673501, -22.182742 ], [ -54.673576, -22.182658 ], [ -54.6738, -22.182832 ], [ -54.673726, -22.182916 ], [ -54.673501, -22.182742 ] ] ] } },
{ "type": "Feature", "properties": { "id": 6713, "insc_imob": "05.01.23.01.130", "quadra_cartorio": null, "lote_cartorio": "DATA 01", "matricula": "233", "circunscricao": "1º CIRCUNSCRIÇÃO", "zoneamento": null, "condominio": null, "area_geom": 2479.31, "cnm": "062661.2.0000233-59" }, "geometry": { "type": "Polygon", "coordinates": [ [ [ -54.678022, -22.183555 ], [ -54.678532, -22.182984 ], [ -54.678756, -22.183158 ], [ -54.678246, -22.183729 ], [ -54.678022, -22.183555 ] ] ] } },
{ "type": "Feature", "properties": { "id": 6714, "insc_imob": "05.01.24.01.382", "quadra_cartorio": null, "lote_cartorio": "P/09", "matricula": "14013", "circunscricao": "1º CIRCUNSCRIÇÃO", "zoneamento": null, "condominio": null, "area_geom": 604.79, "cnm": "062661.2.0014013-41" }, "geometry": { "type": "Polygon", "coordinates": [ [ [ -54.676372, -22.182302 ], [ -54.676684, -22.181954 ], [ -54.676773, -22.182023 ], [ -54.676462, -22.182372 ], [ -54.676372, -22.182302 ] ] ] } },
{ "type": "Feature", "properties": { "id": 10408, "insc_imob": "05.01.34.12.284", "quadra_cartorio": null, "lote_cartorio": "06", "matricula": "8310", "circunscricao": "1º CIRCUNSCRIÇÃO", "zoneamento": null, "condominio": null, "area_geom": 362.89, "cnm": "062661.2.0008310-78" }, "geometry": { "type": "Polygon", "coordinates": [ [ [ -54.674564, -22.182667 ], [ -54.674751, -22.182458 ], [ -54.674841, -22.182527 ], [ -54.674766, -22.182611 ], [ -54.674691, -22.182695 ], [ -54.674654, -22.182736 ], [ -54.674564, -22.182667 ] ] ] } },
{ "type": "Feature", "properties": { "id": 12265, "insc_imob": "05.01.23.01.464", "quadra_cartorio": null, "lote_cartorio": "11", "matricula": "29162", "circunscricao": "1º CIRCUNSCRIÇÃO", "zoneamento": null, "condominio": null, "area_geom": 2115.39, "cnm": "062661.2.0029162-87" }, "geometry": { "type": "Polygon", "coordinates": [ [ [ -54.6805, -22.185404 ], [ -54.680291, -22.185243 ], [ -54.68076, -22.184718 ], [ -54.680968, -22.18488 ], [ -54.6805, -22.185404 ] ] ] } },
{ "type": "Feature", "properties": { "id": 12266, "insc_imob": "05.01.23.01.463", "quadra_cartorio": null, "lote_cartorio": "P/10A", "matricula": "29161", "circunscricao": "1º CIRCUNSCRIÇÃO", "zoneamento": null, "condominio": null, "area_geom": 630.77, "cnm": "062661.2.0029161-90" }, "geometry": { "type": "Polygon", "coordinates": [ [ [ -54.680229, -22.185194 ], [ -54.680698, -22.18467 ], [ -54.68076, -22.184718 ], [ -54.680291, -22.185243 ], [ -54.680229, -22.185194 ] ] ] } },
{ "type": "Feature", "properties": { "id": 12905, "insc_imob": "05.01.33.01.635", "quadra_cartorio": null, "lote_cartorio": "DATA 10A", "matricula": "8191", "circunscricao": "1º CIRCUNSCRIÇÃO", "zoneamento": null, "condominio": null, "area_geom": 1133.59, "cnm": "062661.2.0008191-47" }, "geometry": { "type": "Polygon", "coordinates": [ [ [ -54.679672, -22.185309 ], [ -54.679784, -22.185395 ], [ -54.679315, -22.18592 ], [ -54.679204, -22.185833 ], [ -54.679672, -22.185309 ] ] ] } },
{ "type": "Feature", "properties": { "id": 13227, "insc_imob": "05.01.34.23.084", "quadra_cartorio": null, "lote_cartorio": "02", "matricula": "60428", "circunscricao": "1º CIRCUNSCRIÇÃO", "zoneamento": null, "condominio": null, "area_geom": 294.79, "cnm": "062661.2.0060428-88" }, "geometry": { "type": "Polygon", "coordinates": [ [ [ -54.673157, -22.182517 ], [ -54.67334, -22.182314 ], [ -54.673414, -22.182372 ], [ -54.673232, -22.182575 ], [ -54.673157, -22.182517 ] ] ] } },
{ "type": "Feature", "properties": { "id": 13228, "insc_imob": "05.01.34.23.135", "quadra_cartorio": null, "lote_cartorio": "07", "matricula": "137883", "circunscricao": "1º CIRCUNSCRIÇÃO", "zoneamento": null, "condominio": null, "area_geom": 294.79, "cnm": "062661.2.0137883-38" }, "geometry": { "type": "Polygon", "coordinates": [ [ [ -54.672783, -22.182228 ], [ -54.672965, -22.182024 ], [ -54.67304, -22.182082 ], [ -54.672858, -22.182286 ], [ -54.672783, -22.182228 ] ] ] } },
{ "type": "Feature", "properties": { "id": 15763, "insc_imob": "05.01.35.12.234", "quadra_cartorio": null, "lote_cartorio": "22", "matricula": "54561", "circunscricao": "1º CIRCUNSCRIÇÃO", "zoneamento": null, "condominio": null, "area_geom": 450.0, "cnm": "062661.2.0054561-35" }, "geometry": { "type": "Polygon", "coordinates": [ [ [ -54.670281, -22.180075 ], [ -54.6701, -22.180287 ], [ -54.669986, -22.180202 ], [ -54.670167, -22.17999 ], [ -54.670281, -22.180075 ] ] ] } },
{ "type": "Feature", "properties": { "id": 16209, "insc_imob": "05.01.35.12.305", "quadra_cartorio": null, "lote_cartorio": "03", "matricula": "37681", "circunscricao": "1º CIRCUNSCRIÇÃO", "zoneamento": null, "condominio": null, "area_geom": 375.0, "cnm": "062661.2.0037681-41" }, "geometry": { "type": "Polygon", "coordinates": [ [ [ -54.670253, -22.179708 ], [ -54.670072, -22.17992 ], [ -54.669977, -22.17985 ], [ -54.670159, -22.179638 ], [ -54.670253, -22.179708 ] ] ] } },
{ "type": "Feature", "properties": { "id": 17355, "insc_imob": "05.01.35.12.139", "quadra_cartorio": null, "lote_cartorio": "17", "matricula": "40286", "circunscricao": "1º CIRCUNSCRIÇÃO", "zoneamento": null, "condominio": null, "area_geom": 375.0, "cnm": "062661.2.0040286-83" }, "geometry": { "type": "Polygon", "coordinates": [ [ [ -54.669788, -22.179709 ], [ -54.669607, -22.179921 ], [ -54.669512, -22.179851 ], [ -54.669693, -22.179639 ], [ -54.669788, -22.179709 ] ] ] } },
{ "type": "Feature", "properties": { "id": 18638, "insc_imob": "05.01.35.12.114", "quadra_cartorio": null, "lote_cartorio": "15", "matricula": "32589", "circunscricao": "1º CIRCUNSCRIÇÃO", "zoneamento": null, "condominio": null, "area_geom": 375.0, "cnm": "062661.2.0032589-88" }, "geometry": { "type": "Polygon", "coordinates": [ [ [ -54.669598, -22.179568 ], [ -54.669417, -22.17978 ], [ -54.669322, -22.17971 ], [ -54.669504, -22.179498 ], [ -54.669598, -22.179568 ] ] ] } },
{ "type": "Feature", "properties": { "id": 19664, "insc_imob": "05.01.35.12.101", "quadra_cartorio": null, "lote_cartorio": "14", "matricula": "40285", "circunscricao": "1º CIRCUNSCRIÇÃO", "zoneamento": null, "condominio": null, "area_geom": 375.0, "cnm": "062661.2.0040285-86" }, "geometry": { "type": "Polygon", "coordinates": [ [ [ -54.669504, -22.179498 ], [ -54.669322, -22.17971 ], [ -54.669228, -22.17964 ], [ -54.669409, -22.179428 ], [ -54.669504, -22.179498 ] ] ] } },
{ "type": "Feature", "properties": { "id": 19722, "insc_imob": "05.01.35.12.393", "quadra_cartorio": null, "lote_cartorio": "10", "matricula": "54558", "circunscricao": "1º CIRCUNSCRIÇÃO", "zoneamento": null, "condominio": null, "area_geom": 375.0, "cnm": "062661.2.0054558-44" }, "geometry": { "type": "Polygon", "coordinates": [ [ [ -54.66959, -22.179216 ], [ -54.669409, -22.179428 ], [ -54.669314, -22.179358 ], [ -54.669495, -22.179146 ], [ -54.66959, -22.179216 ] ] ] } },
{ "type": "Feature", "properties": { "id": 68713, "insc_imob": "05.01.34.02.347", "quadra_cartorio": null, "lote_cartorio": "03", "matricula": "1727", "circunscricao": "1º CIRCUNSCRIÇÃO", "zoneamento": null, "condominio": null, "area_geom": 423.38, "cnm": "062661.2.0001727-39" }, "geometry": { "type": "Polygon", "coordinates": [ [ [ -54.674597, -22.181708 ], [ -54.674815, -22.181464 ], [ -54.674904, -22.181534 ], [ -54.674687, -22.181777 ], [ -54.674597, -22.181708 ] ] ] } },
{ "type": "Feature", "properties": { "id": 77824, "insc_imob": "05.01.34.57.010", "quadra_cartorio": "53", "lote_cartorio": "ÁREA C", "matricula": "147975", "circunscricao": "1º CIRCUNSCRIÇÃO", "zoneamento": "VILA SÃO PEDRO", "condominio": null, "area_geom": 20007.21, "cnm": "062661.2.0147975-26" }, "geometry": { "type": "Polygon", "coordinates": [ [ [ -54.672371, -22.187244 ], [ -54.671826, -22.187773 ], [ -54.670123, -22.18625 ], [ -54.67063, -22.185686 ], [ -54.672371, -22.187244 ] ] ] } },
{ "type": "Feature", "properties": { "id": 94053, "insc_imob": "05.01.35.30.050", "quadra_cartorio": null, "lote_cartorio": "05", "matricula": "32965", "circunscricao": "1º CIRCUNSCRIÇÃO", "zoneamento": null, "condominio": null, "area_geom": 360.0, "cnm": "062661.2.0032965-27" }, "geometry": { "type": "Polygon", "coordinates": [ [ [ -54.667795, -22.183517 ], [ -54.667614, -22.183729 ], [ -54.667523, -22.183661 ], [ -54.667704, -22.18345 ], [ -54.667795, -22.183517 ] ] ] } },
{ "type": "Feature", "properties": { "id": 114884, "insc_imob": "05.01.34.04.199", "quadra_cartorio": null, "lote_cartorio": "10", "matricula": "57117", "circunscricao": "1º CIRCUNSCRIÇÃO", "zoneamento": null, "condominio": null, "area_geom": 388.09, "cnm": "062661.2.0057117-30" }, "geometry": { "type": "Polygon", "coordinates": [ [ [ -54.673116, -22.180962 ], [ -54.673334, -22.180718 ], [ -54.673416, -22.180782 ], [ -54.673198, -22.181026 ], [ -54.673116, -22.180962 ] ] ] } },
{ "type": "Feature", "properties": { "id": 114886, "insc_imob": "05.01.34.04.256", "quadra_cartorio": null, "lote_cartorio": "02", "matricula": "57116", "circunscricao": "1º CIRCUNSCRIÇÃO", "zoneamento": null, "condominio": null, "area_geom": 352.81, "cnm": "062661.2.0057116-33" }, "geometry": { "type": "Polygon", "coordinates": [ [ [ -54.673259, -22.18066 ], [ -54.673477, -22.180416 ], [ -54.673552, -22.180474 ], [ -54.673334, -22.180718 ], [ -54.673259, -22.18066 ] ] ] } },
{ "type": "Feature", "properties": { "id": 116478, "insc_imob": "05.01.35.01.440", "quadra_cartorio": null, "lote_cartorio": "08", "matricula": "28303", "circunscricao": "1º CIRCUNSCRIÇÃO", "zoneamento": null, "condominio": null, "area_geom": 353.5, "cnm": "062661.2.0028303-45" }, "geometry": { "type": "Polygon", "coordinates": [ [ [ -54.671456, -22.179258 ], [ -54.671674, -22.179014 ], [ -54.671749, -22.179072 ], [ -54.671531, -22.179316 ], [ -54.671456, -22.179258 ] ] ] } },
{ "type": "Feature", "properties": { "id": 123840, "insc_imob": "05.01.34.36.020", "quadra_cartorio": "P/53", "lote_cartorio": "REMANESCENTE ÁREA 01", "matricula": "87632", "circunscricao": "1º CIRCUNSCRIÇÃO", "zoneamento": null, "condominio": null, "area_geom": 23960.99, "cnm": "062661.2.0087632-53" }, "geometry": { "type": "Polygon", "coordinates": [ [ [ -54.672564, -22.183499 ], [ -54.672033, -22.184087 ], [ -54.672033, -22.184087 ], [ -54.672032, -22.184086 ], [ -54.669864, -22.182434 ], [ -54.669864, -22.182434 ], [ -54.670395, -22.181846 ], [ -54.671352, -22.182575 ], [ -54.671258, -22.182689 ], [ -54.671595, -22.182927 ], [ -54.671683, -22.182827 ], [ -54.672564, -22.183499 ] ] ] } },
{ "type": "Feature", "properties": { "id": 123841, "insc_imob": "05.01.34.68.010", "quadra_cartorio": "P/53", "lote_cartorio": "ÁREA 6", "matricula": "67656", "circunscricao": "1º CIRCUNSCRIÇÃO", "zoneamento": null, "condominio": null, "area_geom": 24173.94, "cnm": "062661.2.0067656-35" }, "geometry": { "type": "Polygon", "coordinates": [ [ [ -54.669933, -22.186397 ], [ -54.66941, -22.186976 ], [ -54.667248, -22.185329 ], [ -54.667772, -22.184749 ], [ -54.669933, -22.186397 ] ] ] } },
{ "type": "Feature", "properties": { "id": 123842, "insc_imob": "05.01.34.48.001", "quadra_cartorio": "P/53", "lote_cartorio": "ÁREA 04", "matricula": "67654-1RI", "circunscricao": "1º CIRCUNSCRIÇÃO", "zoneamento": null, "condominio": null, "area_geom": 24192.06, "cnm": "062661.2.0067654-41" }, "geometry": { "type": "Polygon", "coordinates": [ [ [ -54.670984, -22.185242 ], [ -54.670461, -22.185821 ], [ -54.668295, -22.18417 ], [ -54.668818, -22.183591 ], [ -54.670984, -22.185242 ] ] ] } },
{ "type": "Feature", "properties": { "id": 123844, "insc_imob": "05.01.34.43.010", "quadra_cartorio": "P/53", "lote_cartorio": "ÁREA 02", "matricula": "67652", "circunscricao": null, "zoneamento": null, "condominio": null, "area_geom": 24191.85, "cnm": "062661.2.0067652-47" }, "geometry": { "type": "Polygon", "coordinates": [ [ [ -54.669864, -22.182434 ], [ -54.672032, -22.184086 ], [ -54.671509, -22.184665 ], [ -54.671508, -22.184664 ], [ -54.669341, -22.183012 ], [ -54.669864, -22.182434 ] ] ] } },
{ "type": "Feature", "properties": { "id": 123846, "insc_imob": "05.01.34.36.010", "quadra_cartorio": "53", "lote_cartorio": "P/01", "matricula": "87631", "circunscricao": "1º CIRCUNSCRIÇÃO", "zoneamento": null, "condominio": null, "area_geom": 664.16, "cnm": "062661.2.0087631-56" }, "geometry": { "type": "Polygon", "coordinates": [ [ [ -54.671595, -22.182927 ], [ -54.671258, -22.182689 ], [ -54.671352, -22.182575 ], [ -54.671683, -22.182827 ], [ -54.671595, -22.182927 ] ] ] } }
]
}
