{
"type": "FeatureCollection",
"name": "lotes_fiscais",
"xy_coordinate_resolution": 1e-006,
"features": [
{ "type": "Feature", "properties": { "id": 116520, "insc_imob": "06.01.24.15.334", "quadra_cartorio": "06", "lote_cartorio": "13", "matricula": "4213", "circunscricao": "1º CIRCUNSCRIÇÃO", "zoneamento": null, "condominio": null, "area_geom": 431.96, "cnm": "062661.2.0004213-50" }, "geometry": { "type": "Polygon", "coordinates": [ [ [ -54.652799, -22.212688 ], [ -54.653022, -22.212439 ], [ -54.653112, -22.212508 ], [ -54.652888, -22.212758 ], [ -54.652799, -22.212688 ] ] ] } },
{ "type": "Feature", "properties": { "id": 116521, "insc_imob": "06.01.24.15.346", "quadra_cartorio": "06", "lote_cartorio": "14", "matricula": "4212", "circunscricao": "1º CIRCUNSCRIÇÃO", "zoneamento": null, "condominio": null, "area_geom": 431.96, "cnm": "062661.2.0004212-53" }, "geometry": { "type": "Polygon", "coordinates": [ [ [ -54.652709, -22.212619 ], [ -54.652933, -22.212369 ], [ -54.653022, -22.212439 ], [ -54.652799, -22.212688 ], [ -54.652709, -22.212619 ] ] ] } },
{ "type": "Feature", "properties": { "id": 116522, "insc_imob": "06.01.24.15.382", "quadra_cartorio": "06", "lote_cartorio": "17", "matricula": "19146", "circunscricao": "1º CIRCUNSCRIÇÃO", "zoneamento": null, "condominio": null, "area_geom": 431.99, "cnm": "062661.2.0019146-65" }, "geometry": { "type": "Polygon", "coordinates": [ [ [ -54.652441, -22.212411 ], [ -54.652665, -22.212161 ], [ -54.652754, -22.212231 ], [ -54.652531, -22.21248 ], [ -54.652441, -22.212411 ] ] ] } },
{ "type": "Feature", "properties": { "id": 80698, "insc_imob": "06.01.34.21.030", "quadra_cartorio": "08", "lote_cartorio": "02", "matricula": null, "circunscricao": "1º CIRCUNSCRIÇÃO", "zoneamento": null, "condominio": null, "area_geom": 376.8, "cnm": null }, "geometry": { "type": "Polygon", "coordinates": [ [ [ -54.65266, -22.217759 ], [ -54.652846, -22.217551 ], [ -54.652939, -22.217624 ], [ -54.652846, -22.217728 ], [ -54.652753, -22.217832 ], [ -54.65266, -22.217759 ] ] ] } },
{ "type": "Feature", "properties": { "id": 79844, "insc_imob": "06.01.24.06.363", "quadra_cartorio": "52 NC", "lote_cartorio": "P/43", "matricula": null, "circunscricao": "1º CIRCUNSCRIÇÃO", "zoneamento": null, "condominio": null, "area_geom": 434.07, "cnm": null }, "geometry": { "type": "Polygon", "coordinates": [ [ [ -54.650678, -22.213133 ], [ -54.651019, -22.212752 ], [ -54.651078, -22.212798 ], [ -54.650981, -22.212906 ], [ -54.650736, -22.213179 ], [ -54.650678, -22.213133 ] ] ] } },
{ "type": "Feature", "properties": { "id": 76124, "insc_imob": "06.01.24.02.010", "quadra_cartorio": "52 NCD", "lote_cartorio": "39", "matricula": "96345", "circunscricao": "1º CIRCUNSCRIÇÃO", "zoneamento": null, "condominio": null, "area_geom": 287315.81, "cnm": "062661.2.0096345-07" }, "geometry": { "type": "Polygon", "coordinates": [ [ [ -54.653652, -22.215056 ], [ -54.653466, -22.215264 ], [ -54.653166, -22.215024 ], [ -54.654264, -22.213793 ], [ -54.655401, -22.212492 ], [ -54.65584, -22.212986 ], [ -54.656768, -22.211997 ], [ -54.656768, -22.211997 ], [ -54.660644, -22.215408 ], [ -54.65947, -22.216721 ], [ -54.65778, -22.21861 ], [ -54.653794, -22.215518 ], [ -54.65398, -22.21531 ], [ -54.653652, -22.215056 ] ] ] } },
{ "type": "Feature", "properties": { "id": 77703, "insc_imob": "06.01.24.06.451", "quadra_cartorio": "52", "lote_cartorio": "P/CH 43", "matricula": "21319", "circunscricao": "1º CIRCUNSCRIÇÃO", "zoneamento": null, "condominio": null, "area_geom": 350.0, "cnm": "062661.2.0021319-45" }, "geometry": { "type": "Polygon", "coordinates": [ [ [ -54.651024, -22.213397 ], [ -54.651197, -22.213203 ], [ -54.651291, -22.213275 ], [ -54.651117, -22.21347 ], [ -54.651024, -22.213397 ] ] ] } },
{ "type": "Feature", "properties": { "id": 77704, "insc_imob": "06.01.24.06.452", "quadra_cartorio": "52", "lote_cartorio": "P/CH 43", "matricula": "27763", "circunscricao": "1º CIRCUNSCRIÇÃO", "zoneamento": null, "condominio": null, "area_geom": 254.78, "cnm": "062661.2.0027763-16" }, "geometry": { "type": "Polygon", "coordinates": [ [ [ -54.651358, -22.213328 ], [ -54.651185, -22.213522 ], [ -54.651117, -22.21347 ], [ -54.651291, -22.213275 ], [ -54.651358, -22.213328 ] ] ] } },
{ "type": "Feature", "properties": { "id": 77396, "insc_imob": "06.01.34.16.258", "quadra_cartorio": "01", "lote_cartorio": "1", "matricula": "29577", "circunscricao": "1º CIRCUNSCRIÇÃO", "zoneamento": null, "condominio": null, "area_geom": 389.96, "cnm": "062661.2.0029577-06" }, "geometry": { "type": "Polygon", "coordinates": [ [ [ -54.650131, -22.214127 ], [ -54.649945, -22.214335 ], [ -54.649848, -22.21426 ], [ -54.650035, -22.214052 ], [ -54.650131, -22.214127 ] ] ] } },
{ "type": "Feature", "properties": { "id": 82191, "insc_imob": "06.01.34.26.238", "quadra_cartorio": "02", "lote_cartorio": "19", "matricula": "14131", "circunscricao": "1º CIRCUNSCRIÇÃO", "zoneamento": null, "condominio": null, "area_geom": 390.01, "cnm": "062661.2.0014131-75" }, "geometry": { "type": "Polygon", "coordinates": [ [ [ -54.648827, -22.215035 ], [ -54.648882, -22.214972 ], [ -54.648889, -22.214965 ], [ -54.649179, -22.215191 ], [ -54.649117, -22.21526 ], [ -54.648827, -22.215035 ] ] ] } },
{ "type": "Feature", "properties": { "id": 82029, "insc_imob": "06.01.24.36.520", "quadra_cartorio": "52", "lote_cartorio": "21F", "matricula": "156082", "circunscricao": "1º CIRCUNSCRIÇÃO", "zoneamento": null, "condominio": null, "area_geom": 523.94, "cnm": "062661.2.0156082-52" }, "geometry": { "type": "Polygon", "coordinates": [ [ [ -54.652111, -22.209918 ], [ -54.652006, -22.210169 ], [ -54.651836, -22.210106 ], [ -54.65186, -22.21005 ], [ -54.651874, -22.210055 ], [ -54.651956, -22.209862 ], [ -54.652051, -22.209896 ], [ -54.652111, -22.209918 ] ] ] } },
{ "type": "Feature", "properties": { "id": 82030, "insc_imob": "06.01.24.36.282", "quadra_cartorio": "52", "lote_cartorio": "21D", "matricula": "156080", "circunscricao": "1º CIRCUNSCRIÇÃO", "zoneamento": null, "condominio": null, "area_geom": 426.38, "cnm": "062661.2.0156080-58" }, "geometry": { "type": "Polygon", "coordinates": [ [ [ -54.651836, -22.210106 ], [ -54.65173, -22.210357 ], [ -54.65163, -22.210321 ], [ -54.651762, -22.209995 ], [ -54.65186, -22.21005 ], [ -54.651836, -22.210106 ] ] ] } },
{ "type": "Feature", "properties": { "id": 82037, "insc_imob": "06.01.24.34.100", "quadra_cartorio": null, "lote_cartorio": "37A-REMANE", "matricula": "95252", "circunscricao": "1º CIRCUNSCRIÇÃO", "zoneamento": null, "condominio": null, "area_geom": 13672.29, "cnm": "062661.2.0095252-85" }, "geometry": { "type": "Polygon", "coordinates": [ [ [ -54.653984, -22.2111 ], [ -54.654394, -22.210845 ], [ -54.654552, -22.210987 ], [ -54.655678, -22.212003 ], [ -54.655206, -22.212533 ], [ -54.654252, -22.211671 ], [ -54.654369, -22.21164 ], [ -54.654328, -22.211538 ], [ -54.654288, -22.211437 ], [ -54.654134, -22.211478 ], [ -54.653984, -22.2111 ] ] ] } },
{ "type": "Feature", "properties": { "id": 82038, "insc_imob": "06.01.24.34.068", "quadra_cartorio": null, "lote_cartorio": "37A", "matricula": "95258", "circunscricao": "1º CIRCUNSCRIÇÃO", "zoneamento": null, "condominio": null, "area_geom": 371.47, "cnm": "062661.2.0095258-67" }, "geometry": { "type": "Polygon", "coordinates": [ [ [ -54.653797, -22.211343 ], [ -54.653756, -22.211241 ], [ -54.653984, -22.2111 ], [ -54.654034, -22.211227 ], [ -54.653797, -22.211343 ] ] ] } },
{ "type": "Feature", "properties": { "id": 82634, "insc_imob": "06.01.14.01.102", "quadra_cartorio": "52 NC", "lote_cartorio": "P/33", "matricula": null, "circunscricao": "1º CIRCUNSCRIÇÃO", "zoneamento": null, "condominio": null, "area_geom": 408.06, "cnm": null }, "geometry": { "type": "Polygon", "coordinates": [ [ [ -54.653084, -22.20676 ], [ -54.652844, -22.206549 ], [ -54.652924, -22.206471 ], [ -54.653164, -22.206681 ], [ -54.653084, -22.20676 ] ] ] } },
{ "type": "Feature", "properties": { "id": 97896, "insc_imob": "06.01.34.05.142", "quadra_cartorio": "05", "lote_cartorio": "12", "matricula": "14099", "circunscricao": "1º CIRCUNSCRIÇÃO", "zoneamento": null, "condominio": null, "area_geom": 359.99, "cnm": "062661.2.0014099-74" }, "geometry": { "type": "Polygon", "coordinates": [ [ [ -54.650561, -22.214308 ], [ -54.650748, -22.2141 ], [ -54.650837, -22.214169 ], [ -54.650651, -22.214377 ], [ -54.650561, -22.214308 ] ] ] } },
{ "type": "Feature", "properties": { "id": 93977, "insc_imob": "06.01.24.36.510", "quadra_cartorio": "52", "lote_cartorio": "21E", "matricula": "156081", "circunscricao": "1º CIRCUNSCRIÇÃO", "zoneamento": null, "condominio": null, "area_geom": 515.47, "cnm": "062661.2.0156081-55" }, "geometry": { "type": "Polygon", "coordinates": [ [ [ -54.652267, -22.209974 ], [ -54.652161, -22.210227 ], [ -54.652006, -22.210169 ], [ -54.652111, -22.209918 ], [ -54.652267, -22.209974 ] ] ] } },
{ "type": "Feature", "properties": { "id": 93978, "insc_imob": "06.01.24.36.288", "quadra_cartorio": "52", "lote_cartorio": "21A", "matricula": "156077", "circunscricao": "1º CIRCUNSCRIÇÃO", "zoneamento": null, "condominio": null, "area_geom": 357.41, "cnm": "062661.2.0156077-67" }, "geometry": { "type": "Polygon", "coordinates": [ [ [ -54.652053, -22.210186 ], [ -54.652161, -22.210227 ], [ -54.65216, -22.210228 ], [ -54.652055, -22.210476 ], [ -54.651947, -22.210437 ], [ -54.652053, -22.210186 ] ] ] } },
{ "type": "Feature", "properties": { "id": 104900, "insc_imob": "06.01.24.06.191", "quadra_cartorio": "52 NCD", "lote_cartorio": "CHAC 43A", "matricula": "140236", "circunscricao": "1º CIRCUNSCRIÇÃO", "zoneamento": null, "condominio": null, "area_geom": 3406.25, "cnm": "062661.2.0140236-60" }, "geometry": { "type": "Polygon", "coordinates": [ [ [ -54.650807, -22.211995 ], [ -54.650542, -22.211882 ], [ -54.650601, -22.211718 ], [ -54.650702, -22.211439 ], [ -54.65106, -22.211627 ], [ -54.651384, -22.211797 ], [ -54.65116, -22.212047 ], [ -54.651144, -22.212065 ], [ -54.651079, -22.212014 ], [ -54.651024, -22.212077 ], [ -54.650999, -22.212104 ], [ -54.650866, -22.21202 ], [ -54.650807, -22.211995 ] ] ] } },
{ "type": "Feature", "properties": { "id": 104912, "insc_imob": "06.01.34.06.120", "quadra_cartorio": "30 NCD ", "lote_cartorio": "J2", "matricula": "95212", "circunscricao": "1º CIRCUNSCRIÇÃO", "zoneamento": null, "condominio": null, "area_geom": 373.4, "cnm": "062661.2.0095212-11" }, "geometry": { "type": "Polygon", "coordinates": [ [ [ -54.649916, -22.213834 ], [ -54.650102, -22.213626 ], [ -54.650194, -22.213698 ], [ -54.650009, -22.213906 ], [ -54.649916, -22.213834 ] ] ] } },
{ "type": "Feature", "properties": { "id": 104904, "insc_imob": "06.01.24.46.330", "quadra_cartorio": "52 NC", "lote_cartorio": null, "matricula": null, "circunscricao": "1º CIRCUNSCRIÇÃO", "zoneamento": null, "condominio": null, "area_geom": 122.2, "cnm": null }, "geometry": { "type": "Polygon", "coordinates": [ [ [ -54.653115, -22.20985 ], [ -54.65318, -22.209732 ], [ -54.65325, -22.209794 ], [ -54.653206, -22.20988 ], [ -54.653115, -22.20985 ] ] ] } },
{ "type": "Feature", "properties": { "id": 105794, "insc_imob": "06.01.15.01.022", "quadra_cartorio": null, "lote_cartorio": null, "matricula": "30385", "circunscricao": "1º CIRCUNSCRIÇÃO", "zoneamento": null, "condominio": null, "area_geom": 55.13, "cnm": "062661.2.0030385-07" }, "geometry": { "type": "Polygon", "coordinates": [ [ [ -54.65298, -22.205058 ], [ -54.652794, -22.205238 ], [ -54.652781, -22.205225 ], [ -54.652966, -22.205046 ], [ -54.65298, -22.205058 ] ] ] } },
{ "type": "Feature", "properties": { "id": 105616, "insc_imob": "06.01.34.26.304", "quadra_cartorio": "02", "lote_cartorio": "02", "matricula": "29719", "circunscricao": "1º CIRCUNSCRIÇÃO", "zoneamento": null, "condominio": null, "area_geom": 329.95, "cnm": "062661.2.0029719-65" }, "geometry": { "type": "Polygon", "coordinates": [ [ [ -54.649048, -22.214971 ], [ -54.649234, -22.214763 ], [ -54.649316, -22.214827 ], [ -54.649129, -22.215035 ], [ -54.649048, -22.214971 ] ] ] } },
{ "type": "Feature", "properties": { "id": 102688, "insc_imob": "06.01.24.46.067", "quadra_cartorio": "02", "lote_cartorio": "04", "matricula": "26964", "circunscricao": "1º CIRCUNSCRIÇÃO", "zoneamento": null, "condominio": null, "area_geom": 368.49, "cnm": "062661.2.0026964-85" }, "geometry": { "type": "Polygon", "coordinates": [ [ [ -54.652145, -22.209583 ], [ -54.65218, -22.20948 ], [ -54.652461, -22.209575 ], [ -54.652442, -22.209628 ], [ -54.652423, -22.209678 ], [ -54.652145, -22.209583 ] ] ] } },
{ "type": "Feature", "properties": { "id": 98313, "insc_imob": "06.01.34.06.220", "quadra_cartorio": "30 NCD ", "lote_cartorio": "J5", "matricula": "95215", "circunscricao": "1º CIRCUNSCRIÇÃO", "zoneamento": null, "condominio": null, "area_geom": 453.9, "cnm": "062661.2.0095215-02" }, "geometry": { "type": "Polygon", "coordinates": [ [ [ -54.650102, -22.213626 ], [ -54.650177, -22.213542 ], [ -54.650222, -22.213577 ], [ -54.650456, -22.21376 ], [ -54.650381, -22.213843 ], [ -54.650287, -22.21377 ], [ -54.650194, -22.213698 ], [ -54.650102, -22.213626 ] ] ] } },
{ "type": "Feature", "properties": { "id": 111339, "insc_imob": "06.01.34.15.299", "quadra_cartorio": "03", "lote_cartorio": "01", "matricula": "3424", "circunscricao": "1º CIRCUNSCRIÇÃO", "zoneamento": null, "condominio": null, "area_geom": 389.9, "cnm": "062661.2.0003424-89" }, "geometry": { "type": "Polygon", "coordinates": [ [ [ -54.650574, -22.214827 ], [ -54.650761, -22.214619 ], [ -54.650857, -22.214694 ], [ -54.65067, -22.214902 ], [ -54.650574, -22.214827 ] ] ] } },
{ "type": "Feature", "properties": { "id": 110796, "insc_imob": "06.01.24.66.027", "quadra_cartorio": "52 NC", "lote_cartorio": "33", "matricula": null, "circunscricao": "1º CIRCUNSCRIÇÃO", "zoneamento": null, "condominio": null, "area_geom": 458.87, "cnm": null }, "geometry": { "type": "Polygon", "coordinates": [ [ [ -54.652532, -22.20695 ], [ -54.652608, -22.206832 ], [ -54.65289, -22.207042 ], [ -54.652826, -22.207113 ], [ -54.652532, -22.20695 ] ] ] } },
{ "type": "Feature", "properties": { "id": 116736, "insc_imob": "06.01.24.46.043", "quadra_cartorio": "02", "lote_cartorio": "02", "matricula": "39041", "circunscricao": "1º CIRCUNSCRIÇÃO", "zoneamento": null, "condominio": null, "area_geom": 378.55, "cnm": "062661.2.0039041-35" }, "geometry": { "type": "Polygon", "coordinates": [ [ [ -54.652217, -22.209375 ], [ -54.652253, -22.20927 ], [ -54.652537, -22.209367 ], [ -54.652499, -22.209471 ], [ -54.652217, -22.209375 ] ] ] } },
{ "type": "Feature", "properties": { "id": 117467, "insc_imob": "06.01.34.06.200", "quadra_cartorio": "30 NCD", "lote_cartorio": "J4", "matricula": "95214", "circunscricao": "1º CIRCUNSCRIÇÃO", "zoneamento": null, "condominio": null, "area_geom": 376.96, "cnm": "062661.2.0095214-05" }, "geometry": { "type": "Polygon", "coordinates": [ [ [ -54.650102, -22.213978 ], [ -54.650287, -22.21377 ], [ -54.650381, -22.213843 ], [ -54.650195, -22.214051 ], [ -54.650102, -22.213978 ] ] ] } },
{ "type": "Feature", "properties": { "id": 117468, "insc_imob": "06.01.34.06.235", "quadra_cartorio": "30 NCD", "lote_cartorio": "P/07", "matricula": "1766", "circunscricao": "1º CIRCUNSCRIÇÃO", "zoneamento": null, "condominio": null, "area_geom": 675.25, "cnm": "062661.2.0001766-19" }, "geometry": { "type": "Polygon", "coordinates": [ [ [ -54.650222, -22.213577 ], [ -54.650354, -22.213429 ], [ -54.650403, -22.213466 ], [ -54.650497, -22.213538 ], [ -54.65059, -22.21361 ], [ -54.650456, -22.21376 ], [ -54.650222, -22.213577 ] ] ] } },
{ "type": "Feature", "properties": { "id": 116552, "insc_imob": "06.01.24.35.041", "quadra_cartorio": "52 NC ", "lote_cartorio": "P/32", "matricula": null, "circunscricao": "1º CIRCUNSCRIÇÃO", "zoneamento": null, "condominio": null, "area_geom": 260.57, "cnm": null }, "geometry": { "type": "Polygon", "coordinates": [ [ [ -54.652899, -22.210579 ], [ -54.652937, -22.210487 ], [ -54.653152, -22.210559 ], [ -54.653115, -22.210652 ], [ -54.653075, -22.210639 ], [ -54.653004, -22.210615 ], [ -54.652899, -22.210579 ] ] ] } },
{ "type": "Feature", "properties": { "id": 116416, "insc_imob": "06.01.24.03.050", "quadra_cartorio": null, "lote_cartorio": "07", "matricula": "90771", "circunscricao": "1º CIRCUNSCRIÇÃO", "zoneamento": null, "condominio": null, "area_geom": 375.3, "cnm": "062661.2.0090771-45" }, "geometry": { "type": "Polygon", "coordinates": [ [ [ -54.653402, -22.214338 ], [ -54.653479, -22.214251 ], [ -54.653702, -22.214424 ], [ -54.653625, -22.214511 ], [ -54.653402, -22.214338 ] ] ] } },
{ "type": "Feature", "properties": { "id": 116417, "insc_imob": "06.01.24.03.075", "quadra_cartorio": null, "lote_cartorio": "03", "matricula": null, "circunscricao": "1º CIRCUNSCRIÇÃO", "zoneamento": null, "condominio": null, "area_geom": 374.92, "cnm": null }, "geometry": { "type": "Polygon", "coordinates": [ [ [ -54.653091, -22.214684 ], [ -54.653169, -22.214597 ], [ -54.653392, -22.214771 ], [ -54.653315, -22.214857 ], [ -54.653225, -22.214788 ], [ -54.653091, -22.214684 ] ] ] } },
{ "type": "Feature", "properties": { "id": 6224, "insc_imob": "06.01.34.15.246", "quadra_cartorio": null, "lote_cartorio": "04", "matricula": null, "circunscricao": "1º CIRCUNSCRIÇÃO", "zoneamento": null, "condominio": null, "area_geom": 259.94, "cnm": null }, "geometry": { "type": "Polygon", "coordinates": [ [ [ -54.650353, -22.21489 ], [ -54.650415, -22.21482 ], [ -54.650608, -22.214971 ], [ -54.650546, -22.21504 ], [ -54.650353, -22.21489 ] ] ] } },
{ "type": "Feature", "properties": { "id": 4328, "insc_imob": "06.01.24.06.380", "quadra_cartorio": null, "lote_cartorio": "P/ 05", "matricula": "13003", "circunscricao": "1º CIRCUNSCRIÇÃO", "zoneamento": null, "condominio": null, "area_geom": 29.97, "cnm": "062661.2.0013003-64" }, "geometry": { "type": "Polygon", "coordinates": [ [ [ -54.651016, -22.213039 ], [ -54.651023, -22.213045 ], [ -54.650837, -22.213253 ], [ -54.650829, -22.213247 ], [ -54.651016, -22.213039 ] ] ] } },
{ "type": "Feature", "properties": { "id": 8436, "insc_imob": "06.01.24.46.410", "quadra_cartorio": null, "lote_cartorio": "21", "matricula": "14632", "circunscricao": "1º CIRCUNSCRIÇÃO", "zoneamento": null, "condominio": null, "area_geom": 579.39, "cnm": "062661.2.0014632-27" }, "geometry": { "type": "Polygon", "coordinates": [ [ [ -54.652537, -22.209367 ], [ -54.652591, -22.209216 ], [ -54.652695, -22.209308 ], [ -54.652553, -22.209665 ], [ -54.652442, -22.209628 ], [ -54.652461, -22.209575 ], [ -54.652499, -22.209471 ], [ -54.652537, -22.209367 ] ] ] } },
{ "type": "Feature", "properties": { "id": 9882, "insc_imob": "06.01.24.06.047", "quadra_cartorio": null, "lote_cartorio": "P/CH 41", "matricula": null, "circunscricao": "1º CIRCUNSCRIÇÃO", "zoneamento": null, "condominio": null, "area_geom": 732.15, "cnm": null }, "geometry": { "type": "Polygon", "coordinates": [ [ [ -54.652823, -22.211053 ], [ -54.65289, -22.21087 ], [ -54.653145, -22.210955 ], [ -54.653183, -22.211069 ], [ -54.653135, -22.211165 ], [ -54.652823, -22.211053 ] ] ] } },
{ "type": "Feature", "properties": { "id": 52084, "insc_imob": "06.01.34.06.275", "quadra_cartorio": "31 NC", "lote_cartorio": "P/01", "matricula": null, "circunscricao": "1º CIRCUNSCRIÇÃO", "zoneamento": null, "condominio": null, "area_geom": 366.96, "cnm": null }, "geometry": { "type": "Polygon", "coordinates": [ [ [ -54.650497, -22.213538 ], [ -54.650682, -22.21333 ], [ -54.650732, -22.213368 ], [ -54.650734, -22.213371 ], [ -54.650737, -22.213373 ], [ -54.65074, -22.213376 ], [ -54.650742, -22.213379 ], [ -54.650744, -22.213383 ], [ -54.650746, -22.213386 ], [ -54.650748, -22.213389 ], [ -54.650749, -22.213392 ], [ -54.65075, -22.213395 ], [ -54.650751, -22.213398 ], [ -54.650751, -22.213402 ], [ -54.650752, -22.213405 ], [ -54.650752, -22.213408 ], [ -54.650752, -22.213412 ], [ -54.650751, -22.213415 ], [ -54.650751, -22.213419 ], [ -54.65075, -22.213422 ], [ -54.650749, -22.213425 ], [ -54.650748, -22.213428 ], [ -54.650747, -22.213431 ], [ -54.650746, -22.213433 ], [ -54.650744, -22.213437 ], [ -54.650741, -22.21344 ], [ -54.650739, -22.213443 ], [ -54.65059, -22.21361 ], [ -54.650497, -22.213538 ] ] ] } },
{ "type": "Feature", "properties": { "id": 52754, "insc_imob": "06.01.34.21.070", "quadra_cartorio": "08", "lote_cartorio": "06", "matricula": null, "circunscricao": "1º CIRCUNSCRIÇÃO", "zoneamento": null, "condominio": null, "area_geom": 330.68, "cnm": null }, "geometry": { "type": "Polygon", "coordinates": [ [ [ -54.652523, -22.218123 ], [ -54.652585, -22.218054 ], [ -54.652832, -22.218245 ], [ -54.652769, -22.218314 ], [ -54.652523, -22.218123 ] ] ] } },
{ "type": "Feature", "properties": { "id": 56544, "insc_imob": "06.01.25.11.189", "quadra_cartorio": "53 NC", "lote_cartorio": "P/26", "matricula": null, "circunscricao": "1º CIRCUNSCRIÇÃO", "zoneamento": null, "condominio": null, "area_geom": 1147.67, "cnm": null }, "geometry": { "type": "Polygon", "coordinates": [ [ [ -54.651306, -22.206881 ], [ -54.651382, -22.206794 ], [ -54.652013, -22.207366 ], [ -54.651963, -22.207477 ], [ -54.651725, -22.207261 ], [ -54.651599, -22.207147 ], [ -54.651515, -22.207071 ], [ -54.651306, -22.206881 ] ] ] } },
{ "type": "Feature", "properties": { "id": 59872, "insc_imob": "06.01.34.14.193", "quadra_cartorio": "04", "lote_cartorio": "19", "matricula": null, "circunscricao": "1º CIRCUNSCRIÇÃO", "zoneamento": null, "condominio": null, "area_geom": 397.23, "cnm": null }, "geometry": { "type": "Polygon", "coordinates": [ [ [ -54.650919, -22.215921 ], [ -54.651105, -22.215713 ], [ -54.651204, -22.215789 ], [ -54.651018, -22.215997 ], [ -54.650919, -22.215921 ] ] ] } },
{ "type": "Feature", "properties": { "id": 61445, "insc_imob": "06.01.25.01.523", "quadra_cartorio": "53 NC ", "lote_cartorio": "P/26", "matricula": null, "circunscricao": "1º CIRCUNSCRIÇÃO", "zoneamento": null, "condominio": null, "area_geom": 5016.92, "cnm": null }, "geometry": { "type": "Polygon", "coordinates": [ [ [ -54.649257, -22.211129 ], [ -54.64943, -22.210912 ], [ -54.64988, -22.211106 ], [ -54.649122, -22.211909 ], [ -54.648823, -22.211677 ], [ -54.649002, -22.211451 ], [ -54.649095, -22.211334 ], [ -54.64916, -22.211252 ], [ -54.649257, -22.211129 ] ] ] } },
{ "type": "Feature", "properties": { "id": 68011, "insc_imob": "06.01.34.21.179", "quadra_cartorio": "08", "lote_cartorio": "09", "matricula": null, "circunscricao": "1º CIRCUNSCRIÇÃO", "zoneamento": null, "condominio": null, "area_geom": 531.88, "cnm": null }, "geometry": { "type": "Polygon", "coordinates": [ [ [ -54.652412, -22.218213 ], [ -54.652505, -22.218109 ], [ -54.652523, -22.218123 ], [ -54.652769, -22.218314 ], [ -54.652676, -22.218418 ], [ -54.652412, -22.218213 ] ] ] } },
{ "type": "Feature", "properties": { "id": 70495, "insc_imob": "06.01.34.24.070", "quadra_cartorio": "06", "lote_cartorio": "12", "matricula": null, "circunscricao": "1º CIRCUNSCRIÇÃO", "zoneamento": null, "condominio": null, "area_geom": 529.65, "cnm": null }, "geometry": { "type": "Polygon", "coordinates": [ [ [ -54.649819, -22.21603 ], [ -54.649881, -22.215961 ], [ -54.650276, -22.216267 ], [ -54.650214, -22.216337 ], [ -54.650115, -22.21626 ], [ -54.650017, -22.216184 ], [ -54.649918, -22.216107 ], [ -54.649819, -22.21603 ] ] ] } },
{ "type": "Feature", "properties": { "id": 71906, "insc_imob": "06.01.15.02.358", "quadra_cartorio": "53 NC ", "lote_cartorio": "26", "matricula": null, "circunscricao": "1º CIRCUNSCRIÇÃO", "zoneamento": null, "condominio": null, "area_geom": 5650.45, "cnm": null }, "geometry": { "type": "Polygon", "coordinates": [ [ [ -54.651477, -22.205767 ], [ -54.652389, -22.204864 ], [ -54.652677, -22.20513 ], [ -54.651748, -22.206029 ], [ -54.651477, -22.205767 ] ] ] } },
{ "type": "Feature", "properties": { "id": 97985, "insc_imob": "06.01.15.22.070", "quadra_cartorio": "52 NC", "lote_cartorio": "P/26", "matricula": null, "circunscricao": "1º CIRCUNSCRIÇÃO", "zoneamento": null, "condominio": null, "area_geom": 411.7, "cnm": null }, "geometry": { "type": "Polygon", "coordinates": [ [ [ -54.653113, -22.203369 ], [ -54.653382, -22.203108 ], [ -54.653454, -22.203173 ], [ -54.653185, -22.203433 ], [ -54.653113, -22.203369 ] ] ] } },
{ "type": "Feature", "properties": { "id": 97987, "insc_imob": "06.01.15.22.140", "quadra_cartorio": "52 NC", "lote_cartorio": "P/26", "matricula": null, "circunscricao": "1º CIRCUNSCRIÇÃO", "zoneamento": null, "condominio": null, "area_geom": 399.73, "cnm": null }, "geometry": { "type": "Polygon", "coordinates": [ [ [ -54.653464, -22.203683 ], [ -54.653733, -22.203423 ], [ -54.653803, -22.203486 ], [ -54.653716, -22.20357 ], [ -54.653601, -22.203681 ], [ -54.653534, -22.203746 ], [ -54.653464, -22.203683 ] ] ] } },
{ "type": "Feature", "properties": { "id": 99129, "insc_imob": "06.01.15.01.504", "quadra_cartorio": null, "lote_cartorio": "01", "matricula": null, "circunscricao": "1º CIRCUNSCRIÇÃO", "zoneamento": null, "condominio": null, "area_geom": 391.72, "cnm": null }, "geometry": { "type": "Polygon", "coordinates": [ [ [ -54.652897, -22.205333 ], [ -54.653084, -22.205152 ], [ -54.653182, -22.20524 ], [ -54.653116, -22.205304 ], [ -54.652993, -22.205423 ], [ -54.652914, -22.205349 ], [ -54.652897, -22.205333 ] ] ] } },
{ "type": "Feature", "properties": { "id": 99131, "insc_imob": "06.01.24.25.379", "quadra_cartorio": "52 nc", "lote_cartorio": "P/32", "matricula": null, "circunscricao": "1º CIRCUNSCRIÇÃO", "zoneamento": null, "condominio": null, "area_geom": 523.29, "cnm": null }, "geometry": { "type": "Polygon", "coordinates": [ [ [ -54.653381, -22.2117 ], [ -54.65342, -22.211597 ], [ -54.653827, -22.211709 ], [ -54.653784, -22.21181 ], [ -54.653381, -22.2117 ] ] ] } },
{ "type": "Feature", "properties": { "id": 99132, "insc_imob": "06.01.25.01.182", "quadra_cartorio": "31 NC ", "lote_cartorio": "P/01", "matricula": null, "circunscricao": "1º CIRCUNSCRIÇÃO", "zoneamento": null, "condominio": null, "area_geom": 397.8, "cnm": null }, "geometry": { "type": "Polygon", "coordinates": [ [ [ -54.648324, -22.211289 ], [ -54.648518, -22.211072 ], [ -54.648613, -22.211145 ], [ -54.648418, -22.211363 ], [ -54.648324, -22.211289 ] ] ] } },
{ "type": "Feature", "properties": { "id": 99200, "insc_imob": "06.01.34.34.116", "quadra_cartorio": "30 NC ", "lote_cartorio": "P/05", "matricula": null, "circunscricao": "1º CIRCUNSCRIÇÃO", "zoneamento": null, "condominio": null, "area_geom": 793.74, "cnm": null }, "geometry": { "type": "Polygon", "coordinates": [ [ [ -54.653961, -22.217222 ], [ -54.654135, -22.217023 ], [ -54.654345, -22.217177 ], [ -54.654164, -22.217382 ], [ -54.653961, -22.217222 ] ] ] } },
{ "type": "Feature", "properties": { "id": 99900, "insc_imob": "06.01.24.34.050", "quadra_cartorio": "52 NC", "lote_cartorio": null, "matricula": null, "circunscricao": "1º CIRCUNSCRIÇÃO", "zoneamento": null, "condominio": null, "area_geom": 801.27, "cnm": null }, "geometry": { "type": "Polygon", "coordinates": [ [ [ -54.653455, -22.210374 ], [ -54.65341, -22.21036 ], [ -54.65363, -22.210155 ], [ -54.653816, -22.210324 ], [ -54.653618, -22.210502 ], [ -54.65357, -22.210486 ], [ -54.653455, -22.210374 ] ] ] } },
{ "type": "Feature", "properties": { "id": 101106, "insc_imob": "06.01.24.36.605", "quadra_cartorio": "52 NC", "lote_cartorio": "P/32", "matricula": null, "circunscricao": "1º CIRCUNSCRIÇÃO", "zoneamento": null, "condominio": null, "area_geom": 401.26, "cnm": null }, "geometry": { "type": "Polygon", "coordinates": [ [ [ -54.651819, -22.209243 ], [ -54.651861, -22.209142 ], [ -54.652166, -22.20924 ], [ -54.652128, -22.209342 ], [ -54.651819, -22.209243 ] ] ] } },
{ "type": "Feature", "properties": { "id": 104172, "insc_imob": "06.01.24.25.393", "quadra_cartorio": "52 NC", "lote_cartorio": "P/32", "matricula": null, "circunscricao": "1º CIRCUNSCRIÇÃO", "zoneamento": null, "condominio": null, "area_geom": 438.28, "cnm": null }, "geometry": { "type": "Polygon", "coordinates": [ [ [ -54.653457, -22.2115 ], [ -54.653495, -22.211401 ], [ -54.653718, -22.211404 ], [ -54.653791, -22.211587 ], [ -54.653457, -22.2115 ] ] ] } },
{ "type": "Feature", "properties": { "id": 104177, "insc_imob": "06.01.34.02.063", "quadra_cartorio": "03", "lote_cartorio": "11", "matricula": null, "circunscricao": "1º CIRCUNSCRIÇÃO", "zoneamento": null, "condominio": null, "area_geom": 555.11, "cnm": null }, "geometry": { "type": "Polygon", "coordinates": [ [ [ -54.652987, -22.215847 ], [ -54.653056, -22.21577 ], [ -54.653429, -22.216058 ], [ -54.65336, -22.216136 ], [ -54.653267, -22.216063 ], [ -54.653174, -22.215991 ], [ -54.652987, -22.215847 ] ] ] } },
{ "type": "Feature", "properties": { "id": 105094, "insc_imob": "06.01.25.01.724", "quadra_cartorio": "53 NC", "lote_cartorio": "P/26", "matricula": null, "circunscricao": "1º CIRCUNSCRIÇÃO", "zoneamento": null, "condominio": null, "area_geom": 1572.03, "cnm": null }, "geometry": { "type": "Polygon", "coordinates": [ [ [ -54.649673, -22.211812 ], [ -54.649783, -22.211639 ], [ -54.65029, -22.211977 ], [ -54.650209, -22.212199 ], [ -54.649673, -22.211812 ] ] ] } },
{ "type": "Feature", "properties": { "id": 105390, "insc_imob": "06.01.34.25.070", "quadra_cartorio": "03", "lote_cartorio": null, "matricula": null, "circunscricao": "1º CIRCUNSCRIÇÃO", "zoneamento": null, "condominio": null, "area_geom": 616.7, "cnm": null }, "geometry": { "type": "Polygon", "coordinates": [ [ [ -54.649089, -22.215465 ], [ -54.649152, -22.215396 ], [ -54.649612, -22.215752 ], [ -54.64955, -22.215821 ], [ -54.64946, -22.215752 ], [ -54.649371, -22.215683 ], [ -54.649281, -22.215613 ], [ -54.649192, -22.215544 ], [ -54.649089, -22.215465 ] ] ] } },
{ "type": "Feature", "properties": { "id": 105497, "insc_imob": "06.01.34.15.351", "quadra_cartorio": "04", "lote_cartorio": null, "matricula": null, "circunscricao": "1º CIRCUNSCRIÇÃO", "zoneamento": null, "condominio": null, "area_geom": 359.75, "cnm": null }, "geometry": { "type": "Polygon", "coordinates": [ [ [ -54.65021, -22.214542 ], [ -54.650397, -22.214335 ], [ -54.650486, -22.214404 ], [ -54.650299, -22.214612 ], [ -54.65021, -22.214542 ] ] ] } },
{ "type": "Feature", "properties": { "id": 105741, "insc_imob": "06.01.25.01.156", "quadra_cartorio": "53 NC", "lote_cartorio": "P/26", "matricula": null, "circunscricao": "1º CIRCUNSCRIÇÃO", "zoneamento": null, "condominio": null, "area_geom": 7408.89, "cnm": null }, "geometry": { "type": "Polygon", "coordinates": [ [ [ -54.648229, -22.211216 ], [ -54.647691, -22.210799 ], [ -54.648204, -22.210211 ], [ -54.648982, -22.210368 ], [ -54.648694, -22.210679 ], [ -54.648541, -22.210855 ], [ -54.64848, -22.210925 ], [ -54.64842, -22.210996 ], [ -54.648229, -22.211216 ] ] ] } },
{ "type": "Feature", "properties": { "id": 105823, "insc_imob": "06.01.24.35.073", "quadra_cartorio": "52 NC", "lote_cartorio": "P/32", "matricula": null, "circunscricao": "1º CIRCUNSCRIÇÃO", "zoneamento": null, "condominio": null, "area_geom": 231.24, "cnm": null }, "geometry": { "type": "Polygon", "coordinates": [ [ [ -54.652831, -22.210746 ], [ -54.652899, -22.210579 ], [ -54.653004, -22.210615 ], [ -54.65294, -22.210783 ], [ -54.652831, -22.210746 ] ] ] } },
{ "type": "Feature", "properties": { "id": 106299, "insc_imob": "06.01.25.01.434", "quadra_cartorio": "53 NC", "lote_cartorio": null, "matricula": null, "circunscricao": "1º CIRCUNSCRIÇÃO", "zoneamento": null, "condominio": null, "area_geom": 342.66, "cnm": null }, "geometry": { "type": "Polygon", "coordinates": [ [ [ -54.648823, -22.211349 ], [ -54.648918, -22.211243 ], [ -54.649095, -22.211334 ], [ -54.649002, -22.211451 ], [ -54.648891, -22.211401 ], [ -54.648823, -22.211349 ] ] ] } },
{ "type": "Feature", "properties": { "id": 106304, "insc_imob": "06.01.25.01.574", "quadra_cartorio": "53 NC", "lote_cartorio": null, "matricula": null, "circunscricao": "1º CIRCUNSCRIÇÃO", "zoneamento": null, "condominio": null, "area_geom": 3935.95, "cnm": null }, "geometry": { "type": "Polygon", "coordinates": [ [ [ -54.649501, -22.212203 ], [ -54.649122, -22.211909 ], [ -54.64988, -22.211106 ], [ -54.649986, -22.211152 ], [ -54.650017, -22.211158 ], [ -54.650005, -22.211201 ], [ -54.649988, -22.211234 ], [ -54.64996, -22.21129 ], [ -54.649949, -22.211313 ], [ -54.649902, -22.211405 ], [ -54.649864, -22.211481 ], [ -54.649819, -22.21157 ], [ -54.649783, -22.211639 ], [ -54.649673, -22.211812 ], [ -54.649611, -22.211947 ], [ -54.649501, -22.212203 ] ] ] } },
{ "type": "Feature", "properties": { "id": 111510, "insc_imob": "06.01.24.06.685", "quadra_cartorio": "52 NCD", "lote_cartorio": "P/32", "matricula": "45541", "circunscricao": "1º CIRCUNSCRIÇÃO", "zoneamento": null, "condominio": null, "area_geom": 586.94, "cnm": "062661.2.0045541-32" }, "geometry": { "type": "Polygon", "coordinates": [ [ [ -54.65116, -22.212047 ], [ -54.651384, -22.211797 ], [ -54.651507, -22.211869 ], [ -54.651254, -22.212151 ], [ -54.651144, -22.212065 ], [ -54.65116, -22.212047 ] ] ] } },
{ "type": "Feature", "properties": { "id": 113342, "insc_imob": "06.01.24.46.318", "quadra_cartorio": "52 NC", "lote_cartorio": null, "matricula": null, "circunscricao": "1º CIRCUNSCRIÇÃO", "zoneamento": null, "condominio": null, "area_geom": 110.16, "cnm": null }, "geometry": { "type": "Polygon", "coordinates": [ [ [ -54.653206, -22.20988 ], [ -54.65325, -22.209794 ], [ -54.653381, -22.209909 ], [ -54.653317, -22.209916 ], [ -54.653206, -22.20988 ] ] ] } },
{ "type": "Feature", "properties": { "id": 116284, "insc_imob": "06.01.14.01.052", "quadra_cartorio": "52 NC", "lote_cartorio": "P/33", "matricula": null, "circunscricao": "1º CIRCUNSCRIÇÃO", "zoneamento": null, "condominio": null, "area_geom": 428.29, "cnm": null }, "geometry": { "type": "Polygon", "coordinates": [ [ [ -54.653172, -22.206226 ], [ -54.653255, -22.206143 ], [ -54.653489, -22.20636 ], [ -54.653405, -22.206443 ], [ -54.653172, -22.206226 ] ] ] } },
{ "type": "Feature", "properties": { "id": 116286, "insc_imob": "06.01.15.01.224", "quadra_cartorio": "01", "lote_cartorio": null, "matricula": null, "circunscricao": "1º CIRCUNSCRIÇÃO", "zoneamento": null, "condominio": null, "area_geom": 9317.17, "cnm": null }, "geometry": { "type": "Polygon", "coordinates": [ [ [ -54.651748, -22.206029 ], [ -54.652677, -22.20513 ], [ -54.652781, -22.205225 ], [ -54.652794, -22.205238 ], [ -54.652897, -22.205333 ], [ -54.652914, -22.205349 ], [ -54.652544, -22.205707 ], [ -54.652994, -22.206126 ], [ -54.652583, -22.206525 ], [ -54.6523, -22.206251 ], [ -54.652138, -22.206407 ], [ -54.651748, -22.206029 ] ] ] } },
{ "type": "Feature", "properties": { "id": 116311, "insc_imob": "06.01.15.01.290", "quadra_cartorio": "01", "lote_cartorio": null, "matricula": null, "circunscricao": "1º CIRCUNSCRIÇÃO", "zoneamento": null, "condominio": null, "area_geom": 1009.59, "cnm": null }, "geometry": { "type": "Polygon", "coordinates": [ [ [ -54.652138, -22.206407 ], [ -54.6523, -22.206251 ], [ -54.652583, -22.206525 ], [ -54.652421, -22.206681 ], [ -54.652138, -22.206407 ] ] ] } },
{ "type": "Feature", "properties": { "id": 116314, "insc_imob": "06.01.15.11.026", "quadra_cartorio": null, "lote_cartorio": "13", "matricula": null, "circunscricao": "1º CIRCUNSCRIÇÃO", "zoneamento": null, "condominio": null, "area_geom": 382.83, "cnm": null }, "geometry": { "type": "Polygon", "coordinates": [ [ [ -54.653549, -22.204296 ], [ -54.653635, -22.204213 ], [ -54.65374, -22.204307 ], [ -54.653844, -22.204401 ], [ -54.653759, -22.204484 ], [ -54.653549, -22.204296 ] ] ] } },
{ "type": "Feature", "properties": { "id": 116340, "insc_imob": "06.01.15.11.165", "quadra_cartorio": null, "lote_cartorio": "22", "matricula": null, "circunscricao": "1º CIRCUNSCRIÇÃO", "zoneamento": null, "condominio": null, "area_geom": 574.18, "cnm": null }, "geometry": { "type": "Polygon", "coordinates": [ [ [ -54.653227, -22.205128 ], [ -54.653614, -22.204754 ], [ -54.653684, -22.204817 ], [ -54.653623, -22.204875 ], [ -54.6536, -22.204898 ], [ -54.653499, -22.204995 ], [ -54.653297, -22.20519 ], [ -54.653227, -22.205128 ] ] ] } },
{ "type": "Feature", "properties": { "id": 116363, "insc_imob": "06.01.15.11.380", "quadra_cartorio": null, "lote_cartorio": "09", "matricula": null, "circunscricao": "1º CIRCUNSCRIÇÃO", "zoneamento": null, "condominio": null, "area_geom": 574.28, "cnm": null }, "geometry": { "type": "Polygon", "coordinates": [ [ [ -54.653684, -22.204817 ], [ -54.65407, -22.204443 ], [ -54.65414, -22.204505 ], [ -54.653753, -22.204879 ], [ -54.653746, -22.204873 ], [ -54.653684, -22.204817 ] ] ] } },
{ "type": "Feature", "properties": { "id": 116366, "insc_imob": "06.01.15.21.111", "quadra_cartorio": null, "lote_cartorio": "08", "matricula": null, "circunscricao": "1º CIRCUNSCRIÇÃO", "zoneamento": null, "condominio": null, "area_geom": 998.62, "cnm": null }, "geometry": { "type": "Polygon", "coordinates": [ [ [ -54.653977, -22.204215 ], [ -54.654269, -22.203933 ], [ -54.654429, -22.204076 ], [ -54.654315, -22.204188 ], [ -54.654215, -22.204286 ], [ -54.654138, -22.20436 ], [ -54.653977, -22.204215 ] ] ] } },
{ "type": "Feature", "properties": { "id": 116368, "insc_imob": "06.01.15.21.205", "quadra_cartorio": "03", "lote_cartorio": "03", "matricula": null, "circunscricao": "1º CIRCUNSCRIÇÃO", "zoneamento": null, "condominio": null, "area_geom": 849.47, "cnm": null }, "geometry": { "type": "Polygon", "coordinates": [ [ [ -54.654315, -22.204188 ], [ -54.654429, -22.204076 ], [ -54.654778, -22.20439 ], [ -54.654664, -22.204501 ], [ -54.654315, -22.204188 ] ] ] } },
{ "type": "Feature", "properties": { "id": 116369, "insc_imob": "06.01.15.21.223", "quadra_cartorio": "03", "lote_cartorio": "04", "matricula": null, "circunscricao": "1º CIRCUNSCRIÇÃO", "zoneamento": null, "condominio": null, "area_geom": 899.58, "cnm": null }, "geometry": { "type": "Polygon", "coordinates": [ [ [ -54.654429, -22.204076 ], [ -54.65455, -22.20396 ], [ -54.654899, -22.204273 ], [ -54.654778, -22.20439 ], [ -54.654429, -22.204076 ] ] ] } },
{ "type": "Feature", "properties": { "id": 116370, "insc_imob": "06.01.15.21.375", "quadra_cartorio": null, "lote_cartorio": "P/05", "matricula": null, "circunscricao": "1º CIRCUNSCRIÇÃO", "zoneamento": null, "condominio": null, "area_geom": 243.7, "cnm": null }, "geometry": { "type": "Polygon", "coordinates": [ [ [ -54.65447, -22.203888 ], [ -54.654612, -22.203751 ], [ -54.654692, -22.203826 ], [ -54.65455, -22.20396 ], [ -54.65447, -22.203888 ] ] ] } },
{ "type": "Feature", "properties": { "id": 116371, "insc_imob": "06.01.15.21.390", "quadra_cartorio": null, "lote_cartorio": "P/05", "matricula": null, "circunscricao": "1º CIRCUNSCRIÇÃO", "zoneamento": null, "condominio": null, "area_geom": 283.06, "cnm": null }, "geometry": { "type": "Polygon", "coordinates": [ [ [ -54.654376, -22.203803 ], [ -54.654521, -22.203667 ], [ -54.654612, -22.203751 ], [ -54.65447, -22.203888 ], [ -54.654376, -22.203803 ] ] ] } },
{ "type": "Feature", "properties": { "id": 116372, "insc_imob": "06.01.15.21.420", "quadra_cartorio": null, "lote_cartorio": "P/05", "matricula": null, "circunscricao": "1º CIRCUNSCRIÇÃO", "zoneamento": null, "condominio": null, "area_geom": 539.63, "cnm": null }, "geometry": { "type": "Polygon", "coordinates": [ [ [ -54.654201, -22.203647 ], [ -54.654347, -22.203506 ], [ -54.654521, -22.203667 ], [ -54.654376, -22.203803 ], [ -54.654201, -22.203647 ] ] ] } },
{ "type": "Feature", "properties": { "id": 116386, "insc_imob": "06.01.15.22.060", "quadra_cartorio": "52 NC  ", "lote_cartorio": "P/26", "matricula": null, "circunscricao": "1º CIRCUNSCRIÇÃO", "zoneamento": null, "condominio": null, "area_geom": 779.47, "cnm": null }, "geometry": { "type": "Polygon", "coordinates": [ [ [ -54.652977, -22.203247 ], [ -54.653246, -22.202986 ], [ -54.653382, -22.203108 ], [ -54.653113, -22.203369 ], [ -54.652977, -22.203247 ] ] ] } },
{ "type": "Feature", "properties": { "id": 116389, "insc_imob": "06.01.15.22.180", "quadra_cartorio": "52 NC", "lote_cartorio": "P/26", "matricula": null, "circunscricao": "1º CIRCUNSCRIÇÃO", "zoneamento": null, "condominio": null, "area_geom": 299.79, "cnm": null }, "geometry": { "type": "Polygon", "coordinates": [ [ [ -54.653534, -22.203746 ], [ -54.653601, -22.203681 ], [ -54.653811, -22.203869 ], [ -54.653744, -22.203934 ], [ -54.653534, -22.203746 ] ] ] } },
{ "type": "Feature", "properties": { "id": 116390, "insc_imob": "06.01.15.22.197", "quadra_cartorio": null, "lote_cartorio": "P/26", "matricula": null, "circunscricao": "1º CIRCUNSCRIÇÃO", "zoneamento": null, "condominio": null, "area_geom": 509.68, "cnm": null }, "geometry": { "type": "Polygon", "coordinates": [ [ [ -54.653601, -22.203681 ], [ -54.653716, -22.20357 ], [ -54.653925, -22.203758 ], [ -54.653811, -22.203869 ], [ -54.653601, -22.203681 ] ] ] } },
{ "type": "Feature", "properties": { "id": 116411, "insc_imob": "06.01.23.01.508", "quadra_cartorio": "52 NC", "lote_cartorio": "P/39", "matricula": null, "circunscricao": "1º CIRCUNSCRIÇÃO", "zoneamento": null, "condominio": null, "area_geom": 27038.54, "cnm": null }, "geometry": { "type": "Polygon", "coordinates": [ [ [ -54.656049, -22.217264 ], [ -54.657551, -22.215579 ], [ -54.658383, -22.216236 ], [ -54.656874, -22.217907 ], [ -54.656049, -22.217264 ] ] ] } },
{ "type": "Feature", "properties": { "id": 116413, "insc_imob": "06.01.24.02.024", "quadra_cartorio": "52 NC", "lote_cartorio": "P/39", "matricula": null, "circunscricao": "1º CIRCUNSCRIÇÃO", "zoneamento": null, "condominio": null, "area_geom": 359.76, "cnm": null }, "geometry": { "type": "Polygon", "coordinates": [ [ [ -54.653555, -22.215333 ], [ -54.653742, -22.215125 ], [ -54.653831, -22.215194 ], [ -54.653645, -22.215402 ], [ -54.653555, -22.215333 ] ] ] } },
{ "type": "Feature", "properties": { "id": 116414, "insc_imob": "06.01.24.02.094", "quadra_cartorio": "52 NC", "lote_cartorio": "P/39", "matricula": null, "circunscricao": "1º CIRCUNSCRIÇÃO", "zoneamento": null, "condominio": null, "area_geom": 599.6, "cnm": null }, "geometry": { "type": "Polygon", "coordinates": [ [ [ -54.653645, -22.215402 ], [ -54.653831, -22.215194 ], [ -54.65398, -22.21531 ], [ -54.653794, -22.215518 ], [ -54.653645, -22.215402 ] ] ] } },
{ "type": "Feature", "properties": { "id": 116415, "insc_imob": "06.01.24.03.012", "quadra_cartorio": "03", "lote_cartorio": "08", "matricula": null, "circunscricao": "1º CIRCUNSCRIÇÃO", "zoneamento": null, "condominio": null, "area_geom": 375.05, "cnm": null }, "geometry": { "type": "Polygon", "coordinates": [ [ [ -54.653479, -22.214251 ], [ -54.653557, -22.214164 ], [ -54.65378, -22.214337 ], [ -54.653702, -22.214424 ], [ -54.653479, -22.214251 ] ] ] } },
{ "type": "Feature", "properties": { "id": 116452, "insc_imob": "06.01.24.05.232", "quadra_cartorio": "01", "lote_cartorio": "02", "matricula": null, "circunscricao": "1º CIRCUNSCRIÇÃO", "zoneamento": null, "condominio": null, "area_geom": 620.98, "cnm": null }, "geometry": { "type": "Polygon", "coordinates": [ [ [ -54.651846, -22.214025 ], [ -54.65206, -22.213785 ], [ -54.652194, -22.213889 ], [ -54.651981, -22.214128 ], [ -54.651846, -22.214025 ] ] ] } },
{ "type": "Feature", "properties": { "id": 116456, "insc_imob": "06.01.24.06.516", "quadra_cartorio": "52 NC", "lote_cartorio": "P/32", "matricula": null, "circunscricao": "1º CIRCUNSCRIÇÃO", "zoneamento": null, "condominio": null, "area_geom": 394.23, "cnm": null }, "geometry": { "type": "Polygon", "coordinates": [ [ [ -54.651504, -22.212799 ], [ -54.651394, -22.212717 ], [ -54.651458, -22.212646 ], [ -54.651759, -22.21288 ], [ -54.651702, -22.212944 ], [ -54.651504, -22.212799 ] ] ] } },
{ "type": "Feature", "properties": { "id": 116457, "insc_imob": "06.01.24.06.524", "quadra_cartorio": "52 NC", "lote_cartorio": "P/32", "matricula": null, "circunscricao": "1º CIRCUNSCRIÇÃO", "zoneamento": null, "condominio": null, "area_geom": 305.42, "cnm": null }, "geometry": { "type": "Polygon", "coordinates": [ [ [ -54.651458, -22.212646 ], [ -54.651502, -22.212597 ], [ -54.651534, -22.212622 ], [ -54.651809, -22.212824 ], [ -54.651759, -22.21288 ], [ -54.651458, -22.212646 ] ] ] } },
{ "type": "Feature", "properties": { "id": 116458, "insc_imob": "06.01.24.06.578", "quadra_cartorio": "52 NC", "lote_cartorio": "P/32", "matricula": null, "circunscricao": "1º CIRCUNSCRIÇÃO", "zoneamento": null, "condominio": null, "area_geom": 495.93, "cnm": null }, "geometry": { "type": "Polygon", "coordinates": [ [ [ -54.651502, -22.212597 ], [ -54.65158, -22.212509 ], [ -54.651612, -22.212533 ], [ -54.651882, -22.212743 ], [ -54.651809, -22.212824 ], [ -54.651534, -22.212622 ], [ -54.651502, -22.212597 ] ] ] } },
{ "type": "Feature", "properties": { "id": 116459, "insc_imob": "06.01.24.06.590", "quadra_cartorio": "52 NC", "lote_cartorio": "P/32", "matricula": null, "circunscricao": "1º CIRCUNSCRIÇÃO", "zoneamento": null, "condominio": null, "area_geom": 379.27, "cnm": null }, "geometry": { "type": "Polygon", "coordinates": [ [ [ -54.6513, -22.212644 ], [ -54.651486, -22.212435 ], [ -54.65158, -22.212509 ], [ -54.651502, -22.212597 ], [ -54.651458, -22.212646 ], [ -54.651394, -22.212717 ], [ -54.6513, -22.212644 ] ] ] } },
{ "type": "Feature", "properties": { "id": 116480, "insc_imob": "06.01.24.14.286", "quadra_cartorio": "05", "lote_cartorio": "12", "matricula": null, "circunscricao": "1º CIRCUNSCRIÇÃO", "zoneamento": null, "condominio": null, "area_geom": 402.95, "cnm": null }, "geometry": { "type": "Polygon", "coordinates": [ [ [ -54.653372, -22.21351 ], [ -54.65358, -22.213277 ], [ -54.65367, -22.213346 ], [ -54.653461, -22.213579 ], [ -54.653372, -22.21351 ] ] ] } },
{ "type": "Feature", "properties": { "id": 116527, "insc_imob": "06.01.24.25.385", "quadra_cartorio": "52 NC", "lote_cartorio": "P/32", "matricula": null, "circunscricao": "1º CIRCUNSCRIÇÃO", "zoneamento": null, "condominio": null, "area_geom": 473.51, "cnm": null }, "geometry": { "type": "Polygon", "coordinates": [ [ [ -54.65342, -22.211597 ], [ -54.653457, -22.2115 ], [ -54.653791, -22.211587 ], [ -54.653834, -22.211693 ], [ -54.653827, -22.211709 ], [ -54.65342, -22.211597 ] ] ] } },
{ "type": "Feature", "properties": { "id": 116530, "insc_imob": "06.01.24.35.010", "quadra_cartorio": "52 NC ", "lote_cartorio": "P/32", "matricula": null, "circunscricao": "1º CIRCUNSCRIÇÃO", "zoneamento": null, "condominio": null, "area_geom": 227.2, "cnm": null }, "geometry": { "type": "Polygon", "coordinates": [ [ [ -54.653002, -22.210325 ], [ -54.653037, -22.210239 ], [ -54.653231, -22.210304 ], [ -54.653214, -22.210397 ], [ -54.653002, -22.210325 ] ] ] } },
{ "type": "Feature", "properties": { "id": 116531, "insc_imob": "06.01.24.35.030", "quadra_cartorio": "52 NC", "lote_cartorio": "P/32", "matricula": null, "circunscricao": "1º CIRCUNSCRIÇÃO", "zoneamento": null, "condominio": null, "area_geom": 448.98, "cnm": null }, "geometry": { "type": "Polygon", "coordinates": [ [ [ -54.652937, -22.210487 ], [ -54.653002, -22.210325 ], [ -54.653214, -22.210397 ], [ -54.653211, -22.210411 ], [ -54.653152, -22.210559 ], [ -54.652937, -22.210487 ] ] ] } },
{ "type": "Feature", "properties": { "id": 116554, "insc_imob": "06.01.24.35.123", "quadra_cartorio": "52 NC ", "lote_cartorio": "P/32", "matricula": null, "circunscricao": "1º CIRCUNSCRIÇÃO", "zoneamento": null, "condominio": null, "area_geom": 1726.42, "cnm": null }, "geometry": { "type": "Polygon", "coordinates": [ [ [ -54.653152, -22.210559 ], [ -54.653211, -22.210411 ], [ -54.653537, -22.210571 ], [ -54.653396, -22.210936 ], [ -54.653048, -22.21082 ], [ -54.653115, -22.210652 ], [ -54.653152, -22.210559 ] ] ] } },
{ "type": "Feature", "properties": { "id": 116583, "insc_imob": "06.01.24.36.024", "quadra_cartorio": "52 NC ", "lote_cartorio": "P/32", "matricula": null, "circunscricao": "1º CIRCUNSCRIÇÃO", "zoneamento": null, "condominio": null, "area_geom": 404.93, "cnm": null }, "geometry": { "type": "Polygon", "coordinates": [ [ [ -54.651708, -22.208737 ], [ -54.651787, -22.208535 ], [ -54.651948, -22.208662 ], [ -54.651889, -22.208799 ], [ -54.651708, -22.208737 ] ] ] } },
{ "type": "Feature", "properties": { "id": 116687, "insc_imob": "06.01.24.36.593", "quadra_cartorio": "52 NC", "lote_cartorio": "P/32", "matricula": null, "circunscricao": "1º CIRCUNSCRIÇÃO", "zoneamento": null, "condominio": null, "area_geom": 422.76, "cnm": null }, "geometry": { "type": "Polygon", "coordinates": [ [ [ -54.651778, -22.209345 ], [ -54.651819, -22.209243 ], [ -54.652128, -22.209342 ], [ -54.652087, -22.209453 ], [ -54.651778, -22.209345 ] ] ] } },
{ "type": "Feature", "properties": { "id": 116711, "insc_imob": "06.01.24.36.620", "quadra_cartorio": "52 NCD", "lote_cartorio": "P/32", "matricula": null, "circunscricao": "1º CIRCUNSCRIÇÃO", "zoneamento": null, "condominio": null, "area_geom": 416.55, "cnm": null }, "geometry": { "type": "Polygon", "coordinates": [ [ [ -54.651902, -22.209041 ], [ -54.651904, -22.209035 ], [ -54.652205, -22.209133 ], [ -54.652166, -22.20924 ], [ -54.651861, -22.209142 ], [ -54.651902, -22.209041 ] ] ] } },
{ "type": "Feature", "properties": { "id": 116712, "insc_imob": "06.01.24.36.630", "quadra_cartorio": "52 NC", "lote_cartorio": "P/32", "matricula": null, "circunscricao": "1º CIRCUNSCRIÇÃO", "zoneamento": null, "condominio": null, "area_geom": 392.35, "cnm": null }, "geometry": { "type": "Polygon", "coordinates": [ [ [ -54.651904, -22.209035 ], [ -54.651945, -22.208933 ], [ -54.652243, -22.209031 ], [ -54.652205, -22.209133 ], [ -54.651904, -22.209035 ] ] ] } },
{ "type": "Feature", "properties": { "id": 116713, "insc_imob": "06.01.24.36.677", "quadra_cartorio": "52 NC", "lote_cartorio": "P/32", "matricula": null, "circunscricao": "1º CIRCUNSCRIÇÃO", "zoneamento": null, "condominio": null, "area_geom": 597.97, "cnm": null }, "geometry": { "type": "Polygon", "coordinates": [ [ [ -54.651984, -22.208831 ], [ -54.652025, -22.208724 ], [ -54.652281, -22.208926 ], [ -54.652243, -22.209031 ], [ -54.651945, -22.208933 ], [ -54.651984, -22.208831 ] ] ] } },
{ "type": "Feature", "properties": { "id": 116714, "insc_imob": "06.01.24.36.690", "quadra_cartorio": "53 NC", "lote_cartorio": "P/33", "matricula": null, "circunscricao": "1º CIRCUNSCRIÇÃO", "zoneamento": null, "condominio": null, "area_geom": 147.52, "cnm": null }, "geometry": { "type": "Polygon", "coordinates": [ [ [ -54.651889, -22.208799 ], [ -54.651948, -22.208662 ], [ -54.652025, -22.208724 ], [ -54.651984, -22.208831 ], [ -54.651889, -22.208799 ] ] ] } },
{ "type": "Feature", "properties": { "id": 116737, "insc_imob": "06.01.24.46.079", "quadra_cartorio": "52", "lote_cartorio": "P/32", "matricula": null, "circunscricao": "1º CIRCUNSCRIÇÃO", "zoneamento": null, "condominio": null, "area_geom": 355.63, "cnm": null }, "geometry": { "type": "Polygon", "coordinates": [ [ [ -54.65211, -22.209684 ], [ -54.652145, -22.209583 ], [ -54.652423, -22.209678 ], [ -54.652385, -22.209777 ], [ -54.65211, -22.209684 ] ] ] } },
{ "type": "Feature", "properties": { "id": 116867, "insc_imob": "06.01.24.56.011", "quadra_cartorio": "52 NC", "lote_cartorio": "P/32", "matricula": null, "circunscricao": "1º CIRCUNSCRIÇÃO", "zoneamento": null, "condominio": null, "area_geom": 323.51, "cnm": null }, "geometry": { "type": "Polygon", "coordinates": [ [ [ -54.651858, -22.208325 ], [ -54.651898, -22.208216 ], [ -54.652131, -22.208349 ], [ -54.652078, -22.20844 ], [ -54.651858, -22.208325 ] ] ] } },
{ "type": "Feature", "properties": { "id": 116868, "insc_imob": "06.01.24.56.050", "quadra_cartorio": "52 NC", "lote_cartorio": "P/32", "matricula": null, "circunscricao": "1º CIRCUNSCRIÇÃO", "zoneamento": null, "condominio": null, "area_geom": 216.35, "cnm": null }, "geometry": { "type": "Polygon", "coordinates": [ [ [ -54.652078, -22.20844 ], [ -54.652131, -22.208349 ], [ -54.652297, -22.208444 ], [ -54.652253, -22.208525 ], [ -54.652183, -22.208491 ], [ -54.652078, -22.20844 ] ] ] } },
{ "type": "Feature", "properties": { "id": 116869, "insc_imob": "06.01.24.56.109", "quadra_cartorio": "52 NCD", "lote_cartorio": "P/33", "matricula": null, "circunscricao": "1º CIRCUNSCRIÇÃO", "zoneamento": null, "condominio": null, "area_geom": 220.81, "cnm": null }, "geometry": { "type": "Polygon", "coordinates": [ [ [ -54.652057, -22.208631 ], [ -54.652183, -22.208491 ], [ -54.652253, -22.208525 ], [ -54.652164, -22.208689 ], [ -54.652157, -22.208703 ], [ -54.652057, -22.208631 ] ] ] } },
{ "type": "Feature", "properties": { "id": 116872, "insc_imob": "06.01.24.66.038", "quadra_cartorio": "52 NC", "lote_cartorio": "P/33", "matricula": null, "circunscricao": "1º CIRCUNSCRIÇÃO", "zoneamento": null, "condominio": null, "area_geom": 436.58, "cnm": null }, "geometry": { "type": "Polygon", "coordinates": [ [ [ -54.652449, -22.207026 ], [ -54.652507, -22.206936 ], [ -54.652532, -22.20695 ], [ -54.652826, -22.207113 ], [ -54.652796, -22.207206 ], [ -54.652449, -22.207026 ] ] ] } },
{ "type": "Feature", "properties": { "id": 116891, "insc_imob": "06.01.25.01.169", "quadra_cartorio": "53 NC", "lote_cartorio": "P/26", "matricula": null, "circunscricao": "1º CIRCUNSCRIÇÃO", "zoneamento": null, "condominio": null, "area_geom": 405.0, "cnm": null }, "geometry": { "type": "Polygon", "coordinates": [ [ [ -54.648229, -22.211216 ], [ -54.64842, -22.210996 ], [ -54.648518, -22.211072 ], [ -54.648324, -22.211289 ], [ -54.648229, -22.211216 ] ] ] } },
{ "type": "Feature", "properties": { "id": 116914, "insc_imob": "06.01.25.01.289", "quadra_cartorio": "53 NC", "lote_cartorio": "P/26", "matricula": null, "circunscricao": "1º CIRCUNSCRIÇÃO", "zoneamento": null, "condominio": null, "area_geom": 463.12, "cnm": null }, "geometry": { "type": "Polygon", "coordinates": [ [ [ -54.651471, -22.207274 ], [ -54.651551, -22.207346 ], [ -54.651316, -22.207598 ], [ -54.65122, -22.207516 ], [ -54.651471, -22.207274 ] ] ] } },
{ "type": "Feature", "properties": { "id": 116915, "insc_imob": "06.01.25.01.345", "quadra_cartorio": "53 NC", "lote_cartorio": "P/26", "matricula": null, "circunscricao": "1º CIRCUNSCRIÇÃO", "zoneamento": null, "condominio": null, "area_geom": 454.76, "cnm": null }, "geometry": { "type": "Polygon", "coordinates": [ [ [ -54.648508, -22.211432 ], [ -54.648702, -22.211214 ], [ -54.648752, -22.211253 ], [ -54.648807, -22.211295 ], [ -54.64862, -22.211519 ], [ -54.648508, -22.211432 ] ] ] } },
{ "type": "Feature", "properties": { "id": 116940, "insc_imob": "06.01.25.01.390", "quadra_cartorio": "53 NC", "lote_cartorio": "P/26", "matricula": null, "circunscricao": "1º CIRCUNSCRIÇÃO", "zoneamento": null, "condominio": null, "area_geom": 885.67, "cnm": null }, "geometry": { "type": "Polygon", "coordinates": [ [ [ -54.648978, -22.210971 ], [ -54.649097, -22.210806 ], [ -54.64943, -22.210912 ], [ -54.649257, -22.211129 ], [ -54.649028, -22.210999 ], [ -54.648978, -22.210971 ] ] ] } },
{ "type": "Feature", "properties": { "id": 116941, "insc_imob": "06.01.25.01.419", "quadra_cartorio": "53 NC", "lote_cartorio": "P/26", "matricula": null, "circunscricao": "1º CIRCUNSCRIÇÃO", "zoneamento": null, "condominio": null, "area_geom": 435.54, "cnm": null }, "geometry": { "type": "Polygon", "coordinates": [ [ [ -54.648947, -22.211112 ], [ -54.649028, -22.210999 ], [ -54.649257, -22.211129 ], [ -54.64916, -22.211252 ], [ -54.648947, -22.211112 ] ] ] } },
{ "type": "Feature", "properties": { "id": 116942, "insc_imob": "06.01.25.01.470", "quadra_cartorio": "53 NC ", "lote_cartorio": "P/26", "matricula": null, "circunscricao": "1º CIRCUNSCRIÇÃO", "zoneamento": null, "condominio": null, "area_geom": 238.83, "cnm": null }, "geometry": { "type": "Polygon", "coordinates": [ [ [ -54.64873, -22.211604 ], [ -54.64867, -22.211558 ], [ -54.648823, -22.211349 ], [ -54.648891, -22.211401 ], [ -54.64873, -22.211604 ] ] ] } },
{ "type": "Feature", "properties": { "id": 116943, "insc_imob": "06.01.25.01.751", "quadra_cartorio": "53 NC", "lote_cartorio": "P/26", "matricula": null, "circunscricao": "1º CIRCUNSCRIÇÃO", "zoneamento": null, "condominio": null, "area_geom": 1412.49, "cnm": null }, "geometry": { "type": "Polygon", "coordinates": [ [ [ -54.649783, -22.211639 ], [ -54.649819, -22.21157 ], [ -54.649864, -22.211481 ], [ -54.650374, -22.211746 ], [ -54.65029, -22.211977 ], [ -54.649783, -22.211639 ] ] ] } },
{ "type": "Feature", "properties": { "id": 116944, "insc_imob": "06.01.25.01.777", "quadra_cartorio": "53 NC", "lote_cartorio": "P/26", "matricula": null, "circunscricao": "1º CIRCUNSCRIÇÃO", "zoneamento": null, "condominio": null, "area_geom": 1377.22, "cnm": null }, "geometry": { "type": "Polygon", "coordinates": [ [ [ -54.649864, -22.211481 ], [ -54.649902, -22.211405 ], [ -54.649949, -22.211313 ], [ -54.650457, -22.211519 ], [ -54.650374, -22.211746 ], [ -54.649864, -22.211481 ] ] ] } },
{ "type": "Feature", "properties": { "id": 116945, "insc_imob": "06.01.25.01.794", "quadra_cartorio": "53 NC", "lote_cartorio": "P/26", "matricula": null, "circunscricao": "1º CIRCUNSCRIÇÃO", "zoneamento": null, "condominio": null, "area_geom": 850.64, "cnm": null }, "geometry": { "type": "Polygon", "coordinates": [ [ [ -54.649949, -22.211313 ], [ -54.64996, -22.21129 ], [ -54.649988, -22.211234 ], [ -54.650005, -22.211201 ], [ -54.650509, -22.211378 ], [ -54.65047, -22.211483 ], [ -54.650457, -22.211519 ], [ -54.649949, -22.211313 ] ] ] } },
{ "type": "Feature", "properties": { "id": 116985, "insc_imob": "06.01.34.02.143", "quadra_cartorio": "03", "lote_cartorio": "15", "matricula": null, "circunscricao": "1º CIRCUNSCRIÇÃO", "zoneamento": null, "condominio": null, "area_geom": 372.22, "cnm": null }, "geometry": { "type": "Polygon", "coordinates": [ [ [ -54.653082, -22.216271 ], [ -54.653267, -22.216063 ], [ -54.65336, -22.216136 ], [ -54.653174, -22.216344 ], [ -54.653082, -22.216271 ] ] ] } },
{ "type": "Feature", "properties": { "id": 116989, "insc_imob": "06.01.34.02.246", "quadra_cartorio": "03", "lote_cartorio": "21", "matricula": null, "circunscricao": "1º CIRCUNSCRIÇÃO", "zoneamento": null, "condominio": null, "area_geom": 555.14, "cnm": null }, "geometry": { "type": "Polygon", "coordinates": [ [ [ -54.653429, -22.216058 ], [ -54.653498, -22.215981 ], [ -54.65387, -22.21627 ], [ -54.653801, -22.216347 ], [ -54.653429, -22.216058 ] ] ] } },
{ "type": "Feature", "properties": { "id": 116990, "insc_imob": "06.01.34.02.257", "quadra_cartorio": "03", "lote_cartorio": "22", "matricula": null, "circunscricao": "1º CIRCUNSCRIÇÃO", "zoneamento": null, "condominio": null, "area_geom": 555.15, "cnm": null }, "geometry": { "type": "Polygon", "coordinates": [ [ [ -54.653498, -22.215981 ], [ -54.653567, -22.215904 ], [ -54.65366, -22.215977 ], [ -54.653753, -22.216049 ], [ -54.653846, -22.216121 ], [ -54.653875, -22.216143 ], [ -54.653939, -22.216193 ], [ -54.65387, -22.21627 ], [ -54.653498, -22.215981 ] ] ] } },
{ "type": "Feature", "properties": { "id": 116991, "insc_imob": "06.01.34.02.300", "quadra_cartorio": "03", "lote_cartorio": "01", "matricula": null, "circunscricao": "1º CIRCUNSCRIÇÃO", "zoneamento": null, "condominio": null, "area_geom": 374.72, "cnm": null }, "geometry": { "type": "Polygon", "coordinates": [ [ [ -54.653846, -22.216121 ], [ -54.654032, -22.215913 ], [ -54.654125, -22.215985 ], [ -54.653939, -22.216193 ], [ -54.653875, -22.216143 ], [ -54.653846, -22.216121 ] ] ] } },
{ "type": "Feature", "properties": { "id": 117254, "insc_imob": "06.01.34.04.378", "quadra_cartorio": "01", "lote_cartorio": "07", "matricula": null, "circunscricao": "1º CIRCUNSCRIÇÃO", "zoneamento": null, "condominio": null, "area_geom": 390.92, "cnm": null }, "geometry": { "type": "Polygon", "coordinates": [ [ [ -54.651515, -22.214313 ], [ -54.651702, -22.214106 ], [ -54.651799, -22.214181 ], [ -54.651612, -22.214389 ], [ -54.651515, -22.214313 ] ] ] } },
{ "type": "Feature", "properties": { "id": 117281, "insc_imob": "06.01.34.05.106", "quadra_cartorio": "05", "lote_cartorio": "09", "matricula": null, "circunscricao": "1º CIRCUNSCRIÇÃO", "zoneamento": null, "condominio": null, "area_geom": 374.37, "cnm": null }, "geometry": { "type": "Polygon", "coordinates": [ [ [ -54.65038, -22.214167 ], [ -54.650334, -22.214131 ], [ -54.650289, -22.214096 ], [ -54.650477, -22.213889 ], [ -54.650569, -22.213961 ], [ -54.650383, -22.214169 ], [ -54.65038, -22.214167 ] ] ] } },
{ "type": "Feature", "properties": { "id": 117282, "insc_imob": "06.01.34.05.118", "quadra_cartorio": "05", "lote_cartorio": "10", "matricula": null, "circunscricao": "1º CIRCUNSCRIÇÃO", "zoneamento": null, "condominio": null, "area_geom": 360.71, "cnm": null }, "geometry": { "type": "Polygon", "coordinates": [ [ [ -54.650383, -22.214169 ], [ -54.650569, -22.213961 ], [ -54.650658, -22.214031 ], [ -54.650473, -22.214239 ], [ -54.650425, -22.214202 ], [ -54.650383, -22.214169 ] ] ] } },
{ "type": "Feature", "properties": { "id": 117303, "insc_imob": "06.01.34.05.166", "quadra_cartorio": "02", "lote_cartorio": "07", "matricula": null, "circunscricao": "1º CIRCUNSCRIÇÃO", "zoneamento": null, "condominio": null, "area_geom": 389.74, "cnm": null }, "geometry": { "type": "Polygon", "coordinates": [ [ [ -54.650833, -22.214343 ], [ -54.650926, -22.214238 ], [ -54.65112, -22.214389 ], [ -54.651099, -22.214412 ], [ -54.651027, -22.214493 ], [ -54.650833, -22.214343 ] ] ] } },
{ "type": "Feature", "properties": { "id": 117331, "insc_imob": "06.01.34.05.209", "quadra_cartorio": "02", "lote_cartorio": "06", "matricula": null, "circunscricao": "1º CIRCUNSCRIÇÃO", "zoneamento": null, "condominio": null, "area_geom": 389.72, "cnm": null }, "geometry": { "type": "Polygon", "coordinates": [ [ [ -54.65074, -22.214447 ], [ -54.650833, -22.214343 ], [ -54.651027, -22.214493 ], [ -54.650934, -22.214597 ], [ -54.65074, -22.214447 ] ] ] } },
{ "type": "Feature", "properties": { "id": 117501, "insc_imob": "06.01.25.01.589", "quadra_cartorio": "53 NC", "lote_cartorio": "P/26", "matricula": null, "circunscricao": "1º CIRCUNSCRIÇÃO", "zoneamento": null, "condominio": null, "area_geom": 474.33, "cnm": null }, "geometry": { "type": "Polygon", "coordinates": [ [ [ -54.649501, -22.212203 ], [ -54.649611, -22.211947 ], [ -54.64974, -22.212048 ], [ -54.649616, -22.212292 ], [ -54.649501, -22.212203 ] ] ] } },
{ "type": "Feature", "properties": { "id": 117572, "insc_imob": "06.01.34.14.040", "quadra_cartorio": "04", "lote_cartorio": "09", "matricula": null, "circunscricao": "1º CIRCUNSCRIÇÃO", "zoneamento": null, "condominio": null, "area_geom": 529.69, "cnm": null }, "geometry": { "type": "Polygon", "coordinates": [ [ [ -54.650699, -22.215045 ], [ -54.650762, -22.214976 ], [ -54.65086, -22.215052 ], [ -54.650959, -22.215129 ], [ -54.651058, -22.215206 ], [ -54.651156, -22.215282 ], [ -54.651094, -22.215352 ], [ -54.650699, -22.215045 ] ] ] } },
{ "type": "Feature", "properties": { "id": 117596, "insc_imob": "06.01.34.14.085", "quadra_cartorio": "04", "lote_cartorio": "13A", "matricula": null, "circunscricao": "1º CIRCUNSCRIÇÃO", "zoneamento": null, "condominio": null, "area_geom": 396.92, "cnm": null }, "geometry": { "type": "Polygon", "coordinates": [ [ [ -54.65042, -22.215358 ], [ -54.650513, -22.215253 ], [ -54.650711, -22.215407 ], [ -54.650618, -22.215511 ], [ -54.65042, -22.215358 ] ] ] } },
{ "type": "Feature", "properties": { "id": 117597, "insc_imob": "06.01.34.14.127", "quadra_cartorio": "04", "lote_cartorio": "14A", "matricula": null, "circunscricao": "1º CIRCUNSCRIÇÃO", "zoneamento": null, "condominio": null, "area_geom": 396.93, "cnm": null }, "geometry": { "type": "Polygon", "coordinates": [ [ [ -54.650327, -22.215461 ], [ -54.65042, -22.215358 ], [ -54.650618, -22.215511 ], [ -54.650525, -22.215615 ], [ -54.650327, -22.215461 ] ] ] } },
{ "type": "Feature", "properties": { "id": 117598, "insc_imob": "06.01.34.14.140", "quadra_cartorio": "04", "lote_cartorio": "15", "matricula": null, "circunscricao": "1º CIRCUNSCRIÇÃO", "zoneamento": null, "condominio": null, "area_geom": 397.25, "cnm": null }, "geometry": { "type": "Polygon", "coordinates": [ [ [ -54.650618, -22.215511 ], [ -54.650711, -22.215407 ], [ -54.650809, -22.215483 ], [ -54.650623, -22.215691 ], [ -54.650525, -22.215615 ], [ -54.650618, -22.215511 ] ] ] } },
{ "type": "Feature", "properties": { "id": 117600, "insc_imob": "06.01.34.14.180", "quadra_cartorio": "04", "lote_cartorio": "18", "matricula": null, "circunscricao": "1º CIRCUNSCRIÇÃO", "zoneamento": null, "condominio": null, "area_geom": 397.23, "cnm": null }, "geometry": { "type": "Polygon", "coordinates": [ [ [ -54.650821, -22.215844 ], [ -54.651007, -22.215636 ], [ -54.651105, -22.215713 ], [ -54.650919, -22.215921 ], [ -54.650821, -22.215844 ] ] ] } },
{ "type": "Feature", "properties": { "id": 117603, "insc_imob": "06.01.34.14.276", "quadra_cartorio": "04", "lote_cartorio": "24", "matricula": null, "circunscricao": "1º CIRCUNSCRIÇÃO", "zoneamento": null, "condominio": null, "area_geom": 529.46, "cnm": null }, "geometry": { "type": "Polygon", "coordinates": [ [ [ -54.651094, -22.215352 ], [ -54.651156, -22.215282 ], [ -54.651255, -22.215359 ], [ -54.651354, -22.215435 ], [ -54.651452, -22.215512 ], [ -54.651551, -22.215588 ], [ -54.651489, -22.215658 ], [ -54.651094, -22.215352 ] ] ] } },
{ "type": "Feature", "properties": { "id": 117670, "insc_imob": "06.01.34.14.346", "quadra_cartorio": "04", "lote_cartorio": "03", "matricula": null, "circunscricao": "1º CIRCUNSCRIÇÃO", "zoneamento": null, "condominio": null, "area_geom": 397.24, "cnm": null }, "geometry": { "type": "Polygon", "coordinates": [ [ [ -54.651255, -22.215359 ], [ -54.651441, -22.215151 ], [ -54.65154, -22.215227 ], [ -54.651354, -22.215435 ], [ -54.651255, -22.215359 ] ] ] } },
{ "type": "Feature", "properties": { "id": 117717, "insc_imob": "06.01.34.15.256", "quadra_cartorio": "03", "lote_cartorio": "03", "matricula": null, "circunscricao": "1º CIRCUNSCRIÇÃO", "zoneamento": null, "condominio": null, "area_geom": 259.77, "cnm": null }, "geometry": { "type": "Polygon", "coordinates": [ [ [ -54.650415, -22.21482 ], [ -54.650477, -22.214751 ], [ -54.650574, -22.214827 ], [ -54.65067, -22.214902 ], [ -54.650608, -22.214971 ], [ -54.650415, -22.21482 ] ] ] } },
{ "type": "Feature", "properties": { "id": 117718, "insc_imob": "06.01.34.15.312", "quadra_cartorio": "03", "lote_cartorio": "02", "matricula": null, "circunscricao": "1º CIRCUNSCRIÇÃO", "zoneamento": null, "condominio": null, "area_geom": 389.75, "cnm": null }, "geometry": { "type": "Polygon", "coordinates": [ [ [ -54.650477, -22.214751 ], [ -54.650664, -22.214544 ], [ -54.650761, -22.214619 ], [ -54.650574, -22.214827 ], [ -54.650477, -22.214751 ] ] ] } },
{ "type": "Feature", "properties": { "id": 117765, "insc_imob": "06.01.34.16.126", "quadra_cartorio": "01", "lote_cartorio": "12", "matricula": null, "circunscricao": "1º CIRCUNSCRIÇÃO", "zoneamento": null, "condominio": null, "area_geom": 389.72, "cnm": null }, "geometry": { "type": "Polygon", "coordinates": [ [ [ -54.649027, -22.214445 ], [ -54.649213, -22.214237 ], [ -54.64931, -22.214312 ], [ -54.649123, -22.21452 ], [ -54.649027, -22.214445 ] ] ] } },
{ "type": "Feature", "properties": { "id": 117766, "insc_imob": "06.01.34.16.139", "quadra_cartorio": "01", "lote_cartorio": "13", "matricula": null, "circunscricao": "1º CIRCUNSCRIÇÃO", "zoneamento": null, "condominio": null, "area_geom": 389.75, "cnm": null }, "geometry": { "type": "Polygon", "coordinates": [ [ [ -54.649123, -22.21452 ], [ -54.64931, -22.214312 ], [ -54.649406, -22.214387 ], [ -54.64922, -22.214595 ], [ -54.649123, -22.21452 ] ] ] } },
{ "type": "Feature", "properties": { "id": 117767, "insc_imob": "06.01.34.16.152", "quadra_cartorio": "01", "lote_cartorio": "14", "matricula": null, "circunscricao": "1º CIRCUNSCRIÇÃO", "zoneamento": null, "condominio": null, "area_geom": 389.75, "cnm": null }, "geometry": { "type": "Polygon", "coordinates": [ [ [ -54.64922, -22.214595 ], [ -54.649406, -22.214387 ], [ -54.649503, -22.214462 ], [ -54.649317, -22.21467 ], [ -54.64922, -22.214595 ] ] ] } },
{ "type": "Feature", "properties": { "id": 117789, "insc_imob": "06.01.34.21.040", "quadra_cartorio": "08", "lote_cartorio": "03", "matricula": null, "circunscricao": "1º CIRCUNSCRIÇÃO", "zoneamento": null, "condominio": null, "area_geom": 484.17, "cnm": null }, "geometry": { "type": "Polygon", "coordinates": [ [ [ -54.652598, -22.217829 ], [ -54.65266, -22.217759 ], [ -54.652753, -22.217832 ], [ -54.653021, -22.218039 ], [ -54.652958, -22.218108 ], [ -54.652598, -22.217829 ] ] ] } },
{ "type": "Feature", "properties": { "id": 117790, "insc_imob": "06.01.34.21.050", "quadra_cartorio": "08", "lote_cartorio": "04", "matricula": null, "circunscricao": "1º CIRCUNSCRIÇÃO", "zoneamento": null, "condominio": null, "area_geom": 482.5, "cnm": null }, "geometry": { "type": "Polygon", "coordinates": [ [ [ -54.652535, -22.217898 ], [ -54.652598, -22.217829 ], [ -54.652958, -22.218108 ], [ -54.652894, -22.218176 ], [ -54.652647, -22.217985 ], [ -54.652535, -22.217898 ] ] ] } },
{ "type": "Feature", "properties": { "id": 117791, "insc_imob": "06.01.34.21.060", "quadra_cartorio": "08", "lote_cartorio": "05", "matricula": null, "circunscricao": "1º CIRCUNSCRIÇÃO", "zoneamento": null, "condominio": null, "area_geom": 331.03, "cnm": null }, "geometry": { "type": "Polygon", "coordinates": [ [ [ -54.652585, -22.218054 ], [ -54.652647, -22.217985 ], [ -54.652894, -22.218176 ], [ -54.652832, -22.218245 ], [ -54.652585, -22.218054 ] ] ] } },
{ "type": "Feature", "properties": { "id": 117792, "insc_imob": "06.01.34.21.090", "quadra_cartorio": "08", "lote_cartorio": "P/05 e 06", "matricula": null, "circunscricao": "1º CIRCUNSCRIÇÃO", "zoneamento": null, "condominio": null, "area_geom": 299.8, "cnm": null }, "geometry": { "type": "Polygon", "coordinates": [ [ [ -54.652411, -22.218037 ], [ -54.652535, -22.217898 ], [ -54.652647, -22.217985 ], [ -54.652585, -22.218054 ], [ -54.652523, -22.218123 ], [ -54.652505, -22.218109 ], [ -54.652411, -22.218037 ] ] ] } },
{ "type": "Feature", "properties": { "id": 117793, "insc_imob": "06.01.34.21.113", "quadra_cartorio": "08", "lote_cartorio": "07", "matricula": null, "circunscricao": "1º CIRCUNSCRIÇÃO", "zoneamento": null, "condominio": null, "area_geom": 375.66, "cnm": null }, "geometry": { "type": "Polygon", "coordinates": [ [ [ -54.652225, -22.218245 ], [ -54.652411, -22.218037 ], [ -54.652505, -22.218109 ], [ -54.652412, -22.218213 ], [ -54.652318, -22.218317 ], [ -54.652225, -22.218245 ] ] ] } },
{ "type": "Feature", "properties": { "id": 117815, "insc_imob": "06.01.34.21.163", "quadra_cartorio": "08", "lote_cartorio": "08", "matricula": null, "circunscricao": "1º CIRCUNSCRIÇÃO", "zoneamento": null, "condominio": null, "area_geom": 531.19, "cnm": null }, "geometry": { "type": "Polygon", "coordinates": [ [ [ -54.652318, -22.218317 ], [ -54.652412, -22.218213 ], [ -54.652676, -22.218418 ], [ -54.652582, -22.218522 ], [ -54.652318, -22.218317 ] ] ] } },
{ "type": "Feature", "properties": { "id": 117816, "insc_imob": "06.01.34.21.234", "quadra_cartorio": "08", "lote_cartorio": "10", "matricula": null, "circunscricao": "1º CIRCUNSCRIÇÃO", "zoneamento": null, "condominio": null, "area_geom": 539.48, "cnm": null }, "geometry": { "type": "Polygon", "coordinates": [ [ [ -54.652753, -22.217832 ], [ -54.652846, -22.217728 ], [ -54.653115, -22.217936 ], [ -54.653021, -22.218039 ], [ -54.652753, -22.217832 ] ] ] } },
{ "type": "Feature", "properties": { "id": 117841, "insc_imob": "06.01.34.21.285", "quadra_cartorio": "08", "lote_cartorio": "01", "matricula": null, "circunscricao": "1º CIRCUNSCRIÇÃO", "zoneamento": null, "condominio": null, "area_geom": 541.33, "cnm": null }, "geometry": { "type": "Polygon", "coordinates": [ [ [ -54.652846, -22.217728 ], [ -54.652939, -22.217624 ], [ -54.653209, -22.217833 ], [ -54.653115, -22.217936 ], [ -54.652846, -22.217728 ] ] ] } },
{ "type": "Feature", "properties": { "id": 117874, "insc_imob": "06.01.25.01.698", "quadra_cartorio": "53 NC", "lote_cartorio": "P/26", "matricula": null, "circunscricao": "1º CIRCUNSCRIÇÃO", "zoneamento": null, "condominio": null, "area_geom": 1208.32, "cnm": null }, "geometry": { "type": "Polygon", "coordinates": [ [ [ -54.649611, -22.211947 ], [ -54.649673, -22.211812 ], [ -54.650209, -22.212199 ], [ -54.650147, -22.212367 ], [ -54.649918, -22.212187 ], [ -54.649832, -22.21212 ], [ -54.649821, -22.212112 ], [ -54.64974, -22.212048 ], [ -54.649611, -22.211947 ] ] ] } },
{ "type": "Feature", "properties": { "id": 117995, "insc_imob": "06.01.34.23.400", "quadra_cartorio": "02", "lote_cartorio": null, "matricula": null, "circunscricao": "1º CIRCUNSCRIÇÃO", "zoneamento": null, "condominio": null, "area_geom": 9993.34, "cnm": null }, "geometry": { "type": "Polygon", "coordinates": [ [ [ -54.650529, -22.216902 ], [ -54.651149, -22.216208 ], [ -54.651894, -22.216786 ], [ -54.651274, -22.21748 ], [ -54.650529, -22.216902 ] ] ] } },
{ "type": "Feature", "properties": { "id": 117996, "insc_imob": "06.01.34.24.030", "quadra_cartorio": "06", "lote_cartorio": "08", "matricula": null, "circunscricao": "1º CIRCUNSCRIÇÃO", "zoneamento": null, "condominio": null, "area_geom": 397.24, "cnm": null }, "geometry": { "type": "Polygon", "coordinates": [ [ [ -54.650068, -22.215753 ], [ -54.650254, -22.215545 ], [ -54.650353, -22.215622 ], [ -54.650166, -22.21583 ], [ -54.650068, -22.215753 ] ] ] } },
{ "type": "Feature", "properties": { "id": 117998, "insc_imob": "06.01.34.24.126", "quadra_cartorio": "06", "lote_cartorio": "14", "matricula": null, "circunscricao": "1º CIRCUNSCRIÇÃO", "zoneamento": null, "condominio": null, "area_geom": 397.24, "cnm": null }, "geometry": { "type": "Polygon", "coordinates": [ [ [ -54.649732, -22.216315 ], [ -54.649918, -22.216107 ], [ -54.650017, -22.216184 ], [ -54.649831, -22.216392 ], [ -54.649732, -22.216315 ] ] ] } },
{ "type": "Feature", "properties": { "id": 118051, "insc_imob": "06.01.34.24.139", "quadra_cartorio": "06", "lote_cartorio": "15", "matricula": null, "circunscricao": "1º CIRCUNSCRIÇÃO", "zoneamento": null, "condominio": null, "area_geom": 397.24, "cnm": null }, "geometry": { "type": "Polygon", "coordinates": [ [ [ -54.649831, -22.216392 ], [ -54.650017, -22.216184 ], [ -54.650115, -22.21626 ], [ -54.649929, -22.216468 ], [ -54.649831, -22.216392 ] ] ] } },
{ "type": "Feature", "properties": { "id": 118053, "insc_imob": "06.01.34.24.235", "quadra_cartorio": "06", "lote_cartorio": "20", "matricula": null, "circunscricao": "1º CIRCUNSCRIÇÃO", "zoneamento": null, "condominio": null, "area_geom": 397.24, "cnm": null }, "geometry": { "type": "Polygon", "coordinates": [ [ [ -54.650324, -22.216775 ], [ -54.65051, -22.216566 ], [ -54.650609, -22.216643 ], [ -54.650423, -22.216851 ], [ -54.650324, -22.216775 ] ] ] } },
{ "type": "Feature", "properties": { "id": 118054, "insc_imob": "06.01.34.24.245", "quadra_cartorio": "06", "lote_cartorio": "21", "matricula": null, "circunscricao": "1º CIRCUNSCRIÇÃO", "zoneamento": null, "condominio": null, "area_geom": 529.74, "cnm": null }, "geometry": { "type": "Polygon", "coordinates": [ [ [ -54.650214, -22.216337 ], [ -54.650276, -22.216267 ], [ -54.650671, -22.216574 ], [ -54.650609, -22.216643 ], [ -54.65051, -22.216566 ], [ -54.650412, -22.21649 ], [ -54.650313, -22.216413 ], [ -54.650214, -22.216337 ] ] ] } },
{ "type": "Feature", "properties": { "id": 118055, "insc_imob": "06.01.34.24.255", "quadra_cartorio": "06", "lote_cartorio": "22", "matricula": null, "circunscricao": "1º CIRCUNSCRIÇÃO", "zoneamento": null, "condominio": null, "area_geom": 529.61, "cnm": null }, "geometry": { "type": "Polygon", "coordinates": [ [ [ -54.650276, -22.216267 ], [ -54.650338, -22.216198 ], [ -54.650733, -22.216504 ], [ -54.650671, -22.216574 ], [ -54.650276, -22.216267 ] ] ] } },
{ "type": "Feature", "properties": { "id": 118080, "insc_imob": "06.01.34.24.371", "quadra_cartorio": "06", "lote_cartorio": "05", "matricula": null, "circunscricao": "1º CIRCUNSCRIÇÃO", "zoneamento": null, "condominio": null, "area_geom": 397.23, "cnm": null }, "geometry": { "type": "Polygon", "coordinates": [ [ [ -54.650364, -22.215983 ], [ -54.65055, -22.215775 ], [ -54.650649, -22.215851 ], [ -54.650462, -22.216059 ], [ -54.650364, -22.215983 ] ] ] } },
{ "type": "Feature", "properties": { "id": 118083, "insc_imob": "06.01.34.25.060", "quadra_cartorio": "03", "lote_cartorio": "08", "matricula": null, "circunscricao": "1º CIRCUNSCRIÇÃO", "zoneamento": null, "condominio": null, "area_geom": 616.06, "cnm": null }, "geometry": { "type": "Polygon", "coordinates": [ [ [ -54.649152, -22.215396 ], [ -54.649214, -22.215327 ], [ -54.649219, -22.215331 ], [ -54.649475, -22.215529 ], [ -54.649674, -22.215682 ], [ -54.649612, -22.215752 ], [ -54.649152, -22.215396 ] ] ] } },
{ "type": "Feature", "properties": { "id": 118085, "insc_imob": "06.01.34.25.138", "quadra_cartorio": "03", "lote_cartorio": "12", "matricula": null, "circunscricao": "1º CIRCUNSCRIÇÃO", "zoneamento": null, "condominio": null, "area_geom": 359.75, "cnm": null }, "geometry": { "type": "Polygon", "coordinates": [ [ [ -54.649096, -22.215822 ], [ -54.649281, -22.215613 ], [ -54.649371, -22.215683 ], [ -54.649185, -22.215891 ], [ -54.649096, -22.215822 ] ] ] } },
{ "type": "Feature", "properties": { "id": 118121, "insc_imob": "06.01.34.34.071", "quadra_cartorio": "30 NC", "lote_cartorio": "P/05", "matricula": null, "circunscricao": "1º CIRCUNSCRIÇÃO", "zoneamento": null, "condominio": null, "area_geom": 1597.67, "cnm": null }, "geometry": { "type": "Polygon", "coordinates": [ [ [ -54.65476, -22.216915 ], [ -54.655002, -22.216655 ], [ -54.655038, -22.216688 ], [ -54.654586, -22.217189 ], [ -54.654434, -22.217078 ], [ -54.654448, -22.217056 ], [ -54.654244, -22.2169 ], [ -54.654418, -22.216713 ], [ -54.654691, -22.216925 ], [ -54.65476, -22.216915 ] ] ] } },
{ "type": "Feature", "properties": { "id": 118122, "insc_imob": "06.01.34.34.088", "quadra_cartorio": "30 NC", "lote_cartorio": "P/05", "matricula": null, "circunscricao": "1º CIRCUNSCRIÇÃO", "zoneamento": null, "condominio": null, "area_geom": 481.19, "cnm": null }, "geometry": { "type": "Polygon", "coordinates": [ [ [ -54.654135, -22.217023 ], [ -54.654244, -22.2169 ], [ -54.654448, -22.217056 ], [ -54.654434, -22.217078 ], [ -54.654345, -22.217177 ], [ -54.654135, -22.217023 ] ] ] } },
{ "type": "Feature", "properties": { "id": 118123, "insc_imob": "06.01.34.34.286", "quadra_cartorio": "30 NC", "lote_cartorio": "P/05", "matricula": null, "circunscricao": "1º CIRCUNSCRIÇÃO", "zoneamento": null, "condominio": null, "area_geom": 410.43, "cnm": null }, "geometry": { "type": "Polygon", "coordinates": [ [ [ -54.652892, -22.218389 ], [ -54.653065, -22.218197 ], [ -54.653174, -22.218291 ], [ -54.653001, -22.218474 ], [ -54.652892, -22.218389 ] ] ] } },
{ "type": "Feature", "properties": { "id": 118126, "insc_imob": "06.01.35.11.140", "quadra_cartorio": "31 NC ", "lote_cartorio": "P/01", "matricula": null, "circunscricao": "1º CIRCUNSCRIÇÃO", "zoneamento": null, "condominio": null, "area_geom": 999.34, "cnm": null }, "geometry": { "type": "Polygon", "coordinates": [ [ [ -54.64889, -22.213431 ], [ -54.649016, -22.213294 ], [ -54.649385, -22.213585 ], [ -54.64926, -22.213723 ], [ -54.64889, -22.213431 ] ] ] } },
{ "type": "Feature", "properties": { "id": 119010, "insc_imob": "06.01.24.06.697", "quadra_cartorio": "52NC", "lote_cartorio": "P/32", "matricula": null, "circunscricao": "1º CIRCUNSCRIÇÃO", "zoneamento": null, "condominio": null, "area_geom": 464.63, "cnm": null }, "geometry": { "type": "Polygon", "coordinates": [ [ [ -54.651254, -22.212151 ], [ -54.651507, -22.211869 ], [ -54.6516, -22.211923 ], [ -54.651337, -22.212216 ], [ -54.651254, -22.212151 ] ] ] } },
{ "type": "Feature", "properties": { "id": 119036, "insc_imob": "06.01.24.13.029", "quadra_cartorio": "04", "lote_cartorio": "04", "matricula": null, "circunscricao": "1º CIRCUNSCRIÇÃO", "zoneamento": null, "condominio": null, "area_geom": 374.74, "cnm": null }, "geometry": { "type": "Polygon", "coordinates": [ [ [ -54.653856, -22.213825 ], [ -54.653934, -22.213739 ], [ -54.654157, -22.213912 ], [ -54.65408, -22.213999 ], [ -54.653856, -22.213825 ] ] ] } },
{ "type": "Feature", "properties": { "id": 119037, "insc_imob": "06.01.24.13.042", "quadra_cartorio": "04", "lote_cartorio": "03", "matricula": null, "circunscricao": "1º CIRCUNSCRIÇÃO", "zoneamento": null, "condominio": null, "area_geom": 374.73, "cnm": null }, "geometry": { "type": "Polygon", "coordinates": [ [ [ -54.653779, -22.213912 ], [ -54.653856, -22.213825 ], [ -54.65408, -22.213999 ], [ -54.654002, -22.214085 ], [ -54.653779, -22.213912 ] ] ] } },
{ "type": "Feature", "properties": { "id": 119039, "insc_imob": "06.01.24.13.110", "quadra_cartorio": "04", "lote_cartorio": "01", "matricula": null, "circunscricao": "1º CIRCUNSCRIÇÃO", "zoneamento": null, "condominio": null, "area_geom": 332.47, "cnm": null }, "geometry": { "type": "Polygon", "coordinates": [ [ [ -54.653557, -22.214164 ], [ -54.653623, -22.214085 ], [ -54.653847, -22.214259 ], [ -54.65378, -22.214337 ], [ -54.653557, -22.214164 ] ] ] } },
{ "type": "Feature", "properties": { "id": 119158, "insc_imob": "06.01.15.21.377", "quadra_cartorio": null, "lote_cartorio": "P/24", "matricula": null, "circunscricao": "1º CIRCUNSCRIÇÃO", "zoneamento": null, "condominio": null, "area_geom": 419.8, "cnm": null }, "geometry": { "type": "Polygon", "coordinates": [ [ [ -54.654028, -22.203658 ], [ -54.654264, -22.203431 ], [ -54.654347, -22.203506 ], [ -54.654201, -22.203647 ], [ -54.654112, -22.203734 ], [ -54.654028, -22.203658 ] ] ] } },
{ "type": "Feature", "properties": { "id": 119568, "insc_imob": "06.01.34.34.044", "quadra_cartorio": "30 NC", "lote_cartorio": "P/05", "matricula": null, "circunscricao": "1º CIRCUNSCRIÇÃO", "zoneamento": null, "condominio": null, "area_geom": 1807.24, "cnm": null }, "geometry": { "type": "Polygon", "coordinates": [ [ [ -54.654418, -22.216713 ], [ -54.654696, -22.216409 ], [ -54.655002, -22.216655 ], [ -54.65476, -22.216915 ], [ -54.654691, -22.216925 ], [ -54.654418, -22.216713 ] ] ] } },
{ "type": "Feature", "properties": { "id": 120767, "insc_imob": "06.01.24.04.119", "quadra_cartorio": "02", "lote_cartorio": "14", "matricula": null, "circunscricao": "1º CIRCUNSCRIÇÃO", "zoneamento": null, "condominio": null, "area_geom": 679.61, "cnm": null }, "geometry": { "type": "Polygon", "coordinates": [ [ [ -54.652216, -22.214314 ], [ -54.652075, -22.214204 ], [ -54.652298, -22.213955 ], [ -54.652439, -22.214064 ], [ -54.652216, -22.214314 ] ] ] } },
{ "type": "Feature", "properties": { "id": 722, "insc_imob": "06.01.25.01.482", "quadra_cartorio": null, "lote_cartorio": "P/26", "matricula": null, "circunscricao": "1º CIRCUNSCRIÇÃO", "zoneamento": null, "condominio": null, "area_geom": 368.2, "cnm": null }, "geometry": { "type": "Polygon", "coordinates": [ [ [ -54.64873, -22.211604 ], [ -54.648891, -22.211401 ], [ -54.649002, -22.211451 ], [ -54.648823, -22.211677 ], [ -54.64873, -22.211604 ] ] ] } },
{ "type": "Feature", "properties": { "id": 1467, "insc_imob": "06.01.25.01.919", "quadra_cartorio": null, "lote_cartorio": "P/26", "matricula": null, "circunscricao": "1º CIRCUNSCRIÇÃO", "zoneamento": null, "condominio": null, "area_geom": 3163.02, "cnm": null }, "geometry": { "type": "Polygon", "coordinates": [ [ [ -54.65015, -22.210686 ], [ -54.650327, -22.210166 ], [ -54.650618, -22.21024 ], [ -54.650899, -22.210311 ], [ -54.650843, -22.210465 ], [ -54.650739, -22.210748 ], [ -54.650306, -22.210611 ], [ -54.650268, -22.210714 ], [ -54.650258, -22.210742 ], [ -54.65015, -22.210686 ] ] ] } },
{ "type": "Feature", "properties": { "id": 4461, "insc_imob": "06.01.34.24.040", "quadra_cartorio": null, "lote_cartorio": "09", "matricula": null, "circunscricao": "1º CIRCUNSCRIÇÃO", "zoneamento": null, "condominio": null, "area_geom": 530.03, "cnm": null }, "geometry": { "type": "Polygon", "coordinates": [ [ [ -54.650006, -22.215822 ], [ -54.650068, -22.215753 ], [ -54.650166, -22.21583 ], [ -54.650265, -22.215906 ], [ -54.650364, -22.215983 ], [ -54.650462, -22.216059 ], [ -54.6504, -22.216129 ], [ -54.650006, -22.215822 ] ] ] } },
{ "type": "Feature", "properties": { "id": 5296, "insc_imob": "06.01.34.26.165", "quadra_cartorio": null, "lote_cartorio": "15", "matricula": null, "circunscricao": "1º CIRCUNSCRIÇÃO", "zoneamento": null, "condominio": null, "area_geom": 389.97, "cnm": null }, "geometry": { "type": "Polygon", "coordinates": [ [ [ -54.648613, -22.215457 ], [ -54.648799, -22.215248 ], [ -54.648896, -22.215324 ], [ -54.64871, -22.215532 ], [ -54.648613, -22.215457 ] ] ] } },
{ "type": "Feature", "properties": { "id": 5297, "insc_imob": "06.01.24.03.025", "quadra_cartorio": null, "lote_cartorio": "06", "matricula": null, "circunscricao": "1º CIRCUNSCRIÇÃO", "zoneamento": null, "condominio": null, "area_geom": 372.24, "cnm": null }, "geometry": { "type": "Polygon", "coordinates": [ [ [ -54.653324, -22.214424 ], [ -54.653402, -22.214338 ], [ -54.653625, -22.214511 ], [ -54.653548, -22.214596 ], [ -54.653324, -22.214424 ] ] ] } },
{ "type": "Feature", "properties": { "id": 5821, "insc_imob": "06.01.25.01.678", "quadra_cartorio": null, "lote_cartorio": "P/26", "matricula": null, "circunscricao": "1º CIRCUNSCRIÇÃO", "zoneamento": null, "condominio": null, "area_geom": 442.81, "cnm": null }, "geometry": { "type": "Polygon", "coordinates": [ [ [ -54.64985, -22.212333 ], [ -54.649918, -22.212187 ], [ -54.650147, -22.212367 ], [ -54.65011, -22.212469 ], [ -54.64985, -22.212333 ] ] ] } },
{ "type": "Feature", "properties": { "id": 6222, "insc_imob": "06.01.24.14.158", "quadra_cartorio": null, "lote_cartorio": "07", "matricula": null, "circunscricao": "1º CIRCUNSCRIÇÃO", "zoneamento": null, "condominio": null, "area_geom": 403.18, "cnm": null }, "geometry": { "type": "Polygon", "coordinates": [ [ [ -54.653342, -22.213882 ], [ -54.65355, -22.213649 ], [ -54.65364, -22.213718 ], [ -54.653431, -22.213951 ], [ -54.653342, -22.213882 ] ] ] } },
{ "type": "Feature", "properties": { "id": 6712, "insc_imob": "06.01.24.06.615", "quadra_cartorio": null, "lote_cartorio": "P/32", "matricula": null, "circunscricao": "1º CIRCUNSCRIÇÃO", "zoneamento": null, "condominio": null, "area_geom": 378.03, "cnm": null }, "geometry": { "type": "Polygon", "coordinates": [ [ [ -54.651113, -22.212498 ], [ -54.651299, -22.21229 ], [ -54.651393, -22.212363 ], [ -54.651207, -22.212571 ], [ -54.651113, -22.212498 ] ] ] } },
{ "type": "Feature", "properties": { "id": 6719, "insc_imob": "06.01.34.05.130", "quadra_cartorio": null, "lote_cartorio": "11", "matricula": null, "circunscricao": "1º CIRCUNSCRIÇÃO", "zoneamento": null, "condominio": null, "area_geom": 359.03, "cnm": null }, "geometry": { "type": "Polygon", "coordinates": [ [ [ -54.650473, -22.214239 ], [ -54.650658, -22.214031 ], [ -54.650748, -22.2141 ], [ -54.650561, -22.214308 ], [ -54.650473, -22.214239 ] ] ] } },
{ "type": "Feature", "properties": { "id": 8438, "insc_imob": "06.01.34.03.141", "quadra_cartorio": null, "lote_cartorio": null, "matricula": null, "circunscricao": "1º CIRCUNSCRIÇÃO", "zoneamento": null, "condominio": null, "area_geom": 1440.0, "cnm": null }, "geometry": { "type": "Polygon", "coordinates": [ [ [ -54.65192, -22.215353 ], [ -54.652106, -22.215145 ], [ -54.652463, -22.215422 ], [ -54.652277, -22.21563 ], [ -54.65192, -22.215353 ] ] ] } },
{ "type": "Feature", "properties": { "id": 9884, "insc_imob": "06.01.24.06.081", "quadra_cartorio": null, "lote_cartorio": "P/37", "matricula": null, "circunscricao": "1º CIRCUNSCRIÇÃO", "zoneamento": null, "condominio": null, "area_geom": 878.32, "cnm": null }, "geometry": { "type": "Polygon", "coordinates": [ [ [ -54.650871, -22.210968 ], [ -54.650934, -22.210794 ], [ -54.651385, -22.211026 ], [ -54.651341, -22.211139 ], [ -54.650871, -22.210968 ] ] ] } },
{ "type": "Feature", "properties": { "id": 9901, "insc_imob": "06.01.24.06.110", "quadra_cartorio": null, "lote_cartorio": "P/37", "matricula": null, "circunscricao": "1º CIRCUNSCRIÇÃO", "zoneamento": null, "condominio": null, "area_geom": 1694.2, "cnm": null }, "geometry": { "type": "Polygon", "coordinates": [ [ [ -54.652046, -22.211351 ], [ -54.65232, -22.210678 ], [ -54.652512, -22.210743 ], [ -54.652224, -22.211441 ], [ -54.652046, -22.211351 ] ] ] } },
{ "type": "Feature", "properties": { "id": 9956, "insc_imob": "06.01.24.06.218", "quadra_cartorio": null, "lote_cartorio": "P/37", "matricula": null, "circunscricao": "1º CIRCUNSCRIÇÃO", "zoneamento": null, "condominio": null, "area_geom": 436.68, "cnm": null }, "geometry": { "type": "Polygon", "coordinates": [ [ [ -54.650458, -22.212117 ], [ -54.650495, -22.212014 ], [ -54.650757, -22.212133 ], [ -54.650825, -22.212164 ], [ -54.65076, -22.212256 ], [ -54.650458, -22.212117 ] ] ] } },
{ "type": "Feature", "properties": { "id": 9957, "insc_imob": "06.01.24.06.230", "quadra_cartorio": null, "lote_cartorio": "P/37", "matricula": null, "circunscricao": "1º CIRCUNSCRIÇÃO", "zoneamento": null, "condominio": null, "area_geom": 519.26, "cnm": null }, "geometry": { "type": "Polygon", "coordinates": [ [ [ -54.65042, -22.212224 ], [ -54.650458, -22.212117 ], [ -54.65076, -22.212256 ], [ -54.650837, -22.212285 ], [ -54.650802, -22.21239 ], [ -54.650685, -22.212339 ], [ -54.65042, -22.212224 ] ] ] } },
{ "type": "Feature", "properties": { "id": 9958, "insc_imob": "06.01.24.06.243", "quadra_cartorio": null, "lote_cartorio": "P/37", "matricula": null, "circunscricao": "1º CIRCUNSCRIÇÃO", "zoneamento": null, "condominio": null, "area_geom": 388.46, "cnm": null }, "geometry": { "type": "Polygon", "coordinates": [ [ [ -54.650381, -22.212331 ], [ -54.65042, -22.212224 ], [ -54.650685, -22.212339 ], [ -54.650643, -22.212454 ], [ -54.650381, -22.212331 ] ] ] } },
{ "type": "Feature", "properties": { "id": 9977, "insc_imob": "06.01.24.06.348", "quadra_cartorio": null, "lote_cartorio": "P/43", "matricula": null, "circunscricao": "1º CIRCUNSCRIÇÃO", "zoneamento": null, "condominio": null, "area_geom": 288.56, "cnm": null }, "geometry": { "type": "Polygon", "coordinates": [ [ [ -54.650542, -22.213028 ], [ -54.650704, -22.212846 ], [ -54.650787, -22.212911 ], [ -54.650627, -22.213089 ], [ -54.650542, -22.213028 ] ] ] } },
{ "type": "Feature", "properties": { "id": 11383, "insc_imob": "06.01.15.22.110", "quadra_cartorio": null, "lote_cartorio": null, "matricula": null, "circunscricao": "1º CIRCUNSCRIÇÃO", "zoneamento": null, "condominio": null, "area_geom": 100.0, "cnm": null }, "geometry": { "type": "Polygon", "coordinates": [ [ [ -54.653456, -22.203301 ], [ -54.653524, -22.203235 ], [ -54.653593, -22.203298 ], [ -54.653526, -22.203363 ], [ -54.653456, -22.203301 ] ] ] } },
{ "type": "Feature", "properties": { "id": 11659, "insc_imob": "06.01.34.24.113", "quadra_cartorio": null, "lote_cartorio": null, "matricula": null, "circunscricao": "1º CIRCUNSCRIÇÃO", "zoneamento": null, "condominio": null, "area_geom": 397.49, "cnm": null }, "geometry": { "type": "Polygon", "coordinates": [ [ [ -54.649633, -22.216239 ], [ -54.649819, -22.21603 ], [ -54.649918, -22.216107 ], [ -54.649732, -22.216315 ], [ -54.649633, -22.216239 ] ] ] } },
{ "type": "Feature", "properties": { "id": 12698, "insc_imob": "06.01.14.01.015", "quadra_cartorio": null, "lote_cartorio": "P/33", "matricula": null, "circunscricao": "1º CIRCUNSCRIÇÃO", "zoneamento": null, "condominio": null, "area_geom": 510.18, "cnm": null }, "geometry": { "type": "Polygon", "coordinates": [ [ [ -54.653421, -22.20598 ], [ -54.653521, -22.205881 ], [ -54.653754, -22.206098 ], [ -54.653654, -22.206197 ], [ -54.653421, -22.20598 ] ] ] } },
{ "type": "Feature", "properties": { "id": 13057, "insc_imob": "06.01.34.11.030", "quadra_cartorio": null, "lote_cartorio": null, "matricula": null, "circunscricao": "1º CIRCUNSCRIÇÃO", "zoneamento": null, "condominio": null, "area_geom": 4459.35, "cnm": null }, "geometry": { "type": "Polygon", "coordinates": [ [ [ -54.652952, -22.217466 ], [ -54.653573, -22.216772 ], [ -54.653757, -22.216916 ], [ -54.653652, -22.217033 ], [ -54.653831, -22.217172 ], [ -54.653313, -22.217746 ], [ -54.652952, -22.217466 ] ] ] } },
{ "type": "Feature", "properties": { "id": 13250, "insc_imob": "06.01.15.21.018", "quadra_cartorio": null, "lote_cartorio": "06", "matricula": null, "circunscricao": "1º CIRCUNSCRIÇÃO", "zoneamento": null, "condominio": null, "area_geom": 898.45, "cnm": null }, "geometry": { "type": "Polygon", "coordinates": [ [ [ -54.654112, -22.203734 ], [ -54.654201, -22.203647 ], [ -54.654376, -22.203803 ], [ -54.65447, -22.203888 ], [ -54.65455, -22.20396 ], [ -54.654429, -22.204076 ], [ -54.654269, -22.203933 ], [ -54.654175, -22.203849 ], [ -54.65408, -22.203764 ], [ -54.654112, -22.203734 ] ] ] } },
{ "type": "Feature", "properties": { "id": 13251, "insc_imob": "06.01.24.06.096", "quadra_cartorio": null, "lote_cartorio": "P/37", "matricula": null, "circunscricao": "1º CIRCUNSCRIÇÃO", "zoneamento": null, "condominio": null, "area_geom": 788.03, "cnm": null }, "geometry": { "type": "Polygon", "coordinates": [ [ [ -54.650826, -22.211095 ], [ -54.650871, -22.210968 ], [ -54.651341, -22.211139 ], [ -54.651277, -22.21127 ], [ -54.650826, -22.211095 ] ] ] } },
{ "type": "Feature", "properties": { "id": 106287, "insc_imob": "06.01.34.11.285", "quadra_cartorio": null, "lote_cartorio": null, "matricula": null, "circunscricao": "1º CIRCUNSCRIÇÃO", "zoneamento": null, "condominio": null, "area_geom": 409.23, "cnm": null }, "geometry": { "type": "Polygon", "coordinates": [ [ [ -54.653652, -22.217033 ], [ -54.653757, -22.216916 ], [ -54.653937, -22.217055 ], [ -54.653831, -22.217172 ], [ -54.653652, -22.217033 ] ] ] } },
{ "type": "Feature", "properties": { "id": 116418, "insc_imob": "06.01.24.04.036", "quadra_cartorio": null, "lote_cartorio": "11", "matricula": null, "circunscricao": "1º CIRCUNSCRIÇÃO", "zoneamento": null, "condominio": null, "area_geom": 680.03, "cnm": null }, "geometry": { "type": "Polygon", "coordinates": [ [ [ -54.652472, -22.21376 ], [ -54.652696, -22.213511 ], [ -54.652836, -22.21362 ], [ -54.652613, -22.21387 ], [ -54.652472, -22.21376 ] ] ] } },
{ "type": "Feature", "properties": { "id": 116419, "insc_imob": "06.01.24.04.050", "quadra_cartorio": null, "lote_cartorio": "12", "matricula": null, "circunscricao": "1º CIRCUNSCRIÇÃO", "zoneamento": null, "condominio": null, "area_geom": 720.27, "cnm": null }, "geometry": { "type": "Polygon", "coordinates": [ [ [ -54.652385, -22.213858 ], [ -54.652472, -22.21376 ], [ -54.652613, -22.21387 ], [ -54.652702, -22.213939 ], [ -54.652792, -22.214008 ], [ -54.652811, -22.214024 ], [ -54.652855, -22.214058 ], [ -54.652768, -22.214155 ], [ -54.652385, -22.213858 ] ] ] } },
{ "type": "Feature", "properties": { "id": 116432, "insc_imob": "06.01.24.04.131", "quadra_cartorio": null, "lote_cartorio": "15", "matricula": null, "circunscricao": "1º CIRCUNSCRIÇÃO", "zoneamento": null, "condominio": null, "area_geom": 432.01, "cnm": null }, "geometry": { "type": "Polygon", "coordinates": [ [ [ -54.652216, -22.214314 ], [ -54.652439, -22.214064 ], [ -54.652528, -22.214133 ], [ -54.652305, -22.214383 ], [ -54.652216, -22.214314 ] ] ] } },
{ "type": "Feature", "properties": { "id": 116433, "insc_imob": "06.01.24.04.143", "quadra_cartorio": null, "lote_cartorio": "16", "matricula": null, "circunscricao": "1º CIRCUNSCRIÇÃO", "zoneamento": null, "condominio": null, "area_geom": 432.0, "cnm": null }, "geometry": { "type": "Polygon", "coordinates": [ [ [ -54.652305, -22.214383 ], [ -54.652528, -22.214133 ], [ -54.652618, -22.214202 ], [ -54.652394, -22.214452 ], [ -54.652305, -22.214383 ] ] ] } },
{ "type": "Feature", "properties": { "id": 116439, "insc_imob": "06.01.24.04.387", "quadra_cartorio": null, "lote_cartorio": "10", "matricula": null, "circunscricao": "1º CIRCUNSCRIÇÃO", "zoneamento": null, "condominio": null, "area_geom": 431.97, "cnm": null }, "geometry": { "type": "Polygon", "coordinates": [ [ [ -54.652613, -22.21387 ], [ -54.652836, -22.21362 ], [ -54.652926, -22.213689 ], [ -54.652702, -22.213939 ], [ -54.652613, -22.21387 ] ] ] } },
{ "type": "Feature", "properties": { "id": 54495, "insc_imob": "06.01.35.01.758", "quadra_cartorio": null, "lote_cartorio": "P/01", "matricula": "30302-1RI", "circunscricao": "1º CIRCUNSCRIÇÃO", "zoneamento": null, "condominio": null, "area_geom": 441.69, "cnm": "062661.2.0030302-62" }, "geometry": { "type": "Polygon", "coordinates": [ [ [ -54.649769, -22.212972 ], [ -54.649955, -22.212764 ], [ -54.650067, -22.212851 ], [ -54.649877, -22.213055 ], [ -54.649769, -22.212972 ] ] ] } },
{ "type": "Feature", "properties": { "id": 118124, "insc_imob": "06.01.35.01.626", "quadra_cartorio": null, "lote_cartorio": "P/01", "matricula": "32095-1RI", "circunscricao": "1º CIRCUNSCRIÇÃO", "zoneamento": null, "condominio": null, "area_geom": 20959.63, "cnm": "062661.2.0032095-18" }, "geometry": { "type": "Polygon", "coordinates": [ [ [ -54.64736, -22.211867 ], [ -54.647763, -22.211416 ], [ -54.647763, -22.211416 ], [ -54.647856, -22.211488 ], [ -54.647807, -22.211543 ], [ -54.648477, -22.212064 ], [ -54.648713, -22.2118 ], [ -54.649881, -22.212706 ], [ -54.649695, -22.212914 ], [ -54.649658, -22.212885 ], [ -54.649583, -22.212968 ], [ -54.649807, -22.213142 ], [ -54.649662, -22.2133 ], [ -54.649381, -22.213082 ], [ -54.649195, -22.21329 ], [ -54.64736, -22.211867 ] ] ] } },
{ "type": "Feature", "properties": { "id": 124729, "insc_imob": "06.01.35.01.773", "quadra_cartorio": "31", "lote_cartorio": "01", "matricula": "45634-1RI", "circunscricao": null, "zoneamento": null, "condominio": null, "area_geom": 299.8, "cnm": "062661.2.0045634-44" }, "geometry": { "type": "Polygon", "coordinates": [ [ [ -54.649955, -22.212764 ], [ -54.649769, -22.212972 ], [ -54.649695, -22.212914 ], [ -54.649881, -22.212706 ], [ -54.649955, -22.212764 ] ] ] } },
{ "type": "Feature", "properties": { "id": 124731, "insc_imob": "06.01.35.01.400", "quadra_cartorio": "31", "lote_cartorio": "P/01", "matricula": "16646-1RI", "circunscricao": null, "zoneamento": null, "condominio": null, "area_geom": 3419.2, "cnm": "062661.2.0016646-96" }, "geometry": { "type": "Polygon", "coordinates": [ [ [ -54.648713, -22.2118 ], [ -54.648477, -22.212064 ], [ -54.648477, -22.212064 ], [ -54.647807, -22.211543 ], [ -54.648043, -22.21128 ], [ -54.648713, -22.2118 ] ] ] } },
{ "type": "Feature", "properties": { "id": 124730, "insc_imob": "06.01.35.01.728", "quadra_cartorio": "31", "lote_cartorio": "P/01", "matricula": "25470-1RI", "circunscricao": null, "zoneamento": null, "condominio": null, "area_geom": 354.02, "cnm": "062661.2.0025470-08" }, "geometry": { "type": "Polygon", "coordinates": [ [ [ -54.649877, -22.213055 ], [ -54.649803, -22.213139 ], [ -54.649583, -22.212968 ], [ -54.649583, -22.212968 ], [ -54.649658, -22.212885 ], [ -54.649877, -22.213055 ] ] ] } },
{ "type": "Feature", "properties": { "id": 124732, "insc_imob": "06.01.35.01.490", "quadra_cartorio": null, "lote_cartorio": "P/01", "matricula": "31436-1RI", "circunscricao": null, "zoneamento": null, "condominio": null, "area_geom": 375.0, "cnm": "062661.2.0031436-55" }, "geometry": { "type": "Polygon", "coordinates": [ [ [ -54.648043, -22.21128 ], [ -54.647856, -22.211488 ], [ -54.647763, -22.211416 ], [ -54.647949, -22.211208 ], [ -54.648043, -22.21128 ] ] ] } },
{ "type": "Feature", "properties": { "id": 118125, "insc_imob": "06.01.35.01.695", "quadra_cartorio": null, "lote_cartorio": "P/01", "matricula": "64032-1RI", "circunscricao": "1º CIRCUNSCRIÇÃO", "zoneamento": null, "condominio": null, "area_geom": 1136.55, "cnm": "062661.2.0064032-43" }, "geometry": { "type": "Polygon", "coordinates": [ [ [ -54.649195, -22.21329 ], [ -54.649381, -22.213082 ], [ -54.649662, -22.2133 ], [ -54.649478, -22.213509 ], [ -54.649195, -22.21329 ] ] ] } },
{ "type": "Feature", "properties": { "id": 8435, "insc_imob": "06.01.24.04.327", "quadra_cartorio": null, "lote_cartorio": "05", "matricula": "TR-34157", "circunscricao": "1º CIRCUNSCRIÇÃO", "zoneamento": null, "condominio": null, "area_geom": 431.99, "cnm": null }, "geometry": { "type": "Polygon", "coordinates": [ [ [ -54.65306, -22.214216 ], [ -54.653283, -22.213967 ], [ -54.653373, -22.214036 ], [ -54.653149, -22.214286 ], [ -54.65306, -22.214216 ] ] ] } },
{ "type": "Feature", "properties": { "id": 9885, "insc_imob": "06.01.24.06.089", "quadra_cartorio": null, "lote_cartorio": "DATA 09", "matricula": "TR-31907", "circunscricao": "1º CIRCUNSCRIÇÃO", "zoneamento": null, "condominio": null, "area_geom": 2673.89, "cnm": null }, "geometry": { "type": "Polygon", "coordinates": [ [ [ -54.652224, -22.211441 ], [ -54.652512, -22.210743 ], [ -54.652784, -22.210834 ], [ -54.652473, -22.211632 ], [ -54.652313, -22.211486 ], [ -54.652224, -22.211441 ] ] ] } },
{ "type": "Feature", "properties": { "id": 97979, "insc_imob": "06.01.15.11.039", "quadra_cartorio": null, "lote_cartorio": "14", "matricula": "TR-48992", "circunscricao": "1º CIRCUNSCRIÇÃO", "zoneamento": null, "condominio": null, "area_geom": 383.07, "cnm": null }, "geometry": { "type": "Polygon", "coordinates": [ [ [ -54.653463, -22.204379 ], [ -54.653549, -22.204296 ], [ -54.653759, -22.204484 ], [ -54.653673, -22.204567 ], [ -54.653463, -22.204379 ] ] ] } },
{ "type": "Feature", "properties": { "id": 97981, "insc_imob": "06.01.15.11.190", "quadra_cartorio": null, "lote_cartorio": "P/01", "matricula": "TR-25170", "circunscricao": "1º CIRCUNSCRIÇÃO", "zoneamento": null, "condominio": null, "area_geom": 375.66, "cnm": null }, "geometry": { "type": "Polygon", "coordinates": [ [ [ -54.653384, -22.205268 ], [ -54.653586, -22.205073 ], [ -54.653674, -22.205152 ], [ -54.653586, -22.205236 ], [ -54.653472, -22.205347 ], [ -54.653384, -22.205268 ] ] ] } },
{ "type": "Feature", "properties": { "id": 111203, "insc_imob": "06.01.24.34.534", "quadra_cartorio": null, "lote_cartorio": "P/32", "matricula": "TR-22180", "circunscricao": "1º CIRCUNSCRIÇÃO", "zoneamento": null, "condominio": null, "area_geom": 21963.25, "cnm": null }, "geometry": { "type": "Polygon", "coordinates": [ [ [ -54.653959, -22.21175 ], [ -54.654252, -22.211671 ], [ -54.655206, -22.212533 ], [ -54.654482, -22.213395 ], [ -54.654404, -22.213447 ], [ -54.654032, -22.213477 ], [ -54.65342, -22.213024 ], [ -54.65389, -22.21182 ], [ -54.653936, -22.211757 ], [ -54.653959, -22.21175 ] ] ] } },
{ "type": "Feature", "properties": { "id": 116438, "insc_imob": "06.01.24.04.339", "quadra_cartorio": null, "lote_cartorio": "06", "matricula": "TR-34157", "circunscricao": "1º CIRCUNSCRIÇÃO", "zoneamento": null, "condominio": null, "area_geom": 431.99, "cnm": null }, "geometry": { "type": "Polygon", "coordinates": [ [ [ -54.65297, -22.214147 ], [ -54.653194, -22.213897 ], [ -54.653283, -22.213967 ], [ -54.65306, -22.214216 ], [ -54.653008, -22.214176 ], [ -54.65297, -22.214147 ] ] ] } },
{ "type": "Feature", "properties": { "id": 116629, "insc_imob": "06.01.24.36.220", "quadra_cartorio": null, "lote_cartorio": "20E", "matricula": "68494-MÃE", "circunscricao": "1º CIRCUNSCRIÇÃO", "zoneamento": null, "condominio": null, "area_geom": 376.4, "cnm": "062661.2.0068494-43" }, "geometry": { "type": "Polygon", "coordinates": [ [ [ -54.651152, -22.210146 ], [ -54.651194, -22.21004 ], [ -54.651464, -22.210139 ], [ -54.651422, -22.210245 ], [ -54.651152, -22.210146 ] ] ] } },
{ "type": "Feature", "properties": { "id": 52750, "insc_imob": "06.01.24.34.072", "quadra_cartorio": null, "lote_cartorio": "37A", "matricula": "95260", "circunscricao": "1º CIRCUNSCRIÇÃO", "zoneamento": null, "condominio": null, "area_geom": 368.76, "cnm": "062661.2.0095260-61" }, "geometry": { "type": "Polygon", "coordinates": [ [ [ -54.654084, -22.211353 ], [ -54.654134, -22.211478 ], [ -54.653878, -22.211547 ], [ -54.653837, -22.211445 ], [ -54.654084, -22.211353 ] ] ] } },
{ "type": "Feature", "properties": { "id": 52751, "insc_imob": "06.01.24.36.403", "quadra_cartorio": "52 NC ", "lote_cartorio": "P/32", "matricula": "5756", "circunscricao": "1º CIRCUNSCRIÇÃO", "zoneamento": null, "condominio": null, "area_geom": 333.76, "cnm": "062661.2.0005756-77" }, "geometry": { "type": "Polygon", "coordinates": [ [ [ -54.652559, -22.210468 ], [ -54.6526, -22.210371 ], [ -54.652863, -22.210467 ], [ -54.65282, -22.210563 ], [ -54.652659, -22.210504 ], [ -54.652559, -22.210468 ] ] ] } },
{ "type": "Feature", "properties": { "id": 52083, "insc_imob": "06.01.24.04.363", "quadra_cartorio": "02", "lote_cartorio": "08", "matricula": "36255", "circunscricao": "1º CIRCUNSCRIÇÃO", "zoneamento": null, "condominio": null, "area_geom": 431.69, "cnm": "062661.2.0036255-51" }, "geometry": { "type": "Polygon", "coordinates": [ [ [ -54.652792, -22.214008 ], [ -54.653015, -22.213759 ], [ -54.653104, -22.213828 ], [ -54.652881, -22.214078 ], [ -54.652855, -22.214058 ], [ -54.652811, -22.214024 ], [ -54.652792, -22.214008 ] ] ] } },
{ "type": "Feature", "properties": { "id": 52752, "insc_imob": "06.01.24.46.146", "quadra_cartorio": "02", "lote_cartorio": "08", "matricula": "38619", "circunscricao": "1º CIRCUNSCRIÇÃO", "zoneamento": null, "condominio": null, "area_geom": 361.97, "cnm": "062661.2.0038619-40" }, "geometry": { "type": "Polygon", "coordinates": [ [ [ -54.652455, -22.209921 ], [ -54.652553, -22.209665 ], [ -54.652663, -22.209701 ], [ -54.652564, -22.209958 ], [ -54.652455, -22.209921 ] ] ] } },
{ "type": "Feature", "properties": { "id": 52753, "insc_imob": "06.01.34.15.173", "quadra_cartorio": "03", "lote_cartorio": "07", "matricula": "TR-45200", "circunscricao": "1º CIRCUNSCRIÇÃO", "zoneamento": null, "condominio": null, "area_geom": 389.72, "cnm": null }, "geometry": { "type": "Polygon", "coordinates": [ [ [ -54.650041, -22.215236 ], [ -54.650228, -22.215028 ], [ -54.650325, -22.215103 ], [ -54.650138, -22.215311 ], [ -54.650041, -22.215236 ] ] ] } },
{ "type": "Feature", "properties": { "id": 53261, "insc_imob": "06.01.24.46.170", "quadra_cartorio": "02", "lote_cartorio": "10", "matricula": "105669", "circunscricao": "1º CIRCUNSCRIÇÃO", "zoneamento": null, "condominio": null, "area_geom": 364.77, "cnm": "062661.2.0105669-68" }, "geometry": { "type": "Polygon", "coordinates": [ [ [ -54.652673, -22.209995 ], [ -54.652772, -22.209737 ], [ -54.652882, -22.209773 ], [ -54.652783, -22.210032 ], [ -54.652673, -22.209995 ] ] ] } },
{ "type": "Feature", "properties": { "id": 53290, "insc_imob": "06.01.34.03.052", "quadra_cartorio": "01", "lote_cartorio": "10", "matricula": "13860", "circunscricao": "1º CIRCUNSCRIÇÃO", "zoneamento": null, "condominio": null, "area_geom": 555.13, "cnm": "062661.2.0013860-15" }, "geometry": { "type": "Polygon", "coordinates": [ [ [ -54.652175, -22.215068 ], [ -54.652244, -22.214991 ], [ -54.652616, -22.21528 ], [ -54.652547, -22.215357 ], [ -54.652175, -22.215068 ] ] ] } },
{ "type": "Feature", "properties": { "id": 53437, "insc_imob": "06.01.34.01.248", "quadra_cartorio": "06", "lote_cartorio": "01", "matricula": "15657", "circunscricao": "1º CIRCUNSCRIÇÃO", "zoneamento": null, "condominio": null, "area_geom": 355.3, "cnm": "062661.2.0015657-56" }, "geometry": { "type": "Polygon", "coordinates": [ [ [ -54.654314, -22.216465 ], [ -54.6545, -22.216257 ], [ -54.654589, -22.216326 ], [ -54.654402, -22.216534 ], [ -54.654314, -22.216465 ] ] ] } },
{ "type": "Feature", "properties": { "id": 53810, "insc_imob": "06.01.34.26.218", "quadra_cartorio": "02", "lote_cartorio": "17", "matricula": "57610", "circunscricao": "1º CIRCUNSCRIÇÃO", "zoneamento": null, "condominio": null, "area_geom": 389.79, "cnm": "062661.2.0057610-06" }, "geometry": { "type": "Polygon", "coordinates": [ [ [ -54.648702, -22.215173 ], [ -54.648764, -22.215104 ], [ -54.649055, -22.215329 ], [ -54.648993, -22.215399 ], [ -54.648896, -22.215324 ], [ -54.648799, -22.215248 ], [ -54.648702, -22.215173 ] ] ] } },
{ "type": "Feature", "properties": { "id": 61444, "insc_imob": "06.01.24.15.114", "quadra_cartorio": "06", "lote_cartorio": "01", "matricula": "25220", "circunscricao": "1º CIRCUNSCRIÇÃO", "zoneamento": null, "condominio": null, "area_geom": 480.22, "cnm": "062661.2.0025220-79" }, "geometry": { "type": "Polygon", "coordinates": [ [ [ -54.651945, -22.212778 ], [ -54.652168, -22.212528 ], [ -54.652268, -22.212605 ], [ -54.652044, -22.212855 ], [ -54.651945, -22.212778 ] ] ] } },
{ "type": "Feature", "properties": { "id": 61446, "insc_imob": "06.01.34.22.230", "quadra_cartorio": null, "lote_cartorio": "03S", "matricula": "134776", "circunscricao": "1º CIRCUNSCRIÇÃO", "zoneamento": null, "condominio": null, "area_geom": 379.75, "cnm": "062661.2.0134776-47" }, "geometry": { "type": "Polygon", "coordinates": [ [ [ -54.652515, -22.217734 ], [ -54.65229, -22.217557 ], [ -54.652368, -22.217471 ], [ -54.652593, -22.217648 ], [ -54.652515, -22.217734 ] ] ] } },
{ "type": "Feature", "properties": { "id": 61970, "insc_imob": "06.01.34.22.113", "quadra_cartorio": "30", "lote_cartorio": "07B", "matricula": "95165", "circunscricao": "1º CIRCUNSCRIÇÃO", "zoneamento": null, "condominio": null, "area_geom": 399.36, "cnm": "062661.2.0095165-55" }, "geometry": { "type": "Polygon", "coordinates": [ [ [ -54.651474, -22.217505 ], [ -54.651552, -22.217419 ], [ -54.651788, -22.217605 ], [ -54.65171, -22.217691 ], [ -54.651474, -22.217505 ] ] ] } },
{ "type": "Feature", "properties": { "id": 62219, "insc_imob": "06.01.15.11.360", "quadra_cartorio": null, "lote_cartorio": "07", "matricula": "45419", "circunscricao": "1º CIRCUNSCRIÇÃO", "zoneamento": null, "condominio": null, "area_geom": 430.82, "cnm": "062661.2.0045419-10" }, "geometry": { "type": "Polygon", "coordinates": [ [ [ -54.654113, -22.204661 ], [ -54.65421, -22.204568 ], [ -54.654419, -22.204756 ], [ -54.654323, -22.204849 ], [ -54.654113, -22.204661 ] ] ] } },
{ "type": "Feature", "properties": { "id": 63328, "insc_imob": "06.01.34.26.248", "quadra_cartorio": "02", "lote_cartorio": "20", "matricula": "14132", "circunscricao": "1º CIRCUNSCRIÇÃO", "zoneamento": null, "condominio": null, "area_geom": 389.66, "cnm": "062661.2.0014132-72" }, "geometry": { "type": "Polygon", "coordinates": [ [ [ -54.648889, -22.214965 ], [ -54.648951, -22.214896 ], [ -54.649048, -22.214971 ], [ -54.649129, -22.215035 ], [ -54.649241, -22.215121 ], [ -54.649179, -22.215191 ], [ -54.648889, -22.214965 ] ] ] } },
{ "type": "Feature", "properties": { "id": 63709, "insc_imob": "06.01.24.06.652", "quadra_cartorio": "52 NCD", "lote_cartorio": "12A", "matricula": "135355", "circunscricao": "1º CIRCUNSCRIÇÃO", "zoneamento": null, "condominio": null, "area_geom": 359.69, "cnm": "062661.2.0135355-56" }, "geometry": { "type": "Polygon", "coordinates": [ [ [ -54.650999, -22.212104 ], [ -54.651024, -22.212077 ], [ -54.651113, -22.212146 ], [ -54.650927, -22.212354 ], [ -54.650837, -22.212285 ], [ -54.650999, -22.212104 ] ] ] } },
{ "type": "Feature", "properties": { "id": 70363, "insc_imob": "06.01.34.24.178", "quadra_cartorio": "06", "lote_cartorio": "18", "matricula": "92101", "circunscricao": "1º CIRCUNSCRIÇÃO", "zoneamento": null, "condominio": null, "area_geom": 397.23, "cnm": "062661.2.0092101-32" }, "geometry": { "type": "Polygon", "coordinates": [ [ [ -54.650127, -22.216621 ], [ -54.650313, -22.216413 ], [ -54.650412, -22.21649 ], [ -54.650225, -22.216698 ], [ -54.650127, -22.216621 ] ] ] } },
{ "type": "Feature", "properties": { "id": 70496, "insc_imob": "06.01.34.25.230", "quadra_cartorio": "05", "lote_cartorio": "06", "matricula": "19451", "circunscricao": "1º CIRCUNSCRIÇÃO", "zoneamento": null, "condominio": null, "area_geom": 259.88, "cnm": "062661.2.0019451-23" }, "geometry": { "type": "Polygon", "coordinates": [ [ [ -54.64955, -22.215821 ], [ -54.649612, -22.215752 ], [ -54.649806, -22.215902 ], [ -54.649744, -22.215971 ], [ -54.649647, -22.215896 ], [ -54.64955, -22.215821 ] ] ] } },
{ "type": "Feature", "properties": { "id": 70497, "insc_imob": "06.01.24.06.950", "quadra_cartorio": "52 NCD", "lote_cartorio": "D", "matricula": "109801", "circunscricao": "1º CIRCUNSCRIÇÃO", "zoneamento": null, "condominio": null, "area_geom": 347.28, "cnm": "062661.2.0109801-88" }, "geometry": { "type": "Polygon", "coordinates": [ [ [ -54.652665, -22.21148 ], [ -54.652703, -22.211377 ], [ -54.652986, -22.211469 ], [ -54.652941, -22.211559 ], [ -54.652665, -22.21148 ] ] ] } },
{ "type": "Feature", "properties": { "id": 70721, "insc_imob": "06.01.24.15.358", "quadra_cartorio": "06", "lote_cartorio": "15", "matricula": "4214", "circunscricao": "1º CIRCUNSCRIÇÃO", "zoneamento": null, "condominio": null, "area_geom": 431.68, "cnm": "062661.2.0004214-47" }, "geometry": { "type": "Polygon", "coordinates": [ [ [ -54.65262, -22.21255 ], [ -54.652843, -22.2123 ], [ -54.652933, -22.212369 ], [ -54.652709, -22.212619 ], [ -54.652704, -22.212615 ], [ -54.65262, -22.21255 ] ] ] } },
{ "type": "Feature", "properties": { "id": 71907, "insc_imob": "06.01.24.04.239", "quadra_cartorio": "02", "lote_cartorio": "01", "matricula": "92012", "circunscricao": "1º CIRCUNSCRIÇÃO", "zoneamento": null, "condominio": null, "area_geom": 431.63, "cnm": "062661.2.0092012-08" }, "geometry": { "type": "Polygon", "coordinates": [ [ [ -54.652752, -22.21473 ], [ -54.652975, -22.21448 ], [ -54.653065, -22.214549 ], [ -54.652841, -22.214799 ], [ -54.652752, -22.21473 ] ] ] } },
{ "type": "Feature", "properties": { "id": 74658, "insc_imob": "06.01.24.03.087", "quadra_cartorio": "03", "lote_cartorio": "02", "matricula": "24449", "circunscricao": "1º CIRCUNSCRIÇÃO", "zoneamento": null, "condominio": null, "area_geom": 374.63, "cnm": "062661.2.0024449-64" }, "geometry": { "type": "Polygon", "coordinates": [ [ [ -54.653014, -22.214771 ], [ -54.653091, -22.214684 ], [ -54.653225, -22.214788 ], [ -54.653315, -22.214857 ], [ -54.653237, -22.214944 ], [ -54.653014, -22.214771 ] ] ] } },
{ "type": "Feature", "properties": { "id": 74967, "insc_imob": "06.01.15.11.315", "quadra_cartorio": "02", "lote_cartorio": "06", "matricula": "45418", "circunscricao": "1º CIRCUNSCRIÇÃO", "zoneamento": null, "condominio": null, "area_geom": 400.85, "cnm": "062661.2.0045418-13" }, "geometry": { "type": "Polygon", "coordinates": [ [ [ -54.654023, -22.204748 ], [ -54.654113, -22.204661 ], [ -54.654323, -22.204849 ], [ -54.654233, -22.204936 ], [ -54.654023, -22.204748 ] ] ] } },
{ "type": "Feature", "properties": { "id": 75783, "insc_imob": "06.01.24.36.461", "quadra_cartorio": "52", "lote_cartorio": "X8", "matricula": "132186", "circunscricao": "1º CIRCUNSCRIÇÃO", "zoneamento": null, "condominio": null, "area_geom": 359.88, "cnm": "062661.2.0132186-57" }, "geometry": { "type": "Polygon", "coordinates": [ [ [ -54.6527, -22.210132 ], [ -54.652665, -22.210216 ], [ -54.65263, -22.2103 ], [ -54.6526, -22.210371 ], [ -54.652594, -22.210384 ], [ -54.652486, -22.210345 ], [ -54.652592, -22.210092 ], [ -54.6527, -22.210132 ] ] ] } },
{ "type": "Feature", "properties": { "id": 75784, "insc_imob": "06.01.24.36.471", "quadra_cartorio": "52", "lote_cartorio": "X7", "matricula": "132185", "circunscricao": "1º CIRCUNSCRIÇÃO", "zoneamento": null, "condominio": null, "area_geom": 359.77, "cnm": "062661.2.0132185-60" }, "geometry": { "type": "Polygon", "coordinates": [ [ [ -54.652592, -22.210092 ], [ -54.652486, -22.210345 ], [ -54.652378, -22.210305 ], [ -54.652484, -22.210053 ], [ -54.652592, -22.210092 ] ] ] } },
{ "type": "Feature", "properties": { "id": 75785, "insc_imob": "06.01.24.36.481", "quadra_cartorio": "52", "lote_cartorio": "X6", "matricula": "132184", "circunscricao": "1º CIRCUNSCRIÇÃO", "zoneamento": null, "condominio": null, "area_geom": 359.77, "cnm": "062661.2.0132184-63" }, "geometry": { "type": "Polygon", "coordinates": [ [ [ -54.652484, -22.210053 ], [ -54.652378, -22.210305 ], [ -54.652269, -22.210266 ], [ -54.652375, -22.210014 ], [ -54.652484, -22.210053 ] ] ] } },
{ "type": "Feature", "properties": { "id": 75786, "insc_imob": "06.01.24.36.491", "quadra_cartorio": "52", "lote_cartorio": "X5", "matricula": "132183", "circunscricao": "1º CIRCUNSCRIÇÃO", "zoneamento": null, "condominio": null, "area_geom": 359.77, "cnm": "062661.2.0132183-66" }, "geometry": { "type": "Polygon", "coordinates": [ [ [ -54.652375, -22.210014 ], [ -54.652269, -22.210266 ], [ -54.652161, -22.210227 ], [ -54.652267, -22.209974 ], [ -54.652375, -22.210014 ] ] ] } },
{ "type": "Feature", "properties": { "id": 75793, "insc_imob": "06.01.24.36.371", "quadra_cartorio": "52", "lote_cartorio": "X1", "matricula": "132179", "circunscricao": "1º CIRCUNSCRIÇÃO", "zoneamento": null, "condominio": null, "area_geom": 359.77, "cnm": "062661.2.0132179-78" }, "geometry": { "type": "Polygon", "coordinates": [ [ [ -54.652594, -22.210384 ], [ -54.652559, -22.210468 ], [ -54.652488, -22.210636 ], [ -54.65238, -22.210597 ], [ -54.652486, -22.210345 ], [ -54.652594, -22.210384 ] ] ] } },
{ "type": "Feature", "properties": { "id": 75794, "insc_imob": "06.01.25.01.204", "quadra_cartorio": "53", "lote_cartorio": "DATA 18", "matricula": "23859", "circunscricao": "1º CIRCUNSCRIÇÃO", "zoneamento": null, "condominio": null, "area_geom": 1853.51, "cnm": "062661.2.0023859-88" }, "geometry": { "type": "Polygon", "coordinates": [ [ [ -54.651373, -22.209014 ], [ -54.650124, -22.208007 ], [ -54.650191, -22.207931 ], [ -54.651411, -22.208912 ], [ -54.651373, -22.209014 ] ] ] } },
{ "type": "Feature", "properties": { "id": 75795, "insc_imob": "06.01.24.36.361", "quadra_cartorio": "52", "lote_cartorio": "X2", "matricula": "132180", "circunscricao": "1º CIRCUNSCRIÇÃO", "zoneamento": null, "condominio": null, "area_geom": 359.77, "cnm": "062661.2.0132180-75" }, "geometry": { "type": "Polygon", "coordinates": [ [ [ -54.652378, -22.210305 ], [ -54.652486, -22.210345 ], [ -54.65238, -22.210597 ], [ -54.652272, -22.210557 ], [ -54.652378, -22.210305 ] ] ] } },
{ "type": "Feature", "properties": { "id": 75796, "insc_imob": "06.01.25.01.202", "quadra_cartorio": "53", "lote_cartorio": "DATA 17", "matricula": "23858", "circunscricao": "1º CIRCUNSCRIÇÃO", "zoneamento": null, "condominio": null, "area_geom": 1808.17, "cnm": "062661.2.0023858-91" }, "geometry": { "type": "Polygon", "coordinates": [ [ [ -54.651411, -22.208912 ], [ -54.650191, -22.207931 ], [ -54.650258, -22.207854 ], [ -54.651448, -22.208809 ], [ -54.651411, -22.208912 ] ] ] } },
{ "type": "Feature", "properties": { "id": 75797, "insc_imob": "06.01.25.01.201", "quadra_cartorio": "53", "lote_cartorio": "DATA 15", "matricula": "41836", "circunscricao": "1º CIRCUNSCRIÇÃO", "zoneamento": null, "condominio": null, "area_geom": 3606.29, "cnm": "062661.2.0041836-89" }, "geometry": { "type": "Polygon", "coordinates": [ [ [ -54.651448, -22.208809 ], [ -54.650258, -22.207854 ], [ -54.650401, -22.207689 ], [ -54.651523, -22.208604 ], [ -54.651448, -22.208809 ] ] ] } },
{ "type": "Feature", "properties": { "id": 75798, "insc_imob": "06.01.25.01.200", "quadra_cartorio": "53", "lote_cartorio": "DATA 14", "matricula": "41837", "circunscricao": "1º CIRCUNSCRIÇÃO", "zoneamento": null, "condominio": null, "area_geom": 1668.75, "cnm": "062661.2.0041837-86" }, "geometry": { "type": "Polygon", "coordinates": [ [ [ -54.651523, -22.208604 ], [ -54.650401, -22.207689 ], [ -54.650468, -22.207613 ], [ -54.651561, -22.208501 ], [ -54.651523, -22.208604 ] ] ] } },
{ "type": "Feature", "properties": { "id": 75799, "insc_imob": "06.01.25.01.199", "quadra_cartorio": "53", "lote_cartorio": "DATA 13", "matricula": "13350", "circunscricao": "1º CIRCUNSCRIÇÃO", "zoneamento": null, "condominio": null, "area_geom": 1623.41, "cnm": "062661.2.0013350-90" }, "geometry": { "type": "Polygon", "coordinates": [ [ [ -54.651561, -22.208501 ], [ -54.650468, -22.207613 ], [ -54.650534, -22.207536 ], [ -54.651598, -22.208399 ], [ -54.651561, -22.208501 ] ] ] } },
{ "type": "Feature", "properties": { "id": 75800, "insc_imob": "06.01.25.01.198", "quadra_cartorio": "53", "lote_cartorio": "DATA 12", "matricula": "19938", "circunscricao": "1º CIRCUNSCRIÇÃO", "zoneamento": null, "condominio": null, "area_geom": 1578.07, "cnm": "062661.2.0019938-17" }, "geometry": { "type": "Polygon", "coordinates": [ [ [ -54.651598, -22.208399 ], [ -54.650534, -22.207536 ], [ -54.650601, -22.20746 ], [ -54.651636, -22.208296 ], [ -54.651598, -22.208399 ] ] ] } },
{ "type": "Feature", "properties": { "id": 75801, "insc_imob": "06.01.25.01.197", "quadra_cartorio": "53", "lote_cartorio": "DATA 11", "matricula": "35953", "circunscricao": "1º CIRCUNSCRIÇÃO", "zoneamento": null, "condominio": null, "area_geom": 1532.73, "cnm": "062661.2.0035953-84" }, "geometry": { "type": "Polygon", "coordinates": [ [ [ -54.651636, -22.208296 ], [ -54.650601, -22.20746 ], [ -54.650668, -22.207383 ], [ -54.651673, -22.208194 ], [ -54.651636, -22.208296 ] ] ] } },
{ "type": "Feature", "properties": { "id": 75802, "insc_imob": "06.01.24.36.351", "quadra_cartorio": "52", "lote_cartorio": "X3", "matricula": "132181", "circunscricao": "1º CIRCUNSCRIÇÃO", "zoneamento": null, "condominio": null, "area_geom": 359.77, "cnm": "062661.2.0132181-72" }, "geometry": { "type": "Polygon", "coordinates": [ [ [ -54.652269, -22.210266 ], [ -54.652378, -22.210305 ], [ -54.652272, -22.210557 ], [ -54.652163, -22.210518 ], [ -54.652269, -22.210266 ] ] ] } },
{ "type": "Feature", "properties": { "id": 75803, "insc_imob": "06.01.24.36.341", "quadra_cartorio": "52", "lote_cartorio": "X4", "matricula": "132182", "circunscricao": "1º CIRCUNSCRIÇÃO", "zoneamento": null, "condominio": null, "area_geom": 359.54, "cnm": "062661.2.0132182-69" }, "geometry": { "type": "Polygon", "coordinates": [ [ [ -54.652161, -22.210227 ], [ -54.652269, -22.210266 ], [ -54.652163, -22.210518 ], [ -54.652055, -22.210477 ], [ -54.652161, -22.210227 ] ] ] } },
{ "type": "Feature", "properties": { "id": 75804, "insc_imob": "06.01.25.01.196", "quadra_cartorio": "53", "lote_cartorio": "DATA 10", "matricula": "25480", "circunscricao": "1º CIRCUNSCRIÇÃO", "zoneamento": null, "condominio": null, "area_geom": 1487.39, "cnm": "062661.2.0025480-75" }, "geometry": { "type": "Polygon", "coordinates": [ [ [ -54.651673, -22.208194 ], [ -54.650668, -22.207383 ], [ -54.650734, -22.207307 ], [ -54.65171, -22.208091 ], [ -54.651673, -22.208194 ] ] ] } },
{ "type": "Feature", "properties": { "id": 75811, "insc_imob": "06.01.24.06.780", "quadra_cartorio": "52", "lote_cartorio": "52A", "matricula": "119368", "circunscricao": "1º CIRCUNSCRIÇÃO", "zoneamento": null, "condominio": null, "area_geom": 682.67, "cnm": "062661.2.0119368-02" }, "geometry": { "type": "Polygon", "coordinates": [ [ [ -54.651934, -22.212684 ], [ -54.651801, -22.21258 ], [ -54.652036, -22.212317 ], [ -54.65217, -22.212421 ], [ -54.651934, -22.212684 ] ] ] } },
{ "type": "Feature", "properties": { "id": 75812, "insc_imob": "06.01.24.06.770", "quadra_cartorio": "52", "lote_cartorio": "52B", "matricula": "119369", "circunscricao": "1º CIRCUNSCRIÇÃO", "zoneamento": null, "condominio": null, "area_geom": 451.73, "cnm": "062661.2.0119369-96" }, "geometry": { "type": "Polygon", "coordinates": [ [ [ -54.651801, -22.21258 ], [ -54.651712, -22.21251 ], [ -54.651949, -22.212247 ], [ -54.652036, -22.212316 ], [ -54.651801, -22.21258 ] ] ] } },
{ "type": "Feature", "properties": { "id": 75813, "insc_imob": "06.01.24.06.800", "quadra_cartorio": "52", "lote_cartorio": "52C", "matricula": "119370", "circunscricao": "1º CIRCUNSCRIÇÃO", "zoneamento": null, "condominio": null, "area_geom": 356.92, "cnm": "062661.2.0119370-93" }, "geometry": { "type": "Polygon", "coordinates": [ [ [ -54.65217, -22.212421 ], [ -54.652036, -22.212316 ], [ -54.651949, -22.212247 ], [ -54.652024, -22.212165 ], [ -54.652244, -22.212337 ], [ -54.65217, -22.212421 ] ] ] } },
{ "type": "Feature", "properties": { "id": 75814, "insc_imob": "06.01.24.06.760", "quadra_cartorio": "52", "lote_cartorio": "P/43", "matricula": "29712", "circunscricao": "1º CIRCUNSCRIÇÃO", "zoneamento": null, "condominio": null, "area_geom": 619.61, "cnm": "062661.2.0029712-86" }, "geometry": { "type": "Polygon", "coordinates": [ [ [ -54.651712, -22.21251 ], [ -54.651621, -22.212438 ], [ -54.651931, -22.212092 ], [ -54.652024, -22.212165 ], [ -54.651712, -22.21251 ] ] ] } },
{ "type": "Feature", "properties": { "id": 75870, "insc_imob": "06.01.24.06.803", "quadra_cartorio": "52 NCD", "lote_cartorio": "P/16-A", "matricula": "57532", "circunscricao": "1º CIRCUNSCRIÇÃO", "zoneamento": null, "condominio": null, "area_geom": 732.92, "cnm": "062661.2.0057532-46" }, "geometry": { "type": "Polygon", "coordinates": [ [ [ -54.652782, -22.211736 ], [ -54.652668, -22.211868 ], [ -54.652228, -22.21158 ], [ -54.652313, -22.211486 ], [ -54.652473, -22.211632 ], [ -54.652782, -22.211736 ] ] ] } },
{ "type": "Feature", "properties": { "id": 75871, "insc_imob": "06.01.24.06.802", "quadra_cartorio": "52 NCD", "lote_cartorio": "P/17-A", "matricula": "57531", "circunscricao": "1º CIRCUNSCRIÇÃO", "zoneamento": null, "condominio": null, "area_geom": 1608.6, "cnm": "062661.2.0057531-49" }, "geometry": { "type": "Polygon", "coordinates": [ [ [ -54.652668, -22.211868 ], [ -54.65265, -22.211889 ], [ -54.652481, -22.212083 ], [ -54.652059, -22.211771 ], [ -54.652228, -22.21158 ], [ -54.652668, -22.211868 ] ] ] } },
{ "type": "Feature", "properties": { "id": 75872, "insc_imob": "06.01.24.06.801", "quadra_cartorio": "52 NCD", "lote_cartorio": "18 e 19", "matricula": "60023", "circunscricao": "1º CIRCUNSCRIÇÃO", "zoneamento": null, "condominio": null, "area_geom": 970.41, "cnm": "062661.2.0060023-42" }, "geometry": { "type": "Polygon", "coordinates": [ [ [ -54.652024, -22.212165 ], [ -54.651931, -22.212092 ], [ -54.651917, -22.212108 ], [ -54.651814, -22.212049 ], [ -54.652059, -22.211771 ], [ -54.652262, -22.211922 ], [ -54.652024, -22.212165 ] ] ] } },
{ "type": "Feature", "properties": { "id": 75980, "insc_imob": "06.01.24.06.324", "quadra_cartorio": "52 NC", "lote_cartorio": "P/ CHAC.43", "matricula": "46711", "circunscricao": "1º CIRCUNSCRIÇÃO", "zoneamento": null, "condominio": null, "area_geom": 174.87, "cnm": "062661.2.0046711-14" }, "geometry": { "type": "Polygon", "coordinates": [ [ [ -54.650221, -22.212776 ], [ -54.650258, -22.212674 ], [ -54.650401, -22.212718 ], [ -54.650292, -22.212833 ], [ -54.650221, -22.212776 ] ] ] } },
{ "type": "Feature", "properties": { "id": 76052, "insc_imob": "06.01.34.36.030", "quadra_cartorio": "06", "lote_cartorio": "01", "matricula": "21318", "circunscricao": "1º CIRCUNSCRIÇÃO", "zoneamento": null, "condominio": null, "area_geom": 359.64, "cnm": "062661.2.0021318-48" }, "geometry": { "type": "Polygon", "coordinates": [ [ [ -54.648156, -22.215234 ], [ -54.648378, -22.215409 ], [ -54.648304, -22.215492 ], [ -54.648081, -22.215317 ], [ -54.648156, -22.215234 ] ] ] } },
{ "type": "Feature", "properties": { "id": 76053, "insc_imob": "06.01.34.36.020", "quadra_cartorio": "06 NCD", "lote_cartorio": "02", "matricula": "21319", "circunscricao": "1º CIRCUNSCRIÇÃO", "zoneamento": null, "condominio": null, "area_geom": 359.37, "cnm": "062661.2.0021319-45" }, "geometry": { "type": "Polygon", "coordinates": [ [ [ -54.648081, -22.215317 ], [ -54.648304, -22.215492 ], [ -54.648229, -22.215575 ], [ -54.648007, -22.215401 ], [ -54.648081, -22.215317 ] ] ] } },
{ "type": "Feature", "properties": { "id": 76871, "insc_imob": "06.01.34.25.352", "quadra_cartorio": "03", "lote_cartorio": "03", "matricula": "16812", "circunscricao": "1º CIRCUNSCRIÇÃO", "zoneamento": null, "condominio": null, "area_geom": 361.32, "cnm": "062661.2.0016812-83" }, "geometry": { "type": "Polygon", "coordinates": [ [ [ -54.649529, -22.215336 ], [ -54.649715, -22.215127 ], [ -54.649805, -22.215197 ], [ -54.64962, -22.215405 ], [ -54.649529, -22.215336 ] ] ] } },
{ "type": "Feature", "properties": { "id": 76872, "insc_imob": "06.01.34.26.040", "quadra_cartorio": "02", "lote_cartorio": "07", "matricula": "70530", "circunscricao": "1º CIRCUNSCRIÇÃO", "zoneamento": null, "condominio": null, "area_geom": 389.76, "cnm": "062661.2.0070530-46" }, "geometry": { "type": "Polygon", "coordinates": [ [ [ -54.648598, -22.21474 ], [ -54.64866, -22.214671 ], [ -54.648757, -22.214746 ], [ -54.648854, -22.214821 ], [ -54.648951, -22.214896 ], [ -54.648889, -22.214965 ], [ -54.648598, -22.21474 ] ] ] } },
{ "type": "Feature", "properties": { "id": 77397, "insc_imob": "06.01.34.16.268", "quadra_cartorio": "01", "lote_cartorio": "2", "matricula": "29578", "circunscricao": "1º CIRCUNSCRIÇÃO", "zoneamento": null, "condominio": null, "area_geom": 389.73, "cnm": "062661.2.0029578-03" }, "geometry": { "type": "Polygon", "coordinates": [ [ [ -54.650035, -22.214052 ], [ -54.649848, -22.21426 ], [ -54.649751, -22.214185 ], [ -54.649938, -22.213977 ], [ -54.650035, -22.214052 ] ] ] } },
{ "type": "Feature", "properties": { "id": 77398, "insc_imob": "06.01.34.16.318", "quadra_cartorio": "01", "lote_cartorio": "3", "matricula": "14003", "circunscricao": "1º CIRCUNSCRIÇÃO", "zoneamento": null, "condominio": null, "area_geom": 389.61, "cnm": "062661.2.0014003-71" }, "geometry": { "type": "Polygon", "coordinates": [ [ [ -54.649938, -22.213977 ], [ -54.649751, -22.214185 ], [ -54.649655, -22.21411 ], [ -54.649841, -22.213902 ], [ -54.649938, -22.213977 ] ] ] } },
{ "type": "Feature", "properties": { "id": 77473, "insc_imob": "06.01.24.46.182", "quadra_cartorio": "02", "lote_cartorio": "11", "matricula": "105670", "circunscricao": "1º CIRCUNSCRIÇÃO", "zoneamento": null, "condominio": null, "area_geom": 366.5, "cnm": "062661.2.0105670-65" }, "geometry": { "type": "Polygon", "coordinates": [ [ [ -54.652992, -22.209809 ], [ -54.652892, -22.210069 ], [ -54.652783, -22.210032 ], [ -54.652882, -22.209773 ], [ -54.652922, -22.209786 ], [ -54.652992, -22.209809 ] ] ] } },
{ "type": "Feature", "properties": { "id": 77526, "insc_imob": "06.01.34.15.051", "quadra_cartorio": "04", "lote_cartorio": "7", "matricula": "25399", "circunscricao": "1º CIRCUNSCRIÇÃO", "zoneamento": null, "condominio": null, "area_geom": 375.59, "cnm": "062661.2.0025399-27" }, "geometry": { "type": "Polygon", "coordinates": [ [ [ -54.650241, -22.214685 ], [ -54.650182, -22.214756 ], [ -54.6499, -22.214536 ], [ -54.649964, -22.214469 ], [ -54.650241, -22.214685 ] ] ] } },
{ "type": "Feature", "properties": { "id": 77672, "insc_imob": "06.01.04.01.010", "quadra_cartorio": "52", "lote_cartorio": "31", "matricula": "5913", "circunscricao": "1º CIRCUNSCRIÇÃO", "zoneamento": null, "condominio": null, "area_geom": 311180.27, "cnm": "062661.2.0005913-91" }, "geometry": { "type": "Polygon", "coordinates": [ [ [ -54.653521, -22.205881 ], [ -54.655185, -22.204238 ], [ -54.663719, -22.212142 ], [ -54.661986, -22.213757 ], [ -54.653919, -22.206251 ], [ -54.653754, -22.206098 ], [ -54.653521, -22.205881 ] ] ] } },
{ "type": "Feature", "properties": { "id": 77717, "insc_imob": "06.01.24.06.400", "quadra_cartorio": "52 NCD ", "lote_cartorio": "3", "matricula": "84219", "circunscricao": "1º CIRCUNSCRIÇÃO", "zoneamento": null, "condominio": null, "area_geom": 316.2, "cnm": "062661.2.0084219-10" }, "geometry": { "type": "Polygon", "coordinates": [ [ [ -54.651024, -22.213397 ], [ -54.650939, -22.213332 ], [ -54.651113, -22.213138 ], [ -54.651197, -22.213203 ], [ -54.651024, -22.213397 ] ] ] } },
{ "type": "Feature", "properties": { "id": 77917, "insc_imob": "06.01.34.01.220", "quadra_cartorio": "06", "lote_cartorio": "D", "matricula": "114339", "circunscricao": "1º CIRCUNSCRIÇÃO", "zoneamento": null, "condominio": null, "area_geom": 397.01, "cnm": "062661.2.0114339-54" }, "geometry": { "type": "Polygon", "coordinates": [ [ [ -54.654023, -22.216612 ], [ -54.653931, -22.216541 ], [ -54.653837, -22.216469 ], [ -54.653936, -22.216358 ], [ -54.654123, -22.216503 ], [ -54.654023, -22.216612 ] ] ] } },
{ "type": "Feature", "properties": { "id": 78609, "insc_imob": "06.01.34.05.220", "quadra_cartorio": "02", "lote_cartorio": "05", "matricula": "21111", "circunscricao": "1º CIRCUNSCRIÇÃO", "zoneamento": null, "condominio": null, "area_geom": 288.72, "cnm": "062661.2.0021111-87" }, "geometry": { "type": "Polygon", "coordinates": [ [ [ -54.650926, -22.214238 ], [ -54.650995, -22.214161 ], [ -54.651021, -22.214181 ], [ -54.651189, -22.214312 ], [ -54.65112, -22.214389 ], [ -54.650926, -22.214238 ] ] ] } },
{ "type": "Feature", "properties": { "id": 78907, "insc_imob": "06.01.24.06.505", "quadra_cartorio": "52 NCD", "lote_cartorio": "P/43", "matricula": "1011", "circunscricao": "1º CIRCUNSCRIÇÃO", "zoneamento": null, "condominio": null, "area_geom": 492.18, "cnm": "062661.2.0001011-53" }, "geometry": { "type": "Polygon", "coordinates": [ [ [ -54.651011, -22.213058 ], [ -54.651023, -22.213045 ], [ -54.651016, -22.213039 ], [ -54.651072, -22.212976 ], [ -54.650981, -22.212906 ], [ -54.651059, -22.212818 ], [ -54.651252, -22.212975 ], [ -54.651249, -22.212986 ], [ -54.651178, -22.213065 ], [ -54.651113, -22.213138 ], [ -54.651011, -22.213058 ] ] ] } },
{ "type": "Feature", "properties": { "id": 79556, "insc_imob": "06.01.24.05.048", "quadra_cartorio": "01", "lote_cartorio": "13A", "matricula": "149651", "circunscricao": "1º CIRCUNSCRIÇÃO", "zoneamento": null, "condominio": null, "area_geom": 605.77, "cnm": "062661.2.0149651-42" }, "geometry": { "type": "Polygon", "coordinates": [ [ [ -54.651572, -22.213212 ], [ -54.651649, -22.213125 ], [ -54.651749, -22.213203 ], [ -54.651838, -22.213272 ], [ -54.651927, -22.213341 ], [ -54.652012, -22.213407 ], [ -54.651934, -22.213493 ], [ -54.651572, -22.213212 ] ] ] } },
{ "type": "Feature", "properties": { "id": 79557, "insc_imob": "06.01.24.05.066", "quadra_cartorio": "01", "lote_cartorio": "13B", "matricula": "149652", "circunscricao": "1º CIRCUNSCRIÇÃO", "zoneamento": null, "condominio": null, "area_geom": 861.26, "cnm": "062661.2.0149652-39" }, "geometry": { "type": "Polygon", "coordinates": [ [ [ -54.651462, -22.213334 ], [ -54.651572, -22.213212 ], [ -54.651934, -22.213493 ], [ -54.651922, -22.213507 ], [ -54.651832, -22.213608 ], [ -54.651825, -22.213616 ], [ -54.651462, -22.213334 ] ] ] } },
{ "type": "Feature", "properties": { "id": 79558, "insc_imob": "06.01.24.05.100", "quadra_cartorio": "01", "lote_cartorio": "13C", "matricula": "149653", "circunscricao": "1º CIRCUNSCRIÇÃO", "zoneamento": null, "condominio": null, "area_geom": 999.23, "cnm": "062661.2.0149653-36" }, "geometry": { "type": "Polygon", "coordinates": [ [ [ -54.651252, -22.213569 ], [ -54.651462, -22.213334 ], [ -54.651683, -22.213505 ], [ -54.651473, -22.213739 ], [ -54.651252, -22.213569 ] ] ] } },
{ "type": "Feature", "properties": { "id": 79559, "insc_imob": "06.01.24.05.162", "quadra_cartorio": "01", "lote_cartorio": "13D", "matricula": "149654", "circunscricao": "1º CIRCUNSCRIÇÃO", "zoneamento": null, "condominio": null, "area_geom": 1081.55, "cnm": "062661.2.0149654-33" }, "geometry": { "type": "Polygon", "coordinates": [ [ [ -54.651683, -22.213505 ], [ -54.651825, -22.213616 ], [ -54.651832, -22.213608 ], [ -54.651926, -22.213681 ], [ -54.651711, -22.213922 ], [ -54.651473, -22.213739 ], [ -54.651683, -22.213505 ] ] ] } },
{ "type": "Feature", "properties": { "id": 79935, "insc_imob": "06.01.25.01.316", "quadra_cartorio": "53 NC", "lote_cartorio": "P/26", "matricula": "31786", "circunscricao": "1º CIRCUNSCRIÇÃO", "zoneamento": null, "condominio": null, "area_geom": 951.24, "cnm": "062661.2.0031786-72" }, "geometry": { "type": "Polygon", "coordinates": [ [ [ -54.651286, -22.207106 ], [ -54.651471, -22.207274 ], [ -54.65122, -22.207516 ], [ -54.651049, -22.207368 ], [ -54.651286, -22.207106 ] ] ] } },
{ "type": "Feature", "properties": { "id": 81379, "insc_imob": "06.01.34.02.121", "quadra_cartorio": "03", "lote_cartorio": "13", "matricula": "31510", "circunscricao": "1º CIRCUNSCRIÇÃO", "zoneamento": null, "condominio": null, "area_geom": 374.76, "cnm": "062661.2.0031510-27" }, "geometry": { "type": "Polygon", "coordinates": [ [ [ -54.653174, -22.215991 ], [ -54.652987, -22.216199 ], [ -54.652894, -22.216127 ], [ -54.653081, -22.215919 ], [ -54.653174, -22.215991 ] ] ] } },
{ "type": "Feature", "properties": { "id": 81521, "insc_imob": "06.01.34.34.053", "quadra_cartorio": "30", "lote_cartorio": "07H", "matricula": "152594", "circunscricao": "1º CIRCUNSCRIÇÃO", "zoneamento": null, "condominio": null, "area_geom": 397.24, "cnm": "062661.2.0152594-40" }, "geometry": { "type": "Polygon", "coordinates": [ [ [ -54.649889, -22.216918 ], [ -54.650072, -22.216708 ], [ -54.650172, -22.216784 ], [ -54.650172, -22.216784 ], [ -54.649988, -22.216994 ], [ -54.649889, -22.216918 ] ] ] } },
{ "type": "Feature", "properties": { "id": 81523, "insc_imob": "06.01.34.34.118", "quadra_cartorio": "30", "lote_cartorio": "07M", "matricula": "152599", "circunscricao": "1º CIRCUNSCRIÇÃO", "zoneamento": null, "condominio": null, "area_geom": 397.24, "cnm": "062661.2.0152599-25" }, "geometry": { "type": "Polygon", "coordinates": [ [ [ -54.64949, -22.216616 ], [ -54.649391, -22.21654 ], [ -54.649575, -22.21633 ], [ -54.649674, -22.216406 ], [ -54.64949, -22.216616 ] ] ] } },
{ "type": "Feature", "properties": { "id": 81524, "insc_imob": "06.01.34.34.105", "quadra_cartorio": "30", "lote_cartorio": "07L", "matricula": "152598", "circunscricao": "1º CIRCUNSCRIÇÃO", "zoneamento": null, "condominio": null, "area_geom": 397.24, "cnm": "062661.2.0152598-28" }, "geometry": { "type": "Polygon", "coordinates": [ [ [ -54.64959, -22.216691 ], [ -54.64949, -22.216616 ], [ -54.649674, -22.216406 ], [ -54.649774, -22.216481 ], [ -54.64959, -22.216691 ] ] ] } },
{ "type": "Feature", "properties": { "id": 81525, "insc_imob": "06.01.34.34.092", "quadra_cartorio": "30", "lote_cartorio": "07K", "matricula": "152597", "circunscricao": "1º CIRCUNSCRIÇÃO", "zoneamento": null, "condominio": null, "area_geom": 397.24, "cnm": "062661.2.0152597-31" }, "geometry": { "type": "Polygon", "coordinates": [ [ [ -54.649689, -22.216767 ], [ -54.64959, -22.216691 ], [ -54.649774, -22.216481 ], [ -54.649873, -22.216557 ], [ -54.649689, -22.216767 ] ] ] } },
{ "type": "Feature", "properties": { "id": 81526, "insc_imob": "06.01.34.34.079", "quadra_cartorio": "30", "lote_cartorio": "07J", "matricula": "152596", "circunscricao": "1º CIRCUNSCRIÇÃO", "zoneamento": null, "condominio": null, "area_geom": 397.24, "cnm": "062661.2.0152596-34" }, "geometry": { "type": "Polygon", "coordinates": [ [ [ -54.649789, -22.216842 ], [ -54.649689, -22.216767 ], [ -54.649873, -22.216557 ], [ -54.649973, -22.216633 ], [ -54.649789, -22.216842 ] ] ] } },
{ "type": "Feature", "properties": { "id": 81527, "insc_imob": "06.01.34.34.066", "quadra_cartorio": "30", "lote_cartorio": "07I", "matricula": "152595", "circunscricao": "1º CIRCUNSCRIÇÃO", "zoneamento": null, "condominio": null, "area_geom": 397.24, "cnm": "062661.2.0152595-37" }, "geometry": { "type": "Polygon", "coordinates": [ [ [ -54.649889, -22.216918 ], [ -54.649789, -22.216842 ], [ -54.649973, -22.216633 ], [ -54.650072, -22.216708 ], [ -54.649889, -22.216918 ] ] ] } },
{ "type": "Feature", "properties": { "id": 81529, "insc_imob": "06.01.34.34.040", "quadra_cartorio": "30", "lote_cartorio": "07G", "matricula": "152593", "circunscricao": "1º CIRCUNSCRIÇÃO", "zoneamento": null, "condominio": null, "area_geom": 397.24, "cnm": "062661.2.0152593-43" }, "geometry": { "type": "Polygon", "coordinates": [ [ [ -54.650088, -22.217069 ], [ -54.649988, -22.216994 ], [ -54.650172, -22.216784 ], [ -54.650271, -22.216859 ], [ -54.650088, -22.217069 ] ] ] } },
{ "type": "Feature", "properties": { "id": 81532, "insc_imob": "06.01.34.34.013", "quadra_cartorio": "30", "lote_cartorio": "07AB - REM", "matricula": "152591", "circunscricao": "1º CIRCUNSCRIÇÃO", "zoneamento": null, "condominio": null, "area_geom": 95731.8, "cnm": "062661.2.0152591-49" }, "geometry": { "type": "Polygon", "coordinates": [ [ [ -54.650088, -22.217069 ], [ -54.650187, -22.217145 ], [ -54.65037, -22.216935 ], [ -54.650408, -22.216963 ], [ -54.650221, -22.217171 ], [ -54.647725, -22.219952 ], [ -54.646246, -22.2216 ], [ -54.646179, -22.221548 ], [ -54.645154, -22.220755 ], [ -54.645155, -22.220754 ], [ -54.645649, -22.220198 ], [ -54.649284, -22.216109 ], [ -54.649575, -22.21633 ], [ -54.649391, -22.21654 ], [ -54.649889, -22.216918 ], [ -54.649988, -22.216994 ], [ -54.650088, -22.217069 ], [ -54.650088, -22.217069 ] ] ] } },
{ "type": "Feature", "properties": { "id": 81533, "insc_imob": "06.01.34.34.027", "quadra_cartorio": "30", "lote_cartorio": "07F", "matricula": "152592", "circunscricao": "1º CIRCUNSCRIÇÃO", "zoneamento": null, "condominio": null, "area_geom": 395.93, "cnm": "062661.2.0152592-46" }, "geometry": { "type": "Polygon", "coordinates": [ [ [ -54.650271, -22.216859 ], [ -54.650369, -22.216934 ], [ -54.65037, -22.216935 ], [ -54.650187, -22.217145 ], [ -54.650088, -22.217069 ], [ -54.650271, -22.216859 ] ] ] } },
{ "type": "Feature", "properties": { "id": 81553, "insc_imob": "06.01.25.11.108", "quadra_cartorio": "53", "lote_cartorio": "03", "matricula": "30021", "circunscricao": "1º CIRCUNSCRIÇÃO", "zoneamento": null, "condominio": null, "area_geom": 389.99, "cnm": "062661.2.0030021-32" }, "geometry": { "type": "Polygon", "coordinates": [ [ [ -54.651433, -22.207154 ], [ -54.651515, -22.207071 ], [ -54.651628, -22.207173 ], [ -54.651733, -22.207268 ], [ -54.651648, -22.207349 ], [ -54.651543, -22.207255 ], [ -54.651433, -22.207154 ] ] ] } },
{ "type": "Feature", "properties": { "id": 81607, "insc_imob": "06.01.34.13.010", "quadra_cartorio": "30", "lote_cartorio": "A", "matricula": "56008", "circunscricao": "1º CIRCUNSCRIÇÃO", "zoneamento": null, "condominio": null, "area_geom": 599.61, "cnm": "062661.2.0056008-59" }, "geometry": { "type": "Polygon", "coordinates": [ [ [ -54.65258, -22.21602 ], [ -54.652393, -22.216228 ], [ -54.652245, -22.216112 ], [ -54.652431, -22.215904 ], [ -54.65258, -22.21602 ] ] ] } },
{ "type": "Feature", "properties": { "id": 81873, "insc_imob": "06.01.24.06.173", "quadra_cartorio": "52", "lote_cartorio": "W1", "matricula": "154619", "circunscricao": "1º CIRCUNSCRIÇÃO", "zoneamento": null, "condominio": null, "area_geom": 1422.66, "cnm": "062661.2.0154619-76" }, "geometry": { "type": "Polygon", "coordinates": [ [ [ -54.651918, -22.210543 ], [ -54.651662, -22.211168 ], [ -54.651476, -22.211073 ], [ -54.651476, -22.211073 ], [ -54.651758, -22.21049 ], [ -54.651918, -22.210543 ] ] ] } },
{ "type": "Feature", "properties": { "id": 81874, "insc_imob": "06.01.21.06.174", "quadra_cartorio": null, "lote_cartorio": "W2", "matricula": "154620", "circunscricao": "1º CIRCUNSCRIÇÃO", "zoneamento": null, "condominio": null, "area_geom": 447.01, "cnm": "062661.2.0154620-73" }, "geometry": { "type": "Polygon", "coordinates": [ [ [ -54.651758, -22.21049 ], [ -54.651638, -22.210737 ], [ -54.651513, -22.210695 ], [ -54.651611, -22.21044 ], [ -54.651758, -22.21049 ] ] ] } },
{ "type": "Feature", "properties": { "id": 81875, "insc_imob": "06.01.24.06.175", "quadra_cartorio": "52", "lote_cartorio": "W3", "matricula": "154621", "circunscricao": "1º CIRCUNSCRIÇÃO", "zoneamento": null, "condominio": null, "area_geom": 359.77, "cnm": "062661.2.0154621-70" }, "geometry": { "type": "Polygon", "coordinates": [ [ [ -54.651611, -22.21044 ], [ -54.651513, -22.210695 ], [ -54.651403, -22.210658 ], [ -54.651502, -22.210404 ], [ -54.651611, -22.21044 ] ] ] } },
{ "type": "Feature", "properties": { "id": 81876, "insc_imob": "06.01.24.06.176", "quadra_cartorio": "52", "lote_cartorio": "W4", "matricula": "154622", "circunscricao": "1º CIRCUNSCRIÇÃO", "zoneamento": null, "condominio": null, "area_geom": 359.76, "cnm": "062661.2.0154622-67" }, "geometry": { "type": "Polygon", "coordinates": [ [ [ -54.651502, -22.210404 ], [ -54.651403, -22.210658 ], [ -54.651294, -22.210622 ], [ -54.651392, -22.210367 ], [ -54.651502, -22.210404 ] ] ] } },
{ "type": "Feature", "properties": { "id": 81877, "insc_imob": "06.01.24.06.177", "quadra_cartorio": "52", "lote_cartorio": "W5", "matricula": "154623", "circunscricao": "1º CIRCUNSCRIÇÃO", "zoneamento": null, "condominio": null, "area_geom": 895.22, "cnm": "062661.2.0154623-64" }, "geometry": { "type": "Polygon", "coordinates": [ [ [ -54.651294, -22.210622 ], [ -54.651021, -22.21053 ], [ -54.65112, -22.210275 ], [ -54.651392, -22.210367 ], [ -54.651294, -22.210622 ] ] ] } },
{ "type": "Feature", "properties": { "id": 81878, "insc_imob": "06.01.24.06.178", "quadra_cartorio": "52", "lote_cartorio": "W6", "matricula": "154624", "circunscricao": "1º CIRCUNSCRIÇÃO", "zoneamento": null, "condominio": null, "area_geom": 2349.16, "cnm": "062661.2.0154624-61" }, "geometry": { "type": "Polygon", "coordinates": [ [ [ -54.651476, -22.211073 ], [ -54.651385, -22.211026 ], [ -54.650934, -22.210794 ], [ -54.650922, -22.210788 ], [ -54.651021, -22.21053 ], [ -54.651638, -22.210737 ], [ -54.651476, -22.211073 ] ] ] } },
{ "type": "Feature", "properties": { "id": 82039, "insc_imob": "06.01.24.34.070", "quadra_cartorio": null, "lote_cartorio": "37A", "matricula": "95259", "circunscricao": "1º CIRCUNSCRIÇÃO", "zoneamento": null, "condominio": null, "area_geom": 368.76, "cnm": "062661.2.0095259-64" }, "geometry": { "type": "Polygon", "coordinates": [ [ [ -54.654034, -22.211227 ], [ -54.654084, -22.211353 ], [ -54.653837, -22.211445 ], [ -54.653797, -22.211343 ], [ -54.654034, -22.211227 ] ] ] } },
{ "type": "Feature", "properties": { "id": 82862, "insc_imob": "06.01.44.45.010", "quadra_cartorio": "30", "lote_cartorio": "P/07", "matricula": "160767", "circunscricao": "1º CIRCUNSCRIÇÃO", "zoneamento": null, "condominio": null, "area_geom": 17744.66, "cnm": "062661.2.0160767-62" }, "geometry": { "type": "Polygon", "coordinates": [ [ [ -54.645238, -22.218528 ], [ -54.64639, -22.219365 ], [ -54.645645, -22.220199 ], [ -54.644523, -22.219338 ], [ -54.645238, -22.218528 ] ] ] } },
{ "type": "Feature", "properties": { "id": 83018, "insc_imob": "06.01.34.16.035", "quadra_cartorio": "01", "lote_cartorio": "06", "matricula": "60993", "circunscricao": "1º CIRCUNSCRIÇÃO", "zoneamento": null, "condominio": null, "area_geom": 359.76, "cnm": "062661.2.0060993-42" }, "geometry": { "type": "Polygon", "coordinates": [ [ [ -54.649573, -22.213835 ], [ -54.649461, -22.213959 ], [ -54.649372, -22.21389 ], [ -54.649483, -22.213765 ], [ -54.649558, -22.213682 ], [ -54.649647, -22.213751 ], [ -54.649573, -22.213835 ] ] ] } },
{ "type": "Feature", "properties": { "id": 83952, "insc_imob": "06.01.34.02.041", "quadra_cartorio": "03", "lote_cartorio": "09", "matricula": "26876", "circunscricao": "1º CIRCUNSCRIÇÃO", "zoneamento": null, "condominio": null, "area_geom": 555.16, "cnm": "062661.2.0026876-58" }, "geometry": { "type": "Polygon", "coordinates": [ [ [ -54.653125, -22.215692 ], [ -54.653194, -22.215615 ], [ -54.653287, -22.215688 ], [ -54.65338, -22.21576 ], [ -54.653474, -22.215832 ], [ -54.653567, -22.215904 ], [ -54.653498, -22.215981 ], [ -54.653125, -22.215692 ] ] ] } },
{ "type": "Feature", "properties": { "id": 84253, "insc_imob": "06.01.24.36.160", "quadra_cartorio": "52", "lote_cartorio": "GB ", "matricula": "129236", "circunscricao": "1º CIRCUNSCRIÇÃO", "zoneamento": null, "condominio": null, "area_geom": 414.01, "cnm": "062661.2.0129236-80" }, "geometry": { "type": "Polygon", "coordinates": [ [ [ -54.651341, -22.209669 ], [ -54.651399, -22.209521 ], [ -54.651612, -22.209602 ], [ -54.651554, -22.20975 ], [ -54.651341, -22.209669 ] ] ] } },
{ "type": "Feature", "properties": { "id": 84867, "insc_imob": "06.01.34.26.050", "quadra_cartorio": "02", "lote_cartorio": "08", "matricula": "29352", "circunscricao": "1º CIRCUNSCRIÇÃO", "zoneamento": null, "condominio": null, "area_geom": 389.74, "cnm": "062661.2.0029352-02" }, "geometry": { "type": "Polygon", "coordinates": [ [ [ -54.648536, -22.214809 ], [ -54.648598, -22.21474 ], [ -54.648889, -22.214965 ], [ -54.648882, -22.214972 ], [ -54.648827, -22.215035 ], [ -54.648759, -22.214983 ], [ -54.648536, -22.214809 ] ] ] } },
{ "type": "Feature", "properties": { "id": 85047, "insc_imob": "06.01.34.04.132", "quadra_cartorio": "01", "lote_cartorio": "14", "matricula": "47343", "circunscricao": "1º CIRCUNSCRIÇÃO", "zoneamento": null, "condominio": null, "area_geom": 397.22, "cnm": "062661.2.0047343-58" }, "geometry": { "type": "Polygon", "coordinates": [ [ [ -54.651322, -22.214732 ], [ -54.651415, -22.214627 ], [ -54.651514, -22.214704 ], [ -54.651328, -22.214912 ], [ -54.651229, -22.214836 ], [ -54.651322, -22.214732 ] ] ] } },
{ "type": "Feature", "properties": { "id": 85048, "insc_imob": "06.01.34.14.236", "quadra_cartorio": "04", "lote_cartorio": "20", "matricula": "23191", "circunscricao": "1º CIRCUNSCRIÇÃO", "zoneamento": null, "condominio": null, "area_geom": 397.25, "cnm": "062661.2.0023191-55" }, "geometry": { "type": "Polygon", "coordinates": [ [ [ -54.651018, -22.215997 ], [ -54.651204, -22.215789 ], [ -54.651303, -22.215866 ], [ -54.651117, -22.216074 ], [ -54.651018, -22.215997 ] ] ] } },
{ "type": "Feature", "properties": { "id": 85049, "insc_imob": "06.01.24.06.355", "quadra_cartorio": "43", "lote_cartorio": "P/43", "matricula": "46601", "circunscricao": "1º CIRCUNSCRIÇÃO", "zoneamento": null, "condominio": null, "area_geom": 389.4, "cnm": "062661.2.0046601-53" }, "geometry": { "type": "Polygon", "coordinates": [ [ [ -54.650787, -22.212911 ], [ -54.650966, -22.212711 ], [ -54.651019, -22.212752 ], [ -54.650678, -22.213133 ], [ -54.650627, -22.213089 ], [ -54.650787, -22.212911 ] ] ] } },
{ "type": "Feature", "properties": { "id": 85214, "insc_imob": "06.01.34.22.070", "quadra_cartorio": "30", "lote_cartorio": "06B", "matricula": "95164", "circunscricao": "1º CIRCUNSCRIÇÃO", "zoneamento": null, "condominio": null, "area_geom": 399.28, "cnm": "062661.2.0095164-58" }, "geometry": { "type": "Polygon", "coordinates": [ [ [ -54.651552, -22.217419 ], [ -54.65163, -22.217332 ], [ -54.651867, -22.217519 ], [ -54.651788, -22.217605 ], [ -54.651552, -22.217419 ] ] ] } },
{ "type": "Feature", "properties": { "id": 93979, "insc_imob": "06.01.24.36.286", "quadra_cartorio": "52", "lote_cartorio": "21B", "matricula": "156078", "circunscricao": "1º CIRCUNSCRIÇÃO", "zoneamento": null, "condominio": null, "area_geom": 357.87, "cnm": "062661.2.0156078-64" }, "geometry": { "type": "Polygon", "coordinates": [ [ [ -54.651945, -22.210146 ], [ -54.652053, -22.210186 ], [ -54.651947, -22.210437 ], [ -54.651838, -22.210397 ], [ -54.651945, -22.210146 ] ] ] } },
{ "type": "Feature", "properties": { "id": 94285, "insc_imob": "06.01.24.04.260", "quadra_cartorio": null, "lote_cartorio": "P/03", "matricula": "14821", "circunscricao": "1º CIRCUNSCRIÇÃO", "zoneamento": null, "condominio": null, "area_geom": 286.06, "cnm": "062661.2.0014821-42" }, "geometry": { "type": "Polygon", "coordinates": [ [ [ -54.65297, -22.214147 ], [ -54.653008, -22.214176 ], [ -54.652921, -22.214273 ], [ -54.652768, -22.214155 ], [ -54.652855, -22.214058 ], [ -54.652881, -22.214078 ], [ -54.65297, -22.214147 ] ] ] } },
{ "type": "Feature", "properties": { "id": 94573, "insc_imob": "06.01.24.05.060", "quadra_cartorio": null, "lote_cartorio": "01A", "matricula": "164375", "circunscricao": null, "zoneamento": null, "condominio": null, "area_geom": 361.52, "cnm": "062661.2.0164375-05" }, "geometry": { "type": "Polygon", "coordinates": [ [ [ -54.652598, -22.213438 ], [ -54.652525, -22.21352 ], [ -54.652295, -22.213344 ], [ -54.652371, -22.213262 ], [ -54.652598, -22.213438 ] ] ] } },
{ "type": "Feature", "properties": { "id": 94574, "insc_imob": "06.01.24.05.050", "quadra_cartorio": null, "lote_cartorio": "01B", "matricula": "164376", "circunscricao": null, "zoneamento": null, "condominio": null, "area_geom": 374.62, "cnm": "062661.2.0164376-02" }, "geometry": { "type": "Polygon", "coordinates": [ [ [ -54.652295, -22.213344 ], [ -54.652525, -22.21352 ], [ -54.652449, -22.213604 ], [ -54.652219, -22.213427 ], [ -54.652295, -22.213344 ] ] ] } },
{ "type": "Feature", "properties": { "id": 94575, "insc_imob": "06.01.24.05.040", "quadra_cartorio": null, "lote_cartorio": "01C", "matricula": "164377", "circunscricao": null, "zoneamento": null, "condominio": null, "area_geom": 368.51, "cnm": "062661.2.0164377-96" }, "geometry": { "type": "Polygon", "coordinates": [ [ [ -54.652219, -22.213427 ], [ -54.652449, -22.213604 ], [ -54.652374, -22.213688 ], [ -54.652145, -22.21351 ], [ -54.652219, -22.213427 ] ] ] } },
{ "type": "Feature", "properties": { "id": 94576, "insc_imob": "06.01.24.05.070", "quadra_cartorio": null, "lote_cartorio": "01D", "matricula": "164378", "circunscricao": null, "zoneamento": null, "condominio": null, "area_geom": 418.98, "cnm": "062661.2.0164378-93" }, "geometry": { "type": "Polygon", "coordinates": [ [ [ -54.652371, -22.213262 ], [ -54.652145, -22.21351 ], [ -54.65206, -22.213444 ], [ -54.652283, -22.213194 ], [ -54.652371, -22.213262 ] ] ] } },
{ "type": "Feature", "properties": { "id": 94577, "insc_imob": "06.01.24.05.080", "quadra_cartorio": null, "lote_cartorio": "01E", "matricula": "164379", "circunscricao": null, "zoneamento": null, "condominio": null, "area_geom": 1254.68, "cnm": "062661.2.0164379-90" }, "geometry": { "type": "Polygon", "coordinates": [ [ [ -54.652283, -22.213194 ], [ -54.65206, -22.213444 ], [ -54.651879, -22.213303 ], [ -54.652026, -22.213136 ], [ -54.651794, -22.212963 ], [ -54.651872, -22.212876 ], [ -54.652283, -22.213194 ] ] ] } },
{ "type": "Feature", "properties": { "id": 94578, "insc_imob": "06.01.24.05.090", "quadra_cartorio": null, "lote_cartorio": "01F", "matricula": "164380", "circunscricao": null, "zoneamento": null, "condominio": null, "area_geom": 726.94, "cnm": "062661.2.0164380-87" }, "geometry": { "type": "Polygon", "coordinates": [ [ [ -54.651794, -22.212963 ], [ -54.652026, -22.213136 ], [ -54.651879, -22.213303 ], [ -54.651649, -22.213125 ], [ -54.651794, -22.212963 ] ] ] } },
{ "type": "Feature", "properties": { "id": 94765, "insc_imob": "06.01.24.06.921", "quadra_cartorio": "52 NC", "lote_cartorio": "P/CH 41", "matricula": "TR-15068", "circunscricao": "1º CIRCUNSCRIÇÃO", "zoneamento": null, "condominio": null, "area_geom": 823.12, "cnm": null }, "geometry": { "type": "Polygon", "coordinates": [ [ [ -54.652562, -22.211402 ], [ -54.652784, -22.210834 ], [ -54.65289, -22.21087 ], [ -54.652823, -22.211053 ], [ -54.652782, -22.211164 ], [ -54.652741, -22.211275 ], [ -54.652703, -22.211377 ], [ -54.652678, -22.211446 ], [ -54.652562, -22.211402 ] ] ] } },
{ "type": "Feature", "properties": { "id": 95293, "insc_imob": "06.01.34.42.010", "quadra_cartorio": "30", "lote_cartorio": "S3", "matricula": "132958", "circunscricao": "1º CIRCUNSCRIÇÃO", "zoneamento": null, "condominio": null, "area_geom": 91363.13, "cnm": "062661.2.0132958-69" }, "geometry": { "type": "Polygon", "coordinates": [ [ [ -54.647725, -22.219952 ], [ -54.64862, -22.22064 ], [ -54.651121, -22.217893 ], [ -54.651201, -22.217955 ], [ -54.651282, -22.218017 ], [ -54.651362, -22.21808 ], [ -54.651442, -22.218142 ], [ -54.651523, -22.218204 ], [ -54.651604, -22.218267 ], [ -54.651684, -22.218329 ], [ -54.651765, -22.218391 ], [ -54.651767, -22.218389 ], [ -54.651966, -22.218171 ], [ -54.652055, -22.21824 ], [ -54.647858, -22.222851 ], [ -54.646246, -22.2216 ], [ -54.647725, -22.219952 ] ] ] } },
{ "type": "Feature", "properties": { "id": 95384, "insc_imob": "06.01.34.01.173", "quadra_cartorio": "06", "lote_cartorio": "10", "matricula": "107257", "circunscricao": "1º CIRCUNSCRIÇÃO", "zoneamento": null, "condominio": null, "area_geom": 577.66, "cnm": "062661.2.0107257-57" }, "geometry": { "type": "Polygon", "coordinates": [ [ [ -54.653833, -22.216651 ], [ -54.653931, -22.216541 ], [ -54.654203, -22.216753 ], [ -54.654105, -22.216862 ], [ -54.653833, -22.216651 ] ] ] } },
{ "type": "Feature", "properties": { "id": 95385, "insc_imob": "06.01.34.01.206", "quadra_cartorio": "06", "lote_cartorio": "A", "matricula": "114336", "circunscricao": "1º CIRCUNSCRIÇÃO", "zoneamento": null, "condominio": null, "area_geom": 382.72, "cnm": "062661.2.0114336-63" }, "geometry": { "type": "Polygon", "coordinates": [ [ [ -54.654221, -22.216393 ], [ -54.654314, -22.216465 ], [ -54.654402, -22.216534 ], [ -54.654303, -22.216643 ], [ -54.654123, -22.216503 ], [ -54.654221, -22.216393 ] ] ] } },
{ "type": "Feature", "properties": { "id": 95437, "insc_imob": "06.01.24.25.058", "quadra_cartorio": "52 NCD", "lote_cartorio": "13A", "matricula": "41553", "circunscricao": "1º CIRCUNSCRIÇÃO", "zoneamento": null, "condominio": null, "area_geom": 786.68, "cnm": "062661.2.0041553-65" }, "geometry": { "type": "Polygon", "coordinates": [ [ [ -54.653135, -22.211392 ], [ -54.653224, -22.211207 ], [ -54.653529, -22.211311 ], [ -54.653453, -22.211509 ], [ -54.653135, -22.211392 ] ] ] } },
{ "type": "Feature", "properties": { "id": 95770, "insc_imob": "06.01.25.11.256", "quadra_cartorio": "53 NCD", "lote_cartorio": "P/CH 36", "matricula": "88478", "circunscricao": "1º CIRCUNSCRIÇÃO", "zoneamento": null, "condominio": null, "area_geom": 441.57, "cnm": "062661.2.0088478-37" }, "geometry": { "type": "Polygon", "coordinates": [ [ [ -54.651954, -22.206696 ], [ -54.652032, -22.206616 ], [ -54.652289, -22.206823 ], [ -54.652286, -22.206825 ], [ -54.65223, -22.206923 ], [ -54.651954, -22.206696 ] ] ] } },
{ "type": "Feature", "properties": { "id": 97892, "insc_imob": "06.01.24.03.142", "quadra_cartorio": "03", "lote_cartorio": "01", "matricula": "9454", "circunscricao": "1º CIRCUNSCRIÇÃO", "zoneamento": null, "condominio": null, "area_geom": 344.74, "cnm": "062661.2.0009454-41" }, "geometry": { "type": "Polygon", "coordinates": [ [ [ -54.652942, -22.214851 ], [ -54.653014, -22.214771 ], [ -54.653237, -22.214944 ], [ -54.653166, -22.215024 ], [ -54.652942, -22.214851 ] ] ] } },
{ "type": "Feature", "properties": { "id": 97058, "insc_imob": "06.01.15.22.100", "quadra_cartorio": "52", "lote_cartorio": "P/26", "matricula": "39329", "circunscricao": "1º CIRCUNSCRIÇÃO", "zoneamento": null, "condominio": null, "area_geom": 149.9, "cnm": "062661.2.0039329-44" }, "geometry": { "type": "Polygon", "coordinates": [ [ [ -54.653356, -22.203398 ], [ -54.653456, -22.203301 ], [ -54.653526, -22.203363 ], [ -54.653425, -22.203461 ], [ -54.653356, -22.203398 ] ] ] } },
{ "type": "Feature", "properties": { "id": 97893, "insc_imob": "06.01.24.25.073", "quadra_cartorio": "52 NC", "lote_cartorio": "P/32", "matricula": "55144", "circunscricao": "1º CIRCUNSCRIÇÃO", "zoneamento": null, "condominio": null, "area_geom": 635.34, "cnm": "062661.2.0055144-32" }, "geometry": { "type": "Polygon", "coordinates": [ [ [ -54.653017, -22.211615 ], [ -54.653041, -22.211589 ], [ -54.653094, -22.211479 ], [ -54.65342, -22.211597 ], [ -54.653381, -22.2117 ], [ -54.653363, -22.211746 ], [ -54.653017, -22.211615 ] ] ] } },
{ "type": "Feature", "properties": { "id": 97894, "insc_imob": "06.01.24.25.427", "quadra_cartorio": "52 NC", "lote_cartorio": "P/32", "matricula": "57504", "circunscricao": "1º CIRCUNSCRIÇÃO", "zoneamento": null, "condominio": null, "area_geom": 364.96, "cnm": "062661.2.0057504-33" }, "geometry": { "type": "Polygon", "coordinates": [ [ [ -54.653574, -22.211193 ], [ -54.653603, -22.211117 ], [ -54.653718, -22.211404 ], [ -54.653495, -22.211401 ], [ -54.653529, -22.211311 ], [ -54.653574, -22.211193 ] ] ] } },
{ "type": "Feature", "properties": { "id": 97895, "insc_imob": "06.01.25.01.331", "quadra_cartorio": "53 NCD", "lote_cartorio": "P/26", "matricula": "40141", "circunscricao": "1º CIRCUNSCRIÇÃO", "zoneamento": null, "condominio": null, "area_geom": 566.47, "cnm": "062661.2.0040141-33" }, "geometry": { "type": "Polygon", "coordinates": [ [ [ -54.65118, -22.20701 ], [ -54.651286, -22.207106 ], [ -54.651049, -22.207368 ], [ -54.650945, -22.20728 ], [ -54.65118, -22.20701 ] ] ] } },
{ "type": "Feature", "properties": { "id": 97980, "insc_imob": "06.01.15.11.145", "quadra_cartorio": null, "lote_cartorio": "20", "matricula": "41940", "circunscricao": "1º CIRCUNSCRIÇÃO", "zoneamento": null, "condominio": null, "area_geom": 382.81, "cnm": "062661.2.0041940-68" }, "geometry": { "type": "Polygon", "coordinates": [ [ [ -54.652948, -22.204877 ], [ -54.653034, -22.204794 ], [ -54.653243, -22.204982 ], [ -54.653158, -22.205065 ], [ -54.652948, -22.204877 ] ] ] } },
{ "type": "Feature", "properties": { "id": 97982, "insc_imob": "06.01.15.11.260", "quadra_cartorio": "02", "lote_cartorio": "02", "matricula": "46855", "circunscricao": "1º CIRCUNSCRIÇÃO", "zoneamento": null, "condominio": null, "area_geom": 749.49, "cnm": "062661.2.0046855-67" }, "geometry": { "type": "Polygon", "coordinates": [ [ [ -54.653499, -22.204995 ], [ -54.6536, -22.204898 ], [ -54.653949, -22.205211 ], [ -54.653848, -22.205308 ], [ -54.653674, -22.205152 ], [ -54.653586, -22.205073 ], [ -54.653499, -22.204995 ] ] ] } },
{ "type": "Feature", "properties": { "id": 97983, "insc_imob": "06.01.15.11.286", "quadra_cartorio": "02", "lote_cartorio": "04", "matricula": "32035", "circunscricao": "1º CIRCUNSCRIÇÃO", "zoneamento": null, "condominio": null, "area_geom": 460.79, "cnm": "062661.2.0032035-04" }, "geometry": { "type": "Polygon", "coordinates": [ [ [ -54.653823, -22.204942 ], [ -54.653927, -22.204842 ], [ -54.654136, -22.20503 ], [ -54.654033, -22.20513 ], [ -54.653823, -22.204942 ] ] ] } },
{ "type": "Feature", "properties": { "id": 97984, "insc_imob": "06.01.15.11.415", "quadra_cartorio": null, "lote_cartorio": "P/12", "matricula": "44870", "circunscricao": "1º CIRCUNSCRIÇÃO", "zoneamento": null, "condominio": null, "area_geom": 191.41, "cnm": "062661.2.0044870-08" }, "geometry": { "type": "Polygon", "coordinates": [ [ [ -54.65374, -22.204307 ], [ -54.653825, -22.204224 ], [ -54.65393, -22.204318 ], [ -54.653844, -22.204401 ], [ -54.65374, -22.204307 ] ] ] } },
{ "type": "Feature", "properties": { "id": 98022, "insc_imob": "06.01.24.06.709", "quadra_cartorio": "52 NC", "lote_cartorio": "P/32", "matricula": "21620", "circunscricao": "1º CIRCUNSCRIÇÃO", "zoneamento": null, "condominio": null, "area_geom": 587.16, "cnm": "062661.2.0021620-15" }, "geometry": { "type": "Polygon", "coordinates": [ [ [ -54.651337, -22.212216 ], [ -54.6516, -22.211923 ], [ -54.651712, -22.211989 ], [ -54.651438, -22.212295 ], [ -54.651337, -22.212216 ] ] ] } },
{ "type": "Feature", "properties": { "id": 98258, "insc_imob": "06.01.24.14.330", "quadra_cartorio": "05 NCD", "lote_cartorio": "P/15", "matricula": "20541", "circunscricao": "1º CIRCUNSCRIÇÃO", "zoneamento": null, "condominio": null, "area_geom": 199.07, "cnm": "062661.2.0020541-51" }, "geometry": { "type": "Polygon", "coordinates": [ [ [ -54.653209, -22.213184 ], [ -54.653312, -22.213069 ], [ -54.653401, -22.213138 ], [ -54.653298, -22.213253 ], [ -54.653209, -22.213184 ] ] ] } },
{ "type": "Feature", "properties": { "id": 98618, "insc_imob": "06.01.24.06.325", "quadra_cartorio": "52 NC", "lote_cartorio": "P/37", "matricula": "46712", "circunscricao": "1º CIRCUNSCRIÇÃO", "zoneamento": null, "condominio": null, "area_geom": 561.87, "cnm": "062661.2.0046712-11" }, "geometry": { "type": "Polygon", "coordinates": [ [ [ -54.650401, -22.212718 ], [ -54.650547, -22.212763 ], [ -54.650582, -22.212694 ], [ -54.650737, -22.212758 ], [ -54.650694, -22.212803 ], [ -54.650635, -22.212756 ], [ -54.650616, -22.212778 ], [ -54.650453, -22.212959 ], [ -54.650292, -22.212833 ], [ -54.650401, -22.212718 ] ] ] } },
{ "type": "Feature", "properties": { "id": 98732, "insc_imob": "06.01.24.06.142", "quadra_cartorio": "52", "lote_cartorio": "X3", "matricula": "92025", "circunscricao": "1º CIRCUNSCRIÇÃO", "zoneamento": null, "condominio": null, "area_geom": 954.41, "cnm": "062661.2.0092025-66" }, "geometry": { "type": "Polygon", "coordinates": [ [ [ -54.650702, -22.211439 ], [ -54.650763, -22.211269 ], [ -54.651133, -22.211416 ], [ -54.651129, -22.211514 ], [ -54.65106, -22.211627 ], [ -54.650702, -22.211439 ] ] ] } },
{ "type": "Feature", "properties": { "id": 98740, "insc_imob": "06.01.15.21.188", "quadra_cartorio": "53", "lote_cartorio": "02", "matricula": "13562", "circunscricao": "1º CIRCUNSCRIÇÃO", "zoneamento": null, "condominio": null, "area_geom": 748.59, "cnm": "062661.2.0013562-36" }, "geometry": { "type": "Polygon", "coordinates": [ [ [ -54.654215, -22.204286 ], [ -54.654315, -22.204188 ], [ -54.654664, -22.204501 ], [ -54.654563, -22.204598 ], [ -54.654215, -22.204286 ] ] ] } },
{ "type": "Feature", "properties": { "id": 98741, "insc_imob": "06.01.24.03.037", "quadra_cartorio": "03", "lote_cartorio": "05", "matricula": "21503", "circunscricao": "1º CIRCUNSCRIÇÃO", "zoneamento": null, "condominio": null, "area_geom": 373.86, "cnm": "062661.2.0021503-75" }, "geometry": { "type": "Polygon", "coordinates": [ [ [ -54.653247, -22.21451 ], [ -54.653324, -22.214424 ], [ -54.653548, -22.214596 ], [ -54.65347, -22.214684 ], [ -54.653247, -22.21451 ] ] ] } },
{ "type": "Feature", "properties": { "id": 98742, "insc_imob": "06.01.34.24.060", "quadra_cartorio": "06", "lote_cartorio": "11", "matricula": "92094", "circunscricao": "1º CIRCUNSCRIÇÃO", "zoneamento": null, "condominio": null, "area_geom": 529.67, "cnm": "062661.2.0092094-53" }, "geometry": { "type": "Polygon", "coordinates": [ [ [ -54.649881, -22.215961 ], [ -54.649943, -22.215892 ], [ -54.650271, -22.216146 ], [ -54.650338, -22.216198 ], [ -54.650276, -22.216267 ], [ -54.649881, -22.215961 ] ] ] } },
{ "type": "Feature", "properties": { "id": 98743, "insc_imob": "06.01.34.25.240", "quadra_cartorio": "05", "lote_cartorio": "05", "matricula": "26192", "circunscricao": "1º CIRCUNSCRIÇÃO", "zoneamento": null, "condominio": null, "area_geom": 259.78, "cnm": "062661.2.0026192-73" }, "geometry": { "type": "Polygon", "coordinates": [ [ [ -54.649612, -22.215752 ], [ -54.649674, -22.215682 ], [ -54.649679, -22.215686 ], [ -54.649868, -22.215832 ], [ -54.649806, -22.215902 ], [ -54.649612, -22.215752 ] ] ] } },
{ "type": "Feature", "properties": { "id": 98919, "insc_imob": "06.01.34.26.070", "quadra_cartorio": "02", "lote_cartorio": "10", "matricula": "20833", "circunscricao": "1º CIRCUNSCRIÇÃO", "zoneamento": null, "condominio": null, "area_geom": 389.71, "cnm": "062661.2.0020833-48" }, "geometry": { "type": "Polygon", "coordinates": [ [ [ -54.648412, -22.214948 ], [ -54.648474, -22.214879 ], [ -54.648764, -22.215104 ], [ -54.648702, -22.215173 ], [ -54.648606, -22.215098 ], [ -54.648509, -22.215023 ], [ -54.648412, -22.214948 ] ] ] } },
{ "type": "Feature", "properties": { "id": 99067, "insc_imob": "06.01.14.01.078", "quadra_cartorio": "01", "lote_cartorio": "08 E 09", "matricula": "66177", "circunscricao": "1º CIRCUNSCRIÇÃO", "zoneamento": null, "condominio": null, "area_geom": 435.06, "cnm": "062661.2.0066177-10" }, "geometry": { "type": "Polygon", "coordinates": [ [ [ -54.653005, -22.206391 ], [ -54.65309, -22.206307 ], [ -54.653323, -22.206524 ], [ -54.653238, -22.206608 ], [ -54.653005, -22.206391 ] ] ] } },
{ "type": "Feature", "properties": { "id": 99068, "insc_imob": "06.01.14.01.090", "quadra_cartorio": "52 NC ", "lote_cartorio": "P/33", "matricula": "53941", "circunscricao": "1º CIRCUNSCRIÇÃO", "zoneamento": null, "condominio": null, "area_geom": 395.22, "cnm": "062661.2.0053941-52" }, "geometry": { "type": "Polygon", "coordinates": [ [ [ -54.652924, -22.206471 ], [ -54.653005, -22.206391 ], [ -54.653238, -22.206608 ], [ -54.653164, -22.206681 ], [ -54.652924, -22.206471 ] ] ] } },
{ "type": "Feature", "properties": { "id": 99130, "insc_imob": "06.01.15.21.088", "quadra_cartorio": null, "lote_cartorio": "P/07", "matricula": "26546", "circunscricao": "1º CIRCUNSCRIÇÃO", "zoneamento": null, "condominio": null, "area_geom": 576.22, "cnm": "062661.2.0026546-78" }, "geometry": { "type": "Polygon", "coordinates": [ [ [ -54.653884, -22.204133 ], [ -54.654175, -22.203849 ], [ -54.654269, -22.203933 ], [ -54.653977, -22.204215 ], [ -54.653884, -22.204133 ] ] ] } },
{ "type": "Feature", "properties": { "id": 99133, "insc_imob": "06.01.34.25.162", "quadra_cartorio": "03", "lote_cartorio": "14", "matricula": "28023", "circunscricao": "1º CIRCUNSCRIÇÃO", "zoneamento": null, "condominio": null, "area_geom": 359.76, "cnm": "062661.2.0028023-12" }, "geometry": { "type": "Polygon", "coordinates": [ [ [ -54.649275, -22.21596 ], [ -54.64946, -22.215752 ], [ -54.64955, -22.215821 ], [ -54.649364, -22.216029 ], [ -54.649275, -22.21596 ] ] ] } },
{ "type": "Feature", "properties": { "id": 99134, "insc_imob": "06.01.34.32.015", "quadra_cartorio": null, "lote_cartorio": "05D", "matricula": "135433", "circunscricao": "1º CIRCUNSCRIÇÃO", "zoneamento": null, "condominio": null, "area_geom": 345.35, "cnm": "062661.2.0135433-16" }, "geometry": { "type": "Polygon", "coordinates": [ [ [ -54.651362, -22.21808 ], [ -54.651364, -22.218078 ], [ -54.651562, -22.21786 ], [ -54.651643, -22.217922 ], [ -54.651444, -22.21814 ], [ -54.651442, -22.218142 ], [ -54.651362, -22.21808 ] ] ] } },
{ "type": "Feature", "properties": { "id": 99136, "insc_imob": "06.01.24.14.034", "quadra_cartorio": "05 NCD", "lote_cartorio": "16", "matricula": "37028", "circunscricao": "1º CIRCUNSCRIÇÃO", "zoneamento": null, "condominio": null, "area_geom": 319.97, "cnm": "062661.2.0037028-60" }, "geometry": { "type": "Polygon", "coordinates": [ [ [ -54.652963, -22.213193 ], [ -54.653069, -22.213075 ], [ -54.653209, -22.213184 ], [ -54.653103, -22.213302 ], [ -54.652963, -22.213193 ] ] ] } },
{ "type": "Feature", "properties": { "id": 99526, "insc_imob": "06.01.25.01.818", "quadra_cartorio": "53", "lote_cartorio": "AREA A", "matricula": "76166", "circunscricao": "1º CIRCUNSCRIÇÃO", "zoneamento": null, "condominio": null, "area_geom": 1460.74, "cnm": "062661.2.0076166-16" }, "geometry": { "type": "Polygon", "coordinates": [ [ [ -54.650017, -22.211158 ], [ -54.650072, -22.21096 ], [ -54.650585, -22.21117 ], [ -54.650509, -22.211378 ], [ -54.650005, -22.211201 ], [ -54.650017, -22.211158 ] ] ] } },
{ "type": "Feature", "properties": { "id": 99992, "insc_imob": "06.01.25.01.856", "quadra_cartorio": "53 NC", "lote_cartorio": "P/20", "matricula": "47661", "circunscricao": "1º CIRCUNSCRIÇÃO", "zoneamento": null, "condominio": null, "area_geom": 353.83, "cnm": "062661.2.0047661-74" }, "geometry": { "type": "Polygon", "coordinates": [ [ [ -54.650258, -22.210742 ], [ -54.650268, -22.210714 ], [ -54.650702, -22.210851 ], [ -54.650665, -22.210951 ], [ -54.650258, -22.210742 ] ] ] } },
{ "type": "Feature", "properties": { "id": 100219, "insc_imob": "06.01.24.25.022", "quadra_cartorio": "52 NCD", "lote_cartorio": "13A", "matricula": "27935", "circunscricao": "1º CIRCUNSCRIÇÃO", "zoneamento": null, "condominio": null, "area_geom": 434.4, "cnm": "062661.2.0027935-82" }, "geometry": { "type": "Polygon", "coordinates": [ [ [ -54.653224, -22.211207 ], [ -54.653274, -22.211103 ], [ -54.653574, -22.211193 ], [ -54.653529, -22.211311 ], [ -54.653224, -22.211207 ] ] ] } },
{ "type": "Feature", "properties": { "id": 100225, "insc_imob": "06.01.24.36.284", "quadra_cartorio": "52", "lote_cartorio": "21C", "matricula": "156079", "circunscricao": "1º CIRCUNSCRIÇÃO", "zoneamento": null, "condominio": null, "area_geom": 360.75, "cnm": "062661.2.0156079-61" }, "geometry": { "type": "Polygon", "coordinates": [ [ [ -54.651947, -22.210437 ], [ -54.651838, -22.210397 ], [ -54.651945, -22.210146 ], [ -54.651836, -22.210106 ], [ -54.65173, -22.210357 ], [ -54.651731, -22.210358 ], [ -54.651947, -22.210437 ] ] ] } },
{ "type": "Feature", "properties": { "id": 100299, "insc_imob": "06.01.34.16.060", "quadra_cartorio": "01", "lote_cartorio": "09", "matricula": "39449", "circunscricao": "1º CIRCUNSCRIÇÃO", "zoneamento": null, "condominio": null, "area_geom": 379.76, "cnm": "062661.2.0039449-72" }, "geometry": { "type": "Polygon", "coordinates": [ [ [ -54.649185, -22.214098 ], [ -54.649247, -22.214029 ], [ -54.649464, -22.214196 ], [ -54.649531, -22.214248 ], [ -54.649475, -22.214311 ], [ -54.649468, -22.214318 ], [ -54.649185, -22.214098 ] ] ] } },
{ "type": "Feature", "properties": { "id": 100300, "insc_imob": "06.01.34.25.030", "quadra_cartorio": "03", "lote_cartorio": "05", "matricula": "44547", "circunscricao": "1º CIRCUNSCRIÇÃO", "zoneamento": null, "condominio": null, "area_geom": 402.04, "cnm": "062661.2.0044547-07" }, "geometry": { "type": "Polygon", "coordinates": [ [ [ -54.649339, -22.215189 ], [ -54.649526, -22.214981 ], [ -54.649626, -22.215058 ], [ -54.64944, -22.215266 ], [ -54.649339, -22.215189 ] ] ] } },
{ "type": "Feature", "properties": { "id": 100321, "insc_imob": "06.01.34.04.185", "quadra_cartorio": "01", "lote_cartorio": "18", "matricula": "27154", "circunscricao": "1º CIRCUNSCRIÇÃO", "zoneamento": null, "condominio": null, "area_geom": 397.23, "cnm": "062661.2.0027154-97" }, "geometry": { "type": "Polygon", "coordinates": [ [ [ -54.651624, -22.215142 ], [ -54.65181, -22.214934 ], [ -54.651909, -22.21501 ], [ -54.651723, -22.215218 ], [ -54.651624, -22.215142 ] ] ] } },
{ "type": "Feature", "properties": { "id": 100352, "insc_imob": "06.01.34.25.150", "quadra_cartorio": "03", "lote_cartorio": "13", "matricula": "28024", "circunscricao": "1º CIRCUNSCRIÇÃO", "zoneamento": null, "condominio": null, "area_geom": 359.76, "cnm": "062661.2.0028024-09" }, "geometry": { "type": "Polygon", "coordinates": [ [ [ -54.649185, -22.215891 ], [ -54.649371, -22.215683 ], [ -54.64946, -22.215752 ], [ -54.649275, -22.21596 ], [ -54.649185, -22.215891 ] ] ] } },
{ "type": "Feature", "properties": { "id": 100370, "insc_imob": "06.01.24.46.055", "quadra_cartorio": "02", "lote_cartorio": "03", "matricula": "14390", "circunscricao": "1º CIRCUNSCRIÇÃO", "zoneamento": null, "condominio": null, "area_geom": 376.64, "cnm": "062661.2.0014390-74" }, "geometry": { "type": "Polygon", "coordinates": [ [ [ -54.65218, -22.20948 ], [ -54.652217, -22.209375 ], [ -54.652499, -22.209471 ], [ -54.652461, -22.209575 ], [ -54.65218, -22.20948 ] ] ] } },
{ "type": "Feature", "properties": { "id": 100384, "insc_imob": "06.01.34.24.397", "quadra_cartorio": "06", "lote_cartorio": "07", "matricula": "92090", "circunscricao": "1º CIRCUNSCRIÇÃO", "zoneamento": null, "condominio": null, "area_geom": 397.24, "cnm": "062661.2.0092090-65" }, "geometry": { "type": "Polygon", "coordinates": [ [ [ -54.650166, -22.21583 ], [ -54.650353, -22.215622 ], [ -54.650451, -22.215698 ], [ -54.650265, -22.215906 ], [ -54.650166, -22.21583 ] ] ] } },
{ "type": "Feature", "properties": { "id": 100421, "insc_imob": "06.01.34.24.152", "quadra_cartorio": "06", "lote_cartorio": "16", "matricula": "92099", "circunscricao": "1º CIRCUNSCRIÇÃO", "zoneamento": null, "condominio": null, "area_geom": 397.23, "cnm": "062661.2.0092099-38" }, "geometry": { "type": "Polygon", "coordinates": [ [ [ -54.649929, -22.216468 ], [ -54.650115, -22.21626 ], [ -54.650214, -22.216337 ], [ -54.650028, -22.216545 ], [ -54.649929, -22.216468 ] ] ] } },
{ "type": "Feature", "properties": { "id": 100455, "insc_imob": "06.01.34.02.374", "quadra_cartorio": "03", "lote_cartorio": "07", "matricula": "3963", "circunscricao": "1º CIRCUNSCRIÇÃO", "zoneamento": null, "condominio": null, "area_geom": 374.74, "cnm": "062661.2.0003963-24" }, "geometry": { "type": "Polygon", "coordinates": [ [ [ -54.653287, -22.215688 ], [ -54.653474, -22.21548 ], [ -54.653567, -22.215552 ], [ -54.65338, -22.21576 ], [ -54.653287, -22.215688 ] ] ] } },
{ "type": "Feature", "properties": { "id": 100508, "insc_imob": "06.01.24.03.062", "quadra_cartorio": "03", "lote_cartorio": "04", "matricula": "21502", "circunscricao": "1º CIRCUNSCRIÇÃO", "zoneamento": null, "condominio": null, "area_geom": 376.35, "cnm": "062661.2.0021502-78" }, "geometry": { "type": "Polygon", "coordinates": [ [ [ -54.653169, -22.214597 ], [ -54.653247, -22.21451 ], [ -54.65347, -22.214684 ], [ -54.653392, -22.214771 ], [ -54.653169, -22.214597 ] ] ] } },
{ "type": "Feature", "properties": { "id": 100509, "insc_imob": "06.01.34.04.261", "quadra_cartorio": "01", "lote_cartorio": "22", "matricula": "30407", "circunscricao": "1º CIRCUNSCRIÇÃO", "zoneamento": null, "condominio": null, "area_geom": 588.4, "cnm": "062661.2.0030407-38" }, "geometry": { "type": "Polygon", "coordinates": [ [ [ -54.651751, -22.214626 ], [ -54.651777, -22.214596 ], [ -54.65182, -22.214549 ], [ -54.651894, -22.214607 ], [ -54.651983, -22.214677 ], [ -54.652073, -22.214746 ], [ -54.652214, -22.214856 ], [ -54.652145, -22.214933 ], [ -54.651807, -22.214671 ], [ -54.651751, -22.214626 ] ] ] } },
{ "type": "Feature", "properties": { "id": 100533, "insc_imob": "06.01.24.04.155", "quadra_cartorio": "02", "lote_cartorio": "17", "matricula": "29866", "circunscricao": "1º CIRCUNSCRIÇÃO", "zoneamento": null, "condominio": null, "area_geom": 431.71, "cnm": "062661.2.0029866-12" }, "geometry": { "type": "Polygon", "coordinates": [ [ [ -54.652394, -22.214452 ], [ -54.652618, -22.214202 ], [ -54.652682, -22.214252 ], [ -54.652707, -22.214272 ], [ -54.652484, -22.214522 ], [ -54.652394, -22.214452 ] ] ] } },
{ "type": "Feature", "properties": { "id": 100534, "insc_imob": "06.01.24.15.322", "quadra_cartorio": "06", "lote_cartorio": "12", "matricula": "4211", "circunscricao": "1º CIRCUNSCRIÇÃO", "zoneamento": null, "condominio": null, "area_geom": 431.65, "cnm": "062661.2.0004211-56" }, "geometry": { "type": "Polygon", "coordinates": [ [ [ -54.652888, -22.212758 ], [ -54.653112, -22.212508 ], [ -54.653201, -22.212577 ], [ -54.652978, -22.212827 ], [ -54.652888, -22.212758 ] ] ] } },
{ "type": "Feature", "properties": { "id": 100562, "insc_imob": "06.01.34.03.299", "quadra_cartorio": "01", "lote_cartorio": "01", "matricula": "41828", "circunscricao": "1º CIRCUNSCRIÇÃO", "zoneamento": null, "condominio": null, "area_geom": 374.74, "cnm": "062661.2.0041828-16" }, "geometry": { "type": "Polygon", "coordinates": [ [ [ -54.652964, -22.215419 ], [ -54.653151, -22.215211 ], [ -54.653244, -22.215283 ], [ -54.653058, -22.215491 ], [ -54.652964, -22.215419 ] ] ] } },
{ "type": "Feature", "properties": { "id": 100589, "insc_imob": "06.01.24.15.370", "quadra_cartorio": "06", "lote_cartorio": "16", "matricula": "120600", "circunscricao": "1º CIRCUNSCRIÇÃO", "zoneamento": null, "condominio": null, "area_geom": 431.62, "cnm": "062661.2.0120600-89" }, "geometry": { "type": "Polygon", "coordinates": [ [ [ -54.652531, -22.21248 ], [ -54.652754, -22.212231 ], [ -54.652843, -22.2123 ], [ -54.65262, -22.21255 ], [ -54.652531, -22.21248 ] ] ] } },
{ "type": "Feature", "properties": { "id": 100610, "insc_imob": "06.01.15.11.390", "quadra_cartorio": null, "lote_cartorio": "10", "matricula": "49346", "circunscricao": "1º CIRCUNSCRIÇÃO", "zoneamento": null, "condominio": null, "area_geom": 574.4, "cnm": "062661.2.0049346-63" }, "geometry": { "type": "Polygon", "coordinates": [ [ [ -54.653614, -22.204754 ], [ -54.654, -22.20438 ], [ -54.65407, -22.204443 ], [ -54.653684, -22.204817 ], [ -54.653614, -22.204754 ] ] ] } },
{ "type": "Feature", "properties": { "id": 100611, "insc_imob": "06.01.34.01.106", "quadra_cartorio": "06", "lote_cartorio": "08", "matricula": "107255", "circunscricao": "1º CIRCUNSCRIÇÃO", "zoneamento": null, "condominio": null, "area_geom": 394.68, "cnm": "062661.2.0107255-63" }, "geometry": { "type": "Polygon", "coordinates": [ [ [ -54.653641, -22.216688 ], [ -54.653837, -22.216469 ], [ -54.653931, -22.216541 ], [ -54.653833, -22.216651 ], [ -54.653734, -22.21676 ], [ -54.653641, -22.216688 ] ] ] } },
{ "type": "Feature", "properties": { "id": 100632, "insc_imob": "06.01.15.11.301", "quadra_cartorio": "02", "lote_cartorio": "05", "matricula": "45417", "circunscricao": "1º CIRCUNSCRIÇÃO", "zoneamento": null, "condominio": null, "area_geom": 430.81, "cnm": "062661.2.0045417-16" }, "geometry": { "type": "Polygon", "coordinates": [ [ [ -54.653927, -22.204842 ], [ -54.654023, -22.204748 ], [ -54.654233, -22.204936 ], [ -54.654136, -22.20503 ], [ -54.653927, -22.204842 ] ] ] } },
{ "type": "Feature", "properties": { "id": 100633, "insc_imob": "06.01.34.25.260", "quadra_cartorio": "05", "lote_cartorio": "03", "matricula": "26190", "circunscricao": "1º CIRCUNSCRIÇÃO", "zoneamento": null, "condominio": null, "area_geom": 259.75, "cnm": "062661.2.0026190-79" }, "geometry": { "type": "Polygon", "coordinates": [ [ [ -54.649736, -22.215613 ], [ -54.649798, -22.215543 ], [ -54.649895, -22.215618 ], [ -54.649992, -22.215693 ], [ -54.64993, -22.215763 ], [ -54.649736, -22.215613 ] ] ] } },
{ "type": "Feature", "properties": { "id": 100671, "insc_imob": "06.01.34.16.165", "quadra_cartorio": "01", "lote_cartorio": "15", "matricula": "16237", "circunscricao": "1º CIRCUNSCRIÇÃO", "zoneamento": null, "condominio": null, "area_geom": 389.73, "cnm": "062661.2.0016237-62" }, "geometry": { "type": "Polygon", "coordinates": [ [ [ -54.649317, -22.21467 ], [ -54.649503, -22.214462 ], [ -54.6496, -22.214537 ], [ -54.649414, -22.214745 ], [ -54.649317, -22.21467 ] ] ] } },
{ "type": "Feature", "properties": { "id": 100672, "insc_imob": "06.01.34.16.218", "quadra_cartorio": "01", "lote_cartorio": "17", "matricula": "26303", "circunscricao": "1º CIRCUNSCRIÇÃO", "zoneamento": null, "condominio": null, "area_geom": 389.76, "cnm": "062661.2.0026303-31" }, "geometry": { "type": "Polygon", "coordinates": [ [ [ -54.649406, -22.214387 ], [ -54.649468, -22.214318 ], [ -54.649759, -22.214543 ], [ -54.649697, -22.214613 ], [ -54.6496, -22.214537 ], [ -54.649503, -22.214462 ], [ -54.649406, -22.214387 ] ] ] } },
{ "type": "Feature", "properties": { "id": 100707, "insc_imob": "06.01.34.24.275", "quadra_cartorio": "06", "lote_cartorio": "24", "matricula": "92107", "circunscricao": "1º CIRCUNSCRIÇÃO", "zoneamento": null, "condominio": null, "area_geom": 529.52, "cnm": "062661.2.0092107-14" }, "geometry": { "type": "Polygon", "coordinates": [ [ [ -54.6504, -22.216129 ], [ -54.650462, -22.216059 ], [ -54.650561, -22.216136 ], [ -54.65066, -22.216212 ], [ -54.650759, -22.216289 ], [ -54.650857, -22.216366 ], [ -54.650795, -22.216435 ], [ -54.6504, -22.216129 ] ] ] } },
{ "type": "Feature", "properties": { "id": 100737, "insc_imob": "06.01.15.22.080", "quadra_cartorio": "52 NCD", "lote_cartorio": "P/26", "matricula": "44564", "circunscricao": "1º CIRCUNSCRIÇÃO", "zoneamento": null, "condominio": null, "area_geom": 399.73, "cnm": "062661.2.0044564-53" }, "geometry": { "type": "Polygon", "coordinates": [ [ [ -54.653185, -22.203433 ], [ -54.653454, -22.203173 ], [ -54.653524, -22.203235 ], [ -54.653456, -22.203301 ], [ -54.653356, -22.203398 ], [ -54.653255, -22.203496 ], [ -54.653185, -22.203433 ] ] ] } },
{ "type": "Feature", "properties": { "id": 100739, "insc_imob": "06.01.34.33.062", "quadra_cartorio": "30", "lote_cartorio": "05C", "matricula": "95171", "circunscricao": "1º CIRCUNSCRIÇÃO", "zoneamento": null, "condominio": null, "area_geom": 399.7, "cnm": "062661.2.0095171-37" }, "geometry": { "type": "Polygon", "coordinates": [ [ [ -54.650516, -22.217424 ], [ -54.650714, -22.217202 ], [ -54.650808, -22.217274 ], [ -54.650609, -22.217496 ], [ -54.650516, -22.217424 ] ] ] } },
{ "type": "Feature", "properties": { "id": 100790, "insc_imob": "06.01.24.46.194", "quadra_cartorio": "02", "lote_cartorio": "12", "matricula": "105668", "circunscricao": "1º CIRCUNSCRIÇÃO", "zoneamento": null, "condominio": null, "area_geom": 362.83, "cnm": "062661.2.0105668-71" }, "geometry": { "type": "Polygon", "coordinates": [ [ [ -54.652892, -22.210069 ], [ -54.652992, -22.209809 ], [ -54.653101, -22.209845 ], [ -54.652999, -22.210106 ], [ -54.652892, -22.210069 ] ] ] } },
{ "type": "Feature", "properties": { "id": 100791, "insc_imob": "06.01.34.05.298", "quadra_cartorio": "02", "lote_cartorio": "02", "matricula": "45974", "circunscricao": "1º CIRCUNSCRIÇÃO", "zoneamento": null, "condominio": null, "area_geom": 389.72, "cnm": "062661.2.0045974-91" }, "geometry": { "type": "Polygon", "coordinates": [ [ [ -54.651133, -22.214007 ], [ -54.651319, -22.213799 ], [ -54.651416, -22.213874 ], [ -54.65123, -22.214082 ], [ -54.651133, -22.214007 ] ] ] } },
{ "type": "Feature", "properties": { "id": 100864, "insc_imob": "06.01.15.11.155", "quadra_cartorio": null, "lote_cartorio": "21", "matricula": "31455", "circunscricao": "1º CIRCUNSCRIÇÃO", "zoneamento": null, "condominio": null, "area_geom": 574.08, "cnm": "062661.2.0031455-95" }, "geometry": { "type": "Polygon", "coordinates": [ [ [ -54.653514, -22.20472 ], [ -54.653544, -22.204691 ], [ -54.653614, -22.204754 ], [ -54.653227, -22.205128 ], [ -54.653158, -22.205065 ], [ -54.653243, -22.204982 ], [ -54.65332, -22.204908 ], [ -54.653329, -22.204899 ], [ -54.653415, -22.204816 ], [ -54.653514, -22.20472 ] ] ] } },
{ "type": "Feature", "properties": { "id": 100865, "insc_imob": "06.01.34.02.156", "quadra_cartorio": "03", "lote_cartorio": "16", "matricula": "25401", "circunscricao": "1º CIRCUNSCRIÇÃO", "zoneamento": null, "condominio": null, "area_geom": 374.76, "cnm": "062661.2.0025401-21" }, "geometry": { "type": "Polygon", "coordinates": [ [ [ -54.653174, -22.216344 ], [ -54.65336, -22.216136 ], [ -54.653453, -22.216208 ], [ -54.653267, -22.216416 ], [ -54.653174, -22.216344 ] ] ] } },
{ "type": "Feature", "properties": { "id": 100954, "insc_imob": "06.01.34.14.060", "quadra_cartorio": "04", "lote_cartorio": "11", "matricula": "22463", "circunscricao": "1º CIRCUNSCRIÇÃO", "zoneamento": null, "condominio": null, "area_geom": 529.66, "cnm": "062661.2.0022463-08" }, "geometry": { "type": "Polygon", "coordinates": [ [ [ -54.650575, -22.215184 ], [ -54.650637, -22.215115 ], [ -54.650965, -22.215369 ], [ -54.651032, -22.215421 ], [ -54.65097, -22.21549 ], [ -54.650575, -22.215184 ] ] ] } },
{ "type": "Feature", "properties": { "id": 101044, "insc_imob": "06.01.24.13.017", "quadra_cartorio": "04", "lote_cartorio": "05", "matricula": "40031", "circunscricao": "1º CIRCUNSCRIÇÃO", "zoneamento": null, "condominio": null, "area_geom": 515.67, "cnm": "062661.2.0040031-72" }, "geometry": { "type": "Polygon", "coordinates": [ [ [ -54.653934, -22.213739 ], [ -54.654041, -22.213619 ], [ -54.654264, -22.213793 ], [ -54.654157, -22.213912 ], [ -54.653934, -22.213739 ] ] ] } },
{ "type": "Feature", "properties": { "id": 101045, "insc_imob": "06.01.24.13.098", "quadra_cartorio": "04", "lote_cartorio": "01", "matricula": "47938", "circunscricao": "1º CIRCUNSCRIÇÃO", "zoneamento": null, "condominio": null, "area_geom": 374.76, "cnm": "062661.2.0047938-19" }, "geometry": { "type": "Polygon", "coordinates": [ [ [ -54.653623, -22.214085 ], [ -54.653701, -22.213999 ], [ -54.653813, -22.214085 ], [ -54.653925, -22.214172 ], [ -54.653847, -22.214259 ], [ -54.653623, -22.214085 ] ] ] } },
{ "type": "Feature", "properties": { "id": 101082, "insc_imob": "06.01.34.22.180", "quadra_cartorio": null, "lote_cartorio": "08S", "matricula": "134781", "circunscricao": "1º CIRCUNSCRIÇÃO", "zoneamento": null, "condominio": null, "area_geom": 379.73, "cnm": "062661.2.0134781-32" }, "geometry": { "type": "Polygon", "coordinates": [ [ [ -54.652201, -22.218079 ], [ -54.652123, -22.218165 ], [ -54.651898, -22.217987 ], [ -54.651976, -22.217901 ], [ -54.652201, -22.218079 ] ] ] } },
{ "type": "Feature", "properties": { "id": 101123, "insc_imob": "06.01.15.21.365", "quadra_cartorio": "03", "lote_cartorio": "05", "matricula": "42118", "circunscricao": "1º CIRCUNSCRIÇÃO", "zoneamento": null, "condominio": null, "area_geom": 1017.5, "cnm": "062661.2.0042118-19" }, "geometry": { "type": "Polygon", "coordinates": [ [ [ -54.65455, -22.20396 ], [ -54.654692, -22.203826 ], [ -54.655034, -22.204143 ], [ -54.654899, -22.204273 ], [ -54.65455, -22.20396 ] ] ] } },
{ "type": "Feature", "properties": { "id": 101151, "insc_imob": "06.01.34.22.250", "quadra_cartorio": null, "lote_cartorio": "01S", "matricula": "134774", "circunscricao": "1º CIRCUNSCRIÇÃO", "zoneamento": null, "condominio": null, "area_geom": 379.75, "cnm": "062661.2.0134774-53" }, "geometry": { "type": "Polygon", "coordinates": [ [ [ -54.652671, -22.217562 ], [ -54.652447, -22.217385 ], [ -54.652525, -22.217299 ], [ -54.65275, -22.217476 ], [ -54.652671, -22.217562 ] ] ] } },
{ "type": "Feature", "properties": { "id": 101211, "insc_imob": "06.01.34.14.153", "quadra_cartorio": "04", "lote_cartorio": "16", "matricula": "36154", "circunscricao": "1º CIRCUNSCRIÇÃO", "zoneamento": null, "condominio": null, "area_geom": 397.21, "cnm": "062661.2.0036154-63" }, "geometry": { "type": "Polygon", "coordinates": [ [ [ -54.650623, -22.215691 ], [ -54.650809, -22.215483 ], [ -54.650908, -22.21556 ], [ -54.650722, -22.215768 ], [ -54.650623, -22.215691 ] ] ] } },
{ "type": "Feature", "properties": { "id": 101212, "insc_imob": "06.01.34.32.018", "quadra_cartorio": null, "lote_cartorio": "08D", "matricula": "135436", "circunscricao": "1º CIRCUNSCRIÇÃO", "zoneamento": null, "condominio": null, "area_geom": 344.39, "cnm": "062661.2.0135436-07" }, "geometry": { "type": "Polygon", "coordinates": [ [ [ -54.651121, -22.217893 ], [ -54.651321, -22.217673 ], [ -54.651401, -22.217735 ], [ -54.651201, -22.217955 ], [ -54.651121, -22.217893 ] ] ] } },
{ "type": "Feature", "properties": { "id": 101269, "insc_imob": "06.01.24.14.204", "quadra_cartorio": "05", "lote_cartorio": "08", "matricula": "16655", "circunscricao": "1º CIRCUNSCRIÇÃO", "zoneamento": null, "condominio": null, "area_geom": 402.89, "cnm": "062661.2.0016655-69" }, "geometry": { "type": "Polygon", "coordinates": [ [ [ -54.653431, -22.213951 ], [ -54.65364, -22.213718 ], [ -54.653729, -22.213787 ], [ -54.653521, -22.21402 ], [ -54.653431, -22.213951 ] ] ] } },
{ "type": "Feature", "properties": { "id": 101304, "insc_imob": "06.01.15.11.102", "quadra_cartorio": null, "lote_cartorio": "19", "matricula": "41939", "circunscricao": "1º CIRCUNSCRIÇÃO", "zoneamento": null, "condominio": null, "area_geom": 382.84, "cnm": "062661.2.0041939-71" }, "geometry": { "type": "Polygon", "coordinates": [ [ [ -54.653034, -22.204794 ], [ -54.65312, -22.204711 ], [ -54.653329, -22.204899 ], [ -54.65332, -22.204908 ], [ -54.653243, -22.204982 ], [ -54.653034, -22.204794 ] ] ] } },
{ "type": "Feature", "properties": { "id": 101319, "insc_imob": "06.01.34.26.208", "quadra_cartorio": "02", "lote_cartorio": "16", "matricula": "31406", "circunscricao": "1º CIRCUNSCRIÇÃO", "zoneamento": null, "condominio": null, "area_geom": 389.74, "cnm": "062661.2.0031406-48" }, "geometry": { "type": "Polygon", "coordinates": [ [ [ -54.64871, -22.215532 ], [ -54.648896, -22.215324 ], [ -54.648993, -22.215399 ], [ -54.648807, -22.215607 ], [ -54.64871, -22.215532 ] ] ] } },
{ "type": "Feature", "properties": { "id": 101467, "insc_imob": "06.01.34.04.041", "quadra_cartorio": "01", "lote_cartorio": "09", "matricula": "3081", "circunscricao": "1º CIRCUNSCRIÇÃO", "zoneamento": null, "condominio": null, "area_geom": 588.46, "cnm": "062661.2.0003081-51" }, "geometry": { "type": "Polygon", "coordinates": [ [ [ -54.651356, -22.21432 ], [ -54.651425, -22.214243 ], [ -54.651515, -22.214313 ], [ -54.651612, -22.214389 ], [ -54.651626, -22.214399 ], [ -54.651715, -22.214469 ], [ -54.651805, -22.214538 ], [ -54.65182, -22.214549 ], [ -54.651777, -22.214596 ], [ -54.651751, -22.214626 ], [ -54.651356, -22.21432 ] ] ] } },
{ "type": "Feature", "properties": { "id": 101468, "insc_imob": "06.01.34.22.190", "quadra_cartorio": null, "lote_cartorio": "07S", "matricula": "134780", "circunscricao": "1º CIRCUNSCRIÇÃO", "zoneamento": null, "condominio": null, "area_geom": 379.75, "cnm": "062661.2.0134780-35" }, "geometry": { "type": "Polygon", "coordinates": [ [ [ -54.651976, -22.217901 ], [ -54.652055, -22.217815 ], [ -54.652279, -22.217993 ], [ -54.652201, -22.218079 ], [ -54.651976, -22.217901 ] ] ] } },
{ "type": "Feature", "properties": { "id": 101469, "insc_imob": "06.01.34.32.017", "quadra_cartorio": null, "lote_cartorio": "07D", "matricula": "135435", "circunscricao": "1º CIRCUNSCRIÇÃO", "zoneamento": null, "condominio": null, "area_geom": 344.04, "cnm": "062661.2.0135435-10" }, "geometry": { "type": "Polygon", "coordinates": [ [ [ -54.651201, -22.217955 ], [ -54.651401, -22.217735 ], [ -54.651482, -22.217797 ], [ -54.651282, -22.218017 ], [ -54.651201, -22.217955 ] ] ] } },
{ "type": "Feature", "properties": { "id": 101579, "insc_imob": "06.01.14.01.161", "quadra_cartorio": "52 NCD", "lote_cartorio": "P/33", "matricula": "53941", "circunscricao": "1º CIRCUNSCRIÇÃO", "zoneamento": null, "condominio": null, "area_geom": 25969.85, "cnm": "062661.2.0053941-52" }, "geometry": { "type": "Polygon", "coordinates": [ [ [ -54.652684, -22.206744 ], [ -54.65276, -22.206632 ], [ -54.652844, -22.206549 ], [ -54.653084, -22.20676 ], [ -54.653164, -22.206681 ], [ -54.653238, -22.206608 ], [ -54.653323, -22.206524 ], [ -54.653405, -22.206443 ], [ -54.653489, -22.20636 ], [ -54.653572, -22.206277 ], [ -54.653625, -22.206225 ], [ -54.653654, -22.206197 ], [ -54.653754, -22.206098 ], [ -54.653919, -22.206251 ], [ -54.655724, -22.207931 ], [ -54.655412, -22.20828 ], [ -54.654064, -22.207131 ], [ -54.653495, -22.207701 ], [ -54.652812, -22.207159 ], [ -54.652826, -22.207113 ], [ -54.65289, -22.207042 ], [ -54.652961, -22.206963 ], [ -54.652684, -22.206744 ] ] ] } },
{ "type": "Feature", "properties": { "id": 101634, "insc_imob": "06.01.25.01.844", "quadra_cartorio": "53 NCD", "lote_cartorio": "P/26", "matricula": "16232", "circunscricao": "1º CIRCUNSCRIÇÃO", "zoneamento": null, "condominio": null, "area_geom": 1660.24, "cnm": "062661.2.0016232-77" }, "geometry": { "type": "Polygon", "coordinates": [ [ [ -54.650072, -22.21096 ], [ -54.65015, -22.210686 ], [ -54.650258, -22.210742 ], [ -54.650665, -22.210951 ], [ -54.650585, -22.21117 ], [ -54.650072, -22.21096 ] ] ] } },
{ "type": "Feature", "properties": { "id": 101635, "insc_imob": "06.01.34.33.025", "quadra_cartorio": "30", "lote_cartorio": "02C", "matricula": "95168", "circunscricao": "1º CIRCUNSCRIÇÃO", "zoneamento": null, "condominio": null, "area_geom": 399.73, "cnm": "062661.2.0095168-46" }, "geometry": { "type": "Polygon", "coordinates": [ [ [ -54.650795, -22.217641 ], [ -54.650994, -22.217419 ], [ -54.651087, -22.217491 ], [ -54.650888, -22.217713 ], [ -54.650795, -22.217641 ] ] ] } },
{ "type": "Feature", "properties": { "id": 101686, "insc_imob": "06.01.34.25.364", "quadra_cartorio": "03", "lote_cartorio": "04", "matricula": "44546", "circunscricao": "1º CIRCUNSCRIÇÃO", "zoneamento": null, "condominio": null, "area_geom": 359.74, "cnm": "062661.2.0044546-10" }, "geometry": { "type": "Polygon", "coordinates": [ [ [ -54.64944, -22.215266 ], [ -54.649626, -22.215058 ], [ -54.649715, -22.215127 ], [ -54.649529, -22.215336 ], [ -54.64944, -22.215266 ] ] ] } },
{ "type": "Feature", "properties": { "id": 101687, "insc_imob": "06.01.34.22.050", "quadra_cartorio": "30", "lote_cartorio": "04B", "matricula": "95162", "circunscricao": "1º CIRCUNSCRIÇÃO", "zoneamento": null, "condominio": null, "area_geom": 399.12, "cnm": "062661.2.0095162-64" }, "geometry": { "type": "Polygon", "coordinates": [ [ [ -54.651709, -22.217246 ], [ -54.651787, -22.21716 ], [ -54.652024, -22.217347 ], [ -54.651945, -22.217433 ], [ -54.651709, -22.217246 ] ] ] } },
{ "type": "Feature", "properties": { "id": 101717, "insc_imob": "06.01.34.26.228", "quadra_cartorio": "02", "lote_cartorio": "18", "matricula": "39448", "circunscricao": "1º CIRCUNSCRIÇÃO", "zoneamento": null, "condominio": null, "area_geom": 389.71, "cnm": "062661.2.0039448-75" }, "geometry": { "type": "Polygon", "coordinates": [ [ [ -54.648764, -22.215104 ], [ -54.648827, -22.215035 ], [ -54.649117, -22.21526 ], [ -54.649055, -22.215329 ], [ -54.648764, -22.215104 ] ] ] } },
{ "type": "Feature", "properties": { "id": 101719, "insc_imob": "06.01.34.24.191", "quadra_cartorio": "06", "lote_cartorio": "19", "matricula": "92102", "circunscricao": "1º CIRCUNSCRIÇÃO", "zoneamento": null, "condominio": null, "area_geom": 397.23, "cnm": "062661.2.0092102-29" }, "geometry": { "type": "Polygon", "coordinates": [ [ [ -54.650225, -22.216698 ], [ -54.650412, -22.21649 ], [ -54.65051, -22.216566 ], [ -54.650324, -22.216775 ], [ -54.650225, -22.216698 ] ] ] } },
{ "type": "Feature", "properties": { "id": 101732, "insc_imob": "06.01.24.46.371", "quadra_cartorio": "02", "lote_cartorio": "18", "matricula": "54082", "circunscricao": "1º CIRCUNSCRIÇÃO", "zoneamento": null, "condominio": null, "area_geom": 495.81, "cnm": "062661.2.0054082-17" }, "geometry": { "type": "Polygon", "coordinates": [ [ [ -54.652772, -22.209737 ], [ -54.652872, -22.209463 ], [ -54.653018, -22.209591 ], [ -54.652922, -22.209786 ], [ -54.652882, -22.209773 ], [ -54.652772, -22.209737 ] ] ] } },
{ "type": "Feature", "properties": { "id": 101754, "insc_imob": "06.01.15.11.370", "quadra_cartorio": null, "lote_cartorio": "08", "matricula": "36048", "circunscricao": "1º CIRCUNSCRIÇÃO", "zoneamento": null, "condominio": null, "area_geom": 574.55, "cnm": "062661.2.0036048-90" }, "geometry": { "type": "Polygon", "coordinates": [ [ [ -54.653753, -22.204879 ], [ -54.65414, -22.204505 ], [ -54.65421, -22.204568 ], [ -54.654113, -22.204661 ], [ -54.654023, -22.204748 ], [ -54.653927, -22.204842 ], [ -54.653823, -22.204942 ], [ -54.653753, -22.204879 ] ] ] } },
{ "type": "Feature", "properties": { "id": 101755, "insc_imob": "06.01.34.03.362", "quadra_cartorio": "01", "lote_cartorio": "A", "matricula": "59465", "circunscricao": "1º CIRCUNSCRIÇÃO", "zoneamento": null, "condominio": null, "area_geom": 562.13, "cnm": "062661.2.0059465-67" }, "geometry": { "type": "Polygon", "coordinates": [ [ [ -54.652452, -22.215022 ], [ -54.652639, -22.214814 ], [ -54.652778, -22.214922 ], [ -54.652592, -22.21513 ], [ -54.652452, -22.215022 ] ] ] } },
{ "type": "Feature", "properties": { "id": 102275, "insc_imob": "06.01.34.24.384", "quadra_cartorio": "06", "lote_cartorio": "06", "matricula": "92089", "circunscricao": "1º CIRCUNSCRIÇÃO", "zoneamento": null, "condominio": null, "area_geom": 397.22, "cnm": "062661.2.0092089-68" }, "geometry": { "type": "Polygon", "coordinates": [ [ [ -54.650265, -22.215906 ], [ -54.650451, -22.215698 ], [ -54.65055, -22.215775 ], [ -54.650364, -22.215983 ], [ -54.650265, -22.215906 ] ] ] } },
{ "type": "Feature", "properties": { "id": 102314, "insc_imob": "06.01.24.14.340", "quadra_cartorio": "05 NCD", "lote_cartorio": "15", "matricula": "37029", "circunscricao": "1º CIRCUNSCRIÇÃO", "zoneamento": null, "condominio": null, "area_geom": 203.87, "cnm": "062661.2.0037029-57" }, "geometry": { "type": "Polygon", "coordinates": [ [ [ -54.653103, -22.213302 ], [ -54.653209, -22.213184 ], [ -54.653298, -22.213253 ], [ -54.653193, -22.213371 ], [ -54.653103, -22.213302 ] ] ] } },
{ "type": "Feature", "properties": { "id": 102337, "insc_imob": "06.01.34.33.087", "quadra_cartorio": "30", "lote_cartorio": "07C", "matricula": "95173", "circunscricao": "1º CIRCUNSCRIÇÃO", "zoneamento": null, "condominio": null, "area_geom": 399.71, "cnm": "062661.2.0095173-31" }, "geometry": { "type": "Polygon", "coordinates": [ [ [ -54.65033, -22.217279 ], [ -54.650528, -22.217057 ], [ -54.650621, -22.21713 ], [ -54.650423, -22.217352 ], [ -54.65033, -22.217279 ] ] ] } },
{ "type": "Feature", "properties": { "id": 102358, "insc_imob": "06.01.24.05.246", "quadra_cartorio": "01", "lote_cartorio": "03", "matricula": "7104", "circunscricao": "1º CIRCUNSCRIÇÃO", "zoneamento": null, "condominio": null, "area_geom": 705.57, "cnm": "062661.2.0007104-10" }, "geometry": { "type": "Polygon", "coordinates": [ [ [ -54.651832, -22.213608 ], [ -54.651922, -22.213507 ], [ -54.652284, -22.213788 ], [ -54.652194, -22.213889 ], [ -54.65206, -22.213785 ], [ -54.651926, -22.213681 ], [ -54.651832, -22.213608 ] ] ] } },
{ "type": "Feature", "properties": { "id": 102390, "insc_imob": "06.01.34.03.234", "quadra_cartorio": "01", "lote_cartorio": "16", "matricula": "37964", "circunscricao": "1º CIRCUNSCRIÇÃO", "zoneamento": null, "condominio": null, "area_geom": 555.18, "cnm": "062661.2.0037964-65" }, "geometry": { "type": "Polygon", "coordinates": [ [ [ -54.652478, -22.215434 ], [ -54.652547, -22.215357 ], [ -54.65292, -22.215646 ], [ -54.652851, -22.215723 ], [ -54.652743, -22.215639 ], [ -54.65265, -22.215567 ], [ -54.652556, -22.215494 ], [ -54.652478, -22.215434 ] ] ] } },
{ "type": "Feature", "properties": { "id": 102524, "insc_imob": "06.01.24.34.040", "quadra_cartorio": null, "lote_cartorio": "37D", "matricula": "95255", "circunscricao": "1º CIRCUNSCRIÇÃO", "zoneamento": null, "condominio": null, "area_geom": 396.53, "cnm": "062661.2.0095255-76" }, "geometry": { "type": "Polygon", "coordinates": [ [ [ -54.653901, -22.2104 ], [ -54.653983, -22.210474 ], [ -54.653762, -22.210675 ], [ -54.653691, -22.210651 ], [ -54.653701, -22.210626 ], [ -54.653664, -22.210613 ], [ -54.653901, -22.2104 ] ] ] } },
{ "type": "Feature", "properties": { "id": 102525, "insc_imob": "06.01.34.04.052", "quadra_cartorio": "01", "lote_cartorio": "10", "matricula": "22402", "circunscricao": "1º CIRCUNSCRIÇÃO", "zoneamento": null, "condominio": null, "area_geom": 588.45, "cnm": "062661.2.0022402-94" }, "geometry": { "type": "Polygon", "coordinates": [ [ [ -54.651287, -22.214397 ], [ -54.651356, -22.21432 ], [ -54.651751, -22.214626 ], [ -54.651682, -22.214704 ], [ -54.651287, -22.214397 ] ] ] } },
{ "type": "Feature", "properties": { "id": 102595, "insc_imob": "06.01.24.04.167", "quadra_cartorio": "02", "lote_cartorio": "18", "matricula": "14908", "circunscricao": "1º CIRCUNSCRIÇÃO", "zoneamento": null, "condominio": null, "area_geom": 431.71, "cnm": "062661.2.0014908-72" }, "geometry": { "type": "Polygon", "coordinates": [ [ [ -54.652484, -22.214522 ], [ -54.652707, -22.214272 ], [ -54.652797, -22.214341 ], [ -54.652573, -22.214591 ], [ -54.652484, -22.214522 ] ] ] } },
{ "type": "Feature", "properties": { "id": 102596, "insc_imob": "06.01.24.46.158", "quadra_cartorio": "02", "lote_cartorio": "09", "matricula": "38620", "circunscricao": "1º CIRCUNSCRIÇÃO", "zoneamento": null, "condominio": null, "area_geom": 363.52, "cnm": "062661.2.0038620-37" }, "geometry": { "type": "Polygon", "coordinates": [ [ [ -54.652564, -22.209958 ], [ -54.652663, -22.209701 ], [ -54.652772, -22.209737 ], [ -54.652673, -22.209995 ], [ -54.652564, -22.209958 ] ] ] } },
{ "type": "Feature", "properties": { "id": 102638, "insc_imob": "06.01.34.26.113", "quadra_cartorio": "02", "lote_cartorio": "11", "matricula": "14387", "circunscricao": "1º CIRCUNSCRIÇÃO", "zoneamento": null, "condominio": null, "area_geom": 389.73, "cnm": "062661.2.0014387-83" }, "geometry": { "type": "Polygon", "coordinates": [ [ [ -54.648226, -22.215156 ], [ -54.648412, -22.214948 ], [ -54.648509, -22.215023 ], [ -54.648323, -22.215231 ], [ -54.648226, -22.215156 ] ] ] } },
{ "type": "Feature", "properties": { "id": 102880, "insc_imob": "06.01.24.04.315", "quadra_cartorio": "02", "lote_cartorio": "04", "matricula": "708", "circunscricao": "1º CIRCUNSCRIÇÃO", "zoneamento": null, "condominio": null, "area_geom": 431.68, "cnm": "062661.2.0000708-89" }, "geometry": { "type": "Polygon", "coordinates": [ [ [ -54.653149, -22.214286 ], [ -54.653373, -22.214036 ], [ -54.653462, -22.214105 ], [ -54.653239, -22.214355 ], [ -54.653149, -22.214286 ] ] ] } },
{ "type": "Feature", "properties": { "id": 104171, "insc_imob": "06.01.24.14.262", "quadra_cartorio": "05", "lote_cartorio": "10", "matricula": "31439", "circunscricao": "1º CIRCUNSCRIÇÃO", "zoneamento": null, "condominio": null, "area_geom": 402.95, "cnm": "062661.2.0031439-46" }, "geometry": { "type": "Polygon", "coordinates": [ [ [ -54.65355, -22.213649 ], [ -54.653759, -22.213416 ], [ -54.653848, -22.213485 ], [ -54.65364, -22.213718 ], [ -54.65355, -22.213649 ] ] ] } },
{ "type": "Feature", "properties": { "id": 104174, "insc_imob": "06.01.24.34.052", "quadra_cartorio": null, "lote_cartorio": "37E", "matricula": "95256", "circunscricao": "1º CIRCUNSCRIÇÃO", "zoneamento": null, "condominio": null, "area_geom": 352.05, "cnm": "062661.2.0095256-73" }, "geometry": { "type": "Polygon", "coordinates": [ [ [ -54.653983, -22.210474 ], [ -54.654068, -22.210551 ], [ -54.653918, -22.210697 ], [ -54.653821, -22.210695 ], [ -54.653762, -22.210675 ], [ -54.653983, -22.210474 ] ] ] } },
{ "type": "Feature", "properties": { "id": 104176, "insc_imob": "06.01.34.01.195", "quadra_cartorio": "06", "lote_cartorio": "B", "matricula": "114337", "circunscricao": "1º CIRCUNSCRIÇÃO", "zoneamento": null, "condominio": null, "area_geom": 394.68, "cnm": "062661.2.0114337-60" }, "geometry": { "type": "Polygon", "coordinates": [ [ [ -54.653936, -22.216358 ], [ -54.654034, -22.216249 ], [ -54.654221, -22.216393 ], [ -54.654123, -22.216503 ], [ -54.653936, -22.216358 ] ] ] } },
{ "type": "Feature", "properties": { "id": 104187, "insc_imob": "06.01.34.04.030", "quadra_cartorio": "01", "lote_cartorio": "08", "matricula": "3080", "circunscricao": "1º CIRCUNSCRIÇÃO", "zoneamento": null, "condominio": null, "area_geom": 361.87, "cnm": "062661.2.0003080-54" }, "geometry": { "type": "Polygon", "coordinates": [ [ [ -54.651425, -22.214243 ], [ -54.651575, -22.214077 ], [ -54.651612, -22.214036 ], [ -54.651702, -22.214106 ], [ -54.651515, -22.214313 ], [ -54.651425, -22.214243 ] ] ] } },
{ "type": "Feature", "properties": { "id": 104188, "insc_imob": "06.01.34.05.334", "quadra_cartorio": "05", "lote_cartorio": "03", "matricula": "23609", "circunscricao": "1º CIRCUNSCRIÇÃO", "zoneamento": null, "condominio": null, "area_geom": 359.73, "cnm": "062661.2.0023609-62" }, "geometry": { "type": "Polygon", "coordinates": [ [ [ -54.65088, -22.213811 ], [ -54.651066, -22.213603 ], [ -54.651156, -22.213672 ], [ -54.650969, -22.21388 ], [ -54.65088, -22.213811 ] ] ] } },
{ "type": "Feature", "properties": { "id": 104381, "insc_imob": "06.01.24.14.086", "quadra_cartorio": "05", "lote_cartorio": "01", "matricula": "23246", "circunscricao": "1º CIRCUNSCRIÇÃO", "zoneamento": null, "condominio": null, "area_geom": 633.46, "cnm": "062661.2.0023246-84" }, "geometry": { "type": "Polygon", "coordinates": [ [ [ -54.652754, -22.213426 ], [ -54.652963, -22.213193 ], [ -54.653103, -22.213302 ], [ -54.652895, -22.213535 ], [ -54.652754, -22.213426 ] ] ] } },
{ "type": "Feature", "properties": { "id": 104631, "insc_imob": "06.01.15.01.490", "quadra_cartorio": null, "lote_cartorio": "P/26", "matricula": "138703", "circunscricao": "1º CIRCUNSCRIÇÃO", "zoneamento": null, "condominio": null, "area_geom": 1545.87, "cnm": "062661.2.0138703-03" }, "geometry": { "type": "Polygon", "coordinates": [ [ [ -54.652993, -22.205423 ], [ -54.653116, -22.205304 ], [ -54.653182, -22.20524 ], [ -54.65356, -22.205578 ], [ -54.653364, -22.205768 ], [ -54.652993, -22.205423 ] ] ] } },
{ "type": "Feature", "properties": { "id": 104632, "insc_imob": "06.01.34.03.063", "quadra_cartorio": "01", "lote_cartorio": "11", "matricula": "38607", "circunscricao": "1º CIRCUNSCRIÇÃO", "zoneamento": null, "condominio": null, "area_geom": 555.12, "cnm": "062661.2.0038607-76" }, "geometry": { "type": "Polygon", "coordinates": [ [ [ -54.652106, -22.215145 ], [ -54.652175, -22.215068 ], [ -54.652547, -22.215357 ], [ -54.652478, -22.215434 ], [ -54.652463, -22.215422 ], [ -54.652106, -22.215145 ] ] ] } },
{ "type": "Feature", "properties": { "id": 104706, "insc_imob": "06.01.34.05.231", "quadra_cartorio": "02", "lote_cartorio": "04", "matricula": "21112", "circunscricao": "1º CIRCUNSCRIÇÃO", "zoneamento": null, "condominio": null, "area_geom": 288.6, "cnm": "062661.2.0021112-84" }, "geometry": { "type": "Polygon", "coordinates": [ [ [ -54.650995, -22.214161 ], [ -54.651064, -22.214084 ], [ -54.651079, -22.214096 ], [ -54.651258, -22.214235 ], [ -54.651189, -22.214312 ], [ -54.651021, -22.214181 ], [ -54.650995, -22.214161 ] ] ] } },
{ "type": "Feature", "properties": { "id": 104710, "insc_imob": "06.01.34.15.030", "quadra_cartorio": "04", "lote_cartorio": "05", "matricula": "12669", "circunscricao": "1º CIRCUNSCRIÇÃO", "zoneamento": null, "condominio": null, "area_geom": 381.96, "cnm": "062661.2.0012669-96" }, "geometry": { "type": "Polygon", "coordinates": [ [ [ -54.650025, -22.214399 ], [ -54.650213, -22.214192 ], [ -54.650307, -22.214265 ], [ -54.650121, -22.214473 ], [ -54.650025, -22.214399 ] ] ] } },
{ "type": "Feature", "properties": { "id": 104799, "insc_imob": "06.01.34.14.266", "quadra_cartorio": "04", "lote_cartorio": "23", "matricula": "19566", "circunscricao": "1º CIRCUNSCRIÇÃO", "zoneamento": null, "condominio": null, "area_geom": 529.56, "cnm": "062661.2.0019566-66" }, "geometry": { "type": "Polygon", "coordinates": [ [ [ -54.651032, -22.215421 ], [ -54.651086, -22.215361 ], [ -54.651094, -22.215352 ], [ -54.651489, -22.215658 ], [ -54.651427, -22.215727 ], [ -54.651032, -22.215421 ] ] ] } },
{ "type": "Feature", "properties": { "id": 104908, "insc_imob": "06.01.34.15.041", "quadra_cartorio": "04 NCD", "lote_cartorio": "6", "matricula": "25398", "circunscricao": "1º CIRCUNSCRIÇÃO", "zoneamento": null, "condominio": null, "area_geom": 370.07, "cnm": "062661.2.0025398-30" }, "geometry": { "type": "Polygon", "coordinates": [ [ [ -54.650241, -22.214685 ], [ -54.649964, -22.214469 ], [ -54.650025, -22.214399 ], [ -54.650121, -22.214473 ], [ -54.65021, -22.214542 ], [ -54.650299, -22.214612 ], [ -54.650241, -22.214685 ] ] ] } },
{ "type": "Feature", "properties": { "id": 104911, "insc_imob": "06.01.34.06.070", "quadra_cartorio": "30 NCD", "lote_cartorio": "J1", "matricula": "95211", "circunscricao": "1º CIRCUNSCRIÇÃO", "zoneamento": null, "condominio": null, "area_geom": 1704.3, "cnm": "062661.2.0095211-14" }, "geometry": { "type": "Polygon", "coordinates": [ [ [ -54.649614, -22.2136 ], [ -54.649875, -22.213309 ], [ -54.650129, -22.213504 ], [ -54.650177, -22.213542 ], [ -54.650102, -22.213626 ], [ -54.649916, -22.213834 ], [ -54.649614, -22.2136 ] ] ] } },
{ "type": "Feature", "properties": { "id": 105048, "insc_imob": "06.01.34.16.208", "quadra_cartorio": "01", "lote_cartorio": "16", "matricula": "16238", "circunscricao": "1º CIRCUNSCRIÇÃO", "zoneamento": null, "condominio": null, "area_geom": 389.75, "cnm": "062661.2.0016238-59" }, "geometry": { "type": "Polygon", "coordinates": [ [ [ -54.649414, -22.214745 ], [ -54.6496, -22.214537 ], [ -54.649697, -22.214613 ], [ -54.649548, -22.214779 ], [ -54.649511, -22.214821 ], [ -54.649414, -22.214745 ] ] ] } },
{ "type": "Feature", "properties": { "id": 105049, "insc_imob": "06.01.34.16.344", "quadra_cartorio": "01", "lote_cartorio": "05", "matricula": "25797", "circunscricao": "1º CIRCUNSCRIÇÃO", "zoneamento": null, "condominio": null, "area_geom": 389.69, "cnm": "062661.2.0025797-94" }, "geometry": { "type": "Polygon", "coordinates": [ [ [ -54.649573, -22.213835 ], [ -54.649647, -22.213751 ], [ -54.649744, -22.213827 ], [ -54.649558, -22.214035 ], [ -54.649461, -22.213959 ], [ -54.649573, -22.213835 ] ] ] } },
{ "type": "Feature", "properties": { "id": 105139, "insc_imob": "06.01.15.11.272", "quadra_cartorio": "02", "lote_cartorio": "03", "matricula": "32036", "circunscricao": "1º CIRCUNSCRIÇÃO", "zoneamento": null, "condominio": null, "area_geom": 623.13, "cnm": "062661.2.0032036-98" }, "geometry": { "type": "Polygon", "coordinates": [ [ [ -54.6536, -22.204898 ], [ -54.653623, -22.204875 ], [ -54.653684, -22.204817 ], [ -54.653746, -22.204873 ], [ -54.653753, -22.204879 ], [ -54.653823, -22.204942 ], [ -54.654033, -22.20513 ], [ -54.653949, -22.205211 ], [ -54.6536, -22.204898 ] ] ] } },
{ "type": "Feature", "properties": { "id": 105249, "insc_imob": "06.01.34.02.349", "quadra_cartorio": "03", "lote_cartorio": "05", "matricula": "607", "circunscricao": "1º CIRCUNSCRIÇÃO", "zoneamento": null, "condominio": null, "area_geom": 374.75, "cnm": "062661.2.0000607-04" }, "geometry": { "type": "Polygon", "coordinates": [ [ [ -54.653474, -22.215832 ], [ -54.65366, -22.215624 ], [ -54.653753, -22.215696 ], [ -54.653567, -22.215904 ], [ -54.653474, -22.215832 ] ] ] } },
{ "type": "Feature", "properties": { "id": 105250, "insc_imob": "06.01.34.03.349", "quadra_cartorio": "01", "lote_cartorio": "05", "matricula": "61442", "circunscricao": "1º CIRCUNSCRIÇÃO", "zoneamento": null, "condominio": null, "area_geom": 374.75, "cnm": "062661.2.0061442-53" }, "geometry": { "type": "Polygon", "coordinates": [ [ [ -54.652592, -22.21513 ], [ -54.652778, -22.214922 ], [ -54.652871, -22.214994 ], [ -54.652685, -22.215202 ], [ -54.652592, -22.21513 ] ] ] } },
{ "type": "Feature", "properties": { "id": 105401, "insc_imob": "06.01.24.36.072", "quadra_cartorio": "01", "lote_cartorio": "P/32", "matricula": "7410", "circunscricao": "1º CIRCUNSCRIÇÃO", "zoneamento": null, "condominio": null, "area_geom": 361.94, "cnm": "062661.2.0007410-62" }, "geometry": { "type": "Polygon", "coordinates": [ [ [ -54.651546, -22.209147 ], [ -54.651586, -22.209045 ], [ -54.651861, -22.209142 ], [ -54.651819, -22.209243 ], [ -54.651546, -22.209147 ] ] ] } },
{ "type": "Feature", "properties": { "id": 105402, "insc_imob": "06.01.24.36.190", "quadra_cartorio": "20D", "lote_cartorio": "20D", "matricula": "68496", "circunscricao": "1º CIRCUNSCRIÇÃO", "zoneamento": null, "condominio": null, "area_geom": 359.69, "cnm": "062661.2.0068496-37" }, "geometry": { "type": "Polygon", "coordinates": [ [ [ -54.651194, -22.21004 ], [ -54.651234, -22.209938 ], [ -54.651504, -22.210037 ], [ -54.651464, -22.210139 ], [ -54.651194, -22.21004 ] ] ] } },
{ "type": "Feature", "properties": { "id": 105565, "insc_imob": "06.01.24.15.310", "quadra_cartorio": "06", "lote_cartorio": "11", "matricula": "4215", "circunscricao": "1º CIRCUNSCRIÇÃO", "zoneamento": null, "condominio": null, "area_geom": 431.67, "cnm": "062661.2.0004215-44" }, "geometry": { "type": "Polygon", "coordinates": [ [ [ -54.652978, -22.212827 ], [ -54.653201, -22.212577 ], [ -54.65329, -22.212647 ], [ -54.653067, -22.212896 ], [ -54.652978, -22.212827 ] ] ] } },
{ "type": "Feature", "properties": { "id": 105620, "insc_imob": "06.01.25.01.384", "quadra_cartorio": "53 NCD", "lote_cartorio": "P/23", "matricula": "97771", "circunscricao": "1º CIRCUNSCRIÇÃO", "zoneamento": null, "condominio": null, "area_geom": 1431.22, "cnm": "062661.2.0097771-94" }, "geometry": { "type": "Polygon", "coordinates": [ [ [ -54.648541, -22.210855 ], [ -54.648694, -22.210679 ], [ -54.649097, -22.210806 ], [ -54.648978, -22.210971 ], [ -54.648876, -22.211114 ], [ -54.648541, -22.210855 ] ] ] } },
{ "type": "Feature", "properties": { "id": 105621, "insc_imob": "06.01.34.02.312", "quadra_cartorio": "03", "lote_cartorio": "02", "matricula": "43877", "circunscricao": "1º CIRCUNSCRIÇÃO", "zoneamento": null, "condominio": null, "area_geom": 374.73, "cnm": "062661.2.0043877-77" }, "geometry": { "type": "Polygon", "coordinates": [ [ [ -54.653846, -22.216121 ], [ -54.653753, -22.216049 ], [ -54.653939, -22.215841 ], [ -54.654032, -22.215913 ], [ -54.653846, -22.216121 ] ] ] } },
{ "type": "Feature", "properties": { "id": 105742, "insc_imob": "06.01.34.01.273", "quadra_cartorio": "06", "lote_cartorio": "03", "matricula": "14393", "circunscricao": "1º CIRCUNSCRIÇÃO", "zoneamento": null, "condominio": null, "area_geom": 374.74, "cnm": "062661.2.0014393-65" }, "geometry": { "type": "Polygon", "coordinates": [ [ [ -54.654128, -22.216321 ], [ -54.654314, -22.216113 ], [ -54.654407, -22.216185 ], [ -54.654221, -22.216393 ], [ -54.654128, -22.216321 ] ] ] } },
{ "type": "Feature", "properties": { "id": 105824, "insc_imob": "06.01.34.05.242", "quadra_cartorio": "02", "lote_cartorio": "03", "matricula": "46448", "circunscricao": "1º CIRCUNSCRIÇÃO", "zoneamento": null, "condominio": null, "area_geom": 288.67, "cnm": "062661.2.0046448-27" }, "geometry": { "type": "Polygon", "coordinates": [ [ [ -54.651064, -22.214084 ], [ -54.651133, -22.214007 ], [ -54.65123, -22.214082 ], [ -54.651327, -22.214158 ], [ -54.651267, -22.214225 ], [ -54.651258, -22.214235 ], [ -54.651079, -22.214096 ], [ -54.651064, -22.214084 ] ] ] } },
{ "type": "Feature", "properties": { "id": 105829, "insc_imob": "06.01.34.22.240", "quadra_cartorio": null, "lote_cartorio": "02S", "matricula": "134775", "circunscricao": "1º CIRCUNSCRIÇÃO", "zoneamento": null, "condominio": null, "area_geom": 379.75, "cnm": "062661.2.0134775-50" }, "geometry": { "type": "Polygon", "coordinates": [ [ [ -54.652593, -22.217648 ], [ -54.652368, -22.217471 ], [ -54.652447, -22.217385 ], [ -54.652671, -22.217562 ], [ -54.652593, -22.217648 ] ] ] } },
{ "type": "Feature", "properties": { "id": 106043, "insc_imob": "06.01.14.01.027", "quadra_cartorio": "52 NC", "lote_cartorio": "P/33", "matricula": "31409", "circunscricao": "1º CIRCUNSCRIÇÃO", "zoneamento": null, "condominio": null, "area_geom": 418.08, "cnm": "062661.2.0031409-39" }, "geometry": { "type": "Polygon", "coordinates": [ [ [ -54.653339, -22.20606 ], [ -54.653421, -22.20598 ], [ -54.653654, -22.206197 ], [ -54.653625, -22.206225 ], [ -54.653572, -22.206277 ], [ -54.653339, -22.20606 ] ] ] } },
{ "type": "Feature", "properties": { "id": 106182, "insc_imob": "06.01.15.11.232", "quadra_cartorio": null, "lote_cartorio": "P/01", "matricula": "21109", "circunscricao": "1º CIRCUNSCRIÇÃO", "zoneamento": null, "condominio": null, "area_geom": 425.27, "cnm": "062661.2.0021109-93" }, "geometry": { "type": "Polygon", "coordinates": [ [ [ -54.653472, -22.205347 ], [ -54.653586, -22.205236 ], [ -54.653761, -22.205393 ], [ -54.653647, -22.205503 ], [ -54.653472, -22.205347 ] ] ] } },
{ "type": "Feature", "properties": { "id": 106214, "insc_imob": "06.01.24.06.500", "quadra_cartorio": "52", "lote_cartorio": "P/43", "matricula": "22603", "circunscricao": "1º CIRCUNSCRIÇÃO", "zoneamento": null, "condominio": null, "area_geom": 1425.16, "cnm": "062661.2.0022603-73" }, "geometry": { "type": "Polygon", "coordinates": [ [ [ -54.651599, -22.213059 ], [ -54.651405, -22.212911 ], [ -54.651252, -22.212975 ], [ -54.651059, -22.212818 ], [ -54.65125, -22.212605 ], [ -54.651394, -22.212717 ], [ -54.651702, -22.212944 ], [ -54.651599, -22.213059 ] ] ] } },
{ "type": "Feature", "properties": { "id": 106256, "insc_imob": "06.01.15.01.519", "quadra_cartorio": null, "lote_cartorio": "02", "matricula": "30384", "circunscricao": "1º CIRCUNSCRIÇÃO", "zoneamento": null, "condominio": null, "area_geom": 415.56, "cnm": "062661.2.0030384-10" }, "geometry": { "type": "Polygon", "coordinates": [ [ [ -54.652794, -22.205238 ], [ -54.65298, -22.205058 ], [ -54.653084, -22.205152 ], [ -54.652897, -22.205333 ], [ -54.652794, -22.205238 ] ] ] } },
{ "type": "Feature", "properties": { "id": 106265, "insc_imob": "06.01.24.14.010", "quadra_cartorio": "05 NCD", "lote_cartorio": "P/16", "matricula": "20540", "circunscricao": "1º CIRCUNSCRIÇÃO", "zoneamento": null, "condominio": null, "area_geom": 312.84, "cnm": "062661.2.0020540-54" }, "geometry": { "type": "Polygon", "coordinates": [ [ [ -54.653069, -22.213075 ], [ -54.653171, -22.21296 ], [ -54.653312, -22.213069 ], [ -54.653209, -22.213184 ], [ -54.653069, -22.213075 ] ] ] } },
{ "type": "Feature", "properties": { "id": 106332, "insc_imob": "06.01.34.25.328", "quadra_cartorio": "03", "lote_cartorio": "01", "matricula": "3424", "circunscricao": "1º CIRCUNSCRIÇÃO", "zoneamento": null, "condominio": null, "area_geom": 358.17, "cnm": "062661.2.0003424-89" }, "geometry": { "type": "Polygon", "coordinates": [ [ [ -54.649709, -22.215475 ], [ -54.649894, -22.215266 ], [ -54.649984, -22.215335 ], [ -54.649798, -22.215543 ], [ -54.649798, -22.215543 ], [ -54.649709, -22.215475 ] ] ] } },
{ "type": "Feature", "properties": { "id": 107294, "insc_imob": "06.01.34.04.334", "quadra_cartorio": "01", "lote_cartorio": "03", "matricula": "55", "circunscricao": "1º CIRCUNSCRIÇÃO", "zoneamento": null, "condominio": null, "area_geom": 359.74, "cnm": "062661.2.0000055-11" }, "geometry": { "type": "Polygon", "coordinates": [ [ [ -54.651894, -22.214607 ], [ -54.65208, -22.214399 ], [ -54.65217, -22.214468 ], [ -54.651983, -22.214677 ], [ -54.651894, -22.214607 ] ] ] } },
{ "type": "Feature", "properties": { "id": 113040, "insc_imob": "06.01.24.04.375", "quadra_cartorio": "02", "lote_cartorio": "09", "matricula": "8195", "circunscricao": "1º CIRCUNSCRIÇÃO", "zoneamento": null, "condominio": null, "area_geom": 431.7, "cnm": "062661.2.0008195-35" }, "geometry": { "type": "Polygon", "coordinates": [ [ [ -54.652702, -22.213939 ], [ -54.652926, -22.213689 ], [ -54.653015, -22.213759 ], [ -54.652792, -22.214008 ], [ -54.652702, -22.213939 ] ] ] } },
{ "type": "Feature", "properties": { "id": 114450, "insc_imob": "06.01.34.26.030", "quadra_cartorio": "02", "lote_cartorio": "06", "matricula": "29360", "circunscricao": "1º CIRCUNSCRIÇÃO", "zoneamento": null, "condominio": null, "area_geom": 389.74, "cnm": "062661.2.0029360-75" }, "geometry": { "type": "Polygon", "coordinates": [ [ [ -54.64866, -22.214671 ], [ -54.648846, -22.214462 ], [ -54.648943, -22.214538 ], [ -54.648757, -22.214746 ], [ -54.64866, -22.214671 ] ] ] } },
{ "type": "Feature", "properties": { "id": 114451, "insc_imob": "06.01.34.26.060", "quadra_cartorio": "02", "lote_cartorio": "09", "matricula": "22333", "circunscricao": "1º CIRCUNSCRIÇÃO", "zoneamento": null, "condominio": null, "area_geom": 389.73, "cnm": "062661.2.0022333-10" }, "geometry": { "type": "Polygon", "coordinates": [ [ [ -54.648474, -22.214879 ], [ -54.648536, -22.214809 ], [ -54.648759, -22.214983 ], [ -54.648827, -22.215035 ], [ -54.648764, -22.215104 ], [ -54.648474, -22.214879 ] ] ] } },
{ "type": "Feature", "properties": { "id": 114452, "insc_imob": "06.01.34.26.126", "quadra_cartorio": "02", "lote_cartorio": "12", "matricula": "14388", "circunscricao": "1º CIRCUNSCRIÇÃO", "zoneamento": null, "condominio": null, "area_geom": 389.73, "cnm": "062661.2.0014388-80" }, "geometry": { "type": "Polygon", "coordinates": [ [ [ -54.648323, -22.215231 ], [ -54.648509, -22.215023 ], [ -54.648606, -22.215098 ], [ -54.648419, -22.215306 ], [ -54.648323, -22.215231 ] ] ] } },
{ "type": "Feature", "properties": { "id": 114453, "insc_imob": "06.01.34.26.291", "quadra_cartorio": "02", "lote_cartorio": "01", "matricula": "35603", "circunscricao": "1º CIRCUNSCRIÇÃO", "zoneamento": null, "condominio": null, "area_geom": 449.59, "cnm": "062661.2.0035603-67" }, "geometry": { "type": "Polygon", "coordinates": [ [ [ -54.649129, -22.215035 ], [ -54.649316, -22.214827 ], [ -54.649383, -22.214879 ], [ -54.649427, -22.214913 ], [ -54.649241, -22.215121 ], [ -54.649129, -22.215035 ] ] ] } },
{ "type": "Feature", "properties": { "id": 114454, "insc_imob": "06.01.34.26.317", "quadra_cartorio": "02", "lote_cartorio": "03", "matricula": "8274", "circunscricao": "1º CIRCUNSCRIÇÃO", "zoneamento": null, "condominio": null, "area_geom": 389.62, "cnm": "062661.2.0008274-89" }, "geometry": { "type": "Polygon", "coordinates": [ [ [ -54.648951, -22.214896 ], [ -54.649137, -22.214688 ], [ -54.649234, -22.214763 ], [ -54.649048, -22.214971 ], [ -54.648951, -22.214896 ] ] ] } },
{ "type": "Feature", "properties": { "id": 114472, "insc_imob": "06.01.34.26.330", "quadra_cartorio": "02", "lote_cartorio": "04", "matricula": "8275", "circunscricao": "1º CIRCUNSCRIÇÃO", "zoneamento": null, "condominio": null, "area_geom": 389.75, "cnm": "062661.2.0008275-86" }, "geometry": { "type": "Polygon", "coordinates": [ [ [ -54.648854, -22.214821 ], [ -54.64904, -22.214613 ], [ -54.649137, -22.214688 ], [ -54.648951, -22.214896 ], [ -54.648854, -22.214821 ] ] ] } },
{ "type": "Feature", "properties": { "id": 114473, "insc_imob": "06.01.34.26.343", "quadra_cartorio": "02", "lote_cartorio": "05", "matricula": "29359", "circunscricao": "1º CIRCUNSCRIÇÃO", "zoneamento": null, "condominio": null, "area_geom": 389.72, "cnm": "062661.2.0029359-78" }, "geometry": { "type": "Polygon", "coordinates": [ [ [ -54.648757, -22.214746 ], [ -54.648943, -22.214538 ], [ -54.64904, -22.214613 ], [ -54.648854, -22.214821 ], [ -54.648757, -22.214746 ] ] ] } },
{ "type": "Feature", "properties": { "id": 114474, "insc_imob": "06.01.34.32.012", "quadra_cartorio": null, "lote_cartorio": "02D", "matricula": "135430", "circunscricao": "1º CIRCUNSCRIÇÃO", "zoneamento": null, "condominio": null, "area_geom": 345.3, "cnm": "062661.2.0135430-25" }, "geometry": { "type": "Polygon", "coordinates": [ [ [ -54.651604, -22.218267 ], [ -54.651606, -22.218264 ], [ -54.651804, -22.218046 ], [ -54.651885, -22.218109 ], [ -54.651686, -22.218327 ], [ -54.651684, -22.218329 ], [ -54.651604, -22.218267 ] ] ] } },
{ "type": "Feature", "properties": { "id": 114505, "insc_imob": "06.01.34.26.139", "quadra_cartorio": "02", "lote_cartorio": "13", "matricula": "25266", "circunscricao": "1º CIRCUNSCRIÇÃO", "zoneamento": null, "condominio": null, "area_geom": 389.73, "cnm": "062661.2.0025266-38" }, "geometry": { "type": "Polygon", "coordinates": [ [ [ -54.648419, -22.215306 ], [ -54.648606, -22.215098 ], [ -54.648702, -22.215173 ], [ -54.648516, -22.215381 ], [ -54.648419, -22.215306 ] ] ] } },
{ "type": "Feature", "properties": { "id": 114506, "insc_imob": "06.01.34.32.013", "quadra_cartorio": null, "lote_cartorio": "03D", "matricula": "135431", "circunscricao": "1º CIRCUNSCRIÇÃO", "zoneamento": null, "condominio": null, "area_geom": 345.3, "cnm": "062661.2.0135431-22" }, "geometry": { "type": "Polygon", "coordinates": [ [ [ -54.651523, -22.218204 ], [ -54.651525, -22.218202 ], [ -54.651724, -22.217984 ], [ -54.651804, -22.218046 ], [ -54.651606, -22.218264 ], [ -54.651604, -22.218267 ], [ -54.651523, -22.218204 ] ] ] } },
{ "type": "Feature", "properties": { "id": 114507, "insc_imob": "06.01.34.32.014", "quadra_cartorio": null, "lote_cartorio": "04D", "matricula": "135432", "circunscricao": "1º CIRCUNSCRIÇÃO", "zoneamento": null, "condominio": null, "area_geom": 345.36, "cnm": "062661.2.0135432-19" }, "geometry": { "type": "Polygon", "coordinates": [ [ [ -54.651442, -22.218142 ], [ -54.651444, -22.21814 ], [ -54.651643, -22.217922 ], [ -54.651724, -22.217984 ], [ -54.651525, -22.218202 ], [ -54.651523, -22.218204 ], [ -54.651442, -22.218142 ] ] ] } },
{ "type": "Feature", "properties": { "id": 114543, "insc_imob": "06.01.24.06.602", "quadra_cartorio": "52 NCD", "lote_cartorio": "P/32", "matricula": "20879", "circunscricao": "1º CIRCUNSCRIÇÃO", "zoneamento": null, "condominio": null, "area_geom": 374.72, "cnm": "062661.2.0020879-07" }, "geometry": { "type": "Polygon", "coordinates": [ [ [ -54.651207, -22.212571 ], [ -54.651393, -22.212363 ], [ -54.651486, -22.212435 ], [ -54.6513, -22.212644 ], [ -54.65125, -22.212605 ], [ -54.651219, -22.212581 ], [ -54.651207, -22.212571 ] ] ] } },
{ "type": "Feature", "properties": { "id": 114544, "insc_imob": "06.01.24.06.627", "quadra_cartorio": "52 NC ", "lote_cartorio": "P/43", "matricula": "55005", "circunscricao": "1º CIRCUNSCRIÇÃO", "zoneamento": null, "condominio": null, "area_geom": 374.74, "cnm": "062661.2.0055005-61" }, "geometry": { "type": "Polygon", "coordinates": [ [ [ -54.65102, -22.212426 ], [ -54.651206, -22.212218 ], [ -54.651299, -22.21229 ], [ -54.651113, -22.212498 ], [ -54.65102, -22.212426 ] ] ] } },
{ "type": "Feature", "properties": { "id": 114545, "insc_imob": "06.01.24.06.640", "quadra_cartorio": "52 NC ", "lote_cartorio": "CH.43", "matricula": "31683", "circunscricao": "1º CIRCUNSCRIÇÃO", "zoneamento": null, "condominio": null, "area_geom": 374.7, "cnm": "062661.2.0031683-90" }, "geometry": { "type": "Polygon", "coordinates": [ [ [ -54.650927, -22.212354 ], [ -54.651113, -22.212146 ], [ -54.651206, -22.212218 ], [ -54.65102, -22.212426 ], [ -54.650927, -22.212354 ] ] ] } },
{ "type": "Feature", "properties": { "id": 114864, "insc_imob": "06.01.34.26.152", "quadra_cartorio": "02", "lote_cartorio": "14", "matricula": "2004", "circunscricao": "1º CIRCUNSCRIÇÃO", "zoneamento": null, "condominio": null, "area_geom": 389.76, "cnm": "062661.2.0002004-81" }, "geometry": { "type": "Polygon", "coordinates": [ [ [ -54.648516, -22.215381 ], [ -54.648702, -22.215173 ], [ -54.648799, -22.215248 ], [ -54.648613, -22.215457 ], [ -54.648516, -22.215381 ] ] ] } },
{ "type": "Feature", "properties": { "id": 116285, "insc_imob": "06.01.15.01.027", "quadra_cartorio": null, "lote_cartorio": "03", "matricula": "48494", "circunscricao": "1º CIRCUNSCRIÇÃO", "zoneamento": null, "condominio": null, "area_geom": 411.64, "cnm": "062661.2.0048494-97" }, "geometry": { "type": "Polygon", "coordinates": [ [ [ -54.652677, -22.20513 ], [ -54.652861, -22.204952 ], [ -54.652966, -22.205046 ], [ -54.652781, -22.205225 ], [ -54.652677, -22.20513 ] ] ] } },
{ "type": "Feature", "properties": { "id": 116312, "insc_imob": "06.01.15.01.406", "quadra_cartorio": "53 NCD", "lote_cartorio": "P/CH 37", "matricula": "45665", "circunscricao": "1º CIRCUNSCRIÇÃO", "zoneamento": null, "condominio": null, "area_geom": 3607.21, "cnm": "062661.2.0045665-48" }, "geometry": { "type": "Polygon", "coordinates": [ [ [ -54.652544, -22.205707 ], [ -54.652914, -22.205349 ], [ -54.652993, -22.205423 ], [ -54.653364, -22.205768 ], [ -54.652994, -22.206126 ], [ -54.652544, -22.205707 ] ] ] } },
{ "type": "Feature", "properties": { "id": 116313, "insc_imob": "06.01.15.11.013", "quadra_cartorio": null, "lote_cartorio": "12", "matricula": "44870", "circunscricao": "1º CIRCUNSCRIÇÃO", "zoneamento": null, "condominio": null, "area_geom": 191.42, "cnm": "062661.2.0044870-08" }, "geometry": { "type": "Polygon", "coordinates": [ [ [ -54.653635, -22.204213 ], [ -54.653721, -22.20413 ], [ -54.653825, -22.204224 ], [ -54.65374, -22.204307 ], [ -54.653635, -22.204213 ] ] ] } },
{ "type": "Feature", "properties": { "id": 116337, "insc_imob": "06.01.15.11.064", "quadra_cartorio": null, "lote_cartorio": "16", "matricula": "22720", "circunscricao": "1º CIRCUNSCRIÇÃO", "zoneamento": null, "condominio": null, "area_geom": 322.88, "cnm": "062661.2.0022720-13" }, "geometry": { "type": "Polygon", "coordinates": [ [ [ -54.653305, -22.204532 ], [ -54.653377, -22.204462 ], [ -54.653587, -22.20465 ], [ -54.653544, -22.204691 ], [ -54.653514, -22.20472 ], [ -54.653305, -22.204532 ] ] ] } },
{ "type": "Feature", "properties": { "id": 116338, "insc_imob": "06.01.15.11.077", "quadra_cartorio": null, "lote_cartorio": "17", "matricula": "31690", "circunscricao": "1º CIRCUNSCRIÇÃO", "zoneamento": null, "condominio": null, "area_geom": 442.78, "cnm": "062661.2.0031690-69" }, "geometry": { "type": "Polygon", "coordinates": [ [ [ -54.653206, -22.204628 ], [ -54.653305, -22.204532 ], [ -54.653514, -22.20472 ], [ -54.653415, -22.204816 ], [ -54.653206, -22.204628 ] ] ] } },
{ "type": "Feature", "properties": { "id": 116339, "insc_imob": "06.01.15.11.089", "quadra_cartorio": null, "lote_cartorio": "18", "matricula": "47709", "circunscricao": "1º CIRCUNSCRIÇÃO", "zoneamento": null, "condominio": null, "area_geom": 382.83, "cnm": "062661.2.0047709-27" }, "geometry": { "type": "Polygon", "coordinates": [ [ [ -54.65312, -22.204711 ], [ -54.653206, -22.204628 ], [ -54.653415, -22.204816 ], [ -54.653329, -22.204899 ], [ -54.65312, -22.204711 ] ] ] } },
{ "type": "Feature", "properties": { "id": 116341, "insc_imob": "06.01.15.11.245", "quadra_cartorio": "02", "lote_cartorio": "P/01", "matricula": "21488", "circunscricao": "1º CIRCUNSCRIÇÃO", "zoneamento": null, "condominio": null, "area_geom": 324.13, "cnm": "062661.2.0021488-23" }, "geometry": { "type": "Polygon", "coordinates": [ [ [ -54.653586, -22.205236 ], [ -54.653674, -22.205152 ], [ -54.653848, -22.205308 ], [ -54.653761, -22.205393 ], [ -54.653586, -22.205236 ] ] ] } },
{ "type": "Feature", "properties": { "id": 116364, "insc_imob": "06.01.15.11.400", "quadra_cartorio": null, "lote_cartorio": "11", "matricula": "47520", "circunscricao": "1º CIRCUNSCRIÇÃO", "zoneamento": null, "condominio": null, "area_geom": 574.53, "cnm": "062661.2.0047520-12" }, "geometry": { "type": "Polygon", "coordinates": [ [ [ -54.653844, -22.204401 ], [ -54.65393, -22.204318 ], [ -54.654, -22.20438 ], [ -54.653614, -22.204754 ], [ -54.653544, -22.204691 ], [ -54.653587, -22.20465 ], [ -54.653673, -22.204567 ], [ -54.653759, -22.204484 ], [ -54.653844, -22.204401 ] ] ] } },
{ "type": "Feature", "properties": { "id": 116365, "insc_imob": "06.01.15.21.075", "quadra_cartorio": null, "lote_cartorio": "07", "matricula": "26546", "circunscricao": "1º CIRCUNSCRIÇÃO", "zoneamento": null, "condominio": null, "area_geom": 592.61, "cnm": "062661.2.0026546-78" }, "geometry": { "type": "Polygon", "coordinates": [ [ [ -54.653789, -22.204047 ], [ -54.65408, -22.203764 ], [ -54.654175, -22.203849 ], [ -54.653884, -22.204133 ], [ -54.653789, -22.204047 ] ] ] } },
{ "type": "Feature", "properties": { "id": 116367, "insc_imob": "06.01.15.21.173", "quadra_cartorio": "03", "lote_cartorio": "01", "matricula": "22561", "circunscricao": "1º CIRCUNSCRIÇÃO", "zoneamento": null, "condominio": null, "area_geom": 568.93, "cnm": "062661.2.0022561-05" }, "geometry": { "type": "Polygon", "coordinates": [ [ [ -54.654138, -22.20436 ], [ -54.654215, -22.204286 ], [ -54.654563, -22.204598 ], [ -54.654487, -22.204672 ], [ -54.654138, -22.20436 ] ] ] } },
{ "type": "Feature", "properties": { "id": 116387, "insc_imob": "06.01.15.22.090", "quadra_cartorio": "52", "lote_cartorio": "P/26", "matricula": "45490", "circunscricao": "1º CIRCUNSCRIÇÃO", "zoneamento": null, "condominio": null, "area_geom": 149.9, "cnm": "062661.2.0045490-88" }, "geometry": { "type": "Polygon", "coordinates": [ [ [ -54.653255, -22.203496 ], [ -54.653356, -22.203398 ], [ -54.653425, -22.203461 ], [ -54.653325, -22.203558 ], [ -54.653255, -22.203496 ] ] ] } },
{ "type": "Feature", "properties": { "id": 116388, "insc_imob": "06.01.15.22.120", "quadra_cartorio": "52 NC", "lote_cartorio": "A", "matricula": "87961", "circunscricao": "1º CIRCUNSCRIÇÃO", "zoneamento": null, "condominio": null, "area_geom": 399.72, "cnm": "062661.2.0087961-36" }, "geometry": { "type": "Polygon", "coordinates": [ [ [ -54.653526, -22.203363 ], [ -54.653593, -22.203298 ], [ -54.653663, -22.203361 ], [ -54.653394, -22.203621 ], [ -54.653325, -22.203558 ], [ -54.653425, -22.203461 ], [ -54.653526, -22.203363 ] ] ] } },
{ "type": "Feature", "properties": { "id": 116391, "insc_imob": "06.01.15.22.210", "quadra_cartorio": null, "lote_cartorio": "P/26", "matricula": "19980", "circunscricao": "1º CIRCUNSCRIÇÃO", "zoneamento": null, "condominio": null, "area_geom": 389.78, "cnm": "062661.2.0019980-85" }, "geometry": { "type": "Polygon", "coordinates": [ [ [ -54.653716, -22.20357 ], [ -54.653803, -22.203486 ], [ -54.654013, -22.203674 ], [ -54.653925, -22.203758 ], [ -54.653716, -22.20357 ] ] ] } },
{ "type": "Feature", "properties": { "id": 116410, "insc_imob": "06.01.15.22.398", "quadra_cartorio": null, "lote_cartorio": "P/26", "matricula": "26944", "circunscricao": "1º CIRCUNSCRIÇÃO", "zoneamento": null, "condominio": null, "area_geom": 4202.83, "cnm": "062661.2.0026944-48" }, "geometry": { "type": "Polygon", "coordinates": [ [ [ -54.653246, -22.202986 ], [ -54.653509, -22.202731 ], [ -54.654264, -22.203431 ], [ -54.654028, -22.203658 ], [ -54.654013, -22.203674 ], [ -54.653803, -22.203486 ], [ -54.653733, -22.203423 ], [ -54.653663, -22.203361 ], [ -54.653593, -22.203298 ], [ -54.653524, -22.203235 ], [ -54.653454, -22.203173 ], [ -54.653382, -22.203108 ], [ -54.653246, -22.202986 ] ] ] } },
{ "type": "Feature", "properties": { "id": 116412, "insc_imob": "06.01.24.02.012", "quadra_cartorio": "52 NC", "lote_cartorio": "P/39", "matricula": "96346", "circunscricao": "1º CIRCUNSCRIÇÃO", "zoneamento": null, "condominio": null, "area_geom": 359.76, "cnm": "062661.2.0096346-04" }, "geometry": { "type": "Polygon", "coordinates": [ [ [ -54.653466, -22.215264 ], [ -54.653652, -22.215056 ], [ -54.653742, -22.215125 ], [ -54.653555, -22.215333 ], [ -54.653466, -22.215264 ] ] ] } },
{ "type": "Feature", "properties": { "id": 116451, "insc_imob": "06.01.24.05.179", "quadra_cartorio": "01", "lote_cartorio": "01", "matricula": "13496", "circunscricao": "1º CIRCUNSCRIÇÃO", "zoneamento": null, "condominio": null, "area_geom": 622.73, "cnm": "062661.2.0013496-40" }, "geometry": { "type": "Polygon", "coordinates": [ [ [ -54.651711, -22.213922 ], [ -54.651926, -22.213681 ], [ -54.65206, -22.213785 ], [ -54.651846, -22.214025 ], [ -54.651711, -22.213922 ] ] ] } },
{ "type": "Feature", "properties": { "id": 116453, "insc_imob": "06.01.24.06.462", "quadra_cartorio": "52 NC", "lote_cartorio": "P/32", "matricula": "27762", "circunscricao": "1º CIRCUNSCRIÇÃO", "zoneamento": null, "condominio": null, "area_geom": 345.25, "cnm": "062661.2.0027762-19" }, "geometry": { "type": "Polygon", "coordinates": [ [ [ -54.651113, -22.213138 ], [ -54.651178, -22.213065 ], [ -54.651423, -22.213255 ], [ -54.651358, -22.213328 ], [ -54.651197, -22.213203 ], [ -54.651113, -22.213138 ] ] ] } },
{ "type": "Feature", "properties": { "id": 116454, "insc_imob": "06.01.24.06.475", "quadra_cartorio": "52 NCD", "lote_cartorio": "P/32", "matricula": "27764", "circunscricao": "1º CIRCUNSCRIÇÃO", "zoneamento": null, "condominio": null, "area_geom": 411.72, "cnm": "062661.2.0027764-13" }, "geometry": { "type": "Polygon", "coordinates": [ [ [ -54.651249, -22.212986 ], [ -54.651252, -22.212975 ], [ -54.651501, -22.213168 ], [ -54.651423, -22.213255 ], [ -54.651178, -22.213065 ], [ -54.651249, -22.212986 ] ] ] } },
{ "type": "Feature", "properties": { "id": 116455, "insc_imob": "06.01.24.06.489", "quadra_cartorio": "52 NCD", "lote_cartorio": "P/43", "matricula": "27762", "circunscricao": "1º CIRCUNSCRIÇÃO", "zoneamento": null, "condominio": null, "area_geom": 463.48, "cnm": "062661.2.0027762-19" }, "geometry": { "type": "Polygon", "coordinates": [ [ [ -54.651252, -22.212975 ], [ -54.651405, -22.212911 ], [ -54.651599, -22.213059 ], [ -54.651501, -22.213168 ], [ -54.651252, -22.212975 ] ] ] } },
{ "type": "Feature", "properties": { "id": 116460, "insc_imob": "06.01.24.14.250", "quadra_cartorio": "05", "lote_cartorio": "09", "matricula": "36520", "circunscricao": "1º CIRCUNSCRIÇÃO", "zoneamento": null, "condominio": null, "area_geom": 402.86, "cnm": "062661.2.0036520-32" }, "geometry": { "type": "Polygon", "coordinates": [ [ [ -54.65364, -22.213718 ], [ -54.653848, -22.213485 ], [ -54.653938, -22.213554 ], [ -54.653729, -22.213787 ], [ -54.65364, -22.213718 ] ] ] } },
{ "type": "Feature", "properties": { "id": 116461, "insc_imob": "06.01.24.14.274", "quadra_cartorio": "05", "lote_cartorio": "11", "matricula": "29800", "circunscricao": "1º CIRCUNSCRIÇÃO", "zoneamento": null, "condominio": null, "area_geom": 402.94, "cnm": "062661.2.0029800-16" }, "geometry": { "type": "Polygon", "coordinates": [ [ [ -54.653461, -22.213579 ], [ -54.65367, -22.213346 ], [ -54.653759, -22.213416 ], [ -54.65355, -22.213649 ], [ -54.653461, -22.213579 ] ] ] } },
{ "type": "Feature", "properties": { "id": 116481, "insc_imob": "06.01.24.14.298", "quadra_cartorio": "05", "lote_cartorio": "13", "matricula": "28476", "circunscricao": "1º CIRCUNSCRIÇÃO", "zoneamento": null, "condominio": null, "area_geom": 402.94, "cnm": "062661.2.0028476-11" }, "geometry": { "type": "Polygon", "coordinates": [ [ [ -54.653282, -22.213441 ], [ -54.653491, -22.213208 ], [ -54.65358, -22.213277 ], [ -54.653372, -22.21351 ], [ -54.653282, -22.213441 ] ] ] } },
{ "type": "Feature", "properties": { "id": 116489, "insc_imob": "06.01.24.14.310", "quadra_cartorio": "05", "lote_cartorio": "14", "matricula": "44101", "circunscricao": "1º CIRCUNSCRIÇÃO", "zoneamento": null, "condominio": null, "area_geom": 402.95, "cnm": "062661.2.0044101-84" }, "geometry": { "type": "Polygon", "coordinates": [ [ [ -54.653298, -22.213253 ], [ -54.653401, -22.213138 ], [ -54.653491, -22.213208 ], [ -54.653282, -22.213441 ], [ -54.653193, -22.213371 ], [ -54.653298, -22.213253 ] ] ] } },
{ "type": "Feature", "properties": { "id": 116490, "insc_imob": "06.01.24.15.036", "quadra_cartorio": "06", "lote_cartorio": "18", "matricula": "19147", "circunscricao": "1º CIRCUNSCRIÇÃO", "zoneamento": null, "condominio": null, "area_geom": 477.48, "cnm": "062661.2.0019147-62" }, "geometry": { "type": "Polygon", "coordinates": [ [ [ -54.652342, -22.212334 ], [ -54.652566, -22.212085 ], [ -54.652665, -22.212161 ], [ -54.652441, -22.212411 ], [ -54.652342, -22.212334 ] ] ] } },
{ "type": "Feature", "properties": { "id": 116491, "insc_imob": "06.01.24.15.050", "quadra_cartorio": "06", "lote_cartorio": "19", "matricula": "25230", "circunscricao": "1º CIRCUNSCRIÇÃO", "zoneamento": null, "condominio": null, "area_geom": 680.2, "cnm": "062661.2.0025230-49" }, "geometry": { "type": "Polygon", "coordinates": [ [ [ -54.652255, -22.212431 ], [ -54.652342, -22.212334 ], [ -54.652441, -22.212411 ], [ -54.652531, -22.21248 ], [ -54.65262, -22.21255 ], [ -54.652704, -22.212615 ], [ -54.652673, -22.21265 ], [ -54.652617, -22.212712 ], [ -54.652255, -22.212431 ] ] ] } },
{ "type": "Feature", "properties": { "id": 116492, "insc_imob": "06.01.24.15.064", "quadra_cartorio": "06", "lote_cartorio": "20", "matricula": "25231", "circunscricao": "1º CIRCUNSCRIÇÃO", "zoneamento": null, "condominio": null, "area_geom": 680.43, "cnm": "062661.2.0025231-46" }, "geometry": { "type": "Polygon", "coordinates": [ [ [ -54.652168, -22.212528 ], [ -54.652255, -22.212431 ], [ -54.652617, -22.212712 ], [ -54.652531, -22.212809 ], [ -54.652446, -22.212744 ], [ -54.652357, -22.212675 ], [ -54.652268, -22.212605 ], [ -54.652168, -22.212528 ] ] ] } },
{ "type": "Feature", "properties": { "id": 116493, "insc_imob": "06.01.24.15.126", "quadra_cartorio": "06", "lote_cartorio": "02", "matricula": "25221", "circunscricao": "1º CIRCUNSCRIÇÃO", "zoneamento": null, "condominio": null, "area_geom": 431.72, "cnm": "062661.2.0025221-76" }, "geometry": { "type": "Polygon", "coordinates": [ [ [ -54.652044, -22.212855 ], [ -54.652268, -22.212605 ], [ -54.652357, -22.212675 ], [ -54.652134, -22.212924 ], [ -54.652044, -22.212855 ] ] ] } },
{ "type": "Feature", "properties": { "id": 116513, "insc_imob": "06.01.24.15.138", "quadra_cartorio": "06", "lote_cartorio": "03", "matricula": "25222", "circunscricao": "1º CIRCUNSCRIÇÃO", "zoneamento": null, "condominio": null, "area_geom": 431.72, "cnm": "062661.2.0025222-73" }, "geometry": { "type": "Polygon", "coordinates": [ [ [ -54.652134, -22.212924 ], [ -54.652357, -22.212675 ], [ -54.652446, -22.212744 ], [ -54.652223, -22.212994 ], [ -54.652134, -22.212924 ] ] ] } },
{ "type": "Feature", "properties": { "id": 116514, "insc_imob": "06.01.24.15.162", "quadra_cartorio": "06", "lote_cartorio": "05", "matricula": "25224", "circunscricao": "1º CIRCUNSCRIÇÃO", "zoneamento": null, "condominio": null, "area_geom": 431.71, "cnm": "062661.2.0025224-67" }, "geometry": { "type": "Polygon", "coordinates": [ [ [ -54.652312, -22.213063 ], [ -54.652536, -22.212813 ], [ -54.652625, -22.212883 ], [ -54.652402, -22.213132 ], [ -54.652312, -22.213063 ] ] ] } },
{ "type": "Feature", "properties": { "id": 116515, "insc_imob": "06.01.24.15.174", "quadra_cartorio": "06", "lote_cartorio": "06", "matricula": "25225", "circunscricao": "1º CIRCUNSCRIÇÃO", "zoneamento": null, "condominio": null, "area_geom": 431.72, "cnm": "062661.2.0025225-64" }, "geometry": { "type": "Polygon", "coordinates": [ [ [ -54.652402, -22.213132 ], [ -54.652625, -22.212883 ], [ -54.652714, -22.212952 ], [ -54.652491, -22.213202 ], [ -54.652402, -22.213132 ] ] ] } },
{ "type": "Feature", "properties": { "id": 116516, "insc_imob": "06.01.24.15.186", "quadra_cartorio": "06", "lote_cartorio": "07", "matricula": "25226", "circunscricao": "1º CIRCUNSCRIÇÃO", "zoneamento": null, "condominio": null, "area_geom": 431.7, "cnm": "062661.2.0025226-61" }, "geometry": { "type": "Polygon", "coordinates": [ [ [ -54.652491, -22.213202 ], [ -54.652714, -22.212952 ], [ -54.652804, -22.213021 ], [ -54.65258, -22.213271 ], [ -54.652491, -22.213202 ] ] ] } },
{ "type": "Feature", "properties": { "id": 116517, "insc_imob": "06.01.24.15.234", "quadra_cartorio": "06", "lote_cartorio": "08", "matricula": "25227", "circunscricao": "1º CIRCUNSCRIÇÃO", "zoneamento": null, "condominio": null, "area_geom": 431.69, "cnm": "062661.2.0025227-58" }, "geometry": { "type": "Polygon", "coordinates": [ [ [ -54.65258, -22.213271 ], [ -54.652804, -22.213021 ], [ -54.652893, -22.213091 ], [ -54.65267, -22.21334 ], [ -54.65258, -22.213271 ] ] ] } },
{ "type": "Feature", "properties": { "id": 116518, "insc_imob": "06.01.24.15.248", "quadra_cartorio": "06", "lote_cartorio": "09", "matricula": "25228", "circunscricao": "1º CIRCUNSCRIÇÃO", "zoneamento": null, "condominio": null, "area_geom": 681.27, "cnm": "062661.2.0025228-55" }, "geometry": { "type": "Polygon", "coordinates": [ [ [ -54.652531, -22.212809 ], [ -54.652617, -22.212712 ], [ -54.652684, -22.212764 ], [ -54.65298, -22.212994 ], [ -54.652893, -22.213091 ], [ -54.652804, -22.213021 ], [ -54.652714, -22.212952 ], [ -54.652625, -22.212883 ], [ -54.652536, -22.212813 ], [ -54.652531, -22.212809 ] ] ] } },
{ "type": "Feature", "properties": { "id": 116519, "insc_imob": "06.01.24.15.262", "quadra_cartorio": "06", "lote_cartorio": "10", "matricula": "25229", "circunscricao": "1º CIRCUNSCRIÇÃO", "zoneamento": null, "condominio": null, "area_geom": 681.25, "cnm": "062661.2.0025229-52" }, "geometry": { "type": "Polygon", "coordinates": [ [ [ -54.652617, -22.212712 ], [ -54.652673, -22.21265 ], [ -54.652704, -22.212615 ], [ -54.652709, -22.212619 ], [ -54.652799, -22.212688 ], [ -54.652888, -22.212758 ], [ -54.652978, -22.212827 ], [ -54.653067, -22.212896 ], [ -54.65298, -22.212994 ], [ -54.652684, -22.212764 ], [ -54.652617, -22.212712 ] ] ] } },
{ "type": "Feature", "properties": { "id": 116523, "insc_imob": "06.01.24.25.011", "quadra_cartorio": "52 NCD", "lote_cartorio": "P/32", "matricula": "14866", "circunscricao": "1º CIRCUNSCRIÇÃO", "zoneamento": null, "condominio": null, "area_geom": 316.93, "cnm": "062661.2.0014866-04" }, "geometry": { "type": "Polygon", "coordinates": [ [ [ -54.653274, -22.211103 ], [ -54.653316, -22.211015 ], [ -54.653603, -22.211117 ], [ -54.653574, -22.211193 ], [ -54.653274, -22.211103 ] ] ] } },
{ "type": "Feature", "properties": { "id": 116524, "insc_imob": "06.01.24.25.089", "quadra_cartorio": "52 NC", "lote_cartorio": "P/32", "matricula": "41806", "circunscricao": "1º CIRCUNSCRIÇÃO", "zoneamento": null, "condominio": null, "area_geom": 613.48, "cnm": "062661.2.0041806-82" }, "geometry": { "type": "Polygon", "coordinates": [ [ [ -54.652915, -22.211724 ], [ -54.653017, -22.211615 ], [ -54.653363, -22.211746 ], [ -54.653316, -22.211869 ], [ -54.652915, -22.211724 ] ] ] } },
{ "type": "Feature", "properties": { "id": 116525, "insc_imob": "06.01.24.25.195", "quadra_cartorio": "52 NCD", "lote_cartorio": "15A", "matricula": "65983", "circunscricao": "1º CIRCUNSCRIÇÃO", "zoneamento": null, "condominio": null, "area_geom": 3428.32, "cnm": "062661.2.0065983-10" }, "geometry": { "type": "Polygon", "coordinates": [ [ [ -54.652628, -22.212034 ], [ -54.652915, -22.211724 ], [ -54.653316, -22.211869 ], [ -54.653349, -22.211881 ], [ -54.653503, -22.211937 ], [ -54.653073, -22.212393 ], [ -54.652628, -22.212034 ] ] ] } },
{ "type": "Feature", "properties": { "id": 116526, "insc_imob": "06.01.24.25.371", "quadra_cartorio": "52 NC", "lote_cartorio": "P/32", "matricula": "28753", "circunscricao": "1º CIRCUNSCRIÇÃO", "zoneamento": null, "condominio": null, "area_geom": 3379.72, "cnm": "062661.2.0028753-53" }, "geometry": { "type": "Polygon", "coordinates": [ [ [ -54.653363, -22.211746 ], [ -54.653381, -22.2117 ], [ -54.653784, -22.21181 ], [ -54.65342, -22.212672 ], [ -54.653073, -22.212393 ], [ -54.653503, -22.211937 ], [ -54.653349, -22.211881 ], [ -54.653316, -22.211869 ], [ -54.653363, -22.211746 ] ] ] } },
{ "type": "Feature", "properties": { "id": 116528, "insc_imob": "06.01.24.34.062", "quadra_cartorio": null, "lote_cartorio": "37F", "matricula": "95257", "circunscricao": "1º CIRCUNSCRIÇÃO", "zoneamento": null, "condominio": null, "area_geom": 2742.96, "cnm": "062661.2.0095257-70" }, "geometry": { "type": "Polygon", "coordinates": [ [ [ -54.653821, -22.210695 ], [ -54.653918, -22.210697 ], [ -54.654068, -22.210551 ], [ -54.654394, -22.210845 ], [ -54.653756, -22.211241 ], [ -54.653682, -22.211054 ], [ -54.65369, -22.211035 ], [ -54.653821, -22.210695 ] ] ] } },
{ "type": "Feature", "properties": { "id": 116529, "insc_imob": "06.01.24.34.088", "quadra_cartorio": "52 NC", "lote_cartorio": "P/52", "matricula": "88497", "circunscricao": "1º CIRCUNSCRIÇÃO", "zoneamento": null, "condominio": null, "area_geom": 526.26, "cnm": "062661.2.0088497-77" }, "geometry": { "type": "Polygon", "coordinates": [ [ [ -54.653919, -22.211649 ], [ -54.654178, -22.211579 ], [ -54.654328, -22.211538 ], [ -54.654369, -22.21164 ], [ -54.654252, -22.211671 ], [ -54.653959, -22.21175 ], [ -54.653919, -22.211649 ] ] ] } },
{ "type": "Feature", "properties": { "id": 116553, "insc_imob": "06.01.24.35.085", "quadra_cartorio": "52 NC", "lote_cartorio": "P/32", "matricula": "5756", "circunscricao": "1º CIRCUNSCRIÇÃO", "zoneamento": null, "condominio": null, "area_geom": 237.67, "cnm": "062661.2.0005756-77" }, "geometry": { "type": "Polygon", "coordinates": [ [ [ -54.65294, -22.210783 ], [ -54.653004, -22.210615 ], [ -54.653075, -22.210639 ], [ -54.653115, -22.210652 ], [ -54.653048, -22.21082 ], [ -54.65294, -22.210783 ] ] ] } },
{ "type": "Feature", "properties": { "id": 116579, "insc_imob": "06.01.24.35.131", "quadra_cartorio": "52 NCD", "lote_cartorio": "25", "matricula": "34878", "circunscricao": "1º CIRCUNSCRIÇÃO", "zoneamento": null, "condominio": null, "area_geom": 423.71, "cnm": "062661.2.0034878-11" }, "geometry": { "type": "Polygon", "coordinates": [ [ [ -54.653537, -22.210571 ], [ -54.65357, -22.210486 ], [ -54.653618, -22.210502 ], [ -54.653643, -22.21051 ], [ -54.65361, -22.210595 ], [ -54.653469, -22.210961 ], [ -54.653396, -22.210936 ], [ -54.653537, -22.210571 ] ] ] } },
{ "type": "Feature", "properties": { "id": 116580, "insc_imob": "06.01.24.35.141", "quadra_cartorio": "52 NC ", "lote_cartorio": "P/32", "matricula": "49322", "circunscricao": "1º CIRCUNSCRIÇÃO", "zoneamento": null, "condominio": null, "area_geom": 429.94, "cnm": "062661.2.0049322-38" }, "geometry": { "type": "Polygon", "coordinates": [ [ [ -54.653469, -22.210961 ], [ -54.65361, -22.210595 ], [ -54.653664, -22.210613 ], [ -54.653701, -22.210626 ], [ -54.653691, -22.210651 ], [ -54.65356, -22.210991 ], [ -54.653469, -22.210961 ] ] ] } },
{ "type": "Feature", "properties": { "id": 116581, "insc_imob": "06.01.24.35.209", "quadra_cartorio": "52 NC", "lote_cartorio": "P/32", "matricula": "54393", "circunscricao": "1º CIRCUNSCRIÇÃO", "zoneamento": null, "condominio": null, "area_geom": 568.19, "cnm": "062661.2.0054393-54" }, "geometry": { "type": "Polygon", "coordinates": [ [ [ -54.65356, -22.210991 ], [ -54.653691, -22.210651 ], [ -54.653762, -22.210675 ], [ -54.653821, -22.210695 ], [ -54.65369, -22.211035 ], [ -54.65356, -22.210991 ] ] ] } },
{ "type": "Feature", "properties": { "id": 116582, "insc_imob": "06.01.24.35.288", "quadra_cartorio": "52 NC", "lote_cartorio": "P/32", "matricula": "27137", "circunscricao": "1º CIRCUNSCRIÇÃO", "zoneamento": null, "condominio": null, "area_geom": 513.03, "cnm": "062661.2.0027137-51" }, "geometry": { "type": "Polygon", "coordinates": [ [ [ -54.653214, -22.210397 ], [ -54.653231, -22.210304 ], [ -54.65341, -22.21036 ], [ -54.653455, -22.210374 ], [ -54.65357, -22.210486 ], [ -54.653537, -22.210571 ], [ -54.653211, -22.210411 ], [ -54.653214, -22.210397 ] ] ] } },
{ "type": "Feature", "properties": { "id": 116603, "insc_imob": "06.01.24.36.036", "quadra_cartorio": "01", "lote_cartorio": "P/32", "matricula": "13817", "circunscricao": "1º CIRCUNSCRIÇÃO", "zoneamento": null, "condominio": null, "area_geom": 371.77, "cnm": "062661.2.0013817-47" }, "geometry": { "type": "Polygon", "coordinates": [ [ [ -54.651666, -22.208842 ], [ -54.651708, -22.208737 ], [ -54.651889, -22.208799 ], [ -54.651984, -22.208831 ], [ -54.651945, -22.208933 ], [ -54.651666, -22.208842 ] ] ] } },
{ "type": "Feature", "properties": { "id": 116604, "insc_imob": "06.01.24.36.048", "quadra_cartorio": "01", "lote_cartorio": "P/32", "matricula": "21738", "circunscricao": "1º CIRCUNSCRIÇÃO", "zoneamento": null, "condominio": null, "area_geom": 375.62, "cnm": "062661.2.0021738-49" }, "geometry": { "type": "Polygon", "coordinates": [ [ [ -54.651626, -22.208944 ], [ -54.651666, -22.208842 ], [ -54.651945, -22.208933 ], [ -54.651904, -22.209035 ], [ -54.651902, -22.209041 ], [ -54.651626, -22.208944 ] ] ] } },
{ "type": "Feature", "properties": { "id": 116605, "insc_imob": "06.01.24.36.060", "quadra_cartorio": "01", "lote_cartorio": "04", "matricula": "24542", "circunscricao": "1º CIRCUNSCRIÇÃO", "zoneamento": null, "condominio": null, "area_geom": 363.57, "cnm": "062661.2.0024542-76" }, "geometry": { "type": "Polygon", "coordinates": [ [ [ -54.651586, -22.209045 ], [ -54.651626, -22.208944 ], [ -54.651902, -22.209041 ], [ -54.651861, -22.209142 ], [ -54.651586, -22.209045 ] ] ] } },
{ "type": "Feature", "properties": { "id": 116606, "insc_imob": "06.01.24.36.084", "quadra_cartorio": "01", "lote_cartorio": "P/32", "matricula": "7411", "circunscricao": "1º CIRCUNSCRIÇÃO", "zoneamento": null, "condominio": null, "area_geom": 360.47, "cnm": "062661.2.0007411-59" }, "geometry": { "type": "Polygon", "coordinates": [ [ [ -54.651506, -22.209249 ], [ -54.651546, -22.209147 ], [ -54.651819, -22.209243 ], [ -54.651778, -22.209345 ], [ -54.651506, -22.209249 ] ] ] } },
{ "type": "Feature", "properties": { "id": 116607, "insc_imob": "06.01.24.36.178", "quadra_cartorio": "52", "lote_cartorio": "20", "matricula": "36600", "circunscricao": "1º CIRCUNSCRIÇÃO", "zoneamento": null, "condominio": null, "area_geom": 418.16, "cnm": "062661.2.0036600-83" }, "geometry": { "type": "Polygon", "coordinates": [ [ [ -54.651234, -22.209938 ], [ -54.651282, -22.209821 ], [ -54.651497, -22.209899 ], [ -54.651553, -22.209919 ], [ -54.651504, -22.210037 ], [ -54.651234, -22.209938 ] ] ] } },
{ "type": "Feature", "properties": { "id": 116630, "insc_imob": "06.01.24.36.235", "quadra_cartorio": "20C", "lote_cartorio": "P/32", "matricula": "68495", "circunscricao": "1º CIRCUNSCRIÇÃO", "zoneamento": null, "condominio": null, "area_geom": 891.7, "cnm": "062661.2.0068495-40" }, "geometry": { "type": "Polygon", "coordinates": [ [ [ -54.651504, -22.210037 ], [ -54.651553, -22.209919 ], [ -54.651714, -22.209977 ], [ -54.651762, -22.209995 ], [ -54.65163, -22.210321 ], [ -54.651422, -22.210245 ], [ -54.651464, -22.210139 ], [ -54.651504, -22.210037 ] ] ] } },
{ "type": "Feature", "properties": { "id": 116656, "insc_imob": "06.01.24.36.383", "quadra_cartorio": "52 NCD", "lote_cartorio": "P/52", "matricula": "5756", "circunscricao": "1º CIRCUNSCRIÇÃO", "zoneamento": null, "condominio": null, "area_geom": 219.57, "cnm": "062661.2.0005756-77" }, "geometry": { "type": "Polygon", "coordinates": [ [ [ -54.652488, -22.210636 ], [ -54.652559, -22.210468 ], [ -54.652659, -22.210504 ], [ -54.652588, -22.210671 ], [ -54.652488, -22.210636 ] ] ] } },
{ "type": "Feature", "properties": { "id": 116685, "insc_imob": "06.01.24.36.413", "quadra_cartorio": "52 NC", "lote_cartorio": "P/32", "matricula": "5756", "circunscricao": "1º CIRCUNSCRIÇÃO", "zoneamento": null, "condominio": null, "area_geom": 294.86, "cnm": "062661.2.0005756-77" }, "geometry": { "type": "Polygon", "coordinates": [ [ [ -54.65263, -22.2103 ], [ -54.652665, -22.210216 ], [ -54.652933, -22.210313 ], [ -54.652895, -22.210396 ], [ -54.65263, -22.2103 ] ] ] } },
{ "type": "Feature", "properties": { "id": 116686, "insc_imob": "06.01.24.36.453", "quadra_cartorio": "52 NC", "lote_cartorio": "P/2016", "matricula": "5756", "circunscricao": "1º CIRCUNSCRIÇÃO", "zoneamento": null, "condominio": null, "area_geom": 297.25, "cnm": "062661.2.0005756-77" }, "geometry": { "type": "Polygon", "coordinates": [ [ [ -54.652665, -22.210216 ], [ -54.6527, -22.210132 ], [ -54.65297, -22.210229 ], [ -54.652933, -22.210313 ], [ -54.652665, -22.210216 ] ] ] } },
{ "type": "Feature", "properties": { "id": 116715, "insc_imob": "06.01.24.41.430", "quadra_cartorio": "52 NC", "lote_cartorio": "9/32", "matricula": "6281", "circunscricao": "1º CIRCUNSCRIÇÃO", "zoneamento": null, "condominio": null, "area_geom": 10004.88, "cnm": "062661.2.0006281-54" }, "geometry": { "type": "Polygon", "coordinates": [ [ [ -54.655419, -22.212513 ], [ -54.656321, -22.211503 ], [ -54.656768, -22.211997 ], [ -54.65584, -22.212986 ], [ -54.655419, -22.212513 ] ] ] } },
{ "type": "Feature", "properties": { "id": 116716, "insc_imob": "06.01.24.46.031", "quadra_cartorio": "02", "lote_cartorio": "01", "matricula": "21321", "circunscricao": "1º CIRCUNSCRIÇÃO", "zoneamento": null, "condominio": null, "area_geom": 760.28, "cnm": "062661.2.0021321-39" }, "geometry": { "type": "Polygon", "coordinates": [ [ [ -54.652253, -22.20927 ], [ -54.652347, -22.209002 ], [ -54.652591, -22.209216 ], [ -54.652537, -22.209367 ], [ -54.652253, -22.20927 ] ] ] } },
{ "type": "Feature", "properties": { "id": 116763, "insc_imob": "06.01.24.46.122", "quadra_cartorio": "02", "lote_cartorio": "06", "matricula": "51960", "circunscricao": "1º CIRCUNSCRIÇÃO", "zoneamento": null, "condominio": null, "area_geom": 376.52, "cnm": "062661.2.0051960-78" }, "geometry": { "type": "Polygon", "coordinates": [ [ [ -54.652072, -22.209791 ], [ -54.65211, -22.209684 ], [ -54.652385, -22.209777 ], [ -54.652346, -22.209884 ], [ -54.652072, -22.209791 ] ] ] } },
{ "type": "Feature", "properties": { "id": 116764, "insc_imob": "06.01.24.46.134", "quadra_cartorio": "02", "lote_cartorio": "07", "matricula": "37962", "circunscricao": "1º CIRCUNSCRIÇÃO", "zoneamento": null, "condominio": null, "area_geom": 363.14, "cnm": "062661.2.0037962-71" }, "geometry": { "type": "Polygon", "coordinates": [ [ [ -54.652423, -22.209678 ], [ -54.652442, -22.209628 ], [ -54.652553, -22.209665 ], [ -54.652455, -22.209921 ], [ -54.652346, -22.209884 ], [ -54.652385, -22.209777 ], [ -54.652423, -22.209678 ] ] ] } },
{ "type": "Feature", "properties": { "id": 116811, "insc_imob": "06.01.24.46.300", "quadra_cartorio": "52  NC", "lote_cartorio": "P/32", "matricula": "14398", "circunscricao": "1º CIRCUNSCRIÇÃO", "zoneamento": null, "condominio": null, "area_geom": 1617.08, "cnm": "062661.2.0014398-50" }, "geometry": { "type": "Polygon", "coordinates": [ [ [ -54.652999, -22.210106 ], [ -54.653101, -22.209845 ], [ -54.653115, -22.20985 ], [ -54.653206, -22.20988 ], [ -54.653317, -22.209916 ], [ -54.653381, -22.209909 ], [ -54.653621, -22.210119 ], [ -54.653414, -22.210247 ], [ -54.652999, -22.210106 ] ] ] } },
{ "type": "Feature", "properties": { "id": 116812, "insc_imob": "06.01.24.46.351", "quadra_cartorio": "02", "lote_cartorio": "17", "matricula": "39960", "circunscricao": "1º CIRCUNSCRIÇÃO", "zoneamento": null, "condominio": null, "area_geom": 410.41, "cnm": "062661.2.0039960-91" }, "geometry": { "type": "Polygon", "coordinates": [ [ [ -54.652922, -22.209786 ], [ -54.653018, -22.209591 ], [ -54.65318, -22.209732 ], [ -54.653115, -22.20985 ], [ -54.653101, -22.209845 ], [ -54.652922, -22.209786 ] ] ] } },
{ "type": "Feature", "properties": { "id": 116840, "insc_imob": "06.01.24.46.384", "quadra_cartorio": "02", "lote_cartorio": "19", "matricula": "51772", "circunscricao": "1º CIRCUNSCRIÇÃO", "zoneamento": null, "condominio": null, "area_geom": 408.19, "cnm": "062661.2.0051772-60" }, "geometry": { "type": "Polygon", "coordinates": [ [ [ -54.652663, -22.209701 ], [ -54.652782, -22.209384 ], [ -54.652872, -22.209463 ], [ -54.652772, -22.209737 ], [ -54.652663, -22.209701 ] ] ] } },
{ "type": "Feature", "properties": { "id": 116841, "insc_imob": "06.01.24.46.396", "quadra_cartorio": "02", "lote_cartorio": "20", "matricula": "40936", "circunscricao": "1º CIRCUNSCRIÇÃO", "zoneamento": null, "condominio": null, "area_geom": 461.93, "cnm": "062661.2.0040936-73" }, "geometry": { "type": "Polygon", "coordinates": [ [ [ -54.652553, -22.209665 ], [ -54.652695, -22.209308 ], [ -54.652782, -22.209384 ], [ -54.652663, -22.209701 ], [ -54.652553, -22.209665 ] ] ] } },
{ "type": "Feature", "properties": { "id": 116870, "insc_imob": "06.01.24.56.119", "quadra_cartorio": "52 NC", "lote_cartorio": "P/33", "matricula": "53941", "circunscricao": "1º CIRCUNSCRIÇÃO", "zoneamento": null, "condominio": null, "area_geom": 603.76, "cnm": "062661.2.0053941-52" }, "geometry": { "type": "Polygon", "coordinates": [ [ [ -54.651811, -22.208455 ], [ -54.651858, -22.208325 ], [ -54.652078, -22.20844 ], [ -54.652183, -22.208491 ], [ -54.652057, -22.208631 ], [ -54.651811, -22.208455 ] ] ] } },
{ "type": "Feature", "properties": { "id": 116871, "insc_imob": "06.01.24.66.013", "quadra_cartorio": "52 NC", "lote_cartorio": "P/32", "matricula": "53941", "circunscricao": "1º CIRCUNSCRIÇÃO", "zoneamento": null, "condominio": null, "area_geom": 447.43, "cnm": "062661.2.0053941-52" }, "geometry": { "type": "Polygon", "coordinates": [ [ [ -54.652608, -22.206832 ], [ -54.652684, -22.206744 ], [ -54.652961, -22.206963 ], [ -54.65289, -22.207042 ], [ -54.652608, -22.206832 ] ] ] } },
{ "type": "Feature", "properties": { "id": 116873, "insc_imob": "06.01.25.01.000", "quadra_cartorio": "53 NC ", "lote_cartorio": "P/26", "matricula": "13693", "circunscricao": "1º CIRCUNSCRIÇÃO", "zoneamento": null, "condominio": null, "area_geom": 17856.58, "cnm": "062661.2.0013693-31" }, "geometry": { "type": "Polygon", "coordinates": [ [ [ -54.648204, -22.210211 ], [ -54.648619, -22.209734 ], [ -54.650327, -22.210166 ], [ -54.65015, -22.210686 ], [ -54.650072, -22.21096 ], [ -54.650017, -22.211158 ], [ -54.649986, -22.211152 ], [ -54.64988, -22.211106 ], [ -54.64943, -22.210912 ], [ -54.649097, -22.210806 ], [ -54.648694, -22.210679 ], [ -54.648982, -22.210368 ], [ -54.648204, -22.210211 ] ] ] } },
{ "type": "Feature", "properties": { "id": 116874, "insc_imob": "06.01.25.01.010", "quadra_cartorio": "53 NCD", "lote_cartorio": "P/26", "matricula": "53970", "circunscricao": "1º CIRCUNSCRIÇÃO", "zoneamento": null, "condominio": null, "area_geom": 310.21, "cnm": "062661.2.0053970-62" }, "geometry": { "type": "Polygon", "coordinates": [ [ [ -54.650905, -22.209502 ], [ -54.65093, -22.209443 ], [ -54.651187, -22.209523 ], [ -54.65114, -22.209651 ], [ -54.650905, -22.209502 ] ] ] } },
{ "type": "Feature", "properties": { "id": 116875, "insc_imob": "06.01.25.01.025", "quadra_cartorio": "53 NC", "lote_cartorio": "P/26", "matricula": "53970", "circunscricao": "1º CIRCUNSCRIÇÃO", "zoneamento": null, "condominio": null, "area_geom": 413.81, "cnm": "062661.2.0053970-62" }, "geometry": { "type": "Polygon", "coordinates": [ [ [ -54.65093, -22.209443 ], [ -54.650983, -22.209317 ], [ -54.651234, -22.209395 ], [ -54.651187, -22.209523 ], [ -54.65093, -22.209443 ] ] ] } },
{ "type": "Feature", "properties": { "id": 116889, "insc_imob": "06.01.25.01.045", "quadra_cartorio": "53 NCD", "lote_cartorio": "P/26", "matricula": "53970", "circunscricao": "1º CIRCUNSCRIÇÃO", "zoneamento": null, "condominio": null, "area_geom": 7078.06, "cnm": "062661.2.0053970-62" }, "geometry": { "type": "Polygon", "coordinates": [ [ [ -54.649562, -22.208652 ], [ -54.649777, -22.208406 ], [ -54.651294, -22.209231 ], [ -54.651234, -22.209395 ], [ -54.650983, -22.209317 ], [ -54.65093, -22.209443 ], [ -54.650905, -22.209502 ], [ -54.650824, -22.209451 ], [ -54.649562, -22.208652 ] ] ] } },
{ "type": "Feature", "properties": { "id": 116890, "insc_imob": "06.01.25.01.070", "quadra_cartorio": "53 NCD", "lote_cartorio": "P/26", "matricula": "29604", "circunscricao": "1º CIRCUNSCRIÇÃO", "zoneamento": null, "condominio": null, "area_geom": 7096.33, "cnm": "062661.2.0029604-22" }, "geometry": { "type": "Polygon", "coordinates": [ [ [ -54.649777, -22.208406 ], [ -54.650124, -22.208007 ], [ -54.651373, -22.209014 ], [ -54.651294, -22.209231 ], [ -54.649777, -22.208406 ] ] ] } },
{ "type": "Feature", "properties": { "id": 116892, "insc_imob": "06.01.25.01.194", "quadra_cartorio": "53 NC", "lote_cartorio": "23", "matricula": "14455", "circunscricao": "1º CIRCUNSCRIÇÃO", "zoneamento": null, "condominio": null, "area_geom": 376.11, "cnm": "062661.2.0014455-73" }, "geometry": { "type": "Polygon", "coordinates": [ [ [ -54.648418, -22.211363 ], [ -54.648613, -22.211145 ], [ -54.648702, -22.211214 ], [ -54.648508, -22.211432 ], [ -54.648418, -22.211363 ] ] ] } },
{ "type": "Feature", "properties": { "id": 116893, "insc_imob": "06.01.25.01.218", "quadra_cartorio": "53 NCd", "lote_cartorio": "P/26", "matricula": "22648", "circunscricao": "1º CIRCUNSCRIÇÃO", "zoneamento": null, "condominio": null, "area_geom": 560.79, "cnm": "062661.2.0022648-35" }, "geometry": { "type": "Polygon", "coordinates": [ [ [ -54.651497, -22.207613 ], [ -54.651469, -22.207588 ], [ -54.651548, -22.207504 ], [ -54.651836, -22.207747 ], [ -54.651789, -22.207876 ], [ -54.651497, -22.207613 ] ] ] } },
{ "type": "Feature", "properties": { "id": 116894, "insc_imob": "06.01.25.01.277", "quadra_cartorio": "53 NCD", "lote_cartorio": "P/26", "matricula": "45063", "circunscricao": "1º CIRCUNSCRIÇÃO", "zoneamento": null, "condominio": null, "area_geom": 459.08, "cnm": "062661.2.0045063-11" }, "geometry": { "type": "Polygon", "coordinates": [ [ [ -54.651316, -22.207598 ], [ -54.651551, -22.207346 ], [ -54.651629, -22.207417 ], [ -54.651548, -22.207504 ], [ -54.651469, -22.207588 ], [ -54.651497, -22.207613 ], [ -54.651427, -22.207693 ], [ -54.651316, -22.207598 ] ] ] } },
{ "type": "Feature", "properties": { "id": 116916, "insc_imob": "06.01.25.01.355", "quadra_cartorio": "53 NC", "lote_cartorio": "P/26", "matricula": "98680", "circunscricao": "1º CIRCUNSCRIÇÃO", "zoneamento": null, "condominio": null, "area_geom": 445.62, "cnm": "062661.2.0098680-83" }, "geometry": { "type": "Polygon", "coordinates": [ [ [ -54.64842, -22.210996 ], [ -54.64848, -22.210925 ], [ -54.648814, -22.211183 ], [ -54.648752, -22.211253 ], [ -54.648702, -22.211214 ], [ -54.648613, -22.211145 ], [ -54.648518, -22.211072 ], [ -54.64842, -22.210996 ] ] ] } },
{ "type": "Feature", "properties": { "id": 116917, "insc_imob": "06.01.25.01.365", "quadra_cartorio": "53 NCD", "lote_cartorio": "P/23", "matricula": "50905", "circunscricao": "1º CIRCUNSCRIÇÃO", "zoneamento": null, "condominio": null, "area_geom": 447.14, "cnm": "062661.2.0050905-42" }, "geometry": { "type": "Polygon", "coordinates": [ [ [ -54.64848, -22.210925 ], [ -54.648541, -22.210855 ], [ -54.648876, -22.211114 ], [ -54.648814, -22.211183 ], [ -54.64848, -22.210925 ] ] ] } },
{ "type": "Feature", "properties": { "id": 116918, "insc_imob": "06.01.25.01.385", "quadra_cartorio": "53 NCD", "lote_cartorio": "P/26", "matricula": "26554", "circunscricao": "1º CIRCUNSCRIÇÃO", "zoneamento": null, "condominio": null, "area_geom": 578.59, "cnm": "062661.2.0026554-54" }, "geometry": { "type": "Polygon", "coordinates": [ [ [ -54.650838, -22.207188 ], [ -54.651075, -22.206916 ], [ -54.65118, -22.20701 ], [ -54.650945, -22.20728 ], [ -54.650838, -22.207188 ] ] ] } },
{ "type": "Feature", "properties": { "id": 116946, "insc_imob": "06.01.25.01.983", "quadra_cartorio": "53 NCD", "lote_cartorio": "P/26", "matricula": "60588", "circunscricao": "1º CIRCUNSCRIÇÃO", "zoneamento": null, "condominio": null, "area_geom": 23827.71, "cnm": "062661.2.0060588-93" }, "geometry": { "type": "Polygon", "coordinates": [ [ [ -54.650327, -22.210166 ], [ -54.648619, -22.209734 ], [ -54.649562, -22.208652 ], [ -54.650824, -22.209451 ], [ -54.650753, -22.209647 ], [ -54.6511, -22.20976 ], [ -54.650899, -22.210311 ], [ -54.650618, -22.21024 ], [ -54.650327, -22.210166 ] ] ] } },
{ "type": "Feature", "properties": { "id": 116947, "insc_imob": "06.01.25.11.063", "quadra_cartorio": "53 NC", "lote_cartorio": "P/26", "matricula": "44545", "circunscricao": "1º CIRCUNSCRIÇÃO", "zoneamento": null, "condominio": null, "area_geom": 587.21, "cnm": "062661.2.0044545-13" }, "geometry": { "type": "Polygon", "coordinates": [ [ [ -54.651123, -22.206875 ], [ -54.651359, -22.206602 ], [ -54.651382, -22.206623 ], [ -54.651455, -22.206687 ], [ -54.651465, -22.206696 ], [ -54.651382, -22.206794 ], [ -54.651306, -22.206881 ], [ -54.651236, -22.206961 ], [ -54.651228, -22.20697 ], [ -54.651123, -22.206875 ] ] ] } },
{ "type": "Feature", "properties": { "id": 116948, "insc_imob": "06.01.25.11.094", "quadra_cartorio": "53 NC", "lote_cartorio": "P/03", "matricula": "40903", "circunscricao": "1º CIRCUNSCRIÇÃO", "zoneamento": null, "condominio": null, "area_geom": 374.43, "cnm": "062661.2.0040903-75" }, "geometry": { "type": "Polygon", "coordinates": [ [ [ -54.651228, -22.20697 ], [ -54.651236, -22.206961 ], [ -54.651306, -22.206881 ], [ -54.651515, -22.207071 ], [ -54.651433, -22.207154 ], [ -54.651228, -22.20697 ] ] ] } },
{ "type": "Feature", "properties": { "id": 116952, "insc_imob": "06.01.25.11.270", "quadra_cartorio": "53 NCD", "lote_cartorio": "P/CH 36", "matricula": "30476", "circunscricao": "1º CIRCUNSCRIÇÃO", "zoneamento": null, "condominio": null, "area_geom": 573.59, "cnm": "062661.2.0030476-25" }, "geometry": { "type": "Polygon", "coordinates": [ [ [ -54.652289, -22.206823 ], [ -54.652032, -22.206616 ], [ -54.652153, -22.206496 ], [ -54.652382, -22.206717 ], [ -54.652289, -22.206823 ] ] ] } },
{ "type": "Feature", "properties": { "id": 116953, "insc_imob": "06.01.34.01.184", "quadra_cartorio": "06", "lote_cartorio": "C", "matricula": "114338", "circunscricao": "1º CIRCUNSCRIÇÃO", "zoneamento": null, "condominio": null, "area_geom": 386.16, "cnm": "062661.2.0114338-57" }, "geometry": { "type": "Polygon", "coordinates": [ [ [ -54.654123, -22.216503 ], [ -54.654303, -22.216643 ], [ -54.654203, -22.216753 ], [ -54.654023, -22.216612 ], [ -54.654123, -22.216503 ] ] ] } },
{ "type": "Feature", "properties": { "id": 116954, "insc_imob": "06.01.34.01.260", "quadra_cartorio": "06", "lote_cartorio": "02", "matricula": "32486", "circunscricao": "1º CIRCUNSCRIÇÃO", "zoneamento": null, "condominio": null, "area_geom": 374.76, "cnm": "062661.2.0032486-09" }, "geometry": { "type": "Polygon", "coordinates": [ [ [ -54.654221, -22.216393 ], [ -54.654407, -22.216185 ], [ -54.6545, -22.216257 ], [ -54.654314, -22.216465 ], [ -54.654221, -22.216393 ] ] ] } },
{ "type": "Feature", "properties": { "id": 116955, "insc_imob": "06.01.34.02.052", "quadra_cartorio": "03", "lote_cartorio": "10", "matricula": "26877", "circunscricao": "1º CIRCUNSCRIÇÃO", "zoneamento": null, "condominio": null, "area_geom": 555.11, "cnm": "062661.2.0026877-55" }, "geometry": { "type": "Polygon", "coordinates": [ [ [ -54.653056, -22.21577 ], [ -54.653125, -22.215692 ], [ -54.653498, -22.215981 ], [ -54.653429, -22.216058 ], [ -54.653056, -22.21577 ] ] ] } },
{ "type": "Feature", "properties": { "id": 116951, "insc_imob": "06.01.25.11.240", "quadra_cartorio": "53 NCD", "lote_cartorio": "P/CH 36", "matricula": "43659", "circunscricao": "1º CIRCUNSCRIÇÃO", "zoneamento": null, "condominio": null, "area_geom": 621.63, "cnm": "062661.2.0043659-52" }, "geometry": { "type": "Polygon", "coordinates": [ [ [ -54.651862, -22.206808 ], [ -54.651954, -22.206696 ], [ -54.65223, -22.206923 ], [ -54.652155, -22.207055 ], [ -54.651863, -22.206807 ], [ -54.651862, -22.206808 ] ] ] } },
{ "type": "Feature", "properties": { "id": 116956, "insc_imob": "06.01.34.02.106", "quadra_cartorio": "03", "lote_cartorio": "12", "matricula": "31509", "circunscricao": "1º CIRCUNSCRIÇÃO", "zoneamento": null, "condominio": null, "area_geom": 374.75, "cnm": "062661.2.0031509-30" }, "geometry": { "type": "Polygon", "coordinates": [ [ [ -54.652801, -22.216055 ], [ -54.652987, -22.215847 ], [ -54.653081, -22.215919 ], [ -54.652894, -22.216127 ], [ -54.652801, -22.216055 ] ] ] } },
{ "type": "Feature", "properties": { "id": 116957, "insc_imob": "06.01.34.02.131", "quadra_cartorio": "03", "lote_cartorio": "14", "matricula": "26875", "circunscricao": "1º CIRCUNSCRIÇÃO", "zoneamento": null, "condominio": null, "area_geom": 376.03, "cnm": "062661.2.0026875-61" }, "geometry": { "type": "Polygon", "coordinates": [ [ [ -54.652987, -22.216199 ], [ -54.653174, -22.215991 ], [ -54.653267, -22.216063 ], [ -54.653082, -22.216271 ], [ -54.652987, -22.216199 ] ] ] } },
{ "type": "Feature", "properties": { "id": 116986, "insc_imob": "06.01.34.02.168", "quadra_cartorio": "03", "lote_cartorio": "17", "matricula": "27629", "circunscricao": "1º CIRCUNSCRIÇÃO", "zoneamento": null, "condominio": null, "area_geom": 374.75, "cnm": "062661.2.0027629-30" }, "geometry": { "type": "Polygon", "coordinates": [ [ [ -54.653267, -22.216416 ], [ -54.653453, -22.216208 ], [ -54.653546, -22.21628 ], [ -54.65336, -22.216488 ], [ -54.653267, -22.216416 ] ] ] } },
{ "type": "Feature", "properties": { "id": 116987, "insc_imob": "06.01.34.02.181", "quadra_cartorio": "03", "lote_cartorio": "18", "matricula": "78931", "circunscricao": "1º CIRCUNSCRIÇÃO", "zoneamento": null, "condominio": null, "area_geom": 374.76, "cnm": "062661.2.0078931-63" }, "geometry": { "type": "Polygon", "coordinates": [ [ [ -54.65336, -22.216488 ], [ -54.653546, -22.21628 ], [ -54.653639, -22.216352 ], [ -54.653453, -22.21656 ], [ -54.65336, -22.216488 ] ] ] } },
{ "type": "Feature", "properties": { "id": 116988, "insc_imob": "06.01.34.02.235", "quadra_cartorio": "03", "lote_cartorio": "20", "matricula": "6831", "circunscricao": "1º CIRCUNSCRIÇÃO", "zoneamento": null, "condominio": null, "area_geom": 555.18, "cnm": "062661.2.0006831-53" }, "geometry": { "type": "Polygon", "coordinates": [ [ [ -54.65336, -22.216136 ], [ -54.653429, -22.216058 ], [ -54.653801, -22.216347 ], [ -54.653732, -22.216424 ], [ -54.653639, -22.216352 ], [ -54.653546, -22.21628 ], [ -54.653453, -22.216208 ], [ -54.65336, -22.216136 ] ] ] } },
{ "type": "Feature", "properties": { "id": 117008, "insc_imob": "06.01.34.02.325", "quadra_cartorio": "03", "lote_cartorio": "03", "matricula": "605", "circunscricao": "1º CIRCUNSCRIÇÃO", "zoneamento": null, "condominio": null, "area_geom": 374.71, "cnm": "062661.2.0000605-10" }, "geometry": { "type": "Polygon", "coordinates": [ [ [ -54.65366, -22.215977 ], [ -54.653846, -22.215769 ], [ -54.653939, -22.215841 ], [ -54.653753, -22.216049 ], [ -54.65366, -22.215977 ] ] ] } },
{ "type": "Feature", "properties": { "id": 117009, "insc_imob": "06.01.34.02.337", "quadra_cartorio": "03", "lote_cartorio": "04", "matricula": "606", "circunscricao": "1º CIRCUNSCRIÇÃO", "zoneamento": null, "condominio": null, "area_geom": 374.74, "cnm": "062661.2.0000606-07" }, "geometry": { "type": "Polygon", "coordinates": [ [ [ -54.653567, -22.215904 ], [ -54.653753, -22.215696 ], [ -54.653846, -22.215769 ], [ -54.65366, -22.215977 ], [ -54.653567, -22.215904 ] ] ] } },
{ "type": "Feature", "properties": { "id": 117010, "insc_imob": "06.01.34.02.362", "quadra_cartorio": "03", "lote_cartorio": "06", "matricula": "36503", "circunscricao": "1º CIRCUNSCRIÇÃO", "zoneamento": null, "condominio": null, "area_geom": 374.75, "cnm": "062661.2.0036503-83" }, "geometry": { "type": "Polygon", "coordinates": [ [ [ -54.65338, -22.21576 ], [ -54.653567, -22.215552 ], [ -54.65366, -22.215624 ], [ -54.653474, -22.215832 ], [ -54.65338, -22.21576 ] ] ] } },
{ "type": "Feature", "properties": { "id": 117011, "insc_imob": "06.01.34.03.030", "quadra_cartorio": "01", "lote_cartorio": "B", "matricula": "59466", "circunscricao": "1º CIRCUNSCRIÇÃO", "zoneamento": null, "condominio": null, "area_geom": 562.12, "cnm": "062661.2.0059466-64" }, "geometry": { "type": "Polygon", "coordinates": [ [ [ -54.652313, -22.214914 ], [ -54.652499, -22.214705 ], [ -54.652639, -22.214814 ], [ -54.652452, -22.215022 ], [ -54.652313, -22.214914 ] ] ] } },
{ "type": "Feature", "properties": { "id": 117035, "insc_imob": "06.01.34.03.154", "quadra_cartorio": "01", "lote_cartorio": "12", "matricula": "28014", "circunscricao": "1º CIRCUNSCRIÇÃO", "zoneamento": null, "condominio": null, "area_geom": 374.76, "cnm": "062661.2.0028014-39" }, "geometry": { "type": "Polygon", "coordinates": [ [ [ -54.652277, -22.21563 ], [ -54.652463, -22.215422 ], [ -54.652478, -22.215434 ], [ -54.652556, -22.215494 ], [ -54.65237, -22.215702 ], [ -54.652277, -22.21563 ] ] ] } },
{ "type": "Feature", "properties": { "id": 117036, "insc_imob": "06.01.34.03.166", "quadra_cartorio": "01", "lote_cartorio": "13", "matricula": "20815", "circunscricao": "1º CIRCUNSCRIÇÃO", "zoneamento": null, "condominio": null, "area_geom": 374.74, "cnm": "062661.2.0020815-05" }, "geometry": { "type": "Polygon", "coordinates": [ [ [ -54.65237, -22.215702 ], [ -54.652556, -22.215494 ], [ -54.65265, -22.215567 ], [ -54.652463, -22.215775 ], [ -54.65237, -22.215702 ] ] ] } },
{ "type": "Feature", "properties": { "id": 117037, "insc_imob": "06.01.34.03.179", "quadra_cartorio": "01", "lote_cartorio": "14", "matricula": "656", "circunscricao": "1º CIRCUNSCRIÇÃO", "zoneamento": null, "condominio": null, "area_geom": 374.75, "cnm": "062661.2.0000656-51" }, "geometry": { "type": "Polygon", "coordinates": [ [ [ -54.652463, -22.215775 ], [ -54.65265, -22.215567 ], [ -54.652743, -22.215639 ], [ -54.652557, -22.215847 ], [ -54.652463, -22.215775 ] ] ] } },
{ "type": "Feature", "properties": { "id": 117063, "insc_imob": "06.01.34.03.223", "quadra_cartorio": "01", "lote_cartorio": "15", "matricula": "657", "circunscricao": "1º CIRCUNSCRIÇÃO", "zoneamento": null, "condominio": null, "area_geom": 434.72, "cnm": "062661.2.0000657-48" }, "geometry": { "type": "Polygon", "coordinates": [ [ [ -54.652557, -22.215847 ], [ -54.652743, -22.215639 ], [ -54.652851, -22.215723 ], [ -54.652665, -22.215931 ], [ -54.652557, -22.215847 ] ] ] } },
{ "type": "Feature", "properties": { "id": 117064, "insc_imob": "06.01.34.03.246", "quadra_cartorio": "01", "lote_cartorio": "17", "matricula": "37965", "circunscricao": "1º CIRCUNSCRIÇÃO", "zoneamento": null, "condominio": null, "area_geom": 555.07, "cnm": "062661.2.0037965-62" }, "geometry": { "type": "Polygon", "coordinates": [ [ [ -54.652547, -22.215357 ], [ -54.652616, -22.21528 ], [ -54.652989, -22.215568 ], [ -54.65292, -22.215646 ], [ -54.652547, -22.215357 ] ] ] } },
{ "type": "Feature", "properties": { "id": 117065, "insc_imob": "06.01.34.03.257", "quadra_cartorio": "01", "lote_cartorio": "18", "matricula": "16779", "circunscricao": "1º CIRCUNSCRIÇÃO", "zoneamento": null, "condominio": null, "area_geom": 555.15, "cnm": "062661.2.0016779-85" }, "geometry": { "type": "Polygon", "coordinates": [ [ [ -54.652616, -22.21528 ], [ -54.652685, -22.215202 ], [ -54.652778, -22.215275 ], [ -54.652871, -22.215347 ], [ -54.652964, -22.215419 ], [ -54.653058, -22.215491 ], [ -54.652989, -22.215568 ], [ -54.652616, -22.21528 ] ] ] } },
{ "type": "Feature", "properties": { "id": 117066, "insc_imob": "06.01.34.03.312", "quadra_cartorio": "01", "lote_cartorio": "02", "matricula": "34230", "circunscricao": "1º CIRCUNSCRIÇÃO", "zoneamento": null, "condominio": null, "area_geom": 374.75, "cnm": "062661.2.0034230-15" }, "geometry": { "type": "Polygon", "coordinates": [ [ [ -54.652871, -22.215347 ], [ -54.653058, -22.215139 ], [ -54.653151, -22.215211 ], [ -54.652964, -22.215419 ], [ -54.652871, -22.215347 ] ] ] } },
{ "type": "Feature", "properties": { "id": 117090, "insc_imob": "06.01.34.03.324", "quadra_cartorio": "01", "lote_cartorio": "03", "matricula": "39627", "circunscricao": "1º CIRCUNSCRIÇÃO", "zoneamento": null, "condominio": null, "area_geom": 374.75, "cnm": "062661.2.0039627-23" }, "geometry": { "type": "Polygon", "coordinates": [ [ [ -54.652778, -22.215275 ], [ -54.652964, -22.215067 ], [ -54.653058, -22.215139 ], [ -54.652871, -22.215347 ], [ -54.652778, -22.215275 ] ] ] } },
{ "type": "Feature", "properties": { "id": 117091, "insc_imob": "06.01.34.03.337", "quadra_cartorio": "01", "lote_cartorio": "04", "matricula": "56474", "circunscricao": "1º CIRCUNSCRIÇÃO", "zoneamento": null, "condominio": null, "area_geom": 374.74, "cnm": "062661.2.0056474-19" }, "geometry": { "type": "Polygon", "coordinates": [ [ [ -54.652685, -22.215202 ], [ -54.652871, -22.214994 ], [ -54.652964, -22.215067 ], [ -54.652778, -22.215275 ], [ -54.652685, -22.215202 ] ] ] } },
{ "type": "Feature", "properties": { "id": 117092, "insc_imob": "06.01.34.04.063", "quadra_cartorio": "01", "lote_cartorio": "11", "matricula": "59228", "circunscricao": "1º CIRCUNSCRIÇÃO", "zoneamento": null, "condominio": null, "area_geom": 588.44, "cnm": "062661.2.0059228-02" }, "geometry": { "type": "Polygon", "coordinates": [ [ [ -54.651218, -22.214474 ], [ -54.651287, -22.214397 ], [ -54.651682, -22.214704 ], [ -54.651613, -22.214781 ], [ -54.651514, -22.214704 ], [ -54.651415, -22.214627 ], [ -54.651218, -22.214474 ] ] ] } },
{ "type": "Feature", "properties": { "id": 117093, "insc_imob": "06.01.34.04.105", "quadra_cartorio": "01", "lote_cartorio": "A2", "matricula": "82976", "circunscricao": "1º CIRCUNSCRIÇÃO", "zoneamento": null, "condominio": null, "area_geom": 397.24, "cnm": "062661.2.0082976-53" }, "geometry": { "type": "Polygon", "coordinates": [ [ [ -54.651125, -22.214578 ], [ -54.651218, -22.214474 ], [ -54.651415, -22.214627 ], [ -54.651322, -22.214732 ], [ -54.651125, -22.214578 ] ] ] } },
{ "type": "Feature", "properties": { "id": 117094, "insc_imob": "06.01.34.04.118", "quadra_cartorio": "01", "lote_cartorio": "A1", "matricula": "82975", "circunscricao": "1º CIRCUNSCRIÇÃO", "zoneamento": null, "condominio": null, "area_geom": 397.22, "cnm": "062661.2.0082975-56" }, "geometry": { "type": "Polygon", "coordinates": [ [ [ -54.651032, -22.214682 ], [ -54.651125, -22.214578 ], [ -54.651322, -22.214732 ], [ -54.651229, -22.214836 ], [ -54.651032, -22.214682 ] ] ] } },
{ "type": "Feature", "properties": { "id": 117116, "insc_imob": "06.01.34.04.145", "quadra_cartorio": "01", "lote_cartorio": "15", "matricula": "25613", "circunscricao": "1º CIRCUNSCRIÇÃO", "zoneamento": null, "condominio": null, "area_geom": 397.23, "cnm": "062661.2.0025613-64" }, "geometry": { "type": "Polygon", "coordinates": [ [ [ -54.651328, -22.214912 ], [ -54.651514, -22.214704 ], [ -54.651613, -22.214781 ], [ -54.651426, -22.214989 ], [ -54.651328, -22.214912 ] ] ] } },
{ "type": "Feature", "properties": { "id": 117117, "insc_imob": "06.01.34.04.159", "quadra_cartorio": "01", "lote_cartorio": "16", "matricula": "21070", "circunscricao": "1º CIRCUNSCRIÇÃO", "zoneamento": null, "condominio": null, "area_geom": 397.24, "cnm": "062661.2.0021070-16" }, "geometry": { "type": "Polygon", "coordinates": [ [ [ -54.651426, -22.214989 ], [ -54.651613, -22.214781 ], [ -54.651711, -22.214857 ], [ -54.651525, -22.215065 ], [ -54.651426, -22.214989 ] ] ] } },
{ "type": "Feature", "properties": { "id": 117118, "insc_imob": "06.01.34.04.172", "quadra_cartorio": "01", "lote_cartorio": "17", "matricula": "43988", "circunscricao": "1º CIRCUNSCRIÇÃO", "zoneamento": null, "condominio": null, "area_geom": 397.23, "cnm": "062661.2.0043988-35" }, "geometry": { "type": "Polygon", "coordinates": [ [ [ -54.651525, -22.215065 ], [ -54.651711, -22.214857 ], [ -54.65181, -22.214934 ], [ -54.651624, -22.215142 ], [ -54.651525, -22.215065 ] ] ] } },
{ "type": "Feature", "properties": { "id": 117119, "insc_imob": "06.01.34.04.228", "quadra_cartorio": "01", "lote_cartorio": "19", "matricula": "19818", "circunscricao": "1º CIRCUNSCRIÇÃO", "zoneamento": null, "condominio": null, "area_geom": 397.24, "cnm": "062661.2.0019818-86" }, "geometry": { "type": "Polygon", "coordinates": [ [ [ -54.651723, -22.215218 ], [ -54.651909, -22.21501 ], [ -54.652007, -22.215087 ], [ -54.651821, -22.215295 ], [ -54.651723, -22.215218 ] ] ] } },
{ "type": "Feature", "properties": { "id": 117198, "insc_imob": "06.01.34.04.239", "quadra_cartorio": "01", "lote_cartorio": "20", "matricula": "46475", "circunscricao": "1º CIRCUNSCRIÇÃO", "zoneamento": null, "condominio": null, "area_geom": 588.53, "cnm": "062661.2.0046475-43" }, "geometry": { "type": "Polygon", "coordinates": [ [ [ -54.651613, -22.214781 ], [ -54.651682, -22.214704 ], [ -54.65173, -22.214741 ], [ -54.652076, -22.21501 ], [ -54.652007, -22.215087 ], [ -54.651909, -22.21501 ], [ -54.65181, -22.214934 ], [ -54.651711, -22.214857 ], [ -54.651613, -22.214781 ] ] ] } },
{ "type": "Feature", "properties": { "id": 117226, "insc_imob": "06.01.34.04.310", "quadra_cartorio": "01", "lote_cartorio": "01", "matricula": "14097", "circunscricao": "1º CIRCUNSCRIÇÃO", "zoneamento": null, "condominio": null, "area_geom": 569.57, "cnm": "062661.2.0014097-80" }, "geometry": { "type": "Polygon", "coordinates": [ [ [ -54.652073, -22.214746 ], [ -54.652259, -22.214538 ], [ -54.652401, -22.214648 ], [ -54.652214, -22.214856 ], [ -54.652073, -22.214746 ] ] ] } },
{ "type": "Feature", "properties": { "id": 117227, "insc_imob": "06.01.34.04.322", "quadra_cartorio": "01", "lote_cartorio": "02", "matricula": "64394", "circunscricao": "1º CIRCUNSCRIÇÃO", "zoneamento": null, "condominio": null, "area_geom": 359.74, "cnm": "062661.2.0064394-24" }, "geometry": { "type": "Polygon", "coordinates": [ [ [ -54.651983, -22.214677 ], [ -54.65217, -22.214468 ], [ -54.652259, -22.214538 ], [ -54.652073, -22.214746 ], [ -54.651983, -22.214677 ] ] ] } },
{ "type": "Feature", "properties": { "id": 117228, "insc_imob": "06.01.34.04.346", "quadra_cartorio": "01", "lote_cartorio": "04", "matricula": "22635", "circunscricao": "1º CIRCUNSCRIÇÃO", "zoneamento": null, "condominio": null, "area_geom": 359.72, "cnm": "062661.2.0022635-74" }, "geometry": { "type": "Polygon", "coordinates": [ [ [ -54.651805, -22.214538 ], [ -54.651991, -22.21433 ], [ -54.65208, -22.214399 ], [ -54.651894, -22.214607 ], [ -54.65182, -22.214549 ], [ -54.651805, -22.214538 ] ] ] } },
{ "type": "Feature", "properties": { "id": 117229, "insc_imob": "06.01.34.04.358", "quadra_cartorio": "01", "lote_cartorio": "05", "matricula": "27152", "circunscricao": "1º CIRCUNSCRIÇÃO", "zoneamento": null, "condominio": null, "area_geom": 359.77, "cnm": "062661.2.0027152-06" }, "geometry": { "type": "Polygon", "coordinates": [ [ [ -54.651715, -22.214469 ], [ -54.651901, -22.21426 ], [ -54.651991, -22.21433 ], [ -54.651805, -22.214538 ], [ -54.651715, -22.214469 ] ] ] } },
{ "type": "Feature", "properties": { "id": 117253, "insc_imob": "06.01.34.04.368", "quadra_cartorio": "01", "lote_cartorio": "06/P/09", "matricula": "70228", "circunscricao": "1º CIRCUNSCRIÇÃO", "zoneamento": null, "condominio": null, "area_geom": 413.73, "cnm": "062661.2.0070228-79" }, "geometry": { "type": "Polygon", "coordinates": [ [ [ -54.651612, -22.214389 ], [ -54.651799, -22.214181 ], [ -54.651901, -22.21426 ], [ -54.651715, -22.214469 ], [ -54.651626, -22.214399 ], [ -54.651612, -22.214389 ] ] ] } },
{ "type": "Feature", "properties": { "id": 117255, "insc_imob": "06.01.34.05.030", "quadra_cartorio": "05", "lote_cartorio": "05", "matricula": "8264", "circunscricao": "1º CIRCUNSCRIÇÃO", "zoneamento": null, "condominio": null, "area_geom": 363.06, "cnm": "062661.2.0008264-22" }, "geometry": { "type": "Polygon", "coordinates": [ [ [ -54.650685, -22.213659 ], [ -54.650835, -22.213494 ], [ -54.650872, -22.213452 ], [ -54.650962, -22.213522 ], [ -54.650776, -22.21373 ], [ -54.650685, -22.213659 ] ] ] } },
{ "type": "Feature", "properties": { "id": 117279, "insc_imob": "06.01.34.05.041", "quadra_cartorio": "05", "lote_cartorio": "P/06", "matricula": "23610", "circunscricao": "1º CIRCUNSCRIÇÃO", "zoneamento": null, "condominio": null, "area_geom": 399.0, "cnm": "062661.2.0023610-59" }, "geometry": { "type": "Polygon", "coordinates": [ [ [ -54.650797, -22.213877 ], [ -54.650866, -22.2138 ], [ -54.65088, -22.213811 ], [ -54.650969, -22.21388 ], [ -54.651051, -22.213944 ], [ -54.651133, -22.214007 ], [ -54.651064, -22.214084 ], [ -54.650797, -22.213877 ] ] ] } },
{ "type": "Feature", "properties": { "id": 117280, "insc_imob": "06.01.34.05.052", "quadra_cartorio": "05", "lote_cartorio": "07", "matricula": "42704", "circunscricao": "1º CIRCUNSCRIÇÃO", "zoneamento": null, "condominio": null, "area_geom": 270.54, "cnm": "062661.2.0042704-07" }, "geometry": { "type": "Polygon", "coordinates": [ [ [ -54.650546, -22.213813 ], [ -54.650615, -22.213736 ], [ -54.650797, -22.213877 ], [ -54.650728, -22.213954 ], [ -54.650546, -22.213813 ] ] ] } },
{ "type": "Feature", "properties": { "id": 117283, "insc_imob": "06.01.34.05.154", "quadra_cartorio": "05", "lote_cartorio": "13", "matricula": "25169", "circunscricao": "1º CIRCUNSCRIÇÃO", "zoneamento": null, "condominio": null, "area_geom": 359.77, "cnm": "062661.2.0025169-38" }, "geometry": { "type": "Polygon", "coordinates": [ [ [ -54.650651, -22.214377 ], [ -54.650837, -22.214169 ], [ -54.650926, -22.214238 ], [ -54.650833, -22.214343 ], [ -54.65074, -22.214447 ], [ -54.650651, -22.214377 ] ] ] } },
{ "type": "Feature", "properties": { "id": 117332, "insc_imob": "06.01.34.05.322", "quadra_cartorio": "05", "lote_cartorio": "02", "matricula": "23608", "circunscricao": "1º CIRCUNSCRIÇÃO", "zoneamento": null, "condominio": null, "area_geom": 329.78, "cnm": "062661.2.0023608-65" }, "geometry": { "type": "Polygon", "coordinates": [ [ [ -54.650969, -22.21388 ], [ -54.651156, -22.213672 ], [ -54.651238, -22.213736 ], [ -54.651051, -22.213944 ], [ -54.650969, -22.21388 ] ] ] } },
{ "type": "Feature", "properties": { "id": 117359, "insc_imob": "06.01.34.05.346", "quadra_cartorio": "05", "lote_cartorio": "04", "matricula": "60801", "circunscricao": "1º CIRCUNSCRIÇÃO", "zoneamento": null, "condominio": null, "area_geom": 419.72, "cnm": "062661.2.0060801-36" }, "geometry": { "type": "Polygon", "coordinates": [ [ [ -54.650776, -22.21373 ], [ -54.650962, -22.213522 ], [ -54.651066, -22.213603 ], [ -54.65088, -22.213811 ], [ -54.650866, -22.2138 ], [ -54.650776, -22.21373 ] ] ] } },
{ "type": "Feature", "properties": { "id": 117750, "insc_imob": "06.01.34.16.050", "quadra_cartorio": "01", "lote_cartorio": "08", "matricula": "39451", "circunscricao": "1º CIRCUNSCRIÇÃO", "zoneamento": null, "condominio": null, "area_geom": 379.74, "cnm": "062661.2.0039451-66" }, "geometry": { "type": "Polygon", "coordinates": [ [ [ -54.649247, -22.214029 ], [ -54.64931, -22.21396 ], [ -54.649593, -22.214179 ], [ -54.649531, -22.214248 ], [ -54.649464, -22.214196 ], [ -54.649247, -22.214029 ] ] ] } },
{ "type": "Feature", "properties": { "id": 117412, "insc_imob": "06.01.34.06.030", "quadra_cartorio": "30", "lote_cartorio": "P/07", "matricula": "90691", "circunscricao": "1º CIRCUNSCRIÇÃO", "zoneamento": null, "condominio": null, "area_geom": 780.51, "cnm": "062661.2.0090691-91" }, "geometry": { "type": "Polygon", "coordinates": [ [ [ -54.650018, -22.213148 ], [ -54.650156, -22.212994 ], [ -54.650158, -22.212992 ], [ -54.650161, -22.212989 ], [ -54.650164, -22.212987 ], [ -54.650166, -22.212985 ], [ -54.650169, -22.212984 ], [ -54.650171, -22.212982 ], [ -54.650174, -22.212981 ], [ -54.650178, -22.212979 ], [ -54.650182, -22.212978 ], [ -54.650185, -22.212977 ], [ -54.650188, -22.212976 ], [ -54.650191, -22.212975 ], [ -54.650195, -22.212975 ], [ -54.650199, -22.212975 ], [ -54.650203, -22.212975 ], [ -54.650208, -22.212975 ], [ -54.650211, -22.212976 ], [ -54.650214, -22.212976 ], [ -54.650217, -22.212977 ], [ -54.65022, -22.212978 ], [ -54.650223, -22.212979 ], [ -54.650227, -22.212981 ], [ -54.65023, -22.212982 ], [ -54.650232, -22.212983 ], [ -54.650235, -22.212986 ], [ -54.650238, -22.212987 ], [ -54.650402, -22.213114 ], [ -54.650228, -22.213309 ], [ -54.650018, -22.213148 ] ] ] } },
{ "type": "Feature", "properties": { "id": 117438, "insc_imob": "06.01.34.06.053", "quadra_cartorio": "30 NCD", "lote_cartorio": "P/07", "matricula": "59191", "circunscricao": "1º CIRCUNSCRIÇÃO", "zoneamento": null, "condominio": null, "area_geom": 785.39, "cnm": "062661.2.0059191-16" }, "geometry": { "type": "Polygon", "coordinates": [ [ [ -54.649875, -22.213309 ], [ -54.650018, -22.213148 ], [ -54.650228, -22.213309 ], [ -54.650272, -22.213344 ], [ -54.650261, -22.213357 ], [ -54.650129, -22.213504 ], [ -54.649875, -22.213309 ] ] ] } },
{ "type": "Feature", "properties": { "id": 117746, "insc_imob": "06.01.34.15.338", "quadra_cartorio": "04", "lote_cartorio": "02", "matricula": "51887", "circunscricao": "1º CIRCUNSCRIÇÃO", "zoneamento": null, "condominio": null, "area_geom": 359.77, "cnm": "062661.2.0051887-06" }, "geometry": { "type": "Polygon", "coordinates": [ [ [ -54.650299, -22.214612 ], [ -54.650486, -22.214404 ], [ -54.650575, -22.214474 ], [ -54.650388, -22.214682 ], [ -54.650299, -22.214612 ] ] ] } },
{ "type": "Feature", "properties": { "id": 117517, "insc_imob": "06.01.34.06.288", "quadra_cartorio": "30 NCD", "lote_cartorio": "02", "matricula": "136862", "circunscricao": "1º CIRCUNSCRIÇÃO", "zoneamento": null, "condominio": null, "area_geom": 374.75, "cnm": "062661.2.0136862-94" }, "geometry": { "type": "Polygon", "coordinates": [ [ [ -54.650403, -22.213466 ], [ -54.650589, -22.213258 ], [ -54.650682, -22.21333 ], [ -54.650497, -22.213538 ], [ -54.650403, -22.213466 ] ] ] } },
{ "type": "Feature", "properties": { "id": 117518, "insc_imob": "06.01.34.06.300", "quadra_cartorio": "31 NC", "lote_cartorio": "P/01", "matricula": "14394", "circunscricao": "1º CIRCUNSCRIÇÃO", "zoneamento": null, "condominio": null, "area_geom": 374.24, "cnm": "062661.2.0014394-62" }, "geometry": { "type": "Polygon", "coordinates": [ [ [ -54.65031, -22.213394 ], [ -54.650495, -22.213187 ], [ -54.650589, -22.213258 ], [ -54.650403, -22.213466 ], [ -54.650354, -22.213429 ], [ -54.65031, -22.213394 ] ] ] } },
{ "type": "Feature", "properties": { "id": 117544, "insc_imob": "06.01.34.06.313", "quadra_cartorio": "30", "lote_cartorio": "P/07", "matricula": "47794", "circunscricao": "1º CIRCUNSCRIÇÃO", "zoneamento": null, "condominio": null, "area_geom": 363.34, "cnm": "062661.2.0047794-63" }, "geometry": { "type": "Polygon", "coordinates": [ [ [ -54.650228, -22.213309 ], [ -54.650402, -22.213114 ], [ -54.650495, -22.213187 ], [ -54.65031, -22.213394 ], [ -54.650261, -22.213357 ], [ -54.650272, -22.213344 ], [ -54.650228, -22.213309 ] ] ] } },
{ "type": "Feature", "properties": { "id": 117545, "insc_imob": "06.01.34.12.010", "quadra_cartorio": "30", "lote_cartorio": "S4", "matricula": "105464", "circunscricao": "1º CIRCUNSCRIÇÃO", "zoneamento": null, "condominio": null, "area_geom": 6995.32, "cnm": "062661.2.0105464-04" }, "geometry": { "type": "Polygon", "coordinates": [ [ [ -54.6523, -22.216634 ], [ -54.652734, -22.216148 ], [ -54.653479, -22.216726 ], [ -54.653045, -22.217212 ], [ -54.6523, -22.216634 ] ] ] } },
{ "type": "Feature", "properties": { "id": 117546, "insc_imob": "06.01.34.12.110", "quadra_cartorio": "30 NCD", "lote_cartorio": "3B", "matricula": "105462", "circunscricao": "1º CIRCUNSCRIÇÃO", "zoneamento": null, "condominio": null, "area_geom": 2998.1, "cnm": "062661.2.0105462-10" }, "geometry": { "type": "Polygon", "coordinates": [ [ [ -54.6523, -22.216634 ], [ -54.653045, -22.217212 ], [ -54.652859, -22.21742 ], [ -54.652114, -22.216842 ], [ -54.6523, -22.216634 ] ] ] } },
{ "type": "Feature", "properties": { "id": 117570, "insc_imob": "06.01.34.13.401", "quadra_cartorio": "30", "lote_cartorio": "P/06", "matricula": "31658", "circunscricao": "1º CIRCUNSCRIÇÃO", "zoneamento": null, "condominio": null, "area_geom": 9393.76, "cnm": "062661.2.0031658-68" }, "geometry": { "type": "Polygon", "coordinates": [ [ [ -54.651214, -22.216135 ], [ -54.651835, -22.215442 ], [ -54.652431, -22.215904 ], [ -54.652245, -22.216112 ], [ -54.652393, -22.216228 ], [ -54.651959, -22.216713 ], [ -54.651214, -22.216135 ] ] ] } },
{ "type": "Feature", "properties": { "id": 117571, "insc_imob": "06.01.34.14.030", "quadra_cartorio": "04", "lote_cartorio": "08", "matricula": "4169", "circunscricao": "1º CIRCUNSCRIÇÃO", "zoneamento": null, "condominio": null, "area_geom": 397.24, "cnm": "062661.2.0004169-85" }, "geometry": { "type": "Polygon", "coordinates": [ [ [ -54.650762, -22.214976 ], [ -54.650948, -22.214768 ], [ -54.651046, -22.214844 ], [ -54.65086, -22.215052 ], [ -54.650762, -22.214976 ] ] ] } },
{ "type": "Feature", "properties": { "id": 117573, "insc_imob": "06.01.34.14.050", "quadra_cartorio": "04", "lote_cartorio": "10", "matricula": "22462", "circunscricao": "1º CIRCUNSCRIÇÃO", "zoneamento": null, "condominio": null, "area_geom": 529.65, "cnm": "062661.2.0022462-11" }, "geometry": { "type": "Polygon", "coordinates": [ [ [ -54.650637, -22.215115 ], [ -54.650699, -22.215045 ], [ -54.651094, -22.215352 ], [ -54.651086, -22.215361 ], [ -54.651032, -22.215421 ], [ -54.650965, -22.215369 ], [ -54.650637, -22.215115 ] ] ] } },
{ "type": "Feature", "properties": { "id": 117595, "insc_imob": "06.01.34.14.070", "quadra_cartorio": "04", "lote_cartorio": "12", "matricula": "32168", "circunscricao": "1º CIRCUNSCRIÇÃO", "zoneamento": null, "condominio": null, "area_geom": 529.65, "cnm": "062661.2.0032168-90" }, "geometry": { "type": "Polygon", "coordinates": [ [ [ -54.650513, -22.215253 ], [ -54.650575, -22.215184 ], [ -54.65097, -22.21549 ], [ -54.650908, -22.21556 ], [ -54.650809, -22.215483 ], [ -54.650711, -22.215407 ], [ -54.650513, -22.215253 ] ] ] } },
{ "type": "Feature", "properties": { "id": 117599, "insc_imob": "06.01.34.14.166", "quadra_cartorio": "06", "lote_cartorio": "17", "matricula": "8292", "circunscricao": "1º CIRCUNSCRIÇÃO", "zoneamento": null, "condominio": null, "area_geom": 397.23, "cnm": "062661.2.0008292-35" }, "geometry": { "type": "Polygon", "coordinates": [ [ [ -54.650722, -22.215768 ], [ -54.650908, -22.21556 ], [ -54.651007, -22.215636 ], [ -54.650821, -22.215844 ], [ -54.650722, -22.215768 ] ] ] } },
{ "type": "Feature", "properties": { "id": 117601, "insc_imob": "06.01.34.14.246", "quadra_cartorio": "04", "lote_cartorio": "21", "matricula": "14638", "circunscricao": "1º CIRCUNSCRIÇÃO", "zoneamento": null, "condominio": null, "area_geom": 529.8, "cnm": "062661.2.0014638-09" }, "geometry": { "type": "Polygon", "coordinates": [ [ [ -54.650908, -22.21556 ], [ -54.65097, -22.21549 ], [ -54.651365, -22.215796 ], [ -54.651303, -22.215866 ], [ -54.651204, -22.215789 ], [ -54.651105, -22.215713 ], [ -54.651007, -22.215636 ], [ -54.650908, -22.21556 ] ] ] } },
{ "type": "Feature", "properties": { "id": 117602, "insc_imob": "06.01.34.14.256", "quadra_cartorio": "04", "lote_cartorio": "22", "matricula": "30840", "circunscricao": "1º CIRCUNSCRIÇÃO", "zoneamento": null, "condominio": null, "area_geom": 529.64, "cnm": "062661.2.0030840-97" }, "geometry": { "type": "Polygon", "coordinates": [ [ [ -54.65097, -22.21549 ], [ -54.651032, -22.215421 ], [ -54.651427, -22.215727 ], [ -54.651365, -22.215796 ], [ -54.65097, -22.21549 ] ] ] } },
{ "type": "Feature", "properties": { "id": 117671, "insc_imob": "06.01.34.14.372", "quadra_cartorio": "04", "lote_cartorio": "05", "matricula": "3375", "circunscricao": "1º CIRCUNSCRIÇÃO", "zoneamento": null, "condominio": null, "area_geom": 397.23, "cnm": "062661.2.0003375-42" }, "geometry": { "type": "Polygon", "coordinates": [ [ [ -54.651058, -22.215206 ], [ -54.651244, -22.214998 ], [ -54.651343, -22.215074 ], [ -54.651156, -22.215282 ], [ -54.651058, -22.215206 ] ] ] } },
{ "type": "Feature", "properties": { "id": 117672, "insc_imob": "06.01.34.14.385", "quadra_cartorio": "04", "lote_cartorio": "06", "matricula": "31487", "circunscricao": "1º CIRCUNSCRIÇÃO", "zoneamento": null, "condominio": null, "area_geom": 397.23, "cnm": "062661.2.0031487-96" }, "geometry": { "type": "Polygon", "coordinates": [ [ [ -54.650959, -22.215129 ], [ -54.651145, -22.214921 ], [ -54.651244, -22.214998 ], [ -54.651058, -22.215206 ], [ -54.650959, -22.215129 ] ] ] } },
{ "type": "Feature", "properties": { "id": 117673, "insc_imob": "06.01.34.14.398", "quadra_cartorio": "04", "lote_cartorio": "07", "matricula": "4168", "circunscricao": "1º CIRCUNSCRIÇÃO", "zoneamento": null, "condominio": null, "area_geom": 397.21, "cnm": "062661.2.0004168-88" }, "geometry": { "type": "Polygon", "coordinates": [ [ [ -54.65086, -22.215052 ], [ -54.651046, -22.214844 ], [ -54.651145, -22.214921 ], [ -54.650959, -22.215129 ], [ -54.65086, -22.215052 ] ] ] } },
{ "type": "Feature", "properties": { "id": 117674, "insc_imob": "06.01.34.15.040", "quadra_cartorio": "04", "lote_cartorio": "06", "matricula": "36708", "circunscricao": "1º CIRCUNSCRIÇÃO", "zoneamento": null, "condominio": null, "area_geom": 237.06, "cnm": "062661.2.0036708-50" }, "geometry": { "type": "Polygon", "coordinates": [ [ [ -54.650241, -22.214685 ], [ -54.650299, -22.214612 ], [ -54.650388, -22.214682 ], [ -54.650477, -22.214751 ], [ -54.650415, -22.21482 ], [ -54.650241, -22.214685 ] ] ] } },
{ "type": "Feature", "properties": { "id": 117675, "insc_imob": "06.01.34.15.050", "quadra_cartorio": "04", "lote_cartorio": "07", "matricula": "36709", "circunscricao": "1º CIRCUNSCRIÇÃO", "zoneamento": null, "condominio": null, "area_geom": 232.11, "cnm": "062661.2.0036709-47" }, "geometry": { "type": "Polygon", "coordinates": [ [ [ -54.650182, -22.214756 ], [ -54.650241, -22.214685 ], [ -54.650415, -22.21482 ], [ -54.650353, -22.21489 ], [ -54.650182, -22.214756 ] ] ] } },
{ "type": "Feature", "properties": { "id": 117676, "insc_imob": "06.01.34.15.060", "quadra_cartorio": "04", "lote_cartorio": "08", "matricula": "848", "circunscricao": "1º CIRCUNSCRIÇÃO", "zoneamento": null, "condominio": null, "area_geom": 609.42, "cnm": "062661.2.0000848-57" }, "geometry": { "type": "Polygon", "coordinates": [ [ [ -54.649837, -22.214605 ], [ -54.6499, -22.214536 ], [ -54.650182, -22.214756 ], [ -54.650353, -22.21489 ], [ -54.65029, -22.214959 ], [ -54.649837, -22.214605 ] ] ] } },
{ "type": "Feature", "properties": { "id": 117677, "insc_imob": "06.01.34.15.070", "quadra_cartorio": "04", "lote_cartorio": "09", "matricula": "847", "circunscricao": "1º CIRCUNSCRIÇÃO", "zoneamento": null, "condominio": null, "area_geom": 609.95, "cnm": "062661.2.0000847-60" }, "geometry": { "type": "Polygon", "coordinates": [ [ [ -54.649774, -22.214674 ], [ -54.649837, -22.214605 ], [ -54.65029, -22.214959 ], [ -54.650228, -22.215028 ], [ -54.650139, -22.214958 ], [ -54.650012, -22.214859 ], [ -54.649871, -22.21475 ], [ -54.649774, -22.214674 ] ] ] } },
{ "type": "Feature", "properties": { "id": 117678, "insc_imob": "06.01.34.15.113", "quadra_cartorio": "04", "lote_cartorio": "10", "matricula": "39445", "circunscricao": "1º CIRCUNSCRIÇÃO", "zoneamento": null, "condominio": null, "area_geom": 393.84, "cnm": "062661.2.0039445-84" }, "geometry": { "type": "Polygon", "coordinates": [ [ [ -54.649586, -22.21488 ], [ -54.649774, -22.214674 ], [ -54.649871, -22.21475 ], [ -54.649685, -22.214957 ], [ -54.649586, -22.21488 ] ] ] } },
{ "type": "Feature", "properties": { "id": 117690, "insc_imob": "06.01.34.15.125", "quadra_cartorio": "04", "lote_cartorio": "11", "matricula": "39446", "circunscricao": "1º CIRCUNSCRIÇÃO", "zoneamento": null, "condominio": null, "area_geom": 567.75, "cnm": "062661.2.0039446-81" }, "geometry": { "type": "Polygon", "coordinates": [ [ [ -54.649685, -22.214957 ], [ -54.649871, -22.21475 ], [ -54.650012, -22.214859 ], [ -54.649826, -22.215067 ], [ -54.649685, -22.214957 ] ] ] } },
{ "type": "Feature", "properties": { "id": 117691, "insc_imob": "06.01.34.15.149", "quadra_cartorio": "04", "lote_cartorio": "13", "matricula": "26217", "circunscricao": "1º CIRCUNSCRIÇÃO", "zoneamento": null, "condominio": null, "area_geom": 508.85, "cnm": "062661.2.0026217-95" }, "geometry": { "type": "Polygon", "coordinates": [ [ [ -54.649826, -22.215067 ], [ -54.650012, -22.214859 ], [ -54.650139, -22.214958 ], [ -54.649953, -22.215165 ], [ -54.649826, -22.215067 ] ] ] } },
{ "type": "Feature", "properties": { "id": 117692, "insc_imob": "06.01.34.15.161", "quadra_cartorio": "04", "lote_cartorio": "14", "matricula": "39447", "circunscricao": "1º CIRCUNSCRIÇÃO", "zoneamento": null, "condominio": null, "area_geom": 359.7, "cnm": "062661.2.0039447-78" }, "geometry": { "type": "Polygon", "coordinates": [ [ [ -54.649953, -22.215165 ], [ -54.650139, -22.214958 ], [ -54.650228, -22.215028 ], [ -54.650041, -22.215236 ], [ -54.649953, -22.215165 ] ] ] } },
{ "type": "Feature", "properties": { "id": 117693, "insc_imob": "06.01.34.15.216", "quadra_cartorio": "03", "lote_cartorio": "08", "matricula": "32250", "circunscricao": "1º CIRCUNSCRIÇÃO", "zoneamento": null, "condominio": null, "area_geom": 389.76, "cnm": "062661.2.0032250-38" }, "geometry": { "type": "Polygon", "coordinates": [ [ [ -54.650138, -22.215311 ], [ -54.650325, -22.215103 ], [ -54.650421, -22.215179 ], [ -54.650272, -22.215345 ], [ -54.650235, -22.215386 ], [ -54.650138, -22.215311 ] ] ] } },
{ "type": "Feature", "properties": { "id": 117694, "insc_imob": "06.01.34.15.226", "quadra_cartorio": "03", "lote_cartorio": "06", "matricula": "25101", "circunscricao": "1º CIRCUNSCRIÇÃO", "zoneamento": null, "condominio": null, "area_geom": 259.83, "cnm": "062661.2.0025101-48" }, "geometry": { "type": "Polygon", "coordinates": [ [ [ -54.650228, -22.215028 ], [ -54.65029, -22.214959 ], [ -54.650484, -22.21511 ], [ -54.650421, -22.215179 ], [ -54.650325, -22.215103 ], [ -54.650228, -22.215028 ] ] ] } },
{ "type": "Feature", "properties": { "id": 117716, "insc_imob": "06.01.34.15.236", "quadra_cartorio": "03", "lote_cartorio": "05", "matricula": "22838", "circunscricao": "1º CIRCUNSCRIÇÃO", "zoneamento": null, "condominio": null, "area_geom": 259.82, "cnm": "062661.2.0022838-47" }, "geometry": { "type": "Polygon", "coordinates": [ [ [ -54.65029, -22.214959 ], [ -54.650353, -22.21489 ], [ -54.650546, -22.21504 ], [ -54.650484, -22.21511 ], [ -54.65029, -22.214959 ] ] ] } },
{ "type": "Feature", "properties": { "id": 117745, "insc_imob": "06.01.34.15.325", "quadra_cartorio": "04", "lote_cartorio": "01", "matricula": "51887", "circunscricao": "1º CIRCUNSCRIÇÃO", "zoneamento": null, "condominio": null, "area_geom": 359.76, "cnm": "062661.2.0051887-06" }, "geometry": { "type": "Polygon", "coordinates": [ [ [ -54.650388, -22.214682 ], [ -54.650575, -22.214474 ], [ -54.650664, -22.214544 ], [ -54.650477, -22.214751 ], [ -54.650388, -22.214682 ] ] ] } },
{ "type": "Feature", "properties": { "id": 117747, "insc_imob": "06.01.34.15.364", "quadra_cartorio": "04", "lote_cartorio": "04", "matricula": "25397", "circunscricao": "1º CIRCUNSCRIÇÃO", "zoneamento": null, "condominio": null, "area_geom": 359.74, "cnm": "062661.2.0025397-33" }, "geometry": { "type": "Polygon", "coordinates": [ [ [ -54.650121, -22.214473 ], [ -54.650307, -22.214265 ], [ -54.650397, -22.214335 ], [ -54.65021, -22.214542 ], [ -54.650121, -22.214473 ] ] ] } },
{ "type": "Feature", "properties": { "id": 117749, "insc_imob": "06.01.34.16.040", "quadra_cartorio": "01", "lote_cartorio": "07", "matricula": "39450", "circunscricao": "1º CIRCUNSCRIÇÃO", "zoneamento": null, "condominio": null, "area_geom": 379.81, "cnm": "062661.2.0039450-69" }, "geometry": { "type": "Polygon", "coordinates": [ [ [ -54.64931, -22.21396 ], [ -54.649372, -22.21389 ], [ -54.649461, -22.213959 ], [ -54.649558, -22.214035 ], [ -54.649611, -22.214076 ], [ -54.649655, -22.21411 ], [ -54.649593, -22.214179 ], [ -54.64931, -22.21396 ] ] ] } },
{ "type": "Feature", "properties": { "id": 117751, "insc_imob": "06.01.34.16.070", "quadra_cartorio": "01", "lote_cartorio": "10", "matricula": "37961", "circunscricao": "1º CIRCUNSCRIÇÃO", "zoneamento": null, "condominio": null, "area_geom": 379.72, "cnm": "062661.2.0037961-74" }, "geometry": { "type": "Polygon", "coordinates": [ [ [ -54.649123, -22.214168 ], [ -54.649185, -22.214098 ], [ -54.649468, -22.214318 ], [ -54.649406, -22.214387 ], [ -54.64931, -22.214312 ], [ -54.649213, -22.214237 ], [ -54.649123, -22.214168 ] ] ] } },
{ "type": "Feature", "properties": { "id": 117768, "insc_imob": "06.01.34.16.228", "quadra_cartorio": "01", "lote_cartorio": "18", "matricula": "26304", "circunscricao": "1º CIRCUNSCRIÇÃO", "zoneamento": null, "condominio": null, "area_geom": 389.76, "cnm": "062661.2.0026304-28" }, "geometry": { "type": "Polygon", "coordinates": [ [ [ -54.649468, -22.214318 ], [ -54.649475, -22.214311 ], [ -54.649531, -22.214248 ], [ -54.649821, -22.214474 ], [ -54.649759, -22.214543 ], [ -54.649468, -22.214318 ] ] ] } },
{ "type": "Feature", "properties": { "id": 117769, "insc_imob": "06.01.34.16.238", "quadra_cartorio": "01", "lote_cartorio": "19", "matricula": "46286", "circunscricao": "1º CIRCUNSCRIÇÃO", "zoneamento": null, "condominio": null, "area_geom": 389.71, "cnm": "062661.2.0046286-28" }, "geometry": { "type": "Polygon", "coordinates": [ [ [ -54.649531, -22.214248 ], [ -54.649593, -22.214179 ], [ -54.649883, -22.214404 ], [ -54.649821, -22.214474 ], [ -54.649531, -22.214248 ] ] ] } },
{ "type": "Feature", "properties": { "id": 117770, "insc_imob": "06.01.34.16.248", "quadra_cartorio": "01", "lote_cartorio": "20", "matricula": "46287", "circunscricao": "1º CIRCUNSCRIÇÃO", "zoneamento": null, "condominio": null, "area_geom": 389.69, "cnm": "062661.2.0046287-25" }, "geometry": { "type": "Polygon", "coordinates": [ [ [ -54.649593, -22.214179 ], [ -54.649655, -22.21411 ], [ -54.649945, -22.214335 ], [ -54.649883, -22.214404 ], [ -54.649593, -22.214179 ] ] ] } },
{ "type": "Feature", "properties": { "id": 117771, "insc_imob": "06.01.34.16.030", "quadra_cartorio": "01", "lote_cartorio": "04", "matricula": "25798", "circunscricao": "1º CIRCUNSCRIÇÃO", "zoneamento": null, "condominio": null, "area_geom": 389.78, "cnm": "062661.2.0025798-91" }, "geometry": { "type": "Polygon", "coordinates": [ [ [ -54.649611, -22.214076 ], [ -54.649558, -22.214035 ], [ -54.649744, -22.213827 ], [ -54.649841, -22.213902 ], [ -54.649655, -22.21411 ], [ -54.649611, -22.214076 ] ] ] } },
{ "type": "Feature", "properties": { "id": 117842, "insc_imob": "06.01.34.22.030", "quadra_cartorio": "30", "lote_cartorio": "01B", "matricula": "95159", "circunscricao": "1º CIRCUNSCRIÇÃO", "zoneamento": null, "condominio": null, "area_geom": 399.6, "cnm": "062661.2.0095159-73" }, "geometry": { "type": "Polygon", "coordinates": [ [ [ -54.652259, -22.217089 ], [ -54.65218, -22.217175 ], [ -54.651944, -22.216988 ], [ -54.652022, -22.216902 ], [ -54.652259, -22.217089 ] ] ] } },
{ "type": "Feature", "properties": { "id": 117875, "insc_imob": "06.01.34.05.285", "quadra_cartorio": "02", "lote_cartorio": "01", "matricula": "45973", "circunscricao": "1º CIRCUNSCRIÇÃO", "zoneamento": null, "condominio": null, "area_geom": 389.74, "cnm": "062661.2.0045973-94" }, "geometry": { "type": "Polygon", "coordinates": [ [ [ -54.65123, -22.214082 ], [ -54.651416, -22.213874 ], [ -54.651513, -22.213949 ], [ -54.651327, -22.214158 ], [ -54.65123, -22.214082 ] ] ] } },
{ "type": "Feature", "properties": { "id": 117889, "insc_imob": "06.01.34.22.040", "quadra_cartorio": "30", "lote_cartorio": "03B", "matricula": "95161", "circunscricao": "1º CIRCUNSCRIÇÃO", "zoneamento": null, "condominio": null, "area_geom": 399.25, "cnm": "062661.2.0095161-67" }, "geometry": { "type": "Polygon", "coordinates": [ [ [ -54.651866, -22.217074 ], [ -54.652102, -22.217261 ], [ -54.652024, -22.217347 ], [ -54.651787, -22.21716 ], [ -54.651866, -22.217074 ] ] ] } },
{ "type": "Feature", "properties": { "id": 117890, "insc_imob": "06.01.34.22.060", "quadra_cartorio": "30", "lote_cartorio": "05B", "matricula": "95163", "circunscricao": "1º CIRCUNSCRIÇÃO", "zoneamento": null, "condominio": null, "area_geom": 399.11, "cnm": "062661.2.0095163-61" }, "geometry": { "type": "Polygon", "coordinates": [ [ [ -54.65163, -22.217332 ], [ -54.651709, -22.217246 ], [ -54.651945, -22.217433 ], [ -54.651867, -22.217519 ], [ -54.65163, -22.217332 ] ] ] } },
{ "type": "Feature", "properties": { "id": 117891, "insc_imob": "06.01.34.22.125", "quadra_cartorio": "30", "lote_cartorio": "08B", "matricula": "95166", "circunscricao": "1º CIRCUNSCRIÇÃO", "zoneamento": null, "condominio": null, "area_geom": 399.59, "cnm": "062661.2.0095166-52" }, "geometry": { "type": "Polygon", "coordinates": [ [ [ -54.651632, -22.217778 ], [ -54.651395, -22.217591 ], [ -54.651474, -22.217505 ], [ -54.65171, -22.217691 ], [ -54.651632, -22.217778 ] ] ] } },
{ "type": "Feature", "properties": { "id": 117916, "insc_imob": "06.01.34.22.135", "quadra_cartorio": "30", "lote_cartorio": "09SC", "matricula": "135487", "circunscricao": "1º CIRCUNSCRIÇÃO", "zoneamento": null, "condominio": null, "area_geom": 600.77, "cnm": "062661.2.0135487-48" }, "geometry": { "type": "Polygon", "coordinates": [ [ [ -54.651867, -22.217519 ], [ -54.651945, -22.217433 ], [ -54.652034, -22.217503 ], [ -54.651721, -22.217848 ], [ -54.651632, -22.217778 ], [ -54.65171, -22.217691 ], [ -54.651788, -22.217605 ], [ -54.651867, -22.217519 ] ] ] } },
{ "type": "Feature", "properties": { "id": 117944, "insc_imob": "06.01.34.22.145", "quadra_cartorio": "30", "lote_cartorio": "11S", "matricula": "135488", "circunscricao": "1º CIRCUNSCRIÇÃO", "zoneamento": null, "condominio": null, "area_geom": 595.82, "cnm": "062661.2.0135488-45" }, "geometry": { "type": "Polygon", "coordinates": [ [ [ -54.651809, -22.217917 ], [ -54.651721, -22.217848 ], [ -54.652034, -22.217503 ], [ -54.652122, -22.217573 ], [ -54.651809, -22.217917 ] ] ] } },
{ "type": "Feature", "properties": { "id": 117945, "insc_imob": "06.01.34.22.155", "quadra_cartorio": "30", "lote_cartorio": "13S", "matricula": "135490", "circunscricao": "1º CIRCUNSCRIÇÃO", "zoneamento": null, "condominio": null, "area_geom": 600.54, "cnm": "062661.2.0135490-39" }, "geometry": { "type": "Polygon", "coordinates": [ [ [ -54.651809, -22.217917 ], [ -54.652122, -22.217573 ], [ -54.652211, -22.217643 ], [ -54.652133, -22.217729 ], [ -54.652055, -22.217815 ], [ -54.651976, -22.217901 ], [ -54.651898, -22.217987 ], [ -54.651809, -22.217917 ] ] ] } },
{ "type": "Feature", "properties": { "id": 117946, "insc_imob": "06.01.34.22.200", "quadra_cartorio": null, "lote_cartorio": "06S", "matricula": "134779", "circunscricao": "1º CIRCUNSCRIÇÃO", "zoneamento": null, "condominio": null, "area_geom": 379.75, "cnm": "062661.2.0134779-38" }, "geometry": { "type": "Polygon", "coordinates": [ [ [ -54.652279, -22.217993 ], [ -54.652055, -22.217815 ], [ -54.652133, -22.217729 ], [ -54.652358, -22.217907 ], [ -54.652279, -22.217993 ] ] ] } },
{ "type": "Feature", "properties": { "id": 117947, "insc_imob": "06.01.34.22.210", "quadra_cartorio": null, "lote_cartorio": "05S", "matricula": "134778", "circunscricao": "1º CIRCUNSCRIÇÃO", "zoneamento": null, "condominio": null, "area_geom": 379.75, "cnm": "062661.2.0134778-41" }, "geometry": { "type": "Polygon", "coordinates": [ [ [ -54.652358, -22.217907 ], [ -54.652133, -22.217729 ], [ -54.652211, -22.217643 ], [ -54.652436, -22.217821 ], [ -54.652358, -22.217907 ] ] ] } },
{ "type": "Feature", "properties": { "id": 117970, "insc_imob": "06.01.34.22.220", "quadra_cartorio": null, "lote_cartorio": "04S", "matricula": "134777", "circunscricao": "1º CIRCUNSCRIÇÃO", "zoneamento": null, "condominio": null, "area_geom": 379.75, "cnm": "062661.2.0134777-44" }, "geometry": { "type": "Polygon", "coordinates": [ [ [ -54.652436, -22.217821 ], [ -54.652211, -22.217643 ], [ -54.65229, -22.217557 ], [ -54.652515, -22.217734 ], [ -54.652436, -22.217821 ] ] ] } },
{ "type": "Feature", "properties": { "id": 117971, "insc_imob": "06.01.34.22.262", "quadra_cartorio": "30", "lote_cartorio": "14S", "matricula": "135491", "circunscricao": "1º CIRCUNSCRIÇÃO", "zoneamento": null, "condominio": null, "area_geom": 602.44, "cnm": "062661.2.0135491-36" }, "geometry": { "type": "Polygon", "coordinates": [ [ [ -54.652122, -22.217573 ], [ -54.652436, -22.217228 ], [ -54.652525, -22.217299 ], [ -54.652447, -22.217385 ], [ -54.652368, -22.217471 ], [ -54.65229, -22.217557 ], [ -54.652211, -22.217643 ], [ -54.652122, -22.217573 ] ] ] } },
{ "type": "Feature", "properties": { "id": 117972, "insc_imob": "06.01.34.22.272", "quadra_cartorio": "30", "lote_cartorio": "12S", "matricula": "135489", "circunscricao": "1º CIRCUNSCRIÇÃO", "zoneamento": null, "condominio": null, "area_geom": 595.84, "cnm": "062661.2.0135489-42" }, "geometry": { "type": "Polygon", "coordinates": [ [ [ -54.652122, -22.217573 ], [ -54.652034, -22.217503 ], [ -54.652347, -22.217159 ], [ -54.652436, -22.217228 ], [ -54.652122, -22.217573 ] ] ] } },
{ "type": "Feature", "properties": { "id": 117973, "insc_imob": "06.01.34.22.280", "quadra_cartorio": null, "lote_cartorio": "10S", "matricula": "134783", "circunscricao": "1º CIRCUNSCRIÇÃO", "zoneamento": null, "condominio": null, "area_geom": 600.01, "cnm": "062661.2.0134783-26" }, "geometry": { "type": "Polygon", "coordinates": [ [ [ -54.65218, -22.217175 ], [ -54.652259, -22.217089 ], [ -54.652347, -22.217159 ], [ -54.652034, -22.217503 ], [ -54.651945, -22.217433 ], [ -54.652024, -22.217347 ], [ -54.652102, -22.217261 ], [ -54.65218, -22.217175 ] ] ] } },
{ "type": "Feature", "properties": { "id": 117974, "insc_imob": "06.01.34.22.389", "quadra_cartorio": "30", "lote_cartorio": "02B", "matricula": "95160", "circunscricao": "1º CIRCUNSCRIÇÃO", "zoneamento": null, "condominio": null, "area_geom": 399.33, "cnm": "062661.2.0095160-70" }, "geometry": { "type": "Polygon", "coordinates": [ [ [ -54.651944, -22.216988 ], [ -54.65218, -22.217175 ], [ -54.652102, -22.217261 ], [ -54.651866, -22.217074 ], [ -54.651944, -22.216988 ] ] ] } },
{ "type": "Feature", "properties": { "id": 117997, "insc_imob": "06.01.34.24.050", "quadra_cartorio": "06", "lote_cartorio": "10", "matricula": "92093", "circunscricao": "1º CIRCUNSCRIÇÃO", "zoneamento": null, "condominio": null, "area_geom": 529.64, "cnm": "062661.2.0092093-56" }, "geometry": { "type": "Polygon", "coordinates": [ [ [ -54.649943, -22.215892 ], [ -54.650006, -22.215822 ], [ -54.6504, -22.216129 ], [ -54.650392, -22.216138 ], [ -54.650338, -22.216198 ], [ -54.650271, -22.216146 ], [ -54.649943, -22.215892 ] ] ] } },
{ "type": "Feature", "properties": { "id": 118052, "insc_imob": "06.01.34.24.165", "quadra_cartorio": "06", "lote_cartorio": "17", "matricula": "92100", "circunscricao": "1º CIRCUNSCRIÇÃO", "zoneamento": null, "condominio": null, "area_geom": 397.24, "cnm": "062661.2.0092100-35" }, "geometry": { "type": "Polygon", "coordinates": [ [ [ -54.650028, -22.216545 ], [ -54.650214, -22.216337 ], [ -54.650313, -22.216413 ], [ -54.650127, -22.216621 ], [ -54.650028, -22.216545 ] ] ] } },
{ "type": "Feature", "properties": { "id": 118056, "insc_imob": "06.01.34.24.265", "quadra_cartorio": "06", "lote_cartorio": "23", "matricula": "92106", "circunscricao": "1º CIRCUNSCRIÇÃO", "zoneamento": null, "condominio": null, "area_geom": 529.67, "cnm": "062661.2.0092106-17" }, "geometry": { "type": "Polygon", "coordinates": [ [ [ -54.650338, -22.216198 ], [ -54.650392, -22.216138 ], [ -54.6504, -22.216129 ], [ -54.650795, -22.216435 ], [ -54.650733, -22.216504 ], [ -54.650338, -22.216198 ] ] ] } },
{ "type": "Feature", "properties": { "id": 118077, "insc_imob": "06.01.34.24.332", "quadra_cartorio": "06", "lote_cartorio": "02", "matricula": "92085", "circunscricao": "1º CIRCUNSCRIÇÃO", "zoneamento": null, "condominio": null, "area_geom": 397.21, "cnm": "062661.2.0092085-80" }, "geometry": { "type": "Polygon", "coordinates": [ [ [ -54.65066, -22.216212 ], [ -54.650846, -22.216004 ], [ -54.650945, -22.216081 ], [ -54.650759, -22.216289 ], [ -54.65066, -22.216212 ] ] ] } },
{ "type": "Feature", "properties": { "id": 118078, "insc_imob": "06.01.34.24.345", "quadra_cartorio": "06", "lote_cartorio": "03", "matricula": "92086", "circunscricao": "1º CIRCUNSCRIÇÃO", "zoneamento": null, "condominio": null, "area_geom": 397.22, "cnm": "062661.2.0092086-77" }, "geometry": { "type": "Polygon", "coordinates": [ [ [ -54.650561, -22.216136 ], [ -54.650747, -22.215928 ], [ -54.650846, -22.216004 ], [ -54.65066, -22.216212 ], [ -54.650561, -22.216136 ] ] ] } },
{ "type": "Feature", "properties": { "id": 118079, "insc_imob": "06.01.34.24.358", "quadra_cartorio": "06", "lote_cartorio": "04", "matricula": "92087", "circunscricao": "1º CIRCUNSCRIÇÃO", "zoneamento": null, "condominio": null, "area_geom": 397.23, "cnm": "062661.2.0092087-74" }, "geometry": { "type": "Polygon", "coordinates": [ [ [ -54.650462, -22.216059 ], [ -54.650649, -22.215851 ], [ -54.650747, -22.215928 ], [ -54.650561, -22.216136 ], [ -54.650462, -22.216059 ] ] ] } },
{ "type": "Feature", "properties": { "id": 118081, "insc_imob": "06.01.34.25.040", "quadra_cartorio": "03", "lote_cartorio": "06", "matricula": "16813", "circunscricao": "1º CIRCUNSCRIÇÃO", "zoneamento": null, "condominio": null, "area_geom": 376.31, "cnm": "062661.2.0016813-80" }, "geometry": { "type": "Polygon", "coordinates": [ [ [ -54.649277, -22.215258 ], [ -54.649339, -22.215189 ], [ -54.64944, -22.215266 ], [ -54.649529, -22.215336 ], [ -54.64962, -22.215405 ], [ -54.649558, -22.215475 ], [ -54.649277, -22.215258 ] ] ] } },
{ "type": "Feature", "properties": { "id": 118082, "insc_imob": "06.01.34.25.050", "quadra_cartorio": "03", "lote_cartorio": "07", "matricula": "8198", "circunscricao": "1º CIRCUNSCRIÇÃO", "zoneamento": null, "condominio": null, "area_geom": 615.55, "cnm": "062661.2.0008198-26" }, "geometry": { "type": "Polygon", "coordinates": [ [ [ -54.649214, -22.215327 ], [ -54.649277, -22.215258 ], [ -54.649558, -22.215475 ], [ -54.649647, -22.215544 ], [ -54.649736, -22.215613 ], [ -54.649674, -22.215682 ], [ -54.649475, -22.215529 ], [ -54.649219, -22.215331 ], [ -54.649214, -22.215327 ] ] ] } },
{ "type": "Feature", "properties": { "id": 118084, "insc_imob": "06.01.34.25.114", "quadra_cartorio": "03", "lote_cartorio": "10", "matricula": "31048", "circunscricao": "1º CIRCUNSCRIÇÃO", "zoneamento": null, "condominio": null, "area_geom": 414.62, "cnm": "062661.2.0031048-55" }, "geometry": { "type": "Polygon", "coordinates": [ [ [ -54.648947, -22.215707 ], [ -54.648902, -22.215672 ], [ -54.649089, -22.215465 ], [ -54.649192, -22.215544 ], [ -54.649006, -22.215753 ], [ -54.648947, -22.215707 ] ] ] } },
{ "type": "Feature", "properties": { "id": 118086, "insc_imob": "06.01.34.25.174", "quadra_cartorio": "05", "lote_cartorio": "07", "matricula": "19452", "circunscricao": "1º CIRCUNSCRIÇÃO", "zoneamento": null, "condominio": null, "area_geom": 389.73, "cnm": "062661.2.0019452-20" }, "geometry": { "type": "Polygon", "coordinates": [ [ [ -54.649364, -22.216029 ], [ -54.64955, -22.215821 ], [ -54.649647, -22.215896 ], [ -54.649461, -22.216104 ], [ -54.649364, -22.216029 ] ] ] } },
{ "type": "Feature", "properties": { "id": 118087, "insc_imob": "06.01.34.25.217", "quadra_cartorio": "05", "lote_cartorio": "08", "matricula": "19453", "circunscricao": "1º CIRCUNSCRIÇÃO", "zoneamento": null, "condominio": null, "area_geom": 389.74, "cnm": "062661.2.0019453-17" }, "geometry": { "type": "Polygon", "coordinates": [ [ [ -54.649461, -22.216104 ], [ -54.649647, -22.215896 ], [ -54.649744, -22.215971 ], [ -54.649595, -22.216138 ], [ -54.649558, -22.216179 ], [ -54.649461, -22.216104 ] ] ] } },
{ "type": "Feature", "properties": { "id": 118088, "insc_imob": "06.01.34.25.250", "quadra_cartorio": "05", "lote_cartorio": "04", "matricula": "26191", "circunscricao": "1º CIRCUNSCRIÇÃO", "zoneamento": null, "condominio": null, "area_geom": 259.8, "cnm": "062661.2.0026191-76" }, "geometry": { "type": "Polygon", "coordinates": [ [ [ -54.649674, -22.215682 ], [ -54.649736, -22.215613 ], [ -54.64993, -22.215763 ], [ -54.649868, -22.215832 ], [ -54.649679, -22.215686 ], [ -54.649674, -22.215682 ] ] ] } },
{ "type": "Feature", "properties": { "id": 118089, "insc_imob": "06.01.34.25.303", "quadra_cartorio": "05", "lote_cartorio": "01", "matricula": "125918", "circunscricao": "1º CIRCUNSCRIÇÃO", "zoneamento": null, "condominio": null, "area_geom": 389.72, "cnm": "062661.2.0125918-43" }, "geometry": { "type": "Polygon", "coordinates": [ [ [ -54.649895, -22.215618 ], [ -54.650081, -22.21541 ], [ -54.650178, -22.215485 ], [ -54.649992, -22.215693 ], [ -54.649895, -22.215618 ] ] ] } },
{ "type": "Feature", "properties": { "id": 118090, "insc_imob": "06.01.34.25.316", "quadra_cartorio": "05", "lote_cartorio": "02", "matricula": "26470", "circunscricao": "1º CIRCUNSCRIÇÃO", "zoneamento": null, "condominio": null, "area_geom": 389.75, "cnm": "062661.2.0026470-15" }, "geometry": { "type": "Polygon", "coordinates": [ [ [ -54.649798, -22.215543 ], [ -54.649984, -22.215335 ], [ -54.650081, -22.21541 ], [ -54.649895, -22.215618 ], [ -54.649798, -22.215543 ] ] ] } },
{ "type": "Feature", "properties": { "id": 118091, "insc_imob": "06.01.34.25.340", "quadra_cartorio": "03", "lote_cartorio": "02", "matricula": "20842", "circunscricao": "1º CIRCUNSCRIÇÃO", "zoneamento": null, "condominio": null, "area_geom": 359.75, "cnm": "062661.2.0020842-21" }, "geometry": { "type": "Polygon", "coordinates": [ [ [ -54.649805, -22.215197 ], [ -54.649894, -22.215266 ], [ -54.649709, -22.215475 ], [ -54.64962, -22.215405 ], [ -54.649805, -22.215197 ] ] ] } },
{ "type": "Feature", "properties": { "id": 118095, "insc_imob": "06.01.34.32.016", "quadra_cartorio": null, "lote_cartorio": "06D", "matricula": "135434", "circunscricao": "1º CIRCUNSCRIÇÃO", "zoneamento": null, "condominio": null, "area_geom": 344.64, "cnm": "062661.2.0135434-13" }, "geometry": { "type": "Polygon", "coordinates": [ [ [ -54.651282, -22.218017 ], [ -54.651482, -22.217797 ], [ -54.651557, -22.217856 ], [ -54.651562, -22.21786 ], [ -54.651364, -22.218078 ], [ -54.651362, -22.21808 ], [ -54.651282, -22.218017 ] ] ] } },
{ "type": "Feature", "properties": { "id": 118096, "insc_imob": "06.01.34.33.012", "quadra_cartorio": "30", "lote_cartorio": "01C", "matricula": "95167", "circunscricao": "1º CIRCUNSCRIÇÃO", "zoneamento": null, "condominio": null, "area_geom": 399.73, "cnm": "062661.2.0095167-49" }, "geometry": { "type": "Polygon", "coordinates": [ [ [ -54.650888, -22.217713 ], [ -54.651087, -22.217491 ], [ -54.65118, -22.217563 ], [ -54.650981, -22.217785 ], [ -54.650888, -22.217713 ] ] ] } },
{ "type": "Feature", "properties": { "id": 118097, "insc_imob": "06.01.34.33.037", "quadra_cartorio": "30", "lote_cartorio": "03C", "matricula": "95169", "circunscricao": "1º CIRCUNSCRIÇÃO", "zoneamento": null, "condominio": null, "area_geom": 399.71, "cnm": "062661.2.0095169-43" }, "geometry": { "type": "Polygon", "coordinates": [ [ [ -54.650702, -22.217568 ], [ -54.650901, -22.217346 ], [ -54.650994, -22.217419 ], [ -54.650795, -22.217641 ], [ -54.650702, -22.217568 ] ] ] } },
{ "type": "Feature", "properties": { "id": 118098, "insc_imob": "06.01.34.33.050", "quadra_cartorio": "30", "lote_cartorio": "04C", "matricula": "95170", "circunscricao": "1º CIRCUNSCRIÇÃO", "zoneamento": null, "condominio": null, "area_geom": 399.71, "cnm": "062661.2.0095170-40" }, "geometry": { "type": "Polygon", "coordinates": [ [ [ -54.650609, -22.217496 ], [ -54.650808, -22.217274 ], [ -54.650901, -22.217346 ], [ -54.650702, -22.217568 ], [ -54.650609, -22.217496 ] ] ] } },
{ "type": "Feature", "properties": { "id": 118099, "insc_imob": "06.01.34.33.075", "quadra_cartorio": "30", "lote_cartorio": "06C", "matricula": "95172", "circunscricao": "1º CIRCUNSCRIÇÃO", "zoneamento": null, "condominio": null, "area_geom": 399.72, "cnm": "062661.2.0095172-34" }, "geometry": { "type": "Polygon", "coordinates": [ [ [ -54.650423, -22.217352 ], [ -54.650621, -22.21713 ], [ -54.650714, -22.217202 ], [ -54.650516, -22.217424 ], [ -54.650423, -22.217352 ] ] ] } },
{ "type": "Feature", "properties": { "id": 118120, "insc_imob": "06.01.34.33.144", "quadra_cartorio": "30", "lote_cartorio": "08C", "matricula": "95174", "circunscricao": "1º CIRCUNSCRIÇÃO", "zoneamento": null, "condominio": null, "area_geom": 399.7, "cnm": "062661.2.0095174-28" }, "geometry": { "type": "Polygon", "coordinates": [ [ [ -54.650236, -22.217207 ], [ -54.65025, -22.217192 ], [ -54.650435, -22.216985 ], [ -54.650528, -22.217057 ], [ -54.65033, -22.217279 ], [ -54.650236, -22.217207 ] ] ] } },
{ "type": "Feature", "properties": { "id": 119011, "insc_imob": "06.01.24.06.734", "quadra_cartorio": "52 NCD", "lote_cartorio": "P/32", "matricula": "85406", "circunscricao": "1º CIRCUNSCRIÇÃO", "zoneamento": null, "condominio": null, "area_geom": 553.38, "cnm": "062661.2.0085406-38" }, "geometry": { "type": "Polygon", "coordinates": [ [ [ -54.651438, -22.212295 ], [ -54.651712, -22.211989 ], [ -54.651814, -22.212049 ], [ -54.651529, -22.212367 ], [ -54.651438, -22.212295 ] ] ] } },
{ "type": "Feature", "properties": { "id": 119012, "insc_imob": "06.01.24.06.721", "quadra_cartorio": "52 NC", "lote_cartorio": "P/32", "matricula": "38922", "circunscricao": "1º CIRCUNSCRIÇÃO", "zoneamento": null, "condominio": null, "area_geom": 576.18, "cnm": "062661.2.0038922-04" }, "geometry": { "type": "Polygon", "coordinates": [ [ [ -54.651529, -22.212367 ], [ -54.651814, -22.212049 ], [ -54.651917, -22.212108 ], [ -54.651621, -22.212438 ], [ -54.651529, -22.212367 ] ] ] } },
{ "type": "Feature", "properties": { "id": 119032, "insc_imob": "06.01.24.06.940", "quadra_cartorio": "52 NC", "lote_cartorio": "P/16A", "matricula": "57533", "circunscricao": "1º CIRCUNSCRIÇÃO", "zoneamento": null, "condominio": null, "area_geom": 461.63, "cnm": "062661.2.0057533-43" }, "geometry": { "type": "Polygon", "coordinates": [ [ [ -54.652608, -22.211634 ], [ -54.652665, -22.21148 ], [ -54.652941, -22.211559 ], [ -54.652827, -22.211687 ], [ -54.652608, -22.211634 ] ] ] } },
{ "type": "Feature", "properties": { "id": 119033, "insc_imob": "06.01.24.06.960", "quadra_cartorio": "52 NC", "lote_cartorio": "C", "matricula": "109800", "circunscricao": "1º CIRCUNSCRIÇÃO", "zoneamento": null, "condominio": null, "area_geom": 376.36, "cnm": "062661.2.0109800-91" }, "geometry": { "type": "Polygon", "coordinates": [ [ [ -54.652703, -22.211377 ], [ -54.652741, -22.211275 ], [ -54.653034, -22.21137 ], [ -54.652986, -22.211469 ], [ -54.652703, -22.211377 ] ] ] } },
{ "type": "Feature", "properties": { "id": 119034, "insc_imob": "06.01.24.06.970", "quadra_cartorio": "52 NC", "lote_cartorio": "B", "matricula": "84450", "circunscricao": "1º CIRCUNSCRIÇÃO", "zoneamento": null, "condominio": null, "area_geom": 407.29, "cnm": "062661.2.0084450-93" }, "geometry": { "type": "Polygon", "coordinates": [ [ [ -54.652741, -22.211275 ], [ -54.652782, -22.211164 ], [ -54.653083, -22.211272 ], [ -54.653034, -22.21137 ], [ -54.652741, -22.211275 ] ] ] } },
{ "type": "Feature", "properties": { "id": 119038, "insc_imob": "06.01.24.13.055", "quadra_cartorio": "04", "lote_cartorio": "02", "matricula": "47260", "circunscricao": "1º CIRCUNSCRIÇÃO", "zoneamento": null, "condominio": null, "area_geom": 374.74, "cnm": "062661.2.0047260-16" }, "geometry": { "type": "Polygon", "coordinates": [ [ [ -54.653701, -22.213999 ], [ -54.653779, -22.213912 ], [ -54.654002, -22.214085 ], [ -54.653925, -22.214172 ], [ -54.653813, -22.214085 ], [ -54.653701, -22.213999 ] ] ] } },
{ "type": "Feature", "properties": { "id": 119040, "insc_imob": "06.01.24.14.098", "quadra_cartorio": "05", "lote_cartorio": "02", "matricula": "23247", "circunscricao": "1º CIRCUNSCRIÇÃO", "zoneamento": null, "condominio": null, "area_geom": 402.93, "cnm": "062661.2.0023247-81" }, "geometry": { "type": "Polygon", "coordinates": [ [ [ -54.652895, -22.213535 ], [ -54.653103, -22.213302 ], [ -54.653193, -22.213371 ], [ -54.652984, -22.213604 ], [ -54.652895, -22.213535 ] ] ] } },
{ "type": "Feature", "properties": { "id": 119054, "insc_imob": "06.01.24.14.110", "quadra_cartorio": "05", "lote_cartorio": "03", "matricula": "23248", "circunscricao": "1º CIRCUNSCRIÇÃO", "zoneamento": null, "condominio": null, "area_geom": 402.93, "cnm": "062661.2.0023248-78" }, "geometry": { "type": "Polygon", "coordinates": [ [ [ -54.652984, -22.213604 ], [ -54.653193, -22.213371 ], [ -54.653282, -22.213441 ], [ -54.653074, -22.213674 ], [ -54.652984, -22.213604 ] ] ] } },
{ "type": "Feature", "properties": { "id": 119055, "insc_imob": "06.01.24.14.122", "quadra_cartorio": "05", "lote_cartorio": "04", "matricula": "23249", "circunscricao": "1º CIRCUNSCRIÇÃO", "zoneamento": null, "condominio": null, "area_geom": 402.94, "cnm": "062661.2.0023249-75" }, "geometry": { "type": "Polygon", "coordinates": [ [ [ -54.653074, -22.213674 ], [ -54.653282, -22.213441 ], [ -54.653372, -22.21351 ], [ -54.653163, -22.213743 ], [ -54.653074, -22.213674 ] ] ] } },
{ "type": "Feature", "properties": { "id": 119056, "insc_imob": "06.01.24.14.134", "quadra_cartorio": "05", "lote_cartorio": "05", "matricula": "121474", "circunscricao": "1º CIRCUNSCRIÇÃO", "zoneamento": null, "condominio": null, "area_geom": 402.93, "cnm": "062661.2.0121474-86" }, "geometry": { "type": "Polygon", "coordinates": [ [ [ -54.653163, -22.213743 ], [ -54.653372, -22.21351 ], [ -54.653461, -22.213579 ], [ -54.653253, -22.213812 ], [ -54.653163, -22.213743 ] ] ] } },
{ "type": "Feature", "properties": { "id": 119057, "insc_imob": "06.01.24.14.146", "quadra_cartorio": "05", "lote_cartorio": "06", "matricula": "121475", "circunscricao": "1º CIRCUNSCRIÇÃO", "zoneamento": null, "condominio": null, "area_geom": 402.93, "cnm": "062661.2.0121475-83" }, "geometry": { "type": "Polygon", "coordinates": [ [ [ -54.653253, -22.213812 ], [ -54.653461, -22.213579 ], [ -54.65355, -22.213649 ], [ -54.653342, -22.213882 ], [ -54.653253, -22.213812 ] ] ] } },
{ "type": "Feature", "properties": { "id": 119159, "insc_imob": "06.01.25.01.996", "quadra_cartorio": "53 NCD", "lote_cartorio": "P/26", "matricula": "31839", "circunscricao": "1º CIRCUNSCRIÇÃO", "zoneamento": null, "condominio": null, "area_geom": 677.63, "cnm": "062661.2.0031839-10" }, "geometry": { "type": "Polygon", "coordinates": [ [ [ -54.6511, -22.20976 ], [ -54.650753, -22.209647 ], [ -54.650824, -22.209451 ], [ -54.650905, -22.209502 ], [ -54.65114, -22.209651 ], [ -54.6511, -22.20976 ] ] ] } },
{ "type": "Feature", "properties": { "id": 120347, "insc_imob": "06.01.34.02.224", "quadra_cartorio": "03", "lote_cartorio": "19", "matricula": "5241", "circunscricao": "1º CIRCUNSCRIÇÃO", "zoneamento": null, "condominio": null, "area_geom": 374.75, "cnm": "062661.2.0005241-70" }, "geometry": { "type": "Polygon", "coordinates": [ [ [ -54.653453, -22.21656 ], [ -54.653639, -22.216352 ], [ -54.653732, -22.216424 ], [ -54.653546, -22.216633 ], [ -54.653453, -22.21656 ] ] ] } },
{ "type": "Feature", "properties": { "id": 120348, "insc_imob": "06.01.34.03.041", "quadra_cartorio": "01", "lote_cartorio": "09", "matricula": "29401", "circunscricao": "1º CIRCUNSCRIÇÃO", "zoneamento": null, "condominio": null, "area_geom": 555.16, "cnm": "062661.2.0029401-49" }, "geometry": { "type": "Polygon", "coordinates": [ [ [ -54.652244, -22.214991 ], [ -54.652313, -22.214914 ], [ -54.652452, -22.215022 ], [ -54.652592, -22.21513 ], [ -54.652685, -22.215202 ], [ -54.652616, -22.21528 ], [ -54.652244, -22.214991 ] ] ] } },
{ "type": "Feature", "properties": { "id": 120349, "insc_imob": "06.01.34.05.310", "quadra_cartorio": "05", "lote_cartorio": "01", "matricula": "58745", "circunscricao": "1º CIRCUNSCRIÇÃO", "zoneamento": null, "condominio": null, "area_geom": 329.77, "cnm": "062661.2.0058745-93" }, "geometry": { "type": "Polygon", "coordinates": [ [ [ -54.651051, -22.213944 ], [ -54.651238, -22.213736 ], [ -54.651319, -22.213799 ], [ -54.651133, -22.214007 ], [ -54.651051, -22.213944 ] ] ] } },
{ "type": "Feature", "properties": { "id": 120350, "insc_imob": "06.01.34.25.126", "quadra_cartorio": "03", "lote_cartorio": "11", "matricula": "31047", "circunscricao": "1º CIRCUNSCRIÇÃO", "zoneamento": null, "condominio": null, "area_geom": 359.76, "cnm": "062661.2.0031047-58" }, "geometry": { "type": "Polygon", "coordinates": [ [ [ -54.649006, -22.215753 ], [ -54.649192, -22.215544 ], [ -54.649281, -22.215613 ], [ -54.649096, -22.215822 ], [ -54.649006, -22.215753 ] ] ] } },
{ "type": "Feature", "properties": { "id": 120768, "insc_imob": "06.01.24.36.393", "quadra_cartorio": "52 NC ", "lote_cartorio": "P/32", "matricula": "5756", "circunscricao": "1º CIRCUNSCRIÇÃO", "zoneamento": null, "condominio": null, "area_geom": 352.3, "cnm": "062661.2.0005756-77" }, "geometry": { "type": "Polygon", "coordinates": [ [ [ -54.652588, -22.210671 ], [ -54.652659, -22.210504 ], [ -54.65282, -22.210563 ], [ -54.652745, -22.210729 ], [ -54.652588, -22.210671 ] ] ] } },
{ "type": "Feature", "properties": { "id": 120769, "insc_imob": "06.01.24.66.056", "quadra_cartorio": "53 NCD", "lote_cartorio": "33", "matricula": "14764", "circunscricao": "1º CIRCUNSCRIÇÃO", "zoneamento": null, "condominio": null, "area_geom": 505.79, "cnm": "062661.2.0014764-19" }, "geometry": { "type": "Polygon", "coordinates": [ [ [ -54.652399, -22.207116 ], [ -54.652449, -22.207026 ], [ -54.652796, -22.207206 ], [ -54.652779, -22.207323 ], [ -54.652399, -22.207116 ] ] ] } },
{ "type": "Feature", "properties": { "id": 120770, "insc_imob": "06.01.34.14.359", "quadra_cartorio": "04", "lote_cartorio": "04", "matricula": "14631", "circunscricao": "1º CIRCUNSCRIÇÃO", "zoneamento": null, "condominio": null, "area_geom": 397.23, "cnm": "062661.2.0014631-30" }, "geometry": { "type": "Polygon", "coordinates": [ [ [ -54.651156, -22.215282 ], [ -54.651343, -22.215074 ], [ -54.651441, -22.215151 ], [ -54.651255, -22.215359 ], [ -54.651156, -22.215282 ] ] ] } },
{ "type": "Feature", "properties": { "id": 116315, "insc_imob": "06.01.15.11.051", "quadra_cartorio": null, "lote_cartorio": "15", "matricula": "58482", "circunscricao": "1º CIRCUNSCRIÇÃO", "zoneamento": null, "condominio": null, "area_geom": 382.82, "cnm": "062661.2.0058482-09" }, "geometry": { "type": "Polygon", "coordinates": [ [ [ -54.653587, -22.20465 ], [ -54.653377, -22.204462 ], [ -54.653463, -22.204379 ], [ -54.653673, -22.204567 ], [ -54.653587, -22.20465 ] ] ] } },
{ "type": "Feature", "properties": { "id": 117752, "insc_imob": "06.01.34.16.113", "quadra_cartorio": "01", "lote_cartorio": "11", "matricula": "40383", "circunscricao": "1º CIRCUNSCRIÇÃO", "zoneamento": null, "condominio": null, "area_geom": 359.73, "cnm": "062661.2.0040383-83" }, "geometry": { "type": "Polygon", "coordinates": [ [ [ -54.648937, -22.214376 ], [ -54.649123, -22.214168 ], [ -54.649213, -22.214237 ], [ -54.649027, -22.214445 ], [ -54.648937, -22.214376 ] ] ] } },
{ "type": "Feature", "properties": { "id": 129530, "insc_imob": "06.01.25.11.031", "quadra_cartorio": "01", "lote_cartorio": "03A", "matricula": "169725-1RI", "circunscricao": "1º CIRCUNSCRIÇÃO", "zoneamento": null, "condominio": null, "area_geom": 1335.8, "cnm": "062661.2.0169725-57" }, "geometry": { "type": "Polygon", "coordinates": [ [ [ -54.651455, -22.206687 ], [ -54.651314, -22.206563 ], [ -54.651739, -22.206107 ], [ -54.65188, -22.206231 ], [ -54.651455, -22.206687 ] ] ] } },
{ "type": "Feature", "properties": { "id": 95771, "insc_imob": "06.01.25.11.416", "quadra_cartorio": "53 NCD", "lote_cartorio": "ÁREA 01", "matricula": "58436", "circunscricao": "1º CIRCUNSCRIÇÃO", "zoneamento": null, "condominio": null, "area_geom": 2636.6, "cnm": "062661.2.0058436-50" }, "geometry": { "type": "Polygon", "coordinates": [ [ [ -54.651667, -22.206459 ], [ -54.65188, -22.206231 ], [ -54.652153, -22.206496 ], [ -54.652032, -22.206616 ], [ -54.651954, -22.206696 ], [ -54.651862, -22.20681 ], [ -54.651719, -22.206927 ], [ -54.651465, -22.206696 ], [ -54.651455, -22.206687 ], [ -54.651667, -22.206459 ] ] ] } },
{ "type": "Feature", "properties": { "id": 129916, "insc_imob": "06.01.25.11.235", "quadra_cartorio": "53", "lote_cartorio": "P/26", "matricula": "35776-1RI", "circunscricao": "1º CIRCUNSCRIÇÃO", "zoneamento": null, "condominio": null, "area_geom": 944.59, "cnm": "062661.2.0035776-33" }, "geometry": { "type": "Polygon", "coordinates": [ [ [ -54.651863, -22.206807 ], [ -54.652155, -22.207055 ], [ -54.65206, -22.207263 ], [ -54.651772, -22.20701 ], [ -54.651863, -22.206807 ] ] ] } },
{ "type": "Feature", "properties": { "id": 129917, "insc_imob": "06.01.25.11.230", "quadra_cartorio": "53", "lote_cartorio": "01", "matricula": "35775-1RI", "circunscricao": "1º CIRCUNSCRIÇÃO", "zoneamento": null, "condominio": null, "area_geom": 1008.54, "cnm": "062661.2.0035775-36" }, "geometry": { "type": "Polygon", "coordinates": [ [ [ -54.65206, -22.207263 ], [ -54.652013, -22.207366 ], [ -54.651382, -22.206794 ], [ -54.651358, -22.206772 ], [ -54.651426, -22.206705 ], [ -54.65206, -22.207263 ] ] ] } },
{ "type": "Feature", "properties": { "id": 3482, "insc_imob": "06.01.24.34.076", "quadra_cartorio": null, "lote_cartorio": "P/32", "matricula": "88498", "circunscricao": "1º CIRCUNSCRIÇÃO", "zoneamento": null, "condominio": null, "area_geom": 526.97, "cnm": "062661.2.0088498-74" }, "geometry": { "type": "Polygon", "coordinates": [ [ [ -54.653878, -22.211547 ], [ -54.654288, -22.211437 ], [ -54.654328, -22.211538 ], [ -54.654178, -22.211579 ], [ -54.653919, -22.211649 ], [ -54.653878, -22.211547 ] ] ] } },
{ "type": "Feature", "properties": { "id": 3483, "insc_imob": "06.01.34.02.030", "quadra_cartorio": null, "lote_cartorio": "08", "matricula": "46261", "circunscricao": "1º CIRCUNSCRIÇÃO", "zoneamento": null, "condominio": null, "area_geom": 374.99, "cnm": "062661.2.0046261-06" }, "geometry": { "type": "Polygon", "coordinates": [ [ [ -54.653194, -22.215615 ], [ -54.65338, -22.215407 ], [ -54.653474, -22.21548 ], [ -54.653287, -22.215688 ], [ -54.653194, -22.215615 ] ] ] } },
{ "type": "Feature", "properties": { "id": 4460, "insc_imob": "06.01.34.01.158", "quadra_cartorio": null, "lote_cartorio": "09", "matricula": "107256", "circunscricao": "1º CIRCUNSCRIÇÃO", "zoneamento": null, "condominio": null, "area_geom": 576.85, "cnm": "062661.2.0107256-60" }, "geometry": { "type": "Polygon", "coordinates": [ [ [ -54.653734, -22.21676 ], [ -54.653833, -22.216651 ], [ -54.654105, -22.216862 ], [ -54.654006, -22.216971 ], [ -54.653734, -22.21676 ] ] ] } },
{ "type": "Feature", "properties": { "id": 4907, "insc_imob": "06.01.34.32.011", "quadra_cartorio": null, "lote_cartorio": "01D", "matricula": "135429", "circunscricao": "1º CIRCUNSCRIÇÃO", "zoneamento": null, "condominio": null, "area_geom": 345.57, "cnm": "062661.2.0135429-28" }, "geometry": { "type": "Polygon", "coordinates": [ [ [ -54.651684, -22.218329 ], [ -54.651686, -22.218327 ], [ -54.651885, -22.218109 ], [ -54.651966, -22.218171 ], [ -54.651767, -22.218389 ], [ -54.651765, -22.218391 ], [ -54.651684, -22.218329 ] ] ] } },
{ "type": "Feature", "properties": { "id": 4909, "insc_imob": "06.01.34.01.030", "quadra_cartorio": null, "lote_cartorio": "04", "matricula": "8108", "circunscricao": "1º CIRCUNSCRIÇÃO", "zoneamento": null, "condominio": null, "area_geom": 374.99, "cnm": "062661.2.0008108-05" }, "geometry": { "type": "Polygon", "coordinates": [ [ [ -54.654034, -22.216249 ], [ -54.654221, -22.216041 ], [ -54.654314, -22.216113 ], [ -54.654128, -22.216321 ], [ -54.654034, -22.216249 ] ] ] } },
{ "type": "Feature", "properties": { "id": 6223, "insc_imob": "06.01.34.04.250", "quadra_cartorio": null, "lote_cartorio": "21", "matricula": "48469", "circunscricao": "1º CIRCUNSCRIÇÃO", "zoneamento": null, "condominio": null, "area_geom": 588.78, "cnm": "062661.2.0048469-75" }, "geometry": { "type": "Polygon", "coordinates": [ [ [ -54.651682, -22.214704 ], [ -54.651751, -22.214626 ], [ -54.651807, -22.214671 ], [ -54.652145, -22.214933 ], [ -54.652076, -22.21501 ], [ -54.65173, -22.214741 ], [ -54.651682, -22.214704 ] ] ] } },
{ "type": "Feature", "properties": { "id": 6717, "insc_imob": "06.01.24.15.150", "quadra_cartorio": null, "lote_cartorio": "04", "matricula": "25223", "circunscricao": "1º CIRCUNSCRIÇÃO", "zoneamento": null, "condominio": null, "area_geom": 431.99, "cnm": "062661.2.0025223-70" }, "geometry": { "type": "Polygon", "coordinates": [ [ [ -54.652223, -22.212994 ], [ -54.652446, -22.212744 ], [ -54.652531, -22.212809 ], [ -54.652536, -22.212813 ], [ -54.652312, -22.213063 ], [ -54.652223, -22.212994 ] ] ] } },
{ "type": "Feature", "properties": { "id": 6718, "insc_imob": "06.01.25.11.175", "quadra_cartorio": null, "lote_cartorio": "P/03", "matricula": "37546", "circunscricao": "1º CIRCUNSCRIÇÃO", "zoneamento": null, "condominio": null, "area_geom": 444.88, "cnm": "062661.2.0037546-58" }, "geometry": { "type": "Polygon", "coordinates": [ [ [ -54.651648, -22.207349 ], [ -54.651733, -22.207268 ], [ -54.651963, -22.207477 ], [ -54.651913, -22.207588 ], [ -54.651648, -22.207349 ] ] ] } },
{ "type": "Feature", "properties": { "id": 7975, "insc_imob": "06.01.24.04.351", "quadra_cartorio": null, "lote_cartorio": "07", "matricula": "36256", "circunscricao": "1º CIRCUNSCRIÇÃO", "zoneamento": null, "condominio": null, "area_geom": 432.0, "cnm": "062661.2.0036256-48" }, "geometry": { "type": "Polygon", "coordinates": [ [ [ -54.652881, -22.214078 ], [ -54.653104, -22.213828 ], [ -54.653194, -22.213897 ], [ -54.65297, -22.214147 ], [ -54.652881, -22.214078 ] ] ] } },
{ "type": "Feature", "properties": { "id": 7976, "insc_imob": "06.01.34.24.319", "quadra_cartorio": null, "lote_cartorio": "01", "matricula": "92084", "circunscricao": "1º CIRCUNSCRIÇÃO", "zoneamento": null, "condominio": null, "area_geom": 397.46, "cnm": "062661.2.0092084-83" }, "geometry": { "type": "Polygon", "coordinates": [ [ [ -54.650759, -22.216289 ], [ -54.650945, -22.216081 ], [ -54.651043, -22.216158 ], [ -54.650857, -22.216366 ], [ -54.650759, -22.216289 ] ] ] } },
{ "type": "Feature", "properties": { "id": 8437, "insc_imob": "06.01.25.01.266", "quadra_cartorio": null, "lote_cartorio": "P/26", "matricula": "31567", "circunscricao": "1º CIRCUNSCRIÇÃO", "zoneamento": null, "condominio": null, "area_geom": 454.97, "cnm": "062661.2.0031567-50" }, "geometry": { "type": "Polygon", "coordinates": [ [ [ -54.651548, -22.207504 ], [ -54.651629, -22.207417 ], [ -54.651875, -22.20764 ], [ -54.651836, -22.207747 ], [ -54.651548, -22.207504 ] ] ] } },
{ "type": "Feature", "properties": { "id": 9048, "insc_imob": "06.01.24.34.030", "quadra_cartorio": null, "lote_cartorio": "37C", "matricula": "95254", "circunscricao": "1º CIRCUNSCRIÇÃO", "zoneamento": null, "condominio": null, "area_geom": 396.95, "cnm": "062661.2.0095254-79" }, "geometry": { "type": "Polygon", "coordinates": [ [ [ -54.653816, -22.210324 ], [ -54.653901, -22.2104 ], [ -54.653664, -22.210613 ], [ -54.65361, -22.210595 ], [ -54.653643, -22.21051 ], [ -54.653618, -22.210502 ], [ -54.653816, -22.210324 ] ] ] } },
{ "type": "Feature", "properties": { "id": 9858, "insc_imob": "06.01.24.05.261", "quadra_cartorio": null, "lote_cartorio": "04", "matricula": "54003", "circunscricao": "1º CIRCUNSCRIÇÃO", "zoneamento": null, "condominio": null, "area_geom": 706.03, "cnm": "062661.2.0054003-60" }, "geometry": { "type": "Polygon", "coordinates": [ [ [ -54.651922, -22.213507 ], [ -54.651934, -22.213493 ], [ -54.652012, -22.213407 ], [ -54.652017, -22.213411 ], [ -54.652106, -22.21348 ], [ -54.652196, -22.213549 ], [ -54.652285, -22.213619 ], [ -54.652374, -22.213688 ], [ -54.652284, -22.213788 ], [ -54.651922, -22.213507 ] ] ] } },
{ "type": "Feature", "properties": { "id": 9929, "insc_imob": "06.01.24.06.154", "quadra_cartorio": null, "lote_cartorio": "07 e 08", "matricula": "91909", "circunscricao": "1º CIRCUNSCRIÇÃO", "zoneamento": null, "condominio": null, "area_geom": 3392.75, "cnm": "062661.2.0091909-26" }, "geometry": { "type": "Polygon", "coordinates": [ [ [ -54.651662, -22.211168 ], [ -54.651918, -22.210543 ], [ -54.651919, -22.210544 ], [ -54.65232, -22.210678 ], [ -54.652046, -22.211351 ], [ -54.651662, -22.211168 ] ] ] } },
{ "type": "Feature", "properties": { "id": 9955, "insc_imob": "06.01.24.06.215", "quadra_cartorio": null, "lote_cartorio": "13B", "matricula": "135356", "circunscricao": "1º CIRCUNSCRIÇÃO", "zoneamento": null, "condominio": null, "area_geom": 891.26, "cnm": "062661.2.0135356-53" }, "geometry": { "type": "Polygon", "coordinates": [ [ [ -54.650495, -22.212014 ], [ -54.650542, -22.211882 ], [ -54.650807, -22.211995 ], [ -54.650866, -22.21202 ], [ -54.650999, -22.212104 ], [ -54.650837, -22.212285 ], [ -54.65076, -22.212256 ], [ -54.650825, -22.212164 ], [ -54.650757, -22.212133 ], [ -54.650495, -22.212014 ] ] ] } },
{ "type": "Feature", "properties": { "id": 9959, "insc_imob": "06.01.24.06.260", "quadra_cartorio": null, "lote_cartorio": "P/43", "matricula": "46856", "circunscricao": "1º CIRCUNSCRIÇÃO", "zoneamento": null, "condominio": null, "area_geom": 2285.0, "cnm": "062661.2.0046856-64" }, "geometry": { "type": "Polygon", "coordinates": [ [ [ -54.650685, -22.212339 ], [ -54.650802, -22.21239 ], [ -54.650837, -22.212285 ], [ -54.650927, -22.212354 ], [ -54.65102, -22.212426 ], [ -54.651113, -22.212498 ], [ -54.651207, -22.212571 ], [ -54.651219, -22.212581 ], [ -54.65125, -22.212605 ], [ -54.651149, -22.212718 ], [ -54.651078, -22.212798 ], [ -54.651019, -22.212752 ], [ -54.650966, -22.212711 ], [ -54.650861, -22.21263 ], [ -54.650318, -22.212506 ], [ -54.650381, -22.212331 ], [ -54.650643, -22.212454 ], [ -54.650685, -22.212339 ] ] ] } },
{ "type": "Feature", "properties": { "id": 9960, "insc_imob": "06.01.24.06.300", "quadra_cartorio": null, "lote_cartorio": "P/26", "matricula": "46015", "circunscricao": "1º CIRCUNSCRIÇÃO", "zoneamento": null, "condominio": null, "area_geom": 1004.13, "cnm": "062661.2.0046015-65" }, "geometry": { "type": "Polygon", "coordinates": [ [ [ -54.650258, -22.212674 ], [ -54.650318, -22.212506 ], [ -54.650861, -22.21263 ], [ -54.650737, -22.212758 ], [ -54.650582, -22.212694 ], [ -54.650547, -22.212763 ], [ -54.650258, -22.212674 ] ] ] } },
{ "type": "Feature", "properties": { "id": 9976, "insc_imob": "06.01.24.06.337", "quadra_cartorio": null, "lote_cartorio": "Z", "matricula": "93980", "circunscricao": "1º CIRCUNSCRIÇÃO", "zoneamento": null, "condominio": null, "area_geom": 755.72, "cnm": "062661.2.0093980-21" }, "geometry": { "type": "Polygon", "coordinates": [ [ [ -54.650737, -22.212758 ], [ -54.650861, -22.21263 ], [ -54.650966, -22.212711 ], [ -54.650787, -22.212911 ], [ -54.650704, -22.212846 ], [ -54.650542, -22.213028 ], [ -54.650453, -22.212959 ], [ -54.650616, -22.212778 ], [ -54.650635, -22.212756 ], [ -54.650694, -22.212803 ], [ -54.650737, -22.212758 ] ] ] } },
{ "type": "Feature", "properties": { "id": 9978, "insc_imob": "06.01.24.06.375", "quadra_cartorio": null, "lote_cartorio": "05", "matricula": "13002", "circunscricao": "1º CIRCUNSCRIÇÃO", "zoneamento": null, "condominio": null, "area_geom": 368.42, "cnm": "062661.2.0013002-67" }, "geometry": { "type": "Polygon", "coordinates": [ [ [ -54.651016, -22.213039 ], [ -54.650829, -22.213247 ], [ -54.650736, -22.213179 ], [ -54.650925, -22.212968 ], [ -54.651016, -22.213039 ] ] ] } },
{ "type": "Feature", "properties": { "id": 9979, "insc_imob": "06.01.24.06.390", "quadra_cartorio": null, "lote_cartorio": "P/43", "matricula": "1010", "circunscricao": "1º CIRCUNSCRIÇÃO", "zoneamento": null, "condominio": null, "area_geom": 385.25, "cnm": "062661.2.0001010-56" }, "geometry": { "type": "Polygon", "coordinates": [ [ [ -54.651113, -22.213138 ], [ -54.651095, -22.213159 ], [ -54.650939, -22.213332 ], [ -54.650837, -22.213253 ], [ -54.651011, -22.213058 ], [ -54.651113, -22.213138 ] ] ] } },
{ "type": "Feature", "properties": { "id": 11727, "insc_imob": "06.01.34.05.063", "quadra_cartorio": null, "lote_cartorio": "08", "matricula": "14905", "circunscricao": "1º CIRCUNSCRIÇÃO", "zoneamento": null, "condominio": null, "area_geom": 670.89, "cnm": "062661.2.0014905-81" }, "geometry": { "type": "Polygon", "coordinates": [ [ [ -54.650477, -22.213889 ], [ -54.650546, -22.213813 ], [ -54.650728, -22.213954 ], [ -54.650817, -22.214023 ], [ -54.650995, -22.214161 ], [ -54.650926, -22.214238 ], [ -54.650837, -22.214169 ], [ -54.650748, -22.2141 ], [ -54.650658, -22.214031 ], [ -54.650569, -22.213961 ], [ -54.650477, -22.213889 ] ] ] } },
{ "type": "Feature", "properties": { "id": 11933, "insc_imob": "06.01.24.36.150", "quadra_cartorio": null, "lote_cartorio": "CH 42", "matricula": "129234", "circunscricao": "1º CIRCUNSCRIÇÃO", "zoneamento": null, "condominio": null, "area_geom": 3597.73, "cnm": "062661.2.0129234-86" }, "geometry": { "type": "Polygon", "coordinates": [ [ [ -54.651399, -22.209521 ], [ -54.651506, -22.209249 ], [ -54.651778, -22.209345 ], [ -54.652087, -22.209453 ], [ -54.651939, -22.209855 ], [ -54.651956, -22.209862 ], [ -54.651874, -22.210055 ], [ -54.65186, -22.21005 ], [ -54.651762, -22.209995 ], [ -54.651714, -22.209977 ], [ -54.651567, -22.209924 ], [ -54.651497, -22.209899 ], [ -54.651554, -22.20975 ], [ -54.651612, -22.209602 ], [ -54.651399, -22.209521 ] ] ] } },
{ "type": "Feature", "properties": { "id": 11935, "insc_imob": "06.01.24.36.407", "quadra_cartorio": null, "lote_cartorio": null, "matricula": "5756", "circunscricao": "1º CIRCUNSCRIÇÃO", "zoneamento": null, "condominio": null, "area_geom": 248.99, "cnm": "062661.2.0005756-77" }, "geometry": { "type": "Polygon", "coordinates": [ [ [ -54.6526, -22.210371 ], [ -54.65263, -22.2103 ], [ -54.652895, -22.210396 ], [ -54.652863, -22.210467 ], [ -54.6526, -22.210371 ] ] ] } },
{ "type": "Feature", "properties": { "id": 12148, "insc_imob": "06.01.24.36.170", "quadra_cartorio": null, "lote_cartorio": "MB", "matricula": "129235", "circunscricao": "1º CIRCUNSCRIÇÃO", "zoneamento": null, "condominio": null, "area_geom": 419.07, "cnm": "062661.2.0129235-83" }, "geometry": { "type": "Polygon", "coordinates": [ [ [ -54.651282, -22.209821 ], [ -54.651341, -22.209669 ], [ -54.651554, -22.20975 ], [ -54.651497, -22.209899 ], [ -54.651282, -22.209821 ] ] ] } },
{ "type": "Feature", "properties": { "id": 13248, "insc_imob": "06.01.14.01.040", "quadra_cartorio": null, "lote_cartorio": "06", "matricula": "28108", "circunscricao": "1º CIRCUNSCRIÇÃO", "zoneamento": null, "condominio": null, "area_geom": 428.55, "cnm": "062661.2.0028108-48" }, "geometry": { "type": "Polygon", "coordinates": [ [ [ -54.653255, -22.206143 ], [ -54.653339, -22.20606 ], [ -54.653572, -22.206277 ], [ -54.653489, -22.20636 ], [ -54.653255, -22.206143 ] ] ] } },
{ "type": "Feature", "properties": { "id": 13249, "insc_imob": "06.01.14.01.065", "quadra_cartorio": null, "lote_cartorio": "08", "matricula": "66276", "circunscricao": "1º CIRCUNSCRIÇÃO", "zoneamento": null, "condominio": null, "area_geom": 418.34, "cnm": "062661.2.0066276-04" }, "geometry": { "type": "Polygon", "coordinates": [ [ [ -54.65309, -22.206307 ], [ -54.653172, -22.206226 ], [ -54.653405, -22.206443 ], [ -54.653323, -22.206524 ], [ -54.65309, -22.206307 ] ] ] } },
{ "type": "Feature", "properties": { "id": 59171, "insc_imob": "06.01.34.06.150", "quadra_cartorio": null, "lote_cartorio": "J3", "matricula": "95213", "circunscricao": "1º CIRCUNSCRIÇÃO", "zoneamento": null, "condominio": null, "area_geom": 375.0, "cnm": "062661.2.0095213-08" }, "geometry": { "type": "Polygon", "coordinates": [ [ [ -54.650009, -22.213906 ], [ -54.650194, -22.213698 ], [ -54.650287, -22.21377 ], [ -54.650102, -22.213978 ], [ -54.650009, -22.213906 ] ] ] } },
{ "type": "Feature", "properties": { "id": 67727, "insc_imob": "06.01.15.11.177", "quadra_cartorio": null, "lote_cartorio": "P/01", "matricula": "3423", "circunscricao": "1º CIRCUNSCRIÇÃO", "zoneamento": null, "condominio": null, "area_geom": 373.46, "cnm": "062661.2.0003423-92" }, "geometry": { "type": "Polygon", "coordinates": [ [ [ -54.653297, -22.20519 ], [ -54.653499, -22.204995 ], [ -54.653586, -22.205073 ], [ -54.653384, -22.205268 ], [ -54.653297, -22.20519 ] ] ] } },
{ "type": "Feature", "properties": { "id": 116435, "insc_imob": "06.01.24.04.191", "quadra_cartorio": null, "lote_cartorio": "20", "matricula": "28397", "circunscricao": "1º CIRCUNSCRIÇÃO", "zoneamento": null, "condominio": null, "area_geom": 432.0, "cnm": "062661.2.0028397-54" }, "geometry": { "type": "Polygon", "coordinates": [ [ [ -54.652663, -22.21466 ], [ -54.652886, -22.214411 ], [ -54.652975, -22.21448 ], [ -54.652752, -22.21473 ], [ -54.652663, -22.21466 ] ] ] } },
{ "type": "Feature", "properties": { "id": 82568, "insc_imob": "06.01.24.06.801", "quadra_cartorio": null, "lote_cartorio": "18 e 19", "matricula": "57531", "circunscricao": "1º CIRCUNSCRIÇÃO", "zoneamento": null, "condominio": null, "area_geom": 1076.43, "cnm": "062661.2.0057531-49" }, "geometry": { "type": "Polygon", "coordinates": [ [ [ -54.652262, -22.211922 ], [ -54.652481, -22.212083 ], [ -54.652244, -22.212337 ], [ -54.652024, -22.212165 ], [ -54.652262, -22.211922 ] ] ] } },
{ "type": "Feature", "properties": { "id": 82861, "insc_imob": "06.01.44.45.020", "quadra_cartorio": null, "lote_cartorio": "P/07", "matricula": "14906", "circunscricao": "1º CIRCUNSCRIÇÃO", "zoneamento": null, "condominio": null, "area_geom": 11984.3, "cnm": "062661.2.0014906-78" }, "geometry": { "type": "Polygon", "coordinates": [ [ [ -54.64515, -22.220755 ], [ -54.645145, -22.220752 ], [ -54.644023, -22.219892 ], [ -54.644519, -22.219339 ], [ -54.64564, -22.2202 ], [ -54.645643, -22.220197 ], [ -54.645645, -22.220199 ], [ -54.64515, -22.220755 ] ] ] } },
{ "type": "Feature", "properties": { "id": 95438, "insc_imob": "06.01.24.06.136", "quadra_cartorio": null, "lote_cartorio": "X2", "matricula": "92026", "circunscricao": "1º CIRCUNSCRIÇÃO", "zoneamento": null, "condominio": null, "area_geom": 8530.38, "cnm": "062661.2.0092026-63" }, "geometry": { "type": "Polygon", "coordinates": [ [ [ -54.651341, -22.211139 ], [ -54.651385, -22.211026 ], [ -54.651476, -22.211073 ], [ -54.651662, -22.211168 ], [ -54.652046, -22.211351 ], [ -54.652224, -22.211441 ], [ -54.652313, -22.211486 ], [ -54.652228, -22.21158 ], [ -54.652059, -22.211771 ], [ -54.651814, -22.212049 ], [ -54.651712, -22.211989 ], [ -54.6516, -22.211923 ], [ -54.651507, -22.211869 ], [ -54.651384, -22.211797 ], [ -54.65106, -22.211627 ], [ -54.651129, -22.211514 ], [ -54.651133, -22.211416 ], [ -54.650763, -22.211269 ], [ -54.650826, -22.211095 ], [ -54.651277, -22.21127 ], [ -54.651341, -22.211139 ] ] ] } },
{ "type": "Feature", "properties": { "id": 116431, "insc_imob": "06.01.24.04.064", "quadra_cartorio": null, "lote_cartorio": "13", "matricula": "2463", "circunscricao": "1º CIRCUNSCRIÇÃO", "zoneamento": null, "condominio": null, "area_geom": 720.21, "cnm": "062661.2.0002463-62" }, "geometry": { "type": "Polygon", "coordinates": [ [ [ -54.652298, -22.213955 ], [ -54.652385, -22.213858 ], [ -54.652768, -22.214155 ], [ -54.652682, -22.214252 ], [ -54.652618, -22.214202 ], [ -54.652528, -22.214133 ], [ -54.652439, -22.214064 ], [ -54.652298, -22.213955 ] ] ] } },
{ "type": "Feature", "properties": { "id": 116434, "insc_imob": "06.01.24.04.179", "quadra_cartorio": null, "lote_cartorio": "19", "matricula": "3964", "circunscricao": "1º CIRCUNSCRIÇÃO", "zoneamento": null, "condominio": null, "area_geom": 431.99, "cnm": "062661.2.0003964-21" }, "geometry": { "type": "Polygon", "coordinates": [ [ [ -54.652797, -22.214341 ], [ -54.652886, -22.214411 ], [ -54.652663, -22.21466 ], [ -54.652573, -22.214591 ], [ -54.652797, -22.214341 ] ] ] } },
{ "type": "Feature", "properties": { "id": 116436, "insc_imob": "06.01.24.04.253", "quadra_cartorio": null, "lote_cartorio": "02", "matricula": "14820", "circunscricao": "1º CIRCUNSCRIÇÃO", "zoneamento": null, "condominio": null, "area_geom": 720.24, "cnm": "062661.2.0014820-45" }, "geometry": { "type": "Polygon", "coordinates": [ [ [ -54.652682, -22.214252 ], [ -54.652768, -22.214155 ], [ -54.652921, -22.214273 ], [ -54.653152, -22.214452 ], [ -54.653065, -22.214549 ], [ -54.652975, -22.21448 ], [ -54.652886, -22.214411 ], [ -54.652797, -22.214341 ], [ -54.652707, -22.214272 ], [ -54.652682, -22.214252 ] ] ] } },
{ "type": "Feature", "properties": { "id": 116437, "insc_imob": "06.01.24.04.267", "quadra_cartorio": null, "lote_cartorio": "03", "matricula": "31305", "circunscricao": "1º CIRCUNSCRIÇÃO", "zoneamento": null, "condominio": null, "area_geom": 433.92, "cnm": "062661.2.0031305-60" }, "geometry": { "type": "Polygon", "coordinates": [ [ [ -54.653239, -22.214355 ], [ -54.653152, -22.214452 ], [ -54.652921, -22.214273 ], [ -54.653008, -22.214176 ], [ -54.65306, -22.214216 ], [ -54.653149, -22.214286 ], [ -54.653239, -22.214355 ] ] ] } },
{ "type": "Feature", "properties": { "id": 119035, "insc_imob": "06.01.24.06.980", "quadra_cartorio": null, "lote_cartorio": "A", "matricula": "84449", "circunscricao": "1º CIRCUNSCRIÇÃO", "zoneamento": null, "condominio": null, "area_geom": 440.35, "cnm": "062661.2.0084449-96" }, "geometry": { "type": "Polygon", "coordinates": [ [ [ -54.652782, -22.211164 ], [ -54.652823, -22.211053 ], [ -54.653135, -22.211165 ], [ -54.653083, -22.211272 ], [ -54.652782, -22.211164 ] ] ] } },
{ "type": "Feature", "properties": { "id": 124541, "insc_imob": "06.01.34.14.321", "quadra_cartorio": "04", "lote_cartorio": "HA", "matricula": "110722", "circunscricao": "1º CIRCUNSCRIÇÃO", "zoneamento": null, "condominio": null, "area_geom": 787.25, "cnm": "062661.2.0110722-41" }, "geometry": { "type": "Polygon", "coordinates": [ [ [ -54.651354, -22.215435 ], [ -54.65154, -22.215227 ], [ -54.651639, -22.215304 ], [ -54.651693, -22.215346 ], [ -54.651696, -22.215348 ], [ -54.651698, -22.215351 ], [ -54.651701, -22.215354 ], [ -54.651703, -22.215357 ], [ -54.651705, -22.21536 ], [ -54.651707, -22.215363 ], [ -54.651709, -22.215366 ], [ -54.65171, -22.21537 ], [ -54.651712, -22.215373 ], [ -54.651712, -22.215377 ], [ -54.651713, -22.215381 ], [ -54.651713, -22.215384 ], [ -54.651714, -22.215388 ], [ -54.651713, -22.215392 ], [ -54.651713, -22.215395 ], [ -54.651712, -22.215399 ], [ -54.651711, -22.215403 ], [ -54.65171, -22.215406 ], [ -54.651708, -22.215409 ], [ -54.651707, -22.215413 ], [ -54.651705, -22.215416 ], [ -54.651703, -22.215419 ], [ -54.6517, -22.215422 ], [ -54.651551, -22.215588 ], [ -54.651452, -22.215512 ], [ -54.651354, -22.215435 ] ] ] } }
]
}
