{
"type": "FeatureCollection",
"name": "lotes_fiscais",
"xy_coordinate_resolution": 1e-006,
"features": [
{ "type": "Feature", "properties": { "id": 111695, "insc_imob": "07.01.35.44.316", "quadra_cartorio": "10 NC ", "lote_cartorio": "P/16", "matricula": null, "circunscricao": "1º CIRCUNSCRIÇÃO", "zoneamento": null, "condominio": null, "area_geom": 359.99, "cnm": null }, "geometry": { "type": "Polygon", "coordinates": [ [ [ -54.620107, -22.137529 ], [ -54.620293, -22.137322 ], [ -54.620382, -22.137391 ], [ -54.620196, -22.137599 ], [ -54.620107, -22.137529 ] ] ] } },
{ "type": "Feature", "properties": { "id": 111694, "insc_imob": "07.01.35.44.225", "quadra_cartorio": "10 NC", "lote_cartorio": "P/16", "matricula": null, "circunscricao": "1º CIRCUNSCRIÇÃO", "zoneamento": null, "condominio": null, "area_geom": 528.07, "cnm": null }, "geometry": { "type": "Polygon", "coordinates": [ [ [ -54.61975, -22.138013 ], [ -54.619928, -22.137814 ], [ -54.620065, -22.137921 ], [ -54.619887, -22.138119 ], [ -54.61975, -22.138013 ] ] ] } },
{ "type": "Feature", "properties": { "id": 119791, "insc_imob": "07.01.35.43.042", "quadra_cartorio": "10 NC", "lote_cartorio": "P/16", "matricula": null, "circunscricao": "1º CIRCUNSCRIÇÃO", "zoneamento": null, "condominio": null, "area_geom": 489.78, "cnm": null }, "geometry": { "type": "Polygon", "coordinates": [ [ [ -54.62033, -22.137827 ], [ -54.620405, -22.137745 ], [ -54.620627, -22.13792 ], [ -54.620707, -22.137984 ], [ -54.620631, -22.138066 ], [ -54.62033, -22.137827 ] ] ] } },
{ "type": "Feature", "properties": { "id": 8448, "insc_imob": "07.01.35.44.178", "quadra_cartorio": null, "lote_cartorio": "P/16", "matricula": null, "circunscricao": "1º CIRCUNSCRIÇÃO", "zoneamento": null, "condominio": null, "area_geom": 315.7, "cnm": null }, "geometry": { "type": "Polygon", "coordinates": [ [ [ -54.619668, -22.137949 ], [ -54.619847, -22.13775 ], [ -54.619928, -22.137814 ], [ -54.61975, -22.138013 ], [ -54.619668, -22.137949 ] ] ] } },
{ "type": "Feature", "properties": { "id": 98060, "insc_imob": "07.01.35.44.131", "quadra_cartorio": "10 NC", "lote_cartorio": "P/16", "matricula": null, "circunscricao": "1º CIRCUNSCRIÇÃO", "zoneamento": null, "condominio": null, "area_geom": 344.41, "cnm": null }, "geometry": { "type": "Polygon", "coordinates": [ [ [ -54.619311, -22.137671 ], [ -54.61949, -22.137473 ], [ -54.619579, -22.137542 ], [ -54.619401, -22.137741 ], [ -54.619311, -22.137671 ] ] ] } },
{ "type": "Feature", "properties": { "id": 98057, "insc_imob": "07.01.35.44.042", "quadra_cartorio": "10 NC", "lote_cartorio": "P/16", "matricula": null, "circunscricao": "1º CIRCUNSCRIÇÃO", "zoneamento": null, "condominio": null, "area_geom": 611.45, "cnm": null }, "geometry": { "type": "Polygon", "coordinates": [ [ [ -54.619456, -22.137164 ], [ -54.61953, -22.137081 ], [ -54.619739, -22.137243 ], [ -54.619828, -22.137313 ], [ -54.61991, -22.137376 ], [ -54.619835, -22.137459 ], [ -54.619456, -22.137164 ] ] ] } },
{ "type": "Feature", "properties": { "id": 98059, "insc_imob": "07.01.35.44.119", "quadra_cartorio": "10 NC ", "lote_cartorio": "P/16", "matricula": null, "circunscricao": "1º CIRCUNSCRIÇÃO", "zoneamento": null, "condominio": null, "area_geom": 344.39, "cnm": null }, "geometry": { "type": "Polygon", "coordinates": [ [ [ -54.619222, -22.137602 ], [ -54.6194, -22.137403 ], [ -54.61949, -22.137473 ], [ -54.619311, -22.137671 ], [ -54.619222, -22.137602 ] ] ] } },
{ "type": "Feature", "properties": { "id": 111697, "insc_imob": "07.01.35.44.366", "quadra_cartorio": "10 NC", "lote_cartorio": "P/16", "matricula": null, "circunscricao": "1º CIRCUNSCRIÇÃO", "zoneamento": null, "condominio": null, "area_geom": 360.67, "cnm": null }, "geometry": { "type": "Polygon", "coordinates": [ [ [ -54.619739, -22.137243 ], [ -54.619925, -22.137035 ], [ -54.620014, -22.137104 ], [ -54.619828, -22.137313 ], [ -54.619739, -22.137243 ] ] ] } },
{ "type": "Feature", "properties": { "id": 111696, "insc_imob": "07.01.35.44.342", "quadra_cartorio": "10 NC ", "lote_cartorio": "P/16", "matricula": null, "circunscricao": "1º CIRCUNSCRIÇÃO", "zoneamento": null, "condominio": null, "area_geom": 419.98, "cnm": null }, "geometry": { "type": "Polygon", "coordinates": [ [ [ -54.619917, -22.137382 ], [ -54.620103, -22.137174 ], [ -54.620208, -22.137255 ], [ -54.620021, -22.137463 ], [ -54.619917, -22.137382 ] ] ] } },
{ "type": "Feature", "properties": { "id": 105718, "insc_imob": "07.01.35.44.155", "quadra_cartorio": "10", "lote_cartorio": "P/16", "matricula": "89729", "circunscricao": "1º CIRCUNSCRIÇÃO", "zoneamento": null, "condominio": null, "area_geom": 344.4, "cnm": "062661.2.0089729-67" }, "geometry": { "type": "Polygon", "coordinates": [ [ [ -54.61949, -22.13781 ], [ -54.619668, -22.137611 ], [ -54.619686, -22.137625 ], [ -54.619757, -22.137681 ], [ -54.619579, -22.13788 ], [ -54.61949, -22.13781 ] ] ] } },
{ "type": "Feature", "properties": { "id": 70839, "insc_imob": "07.01.35.44.143", "quadra_cartorio": "10", "lote_cartorio": "p/16", "matricula": "6823", "circunscricao": "1º CIRCUNSCRIÇÃO", "zoneamento": null, "condominio": null, "area_geom": 344.4, "cnm": "062661.2.0006823-77" }, "geometry": { "type": "Polygon", "coordinates": [ [ [ -54.619401, -22.137741 ], [ -54.619579, -22.137542 ], [ -54.619668, -22.137611 ], [ -54.61949, -22.13781 ], [ -54.619401, -22.137741 ] ] ] } },
{ "type": "Feature", "properties": { "id": 98058, "insc_imob": "07.01.35.44.107", "quadra_cartorio": "10 NC", "lote_cartorio": "P/16", "matricula": "15828", "circunscricao": "1º CIRCUNSCRIÇÃO", "zoneamento": null, "condominio": null, "area_geom": 362.04, "cnm": "062661.2.0015828-28" }, "geometry": { "type": "Polygon", "coordinates": [ [ [ -54.619128, -22.137529 ], [ -54.619306, -22.13733 ], [ -54.6194, -22.137403 ], [ -54.619222, -22.137602 ], [ -54.619128, -22.137529 ] ] ] } },
{ "type": "Feature", "properties": { "id": 119862, "insc_imob": "07.01.35.44.237", "quadra_cartorio": null, "lote_cartorio": "P/16", "matricula": "TR-5043", "circunscricao": "1º CIRCUNSCRIÇÃO", "zoneamento": null, "condominio": null, "area_geom": 612.65, "cnm": null }, "geometry": { "type": "Polygon", "coordinates": [ [ [ -54.619686, -22.137625 ], [ -54.61976, -22.137542 ], [ -54.62014, -22.137837 ], [ -54.620065, -22.137921 ], [ -54.619928, -22.137814 ], [ -54.619847, -22.13775 ], [ -54.619757, -22.137681 ], [ -54.619686, -22.137625 ] ] ] } },
{ "type": "Feature", "properties": { "id": 119834, "insc_imob": "07.01.35.44.054", "quadra_cartorio": "10 NCD", "lote_cartorio": "16B", "matricula": "103250", "circunscricao": "1º CIRCUNSCRIÇÃO", "zoneamento": null, "condominio": null, "area_geom": 612.7, "cnm": "062661.2.0103250-50" }, "geometry": { "type": "Polygon", "coordinates": [ [ [ -54.619306, -22.13733 ], [ -54.619381, -22.137247 ], [ -54.619475, -22.13732 ], [ -54.619564, -22.137389 ], [ -54.619653, -22.137459 ], [ -54.619743, -22.137528 ], [ -54.61976, -22.137542 ], [ -54.619686, -22.137625 ], [ -54.619668, -22.137611 ], [ -54.619579, -22.137542 ], [ -54.61949, -22.137473 ], [ -54.6194, -22.137403 ], [ -54.619306, -22.13733 ] ] ] } },
{ "type": "Feature", "properties": { "id": 313, "insc_imob": "07.01.46.03.034", "quadra_cartorio": null, "lote_cartorio": "P/05", "matricula": "47415", "circunscricao": "1º CIRCUNSCRIÇÃO", "zoneamento": null, "condominio": null, "area_geom": 1255.01, "cnm": "062661.2.0047415-36" }, "geometry": { "type": "Polygon", "coordinates": [ [ [ -54.614492, -22.134612 ], [ -54.614727, -22.134359 ], [ -54.614976, -22.134558 ], [ -54.614742, -22.134811 ], [ -54.614492, -22.134612 ] ] ] } },
{ "type": "Feature", "properties": { "id": 105745, "insc_imob": "07.01.46.03.296", "quadra_cartorio": "1", "lote_cartorio": "10", "matricula": "20755", "circunscricao": "1º CIRCUNSCRIÇÃO", "zoneamento": null, "condominio": null, "area_geom": 359.58, "cnm": "062661.2.0020755-88" }, "geometry": { "type": "Polygon", "coordinates": [ [ [ -54.614244, -22.135187 ], [ -54.614433, -22.134981 ], [ -54.614521, -22.135051 ], [ -54.614332, -22.135257 ], [ -54.614244, -22.135187 ] ] ] } },
{ "type": "Feature", "properties": { "id": 317, "insc_imob": "07.01.46.03.154", "quadra_cartorio": null, "lote_cartorio": "P/05", "matricula": "TR-16025", "circunscricao": "1º CIRCUNSCRIÇÃO", "zoneamento": null, "condominio": null, "area_geom": 819.62, "cnm": null }, "geometry": { "type": "Polygon", "coordinates": [ [ [ -54.613918, -22.13457 ], [ -54.614044, -22.134433 ], [ -54.614143, -22.134512 ], [ -54.614221, -22.134574 ], [ -54.614309, -22.134644 ], [ -54.614346, -22.134673 ], [ -54.61422, -22.13481 ], [ -54.614183, -22.134781 ], [ -54.614168, -22.13477 ], [ -54.61408, -22.134699 ], [ -54.613918, -22.13457 ] ] ] } },
{ "type": "Feature", "properties": { "id": 120112, "insc_imob": "07.01.36.33.023", "quadra_cartorio": "02", "lote_cartorio": "11", "matricula": "79433", "circunscricao": "1º CIRCUNSCRIÇÃO", "zoneamento": null, "condominio": null, "area_geom": 234.14, "cnm": "062661.2.0079433-12" }, "geometry": { "type": "Polygon", "coordinates": [ [ [ -54.61608, -22.131499 ], [ -54.616218, -22.131345 ], [ -54.616296, -22.131406 ], [ -54.616157, -22.13156 ], [ -54.61608, -22.131499 ] ] ] } },
{ "type": "Feature", "properties": { "id": 120113, "insc_imob": "07.01.36.33.056", "quadra_cartorio": "02", "lote_cartorio": "10", "matricula": "79433", "circunscricao": "1º CIRCUNSCRIÇÃO", "zoneamento": null, "condominio": null, "area_geom": 234.14, "cnm": "062661.2.0079433-12" }, "geometry": { "type": "Polygon", "coordinates": [ [ [ -54.615941, -22.131653 ], [ -54.61608, -22.131499 ], [ -54.616157, -22.13156 ], [ -54.616019, -22.131714 ], [ -54.615941, -22.131653 ] ] ] } },
{ "type": "Feature", "properties": { "id": 129981, "insc_imob": "07.01.46.03.331", "quadra_cartorio": "01", "lote_cartorio": "P/L 1, 2, 3", "matricula": "20940-1RI", "circunscricao": "1º CIRCUNSCRIÇÃO", "zoneamento": null, "condominio": null, "area_geom": 510.61, "cnm": "062661.2.0020940-18" }, "geometry": { "type": "Polygon", "coordinates": [ [ [ -54.614742, -22.134811 ], [ -54.614647, -22.134914 ], [ -54.614397, -22.134714 ], [ -54.614492, -22.134612 ], [ -54.614742, -22.134811 ] ] ] } },
{ "type": "Feature", "properties": { "id": 129982, "insc_imob": "07.01.46.03.320", "quadra_cartorio": "01", "lote_cartorio": "17", "matricula": "20884-1RI", "circunscricao": "1º CIRCUNSCRIÇÃO", "zoneamento": null, "condominio": null, "area_geom": 410.0, "cnm": "062661.2.0020884-89" }, "geometry": { "type": "Polygon", "coordinates": [ [ [ -54.614647, -22.134914 ], [ -54.614584, -22.134983 ], [ -54.614283, -22.134742 ], [ -54.614346, -22.134673 ], [ -54.614647, -22.134914 ] ] ] } },
{ "type": "Feature", "properties": { "id": 54404, "insc_imob": "07.01.35.44.030", "quadra_cartorio": "10NCD", "lote_cartorio": "P/16", "matricula": "3597", "circunscricao": "1º CIRCUNSCRIÇÃO", "zoneamento": null, "condominio": null, "area_geom": 839.98, "cnm": "062661.2.0003597-55" }, "geometry": { "type": "Polygon", "coordinates": [ [ [ -54.61953, -22.137081 ], [ -54.619717, -22.136873 ], [ -54.619925, -22.137035 ], [ -54.619739, -22.137243 ], [ -54.61953, -22.137081 ] ] ] } },
{ "type": "Feature", "properties": { "id": 54506, "insc_imob": "07.01.36.32.148", "quadra_cartorio": "12", "lote_cartorio": "01", "matricula": "40899", "circunscricao": "1º CIRCUNSCRIÇÃO", "zoneamento": null, "condominio": null, "area_geom": 472.54, "cnm": "062661.2.0040899-87" }, "geometry": { "type": "Polygon", "coordinates": [ [ [ -54.61667, -22.132628 ], [ -54.61677, -22.132706 ], [ -54.616553, -22.132948 ], [ -54.616452, -22.13287 ], [ -54.61667, -22.132628 ] ] ] } },
{ "type": "Feature", "properties": { "id": 129983, "insc_imob": "07.01.46.03.312", "quadra_cartorio": "01", "lote_cartorio": "16", "matricula": "20885-1RI", "circunscricao": "1º CIRCUNSCRIÇÃO", "zoneamento": null, "condominio": null, "area_geom": 410.0, "cnm": "062661.2.0020885-86" }, "geometry": { "type": "Polygon", "coordinates": [ [ [ -54.614584, -22.134983 ], [ -54.614521, -22.135051 ], [ -54.61422, -22.13481 ], [ -54.614283, -22.134742 ], [ -54.614584, -22.134983 ] ] ] } },
{ "type": "Feature", "properties": { "id": 51735, "insc_imob": "07.01.45.07.198", "quadra_cartorio": "02", "lote_cartorio": "10", "matricula": "69244", "circunscricao": "1º CIRCUNSCRIÇÃO", "zoneamento": null, "condominio": null, "area_geom": 460.16, "cnm": "062661.2.0069244-24" }, "geometry": { "type": "Polygon", "coordinates": [ [ [ -54.617326, -22.137289 ], [ -54.61745, -22.137151 ], [ -54.617621, -22.137284 ], [ -54.617497, -22.137423 ], [ -54.617326, -22.137289 ] ] ] } },
{ "type": "Feature", "properties": { "id": 69812, "insc_imob": "07.01.24.12.143", "quadra_cartorio": "13", "lote_cartorio": "02", "matricula": null, "circunscricao": "1º CIRCUNSCRIÇÃO", "zoneamento": null, "condominio": null, "area_geom": 5001.21, "cnm": null }, "geometry": { "type": "Polygon", "coordinates": [ [ [ -54.634193, -22.139458 ], [ -54.634504, -22.139111 ], [ -54.634876, -22.139401 ], [ -54.635248, -22.13969 ], [ -54.634937, -22.140037 ], [ -54.634193, -22.139458 ] ] ] } },
{ "type": "Feature", "properties": { "id": 79988, "insc_imob": "07.01.46.15.040", "quadra_cartorio": "56", "lote_cartorio": "12", "matricula": "150976", "circunscricao": "1º CIRCUNSCRIÇÃO", "zoneamento": null, "condominio": null, "area_geom": 300.0, "cnm": "062661.2.0150976-44" }, "geometry": { "type": "Polygon", "coordinates": [ [ [ -54.612497, -22.134034 ], [ -54.612342, -22.134208 ], [ -54.612252, -22.134138 ], [ -54.612408, -22.133965 ], [ -54.612497, -22.134034 ] ] ] } },
{ "type": "Feature", "properties": { "id": 79990, "insc_imob": "07.01.46.15.020", "quadra_cartorio": "56", "lote_cartorio": "14", "matricula": "150978", "circunscricao": "1º CIRCUNSCRIÇÃO", "zoneamento": null, "condominio": null, "area_geom": 300.0, "cnm": "062661.2.0150978-38" }, "geometry": { "type": "Polygon", "coordinates": [ [ [ -54.612675, -22.134173 ], [ -54.61252, -22.134346 ], [ -54.612431, -22.134277 ], [ -54.612586, -22.134104 ], [ -54.612675, -22.134173 ] ] ] } },
{ "type": "Feature", "properties": { "id": 79991, "insc_imob": "07.01.46.15.010", "quadra_cartorio": "56", "lote_cartorio": "15", "matricula": "150979", "circunscricao": "1º CIRCUNSCRIÇÃO", "zoneamento": null, "condominio": null, "area_geom": 325.0, "cnm": "062661.2.0150979-35" }, "geometry": { "type": "Polygon", "coordinates": [ [ [ -54.612772, -22.134248 ], [ -54.612617, -22.134422 ], [ -54.61252, -22.134346 ], [ -54.612675, -22.134173 ], [ -54.612772, -22.134248 ] ] ] } },
{ "type": "Feature", "properties": { "id": 200, "insc_imob": "07.01.45.08.041", "quadra_cartorio": null, "lote_cartorio": "P/05", "matricula": "29995", "circunscricao": "1º CIRCUNSCRIÇÃO", "zoneamento": null, "condominio": null, "area_geom": 324.98, "cnm": "062661.2.0029995-13" }, "geometry": { "type": "Polygon", "coordinates": [ [ [ -54.616903, -22.136674 ], [ -54.617183, -22.136361 ], [ -54.617237, -22.136403 ], [ -54.616957, -22.136715 ], [ -54.616903, -22.136674 ] ] ] } },
{ "type": "Feature", "properties": { "id": 80596, "insc_imob": "07.01.24.12.822", "quadra_cartorio": "13", "lote_cartorio": "12", "matricula": null, "circunscricao": "1º CIRCUNSCRIÇÃO", "zoneamento": null, "condominio": null, "area_geom": 3352.27, "cnm": null }, "geometry": { "type": "Polygon", "coordinates": [ [ [ -54.634875, -22.140683 ], [ -54.635154, -22.140659 ], [ -54.635255, -22.1417 ], [ -54.634975, -22.141724 ], [ -54.634875, -22.140683 ] ] ] } },
{ "type": "Feature", "properties": { "id": 130002, "insc_imob": "07.01.45.08.050", "quadra_cartorio": "56", "lote_cartorio": "05", "matricula": "29995-1RI", "circunscricao": "1º CIRCUNSCRIÇÃO", "zoneamento": null, "condominio": null, "area_geom": 1488.3, "cnm": "062661.2.0029995-13" }, "geometry": { "type": "Polygon", "coordinates": [ [ [ -54.616658, -22.136483 ], [ -54.616938, -22.13617 ], [ -54.617183, -22.136361 ], [ -54.616903, -22.136674 ], [ -54.616658, -22.136483 ] ] ] } },
{ "type": "Feature", "properties": { "id": 130003, "insc_imob": "07.01.36.32.090", "quadra_cartorio": "01", "lote_cartorio": "01", "matricula": "45946-1RI", "circunscricao": "1º CIRUNSCRIÇÃO", "zoneamento": null, "condominio": null, "area_geom": 490.04, "cnm": "062661.2.0045946-78" }, "geometry": { "type": "Polygon", "coordinates": [ [ [ -54.616566, -22.132547 ], [ -54.61667, -22.132628 ], [ -54.616452, -22.13287 ], [ -54.616348, -22.132789 ], [ -54.616566, -22.132547 ] ] ] } },
{ "type": "Feature", "properties": { "id": 81609, "insc_imob": "07.01.46.14.040", "quadra_cartorio": "56", "lote_cartorio": "19", "matricula": "153906", "circunscricao": "1º CIRCUNSCRIÇÃO", "zoneamento": null, "condominio": null, "area_geom": 297.09, "cnm": "062661.2.0153906-81" }, "geometry": { "type": "Polygon", "coordinates": [ [ [ -54.613221, -22.134596 ], [ -54.613067, -22.134768 ], [ -54.612977, -22.1347 ], [ -54.61313, -22.134528 ], [ -54.613221, -22.134596 ] ] ] } },
{ "type": "Feature", "properties": { "id": 81611, "insc_imob": "07.01.46.14.020", "quadra_cartorio": "56", "lote_cartorio": "21", "matricula": "153908", "circunscricao": "1º CIRCUNSCRIÇÃO", "zoneamento": null, "condominio": null, "area_geom": 298.79, "cnm": "062661.2.0153908-75" }, "geometry": { "type": "Polygon", "coordinates": [ [ [ -54.613402, -22.134732 ], [ -54.613247, -22.134905 ], [ -54.613157, -22.134837 ], [ -54.613311, -22.134664 ], [ -54.613402, -22.134732 ] ] ] } },
{ "type": "Feature", "properties": { "id": 102694, "insc_imob": "07.01.36.51.388", "quadra_cartorio": "12 NCD", "lote_cartorio": "P/05", "matricula": "81700", "circunscricao": "1º CIRCUNSCRIÇÃO", "zoneamento": null, "condominio": null, "area_geom": 4995.16, "cnm": "062661.2.0081700-98" }, "geometry": { "type": "Polygon", "coordinates": [ [ [ -54.613295, -22.133005 ], [ -54.613917, -22.132313 ], [ -54.614289, -22.132602 ], [ -54.613667, -22.133295 ], [ -54.613295, -22.133005 ] ] ] } },
{ "type": "Feature", "properties": { "id": 130008, "insc_imob": "07.01.36.51.380", "quadra_cartorio": "12 NCD", "lote_cartorio": "P/05", "matricula": "81701-1RI", "circunscricao": "1º CIRCUNSCRIÇÃO", "zoneamento": null, "condominio": null, "area_geom": 4996.52, "cnm": "062661.2.0081701-95" }, "geometry": { "type": "Polygon", "coordinates": [ [ [ -54.613667, -22.133295 ], [ -54.614289, -22.132602 ], [ -54.61466, -22.132892 ], [ -54.614039, -22.133584 ], [ -54.613667, -22.133295 ] ] ] } },
{ "type": "Feature", "properties": { "id": 77857, "insc_imob": "07.01.35.47.235", "quadra_cartorio": "12 NCD ", "lote_cartorio": "P/L 1 REM", "matricula": "31243", "circunscricao": "1º CIRCUNSCRIÇÃO", "zoneamento": null, "condominio": null, "area_geom": 90.0, "cnm": "062661.2.0031243-52" }, "geometry": { "type": "Polygon", "coordinates": [ [ [ -54.61758, -22.135978 ], [ -54.617357, -22.135805 ], [ -54.617375, -22.135784 ], [ -54.617598, -22.135957 ], [ -54.61758, -22.135978 ] ] ] } },
{ "type": "Feature", "properties": { "id": 79540, "insc_imob": "07.01.24.01.630", "quadra_cartorio": "01", "lote_cartorio": null, "matricula": "144585", "circunscricao": "1º CIRCUNSCRIÇÃO", "zoneamento": null, "condominio": null, "area_geom": 2193.87, "cnm": "062661.2.0144585-11" }, "geometry": { "type": "Polygon", "coordinates": [ [ [ -54.636625, -22.138012 ], [ -54.636622, -22.138015 ], [ -54.636553, -22.138092 ], [ -54.636199, -22.138487 ], [ -54.636198, -22.138488 ], [ -54.635846, -22.138215 ], [ -54.635863, -22.138177 ], [ -54.635884, -22.138117 ], [ -54.635893, -22.138073 ], [ -54.636625, -22.138012 ] ] ] } },
{ "type": "Feature", "properties": { "id": 79543, "insc_imob": "07.01.24.21.680", "quadra_cartorio": "15", "lote_cartorio": null, "matricula": "121422", "circunscricao": "1º CIRCUNSCRIÇÃO", "zoneamento": null, "condominio": null, "area_geom": 2609.95, "cnm": "062661.2.0121422-48" }, "geometry": { "type": "Polygon", "coordinates": [ [ [ -54.632568, -22.142197 ], [ -54.632655, -22.143096 ], [ -54.632403, -22.143117 ], [ -54.632316, -22.142218 ], [ -54.632568, -22.142197 ] ] ] } },
{ "type": "Feature", "properties": { "id": 77312, "insc_imob": "07.01.36.49.226", "quadra_cartorio": "12", "lote_cartorio": "P/03", "matricula": "26916", "circunscricao": "1º CIRCUNSCRIÇÃO", "zoneamento": null, "condominio": null, "area_geom": 530.54, "cnm": "062661.2.0026916-35" }, "geometry": { "type": "Polygon", "coordinates": [ [ [ -54.615682, -22.134866 ], [ -54.615593, -22.134797 ], [ -54.615868, -22.13449 ], [ -54.615957, -22.13456 ], [ -54.615682, -22.134866 ] ] ] } },
{ "type": "Feature", "properties": { "id": 84263, "insc_imob": "07.01.36.34.087", "quadra_cartorio": "02", "lote_cartorio": "02", "matricula": "13510", "circunscricao": "1º CIRCUNSCRIÇÃO", "zoneamento": null, "condominio": null, "area_geom": 409.45, "cnm": "062661.2.0013510-95" }, "geometry": { "type": "Polygon", "coordinates": [ [ [ -54.615639, -22.132244 ], [ -54.615857, -22.132002 ], [ -54.615879, -22.132019 ], [ -54.615933, -22.132062 ], [ -54.615943, -22.13207 ], [ -54.615726, -22.132312 ], [ -54.615639, -22.132244 ] ] ] } },
{ "type": "Feature", "properties": { "id": 101273, "insc_imob": "07.01.35.35.144", "quadra_cartorio": "05", "lote_cartorio": "13", "matricula": "58259", "circunscricao": "1º CIRCUNSCRIÇÃO", "zoneamento": null, "condominio": null, "area_geom": 383.97, "cnm": "062661.2.0058259-96" }, "geometry": { "type": "Polygon", "coordinates": [ [ [ -54.619224, -22.136373 ], [ -54.619423, -22.136152 ], [ -54.619512, -22.136221 ], [ -54.619314, -22.136443 ], [ -54.619224, -22.136373 ] ] ] } },
{ "type": "Feature", "properties": { "id": 82625, "insc_imob": "07.01.36.52.287", "quadra_cartorio": "01", "lote_cartorio": "17A", "matricula": "158935", "circunscricao": "1º CIRCUNSCRIÇÃO", "zoneamento": null, "condominio": null, "area_geom": 408.13, "cnm": "062661.2.0158935-29" }, "geometry": { "type": "Polygon", "coordinates": [ [ [ -54.612881, -22.131551 ], [ -54.612627, -22.131836 ], [ -54.612553, -22.131778 ], [ -54.61281, -22.131491 ], [ -54.612881, -22.131551 ] ] ] } },
{ "type": "Feature", "properties": { "id": 82626, "insc_imob": "07.01.36.52.286", "quadra_cartorio": "01", "lote_cartorio": "18A", "matricula": "158936", "circunscricao": "1º CIRCUNSCRIÇÃO", "zoneamento": null, "condominio": null, "area_geom": 415.99, "cnm": "062661.2.0158936-26" }, "geometry": { "type": "Polygon", "coordinates": [ [ [ -54.612627, -22.131836 ], [ -54.612881, -22.131551 ], [ -54.612959, -22.131607 ], [ -54.612888, -22.131686 ], [ -54.612835, -22.131745 ], [ -54.612702, -22.131894 ], [ -54.612627, -22.131836 ] ] ] } },
{ "type": "Feature", "properties": { "id": 82981, "insc_imob": "07.01.24.01.641", "quadra_cartorio": "01", "lote_cartorio": "11D", "matricula": "160662", "circunscricao": "1º CIRCUNSCRIÇÃO", "zoneamento": null, "condominio": null, "area_geom": 1010.58, "cnm": "062661.2.0160662-86" }, "geometry": { "type": "Polygon", "coordinates": [ [ [ -54.636812, -22.138297 ], [ -54.636553, -22.138092 ], [ -54.636622, -22.138015 ], [ -54.636811, -22.137998 ], [ -54.636977, -22.137983 ], [ -54.637052, -22.137977 ], [ -54.637079, -22.137999 ], [ -54.636843, -22.138262 ], [ -54.636812, -22.138297 ], [ -54.636812, -22.138297 ] ] ] } },
{ "type": "Feature", "properties": { "id": 82983, "insc_imob": "07.01.24.01.642", "quadra_cartorio": "01", "lote_cartorio": "11C", "matricula": "160661", "circunscricao": "1º CIRCUNSCRIÇÃO", "zoneamento": null, "condominio": null, "area_geom": 1995.12, "cnm": "062661.2.0160661-89" }, "geometry": { "type": "Polygon", "coordinates": [ [ [ -54.636199, -22.138487 ], [ -54.636553, -22.138092 ], [ -54.636812, -22.138297 ], [ -54.636498, -22.138648 ], [ -54.636459, -22.13869 ], [ -54.636199, -22.138487 ] ] ] } },
{ "type": "Feature", "properties": { "id": 96301, "insc_imob": "07.01.35.46.167", "quadra_cartorio": "01", "lote_cartorio": "6A", "matricula": "82962", "circunscricao": "1º CIRCUNSCRIÇÃO", "zoneamento": null, "condominio": null, "area_geom": 708.74, "cnm": "062661.2.0082962-95" }, "geometry": { "type": "Polygon", "coordinates": [ [ [ -54.617842, -22.136539 ], [ -54.618026, -22.136334 ], [ -54.618057, -22.136359 ], [ -54.618204, -22.136473 ], [ -54.61802, -22.136678 ], [ -54.617842, -22.136539 ] ] ] } },
{ "type": "Feature", "properties": { "id": 96642, "insc_imob": "07.01.36.53.010", "quadra_cartorio": "02", "lote_cartorio": "10", "matricula": "54259", "circunscricao": "1º CIRCUNSCRIÇÃO", "zoneamento": null, "condominio": null, "area_geom": 299.98, "cnm": "062661.2.0054259-68" }, "geometry": { "type": "Polygon", "coordinates": [ [ [ -54.613113, -22.130515 ], [ -54.613175, -22.130445 ], [ -54.613398, -22.130619 ], [ -54.613336, -22.130688 ], [ -54.613113, -22.130515 ] ] ] } },
{ "type": "Feature", "properties": { "id": 96643, "insc_imob": "07.01.36.53.020", "quadra_cartorio": "02", "lote_cartorio": "09", "matricula": "54195", "circunscricao": "1º CIRCUNSCRIÇÃO", "zoneamento": null, "condominio": null, "area_geom": 299.99, "cnm": "062661.2.0054195-66" }, "geometry": { "type": "Polygon", "coordinates": [ [ [ -54.61305, -22.130584 ], [ -54.613113, -22.130515 ], [ -54.613336, -22.130688 ], [ -54.613273, -22.130758 ], [ -54.61305, -22.130584 ] ] ] } },
{ "type": "Feature", "properties": { "id": 96390, "insc_imob": "07.01.35.45.163", "quadra_cartorio": "04", "lote_cartorio": "05", "matricula": "18866", "circunscricao": "1º CIRCUNSCRIÇÃO", "zoneamento": null, "condominio": null, "area_geom": 355.85, "cnm": "062661.2.0018866-32" }, "geometry": { "type": "Polygon", "coordinates": [ [ [ -54.618765, -22.137263 ], [ -54.618949, -22.137058 ], [ -54.619039, -22.137128 ], [ -54.618854, -22.137333 ], [ -54.618765, -22.137263 ] ] ] } },
{ "type": "Feature", "properties": { "id": 98049, "insc_imob": "07.01.35.26.334", "quadra_cartorio": "10", "lote_cartorio": "A", "matricula": "92566", "circunscricao": "1º CIRCUNSCRIÇÃO", "zoneamento": null, "condominio": null, "area_geom": 359.95, "cnm": "062661.2.0092566-92" }, "geometry": { "type": "Polygon", "coordinates": [ [ [ -54.61998, -22.134515 ], [ -54.620054, -22.134432 ], [ -54.620277, -22.134605 ], [ -54.620203, -22.134689 ], [ -54.61998, -22.134515 ] ] ] } },
{ "type": "Feature", "properties": { "id": 94464, "insc_imob": "07.01.36.11.030", "quadra_cartorio": null, "lote_cartorio": "01-A", "matricula": "165248", "circunscricao": "1º CIRCUNSCRIÇÃO", "zoneamento": null, "condominio": null, "area_geom": 989.18, "cnm": "062661.2.0165248-05" }, "geometry": { "type": "Polygon", "coordinates": [ [ [ -54.61886, -22.131536 ], [ -54.61906, -22.131324 ], [ -54.619294, -22.131507 ], [ -54.619097, -22.13172 ], [ -54.61886, -22.131536 ] ] ] } },
{ "type": "Feature", "properties": { "id": 94436, "insc_imob": "07.01.35.17.112", "quadra_cartorio": "16", "lote_cartorio": "13", "matricula": "72285", "circunscricao": "1º CIRCUNSCRIÇÃO", "zoneamento": null, "condominio": null, "area_geom": 360.0, "cnm": "062661.2.0072285-19" }, "geometry": { "type": "Polygon", "coordinates": [ [ [ -54.619485, -22.132383 ], [ -54.619669, -22.132173 ], [ -54.619759, -22.132242 ], [ -54.619575, -22.132452 ], [ -54.619485, -22.132383 ] ] ] } },
{ "type": "Feature", "properties": { "id": 94439, "insc_imob": "07.01.35.17.124", "quadra_cartorio": "16", "lote_cartorio": "14", "matricula": "31672", "circunscricao": "1º CIRCUNSCRIÇÃO", "zoneamento": null, "condominio": null, "area_geom": 360.0, "cnm": "062661.2.0031672-26" }, "geometry": { "type": "Polygon", "coordinates": [ [ [ -54.619575, -22.132452 ], [ -54.619759, -22.132242 ], [ -54.619849, -22.13231 ], [ -54.619665, -22.13252 ], [ -54.619575, -22.132452 ] ] ] } },
{ "type": "Feature", "properties": { "id": 94448, "insc_imob": "07.01.35.17.202", "quadra_cartorio": "16", "lote_cartorio": "19", "matricula": "44066", "circunscricao": "1º CIRCUNSCRIÇÃO", "zoneamento": null, "condominio": null, "area_geom": 360.0, "cnm": "062661.2.0044066-92" }, "geometry": { "type": "Polygon", "coordinates": [ [ [ -54.620026, -22.132794 ], [ -54.620209, -22.132584 ], [ -54.620299, -22.132653 ], [ -54.620116, -22.132863 ], [ -54.620026, -22.132794 ] ] ] } },
{ "type": "Feature", "properties": { "id": 94453, "insc_imob": "07.01.35.17.040", "quadra_cartorio": "16", "lote_cartorio": "09", "matricula": "3578", "circunscricao": "1º CIRCUNSCRIÇÃO", "zoneamento": null, "condominio": null, "area_geom": 523.2, "cnm": "062661.2.0003578-15" }, "geometry": { "type": "Polygon", "coordinates": [ [ [ -54.619852, -22.131964 ], [ -54.619914, -22.131894 ], [ -54.620004, -22.131962 ], [ -54.620095, -22.132031 ], [ -54.620185, -22.132099 ], [ -54.620275, -22.132167 ], [ -54.620304, -22.13219 ], [ -54.620243, -22.13226 ], [ -54.619852, -22.131964 ] ] ] } },
{ "type": "Feature", "properties": { "id": 94458, "insc_imob": "07.01.36.34.195", "quadra_cartorio": null, "lote_cartorio": "01", "matricula": "40899", "circunscricao": "1º CIRCUNSCRIÇÃO", "zoneamento": null, "condominio": null, "area_geom": 472.03, "cnm": "062661.2.0040899-87" }, "geometry": { "type": "Polygon", "coordinates": [ [ [ -54.616373, -22.132406 ], [ -54.616154, -22.132647 ], [ -54.616054, -22.132569 ], [ -54.616272, -22.132327 ], [ -54.616373, -22.132406 ] ] ] } },
{ "type": "Feature", "properties": { "id": 94459, "insc_imob": "07.01.36.34.204", "quadra_cartorio": null, "lote_cartorio": "P/01 REM.", "matricula": "45946", "circunscricao": "1º CIRCUNSCRIÇÃO", "zoneamento": null, "condominio": null, "area_geom": 490.43, "cnm": "062661.2.0045946-78" }, "geometry": { "type": "Polygon", "coordinates": [ [ [ -54.616476, -22.132487 ], [ -54.616258, -22.132729 ], [ -54.616154, -22.132647 ], [ -54.616373, -22.132406 ], [ -54.616476, -22.132487 ] ] ] } },
{ "type": "Feature", "properties": { "id": 95216, "insc_imob": "07.01.36.23.033", "quadra_cartorio": "12 NC", "lote_cartorio": "10", "matricula": "79433", "circunscricao": "1º CIRCUNSCRIÇÃO", "zoneamento": null, "condominio": null, "area_geom": 234.14, "cnm": "062661.2.0079433-12" }, "geometry": { "type": "Polygon", "coordinates": [ [ [ -54.616308, -22.131269 ], [ -54.616428, -22.131136 ], [ -54.616447, -22.131115 ], [ -54.616525, -22.131176 ], [ -54.616386, -22.13133 ], [ -54.616308, -22.131269 ] ] ] } },
{ "type": "Feature", "properties": { "id": 95217, "insc_imob": "07.01.36.23.073", "quadra_cartorio": "12 NC", "lote_cartorio": "06", "matricula": "79433", "circunscricao": "1º CIRCUNSCRIÇÃO", "zoneamento": null, "condominio": null, "area_geom": 222.99, "cnm": "062661.2.0079433-12" }, "geometry": { "type": "Polygon", "coordinates": [ [ [ -54.616609, -22.131504 ], [ -54.616748, -22.13135 ], [ -54.616822, -22.131408 ], [ -54.616683, -22.131562 ], [ -54.616609, -22.131504 ] ] ] } },
{ "type": "Feature", "properties": { "id": 95232, "insc_imob": "07.01.36.33.106", "quadra_cartorio": "02", "lote_cartorio": "05", "matricula": "79433", "circunscricao": "1º CIRCUNSCRIÇÃO", "zoneamento": null, "condominio": null, "area_geom": 222.99, "cnm": "062661.2.0079433-12" }, "geometry": { "type": "Polygon", "coordinates": [ [ [ -54.616315, -22.131947 ], [ -54.616454, -22.131792 ], [ -54.616529, -22.13185 ], [ -54.61639, -22.132005 ], [ -54.616315, -22.131947 ] ] ] } },
{ "type": "Feature", "properties": { "id": 92275, "insc_imob": "07.01.45.09.428", "quadra_cartorio": null, "lote_cartorio": "12", "matricula": "59900", "circunscricao": null, "zoneamento": null, "condominio": null, "area_geom": 496.51, "cnm": "062661.2.0059900-23" }, "geometry": { "type": "Polygon", "coordinates": [ [ [ -54.61618, -22.136853 ], [ -54.615812, -22.136564 ], [ -54.615875, -22.136496 ], [ -54.616244, -22.136784 ], [ -54.61618, -22.136853 ] ] ] } },
{ "type": "Feature", "properties": { "id": 101274, "insc_imob": "07.01.36.38.044", "quadra_cartorio": "08", "lote_cartorio": "07", "matricula": "55054", "circunscricao": "1º CIRCUNSCRIÇÃO", "zoneamento": null, "condominio": null, "area_geom": 337.81, "cnm": "062661.2.0055054-11" }, "geometry": { "type": "Polygon", "coordinates": [ [ [ -54.616944, -22.13379 ], [ -54.617142, -22.133569 ], [ -54.617221, -22.13363 ], [ -54.617022, -22.133852 ], [ -54.616944, -22.13379 ] ] ] } },
{ "type": "Feature", "properties": { "id": 102689, "insc_imob": "07.01.24.21.933", "quadra_cartorio": "15", "lote_cartorio": "22", "matricula": "81445", "circunscricao": "1º CIRCUNSCRIÇÃO", "zoneamento": null, "condominio": null, "area_geom": 2499.93, "cnm": "062661.2.0081445-87" }, "geometry": { "type": "Polygon", "coordinates": [ [ [ -54.633379, -22.143036 ], [ -54.63362, -22.143016 ], [ -54.633706, -22.143915 ], [ -54.633465, -22.143935 ], [ -54.633379, -22.143036 ] ] ] } },
{ "type": "Feature", "properties": { "id": 102690, "insc_imob": "07.01.25.13.252", "quadra_cartorio": "12A", "lote_cartorio": "16", "matricula": null, "circunscricao": "1º CIRCUNSCRIÇÃO", "zoneamento": null, "condominio": null, "area_geom": 1859.99, "cnm": null }, "geometry": { "type": "Polygon", "coordinates": [ [ [ -54.623324, -22.131975 ], [ -54.623709, -22.131545 ], [ -54.623932, -22.131719 ], [ -54.623547, -22.132148 ], [ -54.623324, -22.131975 ] ] ] } },
{ "type": "Feature", "properties": { "id": 106496, "insc_imob": "07.01.36.40.075", "quadra_cartorio": "12 NCD", "lote_cartorio": "P/03", "matricula": null, "circunscricao": "1º CIRCUNSCRIÇÃO", "zoneamento": null, "condominio": null, "area_geom": 449.98, "cnm": null }, "geometry": { "type": "Polygon", "coordinates": [ [ [ -54.61494, -22.132769 ], [ -54.615033, -22.132666 ], [ -54.615256, -22.132839 ], [ -54.615225, -22.132874 ], [ -54.615163, -22.132943 ], [ -54.61494, -22.132769 ] ] ] } },
{ "type": "Feature", "properties": { "id": 106497, "insc_imob": "07.01.36.11.042", "quadra_cartorio": "12 NC", "lote_cartorio": "08", "matricula": null, "circunscricao": "1º CIRCUNSCRIÇÃO", "zoneamento": null, "condominio": null, "area_geom": 359.99, "cnm": null }, "geometry": { "type": "Polygon", "coordinates": [ [ [ -54.618674, -22.131743 ], [ -54.61886, -22.131536 ], [ -54.618949, -22.131605 ], [ -54.618763, -22.131813 ], [ -54.618674, -22.131743 ] ] ] } },
{ "type": "Feature", "properties": { "id": 118986, "insc_imob": "07.01.24.31.974", "quadra_cartorio": "16", "lote_cartorio": "25", "matricula": null, "circunscricao": "1º CIRCUNSCRIÇÃO", "zoneamento": null, "condominio": null, "area_geom": 4577.89, "cnm": null }, "geometry": { "type": "Polygon", "coordinates": [ [ [ -54.632201, -22.145445 ], [ -54.632352, -22.145433 ], [ -54.633256, -22.146136 ], [ -54.63305, -22.146366 ], [ -54.631899, -22.145471 ], [ -54.632201, -22.145445 ] ] ] } },
{ "type": "Feature", "properties": { "id": 119570, "insc_imob": "07.01.35.25.404", "quadra_cartorio": "09", "lote_cartorio": "06", "matricula": "6025-MÃE", "circunscricao": "1º CIRCUNSCRIÇÃO", "zoneamento": null, "condominio": null, "area_geom": 359.99, "cnm": "062661.2.0006025-46" }, "geometry": { "type": "Polygon", "coordinates": [ [ [ -54.62038, -22.134902 ], [ -54.620567, -22.134694 ], [ -54.620656, -22.134763 ], [ -54.620469, -22.134971 ], [ -54.62038, -22.134902 ] ] ] } },
{ "type": "Feature", "properties": { "id": 119618, "insc_imob": "07.01.35.27.410", "quadra_cartorio": "11", "lote_cartorio": "05", "matricula": null, "circunscricao": "1º CIRCUNSCRIÇÃO", "zoneamento": null, "condominio": null, "area_geom": 359.99, "cnm": null }, "geometry": { "type": "Polygon", "coordinates": [ [ [ -54.618779, -22.133656 ], [ -54.618966, -22.133448 ], [ -54.619055, -22.133517 ], [ -54.618868, -22.133725 ], [ -54.618779, -22.133656 ] ] ] } },
{ "type": "Feature", "properties": { "id": 119632, "insc_imob": "07.01.35.34.014", "quadra_cartorio": "01", "lote_cartorio": "11", "matricula": null, "circunscricao": "1º CIRCUNSCRIÇÃO", "zoneamento": null, "condominio": null, "area_geom": 531.99, "cnm": null }, "geometry": { "type": "Polygon", "coordinates": [ [ [ -54.6203, -22.136199 ], [ -54.620387, -22.136102 ], [ -54.62067, -22.136322 ], [ -54.620583, -22.136419 ], [ -54.6203, -22.136199 ] ] ] } },
{ "type": "Feature", "properties": { "id": 119633, "insc_imob": "07.01.35.34.026", "quadra_cartorio": "01", "lote_cartorio": "12", "matricula": null, "circunscricao": "1º CIRCUNSCRIÇÃO", "zoneamento": null, "condominio": null, "area_geom": 455.99, "cnm": null }, "geometry": { "type": "Polygon", "coordinates": [ [ [ -54.620226, -22.136282 ], [ -54.6203, -22.136199 ], [ -54.620583, -22.136419 ], [ -54.620508, -22.136502 ], [ -54.620226, -22.136282 ] ] ] } },
{ "type": "Feature", "properties": { "id": 119634, "insc_imob": "07.01.35.34.150", "quadra_cartorio": "01", "lote_cartorio": null, "matricula": null, "circunscricao": "1º CIRCUNSCRIÇÃO", "zoneamento": null, "condominio": null, "area_geom": 2500.15, "cnm": null }, "geometry": { "type": "Polygon", "coordinates": [ [ [ -54.619766, -22.136795 ], [ -54.620077, -22.136449 ], [ -54.620359, -22.136669 ], [ -54.620449, -22.136738 ], [ -54.620138, -22.137085 ], [ -54.619766, -22.136795 ] ] ] } },
{ "type": "Feature", "properties": { "id": 119811, "insc_imob": "07.01.35.43.148", "quadra_cartorio": "10 NC", "lote_cartorio": "P/16", "matricula": "33753", "circunscricao": "1º CIRCUNSCRIÇÃO", "zoneamento": null, "condominio": null, "area_geom": 549.14, "cnm": "062661.2.0033753-88" }, "geometry": { "type": "Polygon", "coordinates": [ [ [ -54.620519, -22.138145 ], [ -54.620546, -22.138115 ], [ -54.620633, -22.138184 ], [ -54.620342, -22.138503 ], [ -54.620255, -22.138431 ], [ -54.620443, -22.138227 ], [ -54.620519, -22.138145 ] ] ] } },
{ "type": "Feature", "properties": { "id": 119812, "insc_imob": "07.01.35.43.160", "quadra_cartorio": "10 NC ", "lote_cartorio": "P/16", "matricula": null, "circunscricao": "1º CIRCUNSCRIÇÃO", "zoneamento": null, "condominio": null, "area_geom": 556.72, "cnm": null }, "geometry": { "type": "Polygon", "coordinates": [ [ [ -54.620342, -22.138503 ], [ -54.620633, -22.138184 ], [ -54.620722, -22.138255 ], [ -54.620672, -22.13831 ], [ -54.62043, -22.138574 ], [ -54.620342, -22.138503 ] ] ] } },
{ "type": "Feature", "properties": { "id": 119814, "insc_imob": "07.01.35.43.334", "quadra_cartorio": "10", "lote_cartorio": "p/16", "matricula": "4891", "circunscricao": "1º CIRCUNSCRIÇÃO", "zoneamento": null, "condominio": null, "area_geom": 3304.85, "cnm": "062661.2.0004891-53" }, "geometry": { "type": "Polygon", "coordinates": [ [ [ -54.620722, -22.138255 ], [ -54.62103, -22.137918 ], [ -54.621317, -22.138146 ], [ -54.620714, -22.138806 ], [ -54.620525, -22.138651 ], [ -54.620697, -22.138462 ], [ -54.620672, -22.13831 ], [ -54.620722, -22.138255 ] ] ] } },
{ "type": "Feature", "properties": { "id": 119887, "insc_imob": "07.01.35.45.229", "quadra_cartorio": "04", "lote_cartorio": "08", "matricula": null, "circunscricao": "1º CIRCUNSCRIÇÃO", "zoneamento": null, "condominio": null, "area_geom": 555.02, "cnm": null }, "geometry": { "type": "Polygon", "coordinates": [ [ [ -54.618873, -22.136999 ], [ -54.618948, -22.136916 ], [ -54.619292, -22.137183 ], [ -54.619217, -22.137266 ], [ -54.619128, -22.137197 ], [ -54.619039, -22.137128 ], [ -54.618949, -22.137058 ], [ -54.618873, -22.136999 ] ] ] } },
{ "type": "Feature", "properties": { "id": 120644, "insc_imob": "07.01.36.42.372", "quadra_cartorio": "12 NCD", "lote_cartorio": "P/05", "matricula": "15788", "circunscricao": "1º CIRCUNSCRIÇÃO", "zoneamento": null, "condominio": null, "area_geom": 379.94, "cnm": "062661.2.0015788-51" }, "geometry": { "type": "Polygon", "coordinates": [ [ [ -54.613618, -22.131986 ], [ -54.613674, -22.131923 ], [ -54.613956, -22.132143 ], [ -54.613894, -22.132212 ], [ -54.613612, -22.131992 ], [ -54.613618, -22.131986 ] ] ] } },
{ "type": "Feature", "properties": { "id": 120670, "insc_imob": "07.01.36.48.249", "quadra_cartorio": "01", "lote_cartorio": "10", "matricula": null, "circunscricao": "1º CIRCUNSCRIÇÃO", "zoneamento": null, "condominio": null, "area_geom": 594.13, "cnm": null }, "geometry": { "type": "Polygon", "coordinates": [ [ [ -54.61639, -22.134932 ], [ -54.61646, -22.134854 ], [ -54.616465, -22.134849 ], [ -54.616833, -22.135135 ], [ -54.616758, -22.135219 ], [ -54.61639, -22.134932 ] ] ] } },
{ "type": "Feature", "properties": { "id": 120355, "insc_imob": "07.01.35.37.119", "quadra_cartorio": "12", "lote_cartorio": "11", "matricula": "34102", "circunscricao": "1º CIRCUNSCRIÇÃO", "zoneamento": null, "condominio": null, "area_geom": 665.0, "cnm": "062661.2.0034102-11" }, "geometry": { "type": "Polygon", "coordinates": [ [ [ -54.617299, -22.134841 ], [ -54.617517, -22.134599 ], [ -54.617658, -22.134709 ], [ -54.61744, -22.134951 ], [ -54.617299, -22.134841 ] ] ] } },
{ "type": "Feature", "properties": { "id": 118430, "insc_imob": "07.01.24.05.067", "quadra_cartorio": "05", "lote_cartorio": "24", "matricula": null, "circunscricao": "1º CIRCUNSCRIÇÃO", "zoneamento": null, "condominio": null, "area_geom": 5024.95, "cnm": null }, "geometry": { "type": "Polygon", "coordinates": [ [ [ -54.63081, -22.131143 ], [ -54.631018, -22.130911 ], [ -54.632134, -22.131779 ], [ -54.631926, -22.132011 ], [ -54.63081, -22.131143 ] ] ] } },
{ "type": "Feature", "properties": { "id": 281, "insc_imob": "07.01.45.09.076", "quadra_cartorio": null, "lote_cartorio": "15", "matricula": "57724", "circunscricao": "1º CIRCUNSCRIÇÃO", "zoneamento": null, "condominio": null, "area_geom": 402.2, "cnm": "062661.2.0057724-52" }, "geometry": { "type": "Polygon", "coordinates": [ [ [ -54.616108, -22.135896 ], [ -54.616312, -22.13567 ], [ -54.616403, -22.135742 ], [ -54.616199, -22.135968 ], [ -54.616108, -22.135896 ] ] ] } },
{ "type": "Feature", "properties": { "id": 48, "insc_imob": "07.01.45.03.256", "quadra_cartorio": null, "lote_cartorio": "P/04", "matricula": null, "circunscricao": "1º CIRCUNSCRIÇÃO", "zoneamento": null, "condominio": null, "area_geom": 438.03, "cnm": null }, "geometry": { "type": "Polygon", "coordinates": [ [ [ -54.618448, -22.137698 ], [ -54.618634, -22.13749 ], [ -54.61873, -22.137565 ], [ -54.618519, -22.137801 ], [ -54.618423, -22.137725 ], [ -54.618448, -22.137698 ] ] ] } },
{ "type": "Feature", "properties": { "id": 49, "insc_imob": "07.01.45.03.320", "quadra_cartorio": null, "lote_cartorio": "P/04", "matricula": null, "circunscricao": "1º CIRCUNSCRIÇÃO", "zoneamento": null, "condominio": null, "area_geom": 299.36, "cnm": null }, "geometry": { "type": "Polygon", "coordinates": [ [ [ -54.61821, -22.137625 ], [ -54.618269, -22.137559 ], [ -54.618448, -22.137698 ], [ -54.618423, -22.137725 ], [ -54.618519, -22.137801 ], [ -54.618485, -22.137839 ], [ -54.61821, -22.137625 ] ] ] } },
{ "type": "Feature", "properties": { "id": 91458, "insc_imob": "07.01.47.02.040", "quadra_cartorio": "02", "lote_cartorio": "04", "matricula": "146354", "circunscricao": "1º CIRCUNSCRIÇÃO", "zoneamento": null, "condominio": null, "area_geom": 200.0, "cnm": "062661.2.0146354-39" }, "geometry": { "type": "Polygon", "coordinates": [ [ [ -54.615025, -22.138311 ], [ -54.615087, -22.138242 ], [ -54.615236, -22.138357 ], [ -54.615174, -22.138427 ], [ -54.615025, -22.138311 ] ] ] } },
{ "type": "Feature", "properties": { "id": 91460, "insc_imob": "07.01.47.02.280", "quadra_cartorio": "02", "lote_cartorio": "28", "matricula": "146378", "circunscricao": "1º CIRCUNSCRIÇÃO", "zoneamento": null, "condominio": null, "area_geom": 200.0, "cnm": "062661.2.0146378-64" }, "geometry": { "type": "Polygon", "coordinates": [ [ [ -54.614814, -22.138265 ], [ -54.614876, -22.138195 ], [ -54.615025, -22.138311 ], [ -54.614963, -22.13838 ], [ -54.614814, -22.138265 ] ] ] } },
{ "type": "Feature", "properties": { "id": 91486, "insc_imob": "07.01.47.03.060", "quadra_cartorio": "03", "lote_cartorio": "06", "matricula": "146386", "circunscricao": "1º CIRCUNSCRIÇÃO", "zoneamento": null, "condominio": null, "area_geom": 260.0, "cnm": "062661.2.0146386-40" }, "geometry": { "type": "Polygon", "coordinates": [ [ [ -54.614717, -22.137837 ], [ -54.61478, -22.137768 ], [ -54.614973, -22.137918 ], [ -54.614911, -22.137987 ], [ -54.614717, -22.137837 ] ] ] } },
{ "type": "Feature", "properties": { "id": 3, "insc_imob": "07.01.36.50.340", "quadra_cartorio": null, "lote_cartorio": "P/03", "matricula": null, "circunscricao": "1º CIRCUNSCRIÇÃO", "zoneamento": null, "condominio": null, "area_geom": 415.99, "cnm": null }, "geometry": { "type": "Polygon", "coordinates": [ [ [ -54.614872, -22.133476 ], [ -54.615071, -22.133254 ], [ -54.615168, -22.13333 ], [ -54.614969, -22.133551 ], [ -54.614872, -22.133476 ] ] ] } },
{ "type": "Feature", "properties": { "id": 198, "insc_imob": "07.01.45.08.012", "quadra_cartorio": null, "lote_cartorio": "P/05", "matricula": null, "circunscricao": "1º CIRCUNSCRIÇÃO", "zoneamento": null, "condominio": null, "area_geom": 420.66, "cnm": null }, "geometry": { "type": "Polygon", "coordinates": [ [ [ -54.617197, -22.136783 ], [ -54.617414, -22.136541 ], [ -54.617503, -22.13661 ], [ -54.617285, -22.136854 ], [ -54.617197, -22.136783 ] ] ] } },
{ "type": "Feature", "properties": { "id": 6225, "insc_imob": "07.01.36.32.322", "quadra_cartorio": null, "lote_cartorio": "13", "matricula": "10401", "circunscricao": "1º CIRCUNSCRIÇÃO", "zoneamento": null, "condominio": null, "area_geom": 615.29, "cnm": "062661.2.0010401-13" }, "geometry": { "type": "Polygon", "coordinates": [ [ [ -54.617353, -22.132513 ], [ -54.617463, -22.132391 ], [ -54.617723, -22.132594 ], [ -54.617614, -22.132716 ], [ -54.617353, -22.132513 ] ] ] } },
{ "type": "Feature", "properties": { "id": 7241, "insc_imob": "07.01.24.12.764", "quadra_cartorio": null, "lote_cartorio": "10", "matricula": null, "circunscricao": "1º CIRCUNSCRIÇÃO", "zoneamento": null, "condominio": null, "area_geom": 3352.31, "cnm": null }, "geometry": { "type": "Polygon", "coordinates": [ [ [ -54.634316, -22.140729 ], [ -54.634596, -22.140706 ], [ -54.634696, -22.141747 ], [ -54.634416, -22.141771 ], [ -54.634316, -22.140729 ] ] ] } },
{ "type": "Feature", "properties": { "id": 2690, "insc_imob": "07.01.24.12.619", "quadra_cartorio": null, "lote_cartorio": "08", "matricula": null, "circunscricao": "1º CIRCUNSCRIÇÃO", "zoneamento": null, "condominio": null, "area_geom": 6172.15, "cnm": null }, "geometry": { "type": "Polygon", "coordinates": [ [ [ -54.632153, -22.141933 ], [ -54.632123, -22.141875 ], [ -54.632087, -22.141821 ], [ -54.632081, -22.141813 ], [ -54.63264, -22.14119 ], [ -54.633384, -22.141769 ], [ -54.633299, -22.141864 ], [ -54.632163, -22.141959 ], [ -54.632153, -22.141933 ] ] ] } },
{ "type": "Feature", "properties": { "id": 3265, "insc_imob": "07.01.35.47.349", "quadra_cartorio": null, "lote_cartorio": "17", "matricula": "10188", "circunscricao": "1º CIRCUNSCRIÇÃO", "zoneamento": null, "condominio": null, "area_geom": 347.99, "cnm": "062661.2.0010188-70" }, "geometry": { "type": "Polygon", "coordinates": [ [ [ -54.617387, -22.135405 ], [ -54.617567, -22.135204 ], [ -54.617656, -22.135273 ], [ -54.617476, -22.135474 ], [ -54.617417, -22.135428 ], [ -54.617387, -22.135405 ] ] ] } },
{ "type": "Feature", "properties": { "id": 290, "insc_imob": "07.01.45.09.376", "quadra_cartorio": null, "lote_cartorio": "P/05", "matricula": "41966", "circunscricao": "1º CIRCUNSCRIÇÃO", "zoneamento": null, "condominio": null, "area_geom": 536.43, "cnm": "062661.2.0041966-87" }, "geometry": { "type": "Polygon", "coordinates": [ [ [ -54.615563, -22.136856 ], [ -54.61563, -22.136778 ], [ -54.615992, -22.137063 ], [ -54.615924, -22.137138 ], [ -54.615563, -22.136856 ] ] ] } },
{ "type": "Feature", "properties": { "id": 288, "insc_imob": "07.01.45.09.197", "quadra_cartorio": null, "lote_cartorio": "P/05", "matricula": null, "circunscricao": "1º CIRCUNSCRIÇÃO", "zoneamento": null, "condominio": null, "area_geom": 415.64, "cnm": null }, "geometry": { "type": "Polygon", "coordinates": [ [ [ -54.615542, -22.136353 ], [ -54.615614, -22.136274 ], [ -54.615883, -22.136485 ], [ -54.615812, -22.136564 ], [ -54.615542, -22.136353 ] ] ] } },
{ "type": "Feature", "properties": { "id": 289, "insc_imob": "07.01.45.09.366", "quadra_cartorio": null, "lote_cartorio": "P/05", "matricula": null, "circunscricao": "1º CIRCUNSCRIÇÃO", "zoneamento": null, "condominio": null, "area_geom": 1014.3, "cnm": null }, "geometry": { "type": "Polygon", "coordinates": [ [ [ -54.615437, -22.137004 ], [ -54.615563, -22.136856 ], [ -54.615924, -22.137138 ], [ -54.615793, -22.137284 ], [ -54.615437, -22.137004 ] ] ] } },
{ "type": "Feature", "properties": { "id": 291, "insc_imob": "07.01.45.09.388", "quadra_cartorio": null, "lote_cartorio": "P/01", "matricula": null, "circunscricao": "1º CIRCUNSCRIÇÃO", "zoneamento": null, "condominio": null, "area_geom": 599.06, "cnm": null }, "geometry": { "type": "Polygon", "coordinates": [ [ [ -54.61563, -22.136778 ], [ -54.615703, -22.136692 ], [ -54.616068, -22.136978 ], [ -54.615992, -22.137063 ], [ -54.61563, -22.136778 ] ] ] } },
{ "type": "Feature", "properties": { "id": 282, "insc_imob": "07.01.45.09.121", "quadra_cartorio": null, "lote_cartorio": "P/05", "matricula": "15420", "circunscricao": "1º CIRCUNSCRIÇÃO", "zoneamento": null, "condominio": null, "area_geom": 392.39, "cnm": "062661.2.0015420-88" }, "geometry": { "type": "Polygon", "coordinates": [ [ [ -54.616019, -22.135826 ], [ -54.616223, -22.135601 ], [ -54.616312, -22.13567 ], [ -54.616108, -22.135896 ], [ -54.616019, -22.135826 ] ] ] } },
{ "type": "Feature", "properties": { "id": 256, "insc_imob": "07.01.45.09.044", "quadra_cartorio": null, "lote_cartorio": "P/05", "matricula": null, "circunscricao": "1º CIRCUNSCRIÇÃO", "zoneamento": null, "condominio": null, "area_geom": 489.94, "cnm": null }, "geometry": { "type": "Polygon", "coordinates": [ [ [ -54.616245, -22.136197 ], [ -54.616551, -22.135858 ], [ -54.616625, -22.135916 ], [ -54.616319, -22.136255 ], [ -54.616245, -22.136197 ] ] ] } },
{ "type": "Feature", "properties": { "id": 257, "insc_imob": "07.01.45.09.064", "quadra_cartorio": null, "lote_cartorio": "P/05", "matricula": null, "circunscricao": "1º CIRCUNSCRIÇÃO", "zoneamento": null, "condominio": null, "area_geom": 784.4, "cnm": null }, "geometry": { "type": "Polygon", "coordinates": [ [ [ -54.616199, -22.135968 ], [ -54.616403, -22.135742 ], [ -54.616551, -22.135858 ], [ -54.616245, -22.136197 ], [ -54.616186, -22.13615 ], [ -54.616229, -22.136102 ], [ -54.616288, -22.136037 ], [ -54.616199, -22.135968 ] ] ] } },
{ "type": "Feature", "properties": { "id": 283, "insc_imob": "07.01.45.09.130", "quadra_cartorio": null, "lote_cartorio": "P/05", "matricula": null, "circunscricao": "1º CIRCUNSCRIÇÃO", "zoneamento": null, "condominio": null, "area_geom": 339.4, "cnm": null }, "geometry": { "type": "Polygon", "coordinates": [ [ [ -54.61596, -22.135891 ], [ -54.616019, -22.135826 ], [ -54.616108, -22.135896 ], [ -54.616199, -22.135968 ], [ -54.616288, -22.136037 ], [ -54.616229, -22.136102 ], [ -54.61596, -22.135891 ] ] ] } },
{ "type": "Feature", "properties": { "id": 284, "insc_imob": "07.01.45.09.141", "quadra_cartorio": null, "lote_cartorio": "P/05", "matricula": null, "circunscricao": "1º CIRCUNSCRIÇÃO", "zoneamento": null, "condominio": null, "area_geom": 399.3, "cnm": null }, "geometry": { "type": "Polygon", "coordinates": [ [ [ -54.615892, -22.135967 ], [ -54.61596, -22.135891 ], [ -54.616229, -22.136102 ], [ -54.616186, -22.13615 ], [ -54.616161, -22.136178 ], [ -54.615892, -22.135967 ] ] ] } },
{ "type": "Feature", "properties": { "id": 341, "insc_imob": "07.01.46.05.125", "quadra_cartorio": null, "lote_cartorio": "08", "matricula": "120105", "circunscricao": "1º CIRCUNSCRIÇÃO", "zoneamento": null, "condominio": null, "area_geom": 425.01, "cnm": "062661.2.0120105-22" }, "geometry": { "type": "Polygon", "coordinates": [ [ [ -54.612635, -22.133228 ], [ -54.612697, -22.133158 ], [ -54.612794, -22.133234 ], [ -54.612883, -22.133303 ], [ -54.612972, -22.133372 ], [ -54.613013, -22.133404 ], [ -54.612951, -22.133474 ], [ -54.612635, -22.133228 ] ] ] } },
{ "type": "Feature", "properties": { "id": 342, "insc_imob": "07.01.46.05.155", "quadra_cartorio": null, "lote_cartorio": "10", "matricula": "10935", "circunscricao": "1º CIRCUNSCRIÇÃO", "zoneamento": null, "condominio": null, "area_geom": 849.99, "cnm": "062661.2.0010935-60" }, "geometry": { "type": "Polygon", "coordinates": [ [ [ -54.612716, -22.133644 ], [ -54.612627, -22.133574 ], [ -54.612538, -22.133505 ], [ -54.612449, -22.133435 ], [ -54.612573, -22.133297 ], [ -54.612889, -22.133543 ], [ -54.612827, -22.133612 ], [ -54.612765, -22.133681 ], [ -54.612716, -22.133644 ] ] ] } },
{ "type": "Feature", "properties": { "id": 343, "insc_imob": "07.01.46.05.209", "quadra_cartorio": null, "lote_cartorio": "13", "matricula": "29512", "circunscricao": "1º CIRCUNSCRIÇÃO", "zoneamento": null, "condominio": null, "area_geom": 359.94, "cnm": "062661.2.0029512-07" }, "geometry": { "type": "Polygon", "coordinates": [ [ [ -54.612351, -22.133713 ], [ -54.61244, -22.133614 ], [ -54.612538, -22.133505 ], [ -54.612627, -22.133574 ], [ -54.612441, -22.133782 ], [ -54.612351, -22.133713 ] ] ] } },
{ "type": "Feature", "properties": { "id": 340, "insc_imob": "07.01.46.05.115", "quadra_cartorio": null, "lote_cartorio": "115", "matricula": null, "circunscricao": "1º CIRCUNSCRIÇÃO", "zoneamento": null, "condominio": null, "area_geom": 390.0, "cnm": null }, "geometry": { "type": "Polygon", "coordinates": [ [ [ -54.612697, -22.133158 ], [ -54.612883, -22.13295 ], [ -54.61298, -22.133026 ], [ -54.612794, -22.133234 ], [ -54.612697, -22.133158 ] ] ] } },
{ "type": "Feature", "properties": { "id": 1, "insc_imob": "07.01.36.50.315", "quadra_cartorio": null, "lote_cartorio": "P/03", "matricula": null, "circunscricao": "1º CIRCUNSCRIÇÃO", "zoneamento": null, "condominio": null, "area_geom": 649.99, "cnm": null }, "geometry": { "type": "Polygon", "coordinates": [ [ [ -54.614946, -22.133746 ], [ -54.615257, -22.133399 ], [ -54.615354, -22.133474 ], [ -54.615055, -22.133807 ], [ -54.615043, -22.133821 ], [ -54.614946, -22.133746 ] ] ] } },
{ "type": "Feature", "properties": { "id": 2, "insc_imob": "07.01.36.50.327", "quadra_cartorio": null, "lote_cartorio": "P/03", "matricula": null, "circunscricao": "1º CIRCUNSCRIÇÃO", "zoneamento": null, "condominio": null, "area_geom": 780.0, "cnm": null }, "geometry": { "type": "Polygon", "coordinates": [ [ [ -54.614969, -22.133551 ], [ -54.615168, -22.13333 ], [ -54.615257, -22.133399 ], [ -54.614946, -22.133746 ], [ -54.614853, -22.133849 ], [ -54.614764, -22.13378 ], [ -54.614969, -22.133551 ] ] ] } },
{ "type": "Feature", "properties": { "id": 196, "insc_imob": "07.01.45.07.300", "quadra_cartorio": null, "lote_cartorio": "P/05", "matricula": null, "circunscricao": "1º CIRCUNSCRIÇÃO", "zoneamento": null, "condominio": null, "area_geom": 527.99, "cnm": null }, "geometry": { "type": "Polygon", "coordinates": [ [ [ -54.617051, -22.137928 ], [ -54.617249, -22.137707 ], [ -54.617372, -22.137802 ], [ -54.617173, -22.138024 ], [ -54.617051, -22.137928 ] ] ] } },
{ "type": "Feature", "properties": { "id": 10604, "insc_imob": "07.01.35.46.065", "quadra_cartorio": null, "lote_cartorio": "22", "matricula": null, "circunscricao": "1º CIRCUNSCRIÇÃO", "zoneamento": null, "condominio": null, "area_geom": 626.99, "cnm": null }, "geometry": { "type": "Polygon", "coordinates": [ [ [ -54.617669, -22.136056 ], [ -54.617743, -22.135973 ], [ -54.618132, -22.136276 ], [ -54.618057, -22.136359 ], [ -54.618026, -22.136334 ], [ -54.617936, -22.136265 ], [ -54.617847, -22.136195 ], [ -54.617758, -22.136126 ], [ -54.617669, -22.136056 ] ] ] } },
{ "type": "Feature", "properties": { "id": 10605, "insc_imob": "07.01.35.46.106", "quadra_cartorio": null, "lote_cartorio": "01", "matricula": null, "circunscricao": "1º CIRCUNSCRIÇÃO", "zoneamento": null, "condominio": null, "area_geom": 353.67, "cnm": null }, "geometry": { "type": "Polygon", "coordinates": [ [ [ -54.617486, -22.13626 ], [ -54.617669, -22.136056 ], [ -54.617758, -22.136126 ], [ -54.617575, -22.13633 ], [ -54.617486, -22.13626 ] ] ] } },
{ "type": "Feature", "properties": { "id": 29964, "insc_imob": "07.01.47.01.150", "quadra_cartorio": "01", "lote_cartorio": "15", "matricula": "146350", "circunscricao": "1º CIRCUNSCRIÇÃO", "zoneamento": null, "condominio": null, "area_geom": 200.0, "cnm": "062661.2.0146350-51" }, "geometry": { "type": "Polygon", "coordinates": [ [ [ -54.615946, -22.137733 ], [ -54.616008, -22.137664 ], [ -54.616157, -22.13778 ], [ -54.616095, -22.137849 ], [ -54.615946, -22.137733 ] ] ] } },
{ "type": "Feature", "properties": { "id": 94434, "insc_imob": "07.01.35.17.311", "quadra_cartorio": null, "lote_cartorio": "02", "matricula": "TR-6205", "circunscricao": "1º CIRCUNSCRIÇÃO", "zoneamento": null, "condominio": null, "area_geom": 360.0, "cnm": null }, "geometry": { "type": "Polygon", "coordinates": [ [ [ -54.620454, -22.132305 ], [ -54.620638, -22.132095 ], [ -54.620728, -22.132163 ], [ -54.620544, -22.132373 ], [ -54.620454, -22.132305 ] ] ] } },
{ "type": "Feature", "properties": { "id": 120111, "insc_imob": "07.01.36.32.416", "quadra_cartorio": null, "lote_cartorio": "18", "matricula": "TR-5487", "circunscricao": "1º CIRCUNSCRIÇÃO", "zoneamento": null, "condominio": null, "area_geom": 354.94, "cnm": null }, "geometry": { "type": "Polygon", "coordinates": [ [ [ -54.616996, -22.132235 ], [ -54.61718, -22.13203 ], [ -54.617269, -22.1321 ], [ -54.617086, -22.132305 ], [ -54.616996, -22.132235 ] ] ] } },
{ "type": "Feature", "properties": { "id": 61, "insc_imob": "07.01.45.03.370", "quadra_cartorio": null, "lote_cartorio": "P/04", "matricula": null, "circunscricao": "1º CIRCUNSCRIÇÃO", "zoneamento": null, "condominio": null, "area_geom": 176.3, "cnm": null }, "geometry": { "type": "Polygon", "coordinates": [ [ [ -54.617834, -22.138044 ], [ -54.617919, -22.13795 ], [ -54.618015, -22.138025 ], [ -54.617931, -22.13812 ], [ -54.617834, -22.138044 ] ] ] } },
{ "type": "Feature", "properties": { "id": 51042, "insc_imob": "07.01.24.05.484", "quadra_cartorio": "05", "lote_cartorio": "14", "matricula": null, "circunscricao": "1º CIRCUNSCRIÇÃO", "zoneamento": null, "condominio": null, "area_geom": 2498.27, "cnm": null }, "geometry": { "type": "Polygon", "coordinates": [ [ [ -54.630075, -22.133723 ], [ -54.630696, -22.133031 ], [ -54.630882, -22.133175 ], [ -54.630261, -22.133868 ], [ -54.630075, -22.133723 ] ] ] } },
{ "type": "Feature", "properties": { "id": 51732, "insc_imob": "07.01.25.13.658", "quadra_cartorio": "12A", "lote_cartorio": "04", "matricula": null, "circunscricao": "1º CIRCUNSCRIÇÃO", "zoneamento": null, "condominio": null, "area_geom": 2527.82, "cnm": null }, "geometry": { "type": "Polygon", "coordinates": [ [ [ -54.625017, -22.132198 ], [ -54.625209, -22.131984 ], [ -54.625816, -22.132456 ], [ -54.625624, -22.132671 ], [ -54.625017, -22.132198 ] ] ] } },
{ "type": "Feature", "properties": { "id": 51736, "insc_imob": "07.01.45.09.406", "quadra_cartorio": "56 NC", "lote_cartorio": "P/05", "matricula": null, "circunscricao": "1º CIRCUNSCRIÇÃO", "zoneamento": null, "condominio": null, "area_geom": 891.12, "cnm": null }, "geometry": { "type": "Polygon", "coordinates": [ [ [ -54.615703, -22.136692 ], [ -54.615812, -22.136564 ], [ -54.616181, -22.136854 ], [ -54.616068, -22.136978 ], [ -54.615703, -22.136692 ] ] ] } },
{ "type": "Feature", "properties": { "id": 52076, "insc_imob": "07.01.25.01.540", "quadra_cartorio": "07", "lote_cartorio": "15", "matricula": null, "circunscricao": "1º CIRCUNSCRIÇÃO", "zoneamento": null, "condominio": null, "area_geom": 2248.44, "cnm": null }, "geometry": { "type": "Polygon", "coordinates": [ [ [ -54.625776, -22.130378 ], [ -54.626335, -22.129754 ], [ -54.626521, -22.129899 ], [ -54.625962, -22.130522 ], [ -54.625776, -22.130378 ] ] ] } },
{ "type": "Feature", "properties": { "id": 52085, "insc_imob": "07.01.24.14.999", "quadra_cartorio": "09", "lote_cartorio": "12", "matricula": null, "circunscricao": "1º CIRCUNSCRIÇÃO", "zoneamento": null, "condominio": null, "area_geom": 1948.53, "cnm": null }, "geometry": { "type": "Polygon", "coordinates": [ [ [ -54.631188, -22.135672 ], [ -54.631573, -22.135243 ], [ -54.631807, -22.135425 ], [ -54.631422, -22.135854 ], [ -54.631188, -22.135672 ] ] ] } },
{ "type": "Feature", "properties": { "id": 52745, "insc_imob": "07.01.24.13.348", "quadra_cartorio": "14", "lote_cartorio": "11", "matricula": null, "circunscricao": "1º CIRCUNSCRIÇÃO", "zoneamento": null, "condominio": null, "area_geom": 6666.15, "cnm": null }, "geometry": { "type": "Polygon", "coordinates": [ [ [ -54.631514, -22.138572 ], [ -54.631518, -22.138568 ], [ -54.631552, -22.138527 ], [ -54.631579, -22.138482 ], [ -54.631599, -22.138433 ], [ -54.632492, -22.138359 ], [ -54.632593, -22.139412 ], [ -54.631514, -22.138572 ] ] ] } },
{ "type": "Feature", "properties": { "id": 52755, "insc_imob": "07.01.24.01.775", "quadra_cartorio": "01", "lote_cartorio": "17", "matricula": null, "circunscricao": "1º CIRCUNSCRIÇÃO", "zoneamento": null, "condominio": null, "area_geom": 2498.27, "cnm": null }, "geometry": { "type": "Polygon", "coordinates": [ [ [ -54.637388, -22.139415 ], [ -54.63801, -22.138722 ], [ -54.638195, -22.138867 ], [ -54.637574, -22.139559 ], [ -54.637388, -22.139415 ] ] ] } },
{ "type": "Feature", "properties": { "id": 53438, "insc_imob": "07.01.24.04.531", "quadra_cartorio": "04", "lote_cartorio": "15", "matricula": null, "circunscricao": "1º CIRCUNSCRIÇÃO", "zoneamento": null, "condominio": null, "area_geom": 2498.35, "cnm": null }, "geometry": { "type": "Polygon", "coordinates": [ [ [ -54.632827, -22.135865 ], [ -54.633448, -22.135172 ], [ -54.633634, -22.135317 ], [ -54.633012, -22.13601 ], [ -54.632827, -22.135865 ] ] ] } },
{ "type": "Feature", "properties": { "id": 53809, "insc_imob": "07.01.24.12.977", "quadra_cartorio": "13", "lote_cartorio": "14", "matricula": null, "circunscricao": "1º CIRCUNSCRIÇÃO", "zoneamento": null, "condominio": null, "area_geom": 3466.65, "cnm": null }, "geometry": { "type": "Polygon", "coordinates": [ [ [ -54.634627, -22.140383 ], [ -54.635403, -22.140318 ], [ -54.635434, -22.140636 ], [ -54.635154, -22.140659 ], [ -54.634875, -22.140683 ], [ -54.634596, -22.140706 ], [ -54.634316, -22.140729 ], [ -54.634627, -22.140383 ] ] ] } },
{ "type": "Feature", "properties": { "id": 54155, "insc_imob": "07.01.25.01.640", "quadra_cartorio": "07", "lote_cartorio": "19", "matricula": null, "circunscricao": "1º CIRCUNSCRIÇÃO", "zoneamento": null, "condominio": null, "area_geom": 2248.44, "cnm": null }, "geometry": { "type": "Polygon", "coordinates": [ [ [ -54.626519, -22.130956 ], [ -54.627078, -22.130333 ], [ -54.627264, -22.130478 ], [ -54.626705, -22.131101 ], [ -54.626519, -22.130956 ] ] ] } },
{ "type": "Feature", "properties": { "id": 55588, "insc_imob": "07.01.35.33.074", "quadra_cartorio": "07", "lote_cartorio": "17", "matricula": null, "circunscricao": "1º CIRCUNSCRIÇÃO", "zoneamento": null, "condominio": null, "area_geom": 383.73, "cnm": null }, "geometry": { "type": "Polygon", "coordinates": [ [ [ -54.620771, -22.137271 ], [ -54.620845, -22.137188 ], [ -54.621083, -22.137373 ], [ -54.621009, -22.137457 ], [ -54.620771, -22.137271 ] ] ] } },
{ "type": "Feature", "properties": { "id": 56545, "insc_imob": "07.01.24.03.561", "quadra_cartorio": "03", "lote_cartorio": "07", "matricula": null, "circunscricao": "1º CIRCUNSCRIÇÃO", "zoneamento": null, "condominio": null, "area_geom": 2498.35, "cnm": null }, "geometry": { "type": "Polygon", "coordinates": [ [ [ -54.635432, -22.136246 ], [ -54.635587, -22.136072 ], [ -54.636331, -22.136651 ], [ -54.636176, -22.136824 ], [ -54.635432, -22.136246 ] ] ] } },
{ "type": "Feature", "properties": { "id": 57276, "insc_imob": "07.01.25.01.440", "quadra_cartorio": "07", "lote_cartorio": "11", "matricula": null, "circunscricao": "1º CIRCUNSCRIÇÃO", "zoneamento": null, "condominio": null, "area_geom": 2248.46, "cnm": null }, "geometry": { "type": "Polygon", "coordinates": [ [ [ -54.625032, -22.129799 ], [ -54.625591, -22.129175 ], [ -54.625777, -22.12932 ], [ -54.625218, -22.129943 ], [ -54.625032, -22.129799 ] ] ] } },
{ "type": "Feature", "properties": { "id": 61447, "insc_imob": "07.01.24.01.224", "quadra_cartorio": "01", "lote_cartorio": "06", "matricula": null, "circunscricao": "1º CIRCUNSCRIÇÃO", "zoneamento": null, "condominio": null, "area_geom": 5584.34, "cnm": null }, "geometry": { "type": "Polygon", "coordinates": [ [ [ -54.638809, -22.13783 ], [ -54.639147, -22.137801 ], [ -54.639214, -22.138495 ], [ -54.639301, -22.139394 ], [ -54.639155, -22.139281 ], [ -54.638933, -22.139108 ], [ -54.638809, -22.13783 ] ] ] } },
{ "type": "Feature", "properties": { "id": 62602, "insc_imob": "07.01.25.13.868", "quadra_cartorio": "12A", "lote_cartorio": "11", "matricula": null, "circunscricao": "1º CIRCUNSCRIÇÃO", "zoneamento": null, "condominio": null, "area_geom": 1858.72, "cnm": null }, "geometry": { "type": "Polygon", "coordinates": [ [ [ -54.623263, -22.131198 ], [ -54.623648, -22.130768 ], [ -54.623871, -22.130942 ], [ -54.623486, -22.131371 ], [ -54.623263, -22.131198 ] ] ] } },
{ "type": "Feature", "properties": { "id": 70494, "insc_imob": "07.01.25.01.590", "quadra_cartorio": "07", "lote_cartorio": "17", "matricula": null, "circunscricao": "1º CIRCUNSCRIÇÃO", "zoneamento": null, "condominio": null, "area_geom": 2248.46, "cnm": null }, "geometry": { "type": "Polygon", "coordinates": [ [ [ -54.626148, -22.130667 ], [ -54.626707, -22.130043 ], [ -54.626893, -22.130188 ], [ -54.626333, -22.130812 ], [ -54.626148, -22.130667 ] ] ] } },
{ "type": "Feature", "properties": { "id": 71171, "insc_imob": "07.01.25.01.633", "quadra_cartorio": "06", "lote_cartorio": "10", "matricula": null, "circunscricao": "1º CIRCUNSCRIÇÃO", "zoneamento": null, "condominio": null, "area_geom": 5021.52, "cnm": null }, "geometry": { "type": "Polygon", "coordinates": [ [ [ -54.627881, -22.132016 ], [ -54.628713, -22.131088 ], [ -54.628992, -22.131305 ], [ -54.62816, -22.132233 ], [ -54.627881, -22.132016 ] ] ] } },
{ "type": "Feature", "properties": { "id": 71172, "insc_imob": "07.01.24.16.638", "quadra_cartorio": "10", "lote_cartorio": "03", "matricula": null, "circunscricao": "1º CIRCUNSCRIÇÃO", "zoneamento": null, "condominio": null, "area_geom": 1858.73, "cnm": null }, "geometry": { "type": "Polygon", "coordinates": [ [ [ -54.630135, -22.134853 ], [ -54.630521, -22.134423 ], [ -54.630744, -22.134597 ], [ -54.630359, -22.135026 ], [ -54.630135, -22.134853 ] ] ] } },
{ "type": "Feature", "properties": { "id": 71174, "insc_imob": "07.01.36.11.159", "quadra_cartorio": "12 NC", "lote_cartorio": "01", "matricula": null, "circunscricao": "1º CIRCUNSCRIÇÃO", "zoneamento": null, "condominio": null, "area_geom": 449.66, "cnm": null }, "geometry": { "type": "Polygon", "coordinates": [ [ [ -54.619298, -22.13223 ], [ -54.619485, -22.132022 ], [ -54.619596, -22.132109 ], [ -54.61941, -22.132316 ], [ -54.619298, -22.13223 ] ] ] } },
{ "type": "Feature", "properties": { "id": 71908, "insc_imob": "07.01.25.13.192", "quadra_cartorio": "12A", "lote_cartorio": "14", "matricula": null, "circunscricao": "1º CIRCUNSCRIÇÃO", "zoneamento": null, "condominio": null, "area_geom": 1858.73, "cnm": null }, "geometry": { "type": "Polygon", "coordinates": [ [ [ -54.622877, -22.131627 ], [ -54.623263, -22.131198 ], [ -54.623486, -22.131371 ], [ -54.623101, -22.131801 ], [ -54.622877, -22.131627 ] ] ] } },
{ "type": "Feature", "properties": { "id": 73293, "insc_imob": "07.01.24.12.243", "quadra_cartorio": "13", "lote_cartorio": "04", "matricula": null, "circunscricao": "1º CIRCUNSCRIÇÃO", "zoneamento": null, "condominio": null, "area_geom": 4997.81, "cnm": null }, "geometry": { "type": "Polygon", "coordinates": [ [ [ -54.633572, -22.14015 ], [ -54.633883, -22.139804 ], [ -54.634627, -22.140383 ], [ -54.634316, -22.140729 ], [ -54.633572, -22.14015 ] ] ] } },
{ "type": "Feature", "properties": { "id": 77583, "insc_imob": "07.01.24.13.550", "quadra_cartorio": "14", "lote_cartorio": "09", "matricula": null, "circunscricao": "1º CIRCUNSCRIÇÃO", "zoneamento": null, "condominio": null, "area_geom": 6539.39, "cnm": null }, "geometry": { "type": "Polygon", "coordinates": [ [ [ -54.631489, -22.139504 ], [ -54.632593, -22.139412 ], [ -54.632295, -22.139745 ], [ -54.631984, -22.140091 ], [ -54.631674, -22.140437 ], [ -54.631588, -22.140533 ], [ -54.631489, -22.139504 ] ] ] } },
{ "type": "Feature", "properties": { "id": 78610, "insc_imob": "07.01.25.01.070", "quadra_cartorio": "07", "lote_cartorio": "02", "matricula": null, "circunscricao": "1º CIRCUNSCRIÇÃO", "zoneamento": null, "condominio": null, "area_geom": 3700.44, "cnm": null }, "geometry": { "type": "Polygon", "coordinates": [ [ [ -54.626077, -22.127495 ], [ -54.626295, -22.127253 ], [ -54.627082, -22.127865 ], [ -54.626864, -22.128107 ], [ -54.626077, -22.127495 ] ] ] } },
{ "type": "Feature", "properties": { "id": 78611, "insc_imob": "07.01.25.12.342", "quadra_cartorio": "12", "lote_cartorio": "19", "matricula": null, "circunscricao": "1º CIRCUNSCRIÇÃO", "zoneamento": null, "condominio": null, "area_geom": 1858.71, "cnm": null }, "geometry": { "type": "Polygon", "coordinates": [ [ [ -54.624888, -22.131498 ], [ -54.625273, -22.131068 ], [ -54.625496, -22.131242 ], [ -54.625111, -22.131671 ], [ -54.624888, -22.131498 ] ] ] } },
{ "type": "Feature", "properties": { "id": 80915, "insc_imob": "07.01.24.04.164", "quadra_cartorio": "04", "lote_cartorio": "05", "matricula": null, "circunscricao": "1º CIRCUNSCRIÇÃO", "zoneamento": null, "condominio": null, "area_geom": 5021.59, "cnm": null }, "geometry": { "type": "Polygon", "coordinates": [ [ [ -54.632566, -22.133692 ], [ -54.632774, -22.133459 ], [ -54.633889, -22.134328 ], [ -54.633851, -22.13437 ], [ -54.633681, -22.13456 ], [ -54.632566, -22.133692 ] ] ] } },
{ "type": "Feature", "properties": { "id": 80916, "insc_imob": "07.01.24.13.898", "quadra_cartorio": "14", "lote_cartorio": "06", "matricula": null, "circunscricao": "1º CIRCUNSCRIÇÃO", "zoneamento": null, "condominio": null, "area_geom": 4996.63, "cnm": null }, "geometry": { "type": "Polygon", "coordinates": [ [ [ -54.631984, -22.140091 ], [ -54.632295, -22.139745 ], [ -54.633039, -22.140323 ], [ -54.632728, -22.14067 ], [ -54.631984, -22.140091 ] ] ] } },
{ "type": "Feature", "properties": { "id": 81555, "insc_imob": "07.01.24.13.238", "quadra_cartorio": "14", "lote_cartorio": "01", "matricula": null, "circunscricao": "1º CIRCUNSCRIÇÃO", "zoneamento": null, "condominio": null, "area_geom": 6202.89, "cnm": null }, "geometry": { "type": "Polygon", "coordinates": [ [ [ -54.633537, -22.138359 ], [ -54.633622, -22.138264 ], [ -54.634781, -22.138166 ], [ -54.634805, -22.138219 ], [ -54.634837, -22.138273 ], [ -54.634855, -22.138298 ], [ -54.634281, -22.138938 ], [ -54.633537, -22.138359 ] ] ] } },
{ "type": "Feature", "properties": { "id": 82193, "insc_imob": "07.01.24.01.406", "quadra_cartorio": "01", "lote_cartorio": "10", "matricula": null, "circunscricao": "1º CIRCUNSCRIÇÃO", "zoneamento": null, "condominio": null, "area_geom": 3939.21, "cnm": null }, "geometry": { "type": "Polygon", "coordinates": [ [ [ -54.637052, -22.137977 ], [ -54.637437, -22.137944 ], [ -54.638174, -22.138517 ], [ -54.638369, -22.138669 ], [ -54.638195, -22.138867 ], [ -54.63801, -22.138722 ], [ -54.637824, -22.138577 ], [ -54.637638, -22.138433 ], [ -54.637452, -22.138288 ], [ -54.637266, -22.138143 ], [ -54.63708, -22.137999 ], [ -54.637052, -22.137977 ] ] ] } },
{ "type": "Feature", "properties": { "id": 83951, "insc_imob": "07.01.25.01.665", "quadra_cartorio": "07", "lote_cartorio": "20", "matricula": null, "circunscricao": "1º CIRCUNSCRIÇÃO", "zoneamento": null, "condominio": null, "area_geom": 2320.42, "cnm": null }, "geometry": { "type": "Polygon", "coordinates": [ [ [ -54.626705, -22.131101 ], [ -54.627264, -22.130478 ], [ -54.627456, -22.130627 ], [ -54.626897, -22.13125 ], [ -54.626705, -22.131101 ] ] ] } },
{ "type": "Feature", "properties": { "id": 83953, "insc_imob": "07.01.24.14.218", "quadra_cartorio": "09", "lote_cartorio": "16", "matricula": null, "circunscricao": "1º CIRCUNSCRIÇÃO", "zoneamento": null, "condominio": null, "area_geom": 1948.59, "cnm": null }, "geometry": { "type": "Polygon", "coordinates": [ [ [ -54.631037, -22.136284 ], [ -54.631422, -22.135854 ], [ -54.631656, -22.136036 ], [ -54.631271, -22.136466 ], [ -54.631037, -22.136284 ] ] ] } },
{ "type": "Feature", "properties": { "id": 85052, "insc_imob": "07.01.24.04.708", "quadra_cartorio": "04", "lote_cartorio": "21", "matricula": null, "circunscricao": "1º CIRCUNSCRIÇÃO", "zoneamento": null, "condominio": null, "area_geom": 5061.54, "cnm": null }, "geometry": { "type": "Polygon", "coordinates": [ [ [ -54.633956, -22.136744 ], [ -54.634577, -22.136051 ], [ -54.634954, -22.136344 ], [ -54.634333, -22.137037 ], [ -54.633956, -22.136744 ] ] ] } },
{ "type": "Feature", "properties": { "id": 95838, "insc_imob": "07.01.35.46.178", "quadra_cartorio": "03", "lote_cartorio": "07", "matricula": null, "circunscricao": "1º CIRCUNSCRIÇÃO", "zoneamento": null, "condominio": null, "area_geom": 354.36, "cnm": null }, "geometry": { "type": "Polygon", "coordinates": [ [ [ -54.61802, -22.136678 ], [ -54.618204, -22.136473 ], [ -54.618293, -22.136543 ], [ -54.61811, -22.136747 ], [ -54.61802, -22.136678 ] ] ] } },
{ "type": "Feature", "properties": { "id": 95643, "insc_imob": "07.01.24.13.290", "quadra_cartorio": "14", "lote_cartorio": "12", "matricula": null, "circunscricao": "1º CIRCUNSCRIÇÃO", "zoneamento": null, "condominio": null, "area_geom": 6857.42, "cnm": null }, "geometry": { "type": "Polygon", "coordinates": [ [ [ -54.632492, -22.138359 ], [ -54.633622, -22.138264 ], [ -54.633537, -22.138359 ], [ -54.633227, -22.138705 ], [ -54.632916, -22.139052 ], [ -54.632605, -22.139398 ], [ -54.632593, -22.139412 ], [ -54.632492, -22.138359 ] ] ] } },
{ "type": "Feature", "properties": { "id": 95648, "insc_imob": "07.01.25.13.162", "quadra_cartorio": "12A", "lote_cartorio": "13", "matricula": null, "circunscricao": "1º CIRCUNSCRIÇÃO", "zoneamento": null, "condominio": null, "area_geom": 2478.29, "cnm": null }, "geometry": { "type": "Polygon", "coordinates": [ [ [ -54.62258, -22.131396 ], [ -54.622965, -22.130966 ], [ -54.623263, -22.131198 ], [ -54.622877, -22.131627 ], [ -54.62258, -22.131396 ] ] ] } },
{ "type": "Feature", "properties": { "id": 95650, "insc_imob": "07.01.35.44.354", "quadra_cartorio": "10 NC ", "lote_cartorio": "P/16", "matricula": null, "circunscricao": "1º CIRCUNSCRIÇÃO", "zoneamento": null, "condominio": null, "area_geom": 359.31, "cnm": null }, "geometry": { "type": "Polygon", "coordinates": [ [ [ -54.619828, -22.137313 ], [ -54.620014, -22.137104 ], [ -54.620103, -22.137174 ], [ -54.619917, -22.137382 ], [ -54.61991, -22.137376 ], [ -54.619828, -22.137313 ] ] ] } },
{ "type": "Feature", "properties": { "id": 98018, "insc_imob": "07.01.24.15.621", "quadra_cartorio": "09A", "lote_cartorio": "01", "matricula": null, "circunscricao": "1º CIRCUNSCRIÇÃO", "zoneamento": null, "condominio": null, "area_geom": 5251.9, "cnm": null }, "geometry": { "type": "Polygon", "coordinates": [ [ [ -54.631597, -22.138161 ], [ -54.632234, -22.13745 ], [ -54.632996, -22.138044 ], [ -54.631597, -22.138161 ] ] ] } },
{ "type": "Feature", "properties": { "id": 98027, "insc_imob": "07.01.25.12.282", "quadra_cartorio": "12", "lote_cartorio": "17", "matricula": null, "circunscricao": "1º CIRCUNSCRIÇÃO", "zoneamento": null, "condominio": null, "area_geom": 1858.71, "cnm": null }, "geometry": { "type": "Polygon", "coordinates": [ [ [ -54.624441, -22.131151 ], [ -54.624826, -22.130721 ], [ -54.62505, -22.130895 ], [ -54.624664, -22.131324 ], [ -54.624441, -22.131151 ] ] ] } },
{ "type": "Feature", "properties": { "id": 98028, "insc_imob": "07.01.25.12.515", "quadra_cartorio": "12", "lote_cartorio": "02", "matricula": null, "circunscricao": "1º CIRCUNSCRIÇÃO", "zoneamento": null, "condominio": null, "area_geom": 2527.86, "cnm": null }, "geometry": { "type": "Polygon", "coordinates": [ [ [ -54.625526, -22.13163 ], [ -54.625719, -22.131416 ], [ -54.626326, -22.131888 ], [ -54.626133, -22.132103 ], [ -54.625526, -22.13163 ] ] ] } },
{ "type": "Feature", "properties": { "id": 98029, "insc_imob": "07.01.25.13.312", "quadra_cartorio": "12A", "lote_cartorio": "18", "matricula": null, "circunscricao": "1º CIRCUNSCRIÇÃO", "zoneamento": null, "condominio": null, "area_geom": 1858.72, "cnm": null }, "geometry": { "type": "Polygon", "coordinates": [ [ [ -54.62377, -22.132322 ], [ -54.624155, -22.131892 ], [ -54.624378, -22.132066 ], [ -54.623993, -22.132495 ], [ -54.62377, -22.132322 ] ] ] } },
{ "type": "Feature", "properties": { "id": 98030, "insc_imob": "07.01.25.13.484", "quadra_cartorio": "12A", "lote_cartorio": "01", "matricula": null, "circunscricao": "1º CIRCUNSCRIÇÃO", "zoneamento": null, "condominio": null, "area_geom": 2527.84, "cnm": null }, "geometry": { "type": "Polygon", "coordinates": [ [ [ -54.624439, -22.132843 ], [ -54.624632, -22.132628 ], [ -54.625239, -22.1331 ], [ -54.625046, -22.133315 ], [ -54.624439, -22.132843 ] ] ] } },
{ "type": "Feature", "properties": { "id": 98053, "insc_imob": "07.01.35.27.266", "quadra_cartorio": "11", "lote_cartorio": "22", "matricula": null, "circunscricao": "1º CIRCUNSCRIÇÃO", "zoneamento": null, "condominio": null, "area_geom": 620.24, "cnm": null }, "geometry": { "type": "Polygon", "coordinates": [ [ [ -54.618528, -22.134161 ], [ -54.618602, -22.134078 ], [ -54.618989, -22.134379 ], [ -54.618915, -22.134462 ], [ -54.618766, -22.134346 ], [ -54.618677, -22.134277 ], [ -54.618588, -22.134207 ], [ -54.618528, -22.134161 ] ] ] } },
{ "type": "Feature", "properties": { "id": 98054, "insc_imob": "07.01.35.33.214", "quadra_cartorio": "07", "lote_cartorio": "01", "matricula": null, "circunscricao": "1º CIRCUNSCRIÇÃO", "zoneamento": null, "condominio": null, "area_geom": 447.69, "cnm": null }, "geometry": { "type": "Polygon", "coordinates": [ [ [ -54.621115, -22.137845 ], [ -54.621202, -22.137748 ], [ -54.62144, -22.137933 ], [ -54.621353, -22.13803 ], [ -54.621115, -22.137845 ] ] ] } },
{ "type": "Feature", "properties": { "id": 98055, "insc_imob": "07.01.35.33.226", "quadra_cartorio": "07", "lote_cartorio": "02", "matricula": null, "circunscricao": "1º CIRCUNSCRIÇÃO", "zoneamento": null, "condominio": null, "area_geom": 383.72, "cnm": null }, "geometry": { "type": "Polygon", "coordinates": [ [ [ -54.621202, -22.137748 ], [ -54.621277, -22.137665 ], [ -54.621515, -22.13785 ], [ -54.62144, -22.137933 ], [ -54.621202, -22.137748 ] ] ] } },
{ "type": "Feature", "properties": { "id": 98066, "insc_imob": "07.01.36.32.369", "quadra_cartorio": "12", "lote_cartorio": "14", "matricula": null, "circunscricao": "1º CIRCUNSCRIÇÃO", "zoneamento": null, "condominio": null, "area_geom": 419.7, "cnm": null }, "geometry": { "type": "Polygon", "coordinates": [ [ [ -54.617463, -22.132391 ], [ -54.617537, -22.132308 ], [ -54.617797, -22.132511 ], [ -54.617723, -22.132594 ], [ -54.617463, -22.132391 ] ] ] } },
{ "type": "Feature", "properties": { "id": 98067, "insc_imob": "07.01.36.32.381", "quadra_cartorio": "12", "lote_cartorio": "04", "matricula": null, "circunscricao": "1º CIRCUNSCRIÇÃO", "zoneamento": null, "condominio": null, "area_geom": 354.72, "cnm": null }, "geometry": { "type": "Polygon", "coordinates": [ [ [ -54.617264, -22.132444 ], [ -54.617448, -22.132239 ], [ -54.617537, -22.132308 ], [ -54.617463, -22.132391 ], [ -54.617353, -22.132513 ], [ -54.617264, -22.132444 ] ] ] } },
{ "type": "Feature", "properties": { "id": 98068, "insc_imob": "07.01.36.40.269", "quadra_cartorio": "12 NC", "lote_cartorio": "P/03", "matricula": null, "circunscricao": "1º CIRCUNSCRIÇÃO", "zoneamento": null, "condominio": null, "area_geom": 404.98, "cnm": null }, "geometry": { "type": "Polygon", "coordinates": [ [ [ -54.615448, -22.133047 ], [ -54.615512, -22.132975 ], [ -54.615586, -22.133034 ], [ -54.615807, -22.133211 ], [ -54.615745, -22.133279 ], [ -54.615448, -22.133047 ] ] ] } },
{ "type": "Feature", "properties": { "id": 98047, "insc_imob": "07.01.35.26.276", "quadra_cartorio": "10", "lote_cartorio": "14", "matricula": "8559", "circunscricao": "1º CIRCUNSCRIÇÃO", "zoneamento": null, "condominio": null, "area_geom": 544.54, "cnm": "062661.2.0008559-10" }, "geometry": { "type": "Polygon", "coordinates": [ [ [ -54.619472, -22.134768 ], [ -54.619537, -22.134696 ], [ -54.619574, -22.134725 ], [ -54.619925, -22.134998 ], [ -54.61986, -22.135071 ], [ -54.619472, -22.134768 ] ] ] } },
{ "type": "Feature", "properties": { "id": 98048, "insc_imob": "07.01.35.26.298", "quadra_cartorio": "10", "lote_cartorio": "16", "matricula": "51059", "circunscricao": "1º CIRCUNSCRIÇÃO", "zoneamento": null, "condominio": null, "area_geom": 544.5, "cnm": "062661.2.0051059-65" }, "geometry": { "type": "Polygon", "coordinates": [ [ [ -54.619601, -22.134624 ], [ -54.619666, -22.134551 ], [ -54.619668, -22.134553 ], [ -54.619742, -22.134611 ], [ -54.619817, -22.134668 ], [ -54.620055, -22.134854 ], [ -54.61999, -22.134926 ], [ -54.619601, -22.134624 ] ] ] } },
{ "type": "Feature", "properties": { "id": 98050, "insc_imob": "07.01.35.27.030", "quadra_cartorio": "11", "lote_cartorio": "08", "matricula": "45416", "circunscricao": "1º CIRCUNSCRIÇÃO", "zoneamento": null, "condominio": null, "area_geom": 359.74, "cnm": "062661.2.0045416-19" }, "geometry": { "type": "Polygon", "coordinates": [ [ [ -54.618512, -22.133447 ], [ -54.618698, -22.133239 ], [ -54.618787, -22.133309 ], [ -54.618601, -22.133517 ], [ -54.618512, -22.133447 ] ] ] } },
{ "type": "Feature", "properties": { "id": 98052, "insc_imob": "07.01.35.27.144", "quadra_cartorio": "11", "lote_cartorio": "15", "matricula": "11393", "circunscricao": "1º CIRCUNSCRIÇÃO", "zoneamento": null, "condominio": null, "area_geom": 359.84, "cnm": "062661.2.0011393-44" }, "geometry": { "type": "Polygon", "coordinates": [ [ [ -54.618044, -22.134137 ], [ -54.618231, -22.13393 ], [ -54.61832, -22.133999 ], [ -54.618133, -22.134207 ], [ -54.618044, -22.134137 ] ] ] } },
{ "type": "Feature", "properties": { "id": 98745, "insc_imob": "07.01.36.21.386", "quadra_cartorio": "17", "lote_cartorio": "07", "matricula": null, "circunscricao": "1º CIRCUNSCRIÇÃO", "zoneamento": null, "condominio": null, "area_geom": 359.73, "cnm": null }, "geometry": { "type": "Polygon", "coordinates": [ [ [ -54.618486, -22.132104 ], [ -54.618673, -22.131896 ], [ -54.618762, -22.131966 ], [ -54.618575, -22.132174 ], [ -54.618486, -22.132104 ] ] ] } },
{ "type": "Feature", "properties": { "id": 98815, "insc_imob": "07.01.25.01.465", "quadra_cartorio": "07", "lote_cartorio": "12", "matricula": null, "circunscricao": "1º CIRCUNSCRIÇÃO", "zoneamento": null, "condominio": null, "area_geom": 2248.47, "cnm": null }, "geometry": { "type": "Polygon", "coordinates": [ [ [ -54.625218, -22.129943 ], [ -54.625777, -22.12932 ], [ -54.625963, -22.129465 ], [ -54.625404, -22.130088 ], [ -54.625218, -22.129943 ] ] ] } },
{ "type": "Feature", "properties": { "id": 98891, "insc_imob": "07.01.45.06.071", "quadra_cartorio": "06", "lote_cartorio": "06", "matricula": null, "circunscricao": "1º CIRCUNSCRIÇÃO", "zoneamento": null, "condominio": null, "area_geom": 346.17, "cnm": null }, "geometry": { "type": "Polygon", "coordinates": [ [ [ -54.617572, -22.13751 ], [ -54.617665, -22.137406 ], [ -54.617836, -22.137539 ], [ -54.617824, -22.137553 ], [ -54.617745, -22.137645 ], [ -54.617572, -22.13751 ] ] ] } },
{ "type": "Feature", "properties": { "id": 99201, "insc_imob": "07.01.24.15.270", "quadra_cartorio": "09A", "lote_cartorio": "04", "matricula": null, "circunscricao": "1º CIRCUNSCRIÇÃO", "zoneamento": null, "condominio": null, "area_geom": 5021.52, "cnm": null }, "geometry": { "type": "Polygon", "coordinates": [ [ [ -54.630846, -22.1371 ], [ -54.631231, -22.13667 ], [ -54.631532, -22.136905 ], [ -54.630762, -22.137764 ], [ -54.630461, -22.137529 ], [ -54.630846, -22.1371 ] ] ] } },
{ "type": "Feature", "properties": { "id": 99205, "insc_imob": "07.01.25.13.342", "quadra_cartorio": "12A", "lote_cartorio": "19", "matricula": null, "circunscricao": "1º CIRCUNSCRIÇÃO", "zoneamento": null, "condominio": null, "area_geom": 1858.71, "cnm": null }, "geometry": { "type": "Polygon", "coordinates": [ [ [ -54.623993, -22.132495 ], [ -54.624378, -22.132066 ], [ -54.624601, -22.13224 ], [ -54.624216, -22.132669 ], [ -54.623993, -22.132495 ] ] ] } },
{ "type": "Feature", "properties": { "id": 99859, "insc_imob": "07.01.24.99.000", "quadra_cartorio": "00", "lote_cartorio": null, "matricula": null, "circunscricao": "1º CIRCUNSCRIÇÃO", "zoneamento": null, "condominio": null, "area_geom": 206688.98, "cnm": null }, "geometry": { "type": "Polygon", "coordinates": [ [ [ -54.628111, -22.143528 ], [ -54.627867, -22.141505 ], [ -54.628337, -22.140987 ], [ -54.627079, -22.139996 ], [ -54.629538, -22.137287 ], [ -54.6308, -22.138277 ], [ -54.630785, -22.138324 ], [ -54.630776, -22.138373 ], [ -54.630775, -22.138422 ], [ -54.630781, -22.138471 ], [ -54.630793, -22.138519 ], [ -54.630813, -22.138564 ], [ -54.630839, -22.138607 ], [ -54.630872, -22.138646 ], [ -54.630909, -22.13868 ], [ -54.630952, -22.13871 ], [ -54.630998, -22.138733 ], [ -54.631047, -22.138751 ], [ -54.631309, -22.141589 ], [ -54.63125, -22.141617 ], [ -54.631194, -22.141651 ], [ -54.631143, -22.14169 ], [ -54.631096, -22.141734 ], [ -54.631055, -22.141783 ], [ -54.63102, -22.141835 ], [ -54.630992, -22.141891 ], [ -54.63097, -22.14195 ], [ -54.630955, -22.14201 ], [ -54.630947, -22.142071 ], [ -54.630946, -22.142133 ], [ -54.630953, -22.142195 ], [ -54.630967, -22.142255 ], [ -54.630988, -22.142314 ], [ -54.631015, -22.142371 ], [ -54.63105, -22.142424 ], [ -54.63109, -22.142473 ], [ -54.629945, -22.143746 ], [ -54.62925, -22.144519 ], [ -54.628974, -22.144541 ], [ -54.62892, -22.143492 ], [ -54.628111, -22.143528 ] ] ] } },
{ "type": "Feature", "properties": { "id": 99901, "insc_imob": "07.01.36.36.082", "quadra_cartorio": "12 NC", "lote_cartorio": null, "matricula": null, "circunscricao": "1º CIRCUNSCRIÇÃO", "zoneamento": null, "condominio": null, "area_geom": 479.67, "cnm": null }, "geometry": { "type": "Polygon", "coordinates": [ [ [ -54.614883, -22.131302 ], [ -54.615132, -22.131025 ], [ -54.615221, -22.131095 ], [ -54.615159, -22.131164 ], [ -54.615097, -22.131233 ], [ -54.615034, -22.131303 ], [ -54.614972, -22.131372 ], [ -54.614883, -22.131302 ] ] ] } },
{ "type": "Feature", "properties": { "id": 99902, "insc_imob": "07.01.36.36.112", "quadra_cartorio": "12 NC ", "lote_cartorio": null, "matricula": null, "circunscricao": "1º CIRCUNSCRIÇÃO", "zoneamento": null, "condominio": null, "area_geom": 359.75, "cnm": null }, "geometry": { "type": "Polygon", "coordinates": [ [ [ -54.614697, -22.13151 ], [ -54.614883, -22.131302 ], [ -54.614972, -22.131372 ], [ -54.61491, -22.131441 ], [ -54.614848, -22.13151 ], [ -54.614786, -22.13158 ], [ -54.614697, -22.13151 ] ] ] } },
{ "type": "Feature", "properties": { "id": 99994, "insc_imob": "07.01.35.33.286", "quadra_cartorio": "07", "lote_cartorio": "07", "matricula": null, "circunscricao": "1º CIRCUNSCRIÇÃO", "zoneamento": null, "condominio": null, "area_geom": 383.64, "cnm": null }, "geometry": { "type": "Polygon", "coordinates": [ [ [ -54.621575, -22.137332 ], [ -54.621649, -22.137249 ], [ -54.621887, -22.137434 ], [ -54.621813, -22.137518 ], [ -54.621575, -22.137332 ] ] ] } },
{ "type": "Feature", "properties": { "id": 100339, "insc_imob": "07.01.35.34.356", "quadra_cartorio": "01", "lote_cartorio": "10", "matricula": null, "circunscricao": "1º CIRCUNSCRIÇÃO", "zoneamento": null, "condominio": null, "area_geom": 599.43, "cnm": null }, "geometry": { "type": "Polygon", "coordinates": [ [ [ -54.620583, -22.136419 ], [ -54.62067, -22.136322 ], [ -54.620759, -22.136392 ], [ -54.620511, -22.136668 ], [ -54.620449, -22.136738 ], [ -54.620359, -22.136669 ], [ -54.620434, -22.136586 ], [ -54.620508, -22.136502 ], [ -54.620583, -22.136419 ] ] ] } },
{ "type": "Feature", "properties": { "id": 100353, "insc_imob": "07.01.24.02.530", "quadra_cartorio": "02", "lote_cartorio": "12", "matricula": null, "circunscricao": "1º CIRCUNSCRIÇÃO", "zoneamento": null, "condominio": null, "area_geom": 2968.17, "cnm": null }, "geometry": { "type": "Polygon", "coordinates": [ [ [ -54.637764, -22.136884 ], [ -54.637919, -22.136711 ], [ -54.638007, -22.137625 ], [ -54.637666, -22.137653 ], [ -54.637608, -22.137057 ], [ -54.637764, -22.136884 ] ] ] } },
{ "type": "Feature", "properties": { "id": 100422, "insc_imob": "07.01.24.02.120", "quadra_cartorio": "02", "lote_cartorio": "04", "matricula": null, "circunscricao": "1º CIRCUNSCRIÇÃO", "zoneamento": null, "condominio": null, "area_geom": 2498.31, "cnm": null }, "geometry": { "type": "Polygon", "coordinates": [ [ [ -54.636865, -22.136478 ], [ -54.63702, -22.136305 ], [ -54.637764, -22.136884 ], [ -54.637608, -22.137057 ], [ -54.636865, -22.136478 ] ] ] } },
{ "type": "Feature", "properties": { "id": 100511, "insc_imob": "07.01.24.01.725", "quadra_cartorio": "01", "lote_cartorio": "15", "matricula": null, "circunscricao": "1º CIRCUNSCRIÇÃO", "zoneamento": null, "condominio": null, "area_geom": 2498.38, "cnm": null }, "geometry": { "type": "Polygon", "coordinates": [ [ [ -54.637016, -22.139125 ], [ -54.637638, -22.138433 ], [ -54.637824, -22.138577 ], [ -54.637202, -22.13927 ], [ -54.637016, -22.139125 ] ] ] } },
{ "type": "Feature", "properties": { "id": 100590, "insc_imob": "07.01.24.04.932", "quadra_cartorio": "04", "lote_cartorio": "23", "matricula": null, "circunscricao": "1º CIRCUNSCRIÇÃO", "zoneamento": null, "condominio": null, "area_geom": 3010.59, "cnm": null }, "geometry": { "type": "Polygon", "coordinates": [ [ [ -54.634333, -22.137037 ], [ -54.634954, -22.136344 ], [ -54.635026, -22.1364 ], [ -54.635082, -22.13698 ], [ -54.63434, -22.137042 ], [ -54.634333, -22.137037 ] ] ] } },
{ "type": "Feature", "properties": { "id": 100612, "insc_imob": "07.01.24.03.133", "quadra_cartorio": "03", "lote_cartorio": "15", "matricula": null, "circunscricao": "1º CIRCUNSCRIÇÃO", "zoneamento": null, "condominio": null, "area_geom": 3550.98, "cnm": null }, "geometry": { "type": "Polygon", "coordinates": [ [ [ -54.635143, -22.134588 ], [ -54.636142, -22.134504 ], [ -54.636457, -22.13475 ], [ -54.635169, -22.134858 ], [ -54.635143, -22.134588 ] ] ] } },
{ "type": "Feature", "properties": { "id": 100613, "insc_imob": "07.01.24.05.734", "quadra_cartorio": "05", "lote_cartorio": "08", "matricula": null, "circunscricao": "1º CIRCUNSCRIÇÃO", "zoneamento": null, "condominio": null, "area_geom": 2498.32, "cnm": null }, "geometry": { "type": "Polygon", "coordinates": [ [ [ -54.63119, -22.134592 ], [ -54.631812, -22.133899 ], [ -54.631997, -22.134043 ], [ -54.631376, -22.134736 ], [ -54.63119, -22.134592 ] ] ] } },
{ "type": "Feature", "properties": { "id": 100634, "insc_imob": "07.01.24.01.800", "quadra_cartorio": "01", "lote_cartorio": "18", "matricula": null, "circunscricao": "1º CIRCUNSCRIÇÃO", "zoneamento": null, "condominio": null, "area_geom": 2498.36, "cnm": null }, "geometry": { "type": "Polygon", "coordinates": [ [ [ -54.637574, -22.139559 ], [ -54.638195, -22.138867 ], [ -54.638381, -22.139011 ], [ -54.63776, -22.139704 ], [ -54.637574, -22.139559 ] ] ] } },
{ "type": "Feature", "properties": { "id": 100635, "insc_imob": "07.01.35.33.050", "quadra_cartorio": "07", "lote_cartorio": "15", "matricula": null, "circunscricao": "1º CIRCUNSCRIÇÃO", "zoneamento": null, "condominio": null, "area_geom": 383.73, "cnm": null }, "geometry": { "type": "Polygon", "coordinates": [ [ [ -54.62092, -22.137105 ], [ -54.620995, -22.137022 ], [ -54.621233, -22.137207 ], [ -54.621158, -22.13729 ], [ -54.62092, -22.137105 ] ] ] } },
{ "type": "Feature", "properties": { "id": 100740, "insc_imob": "07.01.24.21.260", "quadra_cartorio": "15", "lote_cartorio": "09", "matricula": null, "circunscricao": "1º CIRCUNSCRIÇÃO", "zoneamento": null, "condominio": null, "area_geom": 4996.55, "cnm": null }, "geometry": { "type": "Polygon", "coordinates": [ [ [ -54.633051, -22.142157 ], [ -54.633292, -22.142137 ], [ -54.633533, -22.142116 ], [ -54.63362, -22.143016 ], [ -54.633379, -22.143036 ], [ -54.633372, -22.143036 ], [ -54.633137, -22.143056 ], [ -54.633051, -22.142157 ] ] ] } },
{ "type": "Feature", "properties": { "id": 100955, "insc_imob": "07.01.24.13.848", "quadra_cartorio": "14", "lote_cartorio": "07", "matricula": null, "circunscricao": "1º CIRCUNSCRIÇÃO", "zoneamento": null, "condominio": null, "area_geom": 4996.66, "cnm": null }, "geometry": { "type": "Polygon", "coordinates": [ [ [ -54.631674, -22.140437 ], [ -54.631984, -22.140091 ], [ -54.632728, -22.14067 ], [ -54.632417, -22.141016 ], [ -54.631674, -22.140437 ] ] ] } },
{ "type": "Feature", "properties": { "id": 100992, "insc_imob": "07.01.24.16.394", "quadra_cartorio": "10", "lote_cartorio": "17", "matricula": null, "circunscricao": "1º CIRCUNSCRIÇÃO", "zoneamento": null, "condominio": null, "area_geom": 1858.72, "cnm": null }, "geometry": { "type": "Polygon", "coordinates": [ [ [ -54.629973, -22.135456 ], [ -54.630359, -22.135026 ], [ -54.630582, -22.1352 ], [ -54.630196, -22.13563 ], [ -54.629973, -22.135456 ] ] ] } },
{ "type": "Feature", "properties": { "id": 101046, "insc_imob": "07.01.45.08.036", "quadra_cartorio": "56 NC", "lote_cartorio": "P/05", "matricula": null, "circunscricao": "1º CIRCUNSCRIÇÃO", "zoneamento": null, "condominio": null, "area_geom": 592.21, "cnm": null }, "geometry": { "type": "Polygon", "coordinates": [ [ [ -54.616957, -22.136715 ], [ -54.617237, -22.136403 ], [ -54.617325, -22.136471 ], [ -54.617108, -22.136713 ], [ -54.617013, -22.136819 ], [ -54.616925, -22.13675 ], [ -54.616957, -22.136715 ] ] ] } },
{ "type": "Feature", "properties": { "id": 101124, "insc_imob": "07.01.24.04.100", "quadra_cartorio": "04", "lote_cartorio": "03", "matricula": null, "circunscricao": "1º CIRCUNSCRIÇÃO", "zoneamento": null, "condominio": null, "area_geom": 5021.57, "cnm": null }, "geometry": { "type": "Polygon", "coordinates": [ [ [ -54.632982, -22.133227 ], [ -54.63319, -22.132995 ], [ -54.634305, -22.133863 ], [ -54.634097, -22.134095 ], [ -54.632982, -22.133227 ] ] ] } },
{ "type": "Feature", "properties": { "id": 101125, "insc_imob": "07.01.25.12.484", "quadra_cartorio": "12", "lote_cartorio": "01", "matricula": null, "circunscricao": "1º CIRCUNSCRIÇÃO", "zoneamento": null, "condominio": null, "area_geom": 2527.83, "cnm": null }, "geometry": { "type": "Polygon", "coordinates": [ [ [ -54.625334, -22.131845 ], [ -54.625526, -22.13163 ], [ -54.626133, -22.132103 ], [ -54.625941, -22.132317 ], [ -54.625334, -22.131845 ] ] ] } },
{ "type": "Feature", "properties": { "id": 101128, "insc_imob": "07.01.35.33.262", "quadra_cartorio": "07", "lote_cartorio": "05", "matricula": null, "circunscricao": "1º CIRCUNSCRIÇÃO", "zoneamento": null, "condominio": null, "area_geom": 383.69, "cnm": null }, "geometry": { "type": "Polygon", "coordinates": [ [ [ -54.621426, -22.137499 ], [ -54.6215, -22.137416 ], [ -54.621738, -22.137601 ], [ -54.621664, -22.137684 ], [ -54.621426, -22.137499 ] ] ] } },
{ "type": "Feature", "properties": { "id": 101213, "insc_imob": "07.01.24.01.675", "quadra_cartorio": "01", "lote_cartorio": "13", "matricula": null, "circunscricao": "1º CIRCUNSCRIÇÃO", "zoneamento": null, "condominio": null, "area_geom": 2498.36, "cnm": null }, "geometry": { "type": "Polygon", "coordinates": [ [ [ -54.636645, -22.138836 ], [ -54.637266, -22.138143 ], [ -54.637452, -22.138288 ], [ -54.636831, -22.138981 ], [ -54.636645, -22.138836 ] ] ] } },
{ "type": "Feature", "properties": { "id": 101214, "insc_imob": "07.01.24.15.822", "quadra_cartorio": "09A", "lote_cartorio": "08", "matricula": null, "circunscricao": "1º CIRCUNSCRIÇÃO", "zoneamento": null, "condominio": null, "area_geom": 2042.39, "cnm": null }, "geometry": { "type": "Polygon", "coordinates": [ [ [ -54.630356, -22.136718 ], [ -54.630741, -22.136288 ], [ -54.630986, -22.136479 ], [ -54.630601, -22.136909 ], [ -54.630356, -22.136718 ] ] ] } },
{ "type": "Feature", "properties": { "id": 101217, "insc_imob": "07.01.24.17.486", "quadra_cartorio": "10A", "lote_cartorio": "15", "matricula": null, "circunscricao": "1º CIRCUNSCRIÇÃO", "zoneamento": null, "condominio": null, "area_geom": 1936.21, "cnm": null }, "geometry": { "type": "Polygon", "coordinates": [ [ [ -54.629293, -22.13662 ], [ -54.629678, -22.136191 ], [ -54.62991, -22.136371 ], [ -54.629525, -22.136801 ], [ -54.629293, -22.13662 ] ] ] } },
{ "type": "Feature", "properties": { "id": 101218, "insc_imob": "07.01.25.12.778", "quadra_cartorio": "12", "lote_cartorio": "08", "matricula": null, "circunscricao": "1º CIRCUNSCRIÇÃO", "zoneamento": null, "condominio": null, "area_geom": 1858.73, "cnm": null }, "geometry": { "type": "Polygon", "coordinates": [ [ [ -54.624826, -22.130721 ], [ -54.625212, -22.130291 ], [ -54.625435, -22.130465 ], [ -54.62505, -22.130895 ], [ -54.624826, -22.130721 ] ] ] } },
{ "type": "Feature", "properties": { "id": 101270, "insc_imob": "07.01.24.21.030", "quadra_cartorio": "15", "lote_cartorio": "01", "matricula": null, "circunscricao": "1º CIRCUNSCRIÇÃO", "zoneamento": null, "condominio": null, "area_geom": 2997.97, "cnm": null }, "geometry": { "type": "Polygon", "coordinates": [ [ [ -54.635271, -22.141971 ], [ -54.63556, -22.141947 ], [ -54.635647, -22.142846 ], [ -54.635357, -22.14287 ], [ -54.635271, -22.141971 ] ] ] } },
{ "type": "Feature", "properties": { "id": 101321, "insc_imob": "07.01.45.06.088", "quadra_cartorio": "56 NC", "lote_cartorio": "P/05", "matricula": null, "circunscricao": "1º CIRCUNSCRIÇÃO", "zoneamento": null, "condominio": null, "area_geom": 399.06, "cnm": null }, "geometry": { "type": "Polygon", "coordinates": [ [ [ -54.617466, -22.137628 ], [ -54.617572, -22.13751 ], [ -54.617745, -22.137645 ], [ -54.617743, -22.137647 ], [ -54.617671, -22.137732 ], [ -54.617643, -22.137765 ], [ -54.617466, -22.137628 ] ] ] } },
{ "type": "Feature", "properties": { "id": 101471, "insc_imob": "07.01.24.16.274", "quadra_cartorio": "10", "lote_cartorio": "13", "matricula": null, "circunscricao": "1º CIRCUNSCRIÇÃO", "zoneamento": null, "condominio": null, "area_geom": 1858.73, "cnm": null }, "geometry": { "type": "Polygon", "coordinates": [ [ [ -54.629081, -22.134761 ], [ -54.629466, -22.134332 ], [ -54.629689, -22.134506 ], [ -54.629304, -22.134935 ], [ -54.629081, -22.134761 ] ] ] } },
{ "type": "Feature", "properties": { "id": 101472, "insc_imob": "07.01.24.21.210", "quadra_cartorio": "15", "lote_cartorio": "08", "matricula": null, "circunscricao": "1º CIRCUNSCRIÇÃO", "zoneamento": null, "condominio": null, "area_geom": 2498.31, "cnm": null }, "geometry": { "type": "Polygon", "coordinates": [ [ [ -54.633533, -22.142116 ], [ -54.633775, -22.142096 ], [ -54.633861, -22.142995 ], [ -54.63362, -22.143016 ], [ -54.633533, -22.142116 ] ] ] } },
{ "type": "Feature", "properties": { "id": 101720, "insc_imob": "07.01.24.01.875", "quadra_cartorio": "01", "lote_cartorio": "21", "matricula": null, "circunscricao": "1º CIRCUNSCRIÇÃO", "zoneamento": null, "condominio": null, "area_geom": 2498.4, "cnm": null }, "geometry": { "type": "Polygon", "coordinates": [ [ [ -54.638132, -22.139994 ], [ -54.638753, -22.139301 ], [ -54.638939, -22.139445 ], [ -54.638318, -22.140138 ], [ -54.638132, -22.139994 ] ] ] } },
{ "type": "Feature", "properties": { "id": 101733, "insc_imob": "07.01.24.01.266", "quadra_cartorio": "01", "lote_cartorio": "07", "matricula": null, "circunscricao": "1º CIRCUNSCRIÇÃO", "zoneamento": null, "condominio": null, "area_geom": 5101.24, "cnm": null }, "geometry": { "type": "Polygon", "coordinates": [ [ [ -54.638402, -22.137864 ], [ -54.638809, -22.13783 ], [ -54.638933, -22.139108 ], [ -54.638489, -22.138763 ], [ -54.638402, -22.137864 ] ] ] } },
{ "type": "Feature", "properties": { "id": 101734, "insc_imob": "07.01.25.13.222", "quadra_cartorio": "12A", "lote_cartorio": "15", "matricula": null, "circunscricao": "1º CIRCUNSCRIÇÃO", "zoneamento": null, "condominio": null, "area_geom": 1858.71, "cnm": null }, "geometry": { "type": "Polygon", "coordinates": [ [ [ -54.623101, -22.131801 ], [ -54.623486, -22.131371 ], [ -54.623709, -22.131545 ], [ -54.623324, -22.131975 ], [ -54.623101, -22.131801 ] ] ] } },
{ "type": "Feature", "properties": { "id": 101756, "insc_imob": "07.01.24.02.628", "quadra_cartorio": "02", "lote_cartorio": "15", "matricula": null, "circunscricao": "1º CIRCUNSCRIÇÃO", "zoneamento": null, "condominio": null, "area_geom": 3550.71, "cnm": null }, "geometry": { "type": "Polygon", "coordinates": [ [ [ -54.638655, -22.13757 ], [ -54.63854, -22.13637 ], [ -54.638855, -22.136616 ], [ -54.638945, -22.137546 ], [ -54.638655, -22.13757 ] ] ] } },
{ "type": "Feature", "properties": { "id": 101758, "insc_imob": "07.01.24.17.299", "quadra_cartorio": "10A", "lote_cartorio": "11", "matricula": null, "circunscricao": "1º CIRCUNSCRIÇÃO", "zoneamento": null, "condominio": null, "area_geom": 1936.15, "cnm": null }, "geometry": { "type": "Polygon", "coordinates": [ [ [ -54.628363, -22.135897 ], [ -54.628748, -22.135467 ], [ -54.628981, -22.135648 ], [ -54.628595, -22.136077 ], [ -54.628363, -22.135897 ] ] ] } },
{ "type": "Feature", "properties": { "id": 101946, "insc_imob": "07.01.24.05.801", "quadra_cartorio": "05", "lote_cartorio": "06", "matricula": null, "circunscricao": "1º CIRCUNSCRIÇÃO", "zoneamento": null, "condominio": null, "area_geom": 5021.67, "cnm": null }, "geometry": { "type": "Polygon", "coordinates": [ [ [ -54.631093, -22.13294 ], [ -54.631301, -22.132708 ], [ -54.632417, -22.133576 ], [ -54.632209, -22.133808 ], [ -54.631093, -22.13294 ] ] ] } },
{ "type": "Feature", "properties": { "id": 102213, "insc_imob": "07.01.24.02.170", "quadra_cartorio": "02", "lote_cartorio": "06", "matricula": null, "circunscricao": "1º CIRCUNSCRIÇÃO", "zoneamento": null, "condominio": null, "area_geom": 2498.3, "cnm": null }, "geometry": { "type": "Polygon", "coordinates": [ [ [ -54.636554, -22.136825 ], [ -54.636709, -22.136652 ], [ -54.637453, -22.13723 ], [ -54.637298, -22.137403 ], [ -54.636554, -22.136825 ] ] ] } },
{ "type": "Feature", "properties": { "id": 102215, "insc_imob": "07.01.35.33.144", "quadra_cartorio": "07", "lote_cartorio": "20", "matricula": null, "circunscricao": "1º CIRCUNSCRIÇÃO", "zoneamento": null, "condominio": null, "area_geom": 599.57, "cnm": null }, "geometry": { "type": "Polygon", "coordinates": [ [ [ -54.621083, -22.137373 ], [ -54.621158, -22.13729 ], [ -54.621247, -22.13736 ], [ -54.620937, -22.137706 ], [ -54.620847, -22.137637 ], [ -54.620934, -22.13754 ], [ -54.621009, -22.137457 ], [ -54.621083, -22.137373 ] ] ] } },
{ "type": "Feature", "properties": { "id": 102478, "insc_imob": "07.01.35.33.014", "quadra_cartorio": "07", "lote_cartorio": "12", "matricula": null, "circunscricao": "1º CIRCUNSCRIÇÃO", "zoneamento": null, "condominio": null, "area_geom": 447.68, "cnm": null }, "geometry": { "type": "Polygon", "coordinates": [ [ [ -54.621144, -22.136856 ], [ -54.621231, -22.136759 ], [ -54.621469, -22.136944 ], [ -54.621382, -22.137041 ], [ -54.621144, -22.136856 ] ] ] } },
{ "type": "Feature", "properties": { "id": 102359, "insc_imob": "07.01.24.11.950", "quadra_cartorio": "08", "lote_cartorio": "03", "matricula": null, "circunscricao": "1º CIRCUNSCRIÇÃO", "zoneamento": null, "condominio": null, "area_geom": 3447.68, "cnm": null }, "geometry": { "type": "Polygon", "coordinates": [ [ [ -54.636488, -22.140419 ], [ -54.637202, -22.139623 ], [ -54.637425, -22.139796 ], [ -54.636897, -22.140385 ], [ -54.636711, -22.140593 ], [ -54.636488, -22.140419 ] ] ] } },
{ "type": "Feature", "properties": { "id": 102476, "insc_imob": "07.01.24.05.609", "quadra_cartorio": "05", "lote_cartorio": "09", "matricula": null, "circunscricao": "1º CIRCUNSCRIÇÃO", "zoneamento": null, "condominio": null, "area_geom": 2498.31, "cnm": null }, "geometry": { "type": "Polygon", "coordinates": [ [ [ -54.631004, -22.134447 ], [ -54.631626, -22.133754 ], [ -54.631812, -22.133899 ], [ -54.63119, -22.134592 ], [ -54.631004, -22.134447 ] ] ] } },
{ "type": "Feature", "properties": { "id": 102526, "insc_imob": "07.01.24.13.990", "quadra_cartorio": "14", "lote_cartorio": "02", "matricula": null, "circunscricao": "1º CIRCUNSCRIÇÃO", "zoneamento": null, "condominio": null, "area_geom": 4996.58, "cnm": null }, "geometry": { "type": "Polygon", "coordinates": [ [ [ -54.633227, -22.138705 ], [ -54.633537, -22.138359 ], [ -54.634281, -22.138938 ], [ -54.63397, -22.139284 ], [ -54.633227, -22.138705 ] ] ] } },
{ "type": "Feature", "properties": { "id": 102597, "insc_imob": "07.01.25.12.808", "quadra_cartorio": "12", "lote_cartorio": "09", "matricula": null, "circunscricao": "1º CIRCUNSCRIÇÃO", "zoneamento": null, "condominio": null, "area_geom": 1858.77, "cnm": null }, "geometry": { "type": "Polygon", "coordinates": [ [ [ -54.624603, -22.130547 ], [ -54.624989, -22.130118 ], [ -54.625212, -22.130291 ], [ -54.624826, -22.130721 ], [ -54.624603, -22.130547 ] ] ] } },
{ "type": "Feature", "properties": { "id": 102599, "insc_imob": "07.01.25.13.546", "quadra_cartorio": "12A", "lote_cartorio": "03", "matricula": null, "circunscricao": "1º CIRCUNSCRIÇÃO", "zoneamento": null, "condominio": null, "area_geom": 2527.89, "cnm": null }, "geometry": { "type": "Polygon", "coordinates": [ [ [ -54.624824, -22.132413 ], [ -54.625017, -22.132198 ], [ -54.625624, -22.132671 ], [ -54.625431, -22.132885 ], [ -54.624824, -22.132413 ] ] ] } },
{ "type": "Feature", "properties": { "id": 102600, "insc_imob": "07.01.25.13.718", "quadra_cartorio": "12A", "lote_cartorio": "06", "matricula": null, "circunscricao": "1º CIRCUNSCRIÇÃO", "zoneamento": null, "condominio": null, "area_geom": 1858.71, "cnm": null }, "geometry": { "type": "Polygon", "coordinates": [ [ [ -54.624378, -22.132066 ], [ -54.624763, -22.131636 ], [ -54.624986, -22.13181 ], [ -54.624601, -22.13224 ], [ -54.624378, -22.132066 ] ] ] } },
{ "type": "Feature", "properties": { "id": 102601, "insc_imob": "07.01.35.18.184", "quadra_cartorio": "14", "lote_cartorio": "17", "matricula": null, "circunscricao": "1º CIRCUNSCRIÇÃO", "zoneamento": null, "condominio": null, "area_geom": 359.75, "cnm": null }, "geometry": { "type": "Polygon", "coordinates": [ [ [ -54.619318, -22.133585 ], [ -54.619504, -22.133377 ], [ -54.619593, -22.133446 ], [ -54.619407, -22.133654 ], [ -54.619318, -22.133585 ] ] ] } },
{ "type": "Feature", "properties": { "id": 102615, "insc_imob": "07.01.35.18.264", "quadra_cartorio": "14", "lote_cartorio": "21", "matricula": null, "circunscricao": "1º CIRCUNSCRIÇÃO", "zoneamento": null, "condominio": null, "area_geom": 517.08, "cnm": null }, "geometry": { "type": "Polygon", "coordinates": [ [ [ -54.619481, -22.133124 ], [ -54.619512, -22.133089 ], [ -54.619544, -22.133055 ], [ -54.619601, -22.133099 ], [ -54.61969, -22.133169 ], [ -54.619928, -22.133354 ], [ -54.619866, -22.133423 ], [ -54.619519, -22.133153 ], [ -54.619481, -22.133124 ] ] ] } },
{ "type": "Feature", "properties": { "id": 102662, "insc_imob": "07.01.36.21.050", "quadra_cartorio": "17", "lote_cartorio": "10", "matricula": null, "circunscricao": "1º CIRCUNSCRIÇÃO", "zoneamento": null, "condominio": null, "area_geom": 494.63, "cnm": null }, "geometry": { "type": "Polygon", "coordinates": [ [ [ -54.618273, -22.132173 ], [ -54.618335, -22.132104 ], [ -54.618703, -22.132391 ], [ -54.618641, -22.13246 ], [ -54.618604, -22.132431 ], [ -54.618273, -22.132173 ] ] ] } },
{ "type": "Feature", "properties": { "id": 102695, "insc_imob": "07.01.46.02.049", "quadra_cartorio": "56 nc", "lote_cartorio": "p/05", "matricula": null, "circunscricao": "1º CIRCUNSCRIÇÃO", "zoneamento": null, "condominio": null, "area_geom": 359.73, "cnm": null }, "geometry": { "type": "Polygon", "coordinates": [ [ [ -54.614932, -22.134992 ], [ -54.615156, -22.134742 ], [ -54.61523, -22.1348 ], [ -54.615006, -22.13505 ], [ -54.614932, -22.134992 ] ] ] } },
{ "type": "Feature", "properties": { "id": 102717, "insc_imob": "07.01.35.26.144", "quadra_cartorio": "10", "lote_cartorio": "05", "matricula": null, "circunscricao": "1º CIRCUNSCRIÇÃO", "zoneamento": null, "condominio": null, "area_geom": 359.9, "cnm": null }, "geometry": { "type": "Polygon", "coordinates": [ [ [ -54.618925, -22.134642 ], [ -54.619018, -22.134538 ], [ -54.619108, -22.134607 ], [ -54.619197, -22.134677 ], [ -54.619104, -22.134781 ], [ -54.618925, -22.134642 ] ] ] } },
{ "type": "Feature", "properties": { "id": 102881, "insc_imob": "07.01.24.16.728", "quadra_cartorio": "10", "lote_cartorio": "06", "matricula": null, "circunscricao": "1º CIRCUNSCRIÇÃO", "zoneamento": null, "condominio": null, "area_geom": 1858.71, "cnm": null }, "geometry": { "type": "Polygon", "coordinates": [ [ [ -54.629466, -22.134332 ], [ -54.629851, -22.133902 ], [ -54.630074, -22.134076 ], [ -54.629689, -22.134506 ], [ -54.629466, -22.134332 ] ] ] } },
{ "type": "Feature", "properties": { "id": 102889, "insc_imob": "07.01.46.02.265", "quadra_cartorio": "56 NC", "lote_cartorio": "P/05", "matricula": null, "circunscricao": "1º CIRCUNSCRIÇÃO", "zoneamento": null, "condominio": null, "area_geom": 2194.97, "cnm": null }, "geometry": { "type": "Polygon", "coordinates": [ [ [ -54.614397, -22.135334 ], [ -54.614596, -22.135113 ], [ -54.614808, -22.135271 ], [ -54.615106, -22.135488 ], [ -54.614896, -22.135722 ], [ -54.614397, -22.135334 ] ] ] } },
{ "type": "Feature", "properties": { "id": 103424, "insc_imob": "07.01.25.13.062", "quadra_cartorio": "12A", "lote_cartorio": "12", "matricula": null, "circunscricao": "1º CIRCUNSCRIÇÃO", "zoneamento": null, "condominio": null, "area_geom": 2478.27, "cnm": null }, "geometry": { "type": "Polygon", "coordinates": [ [ [ -54.622965, -22.130966 ], [ -54.62335, -22.130537 ], [ -54.623648, -22.130768 ], [ -54.623263, -22.131198 ], [ -54.622965, -22.130966 ] ] ] } },
{ "type": "Feature", "properties": { "id": 104190, "insc_imob": "07.01.24.04.133", "quadra_cartorio": "04", "lote_cartorio": "04", "matricula": null, "circunscricao": "1º CIRCUNSCRIÇÃO", "zoneamento": null, "condominio": null, "area_geom": 5021.58, "cnm": null }, "geometry": { "type": "Polygon", "coordinates": [ [ [ -54.632774, -22.133459 ], [ -54.632982, -22.133227 ], [ -54.634097, -22.134095 ], [ -54.633889, -22.134328 ], [ -54.632774, -22.133459 ] ] ] } },
{ "type": "Feature", "properties": { "id": 104204, "insc_imob": "07.01.24.05.200", "quadra_cartorio": "05", "lote_cartorio": "20", "matricula": null, "circunscricao": "1º CIRCUNSCRIÇÃO", "zoneamento": null, "condominio": null, "area_geom": 5021.58, "cnm": null }, "geometry": { "type": "Polygon", "coordinates": [ [ [ -54.629978, -22.132072 ], [ -54.630186, -22.131839 ], [ -54.631301, -22.132708 ], [ -54.631093, -22.13294 ], [ -54.629978, -22.132072 ] ] ] } },
{ "type": "Feature", "properties": { "id": 104205, "insc_imob": "07.01.24.16.758", "quadra_cartorio": "10", "lote_cartorio": "07", "matricula": null, "circunscricao": "1º CIRCUNSCRIÇÃO", "zoneamento": null, "condominio": null, "area_geom": 1858.71, "cnm": null }, "geometry": { "type": "Polygon", "coordinates": [ [ [ -54.629436, -22.133944 ], [ -54.629628, -22.133729 ], [ -54.629851, -22.133902 ], [ -54.629466, -22.134332 ], [ -54.629243, -22.134158 ], [ -54.629436, -22.133944 ] ] ] } },
{ "type": "Feature", "properties": { "id": 104206, "insc_imob": "07.01.24.17.034", "quadra_cartorio": "10A", "lote_cartorio": "07", "matricula": null, "circunscricao": "1º CIRCUNSCRIÇÃO", "zoneamento": null, "condominio": null, "area_geom": 3878.58, "cnm": null }, "geometry": { "type": "Polygon", "coordinates": [ [ [ -54.62785, -22.134445 ], [ -54.628064, -22.134206 ], [ -54.628901, -22.134857 ], [ -54.628687, -22.135096 ], [ -54.62785, -22.134445 ] ] ] } },
{ "type": "Feature", "properties": { "id": 104221, "insc_imob": "07.01.25.12.688", "quadra_cartorio": "12", "lote_cartorio": "05", "matricula": null, "circunscricao": "1º CIRCUNSCRIÇÃO", "zoneamento": null, "condominio": null, "area_geom": 1858.74, "cnm": null }, "geometry": { "type": "Polygon", "coordinates": [ [ [ -54.625496, -22.131242 ], [ -54.625881, -22.130812 ], [ -54.626104, -22.130986 ], [ -54.625911, -22.131201 ], [ -54.625719, -22.131416 ], [ -54.625496, -22.131242 ] ] ] } },
{ "type": "Feature", "properties": { "id": 104252, "insc_imob": "07.01.35.26.132", "quadra_cartorio": "10", "lote_cartorio": "06", "matricula": null, "circunscricao": "1º CIRCUNSCRIÇÃO", "zoneamento": null, "condominio": null, "area_geom": 359.69, "cnm": null }, "geometry": { "type": "Polygon", "coordinates": [ [ [ -54.618832, -22.134746 ], [ -54.618925, -22.134642 ], [ -54.619104, -22.134781 ], [ -54.61901, -22.134885 ], [ -54.618832, -22.134746 ] ] ] } },
{ "type": "Feature", "properties": { "id": 104380, "insc_imob": "07.01.24.03.686", "quadra_cartorio": "03", "lote_cartorio": "02", "matricula": null, "circunscricao": "1º CIRCUNSCRIÇÃO", "zoneamento": null, "condominio": null, "area_geom": 2498.35, "cnm": null }, "geometry": { "type": "Polygon", "coordinates": [ [ [ -54.636208, -22.13538 ], [ -54.636364, -22.135206 ], [ -54.637107, -22.135785 ], [ -54.636952, -22.135958 ], [ -54.636208, -22.13538 ] ] ] } },
{ "type": "Feature", "properties": { "id": 104711, "insc_imob": "07.01.24.17.330", "quadra_cartorio": "10A", "lote_cartorio": "12", "matricula": null, "circunscricao": "1º CIRCUNSCRIÇÃO", "zoneamento": null, "condominio": null, "area_geom": 1936.19, "cnm": null }, "geometry": { "type": "Polygon", "coordinates": [ [ [ -54.628595, -22.136077 ], [ -54.628981, -22.135648 ], [ -54.629213, -22.135829 ], [ -54.628828, -22.136258 ], [ -54.628595, -22.136077 ] ] ] } },
{ "type": "Feature", "properties": { "id": 104713, "insc_imob": "07.01.35.33.132", "quadra_cartorio": "07", "lote_cartorio": "19", "matricula": null, "circunscricao": "1º CIRCUNSCRIÇÃO", "zoneamento": null, "condominio": null, "area_geom": 447.68, "cnm": null }, "geometry": { "type": "Polygon", "coordinates": [ [ [ -54.620609, -22.137452 ], [ -54.620696, -22.137355 ], [ -54.620934, -22.13754 ], [ -54.620847, -22.137637 ], [ -54.620609, -22.137452 ] ] ] } },
{ "type": "Feature", "properties": { "id": 104714, "insc_imob": "07.01.35.33.360", "quadra_cartorio": "07", "lote_cartorio": "11", "matricula": null, "circunscricao": "1º CIRCUNSCRIÇÃO", "zoneamento": null, "condominio": null, "area_geom": 599.6, "cnm": null }, "geometry": { "type": "Polygon", "coordinates": [ [ [ -54.621382, -22.137041 ], [ -54.621469, -22.136944 ], [ -54.621558, -22.137013 ], [ -54.621247, -22.13736 ], [ -54.621158, -22.13729 ], [ -54.621233, -22.137207 ], [ -54.621307, -22.137124 ], [ -54.621382, -22.137041 ] ] ] } },
{ "type": "Feature", "properties": { "id": 104716, "insc_imob": "07.01.46.06.370", "quadra_cartorio": "56 NC", "lote_cartorio": "P/07", "matricula": null, "circunscricao": "1º CIRCUNSCRIÇÃO", "zoneamento": null, "condominio": null, "area_geom": 335.12, "cnm": null }, "geometry": { "type": "Polygon", "coordinates": [ [ [ -54.612324, -22.133025 ], [ -54.612403, -22.132939 ], [ -54.612496, -22.133012 ], [ -54.612602, -22.133094 ], [ -54.612524, -22.133181 ], [ -54.612324, -22.133025 ] ] ] } },
{ "type": "Feature", "properties": { "id": 104803, "insc_imob": "07.01.35.18.124", "quadra_cartorio": "14", "lote_cartorio": "12", "matricula": null, "circunscricao": "1º CIRCUNSCRIÇÃO", "zoneamento": null, "condominio": null, "area_geom": 359.74, "cnm": null }, "geometry": { "type": "Polygon", "coordinates": [ [ [ -54.618871, -22.133237 ], [ -54.619058, -22.133029 ], [ -54.619147, -22.133099 ], [ -54.618961, -22.133307 ], [ -54.618871, -22.133237 ] ] ] } },
{ "type": "Feature", "properties": { "id": 104864, "insc_imob": "07.01.25.12.838", "quadra_cartorio": "12", "lote_cartorio": "10", "matricula": null, "circunscricao": "1º CIRCUNSCRIÇÃO", "zoneamento": null, "condominio": null, "area_geom": 1858.68, "cnm": null }, "geometry": { "type": "Polygon", "coordinates": [ [ [ -54.62438, -22.130374 ], [ -54.624765, -22.129944 ], [ -54.624989, -22.130118 ], [ -54.624603, -22.130547 ], [ -54.62438, -22.130374 ] ] ] } },
{ "type": "Feature", "properties": { "id": 104866, "insc_imob": "07.01.35.33.026", "quadra_cartorio": "07", "lote_cartorio": "13", "matricula": null, "circunscricao": "1º CIRCUNSCRIÇÃO", "zoneamento": null, "condominio": null, "area_geom": 383.74, "cnm": null }, "geometry": { "type": "Polygon", "coordinates": [ [ [ -54.621069, -22.136939 ], [ -54.621144, -22.136856 ], [ -54.621382, -22.137041 ], [ -54.621307, -22.137124 ], [ -54.621069, -22.136939 ] ] ] } },
{ "type": "Feature", "properties": { "id": 105014, "insc_imob": "07.01.24.04.959", "quadra_cartorio": "04", "lote_cartorio": "25", "matricula": null, "circunscricao": "1º CIRCUNSCRIÇÃO", "zoneamento": null, "condominio": null, "area_geom": 2802.01, "cnm": null }, "geometry": { "type": "Polygon", "coordinates": [ [ [ -54.634006, -22.135606 ], [ -54.634942, -22.135528 ], [ -54.634972, -22.135846 ], [ -54.634377, -22.135896 ], [ -54.634191, -22.135751 ], [ -54.634006, -22.135606 ] ] ] } },
{ "type": "Feature", "properties": { "id": 105017, "insc_imob": "07.01.35.33.322", "quadra_cartorio": "07", "lote_cartorio": "08", "matricula": null, "circunscricao": "1º CIRCUNSCRIÇÃO", "zoneamento": null, "condominio": null, "area_geom": 447.68, "cnm": null }, "geometry": { "type": "Polygon", "coordinates": [ [ [ -54.621649, -22.137249 ], [ -54.621736, -22.137152 ], [ -54.621974, -22.137337 ], [ -54.621887, -22.137434 ], [ -54.621649, -22.137249 ] ] ] } },
{ "type": "Feature", "properties": { "id": 105050, "insc_imob": "07.01.24.01.850", "quadra_cartorio": "01", "lote_cartorio": "20", "matricula": null, "circunscricao": "1º CIRCUNSCRIÇÃO", "zoneamento": null, "condominio": null, "area_geom": 2498.41, "cnm": null }, "geometry": { "type": "Polygon", "coordinates": [ [ [ -54.637946, -22.139849 ], [ -54.638567, -22.139156 ], [ -54.638753, -22.139301 ], [ -54.638132, -22.139994 ], [ -54.637946, -22.139849 ] ] ] } },
{ "type": "Feature", "properties": { "id": 105051, "insc_imob": "07.01.24.21.835", "quadra_cartorio": "15", "lote_cartorio": "13", "matricula": null, "circunscricao": "1º CIRCUNSCRIÇÃO", "zoneamento": null, "condominio": null, "area_geom": 4912.9, "cnm": null }, "geometry": { "type": "Polygon", "coordinates": [ [ [ -54.630881, -22.143152 ], [ -54.631187, -22.142811 ], [ -54.631931, -22.14339 ], [ -54.631625, -22.14373 ], [ -54.630881, -22.143152 ] ] ] } },
{ "type": "Feature", "properties": { "id": 105052, "insc_imob": "07.01.25.12.658", "quadra_cartorio": "12", "lote_cartorio": "04", "matricula": null, "circunscricao": "1º CIRCUNSCRIÇÃO", "zoneamento": null, "condominio": null, "area_geom": 2527.9, "cnm": null }, "geometry": { "type": "Polygon", "coordinates": [ [ [ -54.625911, -22.131201 ], [ -54.626104, -22.130986 ], [ -54.626711, -22.131458 ], [ -54.626518, -22.131673 ], [ -54.625911, -22.131201 ] ] ] } },
{ "type": "Feature", "properties": { "id": 105053, "insc_imob": "07.01.25.12.748", "quadra_cartorio": "12", "lote_cartorio": "07", "matricula": null, "circunscricao": "1º CIRCUNSCRIÇÃO", "zoneamento": null, "condominio": null, "area_geom": 1858.75, "cnm": null }, "geometry": { "type": "Polygon", "coordinates": [ [ [ -54.62505, -22.130895 ], [ -54.625435, -22.130465 ], [ -54.625658, -22.130639 ], [ -54.625273, -22.131068 ], [ -54.62505, -22.130895 ] ] ] } },
{ "type": "Feature", "properties": { "id": 105056, "insc_imob": "07.01.36.11.114", "quadra_cartorio": "12 NC", "lote_cartorio": "02", "matricula": null, "circunscricao": "1º CIRCUNSCRIÇÃO", "zoneamento": null, "condominio": null, "area_geom": 359.72, "cnm": null }, "geometry": { "type": "Polygon", "coordinates": [ [ [ -54.619209, -22.13216 ], [ -54.619395, -22.131952 ], [ -54.619485, -22.132022 ], [ -54.619298, -22.13223 ], [ -54.619209, -22.13216 ] ] ] } },
{ "type": "Feature", "properties": { "id": 105095, "insc_imob": "07.01.24.14.062", "quadra_cartorio": "09", "lote_cartorio": "13", "matricula": null, "circunscricao": "1º CIRCUNSCRIÇÃO", "zoneamento": null, "condominio": null, "area_geom": 1954.79, "cnm": null }, "geometry": { "type": "Polygon", "coordinates": [ [ [ -54.630954, -22.13549 ], [ -54.631339, -22.13506 ], [ -54.631573, -22.135243 ], [ -54.631188, -22.135672 ], [ -54.630954, -22.13549 ] ] ] } },
{ "type": "Feature", "properties": { "id": 105251, "insc_imob": "07.01.24.05.409", "quadra_cartorio": "05", "lote_cartorio": "17", "matricula": null, "circunscricao": "1º CIRCUNSCRIÇÃO", "zoneamento": null, "condominio": null, "area_geom": 2498.23, "cnm": null }, "geometry": { "type": "Polygon", "coordinates": [ [ [ -54.629517, -22.133289 ], [ -54.630138, -22.132597 ], [ -54.630324, -22.132741 ], [ -54.629703, -22.133434 ], [ -54.629517, -22.133289 ] ] ] } },
{ "type": "Feature", "properties": { "id": 105252, "insc_imob": "07.01.24.11.940", "quadra_cartorio": "08", "lote_cartorio": "02", "matricula": null, "circunscricao": "1º CIRCUNSCRIÇÃO", "zoneamento": null, "condominio": null, "area_geom": 5096.55, "cnm": null }, "geometry": { "type": "Polygon", "coordinates": [ [ [ -54.636897, -22.140385 ], [ -54.637425, -22.139796 ], [ -54.637871, -22.140144 ], [ -54.637343, -22.140732 ], [ -54.636897, -22.140385 ] ] ] } },
{ "type": "Feature", "properties": { "id": 105254, "insc_imob": "07.01.36.21.326", "quadra_cartorio": "17", "lote_cartorio": "02", "matricula": null, "circunscricao": "1º CIRCUNSCRIÇÃO", "zoneamento": null, "condominio": null, "area_geom": 359.72, "cnm": null }, "geometry": { "type": "Polygon", "coordinates": [ [ [ -54.618932, -22.132451 ], [ -54.619119, -22.132244 ], [ -54.619208, -22.132313 ], [ -54.619022, -22.132521 ], [ -54.618932, -22.132451 ] ] ] } },
{ "type": "Feature", "properties": { "id": 105255, "insc_imob": "07.01.45.03.340", "quadra_cartorio": "56 NC", "lote_cartorio": "P/04", "matricula": null, "circunscricao": "1º CIRCUNSCRIÇÃO", "zoneamento": null, "condominio": null, "area_geom": 383.49, "cnm": null }, "geometry": { "type": "Polygon", "coordinates": [ [ [ -54.618084, -22.137767 ], [ -54.618086, -22.137764 ], [ -54.618146, -22.137697 ], [ -54.618148, -22.137694 ], [ -54.618423, -22.137908 ], [ -54.618358, -22.13798 ], [ -54.618084, -22.137767 ] ] ] } },
{ "type": "Feature", "properties": { "id": 105349, "insc_imob": "07.01.24.04.066", "quadra_cartorio": "04", "lote_cartorio": "02", "matricula": null, "circunscricao": "1º CIRCUNSCRIÇÃO", "zoneamento": null, "condominio": null, "area_geom": 5021.59, "cnm": null }, "geometry": { "type": "Polygon", "coordinates": [ [ [ -54.63319, -22.132995 ], [ -54.633398, -22.132763 ], [ -54.634514, -22.133631 ], [ -54.634305, -22.133863 ], [ -54.63319, -22.132995 ] ] ] } },
{ "type": "Feature", "properties": { "id": 105350, "insc_imob": "07.01.24.05.459", "quadra_cartorio": "05", "lote_cartorio": "15", "matricula": null, "circunscricao": "1º CIRCUNSCRIÇÃO", "zoneamento": null, "condominio": null, "area_geom": 2498.27, "cnm": null }, "geometry": { "type": "Polygon", "coordinates": [ [ [ -54.629889, -22.133579 ], [ -54.63051, -22.132886 ], [ -54.630696, -22.133031 ], [ -54.630075, -22.133723 ], [ -54.629889, -22.133579 ] ] ] } },
{ "type": "Feature", "properties": { "id": 105413, "insc_imob": "07.01.35.26.156", "quadra_cartorio": "10", "lote_cartorio": "07", "matricula": null, "circunscricao": "1º CIRCUNSCRIÇÃO", "zoneamento": null, "condominio": null, "area_geom": 359.86, "cnm": null }, "geometry": { "type": "Polygon", "coordinates": [ [ [ -54.61901, -22.134885 ], [ -54.619104, -22.134781 ], [ -54.619197, -22.134677 ], [ -54.619286, -22.134746 ], [ -54.6191, -22.134954 ], [ -54.61901, -22.134885 ] ] ] } },
{ "type": "Feature", "properties": { "id": 105499, "insc_imob": "07.01.45.03.165", "quadra_cartorio": "56 NC", "lote_cartorio": null, "matricula": null, "circunscricao": "1º CIRCUNSCRIÇÃO", "zoneamento": null, "condominio": null, "area_geom": 1413.38, "cnm": null }, "geometry": { "type": "Polygon", "coordinates": [ [ [ -54.619105, -22.138257 ], [ -54.619316, -22.138021 ], [ -54.619626, -22.138262 ], [ -54.619414, -22.138498 ], [ -54.619105, -22.138257 ] ] ] } },
{ "type": "Feature", "properties": { "id": 105566, "insc_imob": "07.01.35.18.386", "quadra_cartorio": "14", "lote_cartorio": "05", "matricula": null, "circunscricao": "1º CIRCUNSCRIÇÃO", "zoneamento": null, "condominio": null, "area_geom": 359.73, "cnm": null }, "geometry": { "type": "Polygon", "coordinates": [ [ [ -54.619306, -22.132752 ], [ -54.619493, -22.132544 ], [ -54.619582, -22.132614 ], [ -54.619396, -22.132822 ], [ -54.619306, -22.132752 ] ] ] } },
{ "type": "Feature", "properties": { "id": 105622, "insc_imob": "07.01.24.04.506", "quadra_cartorio": "04", "lote_cartorio": "14", "matricula": null, "circunscricao": "1º CIRCUNSCRIÇÃO", "zoneamento": null, "condominio": null, "area_geom": 2497.27, "cnm": null }, "geometry": { "type": "Polygon", "coordinates": [ [ [ -54.632641, -22.13572 ], [ -54.633262, -22.135028 ], [ -54.633448, -22.135172 ], [ -54.632827, -22.135865 ], [ -54.632641, -22.13572 ] ] ] } },
{ "type": "Feature", "properties": { "id": 105627, "insc_imob": "07.01.35.34.038", "quadra_cartorio": "01", "lote_cartorio": "13", "matricula": null, "circunscricao": "1º CIRCUNSCRIÇÃO", "zoneamento": null, "condominio": null, "area_geom": 455.68, "cnm": null }, "geometry": { "type": "Polygon", "coordinates": [ [ [ -54.620151, -22.136366 ], [ -54.620226, -22.136282 ], [ -54.620508, -22.136502 ], [ -54.620434, -22.136586 ], [ -54.620151, -22.136366 ] ] ] } },
{ "type": "Feature", "properties": { "id": 105739, "insc_imob": "07.01.25.01.979", "quadra_cartorio": "06", "lote_cartorio": "04", "matricula": null, "circunscricao": "1º CIRCUNSCRIÇÃO", "zoneamento": null, "condominio": null, "area_geom": 5021.52, "cnm": null }, "geometry": { "type": "Polygon", "coordinates": [ [ [ -54.62913, -22.130623 ], [ -54.629338, -22.130391 ], [ -54.630453, -22.131259 ], [ -54.630245, -22.131492 ], [ -54.62913, -22.130623 ] ] ] } },
{ "type": "Feature", "properties": { "id": 105744, "insc_imob": "07.01.36.32.304", "quadra_cartorio": "12", "lote_cartorio": "26", "matricula": null, "circunscricao": "1º CIRCUNSCRIÇÃO", "zoneamento": null, "condominio": null, "area_geom": 522.12, "cnm": null }, "geometry": { "type": "Polygon", "coordinates": [ [ [ -54.617192, -22.132517 ], [ -54.61726, -22.132441 ], [ -54.617264, -22.132444 ], [ -54.617353, -22.132513 ], [ -54.617614, -22.132716 ], [ -54.617545, -22.132792 ], [ -54.617192, -22.132517 ] ] ] } },
{ "type": "Feature", "properties": { "id": 105776, "insc_imob": "07.01.24.16.062", "quadra_cartorio": "10", "lote_cartorio": "09", "matricula": null, "circunscricao": "1º CIRCUNSCRIÇÃO", "zoneamento": null, "condominio": null, "area_geom": 2788.06, "cnm": null }, "geometry": { "type": "Polygon", "coordinates": [ [ [ -54.628574, -22.133637 ], [ -54.628766, -22.133423 ], [ -54.629436, -22.133944 ], [ -54.629243, -22.134158 ], [ -54.628574, -22.133637 ] ] ] } },
{ "type": "Feature", "properties": { "id": 105830, "insc_imob": "07.01.24.05.033", "quadra_cartorio": "05", "lote_cartorio": "25", "matricula": null, "circunscricao": "1º CIRCUNSCRIÇÃO", "zoneamento": null, "condominio": null, "area_geom": 5021.56, "cnm": null }, "geometry": { "type": "Polygon", "coordinates": [ [ [ -54.631018, -22.130911 ], [ -54.631226, -22.130679 ], [ -54.632342, -22.131547 ], [ -54.632134, -22.131779 ], [ -54.631018, -22.130911 ] ] ] } },
{ "type": "Feature", "properties": { "id": 105893, "insc_imob": "07.01.45.06.034", "quadra_cartorio": "56 NC", "lote_cartorio": "P/05", "matricula": null, "circunscricao": "1º CIRCUNSCRIÇÃO", "zoneamento": null, "condominio": null, "area_geom": 330.32, "cnm": null }, "geometry": { "type": "Polygon", "coordinates": [ [ [ -54.617802, -22.137254 ], [ -54.617894, -22.137151 ], [ -54.618058, -22.137278 ], [ -54.618004, -22.137341 ], [ -54.617968, -22.137383 ], [ -54.617802, -22.137254 ] ] ] } },
{ "type": "Feature", "properties": { "id": 106016, "insc_imob": "07.01.35.18.334", "quadra_cartorio": "14", "lote_cartorio": "01", "matricula": null, "circunscricao": "1º CIRCUNSCRIÇÃO", "zoneamento": null, "condominio": null, "area_geom": 520.04, "cnm": null }, "geometry": { "type": "Polygon", "coordinates": [ [ [ -54.619663, -22.13303 ], [ -54.61985, -22.132822 ], [ -54.619954, -22.132903 ], [ -54.619952, -22.132906 ], [ -54.619914, -22.132943 ], [ -54.619822, -22.133036 ], [ -54.619756, -22.133102 ], [ -54.61969, -22.133169 ], [ -54.619601, -22.133099 ], [ -54.619663, -22.13303 ] ] ] } },
{ "type": "Feature", "properties": { "id": 106100, "insc_imob": "07.01.36.53.350", "quadra_cartorio": "02", "lote_cartorio": "13", "matricula": null, "circunscricao": "1º CIRCUNSCRIÇÃO", "zoneamento": null, "condominio": null, "area_geom": 499.64, "cnm": null }, "geometry": { "type": "Polygon", "coordinates": [ [ [ -54.613236, -22.131081 ], [ -54.613546, -22.130735 ], [ -54.613621, -22.130793 ], [ -54.61331, -22.131139 ], [ -54.613236, -22.131081 ] ] ] } },
{ "type": "Feature", "properties": { "id": 106335, "insc_imob": "07.01.24.13.700", "quadra_cartorio": "14", "lote_cartorio": "08", "matricula": null, "circunscricao": "1º CIRCUNSCRIÇÃO", "zoneamento": null, "condominio": null, "area_geom": 6157.31, "cnm": null }, "geometry": { "type": "Polygon", "coordinates": [ [ [ -54.631588, -22.140533 ], [ -54.631674, -22.140437 ], [ -54.632417, -22.141016 ], [ -54.631858, -22.14164 ], [ -54.631823, -22.141625 ], [ -54.631758, -22.141605 ], [ -54.631691, -22.141591 ], [ -54.631588, -22.140533 ] ] ] } },
{ "type": "Feature", "properties": { "id": 106336, "insc_imob": "07.01.36.41.079", "quadra_cartorio": "12 NC", "lote_cartorio": "P/03", "matricula": null, "circunscricao": "1º CIRCUNSCRIÇÃO", "zoneamento": null, "condominio": null, "area_geom": 239.83, "cnm": null }, "geometry": { "type": "Polygon", "coordinates": [ [ [ -54.614136, -22.132118 ], [ -54.614198, -22.132048 ], [ -54.614377, -22.132187 ], [ -54.614315, -22.132257 ], [ -54.614136, -22.132118 ] ] ] } },
{ "type": "Feature", "properties": { "id": 106940, "insc_imob": "07.01.24.01.296", "quadra_cartorio": "01", "lote_cartorio": "08", "matricula": null, "circunscricao": "1º CIRCUNSCRIÇÃO", "zoneamento": null, "condominio": null, "area_geom": 2548.27, "cnm": null }, "geometry": { "type": "Polygon", "coordinates": [ [ [ -54.638113, -22.137888 ], [ -54.638402, -22.137864 ], [ -54.638489, -22.138763 ], [ -54.638369, -22.138669 ], [ -54.638174, -22.138517 ], [ -54.638113, -22.137888 ] ] ] } },
{ "type": "Feature", "properties": { "id": 106941, "insc_imob": "07.01.24.04.431", "quadra_cartorio": "04", "lote_cartorio": "11", "matricula": null, "circunscricao": "1º CIRCUNSCRIÇÃO", "zoneamento": null, "condominio": null, "area_geom": 2498.33, "cnm": null }, "geometry": { "type": "Polygon", "coordinates": [ [ [ -54.632083, -22.135286 ], [ -54.632704, -22.134593 ], [ -54.63289, -22.134738 ], [ -54.632269, -22.135431 ], [ -54.632083, -22.135286 ] ] ] } },
{ "type": "Feature", "properties": { "id": 108078, "insc_imob": "07.01.25.01.708", "quadra_cartorio": "06", "lote_cartorio": "08", "matricula": null, "circunscricao": "1º CIRCUNSCRIÇÃO", "zoneamento": null, "condominio": null, "area_geom": 5021.58, "cnm": null }, "geometry": { "type": "Polygon", "coordinates": [ [ [ -54.628439, -22.13245 ], [ -54.629271, -22.131522 ], [ -54.62955, -22.131739 ], [ -54.628718, -22.132667 ], [ -54.628439, -22.13245 ] ] ] } },
{ "type": "Feature", "properties": { "id": 108729, "insc_imob": "07.01.24.12.343", "quadra_cartorio": "13", "lote_cartorio": "06", "matricula": null, "circunscricao": "1º CIRCUNSCRIÇÃO", "zoneamento": null, "condominio": null, "area_geom": 4997.82, "cnm": null }, "geometry": { "type": "Polygon", "coordinates": [ [ [ -54.632951, -22.140843 ], [ -54.633262, -22.140497 ], [ -54.634006, -22.141076 ], [ -54.633695, -22.141422 ], [ -54.632951, -22.140843 ] ] ] } },
{ "type": "Feature", "properties": { "id": 108730, "insc_imob": "07.01.24.12.393", "quadra_cartorio": "13", "lote_cartorio": "07", "matricula": null, "circunscricao": "1º CIRCUNSCRIÇÃO", "zoneamento": null, "condominio": null, "area_geom": 4997.8, "cnm": null }, "geometry": { "type": "Polygon", "coordinates": [ [ [ -54.63264, -22.14119 ], [ -54.632951, -22.140843 ], [ -54.633695, -22.141422 ], [ -54.633384, -22.141769 ], [ -54.63264, -22.14119 ] ] ] } },
{ "type": "Feature", "properties": { "id": 108742, "insc_imob": "07.01.24.12.735", "quadra_cartorio": "13", "lote_cartorio": "09", "matricula": null, "circunscricao": "1º CIRCUNSCRIÇÃO", "zoneamento": null, "condominio": null, "area_geom": 6700.27, "cnm": null }, "geometry": { "type": "Polygon", "coordinates": [ [ [ -54.634006, -22.141076 ], [ -54.634316, -22.140729 ], [ -54.634416, -22.141771 ], [ -54.633299, -22.141864 ], [ -54.633384, -22.141769 ], [ -54.633695, -22.141422 ], [ -54.634006, -22.141076 ] ] ] } },
{ "type": "Feature", "properties": { "id": 109322, "insc_imob": "07.01.24.11.980", "quadra_cartorio": "08", "lote_cartorio": "06", "matricula": null, "circunscricao": "1º CIRCUNSCRIÇÃO", "zoneamento": null, "condominio": null, "area_geom": 3447.68, "cnm": null }, "geometry": { "type": "Polygon", "coordinates": [ [ [ -54.635818, -22.139899 ], [ -54.636533, -22.139102 ], [ -54.636756, -22.139275 ], [ -54.636041, -22.140072 ], [ -54.635818, -22.139899 ] ] ] } },
{ "type": "Feature", "properties": { "id": 110603, "insc_imob": "07.01.24.12.987", "quadra_cartorio": "13", "lote_cartorio": "15", "matricula": null, "circunscricao": "1º CIRCUNSCRIÇÃO", "zoneamento": null, "condominio": null, "area_geom": 3233.73, "cnm": null }, "geometry": { "type": "Polygon", "coordinates": [ [ [ -54.635248, -22.13969 ], [ -54.635333, -22.139595 ], [ -54.635403, -22.140318 ], [ -54.634627, -22.140383 ], [ -54.634937, -22.140037 ], [ -54.635248, -22.13969 ] ] ] } },
{ "type": "Feature", "properties": { "id": 110963, "insc_imob": "07.01.24.31.198", "quadra_cartorio": "16", "lote_cartorio": "04", "matricula": null, "circunscricao": "1º CIRCUNSCRIÇÃO", "zoneamento": null, "condominio": null, "area_geom": 4215.92, "cnm": null }, "geometry": { "type": "Polygon", "coordinates": [ [ [ -54.633291, -22.144131 ], [ -54.633592, -22.144106 ], [ -54.633709, -22.145319 ], [ -54.633408, -22.145345 ], [ -54.633291, -22.144131 ] ] ] } },
{ "type": "Feature", "properties": { "id": 110964, "insc_imob": "07.01.24.31.229", "quadra_cartorio": "16", "lote_cartorio": "05", "matricula": null, "circunscricao": "1º CIRCUNSCRIÇÃO", "zoneamento": null, "condominio": null, "area_geom": 4215.89, "cnm": null }, "geometry": { "type": "Polygon", "coordinates": [ [ [ -54.632989, -22.144156 ], [ -54.633291, -22.144131 ], [ -54.633408, -22.145345 ], [ -54.633106, -22.14537 ], [ -54.632989, -22.144156 ] ] ] } },
{ "type": "Feature", "properties": { "id": 110965, "insc_imob": "07.01.24.31.453", "quadra_cartorio": "16", "lote_cartorio": "12", "matricula": null, "circunscricao": "1º CIRCUNSCRIÇÃO", "zoneamento": null, "condominio": null, "area_geom": 5059.06, "cnm": null }, "geometry": { "type": "Polygon", "coordinates": [ [ [ -54.630825, -22.144337 ], [ -54.631187, -22.144307 ], [ -54.631303, -22.14552 ], [ -54.630941, -22.145551 ], [ -54.630825, -22.144337 ] ] ] } },
{ "type": "Feature", "properties": { "id": 111449, "insc_imob": "07.01.24.17.610", "quadra_cartorio": "10A", "lote_cartorio": "02", "matricula": null, "circunscricao": "1º CIRCUNSCRIÇÃO", "zoneamento": null, "condominio": null, "area_geom": 1936.15, "cnm": null }, "geometry": { "type": "Polygon", "coordinates": [ [ [ -54.629445, -22.13601 ], [ -54.629831, -22.13558 ], [ -54.630063, -22.135761 ], [ -54.629678, -22.136191 ], [ -54.629445, -22.13601 ] ] ] } },
{ "type": "Feature", "properties": { "id": 111509, "insc_imob": "07.01.25.01.175", "quadra_cartorio": "07", "lote_cartorio": "05", "matricula": null, "circunscricao": "1º CIRCUNSCRIÇÃO", "zoneamento": null, "condominio": null, "area_geom": 3700.47, "cnm": null }, "geometry": { "type": "Polygon", "coordinates": [ [ [ -54.625425, -22.128223 ], [ -54.625643, -22.12798 ], [ -54.626429, -22.128592 ], [ -54.626212, -22.128835 ], [ -54.625425, -22.128223 ] ] ] } },
{ "type": "Feature", "properties": { "id": 111678, "insc_imob": "07.01.35.37.377", "quadra_cartorio": "07", "lote_cartorio": "05", "matricula": null, "circunscricao": "1º CIRCUNSCRIÇÃO", "zoneamento": null, "condominio": null, "area_geom": 428.45, "cnm": null }, "geometry": { "type": "Polygon", "coordinates": [ [ [ -54.618061, -22.134428 ], [ -54.618151, -22.134328 ], [ -54.618242, -22.134399 ], [ -54.618025, -22.134641 ], [ -54.617934, -22.13457 ], [ -54.617986, -22.134511 ], [ -54.618061, -22.134428 ] ] ] } },
{ "type": "Feature", "properties": { "id": 111698, "insc_imob": "07.01.35.45.035", "quadra_cartorio": "04", "lote_cartorio": "P/17", "matricula": null, "circunscricao": "1º CIRCUNSCRIÇÃO", "zoneamento": null, "condominio": null, "area_geom": 204.85, "cnm": null }, "geometry": { "type": "Polygon", "coordinates": [ [ [ -54.618784, -22.136447 ], [ -54.618846, -22.136378 ], [ -54.618999, -22.136496 ], [ -54.618936, -22.136566 ], [ -54.618784, -22.136447 ] ] ] } },
{ "type": "Feature", "properties": { "id": 111699, "insc_imob": "07.01.35.45.241", "quadra_cartorio": "04", "lote_cartorio": "09", "matricula": null, "circunscricao": "1º CIRCUNSCRIÇÃO", "zoneamento": null, "condominio": null, "area_geom": 554.64, "cnm": null }, "geometry": { "type": "Polygon", "coordinates": [ [ [ -54.619016, -22.136839 ], [ -54.619022, -22.136832 ], [ -54.619366, -22.1371 ], [ -54.619292, -22.137183 ], [ -54.618948, -22.136916 ], [ -54.618954, -22.136909 ], [ -54.619016, -22.136839 ] ] ] } },
{ "type": "Feature", "properties": { "id": 111715, "insc_imob": "07.01.36.31.090", "quadra_cartorio": "12", "lote_cartorio": "13", "matricula": null, "circunscricao": "1º CIRCUNSCRIÇÃO", "zoneamento": null, "condominio": null, "area_geom": 590.56, "cnm": null }, "geometry": { "type": "Polygon", "coordinates": [ [ [ -54.617319, -22.133214 ], [ -54.617394, -22.133131 ], [ -54.617762, -22.133418 ], [ -54.617688, -22.1335 ], [ -54.617676, -22.133492 ], [ -54.617587, -22.133422 ], [ -54.617498, -22.133353 ], [ -54.617409, -22.133283 ], [ -54.617319, -22.133214 ] ] ] } },
{ "type": "Feature", "properties": { "id": 111717, "insc_imob": "07.01.36.31.297", "quadra_cartorio": "12", "lote_cartorio": "25", "matricula": null, "circunscricao": "1º CIRCUNSCRIÇÃO", "zoneamento": null, "condominio": null, "area_geom": 589.15, "cnm": null }, "geometry": { "type": "Polygon", "coordinates": [ [ [ -54.61791, -22.133252 ], [ -54.617984, -22.13317 ], [ -54.618352, -22.133456 ], [ -54.618278, -22.133539 ], [ -54.61791, -22.133252 ] ] ] } },
{ "type": "Feature", "properties": { "id": 111718, "insc_imob": "07.01.36.31.366", "quadra_cartorio": "12", "lote_cartorio": "02", "matricula": null, "circunscricao": "1º CIRCUNSCRIÇÃO", "zoneamento": null, "condominio": null, "area_geom": 359.73, "cnm": null }, "geometry": { "type": "Polygon", "coordinates": [ [ [ -54.618225, -22.133218 ], [ -54.618411, -22.13301 ], [ -54.618501, -22.133079 ], [ -54.618314, -22.133287 ], [ -54.618225, -22.133218 ] ] ] } },
{ "type": "Feature", "properties": { "id": 114152, "insc_imob": "07.01.24.12.967", "quadra_cartorio": "13", "lote_cartorio": "13", "matricula": null, "circunscricao": "1º CIRCUNSCRIÇÃO", "zoneamento": null, "condominio": null, "area_geom": 3350.08, "cnm": null }, "geometry": { "type": "Polygon", "coordinates": [ [ [ -54.635154, -22.140659 ], [ -54.635434, -22.140636 ], [ -54.635534, -22.141677 ], [ -54.635255, -22.1417 ], [ -54.635154, -22.140659 ] ] ] } },
{ "type": "Feature", "properties": { "id": 114508, "insc_imob": "07.01.25.01.365", "quadra_cartorio": "07", "lote_cartorio": "08", "matricula": null, "circunscricao": "1º CIRCUNSCRIÇÃO", "zoneamento": null, "condominio": null, "area_geom": 2770.07, "cnm": null }, "geometry": { "type": "Polygon", "coordinates": [ [ [ -54.624431, -22.129331 ], [ -54.62499, -22.128708 ], [ -54.625219, -22.128886 ], [ -54.62466, -22.129509 ], [ -54.624431, -22.129331 ] ] ] } },
{ "type": "Feature", "properties": { "id": 114509, "insc_imob": "07.01.25.01.390", "quadra_cartorio": "07", "lote_cartorio": "09", "matricula": null, "circunscricao": "1º CIRCUNSCRIÇÃO", "zoneamento": null, "condominio": null, "area_geom": 2248.4, "cnm": null }, "geometry": { "type": "Polygon", "coordinates": [ [ [ -54.62466, -22.129509 ], [ -54.625219, -22.128886 ], [ -54.625405, -22.129031 ], [ -54.624846, -22.129654 ], [ -54.62466, -22.129509 ] ] ] } },
{ "type": "Feature", "properties": { "id": 114518, "insc_imob": "07.01.25.01.415", "quadra_cartorio": "07", "lote_cartorio": "10", "matricula": null, "circunscricao": "1º CIRCUNSCRIÇÃO", "zoneamento": null, "condominio": null, "area_geom": 2248.42, "cnm": null }, "geometry": { "type": "Polygon", "coordinates": [ [ [ -54.624846, -22.129654 ], [ -54.625405, -22.129031 ], [ -54.625591, -22.129175 ], [ -54.625032, -22.129799 ], [ -54.624846, -22.129654 ] ] ] } },
{ "type": "Feature", "properties": { "id": 114519, "insc_imob": "07.01.25.01.490", "quadra_cartorio": "07", "lote_cartorio": "13", "matricula": null, "circunscricao": "1º CIRCUNSCRIÇÃO", "zoneamento": null, "condominio": null, "area_geom": 2248.45, "cnm": null }, "geometry": { "type": "Polygon", "coordinates": [ [ [ -54.625404, -22.130088 ], [ -54.625963, -22.129465 ], [ -54.626149, -22.129609 ], [ -54.62559, -22.130233 ], [ -54.625404, -22.130088 ] ] ] } },
{ "type": "Feature", "properties": { "id": 114520, "insc_imob": "07.01.25.01.515", "quadra_cartorio": "07", "lote_cartorio": "14", "matricula": null, "circunscricao": "1º CIRCUNSCRIÇÃO", "zoneamento": null, "condominio": null, "area_geom": 2248.45, "cnm": null }, "geometry": { "type": "Polygon", "coordinates": [ [ [ -54.62559, -22.130233 ], [ -54.626149, -22.129609 ], [ -54.626335, -22.129754 ], [ -54.625776, -22.130378 ], [ -54.62559, -22.130233 ] ] ] } },
{ "type": "Feature", "properties": { "id": 114521, "insc_imob": "07.01.25.01.565", "quadra_cartorio": "07", "lote_cartorio": "16", "matricula": null, "circunscricao": "1º CIRCUNSCRIÇÃO", "zoneamento": null, "condominio": null, "area_geom": 2248.46, "cnm": null }, "geometry": { "type": "Polygon", "coordinates": [ [ [ -54.625962, -22.130522 ], [ -54.626521, -22.129899 ], [ -54.626707, -22.130043 ], [ -54.626148, -22.130667 ], [ -54.625962, -22.130522 ] ] ] } },
{ "type": "Feature", "properties": { "id": 114522, "insc_imob": "07.01.25.01.596", "quadra_cartorio": "06A", "lote_cartorio": null, "matricula": null, "circunscricao": "1º CIRCUNSCRIÇÃO", "zoneamento": null, "condominio": null, "area_geom": 99573.91, "cnm": null }, "geometry": { "type": "Polygon", "coordinates": [ [ [ -54.627082, -22.127865 ], [ -54.627299, -22.127623 ], [ -54.629962, -22.129695 ], [ -54.629754, -22.129927 ], [ -54.629546, -22.130159 ], [ -54.629338, -22.130391 ], [ -54.62913, -22.130623 ], [ -54.628922, -22.130856 ], [ -54.628713, -22.131088 ], [ -54.627881, -22.132016 ], [ -54.626897, -22.13125 ], [ -54.627456, -22.130627 ], [ -54.627264, -22.130478 ], [ -54.627078, -22.130333 ], [ -54.626893, -22.130188 ], [ -54.626707, -22.130043 ], [ -54.626521, -22.129899 ], [ -54.626335, -22.129754 ], [ -54.626149, -22.129609 ], [ -54.625963, -22.129465 ], [ -54.625777, -22.12932 ], [ -54.625995, -22.129077 ], [ -54.626212, -22.128835 ], [ -54.626429, -22.128592 ], [ -54.626647, -22.12835 ], [ -54.626864, -22.128107 ], [ -54.627082, -22.127865 ] ] ] } },
{ "type": "Feature", "properties": { "id": 114523, "insc_imob": "07.01.25.01.615", "quadra_cartorio": "07", "lote_cartorio": "18", "matricula": null, "circunscricao": "1º CIRCUNSCRIÇÃO", "zoneamento": null, "condominio": null, "area_geom": 2248.46, "cnm": null }, "geometry": { "type": "Polygon", "coordinates": [ [ [ -54.626333, -22.130812 ], [ -54.626893, -22.130188 ], [ -54.627078, -22.130333 ], [ -54.626519, -22.130956 ], [ -54.626333, -22.130812 ] ] ] } },
{ "type": "Feature", "properties": { "id": 114524, "insc_imob": "07.01.25.01.671", "quadra_cartorio": "06", "lote_cartorio": "09", "matricula": null, "circunscricao": "1º CIRCUNSCRIÇÃO", "zoneamento": null, "condominio": null, "area_geom": 5021.51, "cnm": null }, "geometry": { "type": "Polygon", "coordinates": [ [ [ -54.62816, -22.132233 ], [ -54.628992, -22.131305 ], [ -54.629271, -22.131522 ], [ -54.628439, -22.13245 ], [ -54.62816, -22.132233 ] ] ] } },
{ "type": "Feature", "properties": { "id": 114541, "insc_imob": "07.01.25.01.879", "quadra_cartorio": "06", "lote_cartorio": "07", "matricula": null, "circunscricao": "1º CIRCUNSCRIÇÃO", "zoneamento": null, "condominio": null, "area_geom": 5021.58, "cnm": null }, "geometry": { "type": "Polygon", "coordinates": [ [ [ -54.628718, -22.132667 ], [ -54.62955, -22.131739 ], [ -54.629829, -22.131956 ], [ -54.628997, -22.132884 ], [ -54.628718, -22.132667 ] ] ] } },
{ "type": "Feature", "properties": { "id": 114542, "insc_imob": "07.01.25.01.945", "quadra_cartorio": "06", "lote_cartorio": "05", "matricula": null, "circunscricao": "1º CIRCUNSCRIÇÃO", "zoneamento": null, "condominio": null, "area_geom": 5021.62, "cnm": null }, "geometry": { "type": "Polygon", "coordinates": [ [ [ -54.628922, -22.130856 ], [ -54.62913, -22.130623 ], [ -54.630245, -22.131492 ], [ -54.630037, -22.131724 ], [ -54.628922, -22.130856 ] ] ] } },
{ "type": "Feature", "properties": { "id": 115655, "insc_imob": "07.01.24.12.293", "quadra_cartorio": "13", "lote_cartorio": "05", "matricula": null, "circunscricao": "1º CIRCUNSCRIÇÃO", "zoneamento": null, "condominio": null, "area_geom": 4997.84, "cnm": null }, "geometry": { "type": "Polygon", "coordinates": [ [ [ -54.633262, -22.140497 ], [ -54.633572, -22.14015 ], [ -54.634316, -22.140729 ], [ -54.634006, -22.141076 ], [ -54.633262, -22.140497 ] ] ] } },
{ "type": "Feature", "properties": { "id": 117494, "insc_imob": "07.01.24.11.970", "quadra_cartorio": "08", "lote_cartorio": "05", "matricula": null, "circunscricao": "1º CIRCUNSCRIÇÃO", "zoneamento": null, "condominio": null, "area_geom": 3447.7, "cnm": null }, "geometry": { "type": "Polygon", "coordinates": [ [ [ -54.636041, -22.140072 ], [ -54.636756, -22.139275 ], [ -54.636979, -22.139449 ], [ -54.636264, -22.140246 ], [ -54.636041, -22.140072 ] ] ] } },
{ "type": "Feature", "properties": { "id": 117495, "insc_imob": "07.01.24.13.458", "quadra_cartorio": "14", "lote_cartorio": "10", "matricula": null, "circunscricao": "1º CIRCUNSCRIÇÃO", "zoneamento": null, "condominio": null, "area_geom": 6421.6, "cnm": null }, "geometry": { "type": "Polygon", "coordinates": [ [ [ -54.631406, -22.138648 ], [ -54.631434, -22.138634 ], [ -54.631478, -22.138603 ], [ -54.631514, -22.138572 ], [ -54.632593, -22.139412 ], [ -54.631489, -22.139504 ], [ -54.631406, -22.138648 ] ] ] } },
{ "type": "Feature", "properties": { "id": 118127, "insc_imob": "07.01.24.01.089", "quadra_cartorio": "01", "lote_cartorio": "01", "matricula": null, "circunscricao": "1º CIRCUNSCRIÇÃO", "zoneamento": null, "condominio": null, "area_geom": 2016.67, "cnm": null }, "geometry": { "type": "Polygon", "coordinates": [ [ [ -54.640112, -22.137721 ], [ -54.640259, -22.137708 ], [ -54.640585, -22.137962 ], [ -54.640179, -22.138414 ], [ -54.640112, -22.137721 ] ] ] } },
{ "type": "Feature", "properties": { "id": 118128, "insc_imob": "07.01.24.01.114", "quadra_cartorio": "01", "lote_cartorio": "02", "matricula": null, "circunscricao": "1º CIRCUNSCRIÇÃO", "zoneamento": null, "condominio": null, "area_geom": 1927.74, "cnm": null }, "geometry": { "type": "Polygon", "coordinates": [ [ [ -54.639871, -22.137741 ], [ -54.640112, -22.137721 ], [ -54.640179, -22.138414 ], [ -54.639938, -22.138435 ], [ -54.639871, -22.137741 ] ] ] } },
{ "type": "Feature", "properties": { "id": 118143, "insc_imob": "07.01.24.01.139", "quadra_cartorio": "01", "lote_cartorio": "03", "matricula": null, "circunscricao": "1º CIRCUNSCRIÇÃO", "zoneamento": null, "condominio": null, "area_geom": 1927.72, "cnm": null }, "geometry": { "type": "Polygon", "coordinates": [ [ [ -54.63963, -22.137761 ], [ -54.639871, -22.137741 ], [ -54.639938, -22.138435 ], [ -54.639697, -22.138455 ], [ -54.63963, -22.137761 ] ] ] } },
{ "type": "Feature", "properties": { "id": 118144, "insc_imob": "07.01.24.01.164", "quadra_cartorio": "01", "lote_cartorio": "04", "matricula": null, "circunscricao": "1º CIRCUNSCRIÇÃO", "zoneamento": null, "condominio": null, "area_geom": 1927.72, "cnm": null }, "geometry": { "type": "Polygon", "coordinates": [ [ [ -54.639388, -22.137781 ], [ -54.63963, -22.137761 ], [ -54.639697, -22.138455 ], [ -54.639455, -22.138475 ], [ -54.639388, -22.137781 ] ] ] } },
{ "type": "Feature", "properties": { "id": 118145, "insc_imob": "07.01.24.01.189", "quadra_cartorio": "01", "lote_cartorio": "05", "matricula": null, "circunscricao": "1º CIRCUNSCRIÇÃO", "zoneamento": null, "condominio": null, "area_geom": 1927.68, "cnm": null }, "geometry": { "type": "Polygon", "coordinates": [ [ [ -54.639147, -22.137801 ], [ -54.639388, -22.137781 ], [ -54.639455, -22.138475 ], [ -54.639214, -22.138495 ], [ -54.639147, -22.137801 ] ] ] } },
{ "type": "Feature", "properties": { "id": 118146, "insc_imob": "07.01.24.01.700", "quadra_cartorio": "01", "lote_cartorio": "14", "matricula": null, "circunscricao": "1º CIRCUNSCRIÇÃO", "zoneamento": null, "condominio": null, "area_geom": 2498.33, "cnm": null }, "geometry": { "type": "Polygon", "coordinates": [ [ [ -54.636831, -22.138981 ], [ -54.637452, -22.138288 ], [ -54.637638, -22.138433 ], [ -54.637016, -22.139125 ], [ -54.636831, -22.138981 ] ] ] } },
{ "type": "Feature", "properties": { "id": 118147, "insc_imob": "07.01.24.01.825", "quadra_cartorio": "01", "lote_cartorio": "19", "matricula": null, "circunscricao": "1º CIRCUNSCRIÇÃO", "zoneamento": null, "condominio": null, "area_geom": 2498.37, "cnm": null }, "geometry": { "type": "Polygon", "coordinates": [ [ [ -54.63776, -22.139704 ], [ -54.638381, -22.139011 ], [ -54.638567, -22.139156 ], [ -54.637946, -22.139849 ], [ -54.63776, -22.139704 ] ] ] } },
{ "type": "Feature", "properties": { "id": 118169, "insc_imob": "07.01.24.01.900", "quadra_cartorio": "01", "lote_cartorio": "22", "matricula": null, "circunscricao": "1º CIRCUNSCRIÇÃO", "zoneamento": null, "condominio": null, "area_geom": 2498.19, "cnm": null }, "geometry": { "type": "Polygon", "coordinates": [ [ [ -54.638318, -22.140138 ], [ -54.638939, -22.139445 ], [ -54.639125, -22.13959 ], [ -54.638504, -22.140283 ], [ -54.638318, -22.140138 ] ] ] } },
{ "type": "Feature", "properties": { "id": 118170, "insc_imob": "07.01.24.01.910", "quadra_cartorio": "01", "lote_cartorio": "23", "matricula": null, "circunscricao": "1º CIRCUNSCRIÇÃO", "zoneamento": null, "condominio": null, "area_geom": 3532.44, "cnm": null }, "geometry": { "type": "Polygon", "coordinates": [ [ [ -54.638195, -22.138867 ], [ -54.638369, -22.138669 ], [ -54.638489, -22.138763 ], [ -54.638933, -22.139108 ], [ -54.639155, -22.139281 ], [ -54.639301, -22.139394 ], [ -54.639125, -22.13959 ], [ -54.638939, -22.139445 ], [ -54.638753, -22.139301 ], [ -54.638567, -22.139156 ], [ -54.638381, -22.139011 ], [ -54.638195, -22.138867 ] ] ] } },
{ "type": "Feature", "properties": { "id": 118171, "insc_imob": "07.01.24.01.920", "quadra_cartorio": "01", "lote_cartorio": "24", "matricula": null, "circunscricao": "1º CIRCUNSCRIÇÃO", "zoneamento": null, "condominio": null, "area_geom": 2498.47, "cnm": null }, "geometry": { "type": "Polygon", "coordinates": [ [ [ -54.639301, -22.139394 ], [ -54.639214, -22.138495 ], [ -54.63974, -22.138904 ], [ -54.639301, -22.139394 ] ] ] } },
{ "type": "Feature", "properties": { "id": 118172, "insc_imob": "07.01.24.01.930", "quadra_cartorio": "01", "lote_cartorio": "25", "matricula": null, "circunscricao": "1º CIRCUNSCRIÇÃO", "zoneamento": null, "condominio": null, "area_geom": 2497.78, "cnm": null }, "geometry": { "type": "Polygon", "coordinates": [ [ [ -54.639938, -22.138435 ], [ -54.640179, -22.138414 ], [ -54.63974, -22.138904 ], [ -54.639214, -22.138495 ], [ -54.639455, -22.138475 ], [ -54.639697, -22.138455 ], [ -54.639938, -22.138435 ] ] ] } },
{ "type": "Feature", "properties": { "id": 118195, "insc_imob": "07.01.24.02.045", "quadra_cartorio": "02", "lote_cartorio": "01", "matricula": null, "circunscricao": "1º CIRCUNSCRIÇÃO", "zoneamento": null, "condominio": null, "area_geom": 5621.23, "cnm": null }, "geometry": { "type": "Polygon", "coordinates": [ [ [ -54.637331, -22.135959 ], [ -54.63761, -22.135647 ], [ -54.63854, -22.13637 ], [ -54.63826, -22.136682 ], [ -54.638074, -22.136537 ], [ -54.637331, -22.135959 ] ] ] } },
{ "type": "Feature", "properties": { "id": 118196, "insc_imob": "07.01.24.02.070", "quadra_cartorio": "02", "lote_cartorio": "02", "matricula": null, "circunscricao": "1º CIRCUNSCRIÇÃO", "zoneamento": null, "condominio": null, "area_geom": 2498.32, "cnm": null }, "geometry": { "type": "Polygon", "coordinates": [ [ [ -54.637175, -22.136132 ], [ -54.637331, -22.135959 ], [ -54.638074, -22.136537 ], [ -54.637919, -22.136711 ], [ -54.637175, -22.136132 ] ] ] } },
{ "type": "Feature", "properties": { "id": 118197, "insc_imob": "07.01.24.02.095", "quadra_cartorio": "02", "lote_cartorio": "03", "matricula": null, "circunscricao": "1º CIRCUNSCRIÇÃO", "zoneamento": null, "condominio": null, "area_geom": 2498.27, "cnm": null }, "geometry": { "type": "Polygon", "coordinates": [ [ [ -54.63702, -22.136305 ], [ -54.637175, -22.136132 ], [ -54.637919, -22.136711 ], [ -54.637764, -22.136884 ], [ -54.63702, -22.136305 ] ] ] } },
{ "type": "Feature", "properties": { "id": 118198, "insc_imob": "07.01.24.02.145", "quadra_cartorio": "02", "lote_cartorio": "05", "matricula": null, "circunscricao": "1º CIRCUNSCRIÇÃO", "zoneamento": null, "condominio": null, "area_geom": 2498.28, "cnm": null }, "geometry": { "type": "Polygon", "coordinates": [ [ [ -54.636709, -22.136652 ], [ -54.636865, -22.136478 ], [ -54.637608, -22.137057 ], [ -54.637453, -22.13723 ], [ -54.636709, -22.136652 ] ] ] } },
{ "type": "Feature", "properties": { "id": 118199, "insc_imob": "07.01.24.02.195", "quadra_cartorio": "02", "lote_cartorio": "07", "matricula": null, "circunscricao": "1º CIRCUNSCRIÇÃO", "zoneamento": null, "condominio": null, "area_geom": 2498.35, "cnm": null }, "geometry": { "type": "Polygon", "coordinates": [ [ [ -54.636399, -22.136998 ], [ -54.636554, -22.136825 ], [ -54.637298, -22.137403 ], [ -54.637142, -22.137577 ], [ -54.636399, -22.136998 ] ] ] } },
{ "type": "Feature", "properties": { "id": 118200, "insc_imob": "07.01.24.02.220", "quadra_cartorio": "02", "lote_cartorio": "08", "matricula": null, "circunscricao": "1º CIRCUNSCRIÇÃO", "zoneamento": null, "condominio": null, "area_geom": 2479.0, "cnm": null }, "geometry": { "type": "Polygon", "coordinates": [ [ [ -54.636243, -22.137171 ], [ -54.636399, -22.136998 ], [ -54.637142, -22.137577 ], [ -54.637026, -22.137707 ], [ -54.636941, -22.137714 ], [ -54.636243, -22.137171 ] ] ] } },
{ "type": "Feature", "properties": { "id": 118201, "insc_imob": "07.01.24.02.245", "quadra_cartorio": "02", "lote_cartorio": "09", "matricula": null, "circunscricao": "1º CIRCUNSCRIÇÃO", "zoneamento": null, "condominio": null, "area_geom": 2030.57, "cnm": null }, "geometry": { "type": "Polygon", "coordinates": [ [ [ -54.636088, -22.137344 ], [ -54.636243, -22.137171 ], [ -54.636941, -22.137714 ], [ -54.6366, -22.137742 ], [ -54.636088, -22.137344 ] ] ] } },
{ "type": "Feature", "properties": { "id": 118220, "insc_imob": "07.01.24.02.385", "quadra_cartorio": "02", "lote_cartorio": "10", "matricula": null, "circunscricao": "1º CIRCUNSCRIÇÃO", "zoneamento": null, "condominio": null, "area_geom": 2196.63, "cnm": null }, "geometry": { "type": "Polygon", "coordinates": [ [ [ -54.635844, -22.137751 ], [ -54.635811, -22.137697 ], [ -54.635794, -22.137673 ], [ -54.636088, -22.137344 ], [ -54.6366, -22.137742 ], [ -54.635867, -22.137804 ], [ -54.635844, -22.137751 ] ] ] } },
{ "type": "Feature", "properties": { "id": 118221, "insc_imob": "07.01.24.02.495", "quadra_cartorio": "02", "lote_cartorio": "11", "matricula": null, "circunscricao": "1º CIRCUNSCRIÇÃO", "zoneamento": null, "condominio": null, "area_geom": 2196.72, "cnm": null }, "geometry": { "type": "Polygon", "coordinates": [ [ [ -54.637453, -22.13723 ], [ -54.637608, -22.137057 ], [ -54.637666, -22.137653 ], [ -54.637026, -22.137707 ], [ -54.637142, -22.137577 ], [ -54.637298, -22.137403 ], [ -54.637453, -22.13723 ] ] ] } },
{ "type": "Feature", "properties": { "id": 118222, "insc_imob": "07.01.24.02.566", "quadra_cartorio": "02", "lote_cartorio": "13", "matricula": null, "circunscricao": "1º CIRCUNSCRIÇÃO", "zoneamento": null, "condominio": null, "area_geom": 3904.01, "cnm": null }, "geometry": { "type": "Polygon", "coordinates": [ [ [ -54.637919, -22.136711 ], [ -54.638074, -22.136537 ], [ -54.63826, -22.136682 ], [ -54.638348, -22.137596 ], [ -54.638007, -22.137625 ], [ -54.637919, -22.136711 ] ] ] } },
{ "type": "Feature", "properties": { "id": 118223, "insc_imob": "07.01.24.02.598", "quadra_cartorio": "02", "lote_cartorio": "14", "matricula": null, "circunscricao": "1º CIRCUNSCRIÇÃO", "zoneamento": null, "condominio": null, "area_geom": 3738.66, "cnm": null }, "geometry": { "type": "Polygon", "coordinates": [ [ [ -54.63826, -22.136682 ], [ -54.63854, -22.13637 ], [ -54.638655, -22.13757 ], [ -54.638348, -22.137596 ], [ -54.63826, -22.136682 ] ] ] } },
{ "type": "Feature", "properties": { "id": 118224, "insc_imob": "07.01.24.02.658", "quadra_cartorio": "02", "lote_cartorio": "16", "matricula": null, "circunscricao": "1º CIRCUNSCRIÇÃO", "zoneamento": null, "condominio": null, "area_geom": 2652.88, "cnm": null }, "geometry": { "type": "Polygon", "coordinates": [ [ [ -54.638945, -22.137546 ], [ -54.638855, -22.136616 ], [ -54.639171, -22.136861 ], [ -54.639234, -22.137522 ], [ -54.638945, -22.137546 ] ] ] } },
{ "type": "Feature", "properties": { "id": 118225, "insc_imob": "07.01.24.02.836", "quadra_cartorio": "02", "lote_cartorio": "17", "matricula": null, "circunscricao": "1º CIRCUNSCRIÇÃO", "zoneamento": null, "condominio": null, "area_geom": 2698.96, "cnm": null }, "geometry": { "type": "Polygon", "coordinates": [ [ [ -54.639234, -22.137522 ], [ -54.639171, -22.136861 ], [ -54.639944, -22.137463 ], [ -54.639234, -22.137522 ] ] ] } },
{ "type": "Feature", "properties": { "id": 118226, "insc_imob": "07.01.24.03.073", "quadra_cartorio": "03", "lote_cartorio": "17", "matricula": null, "circunscricao": "1º CIRCUNSCRIÇÃO", "zoneamento": null, "condominio": null, "area_geom": 2699.3, "cnm": null }, "geometry": { "type": "Polygon", "coordinates": [ [ [ -54.635117, -22.134318 ], [ -54.635053, -22.133657 ], [ -54.635826, -22.134259 ], [ -54.635117, -22.134318 ] ] ] } },
{ "type": "Feature", "properties": { "id": 118245, "insc_imob": "07.01.24.03.103", "quadra_cartorio": "03", "lote_cartorio": "16", "matricula": null, "circunscricao": "1º CIRCUNSCRIÇÃO", "zoneamento": null, "condominio": null, "area_geom": 2653.22, "cnm": null }, "geometry": { "type": "Polygon", "coordinates": [ [ [ -54.635117, -22.134318 ], [ -54.635826, -22.134259 ], [ -54.636142, -22.134504 ], [ -54.635143, -22.134588 ], [ -54.635117, -22.134318 ] ] ] } },
{ "type": "Feature", "properties": { "id": 118246, "insc_imob": "07.01.24.03.165", "quadra_cartorio": "03", "lote_cartorio": "14", "matricula": null, "circunscricao": "1º CIRCUNSCRIÇÃO", "zoneamento": null, "condominio": null, "area_geom": 3738.81, "cnm": null }, "geometry": { "type": "Polygon", "coordinates": [ [ [ -54.635169, -22.134858 ], [ -54.636457, -22.13475 ], [ -54.636178, -22.135062 ], [ -54.635197, -22.135144 ], [ -54.635169, -22.134858 ] ] ] } },
{ "type": "Feature", "properties": { "id": 118247, "insc_imob": "07.01.24.03.201", "quadra_cartorio": "03", "lote_cartorio": "13", "matricula": null, "circunscricao": "1º CIRCUNSCRIÇÃO", "zoneamento": null, "condominio": null, "area_geom": 3904.1, "cnm": null }, "geometry": { "type": "Polygon", "coordinates": [ [ [ -54.635197, -22.135144 ], [ -54.636178, -22.135062 ], [ -54.636364, -22.135206 ], [ -54.636208, -22.13538 ], [ -54.635227, -22.135462 ], [ -54.635197, -22.135144 ] ] ] } },
{ "type": "Feature", "properties": { "id": 118271, "insc_imob": "07.01.24.03.236", "quadra_cartorio": "03", "lote_cartorio": "12", "matricula": null, "circunscricao": "1º CIRCUNSCRIÇÃO", "zoneamento": null, "condominio": null, "area_geom": 2968.19, "cnm": null }, "geometry": { "type": "Polygon", "coordinates": [ [ [ -54.635227, -22.135462 ], [ -54.636208, -22.13538 ], [ -54.636053, -22.135553 ], [ -54.635898, -22.135726 ], [ -54.635258, -22.13578 ], [ -54.635227, -22.135462 ] ] ] } },
{ "type": "Feature", "properties": { "id": 118272, "insc_imob": "07.01.24.03.303", "quadra_cartorio": "03", "lote_cartorio": "11", "matricula": null, "circunscricao": "1º CIRCUNSCRIÇÃO", "zoneamento": null, "condominio": null, "area_geom": 2196.77, "cnm": null }, "geometry": { "type": "Polygon", "coordinates": [ [ [ -54.635258, -22.13578 ], [ -54.635898, -22.135726 ], [ -54.635743, -22.135899 ], [ -54.635587, -22.136072 ], [ -54.635432, -22.136246 ], [ -54.635315, -22.136376 ], [ -54.635258, -22.13578 ] ] ] } },
{ "type": "Feature", "properties": { "id": 118323, "insc_imob": "07.01.24.03.486", "quadra_cartorio": "03", "lote_cartorio": "10", "matricula": null, "circunscricao": "1º CIRCUNSCRIÇÃO", "zoneamento": null, "condominio": null, "area_geom": 2196.69, "cnm": null }, "geometry": { "type": "Polygon", "coordinates": [ [ [ -54.635561, -22.137495 ], [ -54.635498, -22.137473 ], [ -54.635433, -22.137457 ], [ -54.635419, -22.137455 ], [ -54.635354, -22.136773 ], [ -54.635865, -22.137171 ], [ -54.635571, -22.137499 ], [ -54.635561, -22.137495 ] ] ] } },
{ "type": "Feature", "properties": { "id": 118324, "insc_imob": "07.01.24.03.536", "quadra_cartorio": "03", "lote_cartorio": "08", "matricula": null, "circunscricao": "1º CIRCUNSCRIÇÃO", "zoneamento": null, "condominio": null, "area_geom": 2478.94, "cnm": null }, "geometry": { "type": "Polygon", "coordinates": [ [ [ -54.635315, -22.136376 ], [ -54.635432, -22.136246 ], [ -54.636176, -22.136824 ], [ -54.63602, -22.136998 ], [ -54.635323, -22.136455 ], [ -54.635315, -22.136376 ] ] ] } },
{ "type": "Feature", "properties": { "id": 118325, "insc_imob": "07.01.24.03.586", "quadra_cartorio": "03", "lote_cartorio": "06", "matricula": null, "circunscricao": "1º CIRCUNSCRIÇÃO", "zoneamento": null, "condominio": null, "area_geom": 2498.36, "cnm": null }, "geometry": { "type": "Polygon", "coordinates": [ [ [ -54.635587, -22.136072 ], [ -54.635743, -22.135899 ], [ -54.636486, -22.136478 ], [ -54.636331, -22.136651 ], [ -54.635587, -22.136072 ] ] ] } },
{ "type": "Feature", "properties": { "id": 118326, "insc_imob": "07.01.24.03.611", "quadra_cartorio": "03", "lote_cartorio": "05", "matricula": null, "circunscricao": "1º CIRCUNSCRIÇÃO", "zoneamento": null, "condominio": null, "area_geom": 2498.35, "cnm": null }, "geometry": { "type": "Polygon", "coordinates": [ [ [ -54.635743, -22.135899 ], [ -54.635898, -22.135726 ], [ -54.636642, -22.136305 ], [ -54.636486, -22.136478 ], [ -54.635743, -22.135899 ] ] ] } },
{ "type": "Feature", "properties": { "id": 118327, "insc_imob": "07.01.24.03.636", "quadra_cartorio": "03", "lote_cartorio": "04", "matricula": null, "circunscricao": "1º CIRCUNSCRIÇÃO", "zoneamento": null, "condominio": null, "area_geom": 2498.25, "cnm": null }, "geometry": { "type": "Polygon", "coordinates": [ [ [ -54.635898, -22.135726 ], [ -54.636053, -22.135553 ], [ -54.636797, -22.136131 ], [ -54.636642, -22.136305 ], [ -54.635898, -22.135726 ] ] ] } },
{ "type": "Feature", "properties": { "id": 118328, "insc_imob": "07.01.24.03.661", "quadra_cartorio": "03", "lote_cartorio": "03", "matricula": null, "circunscricao": "1º CIRCUNSCRIÇÃO", "zoneamento": null, "condominio": null, "area_geom": 2498.29, "cnm": null }, "geometry": { "type": "Polygon", "coordinates": [ [ [ -54.636053, -22.135553 ], [ -54.636208, -22.13538 ], [ -54.636952, -22.135958 ], [ -54.636797, -22.136131 ], [ -54.636053, -22.135553 ] ] ] } },
{ "type": "Feature", "properties": { "id": 118329, "insc_imob": "07.01.24.04.033", "quadra_cartorio": "04", "lote_cartorio": "01", "matricula": null, "circunscricao": "1º CIRCUNSCRIÇÃO", "zoneamento": null, "condominio": null, "area_geom": 5021.58, "cnm": null }, "geometry": { "type": "Polygon", "coordinates": [ [ [ -54.633398, -22.132763 ], [ -54.633606, -22.132531 ], [ -54.634722, -22.133399 ], [ -54.634514, -22.133631 ], [ -54.633398, -22.132763 ] ] ] } },
{ "type": "Feature", "properties": { "id": 118330, "insc_imob": "07.01.24.04.198", "quadra_cartorio": "04", "lote_cartorio": "06", "matricula": null, "circunscricao": "1º CIRCUNSCRIÇÃO", "zoneamento": null, "condominio": null, "area_geom": 5021.63, "cnm": null }, "geometry": { "type": "Polygon", "coordinates": [ [ [ -54.632358, -22.133924 ], [ -54.632566, -22.133692 ], [ -54.633681, -22.13456 ], [ -54.63356, -22.134695 ], [ -54.633473, -22.134792 ], [ -54.632358, -22.133924 ] ] ] } },
{ "type": "Feature", "properties": { "id": 118331, "insc_imob": "07.01.24.04.231", "quadra_cartorio": "04", "lote_cartorio": "07", "matricula": null, "circunscricao": "1º CIRCUNSCRIÇÃO", "zoneamento": null, "condominio": null, "area_geom": 5096.99, "cnm": null }, "geometry": { "type": "Polygon", "coordinates": [ [ [ -54.632146, -22.134159 ], [ -54.632358, -22.133924 ], [ -54.633473, -22.134792 ], [ -54.633262, -22.135028 ], [ -54.633076, -22.134883 ], [ -54.63289, -22.134738 ], [ -54.632704, -22.134593 ], [ -54.632518, -22.134449 ], [ -54.632332, -22.134304 ], [ -54.632146, -22.134159 ] ] ] } },
{ "type": "Feature", "properties": { "id": 118332, "insc_imob": "07.01.24.04.356", "quadra_cartorio": "04", "lote_cartorio": "08", "matricula": null, "circunscricao": "1º CIRCUNSCRIÇÃO", "zoneamento": null, "condominio": null, "area_geom": 2498.27, "cnm": null }, "geometry": { "type": "Polygon", "coordinates": [ [ [ -54.631525, -22.134852 ], [ -54.632146, -22.134159 ], [ -54.632332, -22.134304 ], [ -54.631711, -22.134997 ], [ -54.631525, -22.134852 ] ] ] } },
{ "type": "Feature", "properties": { "id": 118344, "insc_imob": "07.01.24.04.381", "quadra_cartorio": "04", "lote_cartorio": "09", "matricula": null, "circunscricao": "1º CIRCUNSCRIÇÃO", "zoneamento": null, "condominio": null, "area_geom": 2498.26, "cnm": null }, "geometry": { "type": "Polygon", "coordinates": [ [ [ -54.631711, -22.134997 ], [ -54.632332, -22.134304 ], [ -54.632518, -22.134449 ], [ -54.631897, -22.135141 ], [ -54.631711, -22.134997 ] ] ] } },
{ "type": "Feature", "properties": { "id": 118345, "insc_imob": "07.01.24.04.406", "quadra_cartorio": "04", "lote_cartorio": "10", "matricula": null, "circunscricao": "1º CIRCUNSCRIÇÃO", "zoneamento": null, "condominio": null, "area_geom": 2498.31, "cnm": null }, "geometry": { "type": "Polygon", "coordinates": [ [ [ -54.631897, -22.135141 ], [ -54.632518, -22.134449 ], [ -54.632704, -22.134593 ], [ -54.632083, -22.135286 ], [ -54.631897, -22.135141 ] ] ] } },
{ "type": "Feature", "properties": { "id": 118346, "insc_imob": "07.01.24.04.481", "quadra_cartorio": "04", "lote_cartorio": "13", "matricula": null, "circunscricao": "1º CIRCUNSCRIÇÃO", "zoneamento": null, "condominio": null, "area_geom": 2498.95, "cnm": null }, "geometry": { "type": "Polygon", "coordinates": [ [ [ -54.632455, -22.135576 ], [ -54.633076, -22.134883 ], [ -54.633262, -22.135028 ], [ -54.632641, -22.13572 ], [ -54.632455, -22.135576 ] ] ] } },
{ "type": "Feature", "properties": { "id": 118347, "insc_imob": "07.01.24.04.556", "quadra_cartorio": "04", "lote_cartorio": "16", "matricula": null, "circunscricao": "1º CIRCUNSCRIÇÃO", "zoneamento": null, "condominio": null, "area_geom": 2498.33, "cnm": null }, "geometry": { "type": "Polygon", "coordinates": [ [ [ -54.633012, -22.13601 ], [ -54.633634, -22.135317 ], [ -54.63382, -22.135461 ], [ -54.633198, -22.136154 ], [ -54.633012, -22.13601 ] ] ] } },
{ "type": "Feature", "properties": { "id": 118348, "insc_imob": "07.01.24.04.606", "quadra_cartorio": "04", "lote_cartorio": "18", "matricula": null, "circunscricao": "1º CIRCUNSCRIÇÃO", "zoneamento": null, "condominio": null, "area_geom": 2497.59, "cnm": null }, "geometry": { "type": "Polygon", "coordinates": [ [ [ -54.633384, -22.136299 ], [ -54.634006, -22.135606 ], [ -54.634191, -22.135751 ], [ -54.63357, -22.136444 ], [ -54.633384, -22.136299 ] ] ] } },
{ "type": "Feature", "properties": { "id": 118349, "insc_imob": "07.01.24.04.631", "quadra_cartorio": "04", "lote_cartorio": "19", "matricula": null, "circunscricao": "1º CIRCUNSCRIÇÃO", "zoneamento": null, "condominio": null, "area_geom": 2498.47, "cnm": null }, "geometry": { "type": "Polygon", "coordinates": [ [ [ -54.63357, -22.136444 ], [ -54.634191, -22.135751 ], [ -54.634377, -22.135896 ], [ -54.633756, -22.136588 ], [ -54.63357, -22.136444 ] ] ] } },
{ "type": "Feature", "properties": { "id": 118371, "insc_imob": "07.01.24.04.656", "quadra_cartorio": "04", "lote_cartorio": "20", "matricula": null, "circunscricao": "1º CIRCUNSCRIÇÃO", "zoneamento": null, "condominio": null, "area_geom": 2682.65, "cnm": null }, "geometry": { "type": "Polygon", "coordinates": [ [ [ -54.633756, -22.136588 ], [ -54.634377, -22.135896 ], [ -54.634577, -22.136051 ], [ -54.633956, -22.136744 ], [ -54.633756, -22.136588 ] ] ] } },
{ "type": "Feature", "properties": { "id": 118401, "insc_imob": "07.01.24.04.868", "quadra_cartorio": "04", "lote_cartorio": "22", "matricula": null, "circunscricao": "1º CIRCUNSCRIÇÃO", "zoneamento": null, "condominio": null, "area_geom": 2786.2, "cnm": null }, "geometry": { "type": "Polygon", "coordinates": [ [ [ -54.63434, -22.137042 ], [ -54.635082, -22.13698 ], [ -54.63513, -22.137479 ], [ -54.635104, -22.137488 ], [ -54.635044, -22.137515 ], [ -54.634989, -22.137548 ], [ -54.63434, -22.137042 ] ] ] } },
{ "type": "Feature", "properties": { "id": 118402, "insc_imob": "07.01.24.04.967", "quadra_cartorio": "04", "lote_cartorio": "26", "matricula": null, "circunscricao": "1º CIRCUNSCRIÇÃO", "zoneamento": null, "condominio": null, "area_geom": 4051.9, "cnm": null }, "geometry": { "type": "Polygon", "coordinates": [ [ [ -54.633634, -22.135317 ], [ -54.634911, -22.13521 ], [ -54.634942, -22.135528 ], [ -54.634006, -22.135606 ], [ -54.63382, -22.135461 ], [ -54.633634, -22.135317 ] ] ] } },
{ "type": "Feature", "properties": { "id": 118403, "insc_imob": "07.01.24.04.975", "quadra_cartorio": "04", "lote_cartorio": "27", "matricula": null, "circunscricao": "1º CIRCUNSCRIÇÃO", "zoneamento": null, "condominio": null, "area_geom": 5298.54, "cnm": null }, "geometry": { "type": "Polygon", "coordinates": [ [ [ -54.633262, -22.135028 ], [ -54.63488, -22.134892 ], [ -54.634911, -22.13521 ], [ -54.633634, -22.135317 ], [ -54.633448, -22.135172 ], [ -54.633262, -22.135028 ] ] ] } },
{ "type": "Feature", "properties": { "id": 118428, "insc_imob": "07.01.24.04.991", "quadra_cartorio": "04", "lote_cartorio": "29", "matricula": null, "circunscricao": "1º CIRCUNSCRIÇÃO", "zoneamento": null, "condominio": null, "area_geom": 3873.39, "cnm": null }, "geometry": { "type": "Polygon", "coordinates": [ [ [ -54.633851, -22.13437 ], [ -54.634822, -22.134289 ], [ -54.634851, -22.134587 ], [ -54.63356, -22.134695 ], [ -54.633681, -22.13456 ], [ -54.633851, -22.13437 ] ] ] } },
{ "type": "Feature", "properties": { "id": 118429, "insc_imob": "07.01.24.04.999", "quadra_cartorio": "04", "lote_cartorio": "30", "matricula": null, "circunscricao": "1º CIRCUNSCRIÇÃO", "zoneamento": null, "condominio": null, "area_geom": 5061.82, "cnm": null }, "geometry": { "type": "Polygon", "coordinates": [ [ [ -54.634514, -22.133631 ], [ -54.634722, -22.133399 ], [ -54.634738, -22.133412 ], [ -54.634822, -22.134289 ], [ -54.633851, -22.13437 ], [ -54.633889, -22.134328 ], [ -54.634097, -22.134095 ], [ -54.634305, -22.133863 ], [ -54.634514, -22.133631 ] ] ] } },
{ "type": "Feature", "properties": { "id": 118431, "insc_imob": "07.01.24.05.100", "quadra_cartorio": "05", "lote_cartorio": "23", "matricula": null, "circunscricao": "1º CIRCUNSCRIÇÃO", "zoneamento": null, "condominio": null, "area_geom": 5021.56, "cnm": null }, "geometry": { "type": "Polygon", "coordinates": [ [ [ -54.630602, -22.131375 ], [ -54.63081, -22.131143 ], [ -54.631926, -22.132011 ], [ -54.631717, -22.132243 ], [ -54.630602, -22.131375 ] ] ] } },
{ "type": "Feature", "properties": { "id": 118432, "insc_imob": "07.01.24.05.133", "quadra_cartorio": "05", "lote_cartorio": "22", "matricula": null, "circunscricao": "1º CIRCUNSCRIÇÃO", "zoneamento": null, "condominio": null, "area_geom": 5021.66, "cnm": null }, "geometry": { "type": "Polygon", "coordinates": [ [ [ -54.630394, -22.131607 ], [ -54.630602, -22.131375 ], [ -54.631717, -22.132243 ], [ -54.631509, -22.132475 ], [ -54.630394, -22.131607 ] ] ] } },
{ "type": "Feature", "properties": { "id": 118433, "insc_imob": "07.01.24.05.234", "quadra_cartorio": "05", "lote_cartorio": "19", "matricula": null, "circunscricao": "1º CIRCUNSCRIÇÃO", "zoneamento": null, "condominio": null, "area_geom": 5096.6, "cnm": null }, "geometry": { "type": "Polygon", "coordinates": [ [ [ -54.629766, -22.132307 ], [ -54.629978, -22.132072 ], [ -54.631093, -22.13294 ], [ -54.630882, -22.133175 ], [ -54.630696, -22.133031 ], [ -54.63051, -22.132886 ], [ -54.630324, -22.132741 ], [ -54.630138, -22.132597 ], [ -54.629766, -22.132307 ] ] ] } },
{ "type": "Feature", "properties": { "id": 118453, "insc_imob": "07.01.24.05.384", "quadra_cartorio": "05", "lote_cartorio": "18", "matricula": null, "circunscricao": "1º CIRCUNSCRIÇÃO", "zoneamento": null, "condominio": null, "area_geom": 4996.56, "cnm": null }, "geometry": { "type": "Polygon", "coordinates": [ [ [ -54.629145, -22.133 ], [ -54.629766, -22.132307 ], [ -54.630138, -22.132597 ], [ -54.629517, -22.133289 ], [ -54.629145, -22.133 ] ] ] } },
{ "type": "Feature", "properties": { "id": 118454, "insc_imob": "07.01.24.05.434", "quadra_cartorio": "05", "lote_cartorio": "16", "matricula": null, "circunscricao": "1º CIRCUNSCRIÇÃO", "zoneamento": null, "condominio": null, "area_geom": 2498.27, "cnm": null }, "geometry": { "type": "Polygon", "coordinates": [ [ [ -54.629703, -22.133434 ], [ -54.630324, -22.132741 ], [ -54.63051, -22.132886 ], [ -54.629889, -22.133579 ], [ -54.629703, -22.133434 ] ] ] } },
{ "type": "Feature", "properties": { "id": 118455, "insc_imob": "07.01.24.05.509", "quadra_cartorio": "05", "lote_cartorio": "13", "matricula": null, "circunscricao": "1º CIRCUNSCRIÇÃO", "zoneamento": null, "condominio": null, "area_geom": 2498.28, "cnm": null }, "geometry": { "type": "Polygon", "coordinates": [ [ [ -54.630261, -22.133868 ], [ -54.630882, -22.133175 ], [ -54.631068, -22.13332 ], [ -54.630447, -22.134013 ], [ -54.630261, -22.133868 ] ] ] } },
{ "type": "Feature", "properties": { "id": 118456, "insc_imob": "07.01.24.05.534", "quadra_cartorio": "05", "lote_cartorio": "12", "matricula": null, "circunscricao": "1º CIRCUNSCRIÇÃO", "zoneamento": null, "condominio": null, "area_geom": 2498.27, "cnm": null }, "geometry": { "type": "Polygon", "coordinates": [ [ [ -54.630447, -22.134013 ], [ -54.631068, -22.13332 ], [ -54.631254, -22.133465 ], [ -54.630633, -22.134157 ], [ -54.630447, -22.134013 ] ] ] } },
{ "type": "Feature", "properties": { "id": 118481, "insc_imob": "07.01.24.05.559", "quadra_cartorio": "05", "lote_cartorio": "11", "matricula": null, "circunscricao": "1º CIRCUNSCRIÇÃO", "zoneamento": null, "condominio": null, "area_geom": 2498.26, "cnm": null }, "geometry": { "type": "Polygon", "coordinates": [ [ [ -54.630633, -22.134157 ], [ -54.631254, -22.133465 ], [ -54.63144, -22.133609 ], [ -54.630818, -22.134302 ], [ -54.630633, -22.134157 ] ] ] } },
{ "type": "Feature", "properties": { "id": 118482, "insc_imob": "07.01.24.05.584", "quadra_cartorio": "05", "lote_cartorio": "10", "matricula": null, "circunscricao": "1º CIRCUNSCRIÇÃO", "zoneamento": null, "condominio": null, "area_geom": 2498.28, "cnm": null }, "geometry": { "type": "Polygon", "coordinates": [ [ [ -54.630818, -22.134302 ], [ -54.63144, -22.133609 ], [ -54.631626, -22.133754 ], [ -54.631004, -22.134447 ], [ -54.630818, -22.134302 ] ] ] } },
{ "type": "Feature", "properties": { "id": 118483, "insc_imob": "07.01.24.05.767", "quadra_cartorio": "05", "lote_cartorio": "07", "matricula": null, "circunscricao": "1º CIRCUNSCRIÇÃO", "zoneamento": null, "condominio": null, "area_geom": 5096.7, "cnm": null }, "geometry": { "type": "Polygon", "coordinates": [ [ [ -54.630882, -22.133175 ], [ -54.631093, -22.13294 ], [ -54.632209, -22.133808 ], [ -54.631997, -22.134043 ], [ -54.631812, -22.133899 ], [ -54.631626, -22.133754 ], [ -54.63144, -22.133609 ], [ -54.631254, -22.133465 ], [ -54.631068, -22.13332 ], [ -54.630882, -22.133175 ] ] ] } },
{ "type": "Feature", "properties": { "id": 118484, "insc_imob": "07.01.24.05.867", "quadra_cartorio": "05", "lote_cartorio": "04", "matricula": null, "circunscricao": "1º CIRCUNSCRIÇÃO", "zoneamento": null, "condominio": null, "area_geom": 5021.65, "cnm": null }, "geometry": { "type": "Polygon", "coordinates": [ [ [ -54.631509, -22.132475 ], [ -54.631717, -22.132243 ], [ -54.632833, -22.133111 ], [ -54.632625, -22.133344 ], [ -54.631509, -22.132475 ] ] ] } },
{ "type": "Feature", "properties": { "id": 118486, "insc_imob": "07.01.24.05.999", "quadra_cartorio": "05", "lote_cartorio": "01", "matricula": null, "circunscricao": "1º CIRCUNSCRIÇÃO", "zoneamento": null, "condominio": null, "area_geom": 5021.49, "cnm": null }, "geometry": { "type": "Polygon", "coordinates": [ [ [ -54.632134, -22.131779 ], [ -54.632342, -22.131547 ], [ -54.633457, -22.132415 ], [ -54.633249, -22.132647 ], [ -54.632134, -22.131779 ] ] ] } },
{ "type": "Feature", "properties": { "id": 118506, "insc_imob": "07.01.24.11.056", "quadra_cartorio": "08", "lote_cartorio": "09", "matricula": null, "circunscricao": "1º CIRCUNSCRIÇÃO", "zoneamento": null, "condominio": null, "area_geom": 2789.14, "cnm": null }, "geometry": { "type": "Polygon", "coordinates": [ [ [ -54.635519, -22.138491 ], [ -54.635545, -22.138482 ], [ -54.635605, -22.138455 ], [ -54.63566, -22.138423 ], [ -54.63631, -22.138928 ], [ -54.635567, -22.13899 ], [ -54.635519, -22.138491 ] ] ] } },
{ "type": "Feature", "properties": { "id": 118507, "insc_imob": "07.01.24.11.133", "quadra_cartorio": "08", "lote_cartorio": "08", "matricula": null, "circunscricao": "1º CIRCUNSCRIÇÃO", "zoneamento": null, "condominio": null, "area_geom": 2956.25, "cnm": null }, "geometry": { "type": "Polygon", "coordinates": [ [ [ -54.635567, -22.13899 ], [ -54.63631, -22.138928 ], [ -54.635634, -22.139682 ], [ -54.635567, -22.13899 ] ] ] } },
{ "type": "Feature", "properties": { "id": 118508, "insc_imob": "07.01.24.11.224", "quadra_cartorio": "08", "lote_cartorio": "10", "matricula": null, "circunscricao": "1º CIRCUNSCRIÇÃO", "zoneamento": null, "condominio": null, "area_geom": 6652.83, "cnm": null }, "geometry": { "type": "Polygon", "coordinates": [ [ [ -54.635712, -22.140499 ], [ -54.635641, -22.139761 ], [ -54.635818, -22.139899 ], [ -54.636041, -22.140072 ], [ -54.636264, -22.140246 ], [ -54.636488, -22.140419 ], [ -54.636711, -22.140593 ], [ -54.63635, -22.140995 ], [ -54.635712, -22.140499 ] ] ] } },
{ "type": "Feature", "properties": { "id": 118510, "insc_imob": "07.01.24.11.403", "quadra_cartorio": "08", "lote_cartorio": "12", "matricula": null, "circunscricao": "1º CIRCUNSCRIÇÃO", "zoneamento": null, "condominio": null, "area_geom": 4391.71, "cnm": null }, "geometry": { "type": "Polygon", "coordinates": [ [ [ -54.635824, -22.141653 ], [ -54.636409, -22.141604 ], [ -54.636824, -22.141927 ], [ -54.636945, -22.142021 ], [ -54.635868, -22.142111 ], [ -54.635824, -22.141653 ] ] ] } },
{ "type": "Feature", "properties": { "id": 118511, "insc_imob": "07.01.24.11.433", "quadra_cartorio": "08", "lote_cartorio": "13", "matricula": null, "circunscricao": "1º CIRCUNSCRIÇÃO", "zoneamento": null, "condominio": null, "area_geom": 2897.35, "cnm": null }, "geometry": { "type": "Polygon", "coordinates": [ [ [ -54.635868, -22.142111 ], [ -54.636945, -22.142021 ], [ -54.636682, -22.142315 ], [ -54.635894, -22.142381 ], [ -54.635868, -22.142111 ] ] ] } },
{ "type": "Feature", "properties": { "id": 118531, "insc_imob": "07.01.24.11.630", "quadra_cartorio": "08", "lote_cartorio": "14", "matricula": null, "circunscricao": "1º CIRCUNSCRIÇÃO", "zoneamento": null, "condominio": null, "area_geom": 3331.07, "cnm": null }, "geometry": { "type": "Polygon", "coordinates": [ [ [ -54.635894, -22.142381 ], [ -54.636682, -22.142315 ], [ -54.635965, -22.143115 ], [ -54.635894, -22.142381 ] ] ] } },
{ "type": "Feature", "properties": { "id": 118532, "insc_imob": "07.01.24.11.808", "quadra_cartorio": "08", "lote_cartorio": "15", "matricula": null, "circunscricao": "1º CIRCUNSCRIÇÃO", "zoneamento": null, "condominio": null, "area_geom": 15148.71, "cnm": null }, "geometry": { "type": "Polygon", "coordinates": [ [ [ -54.636711, -22.140593 ], [ -54.636897, -22.140385 ], [ -54.637343, -22.140732 ], [ -54.63779, -22.14108 ], [ -54.636945, -22.142021 ], [ -54.636824, -22.141927 ], [ -54.636409, -22.141604 ], [ -54.63635, -22.140995 ], [ -54.636711, -22.140593 ] ] ] } },
{ "type": "Feature", "properties": { "id": 118533, "insc_imob": "07.01.24.11.930", "quadra_cartorio": "08", "lote_cartorio": "01", "matricula": null, "circunscricao": "1º CIRCUNSCRIÇÃO", "zoneamento": null, "condominio": null, "area_geom": 5096.56, "cnm": null }, "geometry": { "type": "Polygon", "coordinates": [ [ [ -54.637343, -22.140732 ], [ -54.637871, -22.140144 ], [ -54.638318, -22.140491 ], [ -54.63779, -22.14108 ], [ -54.637343, -22.140732 ] ] ] } },
{ "type": "Feature", "properties": { "id": 118534, "insc_imob": "07.01.24.11.960", "quadra_cartorio": "08", "lote_cartorio": "04", "matricula": null, "circunscricao": "1º CIRCUNSCRIÇÃO", "zoneamento": null, "condominio": null, "area_geom": 3447.69, "cnm": null }, "geometry": { "type": "Polygon", "coordinates": [ [ [ -54.636264, -22.140246 ], [ -54.636979, -22.139449 ], [ -54.637202, -22.139623 ], [ -54.636488, -22.140419 ], [ -54.636264, -22.140246 ] ] ] } },
{ "type": "Feature", "properties": { "id": 118535, "insc_imob": "07.01.24.13.948", "quadra_cartorio": "14", "lote_cartorio": "05", "matricula": null, "circunscricao": "1º CIRCUNSCRIÇÃO", "zoneamento": null, "condominio": null, "area_geom": 4996.48, "cnm": null }, "geometry": { "type": "Polygon", "coordinates": [ [ [ -54.632593, -22.139412 ], [ -54.632605, -22.139398 ], [ -54.633349, -22.139977 ], [ -54.633039, -22.140323 ], [ -54.632295, -22.139745 ], [ -54.632593, -22.139412 ] ] ] } },
{ "type": "Feature", "properties": { "id": 118536, "insc_imob": "07.01.24.13.970", "quadra_cartorio": "14", "lote_cartorio": "04", "matricula": null, "circunscricao": "1º CIRCUNSCRIÇÃO", "zoneamento": null, "condominio": null, "area_geom": 4996.59, "cnm": null }, "geometry": { "type": "Polygon", "coordinates": [ [ [ -54.632605, -22.139398 ], [ -54.632916, -22.139052 ], [ -54.63366, -22.13963 ], [ -54.633349, -22.139977 ], [ -54.632605, -22.139398 ] ] ] } },
{ "type": "Feature", "properties": { "id": 118537, "insc_imob": "07.01.24.14.155", "quadra_cartorio": "09", "lote_cartorio": "14", "matricula": null, "circunscricao": "1º CIRCUNSCRIÇÃO", "zoneamento": null, "condominio": null, "area_geom": 1954.77, "cnm": null }, "geometry": { "type": "Polygon", "coordinates": [ [ [ -54.630568, -22.135919 ], [ -54.630954, -22.13549 ], [ -54.631188, -22.135672 ], [ -54.630803, -22.136102 ], [ -54.630568, -22.135919 ] ] ] } },
{ "type": "Feature", "properties": { "id": 118538, "insc_imob": "07.01.24.14.187", "quadra_cartorio": "09", "lote_cartorio": "15", "matricula": null, "circunscricao": "1º CIRCUNSCRIÇÃO", "zoneamento": null, "condominio": null, "area_geom": 1948.53, "cnm": null }, "geometry": { "type": "Polygon", "coordinates": [ [ [ -54.630803, -22.136102 ], [ -54.631188, -22.135672 ], [ -54.631422, -22.135854 ], [ -54.631037, -22.136284 ], [ -54.630803, -22.136102 ] ] ] } },
{ "type": "Feature", "properties": { "id": 118539, "insc_imob": "07.01.24.14.250", "quadra_cartorio": "09", "lote_cartorio": "17", "matricula": null, "circunscricao": "1º CIRCUNSCRIÇÃO", "zoneamento": null, "condominio": null, "area_geom": 1948.59, "cnm": null }, "geometry": { "type": "Polygon", "coordinates": [ [ [ -54.631271, -22.136466 ], [ -54.631656, -22.136036 ], [ -54.63189, -22.136218 ], [ -54.631505, -22.136648 ], [ -54.631271, -22.136466 ] ] ] } },
{ "type": "Feature", "properties": { "id": 118554, "insc_imob": "07.01.24.14.281", "quadra_cartorio": "09", "lote_cartorio": "18", "matricula": null, "circunscricao": "1º CIRCUNSCRIÇÃO", "zoneamento": null, "condominio": null, "area_geom": 1948.55, "cnm": null }, "geometry": { "type": "Polygon", "coordinates": [ [ [ -54.631505, -22.136648 ], [ -54.63189, -22.136218 ], [ -54.632124, -22.1364 ], [ -54.631739, -22.13683 ], [ -54.631505, -22.136648 ] ] ] } },
{ "type": "Feature", "properties": { "id": 118583, "insc_imob": "07.01.24.14.313", "quadra_cartorio": "09", "lote_cartorio": "19", "matricula": null, "circunscricao": "1º CIRCUNSCRIÇÃO", "zoneamento": null, "condominio": null, "area_geom": 1948.56, "cnm": null }, "geometry": { "type": "Polygon", "coordinates": [ [ [ -54.631739, -22.13683 ], [ -54.632124, -22.1364 ], [ -54.632358, -22.136582 ], [ -54.631973, -22.137012 ], [ -54.631739, -22.13683 ] ] ] } },
{ "type": "Feature", "properties": { "id": 118584, "insc_imob": "07.01.24.14.345", "quadra_cartorio": "09", "lote_cartorio": "20", "matricula": null, "circunscricao": "1º CIRCUNSCRIÇÃO", "zoneamento": null, "condominio": null, "area_geom": 1948.56, "cnm": null }, "geometry": { "type": "Polygon", "coordinates": [ [ [ -54.631973, -22.137012 ], [ -54.632358, -22.136582 ], [ -54.632592, -22.136764 ], [ -54.632206, -22.137194 ], [ -54.631973, -22.137012 ] ] ] } },
{ "type": "Feature", "properties": { "id": 118585, "insc_imob": "07.01.24.14.376", "quadra_cartorio": "09", "lote_cartorio": "21", "matricula": null, "circunscricao": "1º CIRCUNSCRIÇÃO", "zoneamento": null, "condominio": null, "area_geom": 1948.56, "cnm": null }, "geometry": { "type": "Polygon", "coordinates": [ [ [ -54.632206, -22.137194 ], [ -54.632592, -22.136764 ], [ -54.632825, -22.136946 ], [ -54.63244, -22.137376 ], [ -54.632206, -22.137194 ] ] ] } },
{ "type": "Feature", "properties": { "id": 118586, "insc_imob": "07.01.24.14.407", "quadra_cartorio": "09", "lote_cartorio": "22", "matricula": null, "circunscricao": "1º CIRCUNSCRIÇÃO", "zoneamento": null, "condominio": null, "area_geom": 1948.55, "cnm": null }, "geometry": { "type": "Polygon", "coordinates": [ [ [ -54.63244, -22.137376 ], [ -54.632825, -22.136946 ], [ -54.633059, -22.137128 ], [ -54.632674, -22.137558 ], [ -54.63244, -22.137376 ] ] ] } },
{ "type": "Feature", "properties": { "id": 118611, "insc_imob": "07.01.24.14.439", "quadra_cartorio": "09", "lote_cartorio": "23", "matricula": null, "circunscricao": "1º CIRCUNSCRIÇÃO", "zoneamento": null, "condominio": null, "area_geom": 1948.57, "cnm": null }, "geometry": { "type": "Polygon", "coordinates": [ [ [ -54.632674, -22.137558 ], [ -54.633059, -22.137128 ], [ -54.633293, -22.13731 ], [ -54.632908, -22.13774 ], [ -54.632674, -22.137558 ] ] ] } },
{ "type": "Feature", "properties": { "id": 118612, "insc_imob": "07.01.24.14.470", "quadra_cartorio": "09", "lote_cartorio": "24", "matricula": null, "circunscricao": "1º CIRCUNSCRIÇÃO", "zoneamento": null, "condominio": null, "area_geom": 1948.56, "cnm": null }, "geometry": { "type": "Polygon", "coordinates": [ [ [ -54.632908, -22.13774 ], [ -54.633293, -22.13731 ], [ -54.633527, -22.137492 ], [ -54.633142, -22.137922 ], [ -54.632908, -22.13774 ] ] ] } },
{ "type": "Feature", "properties": { "id": 118613, "insc_imob": "07.01.24.14.507", "quadra_cartorio": "09", "lote_cartorio": "25", "matricula": null, "circunscricao": "1º CIRCUNSCRIÇÃO", "zoneamento": null, "condominio": null, "area_geom": 1845.86, "cnm": null }, "geometry": { "type": "Polygon", "coordinates": [ [ [ -54.633142, -22.137922 ], [ -54.633527, -22.137492 ], [ -54.633761, -22.137674 ], [ -54.633465, -22.138005 ], [ -54.633269, -22.138021 ], [ -54.633142, -22.137922 ] ] ] } },
{ "type": "Feature", "properties": { "id": 118614, "insc_imob": "07.01.24.14.745", "quadra_cartorio": "09", "lote_cartorio": "01", "matricula": null, "circunscricao": "1º CIRCUNSCRIÇÃO", "zoneamento": null, "condominio": null, "area_geom": 5842.13, "cnm": null }, "geometry": { "type": "Polygon", "coordinates": [ [ [ -54.633761, -22.137674 ], [ -54.634146, -22.137245 ], [ -54.634803, -22.137756 ], [ -54.634785, -22.137793 ], [ -54.634765, -22.137853 ], [ -54.634755, -22.137897 ], [ -54.633465, -22.138005 ], [ -54.633761, -22.137674 ] ] ] } },
{ "type": "Feature", "properties": { "id": 118640, "insc_imob": "07.01.24.14.808", "quadra_cartorio": "09", "lote_cartorio": "03", "matricula": null, "circunscricao": "1º CIRCUNSCRIÇÃO", "zoneamento": null, "condominio": null, "area_geom": 1948.59, "cnm": null }, "geometry": { "type": "Polygon", "coordinates": [ [ [ -54.633293, -22.13731 ], [ -54.633678, -22.136881 ], [ -54.633912, -22.137063 ], [ -54.633527, -22.137492 ], [ -54.633293, -22.13731 ] ] ] } },
{ "type": "Feature", "properties": { "id": 118641, "insc_imob": "07.01.24.14.871", "quadra_cartorio": "09", "lote_cartorio": "05", "matricula": null, "circunscricao": "1º CIRCUNSCRIÇÃO", "zoneamento": null, "condominio": null, "area_geom": 1948.58, "cnm": null }, "geometry": { "type": "Polygon", "coordinates": [ [ [ -54.632825, -22.136946 ], [ -54.633211, -22.136517 ], [ -54.633444, -22.136699 ], [ -54.633059, -22.137128 ], [ -54.632825, -22.136946 ] ] ] } },
{ "type": "Feature", "properties": { "id": 118668, "insc_imob": "07.01.24.14.902", "quadra_cartorio": "09", "lote_cartorio": "06", "matricula": null, "circunscricao": "1º CIRCUNSCRIÇÃO", "zoneamento": null, "condominio": null, "area_geom": 1948.59, "cnm": null }, "geometry": { "type": "Polygon", "coordinates": [ [ [ -54.632592, -22.136764 ], [ -54.632977, -22.136335 ], [ -54.633211, -22.136517 ], [ -54.632825, -22.136946 ], [ -54.632592, -22.136764 ] ] ] } },
{ "type": "Feature", "properties": { "id": 118670, "insc_imob": "07.01.24.14.964", "quadra_cartorio": "09", "lote_cartorio": "08", "matricula": null, "circunscricao": "1º CIRCUNSCRIÇÃO", "zoneamento": null, "condominio": null, "area_geom": 1948.45, "cnm": null }, "geometry": { "type": "Polygon", "coordinates": [ [ [ -54.632124, -22.1364 ], [ -54.632509, -22.135971 ], [ -54.632743, -22.136153 ], [ -54.632358, -22.136582 ], [ -54.632124, -22.1364 ] ] ] } },
{ "type": "Feature", "properties": { "id": 118671, "insc_imob": "07.01.24.14.976", "quadra_cartorio": "09", "lote_cartorio": "09", "matricula": null, "circunscricao": "1º CIRCUNSCRIÇÃO", "zoneamento": null, "condominio": null, "area_geom": 1948.59, "cnm": null }, "geometry": { "type": "Polygon", "coordinates": [ [ [ -54.63189, -22.136218 ], [ -54.632275, -22.135789 ], [ -54.632509, -22.135971 ], [ -54.632124, -22.1364 ], [ -54.63189, -22.136218 ] ] ] } },
{ "type": "Feature", "properties": { "id": 118699, "insc_imob": "07.01.24.15.197", "quadra_cartorio": "09A", "lote_cartorio": "06", "matricula": null, "circunscricao": "1º CIRCUNSCRIÇÃO", "zoneamento": null, "condominio": null, "area_geom": 2042.37, "cnm": null }, "geometry": { "type": "Polygon", "coordinates": [ [ [ -54.62997, -22.137148 ], [ -54.630356, -22.136718 ], [ -54.630601, -22.136909 ], [ -54.630215, -22.137338 ], [ -54.62997, -22.137148 ] ] ] } },
{ "type": "Feature", "properties": { "id": 118700, "insc_imob": "07.01.24.15.311", "quadra_cartorio": "09A", "lote_cartorio": "03", "matricula": null, "circunscricao": "1º CIRCUNSCRIÇÃO", "zoneamento": null, "condominio": null, "area_geom": 5021.43, "cnm": null }, "geometry": { "type": "Polygon", "coordinates": [ [ [ -54.630762, -22.137764 ], [ -54.631532, -22.136905 ], [ -54.631834, -22.137139 ], [ -54.631063, -22.137998 ], [ -54.630762, -22.137764 ] ] ] } },
{ "type": "Feature", "properties": { "id": 118719, "insc_imob": "07.01.24.12.793", "quadra_cartorio": "13", "lote_cartorio": "11", "matricula": null, "circunscricao": "1º CIRCUNSCRIÇÃO", "zoneamento": null, "condominio": null, "area_geom": 3350.02, "cnm": null }, "geometry": { "type": "Polygon", "coordinates": [ [ [ -54.634596, -22.140706 ], [ -54.634875, -22.140683 ], [ -54.634975, -22.141724 ], [ -54.634696, -22.141747 ], [ -54.634596, -22.140706 ] ] ] } },
{ "type": "Feature", "properties": { "id": 118728, "insc_imob": "07.01.25.01.912", "quadra_cartorio": "06", "lote_cartorio": "06", "matricula": null, "circunscricao": "1º CIRCUNSCRIÇÃO", "zoneamento": null, "condominio": null, "area_geom": 5021.65, "cnm": null }, "geometry": { "type": "Polygon", "coordinates": [ [ [ -54.628713, -22.131088 ], [ -54.628922, -22.130856 ], [ -54.630037, -22.131724 ], [ -54.629829, -22.131956 ], [ -54.62955, -22.131739 ], [ -54.629271, -22.131522 ], [ -54.628992, -22.131305 ], [ -54.628713, -22.131088 ] ] ] } },
{ "type": "Feature", "properties": { "id": 118739, "insc_imob": "07.01.24.15.374", "quadra_cartorio": "09A", "lote_cartorio": "02", "matricula": null, "circunscricao": "1º CIRCUNSCRIÇÃO", "zoneamento": null, "condominio": null, "area_geom": 5701.76, "cnm": null }, "geometry": { "type": "Polygon", "coordinates": [ [ [ -54.631063, -22.137998 ], [ -54.631834, -22.137139 ], [ -54.632234, -22.13745 ], [ -54.631597, -22.138161 ], [ -54.631574, -22.138163 ], [ -54.631558, -22.138137 ], [ -54.631526, -22.138096 ], [ -54.631487, -22.138059 ], [ -54.631444, -22.138027 ], [ -54.631396, -22.138002 ], [ -54.631344, -22.137983 ], [ -54.631291, -22.137972 ], [ -54.631236, -22.137967 ], [ -54.63118, -22.13797 ], [ -54.631126, -22.13798 ], [ -54.631074, -22.137997 ], [ -54.631067, -22.138001 ], [ -54.631063, -22.137998 ] ] ] } },
{ "type": "Feature", "properties": { "id": 118740, "insc_imob": "07.01.24.15.789", "quadra_cartorio": "09A", "lote_cartorio": "09", "matricula": null, "circunscricao": "1º CIRCUNSCRIÇÃO", "zoneamento": null, "condominio": null, "area_geom": 2042.37, "cnm": null }, "geometry": { "type": "Polygon", "coordinates": [ [ [ -54.630601, -22.136909 ], [ -54.630986, -22.136479 ], [ -54.631231, -22.13667 ], [ -54.630846, -22.1371 ], [ -54.630601, -22.136909 ] ] ] } },
{ "type": "Feature", "properties": { "id": 118741, "insc_imob": "07.01.24.16.031", "quadra_cartorio": "10", "lote_cartorio": "08", "matricula": null, "circunscricao": "1º CIRCUNSCRIÇÃO", "zoneamento": null, "condominio": null, "area_geom": 2788.07, "cnm": null }, "geometry": { "type": "Polygon", "coordinates": [ [ [ -54.628766, -22.133423 ], [ -54.628959, -22.133208 ], [ -54.629628, -22.133729 ], [ -54.629436, -22.133944 ], [ -54.628766, -22.133423 ] ] ] } },
{ "type": "Feature", "properties": { "id": 118766, "insc_imob": "07.01.24.16.304", "quadra_cartorio": "10", "lote_cartorio": "14", "matricula": null, "circunscricao": "1º CIRCUNSCRIÇÃO", "zoneamento": null, "condominio": null, "area_geom": 1858.75, "cnm": null }, "geometry": { "type": "Polygon", "coordinates": [ [ [ -54.629304, -22.134935 ], [ -54.629689, -22.134506 ], [ -54.629912, -22.134679 ], [ -54.629527, -22.135109 ], [ -54.629304, -22.134935 ] ] ] } },
{ "type": "Feature", "properties": { "id": 118767, "insc_imob": "07.01.24.16.334", "quadra_cartorio": "10", "lote_cartorio": "15", "matricula": null, "circunscricao": "1º CIRCUNSCRIÇÃO", "zoneamento": null, "condominio": null, "area_geom": 1858.76, "cnm": null }, "geometry": { "type": "Polygon", "coordinates": [ [ [ -54.629527, -22.135109 ], [ -54.629912, -22.134679 ], [ -54.630135, -22.134853 ], [ -54.62975, -22.135282 ], [ -54.629527, -22.135109 ] ] ] } },
{ "type": "Feature", "properties": { "id": 118768, "insc_imob": "07.01.24.16.364", "quadra_cartorio": "10", "lote_cartorio": "16", "matricula": null, "circunscricao": "1º CIRCUNSCRIÇÃO", "zoneamento": null, "condominio": null, "area_geom": 1858.72, "cnm": null }, "geometry": { "type": "Polygon", "coordinates": [ [ [ -54.62975, -22.135282 ], [ -54.630135, -22.134853 ], [ -54.630359, -22.135026 ], [ -54.629973, -22.135456 ], [ -54.62975, -22.135282 ] ] ] } },
{ "type": "Feature", "properties": { "id": 118769, "insc_imob": "07.01.24.16.578", "quadra_cartorio": "10", "lote_cartorio": "01", "matricula": null, "circunscricao": "1º CIRCUNSCRIÇÃO", "zoneamento": null, "condominio": null, "area_geom": 1858.74, "cnm": null }, "geometry": { "type": "Polygon", "coordinates": [ [ [ -54.630582, -22.1352 ], [ -54.630967, -22.13477 ], [ -54.63119, -22.134944 ], [ -54.630805, -22.135374 ], [ -54.630582, -22.1352 ] ] ] } },
{ "type": "Feature", "properties": { "id": 118789, "insc_imob": "07.01.24.16.608", "quadra_cartorio": "10", "lote_cartorio": "02", "matricula": null, "circunscricao": "1º CIRCUNSCRIÇÃO", "zoneamento": null, "condominio": null, "area_geom": 1858.74, "cnm": null }, "geometry": { "type": "Polygon", "coordinates": [ [ [ -54.630359, -22.135026 ], [ -54.630744, -22.134597 ], [ -54.630967, -22.13477 ], [ -54.630582, -22.1352 ], [ -54.630359, -22.135026 ] ] ] } },
{ "type": "Feature", "properties": { "id": 118790, "insc_imob": "07.01.24.16.668", "quadra_cartorio": "10", "lote_cartorio": "04", "matricula": null, "circunscricao": "1º CIRCUNSCRIÇÃO", "zoneamento": null, "condominio": null, "area_geom": 1858.76, "cnm": null }, "geometry": { "type": "Polygon", "coordinates": [ [ [ -54.629912, -22.134679 ], [ -54.630297, -22.13425 ], [ -54.630521, -22.134423 ], [ -54.630135, -22.134853 ], [ -54.629912, -22.134679 ] ] ] } },
{ "type": "Feature", "properties": { "id": 118791, "insc_imob": "07.01.24.16.698", "quadra_cartorio": "10", "lote_cartorio": "05", "matricula": null, "circunscricao": "1º CIRCUNSCRIÇÃO", "zoneamento": null, "condominio": null, "area_geom": 1858.72, "cnm": null }, "geometry": { "type": "Polygon", "coordinates": [ [ [ -54.629689, -22.134506 ], [ -54.630074, -22.134076 ], [ -54.630297, -22.13425 ], [ -54.629912, -22.134679 ], [ -54.629689, -22.134506 ] ] ] } },
{ "type": "Feature", "properties": { "id": 118793, "insc_imob": "07.01.24.17.267", "quadra_cartorio": "10A", "lote_cartorio": "10", "matricula": null, "circunscricao": "1º CIRCUNSCRIÇÃO", "zoneamento": null, "condominio": null, "area_geom": 1936.17, "cnm": null }, "geometry": { "type": "Polygon", "coordinates": [ [ [ -54.62841, -22.135404 ], [ -54.628516, -22.135286 ], [ -54.628748, -22.135467 ], [ -54.628363, -22.135897 ], [ -54.628131, -22.135716 ], [ -54.62841, -22.135404 ] ] ] } },
{ "type": "Feature", "properties": { "id": 118794, "insc_imob": "07.01.24.17.361", "quadra_cartorio": "10A", "lote_cartorio": "13", "matricula": null, "circunscricao": "1º CIRCUNSCRIÇÃO", "zoneamento": null, "condominio": null, "area_geom": 1936.2, "cnm": null }, "geometry": { "type": "Polygon", "coordinates": [ [ [ -54.628828, -22.136258 ], [ -54.629213, -22.135829 ], [ -54.629445, -22.13601 ], [ -54.62906, -22.136439 ], [ -54.628828, -22.136258 ] ] ] } },
{ "type": "Feature", "properties": { "id": 118795, "insc_imob": "07.01.24.17.393", "quadra_cartorio": "10A", "lote_cartorio": "14", "matricula": null, "circunscricao": "1º CIRCUNSCRIÇÃO", "zoneamento": null, "condominio": null, "area_geom": 1936.21, "cnm": null }, "geometry": { "type": "Polygon", "coordinates": [ [ [ -54.62906, -22.136439 ], [ -54.629445, -22.13601 ], [ -54.629678, -22.136191 ], [ -54.629293, -22.13662 ], [ -54.62906, -22.136439 ] ] ] } },
{ "type": "Feature", "properties": { "id": 118813, "insc_imob": "07.01.24.17.579", "quadra_cartorio": "10A", "lote_cartorio": "01", "matricula": null, "circunscricao": "1º CIRCUNSCRIÇÃO", "zoneamento": null, "condominio": null, "area_geom": 1936.18, "cnm": null }, "geometry": { "type": "Polygon", "coordinates": [ [ [ -54.629678, -22.136191 ], [ -54.630063, -22.135761 ], [ -54.630295, -22.135942 ], [ -54.62991, -22.136371 ], [ -54.629678, -22.136191 ] ] ] } },
{ "type": "Feature", "properties": { "id": 118814, "insc_imob": "07.01.24.17.642", "quadra_cartorio": "10A", "lote_cartorio": "03", "matricula": null, "circunscricao": "1º CIRCUNSCRIÇÃO", "zoneamento": null, "condominio": null, "area_geom": 1936.15, "cnm": null }, "geometry": { "type": "Polygon", "coordinates": [ [ [ -54.629213, -22.135829 ], [ -54.629598, -22.135399 ], [ -54.629831, -22.13558 ], [ -54.629445, -22.13601 ], [ -54.629213, -22.135829 ] ] ] } },
{ "type": "Feature", "properties": { "id": 118815, "insc_imob": "07.01.24.17.673", "quadra_cartorio": "10A", "lote_cartorio": "04", "matricula": null, "circunscricao": "1º CIRCUNSCRIÇÃO", "zoneamento": null, "condominio": null, "area_geom": 1936.15, "cnm": null }, "geometry": { "type": "Polygon", "coordinates": [ [ [ -54.628981, -22.135648 ], [ -54.629366, -22.135218 ], [ -54.629598, -22.135399 ], [ -54.629213, -22.135829 ], [ -54.628981, -22.135648 ] ] ] } },
{ "type": "Feature", "properties": { "id": 118816, "insc_imob": "07.01.24.17.704", "quadra_cartorio": "10A", "lote_cartorio": "05", "matricula": null, "circunscricao": "1º CIRCUNSCRIÇÃO", "zoneamento": null, "condominio": null, "area_geom": 1936.13, "cnm": null }, "geometry": { "type": "Polygon", "coordinates": [ [ [ -54.628748, -22.135467 ], [ -54.629133, -22.135038 ], [ -54.629366, -22.135218 ], [ -54.628981, -22.135648 ], [ -54.628748, -22.135467 ] ] ] } },
{ "type": "Feature", "properties": { "id": 118817, "insc_imob": "07.01.24.17.735", "quadra_cartorio": "10A", "lote_cartorio": "06", "matricula": null, "circunscricao": "1º CIRCUNSCRIÇÃO", "zoneamento": null, "condominio": null, "area_geom": 1936.2, "cnm": null }, "geometry": { "type": "Polygon", "coordinates": [ [ [ -54.628687, -22.135096 ], [ -54.628901, -22.134857 ], [ -54.629133, -22.135038 ], [ -54.628748, -22.135467 ], [ -54.628516, -22.135286 ], [ -54.628687, -22.135096 ] ] ] } },
{ "type": "Feature", "properties": { "id": 118818, "insc_imob": "07.01.24.21.060", "quadra_cartorio": "15", "lote_cartorio": "02", "matricula": null, "circunscricao": "1º CIRCUNSCRIÇÃO", "zoneamento": null, "condominio": null, "area_geom": 2997.96, "cnm": null }, "geometry": { "type": "Polygon", "coordinates": [ [ [ -54.634981, -22.141995 ], [ -54.635271, -22.141971 ], [ -54.635357, -22.14287 ], [ -54.635068, -22.142894 ], [ -54.634981, -22.141995 ] ] ] } },
{ "type": "Feature", "properties": { "id": 118819, "insc_imob": "07.01.24.21.085", "quadra_cartorio": "15", "lote_cartorio": "03", "matricula": null, "circunscricao": "1º CIRCUNSCRIÇÃO", "zoneamento": null, "condominio": null, "area_geom": 2498.33, "cnm": null }, "geometry": { "type": "Polygon", "coordinates": [ [ [ -54.63474, -22.142016 ], [ -54.634981, -22.141995 ], [ -54.635068, -22.142894 ], [ -54.634826, -22.142915 ], [ -54.63474, -22.142016 ] ] ] } },
{ "type": "Feature", "properties": { "id": 118820, "insc_imob": "07.01.24.21.110", "quadra_cartorio": "15", "lote_cartorio": "04", "matricula": null, "circunscricao": "1º CIRCUNSCRIÇÃO", "zoneamento": null, "condominio": null, "area_geom": 2498.31, "cnm": null }, "geometry": { "type": "Polygon", "coordinates": [ [ [ -54.634498, -22.142036 ], [ -54.63474, -22.142016 ], [ -54.634826, -22.142915 ], [ -54.634585, -22.142935 ], [ -54.634498, -22.142036 ] ] ] } },
{ "type": "Feature", "properties": { "id": 118821, "insc_imob": "07.01.24.21.135", "quadra_cartorio": "15", "lote_cartorio": "05", "matricula": null, "circunscricao": "1º CIRCUNSCRIÇÃO", "zoneamento": null, "condominio": null, "area_geom": 2498.29, "cnm": null }, "geometry": { "type": "Polygon", "coordinates": [ [ [ -54.634257, -22.142056 ], [ -54.634498, -22.142036 ], [ -54.634585, -22.142935 ], [ -54.634344, -22.142955 ], [ -54.634257, -22.142056 ] ] ] } },
{ "type": "Feature", "properties": { "id": 118822, "insc_imob": "07.01.24.21.160", "quadra_cartorio": "15", "lote_cartorio": "06", "matricula": null, "circunscricao": "1º CIRCUNSCRIÇÃO", "zoneamento": null, "condominio": null, "area_geom": 2498.3, "cnm": null }, "geometry": { "type": "Polygon", "coordinates": [ [ [ -54.634016, -22.142076 ], [ -54.634257, -22.142056 ], [ -54.634344, -22.142955 ], [ -54.634102, -22.142975 ], [ -54.634016, -22.142076 ] ] ] } },
{ "type": "Feature", "properties": { "id": 118823, "insc_imob": "07.01.24.21.185", "quadra_cartorio": "15", "lote_cartorio": "07", "matricula": null, "circunscricao": "1º CIRCUNSCRIÇÃO", "zoneamento": null, "condominio": null, "area_geom": 2498.29, "cnm": null }, "geometry": { "type": "Polygon", "coordinates": [ [ [ -54.633775, -22.142096 ], [ -54.634016, -22.142076 ], [ -54.634102, -22.142975 ], [ -54.633861, -22.142995 ], [ -54.633775, -22.142096 ] ] ] } },
{ "type": "Feature", "properties": { "id": 118835, "insc_imob": "07.01.24.21.310", "quadra_cartorio": "15", "lote_cartorio": "10", "matricula": null, "circunscricao": "1º CIRCUNSCRIÇÃO", "zoneamento": null, "condominio": null, "area_geom": 4996.57, "cnm": null }, "geometry": { "type": "Polygon", "coordinates": [ [ [ -54.632568, -22.142197 ], [ -54.633051, -22.142157 ], [ -54.633137, -22.143056 ], [ -54.632896, -22.143076 ], [ -54.632889, -22.143077 ], [ -54.632655, -22.143096 ], [ -54.632568, -22.142197 ] ] ] } },
{ "type": "Feature", "properties": { "id": 118836, "insc_imob": "07.01.24.21.785", "quadra_cartorio": "15", "lote_cartorio": "12", "matricula": null, "circunscricao": "1º CIRCUNSCRIÇÃO", "zoneamento": null, "condominio": null, "area_geom": 5199.67, "cnm": null }, "geometry": { "type": "Polygon", "coordinates": [ [ [ -54.631673, -22.142696 ], [ -54.63174, -22.142684 ], [ -54.631806, -22.142666 ], [ -54.631868, -22.14264 ], [ -54.631928, -22.142608 ], [ -54.631982, -22.14257 ], [ -54.632032, -22.142526 ], [ -54.632076, -22.142477 ], [ -54.632091, -22.142458 ], [ -54.632157, -22.143138 ], [ -54.631931, -22.14339 ], [ -54.631187, -22.142811 ], [ -54.631336, -22.142645 ], [ -54.63134, -22.142647 ], [ -54.631403, -22.142671 ], [ -54.631469, -22.142688 ], [ -54.631536, -22.142698 ], [ -54.631605, -22.142701 ], [ -54.631673, -22.142696 ] ] ] } },
{ "type": "Feature", "properties": { "id": 118861, "insc_imob": "07.01.24.21.885", "quadra_cartorio": "15", "lote_cartorio": "14", "matricula": null, "circunscricao": "1º CIRCUNSCRIÇÃO", "zoneamento": null, "condominio": null, "area_geom": 4997.27, "cnm": null }, "geometry": { "type": "Polygon", "coordinates": [ [ [ -54.630571, -22.143498 ], [ -54.630881, -22.143152 ], [ -54.631625, -22.14373 ], [ -54.631315, -22.144077 ], [ -54.630571, -22.143498 ] ] ] } },
{ "type": "Feature", "properties": { "id": 118863, "insc_imob": "07.01.24.21.897", "quadra_cartorio": "15", "lote_cartorio": "16", "matricula": null, "circunscricao": "1º CIRCUNSCRIÇÃO", "zoneamento": null, "condominio": null, "area_geom": 5156.74, "cnm": null }, "geometry": { "type": "Polygon", "coordinates": [ [ [ -54.632157, -22.143138 ], [ -54.632172, -22.143137 ], [ -54.632259, -22.144036 ], [ -54.631278, -22.144118 ], [ -54.631315, -22.144077 ], [ -54.631625, -22.14373 ], [ -54.631931, -22.14339 ], [ -54.632157, -22.143138 ] ] ] } },
{ "type": "Feature", "properties": { "id": 118891, "insc_imob": "07.01.24.21.939", "quadra_cartorio": "15", "lote_cartorio": "23", "matricula": null, "circunscricao": "1º CIRCUNSCRIÇÃO", "zoneamento": null, "condominio": null, "area_geom": 2498.21, "cnm": null }, "geometry": { "type": "Polygon", "coordinates": [ [ [ -54.63362, -22.143016 ], [ -54.633861, -22.142995 ], [ -54.633948, -22.143894 ], [ -54.633706, -22.143915 ], [ -54.63362, -22.143016 ] ] ] } },
{ "type": "Feature", "properties": { "id": 118892, "insc_imob": "07.01.24.21.945", "quadra_cartorio": "15", "lote_cartorio": "24", "matricula": null, "circunscricao": "1º CIRCUNSCRIÇÃO", "zoneamento": null, "condominio": null, "area_geom": 2498.13, "cnm": null }, "geometry": { "type": "Polygon", "coordinates": [ [ [ -54.633861, -22.142995 ], [ -54.634102, -22.142975 ], [ -54.634189, -22.143874 ], [ -54.633948, -22.143894 ], [ -54.633861, -22.142995 ] ] ] } },
{ "type": "Feature", "properties": { "id": 118893, "insc_imob": "07.01.24.21.951", "quadra_cartorio": "15", "lote_cartorio": "25", "matricula": null, "circunscricao": "1º CIRCUNSCRIÇÃO", "zoneamento": null, "condominio": null, "area_geom": 2498.08, "cnm": null }, "geometry": { "type": "Polygon", "coordinates": [ [ [ -54.634102, -22.142975 ], [ -54.634344, -22.142955 ], [ -54.63443, -22.143854 ], [ -54.634189, -22.143874 ], [ -54.634102, -22.142975 ] ] ] } },
{ "type": "Feature", "properties": { "id": 118894, "insc_imob": "07.01.24.21.957", "quadra_cartorio": "15", "lote_cartorio": "26", "matricula": null, "circunscricao": "1º CIRCUNSCRIÇÃO", "zoneamento": null, "condominio": null, "area_geom": 2498.07, "cnm": null }, "geometry": { "type": "Polygon", "coordinates": [ [ [ -54.634344, -22.142955 ], [ -54.634585, -22.142935 ], [ -54.634672, -22.143834 ], [ -54.63443, -22.143854 ], [ -54.634344, -22.142955 ] ] ] } },
{ "type": "Feature", "properties": { "id": 118895, "insc_imob": "07.01.24.21.963", "quadra_cartorio": "15", "lote_cartorio": "27", "matricula": null, "circunscricao": "1º CIRCUNSCRIÇÃO", "zoneamento": null, "condominio": null, "area_geom": 2498.04, "cnm": null }, "geometry": { "type": "Polygon", "coordinates": [ [ [ -54.634585, -22.142935 ], [ -54.634826, -22.142915 ], [ -54.634913, -22.143814 ], [ -54.634672, -22.143834 ], [ -54.634585, -22.142935 ] ] ] } },
{ "type": "Feature", "properties": { "id": 118912, "insc_imob": "07.01.24.21.969", "quadra_cartorio": "15", "lote_cartorio": "28", "matricula": null, "circunscricao": "1º CIRCUNSCRIÇÃO", "zoneamento": null, "condominio": null, "area_geom": 2498.05, "cnm": null }, "geometry": { "type": "Polygon", "coordinates": [ [ [ -54.634826, -22.142915 ], [ -54.635068, -22.142894 ], [ -54.635154, -22.143794 ], [ -54.634913, -22.143814 ], [ -54.634826, -22.142915 ] ] ] } },
{ "type": "Feature", "properties": { "id": 118913, "insc_imob": "07.01.24.21.975", "quadra_cartorio": "15", "lote_cartorio": "29", "matricula": null, "circunscricao": "1º CIRCUNSCRIÇÃO", "zoneamento": null, "condominio": null, "area_geom": 2970.68, "cnm": null }, "geometry": { "type": "Polygon", "coordinates": [ [ [ -54.635068, -22.142894 ], [ -54.635357, -22.14287 ], [ -54.635437, -22.143703 ], [ -54.635373, -22.143775 ], [ -54.635154, -22.143794 ], [ -54.635068, -22.142894 ] ] ] } },
{ "type": "Feature", "properties": { "id": 118914, "insc_imob": "07.01.24.21.981", "quadra_cartorio": "15", "lote_cartorio": "30", "matricula": null, "circunscricao": "1º CIRCUNSCRIÇÃO", "zoneamento": null, "condominio": null, "area_geom": 2326.92, "cnm": null }, "geometry": { "type": "Polygon", "coordinates": [ [ [ -54.635357, -22.14287 ], [ -54.635647, -22.142846 ], [ -54.635701, -22.143409 ], [ -54.635437, -22.143703 ], [ -54.635357, -22.14287 ] ] ] } },
{ "type": "Feature", "properties": { "id": 118915, "insc_imob": "07.01.24.31.103", "quadra_cartorio": "16", "lote_cartorio": "01", "matricula": null, "circunscricao": "1º CIRCUNSCRIÇÃO", "zoneamento": null, "condominio": null, "area_geom": 5261.82, "cnm": null }, "geometry": { "type": "Polygon", "coordinates": [ [ [ -54.634206, -22.144054 ], [ -54.635197, -22.143971 ], [ -54.634295, -22.144977 ], [ -54.634206, -22.144054 ] ] ] } },
{ "type": "Feature", "properties": { "id": 118938, "insc_imob": "07.01.24.31.136", "quadra_cartorio": "16", "lote_cartorio": "02", "matricula": null, "circunscricao": "1º CIRCUNSCRIÇÃO", "zoneamento": null, "condominio": null, "area_geom": 3844.5, "cnm": null }, "geometry": { "type": "Polygon", "coordinates": [ [ [ -54.633894, -22.14408 ], [ -54.634206, -22.144054 ], [ -54.634295, -22.144977 ], [ -54.634011, -22.145294 ], [ -54.633894, -22.14408 ] ] ] } },
{ "type": "Feature", "properties": { "id": 118939, "insc_imob": "07.01.24.31.167", "quadra_cartorio": "16", "lote_cartorio": "03", "matricula": null, "circunscricao": "1º CIRCUNSCRIÇÃO", "zoneamento": null, "condominio": null, "area_geom": 4215.9, "cnm": null }, "geometry": { "type": "Polygon", "coordinates": [ [ [ -54.633592, -22.144106 ], [ -54.633894, -22.14408 ], [ -54.634011, -22.145294 ], [ -54.633709, -22.145319 ], [ -54.633592, -22.144106 ] ] ] } },
{ "type": "Feature", "properties": { "id": 118940, "insc_imob": "07.01.24.31.260", "quadra_cartorio": "16", "lote_cartorio": "06", "matricula": null, "circunscricao": "1º CIRCUNSCRIÇÃO", "zoneamento": null, "condominio": null, "area_geom": 4215.94, "cnm": null }, "geometry": { "type": "Polygon", "coordinates": [ [ [ -54.632687, -22.144181 ], [ -54.632989, -22.144156 ], [ -54.633106, -22.14537 ], [ -54.632804, -22.145395 ], [ -54.632687, -22.144181 ] ] ] } },
{ "type": "Feature", "properties": { "id": 118943, "insc_imob": "07.01.24.31.415", "quadra_cartorio": "16", "lote_cartorio": "11", "matricula": null, "circunscricao": "1º CIRCUNSCRIÇÃO", "zoneamento": null, "condominio": null, "area_geom": 4116.1, "cnm": null }, "geometry": { "type": "Polygon", "coordinates": [ [ [ -54.631187, -22.144307 ], [ -54.631481, -22.144282 ], [ -54.631598, -22.145496 ], [ -54.631462, -22.145507 ], [ -54.631303, -22.14552 ], [ -54.631187, -22.144307 ] ] ] } },
{ "type": "Feature", "properties": { "id": 118944, "insc_imob": "07.01.24.31.491", "quadra_cartorio": "16", "lote_cartorio": "13", "matricula": null, "circunscricao": "1º CIRCUNSCRIÇÃO", "zoneamento": null, "condominio": null, "area_geom": 5058.97, "cnm": null }, "geometry": { "type": "Polygon", "coordinates": [ [ [ -54.630463, -22.144367 ], [ -54.630825, -22.144337 ], [ -54.630941, -22.145551 ], [ -54.63058, -22.145581 ], [ -54.630463, -22.144367 ] ] ] } },
{ "type": "Feature", "properties": { "id": 118963, "insc_imob": "07.01.24.31.688", "quadra_cartorio": "16", "lote_cartorio": "14", "matricula": null, "circunscricao": "1º CIRCUNSCRIÇÃO", "zoneamento": null, "condominio": null, "area_geom": 9013.87, "cnm": null }, "geometry": { "type": "Polygon", "coordinates": [ [ [ -54.629851, -22.14543 ], [ -54.629782, -22.144747 ], [ -54.630095, -22.144398 ], [ -54.630463, -22.144367 ], [ -54.63058, -22.145581 ], [ -54.630097, -22.145621 ], [ -54.629851, -22.14543 ] ] ] } },
{ "type": "Feature", "properties": { "id": 118985, "insc_imob": "07.01.24.31.966", "quadra_cartorio": "16", "lote_cartorio": "24", "matricula": null, "circunscricao": "1º CIRCUNSCRIÇÃO", "zoneamento": null, "condominio": null, "area_geom": 5467.51, "cnm": null }, "geometry": { "type": "Polygon", "coordinates": [ [ [ -54.631598, -22.145496 ], [ -54.631899, -22.145471 ], [ -54.63305, -22.146366 ], [ -54.632851, -22.146588 ], [ -54.632665, -22.146443 ], [ -54.632479, -22.146299 ], [ -54.632293, -22.146154 ], [ -54.632107, -22.146009 ], [ -54.631921, -22.145865 ], [ -54.631735, -22.14572 ], [ -54.631549, -22.145575 ], [ -54.631462, -22.145507 ], [ -54.631598, -22.145496 ] ] ] } },
{ "type": "Feature", "properties": { "id": 118987, "insc_imob": "07.01.24.31.982", "quadra_cartorio": "16", "lote_cartorio": "26", "matricula": null, "circunscricao": "1º CIRCUNSCRIÇÃO", "zoneamento": null, "condominio": null, "area_geom": 3477.14, "cnm": null }, "geometry": { "type": "Polygon", "coordinates": [ [ [ -54.632503, -22.14542 ], [ -54.632804, -22.145395 ], [ -54.633462, -22.145907 ], [ -54.633256, -22.146136 ], [ -54.632352, -22.145433 ], [ -54.632503, -22.14542 ] ] ] } },
{ "type": "Feature", "properties": { "id": 118988, "insc_imob": "07.01.24.31.990", "quadra_cartorio": "16", "lote_cartorio": "27", "matricula": null, "circunscricao": "1º CIRCUNSCRIÇÃO", "zoneamento": null, "condominio": null, "area_geom": 3903.3, "cnm": null }, "geometry": { "type": "Polygon", "coordinates": [ [ [ -54.633709, -22.145319 ], [ -54.634011, -22.145294 ], [ -54.633462, -22.145907 ], [ -54.632804, -22.145395 ], [ -54.633106, -22.14537 ], [ -54.633408, -22.145345 ], [ -54.633709, -22.145319 ] ] ] } },
{ "type": "Feature", "properties": { "id": 118989, "insc_imob": "07.01.25.01.035", "quadra_cartorio": "07", "lote_cartorio": "01", "matricula": null, "circunscricao": "1º CIRCUNSCRIÇÃO", "zoneamento": null, "condominio": null, "area_geom": 3700.42, "cnm": null }, "geometry": { "type": "Polygon", "coordinates": [ [ [ -54.626295, -22.127253 ], [ -54.626512, -22.12701 ], [ -54.627299, -22.127623 ], [ -54.627082, -22.127865 ], [ -54.626295, -22.127253 ] ] ] } },
{ "type": "Feature", "properties": { "id": 118990, "insc_imob": "07.01.25.01.105", "quadra_cartorio": "07", "lote_cartorio": "03", "matricula": null, "circunscricao": "1º CIRCUNSCRIÇÃO", "zoneamento": null, "condominio": null, "area_geom": 3700.46, "cnm": null }, "geometry": { "type": "Polygon", "coordinates": [ [ [ -54.62586, -22.127738 ], [ -54.626077, -22.127495 ], [ -54.626864, -22.128107 ], [ -54.626647, -22.12835 ], [ -54.62586, -22.127738 ] ] ] } },
{ "type": "Feature", "properties": { "id": 118991, "insc_imob": "07.01.25.01.140", "quadra_cartorio": "07", "lote_cartorio": "04", "matricula": null, "circunscricao": "1º CIRCUNSCRIÇÃO", "zoneamento": null, "condominio": null, "area_geom": 3700.46, "cnm": null }, "geometry": { "type": "Polygon", "coordinates": [ [ [ -54.625643, -22.12798 ], [ -54.62586, -22.127738 ], [ -54.626647, -22.12835 ], [ -54.626429, -22.128592 ], [ -54.625643, -22.12798 ] ] ] } },
{ "type": "Feature", "properties": { "id": 119008, "insc_imob": "07.01.25.01.210", "quadra_cartorio": "07", "lote_cartorio": "06", "matricula": null, "circunscricao": "1º CIRCUNSCRIÇÃO", "zoneamento": null, "condominio": null, "area_geom": 3700.45, "cnm": null }, "geometry": { "type": "Polygon", "coordinates": [ [ [ -54.625208, -22.128465 ], [ -54.625425, -22.128223 ], [ -54.626212, -22.128835 ], [ -54.625995, -22.129077 ], [ -54.625208, -22.128465 ] ] ] } },
{ "type": "Feature", "properties": { "id": 119009, "insc_imob": "07.01.25.01.245", "quadra_cartorio": "07", "lote_cartorio": "07", "matricula": null, "circunscricao": "1º CIRCUNSCRIÇÃO", "zoneamento": null, "condominio": null, "area_geom": 3700.51, "cnm": null }, "geometry": { "type": "Polygon", "coordinates": [ [ [ -54.62499, -22.128708 ], [ -54.625208, -22.128465 ], [ -54.625995, -22.129077 ], [ -54.625777, -22.12932 ], [ -54.625591, -22.129175 ], [ -54.625405, -22.129031 ], [ -54.625219, -22.128886 ], [ -54.62499, -22.128708 ] ] ] } },
{ "type": "Feature", "properties": { "id": 119058, "insc_imob": "07.01.25.01.985", "quadra_cartorio": "06", "lote_cartorio": "03", "matricula": null, "circunscricao": "1º CIRCUNSCRIÇÃO", "zoneamento": null, "condominio": null, "area_geom": 5021.54, "cnm": null }, "geometry": { "type": "Polygon", "coordinates": [ [ [ -54.629338, -22.130391 ], [ -54.629546, -22.130159 ], [ -54.630661, -22.131027 ], [ -54.630453, -22.131259 ], [ -54.629338, -22.130391 ] ] ] } },
{ "type": "Feature", "properties": { "id": 119080, "insc_imob": "07.01.25.01.991", "quadra_cartorio": "06", "lote_cartorio": "02", "matricula": null, "circunscricao": "1º CIRCUNSCRIÇÃO", "zoneamento": null, "condominio": null, "area_geom": 5021.57, "cnm": null }, "geometry": { "type": "Polygon", "coordinates": [ [ [ -54.629546, -22.130159 ], [ -54.629754, -22.129927 ], [ -54.630869, -22.130795 ], [ -54.630661, -22.131027 ], [ -54.629546, -22.130159 ] ] ] } },
{ "type": "Feature", "properties": { "id": 119081, "insc_imob": "07.01.25.01.997", "quadra_cartorio": "06", "lote_cartorio": "01", "matricula": null, "circunscricao": "1º CIRCUNSCRIÇÃO", "zoneamento": null, "condominio": null, "area_geom": 5021.48, "cnm": null }, "geometry": { "type": "Polygon", "coordinates": [ [ [ -54.629754, -22.129927 ], [ -54.629962, -22.129695 ], [ -54.631078, -22.130563 ], [ -54.630869, -22.130795 ], [ -54.629754, -22.129927 ] ] ] } },
{ "type": "Feature", "properties": { "id": 119082, "insc_imob": "07.01.25.11.323", "quadra_cartorio": "11", "lote_cartorio": null, "matricula": null, "circunscricao": "1º CIRCUNSCRIÇÃO", "zoneamento": null, "condominio": null, "area_geom": 12174.48, "cnm": null }, "geometry": { "type": "Polygon", "coordinates": [ [ [ -54.625026, -22.133618 ], [ -54.62686, -22.131574 ], [ -54.627172, -22.131817 ], [ -54.625507, -22.133674 ], [ -54.625221, -22.133771 ], [ -54.625026, -22.133618 ] ] ] } },
{ "type": "Feature", "properties": { "id": 119083, "insc_imob": "07.01.25.11.756", "quadra_cartorio": "11", "lote_cartorio": null, "matricula": null, "circunscricao": "1º CIRCUNSCRIÇÃO", "zoneamento": null, "condominio": null, "area_geom": 65308.83, "cnm": null }, "geometry": { "type": "Polygon", "coordinates": [ [ [ -54.626765, -22.134983 ], [ -54.625221, -22.133771 ], [ -54.625507, -22.133674 ], [ -54.627172, -22.131817 ], [ -54.62881, -22.133092 ], [ -54.62697, -22.135144 ], [ -54.626765, -22.134983 ] ] ] } },
{ "type": "Feature", "properties": { "id": 119084, "insc_imob": "07.01.25.12.062", "quadra_cartorio": "12", "lote_cartorio": "12", "matricula": null, "circunscricao": "1º CIRCUNSCRIÇÃO", "zoneamento": null, "condominio": null, "area_geom": 2478.29, "cnm": null }, "geometry": { "type": "Polygon", "coordinates": [ [ [ -54.62386, -22.129969 ], [ -54.624245, -22.129539 ], [ -54.624542, -22.129771 ], [ -54.624157, -22.1302 ], [ -54.62386, -22.129969 ] ] ] } },
{ "type": "Feature", "properties": { "id": 119085, "insc_imob": "07.01.25.12.162", "quadra_cartorio": "12", "lote_cartorio": "13", "matricula": null, "circunscricao": "1º CIRCUNSCRIÇÃO", "zoneamento": null, "condominio": null, "area_geom": 2478.27, "cnm": null }, "geometry": { "type": "Polygon", "coordinates": [ [ [ -54.623475, -22.130398 ], [ -54.62386, -22.129969 ], [ -54.624157, -22.1302 ], [ -54.623772, -22.13063 ], [ -54.623475, -22.130398 ] ] ] } },
{ "type": "Feature", "properties": { "id": 119086, "insc_imob": "07.01.25.12.192", "quadra_cartorio": "12", "lote_cartorio": "14", "matricula": null, "circunscricao": "1º CIRCUNSCRIÇÃO", "zoneamento": null, "condominio": null, "area_geom": 1858.69, "cnm": null }, "geometry": { "type": "Polygon", "coordinates": [ [ [ -54.623772, -22.13063 ], [ -54.624157, -22.1302 ], [ -54.62438, -22.130374 ], [ -54.623995, -22.130803 ], [ -54.623772, -22.13063 ] ] ] } },
{ "type": "Feature", "properties": { "id": 119087, "insc_imob": "07.01.25.12.252", "quadra_cartorio": "12", "lote_cartorio": "16", "matricula": null, "circunscricao": "1º CIRCUNSCRIÇÃO", "zoneamento": null, "condominio": null, "area_geom": 1858.79, "cnm": null }, "geometry": { "type": "Polygon", "coordinates": [ [ [ -54.624218, -22.130977 ], [ -54.624603, -22.130547 ], [ -54.624826, -22.130721 ], [ -54.624441, -22.131151 ], [ -54.624218, -22.130977 ] ] ] } },
{ "type": "Feature", "properties": { "id": 119088, "insc_imob": "07.01.25.12.312", "quadra_cartorio": "12", "lote_cartorio": "18", "matricula": null, "circunscricao": "1º CIRCUNSCRIÇÃO", "zoneamento": null, "condominio": null, "area_geom": 1858.7, "cnm": null }, "geometry": { "type": "Polygon", "coordinates": [ [ [ -54.624664, -22.131324 ], [ -54.62505, -22.130895 ], [ -54.625273, -22.131068 ], [ -54.624888, -22.131498 ], [ -54.624664, -22.131324 ] ] ] } },
{ "type": "Feature", "properties": { "id": 119089, "insc_imob": "07.01.25.12.372", "quadra_cartorio": "12", "lote_cartorio": "20", "matricula": null, "circunscricao": "1º CIRCUNSCRIÇÃO", "zoneamento": null, "condominio": null, "area_geom": 1858.73, "cnm": null }, "geometry": { "type": "Polygon", "coordinates": [ [ [ -54.625111, -22.131671 ], [ -54.625496, -22.131242 ], [ -54.625719, -22.131416 ], [ -54.625526, -22.13163 ], [ -54.625334, -22.131845 ], [ -54.625111, -22.131671 ] ] ] } },
{ "type": "Feature", "properties": { "id": 119090, "insc_imob": "07.01.25.12.546", "quadra_cartorio": "12", "lote_cartorio": "03", "matricula": null, "circunscricao": "1º CIRCUNSCRIÇÃO", "zoneamento": null, "condominio": null, "area_geom": 2527.86, "cnm": null }, "geometry": { "type": "Polygon", "coordinates": [ [ [ -54.625719, -22.131416 ], [ -54.625911, -22.131201 ], [ -54.626518, -22.131673 ], [ -54.626326, -22.131888 ], [ -54.625719, -22.131416 ] ] ] } },
{ "type": "Feature", "properties": { "id": 119091, "insc_imob": "07.01.25.13.282", "quadra_cartorio": "12A", "lote_cartorio": "17", "matricula": null, "circunscricao": "1º CIRCUNSCRIÇÃO", "zoneamento": null, "condominio": null, "area_geom": 1858.73, "cnm": null }, "geometry": { "type": "Polygon", "coordinates": [ [ [ -54.623547, -22.132148 ], [ -54.623932, -22.131719 ], [ -54.624155, -22.131892 ], [ -54.62377, -22.132322 ], [ -54.623547, -22.132148 ] ] ] } },
{ "type": "Feature", "properties": { "id": 119092, "insc_imob": "07.01.25.13.372", "quadra_cartorio": "12A", "lote_cartorio": "20", "matricula": null, "circunscricao": "1º CIRCUNSCRIÇÃO", "zoneamento": null, "condominio": null, "area_geom": 1858.74, "cnm": null }, "geometry": { "type": "Polygon", "coordinates": [ [ [ -54.624216, -22.132669 ], [ -54.624601, -22.13224 ], [ -54.624824, -22.132413 ], [ -54.624632, -22.132628 ], [ -54.624439, -22.132843 ], [ -54.624216, -22.132669 ] ] ] } },
{ "type": "Feature", "properties": { "id": 119093, "insc_imob": "07.01.25.13.515", "quadra_cartorio": "12A", "lote_cartorio": "02", "matricula": null, "circunscricao": "1º CIRCUNSCRIÇÃO", "zoneamento": null, "condominio": null, "area_geom": 2527.87, "cnm": null }, "geometry": { "type": "Polygon", "coordinates": [ [ [ -54.624632, -22.132628 ], [ -54.624824, -22.132413 ], [ -54.625431, -22.132885 ], [ -54.625239, -22.1331 ], [ -54.624632, -22.132628 ] ] ] } },
{ "type": "Feature", "properties": { "id": 119101, "insc_imob": "07.01.25.13.688", "quadra_cartorio": "12A", "lote_cartorio": "05", "matricula": null, "circunscricao": "1º CIRCUNSCRIÇÃO", "zoneamento": null, "condominio": null, "area_geom": 1858.72, "cnm": null }, "geometry": { "type": "Polygon", "coordinates": [ [ [ -54.624601, -22.13224 ], [ -54.624986, -22.13181 ], [ -54.625209, -22.131984 ], [ -54.625017, -22.132198 ], [ -54.624824, -22.132413 ], [ -54.624601, -22.13224 ] ] ] } },
{ "type": "Feature", "properties": { "id": 119102, "insc_imob": "07.01.25.13.748", "quadra_cartorio": "12A", "lote_cartorio": "07", "matricula": null, "circunscricao": "1º CIRCUNSCRIÇÃO", "zoneamento": null, "condominio": null, "area_geom": 1858.71, "cnm": null }, "geometry": { "type": "Polygon", "coordinates": [ [ [ -54.624155, -22.131892 ], [ -54.62454, -22.131463 ], [ -54.624763, -22.131636 ], [ -54.624378, -22.132066 ], [ -54.624155, -22.131892 ] ] ] } },
{ "type": "Feature", "properties": { "id": 119103, "insc_imob": "07.01.25.13.778", "quadra_cartorio": "12A", "lote_cartorio": "08", "matricula": null, "circunscricao": "1º CIRCUNSCRIÇÃO", "zoneamento": null, "condominio": null, "area_geom": 1858.71, "cnm": null }, "geometry": { "type": "Polygon", "coordinates": [ [ [ -54.623932, -22.131719 ], [ -54.624317, -22.131289 ], [ -54.62454, -22.131463 ], [ -54.624155, -22.131892 ], [ -54.623932, -22.131719 ] ] ] } },
{ "type": "Feature", "properties": { "id": 119104, "insc_imob": "07.01.25.13.808", "quadra_cartorio": "12A", "lote_cartorio": "09", "matricula": null, "circunscricao": "1º CIRCUNSCRIÇÃO", "zoneamento": null, "condominio": null, "area_geom": 1858.71, "cnm": null }, "geometry": { "type": "Polygon", "coordinates": [ [ [ -54.623709, -22.131545 ], [ -54.624094, -22.131115 ], [ -54.624317, -22.131289 ], [ -54.623932, -22.131719 ], [ -54.623709, -22.131545 ] ] ] } },
{ "type": "Feature", "properties": { "id": 119175, "insc_imob": "07.01.45.06.264", "quadra_cartorio": "56 NC ", "lote_cartorio": "P/05", "matricula": null, "circunscricao": "1º CIRCUNSCRIÇÃO", "zoneamento": null, "condominio": null, "area_geom": 419.67, "cnm": null }, "geometry": { "type": "Polygon", "coordinates": [ [ [ -54.618092, -22.137409 ], [ -54.618266, -22.137215 ], [ -54.618377, -22.137302 ], [ -54.618203, -22.137496 ], [ -54.618092, -22.137409 ] ] ] } },
{ "type": "Feature", "properties": { "id": 119474, "insc_imob": "07.01.35.18.112", "quadra_cartorio": "14", "lote_cartorio": "11", "matricula": null, "circunscricao": "1º CIRCUNSCRIÇÃO", "zoneamento": null, "condominio": null, "area_geom": 359.74, "cnm": null }, "geometry": { "type": "Polygon", "coordinates": [ [ [ -54.618782, -22.133168 ], [ -54.618969, -22.13296 ], [ -54.619058, -22.133029 ], [ -54.618871, -22.133237 ], [ -54.618782, -22.133168 ] ] ] } },
{ "type": "Feature", "properties": { "id": 119483, "insc_imob": "07.01.35.18.293", "quadra_cartorio": "14", "lote_cartorio": "22", "matricula": null, "circunscricao": "1º CIRCUNSCRIÇÃO", "zoneamento": null, "condominio": null, "area_geom": 317.21, "cnm": null }, "geometry": { "type": "Polygon", "coordinates": [ [ [ -54.61969, -22.133169 ], [ -54.619756, -22.133102 ], [ -54.61999, -22.133285 ], [ -54.619928, -22.133354 ], [ -54.61969, -22.133169 ] ] ] } },
{ "type": "Feature", "properties": { "id": 119484, "insc_imob": "07.01.35.18.306", "quadra_cartorio": "14", "lote_cartorio": "23", "matricula": null, "circunscricao": "1º CIRCUNSCRIÇÃO", "zoneamento": null, "condominio": null, "area_geom": 312.2, "cnm": null }, "geometry": { "type": "Polygon", "coordinates": [ [ [ -54.619756, -22.133102 ], [ -54.619822, -22.133036 ], [ -54.620053, -22.133215 ], [ -54.61999, -22.133285 ], [ -54.619756, -22.133102 ] ] ] } },
{ "type": "Feature", "properties": { "id": 119485, "insc_imob": "07.01.35.18.320", "quadra_cartorio": "14", "lote_cartorio": "23", "matricula": null, "circunscricao": "1º CIRCUNSCRIÇÃO", "zoneamento": null, "condominio": null, "area_geom": 428.53, "cnm": null }, "geometry": { "type": "Polygon", "coordinates": [ [ [ -54.619822, -22.133036 ], [ -54.619914, -22.132943 ], [ -54.62014, -22.133118 ], [ -54.620053, -22.133215 ], [ -54.619822, -22.133036 ] ] ] } },
{ "type": "Feature", "properties": { "id": 119486, "insc_imob": "07.01.35.18.358", "quadra_cartorio": "14", "lote_cartorio": "03", "matricula": null, "circunscricao": "1º CIRCUNSCRIÇÃO", "zoneamento": null, "condominio": null, "area_geom": 359.73, "cnm": null }, "geometry": { "type": "Polygon", "coordinates": [ [ [ -54.619485, -22.132891 ], [ -54.619671, -22.132683 ], [ -54.61976, -22.132753 ], [ -54.619574, -22.132961 ], [ -54.619485, -22.132891 ] ] ] } },
{ "type": "Feature", "properties": { "id": 119571, "insc_imob": "07.01.35.26.013", "quadra_cartorio": "10", "lote_cartorio": "25", "matricula": null, "circunscricao": "1º CIRCUNSCRIÇÃO", "zoneamento": null, "condominio": null, "area_geom": 405.82, "cnm": null }, "geometry": { "type": "Polygon", "coordinates": [ [ [ -54.619497, -22.134004 ], [ -54.619575, -22.133917 ], [ -54.619817, -22.134106 ], [ -54.619739, -22.134192 ], [ -54.619497, -22.134004 ] ] ] } },
{ "type": "Feature", "properties": { "id": 119579, "insc_imob": "07.01.35.26.037", "quadra_cartorio": "10", "lote_cartorio": "J", "matricula": null, "circunscricao": "1º CIRCUNSCRIÇÃO", "zoneamento": null, "condominio": null, "area_geom": 390.06, "cnm": null }, "geometry": { "type": "Polygon", "coordinates": [ [ [ -54.619348, -22.13417 ], [ -54.619423, -22.134087 ], [ -54.619664, -22.134275 ], [ -54.61959, -22.134359 ], [ -54.619348, -22.13417 ] ] ] } },
{ "type": "Feature", "properties": { "id": 119583, "insc_imob": "07.01.35.26.192", "quadra_cartorio": "10", "lote_cartorio": "10", "matricula": null, "circunscricao": "1º CIRCUNSCRIÇÃO", "zoneamento": null, "condominio": null, "area_geom": 359.86, "cnm": null }, "geometry": { "type": "Polygon", "coordinates": [ [ [ -54.619278, -22.135093 ], [ -54.619465, -22.134885 ], [ -54.619554, -22.134955 ], [ -54.619367, -22.135163 ], [ -54.619278, -22.135093 ] ] ] } },
{ "type": "Feature", "properties": { "id": 119584, "insc_imob": "07.01.35.26.204", "quadra_cartorio": "10", "lote_cartorio": "11", "matricula": null, "circunscricao": "1º CIRCUNSCRIÇÃO", "zoneamento": null, "condominio": null, "area_geom": 359.87, "cnm": null }, "geometry": { "type": "Polygon", "coordinates": [ [ [ -54.619367, -22.135163 ], [ -54.619554, -22.134955 ], [ -54.619643, -22.135024 ], [ -54.619457, -22.135232 ], [ -54.619367, -22.135163 ] ] ] } },
{ "type": "Feature", "properties": { "id": 119601, "insc_imob": "07.01.35.26.398", "quadra_cartorio": "10", "lote_cartorio": "E", "matricula": null, "circunscricao": "1º CIRCUNSCRIÇÃO", "zoneamento": null, "condominio": null, "area_geom": 477.19, "cnm": null }, "geometry": { "type": "Polygon", "coordinates": [ [ [ -54.619668, -22.134553 ], [ -54.619965, -22.134221 ], [ -54.62004, -22.134279 ], [ -54.619742, -22.134611 ], [ -54.619668, -22.134553 ] ] ] } },
{ "type": "Feature", "properties": { "id": 119602, "insc_imob": "07.01.35.26.408", "quadra_cartorio": "10", "lote_cartorio": "F", "matricula": null, "circunscricao": "1º CIRCUNSCRIÇÃO", "zoneamento": null, "condominio": null, "area_geom": 480.02, "cnm": null }, "geometry": { "type": "Polygon", "coordinates": [ [ [ -54.619593, -22.134495 ], [ -54.619891, -22.134163 ], [ -54.619965, -22.134221 ], [ -54.619668, -22.134553 ], [ -54.619666, -22.134551 ], [ -54.619593, -22.134495 ] ] ] } },
{ "type": "Feature", "properties": { "id": 119603, "insc_imob": "07.01.35.26.418", "quadra_cartorio": "10", "lote_cartorio": "G", "matricula": null, "circunscricao": "1º CIRCUNSCRIÇÃO", "zoneamento": null, "condominio": null, "area_geom": 476.58, "cnm": null }, "geometry": { "type": "Polygon", "coordinates": [ [ [ -54.619739, -22.134192 ], [ -54.619817, -22.134106 ], [ -54.619891, -22.134163 ], [ -54.619593, -22.134495 ], [ -54.619519, -22.134437 ], [ -54.61959, -22.134359 ], [ -54.619664, -22.134275 ], [ -54.619739, -22.134192 ] ] ] } },
{ "type": "Feature", "properties": { "id": 119604, "insc_imob": "07.01.35.27.054", "quadra_cartorio": "11", "lote_cartorio": "10", "matricula": null, "circunscricao": "1º CIRCUNSCRIÇÃO", "zoneamento": null, "condominio": null, "area_geom": 618.88, "cnm": null }, "geometry": { "type": "Polygon", "coordinates": [ [ [ -54.618364, -22.133612 ], [ -54.618438, -22.13353 ], [ -54.618824, -22.133831 ], [ -54.61875, -22.133913 ], [ -54.618364, -22.133612 ] ] ] } },
{ "type": "Feature", "properties": { "id": 119608, "insc_imob": "07.01.35.27.168", "quadra_cartorio": "11", "lote_cartorio": "17", "matricula": null, "circunscricao": "1º CIRCUNSCRIÇÃO", "zoneamento": null, "condominio": null, "area_geom": 359.78, "cnm": null }, "geometry": { "type": "Polygon", "coordinates": [ [ [ -54.618223, -22.134276 ], [ -54.618409, -22.134068 ], [ -54.618498, -22.134138 ], [ -54.618312, -22.134346 ], [ -54.618223, -22.134276 ] ] ] } },
{ "type": "Feature", "properties": { "id": 119609, "insc_imob": "07.01.35.27.180", "quadra_cartorio": "11", "lote_cartorio": "18", "matricula": null, "circunscricao": "1º CIRCUNSCRIÇÃO", "zoneamento": null, "condominio": null, "area_geom": 359.82, "cnm": null }, "geometry": { "type": "Polygon", "coordinates": [ [ [ -54.618312, -22.134346 ], [ -54.618498, -22.134138 ], [ -54.618528, -22.134161 ], [ -54.618588, -22.134207 ], [ -54.618401, -22.134415 ], [ -54.618312, -22.134346 ] ] ] } },
{ "type": "Feature", "properties": { "id": 119610, "insc_imob": "07.01.35.27.192", "quadra_cartorio": "11", "lote_cartorio": "19", "matricula": null, "circunscricao": "1º CIRCUNSCRIÇÃO", "zoneamento": null, "condominio": null, "area_geom": 359.82, "cnm": null }, "geometry": { "type": "Polygon", "coordinates": [ [ [ -54.618401, -22.134415 ], [ -54.618588, -22.134207 ], [ -54.618677, -22.134277 ], [ -54.61849, -22.134485 ], [ -54.618401, -22.134415 ] ] ] } },
{ "type": "Feature", "properties": { "id": 119612, "insc_imob": "07.01.35.27.290", "quadra_cartorio": "11", "lote_cartorio": "24", "matricula": null, "circunscricao": "1º CIRCUNSCRIÇÃO", "zoneamento": null, "condominio": null, "area_geom": 618.37, "cnm": null }, "geometry": { "type": "Polygon", "coordinates": [ [ [ -54.618677, -22.133996 ], [ -54.61875, -22.133913 ], [ -54.619137, -22.134214 ], [ -54.619063, -22.134297 ], [ -54.618677, -22.133996 ] ] ] } },
{ "type": "Feature", "properties": { "id": 119613, "insc_imob": "07.01.35.27.302", "quadra_cartorio": "11", "lote_cartorio": "25", "matricula": null, "circunscricao": "1º CIRCUNSCRIÇÃO", "zoneamento": null, "condominio": null, "area_geom": 618.77, "cnm": null }, "geometry": { "type": "Polygon", "coordinates": [ [ [ -54.61875, -22.133913 ], [ -54.618824, -22.133831 ], [ -54.619211, -22.134132 ], [ -54.619137, -22.134214 ], [ -54.61875, -22.133913 ] ] ] } },
{ "type": "Feature", "properties": { "id": 119615, "insc_imob": "07.01.35.27.374", "quadra_cartorio": "11", "lote_cartorio": "02", "matricula": null, "circunscricao": "1º CIRCUNSCRIÇÃO", "zoneamento": null, "condominio": null, "area_geom": 359.74, "cnm": null }, "geometry": { "type": "Polygon", "coordinates": [ [ [ -54.619047, -22.133864 ], [ -54.619233, -22.133656 ], [ -54.619323, -22.133726 ], [ -54.619136, -22.133934 ], [ -54.619047, -22.133864 ] ] ] } },
{ "type": "Feature", "properties": { "id": 119617, "insc_imob": "07.01.35.27.398", "quadra_cartorio": "11", "lote_cartorio": "04", "matricula": null, "circunscricao": "1º CIRCUNSCRIÇÃO", "zoneamento": null, "condominio": null, "area_geom": 359.76, "cnm": null }, "geometry": { "type": "Polygon", "coordinates": [ [ [ -54.618868, -22.133725 ], [ -54.619055, -22.133517 ], [ -54.619144, -22.133587 ], [ -54.618958, -22.133795 ], [ -54.618898, -22.133748 ], [ -54.618868, -22.133725 ] ] ] } },
{ "type": "Feature", "properties": { "id": 119621, "insc_imob": "07.01.35.33.038", "quadra_cartorio": "07", "lote_cartorio": "14", "matricula": null, "circunscricao": "1º CIRCUNSCRIÇÃO", "zoneamento": null, "condominio": null, "area_geom": 383.72, "cnm": null }, "geometry": { "type": "Polygon", "coordinates": [ [ [ -54.620995, -22.137022 ], [ -54.621069, -22.136939 ], [ -54.621307, -22.137124 ], [ -54.621233, -22.137207 ], [ -54.620995, -22.137022 ] ] ] } },
{ "type": "Feature", "properties": { "id": 119622, "insc_imob": "07.01.35.33.062", "quadra_cartorio": "08", "lote_cartorio": "16", "matricula": null, "circunscricao": "1º CIRCUNSCRIÇÃO", "zoneamento": null, "condominio": null, "area_geom": 383.73, "cnm": null }, "geometry": { "type": "Polygon", "coordinates": [ [ [ -54.620845, -22.137188 ], [ -54.62092, -22.137105 ], [ -54.621158, -22.13729 ], [ -54.621083, -22.137373 ], [ -54.620845, -22.137188 ] ] ] } },
{ "type": "Feature", "properties": { "id": 119623, "insc_imob": "07.01.35.33.086", "quadra_cartorio": "07", "lote_cartorio": "18", "matricula": null, "circunscricao": "1º CIRCUNSCRIÇÃO", "zoneamento": null, "condominio": null, "area_geom": 383.73, "cnm": null }, "geometry": { "type": "Polygon", "coordinates": [ [ [ -54.620696, -22.137355 ], [ -54.620771, -22.137271 ], [ -54.621009, -22.137457 ], [ -54.620934, -22.13754 ], [ -54.620696, -22.137355 ] ] ] } },
{ "type": "Feature", "properties": { "id": 119624, "insc_imob": "07.01.35.33.156", "quadra_cartorio": "07", "lote_cartorio": "21", "matricula": null, "circunscricao": "1º CIRCUNSCRIÇÃO", "zoneamento": null, "condominio": null, "area_geom": 599.57, "cnm": null }, "geometry": { "type": "Polygon", "coordinates": [ [ [ -54.620937, -22.137706 ], [ -54.621247, -22.13736 ], [ -54.621255, -22.137366 ], [ -54.621329, -22.137423 ], [ -54.621336, -22.137429 ], [ -54.621026, -22.137776 ], [ -54.620937, -22.137706 ] ] ] } },
{ "type": "Feature", "properties": { "id": 119625, "insc_imob": "07.01.35.33.168", "quadra_cartorio": "07", "lote_cartorio": "22", "matricula": null, "circunscricao": "1º CIRCUNSCRIÇÃO", "zoneamento": null, "condominio": null, "area_geom": 599.59, "cnm": null }, "geometry": { "type": "Polygon", "coordinates": [ [ [ -54.621026, -22.137776 ], [ -54.621336, -22.137429 ], [ -54.621426, -22.137499 ], [ -54.621351, -22.137582 ], [ -54.621277, -22.137665 ], [ -54.621202, -22.137748 ], [ -54.621115, -22.137845 ], [ -54.621026, -22.137776 ] ] ] } },
{ "type": "Feature", "properties": { "id": 119626, "insc_imob": "07.01.35.33.238", "quadra_cartorio": "07", "lote_cartorio": "03", "matricula": null, "circunscricao": "1º CIRCUNSCRIÇÃO", "zoneamento": null, "condominio": null, "area_geom": 383.77, "cnm": null }, "geometry": { "type": "Polygon", "coordinates": [ [ [ -54.621277, -22.137665 ], [ -54.621351, -22.137582 ], [ -54.621589, -22.137767 ], [ -54.621515, -22.13785 ], [ -54.621277, -22.137665 ] ] ] } },
{ "type": "Feature", "properties": { "id": 119627, "insc_imob": "07.01.35.33.250", "quadra_cartorio": "07", "lote_cartorio": "04", "matricula": null, "circunscricao": "1º CIRCUNSCRIÇÃO", "zoneamento": null, "condominio": null, "area_geom": 383.73, "cnm": null }, "geometry": { "type": "Polygon", "coordinates": [ [ [ -54.621351, -22.137582 ], [ -54.621426, -22.137499 ], [ -54.621664, -22.137684 ], [ -54.621589, -22.137767 ], [ -54.621351, -22.137582 ] ] ] } },
{ "type": "Feature", "properties": { "id": 119628, "insc_imob": "07.01.35.33.274", "quadra_cartorio": "07", "lote_cartorio": "06", "matricula": null, "circunscricao": "1º CIRCUNSCRIÇÃO", "zoneamento": null, "condominio": null, "area_geom": 383.72, "cnm": null }, "geometry": { "type": "Polygon", "coordinates": [ [ [ -54.6215, -22.137416 ], [ -54.621575, -22.137332 ], [ -54.621813, -22.137518 ], [ -54.621738, -22.137601 ], [ -54.6215, -22.137416 ] ] ] } },
{ "type": "Feature", "properties": { "id": 119629, "insc_imob": "07.01.35.33.336", "quadra_cartorio": "07", "lote_cartorio": "09", "matricula": null, "circunscricao": "1º CIRCUNSCRIÇÃO", "zoneamento": null, "condominio": null, "area_geom": 599.59, "cnm": null }, "geometry": { "type": "Polygon", "coordinates": [ [ [ -54.621336, -22.137429 ], [ -54.621647, -22.137083 ], [ -54.621736, -22.137152 ], [ -54.621649, -22.137249 ], [ -54.621575, -22.137332 ], [ -54.6215, -22.137416 ], [ -54.621426, -22.137499 ], [ -54.621336, -22.137429 ] ] ] } },
{ "type": "Feature", "properties": { "id": 119631, "insc_imob": "07.01.35.33.348", "quadra_cartorio": "07", "lote_cartorio": "10", "matricula": null, "circunscricao": "1º CIRCUNSCRIÇÃO", "zoneamento": null, "condominio": null, "area_geom": 599.59, "cnm": null }, "geometry": { "type": "Polygon", "coordinates": [ [ [ -54.621247, -22.13736 ], [ -54.621558, -22.137013 ], [ -54.621647, -22.137083 ], [ -54.621336, -22.137429 ], [ -54.621329, -22.137423 ], [ -54.621255, -22.137366 ], [ -54.621247, -22.13736 ] ] ] } },
{ "type": "Feature", "properties": { "id": 119636, "insc_imob": "07.01.35.34.210", "quadra_cartorio": "01", "lote_cartorio": "01", "matricula": null, "circunscricao": "1º CIRCUNSCRIÇÃO", "zoneamento": null, "condominio": null, "area_geom": 475.67, "cnm": null }, "geometry": { "type": "Polygon", "coordinates": [ [ [ -54.620227, -22.137154 ], [ -54.620314, -22.137057 ], [ -54.620567, -22.137254 ], [ -54.62048, -22.137351 ], [ -54.620227, -22.137154 ] ] ] } },
{ "type": "Feature", "properties": { "id": 119637, "insc_imob": "07.01.35.34.224", "quadra_cartorio": "01", "lote_cartorio": "02", "matricula": null, "circunscricao": "1º CIRCUNSCRIÇÃO", "zoneamento": null, "condominio": null, "area_geom": 407.7, "cnm": null }, "geometry": { "type": "Polygon", "coordinates": [ [ [ -54.620314, -22.137057 ], [ -54.620389, -22.136974 ], [ -54.620642, -22.137171 ], [ -54.620567, -22.137254 ], [ -54.620314, -22.137057 ] ] ] } },
{ "type": "Feature", "properties": { "id": 119638, "insc_imob": "07.01.35.34.236", "quadra_cartorio": "01", "lote_cartorio": "03", "matricula": null, "circunscricao": "1º CIRCUNSCRIÇÃO", "zoneamento": null, "condominio": null, "area_geom": 407.72, "cnm": null }, "geometry": { "type": "Polygon", "coordinates": [ [ [ -54.620389, -22.136974 ], [ -54.620463, -22.136891 ], [ -54.620716, -22.137088 ], [ -54.620642, -22.137171 ], [ -54.620389, -22.136974 ] ] ] } },
{ "type": "Feature", "properties": { "id": 119639, "insc_imob": "07.01.35.34.260", "quadra_cartorio": "01", "lote_cartorio": "05", "matricula": null, "circunscricao": "1º CIRCUNSCRIÇÃO", "zoneamento": null, "condominio": null, "area_geom": 406.93, "cnm": null }, "geometry": { "type": "Polygon", "coordinates": [ [ [ -54.620538, -22.136807 ], [ -54.620612, -22.136724 ], [ -54.620865, -22.136921 ], [ -54.620791, -22.137004 ], [ -54.620538, -22.136807 ] ] ] } },
{ "type": "Feature", "properties": { "id": 119640, "insc_imob": "07.01.35.34.272", "quadra_cartorio": "01", "lote_cartorio": "06", "matricula": null, "circunscricao": "1º CIRCUNSCRIÇÃO", "zoneamento": null, "condominio": null, "area_geom": 407.73, "cnm": null }, "geometry": { "type": "Polygon", "coordinates": [ [ [ -54.620612, -22.136724 ], [ -54.620687, -22.136641 ], [ -54.62094, -22.136838 ], [ -54.62089, -22.136894 ], [ -54.620865, -22.136921 ], [ -54.620612, -22.136724 ] ] ] } },
{ "type": "Feature", "properties": { "id": 119641, "insc_imob": "07.01.35.34.284", "quadra_cartorio": "01", "lote_cartorio": "07", "matricula": null, "circunscricao": "1º CIRCUNSCRIÇÃO", "zoneamento": null, "condominio": null, "area_geom": 407.7, "cnm": null }, "geometry": { "type": "Polygon", "coordinates": [ [ [ -54.620687, -22.136641 ], [ -54.620761, -22.136558 ], [ -54.621014, -22.136755 ], [ -54.62094, -22.136838 ], [ -54.620687, -22.136641 ] ] ] } },
{ "type": "Feature", "properties": { "id": 119642, "insc_imob": "07.01.35.34.332", "quadra_cartorio": "01", "lote_cartorio": "08", "matricula": null, "circunscricao": "1º CIRCUNSCRIÇÃO", "zoneamento": null, "condominio": null, "area_geom": 475.67, "cnm": null }, "geometry": { "type": "Polygon", "coordinates": [ [ [ -54.620761, -22.136558 ], [ -54.620848, -22.136461 ], [ -54.621101, -22.136658 ], [ -54.621014, -22.136755 ], [ -54.620761, -22.136558 ] ] ] } },
{ "type": "Feature", "properties": { "id": 119643, "insc_imob": "07.01.35.34.344", "quadra_cartorio": "01", "lote_cartorio": "09", "matricula": null, "circunscricao": "1º CIRCUNSCRIÇÃO", "zoneamento": null, "condominio": null, "area_geom": 599.15, "cnm": null }, "geometry": { "type": "Polygon", "coordinates": [ [ [ -54.620449, -22.136738 ], [ -54.620511, -22.136668 ], [ -54.620759, -22.136392 ], [ -54.620848, -22.136461 ], [ -54.620761, -22.136558 ], [ -54.620687, -22.136641 ], [ -54.620612, -22.136724 ], [ -54.620538, -22.136807 ], [ -54.620449, -22.136738 ] ] ] } },
{ "type": "Feature", "properties": { "id": 119748, "insc_imob": "07.01.35.36.240", "quadra_cartorio": "06", "lote_cartorio": "16", "matricula": null, "circunscricao": "1º CIRCUNSCRIÇÃO", "zoneamento": null, "condominio": null, "area_geom": 588.28, "cnm": null }, "geometry": { "type": "Polygon", "coordinates": [ [ [ -54.618774, -22.136023 ], [ -54.618856, -22.135929 ], [ -54.618988, -22.135778 ], [ -54.619115, -22.135877 ], [ -54.618898, -22.136119 ], [ -54.618774, -22.136023 ] ] ] } },
{ "type": "Feature", "properties": { "id": 119752, "insc_imob": "07.01.35.36.385", "quadra_cartorio": "06", "lote_cartorio": "06", "matricula": null, "circunscricao": "1º CIRCUNSCRIÇÃO", "zoneamento": null, "condominio": null, "area_geom": 491.88, "cnm": null }, "geometry": { "type": "Polygon", "coordinates": [ [ [ -54.618856, -22.135031 ], [ -54.61892, -22.13496 ], [ -54.619009, -22.13503 ], [ -54.618755, -22.135314 ], [ -54.618665, -22.135245 ], [ -54.618793, -22.135102 ], [ -54.618856, -22.135031 ] ] ] } },
{ "type": "Feature", "properties": { "id": 119865, "insc_imob": "07.01.35.44.304", "quadra_cartorio": "10 NC", "lote_cartorio": "P/16", "matricula": null, "circunscricao": "1º CIRCUNSCRIÇÃO", "zoneamento": null, "condominio": null, "area_geom": 375.0, "cnm": null }, "geometry": { "type": "Polygon", "coordinates": [ [ [ -54.620196, -22.137599 ], [ -54.620382, -22.137391 ], [ -54.620475, -22.137463 ], [ -54.620289, -22.137671 ], [ -54.620196, -22.137599 ] ] ] } },
{ "type": "Feature", "properties": { "id": 119864, "insc_imob": "07.01.35.44.261", "quadra_cartorio": "10 NC", "lote_cartorio": "P/16", "matricula": null, "circunscricao": "1º CIRCUNSCRIÇÃO", "zoneamento": null, "condominio": null, "area_geom": 611.95, "cnm": null }, "geometry": { "type": "Polygon", "coordinates": [ [ [ -54.619835, -22.137459 ], [ -54.61991, -22.137376 ], [ -54.619917, -22.137382 ], [ -54.620021, -22.137463 ], [ -54.620107, -22.137529 ], [ -54.620196, -22.137599 ], [ -54.620289, -22.137671 ], [ -54.620214, -22.137754 ], [ -54.619835, -22.137459 ] ] ] } },
{ "type": "Feature", "properties": { "id": 119866, "insc_imob": "07.01.35.44.328", "quadra_cartorio": "10 NC", "lote_cartorio": "P/16", "matricula": null, "circunscricao": "1º CIRCUNSCRIÇÃO", "zoneamento": null, "condominio": null, "area_geom": 344.99, "cnm": null }, "geometry": { "type": "Polygon", "coordinates": [ [ [ -54.620021, -22.137463 ], [ -54.620208, -22.137255 ], [ -54.620293, -22.137322 ], [ -54.620107, -22.137529 ], [ -54.620021, -22.137463 ] ] ] } },
{ "type": "Feature", "properties": { "id": 119884, "insc_imob": "07.01.35.45.115", "quadra_cartorio": "04", "lote_cartorio": "830", "matricula": null, "circunscricao": "1º CIRCUNSCRIÇÃO", "zoneamento": null, "condominio": null, "area_geom": 606.38, "cnm": null }, "geometry": { "type": "Polygon", "coordinates": [ [ [ -54.618345, -22.136936 ], [ -54.618529, -22.136731 ], [ -54.618682, -22.13685 ], [ -54.618498, -22.137055 ], [ -54.618345, -22.136936 ] ] ] } },
{ "type": "Feature", "properties": { "id": 119815, "insc_imob": "07.01.35.43.357", "quadra_cartorio": "10NC", "lote_cartorio": "P/16", "matricula": null, "circunscricao": "1º CIRCUNSCRIÇÃO", "zoneamento": null, "condominio": null, "area_geom": 1157.82, "cnm": null }, "geometry": { "type": "Polygon", "coordinates": [ [ [ -54.620671, -22.137981 ], [ -54.620856, -22.13778 ], [ -54.62103, -22.137918 ], [ -54.620722, -22.138255 ], [ -54.620633, -22.138184 ], [ -54.620546, -22.138115 ], [ -54.620595, -22.138063 ], [ -54.620671, -22.137981 ] ] ] } },
{ "type": "Feature", "properties": { "id": 119889, "insc_imob": "07.01.35.45.306", "quadra_cartorio": "04", "lote_cartorio": "12", "matricula": null, "circunscricao": "1º CIRCUNSCRIÇÃO", "zoneamento": null, "condominio": null, "area_geom": 347.74, "cnm": null }, "geometry": { "type": "Polygon", "coordinates": [ [ [ -54.619262, -22.136878 ], [ -54.619442, -22.136677 ], [ -54.619532, -22.136747 ], [ -54.619351, -22.136948 ], [ -54.619262, -22.136878 ] ] ] } },
{ "type": "Feature", "properties": { "id": 119912, "insc_imob": "07.01.36.31.078", "quadra_cartorio": "12", "lote_cartorio": "12", "matricula": null, "circunscricao": "1º CIRCUNSCRIÇÃO", "zoneamento": null, "condominio": null, "area_geom": 589.18, "cnm": null }, "geometry": { "type": "Polygon", "coordinates": [ [ [ -54.617394, -22.133131 ], [ -54.617468, -22.133048 ], [ -54.617836, -22.133335 ], [ -54.617762, -22.133418 ], [ -54.617394, -22.133131 ] ] ] } },
{ "type": "Feature", "properties": { "id": 119915, "insc_imob": "07.01.36.31.156", "quadra_cartorio": "12", "lote_cartorio": "16", "matricula": null, "circunscricao": "1º CIRCUNSCRIÇÃO", "zoneamento": null, "condominio": null, "area_geom": 359.75, "cnm": null }, "geometry": { "type": "Polygon", "coordinates": [ [ [ -54.617312, -22.13356 ], [ -54.617498, -22.133353 ], [ -54.617587, -22.133422 ], [ -54.617401, -22.13363 ], [ -54.617312, -22.13356 ] ] ] } },
{ "type": "Feature", "properties": { "id": 119916, "insc_imob": "07.01.36.31.180", "quadra_cartorio": "12", "lote_cartorio": "18", "matricula": null, "circunscricao": "1º CIRCUNSCRIÇÃO", "zoneamento": null, "condominio": null, "area_geom": 359.8, "cnm": null }, "geometry": { "type": "Polygon", "coordinates": [ [ [ -54.61749, -22.133699 ], [ -54.617676, -22.133492 ], [ -54.617688, -22.1335 ], [ -54.617766, -22.133561 ], [ -54.617579, -22.133769 ], [ -54.61749, -22.133699 ] ] ] } },
{ "type": "Feature", "properties": { "id": 119917, "insc_imob": "07.01.36.31.192", "quadra_cartorio": "12", "lote_cartorio": "19", "matricula": null, "circunscricao": "1º CIRCUNSCRIÇÃO", "zoneamento": null, "condominio": null, "area_geom": 359.82, "cnm": null }, "geometry": { "type": "Polygon", "coordinates": [ [ [ -54.617579, -22.133769 ], [ -54.617766, -22.133561 ], [ -54.617855, -22.13363 ], [ -54.617669, -22.133838 ], [ -54.617579, -22.133769 ] ] ] } },
{ "type": "Feature", "properties": { "id": 119918, "insc_imob": "07.01.36.31.204", "quadra_cartorio": "12", "lote_cartorio": "20", "matricula": null, "circunscricao": "1º CIRCUNSCRIÇÃO", "zoneamento": null, "condominio": null, "area_geom": 359.86, "cnm": null }, "geometry": { "type": "Polygon", "coordinates": [ [ [ -54.617669, -22.133838 ], [ -54.617855, -22.13363 ], [ -54.617944, -22.1337 ], [ -54.617758, -22.133908 ], [ -54.617669, -22.133838 ] ] ] } },
{ "type": "Feature", "properties": { "id": 119928, "insc_imob": "07.01.36.31.273", "quadra_cartorio": "12", "lote_cartorio": "23", "matricula": null, "circunscricao": "1º CIRCUNSCRIÇÃO", "zoneamento": null, "condominio": null, "area_geom": 589.03, "cnm": null }, "geometry": { "type": "Polygon", "coordinates": [ [ [ -54.617762, -22.133418 ], [ -54.617836, -22.133335 ], [ -54.618204, -22.133621 ], [ -54.61813, -22.133704 ], [ -54.617762, -22.133418 ] ] ] } },
{ "type": "Feature", "properties": { "id": 119929, "insc_imob": "07.01.36.31.285", "quadra_cartorio": "12", "lote_cartorio": "24", "matricula": null, "circunscricao": "1º CIRCUNSCRIÇÃO", "zoneamento": null, "condominio": null, "area_geom": 589.05, "cnm": null }, "geometry": { "type": "Polygon", "coordinates": [ [ [ -54.617836, -22.133335 ], [ -54.617842, -22.133328 ], [ -54.617903, -22.13326 ], [ -54.61791, -22.133252 ], [ -54.618278, -22.133539 ], [ -54.618204, -22.133621 ], [ -54.617836, -22.133335 ] ] ] } },
{ "type": "Feature", "properties": { "id": 119930, "insc_imob": "07.01.36.31.309", "quadra_cartorio": "12", "lote_cartorio": "26", "matricula": null, "circunscricao": "1º CIRCUNSCRIÇÃO", "zoneamento": null, "condominio": null, "area_geom": 588.97, "cnm": null }, "geometry": { "type": "Polygon", "coordinates": [ [ [ -54.617984, -22.13317 ], [ -54.618058, -22.133087 ], [ -54.618136, -22.133148 ], [ -54.618225, -22.133218 ], [ -54.618314, -22.133287 ], [ -54.618426, -22.133374 ], [ -54.618352, -22.133456 ], [ -54.617984, -22.13317 ] ] ] } },
{ "type": "Feature", "properties": { "id": 119953, "insc_imob": "07.01.36.31.378", "quadra_cartorio": "12", "lote_cartorio": "03", "matricula": null, "circunscricao": "1º CIRCUNSCRIÇÃO", "zoneamento": null, "condominio": null, "area_geom": 359.75, "cnm": null }, "geometry": { "type": "Polygon", "coordinates": [ [ [ -54.618136, -22.133148 ], [ -54.618322, -22.13294 ], [ -54.618411, -22.13301 ], [ -54.618225, -22.133218 ], [ -54.618136, -22.133148 ] ] ] } },
{ "type": "Feature", "properties": { "id": 119995, "insc_imob": "07.01.25.12.868", "quadra_cartorio": "12", "lote_cartorio": "11", "matricula": null, "circunscricao": "1º CIRCUNSCRIÇÃO", "zoneamento": null, "condominio": null, "area_geom": 1858.69, "cnm": null }, "geometry": { "type": "Polygon", "coordinates": [ [ [ -54.624157, -22.1302 ], [ -54.624542, -22.129771 ], [ -54.624765, -22.129944 ], [ -54.62438, -22.130374 ], [ -54.624157, -22.1302 ] ] ] } },
{ "type": "Feature", "properties": { "id": 120001, "insc_imob": "07.01.36.31.390", "quadra_cartorio": "12", "lote_cartorio": "04", "matricula": null, "circunscricao": "1º CIRCUNSCRIÇÃO", "zoneamento": null, "condominio": null, "area_geom": 359.75, "cnm": null }, "geometry": { "type": "Polygon", "coordinates": [ [ [ -54.618047, -22.133079 ], [ -54.618233, -22.132871 ], [ -54.618322, -22.13294 ], [ -54.618136, -22.133148 ], [ -54.618058, -22.133087 ], [ -54.618047, -22.133079 ] ] ] } },
{ "type": "Feature", "properties": { "id": 120002, "insc_imob": "07.01.36.31.402", "quadra_cartorio": "12", "lote_cartorio": "05", "matricula": null, "circunscricao": "1º CIRCUNSCRIÇÃO", "zoneamento": null, "condominio": null, "area_geom": 359.74, "cnm": null }, "geometry": { "type": "Polygon", "coordinates": [ [ [ -54.617957, -22.133009 ], [ -54.618144, -22.132801 ], [ -54.618233, -22.132871 ], [ -54.618047, -22.133079 ], [ -54.617957, -22.133009 ] ] ] } },
{ "type": "Feature", "properties": { "id": 120028, "insc_imob": "07.01.36.32.030", "quadra_cartorio": "12", "lote_cartorio": "08", "matricula": null, "circunscricao": "1º CIRCUNSCRIÇÃO", "zoneamento": null, "condominio": null, "area_geom": 354.7, "cnm": null }, "geometry": { "type": "Polygon", "coordinates": [ [ [ -54.616907, -22.132166 ], [ -54.617091, -22.131961 ], [ -54.61718, -22.13203 ], [ -54.616996, -22.132235 ], [ -54.616907, -22.132166 ] ] ] } },
{ "type": "Feature", "properties": { "id": 120225, "insc_imob": "07.01.36.34.227", "quadra_cartorio": "01", "lote_cartorio": "01", "matricula": null, "circunscricao": "1º CIRCUNSCRIÇÃO", "zoneamento": null, "condominio": null, "area_geom": 233.96, "cnm": null }, "geometry": { "type": "Polygon", "coordinates": [ [ [ -54.616399, -22.132426 ], [ -54.616537, -22.132271 ], [ -54.616615, -22.132332 ], [ -54.616476, -22.132487 ], [ -54.616399, -22.132426 ] ] ] } },
{ "type": "Feature", "properties": { "id": 120275, "insc_imob": "07.01.36.35.180", "quadra_cartorio": "12", "lote_cartorio": "13", "matricula": null, "circunscricao": "1º CIRCUNSCRIÇÃO", "zoneamento": null, "condominio": null, "area_geom": 258.78, "cnm": null }, "geometry": { "type": "Polygon", "coordinates": [ [ [ -54.615374, -22.131803 ], [ -54.615436, -22.131734 ], [ -54.615629, -22.131884 ], [ -54.615567, -22.131953 ], [ -54.615374, -22.131803 ] ] ] } },
{ "type": "Feature", "properties": { "id": 120306, "insc_imob": "07.01.36.38.032", "quadra_cartorio": "08", "lote_cartorio": "08", "matricula": null, "circunscricao": "1º CIRCUNSCRIÇÃO", "zoneamento": null, "condominio": null, "area_geom": 383.98, "cnm": null }, "geometry": { "type": "Polygon", "coordinates": [ [ [ -54.616854, -22.133721 ], [ -54.617053, -22.133499 ], [ -54.617142, -22.133569 ], [ -54.616944, -22.13379 ], [ -54.616854, -22.133721 ] ] ] } },
{ "type": "Feature", "properties": { "id": 120351, "insc_imob": "07.01.24.01.366", "quadra_cartorio": "01", "lote_cartorio": "09", "matricula": null, "circunscricao": "1º CIRCUNSCRIÇÃO", "zoneamento": null, "condominio": null, "area_geom": 2448.29, "cnm": null }, "geometry": { "type": "Polygon", "coordinates": [ [ [ -54.637437, -22.137944 ], [ -54.638113, -22.137888 ], [ -54.638174, -22.138517 ], [ -54.637437, -22.137944 ] ] ] } },
{ "type": "Feature", "properties": { "id": 120352, "insc_imob": "07.01.24.05.167", "quadra_cartorio": "05", "lote_cartorio": "21", "matricula": null, "circunscricao": "1º CIRCUNSCRIÇÃO", "zoneamento": null, "condominio": null, "area_geom": 5021.53, "cnm": null }, "geometry": { "type": "Polygon", "coordinates": [ [ [ -54.630186, -22.131839 ], [ -54.630394, -22.131607 ], [ -54.631509, -22.132475 ], [ -54.631301, -22.132708 ], [ -54.630186, -22.131839 ] ] ] } },
{ "type": "Feature", "properties": { "id": 120374, "insc_imob": "07.01.36.38.184", "quadra_cartorio": "08", "lote_cartorio": "18", "matricula": null, "circunscricao": "1º CIRCUNSCRIÇÃO", "zoneamento": null, "condominio": null, "area_geom": 383.72, "cnm": null }, "geometry": { "type": "Polygon", "coordinates": [ [ [ -54.616967, -22.134609 ], [ -54.617166, -22.134387 ], [ -54.617255, -22.134457 ], [ -54.617057, -22.134678 ], [ -54.616967, -22.134609 ] ] ] } },
{ "type": "Feature", "properties": { "id": 120416, "insc_imob": "07.01.36.38.350", "quadra_cartorio": "08", "lote_cartorio": "04", "matricula": null, "circunscricao": "1º CIRCUNSCRIÇÃO", "zoneamento": null, "condominio": null, "area_geom": 375.73, "cnm": null }, "geometry": { "type": "Polygon", "coordinates": [ [ [ -54.617193, -22.133984 ], [ -54.617392, -22.133763 ], [ -54.617481, -22.133832 ], [ -54.617278, -22.134051 ], [ -54.617222, -22.134007 ], [ -54.617193, -22.133984 ] ] ] } },
{ "type": "Feature", "properties": { "id": 120497, "insc_imob": "07.01.36.40.053", "quadra_cartorio": "12 NC", "lote_cartorio": "P/03", "matricula": null, "circunscricao": "1º CIRCUNSCRIÇÃO", "zoneamento": null, "condominio": null, "area_geom": 331.56, "cnm": null }, "geometry": { "type": "Polygon", "coordinates": [ [ [ -54.615169, -22.132513 ], [ -54.615246, -22.132428 ], [ -54.61536, -22.13252 ], [ -54.615446, -22.132599 ], [ -54.615378, -22.132675 ], [ -54.615169, -22.132513 ] ] ] } },
{ "type": "Feature", "properties": { "id": 120498, "insc_imob": "07.01.36.40.060", "quadra_cartorio": "12 NC", "lote_cartorio": "P/03", "matricula": null, "circunscricao": "1º CIRCUNSCRIÇÃO", "zoneamento": null, "condominio": null, "area_geom": 637.55, "cnm": null }, "geometry": { "type": "Polygon", "coordinates": [ [ [ -54.615033, -22.132666 ], [ -54.615169, -22.132513 ], [ -54.615378, -22.132675 ], [ -54.615339, -22.132727 ], [ -54.615256, -22.132839 ], [ -54.615033, -22.132666 ] ] ] } },
{ "type": "Feature", "properties": { "id": 120499, "insc_imob": "07.01.36.40.130", "quadra_cartorio": "12 NC", "lote_cartorio": "P/03", "matricula": null, "circunscricao": "1º CIRCUNSCRIÇÃO", "zoneamento": null, "condominio": null, "area_geom": 599.56, "cnm": null }, "geometry": { "type": "Polygon", "coordinates": [ [ [ -54.614815, -22.132908 ], [ -54.61494, -22.132769 ], [ -54.615163, -22.132943 ], [ -54.615111, -22.133001 ], [ -54.615038, -22.133082 ], [ -54.614815, -22.132908 ] ] ] } },
{ "type": "Feature", "properties": { "id": 120500, "insc_imob": "07.01.36.40.165", "quadra_cartorio": "12 NC", "lote_cartorio": "P/03", "matricula": null, "circunscricao": "1º CIRCUNSCRIÇÃO", "zoneamento": null, "condominio": null, "area_geom": 1605.23, "cnm": null }, "geometry": { "type": "Polygon", "coordinates": [ [ [ -54.615163, -22.132943 ], [ -54.615225, -22.132874 ], [ -54.615256, -22.132839 ], [ -54.615339, -22.132727 ], [ -54.615438, -22.132805 ], [ -54.615647, -22.132967 ], [ -54.615586, -22.133034 ], [ -54.615512, -22.132975 ], [ -54.615448, -22.133047 ], [ -54.615261, -22.133255 ], [ -54.615038, -22.133082 ], [ -54.615111, -22.133001 ], [ -54.615163, -22.132943 ] ] ] } },
{ "type": "Feature", "properties": { "id": 120501, "insc_imob": "07.01.36.40.180", "quadra_cartorio": "12 NC", "lote_cartorio": "P/03", "matricula": null, "circunscricao": "1º CIRCUNSCRIÇÃO", "zoneamento": null, "condominio": null, "area_geom": 1199.31, "cnm": null }, "geometry": { "type": "Polygon", "coordinates": [ [ [ -54.615261, -22.133255 ], [ -54.615448, -22.133047 ], [ -54.615745, -22.133279 ], [ -54.615559, -22.133487 ], [ -54.61541, -22.133371 ], [ -54.615261, -22.133255 ] ] ] } },
{ "type": "Feature", "properties": { "id": 120502, "insc_imob": "07.01.36.40.259", "quadra_cartorio": "12 NC ", "lote_cartorio": "P/03", "matricula": null, "circunscricao": "1º CIRCUNSCRIÇÃO", "zoneamento": null, "condominio": null, "area_geom": 867.92, "cnm": null }, "geometry": { "type": "Polygon", "coordinates": [ [ [ -54.615647, -22.132967 ], [ -54.615765, -22.132836 ], [ -54.615988, -22.13301 ], [ -54.615807, -22.133211 ], [ -54.615586, -22.133034 ], [ -54.615647, -22.132967 ] ] ] } },
{ "type": "Feature", "properties": { "id": 120521, "insc_imob": "07.01.36.40.358", "quadra_cartorio": "12 NC", "lote_cartorio": "P/03", "matricula": null, "circunscricao": "1º CIRCUNSCRIÇÃO", "zoneamento": null, "condominio": null, "area_geom": 1401.35, "cnm": null }, "geometry": { "type": "Polygon", "coordinates": [ [ [ -54.615438, -22.132805 ], [ -54.615749, -22.132458 ], [ -54.615957, -22.13262 ], [ -54.615765, -22.132836 ], [ -54.615647, -22.132967 ], [ -54.615463, -22.132824 ], [ -54.615438, -22.132805 ] ] ] } },
{ "type": "Feature", "properties": { "id": 120522, "insc_imob": "07.01.36.40.384", "quadra_cartorio": "12 NC", "lote_cartorio": "P/03", "matricula": null, "circunscricao": "1º CIRCUNSCRIÇÃO", "zoneamento": null, "condominio": null, "area_geom": 390.29, "cnm": null }, "geometry": { "type": "Polygon", "coordinates": [ [ [ -54.61536, -22.13252 ], [ -54.615553, -22.132306 ], [ -54.615645, -22.132377 ], [ -54.615446, -22.132599 ], [ -54.61536, -22.13252 ] ] ] } },
{ "type": "Feature", "properties": { "id": 120548, "insc_imob": "07.01.36.41.028", "quadra_cartorio": "12 NC ", "lote_cartorio": "P/03", "matricula": null, "circunscricao": "1º CIRCUNSCRIÇÃO", "zoneamento": null, "condominio": null, "area_geom": 302.73, "cnm": null }, "geometry": { "type": "Polygon", "coordinates": [ [ [ -54.614451, -22.131767 ], [ -54.614502, -22.13171 ], [ -54.614774, -22.131921 ], [ -54.614722, -22.131978 ], [ -54.614451, -22.131767 ] ] ] } },
{ "type": "Feature", "properties": { "id": 120549, "insc_imob": "07.01.36.41.038", "quadra_cartorio": "12 NC", "lote_cartorio": "P/03", "matricula": null, "circunscricao": "1º CIRCUNSCRIÇÃO", "zoneamento": null, "condominio": null, "area_geom": 364.72, "cnm": null }, "geometry": { "type": "Polygon", "coordinates": [ [ [ -54.614389, -22.131836 ], [ -54.614451, -22.131767 ], [ -54.614722, -22.131978 ], [ -54.61466, -22.132048 ], [ -54.614389, -22.131836 ] ] ] } },
{ "type": "Feature", "properties": { "id": 120550, "insc_imob": "07.01.36.41.048", "quadra_cartorio": "12 NC", "lote_cartorio": "P/03", "matricula": null, "circunscricao": "1º CIRCUNSCRIÇÃO", "zoneamento": null, "condominio": null, "area_geom": 368.4, "cnm": null }, "geometry": { "type": "Polygon", "coordinates": [ [ [ -54.614326, -22.131906 ], [ -54.614389, -22.131836 ], [ -54.61466, -22.132048 ], [ -54.614597, -22.132118 ], [ -54.614326, -22.131906 ] ] ] } },
{ "type": "Feature", "properties": { "id": 120551, "insc_imob": "07.01.36.41.059", "quadra_cartorio": "12 NC", "lote_cartorio": "P/03", "matricula": null, "circunscricao": "1º CIRCUNSCRIÇÃO", "zoneamento": null, "condominio": null, "area_geom": 489.28, "cnm": null }, "geometry": { "type": "Polygon", "coordinates": [ [ [ -54.614262, -22.131977 ], [ -54.614326, -22.131906 ], [ -54.614597, -22.132118 ], [ -54.614683, -22.132184 ], [ -54.614619, -22.132255 ], [ -54.614515, -22.132174 ], [ -54.614262, -22.131977 ] ] ] } },
{ "type": "Feature", "properties": { "id": 120552, "insc_imob": "07.01.36.41.069", "quadra_cartorio": "12 NC ", "lote_cartorio": "P/03", "matricula": null, "circunscricao": "1º CIRCUNSCRIÇÃO", "zoneamento": null, "condominio": null, "area_geom": 349.95, "cnm": null }, "geometry": { "type": "Polygon", "coordinates": [ [ [ -54.614198, -22.132048 ], [ -54.614262, -22.131977 ], [ -54.614515, -22.132174 ], [ -54.614451, -22.132245 ], [ -54.614377, -22.132187 ], [ -54.614198, -22.132048 ] ] ] } },
{ "type": "Feature", "properties": { "id": 120553, "insc_imob": "07.01.36.41.137", "quadra_cartorio": "12 NC", "lote_cartorio": "P/06", "matricula": null, "circunscricao": "1º CIRCUNSCRIÇÃO", "zoneamento": null, "condominio": null, "area_geom": 339.76, "cnm": null }, "geometry": { "type": "Polygon", "coordinates": [ [ [ -54.614315, -22.132257 ], [ -54.614377, -22.132187 ], [ -54.614451, -22.132245 ], [ -54.61424, -22.132481 ], [ -54.614166, -22.132423 ], [ -54.614315, -22.132257 ] ] ] } },
{ "type": "Feature", "properties": { "id": 120554, "insc_imob": "07.01.36.41.146", "quadra_cartorio": "12 NCD", "lote_cartorio": "P/06", "matricula": null, "circunscricao": "1º CIRCUNSCRIÇÃO", "zoneamento": null, "condominio": null, "area_geom": 315.96, "cnm": null }, "geometry": { "type": "Polygon", "coordinates": [ [ [ -54.61424, -22.132481 ], [ -54.614451, -22.132245 ], [ -54.61452, -22.132299 ], [ -54.614309, -22.132534 ], [ -54.61424, -22.132481 ] ] ] } },
{ "type": "Feature", "properties": { "id": 120555, "insc_imob": "07.01.36.41.354", "quadra_cartorio": "12 NC ", "lote_cartorio": "P/06", "matricula": null, "circunscricao": "1º CIRCUNSCRIÇÃO", "zoneamento": null, "condominio": null, "area_geom": 5109.26, "cnm": null }, "geometry": { "type": "Polygon", "coordinates": [ [ [ -54.614683, -22.132184 ], [ -54.614965, -22.131869 ], [ -54.615352, -22.13217 ], [ -54.614731, -22.132863 ], [ -54.614395, -22.132601 ], [ -54.614606, -22.132365 ], [ -54.61452, -22.132299 ], [ -54.614451, -22.132245 ], [ -54.614515, -22.132174 ], [ -54.614619, -22.132255 ], [ -54.614683, -22.132184 ] ] ] } },
{ "type": "Feature", "properties": { "id": 120645, "insc_imob": "07.01.36.42.384", "quadra_cartorio": "05", "lote_cartorio": "19", "matricula": null, "circunscricao": "1º CIRCUNSCRIÇÃO", "zoneamento": null, "condominio": null, "area_geom": 379.83, "cnm": null }, "geometry": { "type": "Polygon", "coordinates": [ [ [ -54.61368, -22.131917 ], [ -54.613736, -22.131854 ], [ -54.614018, -22.132074 ], [ -54.613956, -22.132143 ], [ -54.613674, -22.131923 ], [ -54.61368, -22.131917 ] ] ] } },
{ "type": "Feature", "properties": { "id": 120646, "insc_imob": "07.01.36.42.404", "quadra_cartorio": "05", "lote_cartorio": "18", "matricula": null, "circunscricao": "1º CIRCUNSCRIÇÃO", "zoneamento": null, "condominio": null, "area_geom": 379.61, "cnm": null }, "geometry": { "type": "Polygon", "coordinates": [ [ [ -54.613742, -22.131847 ], [ -54.613798, -22.131785 ], [ -54.614081, -22.132005 ], [ -54.614018, -22.132074 ], [ -54.613736, -22.131854 ], [ -54.613742, -22.131847 ] ] ] } },
{ "type": "Feature", "properties": { "id": 120649, "insc_imob": "07.01.36.42.518", "quadra_cartorio": "05", "lote_cartorio": "11", "matricula": null, "circunscricao": "1º CIRCUNSCRIÇÃO", "zoneamento": null, "condominio": null, "area_geom": 379.69, "cnm": null }, "geometry": { "type": "Polygon", "coordinates": [ [ [ -54.614239, -22.131293 ], [ -54.614243, -22.131289 ], [ -54.614525, -22.131508 ], [ -54.614463, -22.131578 ], [ -54.614181, -22.131358 ], [ -54.614233, -22.1313 ], [ -54.614239, -22.131293 ] ] ] } },
{ "type": "Feature", "properties": { "id": 120651, "insc_imob": "07.01.36.48.041", "quadra_cartorio": "01", "lote_cartorio": "15", "matricula": null, "circunscricao": "1º CIRCUNSCRIÇÃO", "zoneamento": null, "condominio": null, "area_geom": 593.58, "cnm": null }, "geometry": { "type": "Polygon", "coordinates": [ [ [ -54.616097, -22.134562 ], [ -54.616171, -22.134479 ], [ -54.616271, -22.134557 ], [ -54.616361, -22.134627 ], [ -54.61645, -22.134696 ], [ -54.616539, -22.134766 ], [ -54.616465, -22.134849 ], [ -54.616097, -22.134562 ] ] ] } },
{ "type": "Feature", "properties": { "id": 120687, "insc_imob": "07.01.36.11.102", "quadra_cartorio": "12 NC", "lote_cartorio": "03", "matricula": "46020 - Transcrição", "circunscricao": "1º CIRCUNSCRIÇÃO", "zoneamento": null, "condominio": null, "area_geom": 359.74, "cnm": "062661.2.0046020-50" }, "geometry": { "type": "Polygon", "coordinates": [ [ [ -54.61912, -22.132091 ], [ -54.619306, -22.131883 ], [ -54.619395, -22.131952 ], [ -54.619209, -22.13216 ], [ -54.61912, -22.132091 ] ] ] } },
{ "type": "Feature", "properties": { "id": 120671, "insc_imob": "07.01.36.48.340", "quadra_cartorio": "01", "lote_cartorio": "18", "matricula": null, "circunscricao": "1º CIRCUNSCRIÇÃO", "zoneamento": null, "condominio": null, "area_geom": 2027.79, "cnm": null }, "geometry": { "type": "Polygon", "coordinates": [ [ [ -54.616539, -22.134766 ], [ -54.616719, -22.134565 ], [ -54.617087, -22.134851 ], [ -54.616833, -22.135135 ], [ -54.616465, -22.134849 ], [ -54.616539, -22.134766 ] ] ] } },
{ "type": "Feature", "properties": { "id": 120672, "insc_imob": "07.01.36.48.352", "quadra_cartorio": "01", "lote_cartorio": "17", "matricula": null, "circunscricao": "1º CIRCUNSCRIÇÃO", "zoneamento": null, "condominio": null, "area_geom": 347.75, "cnm": null }, "geometry": { "type": "Polygon", "coordinates": [ [ [ -54.61645, -22.134696 ], [ -54.61663, -22.134495 ], [ -54.616719, -22.134565 ], [ -54.616539, -22.134766 ], [ -54.61645, -22.134696 ] ] ] } },
{ "type": "Feature", "properties": { "id": 120689, "insc_imob": "07.01.36.21.030", "quadra_cartorio": "17", "lote_cartorio": "08", "matricula": null, "circunscricao": "1º CIRCUNSCRIÇÃO", "zoneamento": null, "condominio": null, "area_geom": 359.73, "cnm": null }, "geometry": { "type": "Polygon", "coordinates": [ [ [ -54.618397, -22.132035 ], [ -54.618583, -22.131827 ], [ -54.618673, -22.131896 ], [ -54.618486, -22.132104 ], [ -54.618397, -22.132035 ] ] ] } },
{ "type": "Feature", "properties": { "id": 120690, "insc_imob": "07.01.36.21.040", "quadra_cartorio": "17", "lote_cartorio": "09", "matricula": null, "circunscricao": "1º CIRCUNSCRIÇÃO", "zoneamento": null, "condominio": null, "area_geom": 494.71, "cnm": null }, "geometry": { "type": "Polygon", "coordinates": [ [ [ -54.618335, -22.132104 ], [ -54.618397, -22.132035 ], [ -54.618486, -22.132104 ], [ -54.618575, -22.132174 ], [ -54.618665, -22.132243 ], [ -54.618754, -22.132313 ], [ -54.618765, -22.132321 ], [ -54.618703, -22.132391 ], [ -54.618335, -22.132104 ] ] ] } },
{ "type": "Feature", "properties": { "id": 120691, "insc_imob": "07.01.36.21.060", "quadra_cartorio": "17", "lote_cartorio": "11", "matricula": null, "circunscricao": "1º CIRCUNSCRIÇÃO", "zoneamento": null, "condominio": null, "area_geom": 494.67, "cnm": null }, "geometry": { "type": "Polygon", "coordinates": [ [ [ -54.618211, -22.132243 ], [ -54.618273, -22.132173 ], [ -54.618604, -22.132431 ], [ -54.618641, -22.13246 ], [ -54.618579, -22.132529 ], [ -54.618211, -22.132243 ] ] ] } },
{ "type": "Feature", "properties": { "id": 120711, "insc_imob": "07.01.36.21.112", "quadra_cartorio": "17", "lote_cartorio": "13", "matricula": null, "circunscricao": "1º CIRCUNSCRIÇÃO", "zoneamento": null, "condominio": null, "area_geom": 359.75, "cnm": null }, "geometry": { "type": "Polygon", "coordinates": [ [ [ -54.617962, -22.13252 ], [ -54.618148, -22.132312 ], [ -54.618238, -22.132381 ], [ -54.618051, -22.132589 ], [ -54.617962, -22.13252 ] ] ] } },
{ "type": "Feature", "properties": { "id": 120712, "insc_imob": "07.01.36.21.148", "quadra_cartorio": "17", "lote_cartorio": "16", "matricula": null, "circunscricao": "1º CIRCUNSCRIÇÃO", "zoneamento": null, "condominio": null, "area_geom": 359.74, "cnm": null }, "geometry": { "type": "Polygon", "coordinates": [ [ [ -54.61823, -22.132728 ], [ -54.618416, -22.13252 ], [ -54.618505, -22.13259 ], [ -54.618319, -22.132797 ], [ -54.61823, -22.132728 ] ] ] } },
{ "type": "Feature", "properties": { "id": 120713, "insc_imob": "07.01.36.21.160", "quadra_cartorio": "17", "lote_cartorio": "17", "matricula": null, "circunscricao": "1º CIRCUNSCRIÇÃO", "zoneamento": null, "condominio": null, "area_geom": 359.75, "cnm": null }, "geometry": { "type": "Polygon", "coordinates": [ [ [ -54.618319, -22.132797 ], [ -54.618505, -22.13259 ], [ -54.618517, -22.132598 ], [ -54.618595, -22.132659 ], [ -54.618408, -22.132867 ], [ -54.618319, -22.132797 ] ] ] } },
{ "type": "Feature", "properties": { "id": 120714, "insc_imob": "07.01.36.21.172", "quadra_cartorio": "17", "lote_cartorio": "18", "matricula": null, "circunscricao": "1º CIRCUNSCRIÇÃO", "zoneamento": null, "condominio": null, "area_geom": 359.77, "cnm": null }, "geometry": { "type": "Polygon", "coordinates": [ [ [ -54.618408, -22.132867 ], [ -54.618595, -22.132659 ], [ -54.618684, -22.132729 ], [ -54.618497, -22.132936 ], [ -54.618408, -22.132867 ] ] ] } },
{ "type": "Feature", "properties": { "id": 120746, "insc_imob": "07.01.36.21.184", "quadra_cartorio": "17", "lote_cartorio": "19", "matricula": null, "circunscricao": "1º CIRCUNSCRIÇÃO", "zoneamento": null, "condominio": null, "area_geom": 359.78, "cnm": null }, "geometry": { "type": "Polygon", "coordinates": [ [ [ -54.618497, -22.132936 ], [ -54.618684, -22.132729 ], [ -54.618773, -22.132798 ], [ -54.618587, -22.133006 ], [ -54.618497, -22.132936 ] ] ] } },
{ "type": "Feature", "properties": { "id": 120747, "insc_imob": "07.01.36.21.229", "quadra_cartorio": "17", "lote_cartorio": "20", "matricula": null, "circunscricao": "1º CIRCUNSCRIÇÃO", "zoneamento": null, "condominio": null, "area_geom": 449.68, "cnm": null }, "geometry": { "type": "Polygon", "coordinates": [ [ [ -54.618587, -22.133006 ], [ -54.618773, -22.132798 ], [ -54.618885, -22.132885 ], [ -54.618698, -22.133093 ], [ -54.618587, -22.133006 ] ] ] } },
{ "type": "Feature", "properties": { "id": 120771, "insc_imob": "07.01.24.04.456", "quadra_cartorio": "04", "lote_cartorio": "12", "matricula": null, "circunscricao": "1º CIRCUNSCRIÇÃO", "zoneamento": null, "condominio": null, "area_geom": 2498.31, "cnm": null }, "geometry": { "type": "Polygon", "coordinates": [ [ [ -54.632269, -22.135431 ], [ -54.63289, -22.134738 ], [ -54.633076, -22.134883 ], [ -54.632455, -22.135576 ], [ -54.632269, -22.135431 ] ] ] } },
{ "type": "Feature", "properties": { "id": 120773, "insc_imob": "07.01.24.16.486", "quadra_cartorio": "10", "lote_cartorio": "18", "matricula": null, "circunscricao": "1º CIRCUNSCRIÇÃO", "zoneamento": null, "condominio": null, "area_geom": 1858.74, "cnm": null }, "geometry": { "type": "Polygon", "coordinates": [ [ [ -54.630196, -22.13563 ], [ -54.630582, -22.1352 ], [ -54.630805, -22.135374 ], [ -54.63042, -22.135803 ], [ -54.630196, -22.13563 ] ] ] } },
{ "type": "Feature", "properties": { "id": 120774, "insc_imob": "07.01.25.13.838", "quadra_cartorio": "12A", "lote_cartorio": "10", "matricula": null, "circunscricao": "1º CIRCUNSCRIÇÃO", "zoneamento": null, "condominio": null, "area_geom": 1858.73, "cnm": null }, "geometry": { "type": "Polygon", "coordinates": [ [ [ -54.623486, -22.131371 ], [ -54.623871, -22.130942 ], [ -54.624094, -22.131115 ], [ -54.623709, -22.131545 ], [ -54.623486, -22.131371 ] ] ] } },
{ "type": "Feature", "properties": { "id": 120775, "insc_imob": "07.01.36.41.157", "quadra_cartorio": "12 NC", "lote_cartorio": "P/06", "matricula": null, "circunscricao": "1º CIRCUNSCRIÇÃO", "zoneamento": null, "condominio": null, "area_geom": 390.7, "cnm": null }, "geometry": { "type": "Polygon", "coordinates": [ [ [ -54.614309, -22.132534 ], [ -54.61452, -22.132299 ], [ -54.614606, -22.132365 ], [ -54.614395, -22.132601 ], [ -54.614309, -22.132534 ] ] ] } },
{ "type": "Feature", "properties": { "id": 120776, "insc_imob": "07.01.36.21.249", "quadra_cartorio": "17", "lote_cartorio": "22", "matricula": null, "circunscricao": "1º CIRCUNSCRIÇÃO", "zoneamento": null, "condominio": null, "area_geom": 494.64, "cnm": null }, "geometry": { "type": "Polygon", "coordinates": [ [ [ -54.618579, -22.132529 ], [ -54.618641, -22.13246 ], [ -54.618678, -22.132489 ], [ -54.619009, -22.132746 ], [ -54.618947, -22.132816 ], [ -54.618579, -22.132529 ] ] ] } },
{ "type": "Feature", "properties": { "id": 120781, "insc_imob": "07.01.36.21.362", "quadra_cartorio": "17", "lote_cartorio": "05", "matricula": null, "circunscricao": "1º CIRCUNSCRIÇÃO", "zoneamento": null, "condominio": null, "area_geom": 359.72, "cnm": null }, "geometry": { "type": "Polygon", "coordinates": [ [ [ -54.618665, -22.132243 ], [ -54.618851, -22.132035 ], [ -54.61894, -22.132105 ], [ -54.618754, -22.132313 ], [ -54.618665, -22.132243 ] ] ] } },
{ "type": "Feature", "properties": { "id": 120782, "insc_imob": "07.01.36.21.374", "quadra_cartorio": "17", "lote_cartorio": "06", "matricula": null, "circunscricao": "1º CIRCUNSCRIÇÃO", "zoneamento": null, "condominio": null, "area_geom": 359.73, "cnm": null }, "geometry": { "type": "Polygon", "coordinates": [ [ [ -54.618575, -22.132174 ], [ -54.618762, -22.131966 ], [ -54.618851, -22.132035 ], [ -54.618665, -22.132243 ], [ -54.618575, -22.132174 ] ] ] } },
{ "type": "Feature", "properties": { "id": 120803, "insc_imob": "07.01.36.49.049", "quadra_cartorio": "12 NC", "lote_cartorio": "P/03", "matricula": null, "circunscricao": "1º CIRCUNSCRIÇÃO", "zoneamento": null, "condominio": null, "area_geom": 1294.76, "cnm": null }, "geometry": { "type": "Polygon", "coordinates": [ [ [ -54.615194, -22.134073 ], [ -54.615412, -22.13383 ], [ -54.615641, -22.134007 ], [ -54.61579, -22.133841 ], [ -54.615817, -22.133863 ], [ -54.615595, -22.134111 ], [ -54.615594, -22.134112 ], [ -54.61545, -22.134273 ], [ -54.615374, -22.134212 ], [ -54.615194, -22.134073 ] ] ] } },
{ "type": "Feature", "properties": { "id": 120861, "insc_imob": "07.01.36.50.134", "quadra_cartorio": "12 NC", "lote_cartorio": "P/03", "matricula": null, "circunscricao": "1º CIRCUNSCRIÇÃO", "zoneamento": null, "condominio": null, "area_geom": 347.78, "cnm": null }, "geometry": { "type": "Polygon", "coordinates": [ [ [ -54.614398, -22.133836 ], [ -54.614578, -22.133635 ], [ -54.614667, -22.133705 ], [ -54.614487, -22.133906 ], [ -54.614398, -22.133836 ] ] ] } },
{ "type": "Feature", "properties": { "id": 120862, "insc_imob": "07.01.36.50.159", "quadra_cartorio": "12 NC", "lote_cartorio": "P/03", "matricula": null, "circunscricao": "1º CIRCUNSCRIÇÃO", "zoneamento": null, "condominio": null, "area_geom": 347.78, "cnm": null }, "geometry": { "type": "Polygon", "coordinates": [ [ [ -54.614584, -22.133981 ], [ -54.614764, -22.13378 ], [ -54.614853, -22.133849 ], [ -54.614673, -22.13405 ], [ -54.614584, -22.133981 ] ] ] } },
{ "type": "Feature", "properties": { "id": 120863, "insc_imob": "07.01.36.50.172", "quadra_cartorio": "12 NC", "lote_cartorio": "P/03", "matricula": null, "circunscricao": "1º CIRCUNSCRIÇÃO", "zoneamento": null, "condominio": null, "area_geom": 571.6, "cnm": null }, "geometry": { "type": "Polygon", "coordinates": [ [ [ -54.614853, -22.133849 ], [ -54.614946, -22.133746 ], [ -54.615043, -22.133821 ], [ -54.615006, -22.133862 ], [ -54.61477, -22.134126 ], [ -54.614673, -22.13405 ], [ -54.614853, -22.133849 ] ] ] } },
{ "type": "Feature", "properties": { "id": 314, "insc_imob": "07.01.46.03.046", "quadra_cartorio": null, "lote_cartorio": "P/05", "matricula": null, "circunscricao": "1º CIRCUNSCRIÇÃO", "zoneamento": null, "condominio": null, "area_geom": 627.63, "cnm": null }, "geometry": { "type": "Polygon", "coordinates": [ [ [ -54.614309, -22.134644 ], [ -54.614402, -22.134543 ], [ -54.614637, -22.134287 ], [ -54.614727, -22.134359 ], [ -54.614492, -22.134612 ], [ -54.614397, -22.134714 ], [ -54.614346, -22.134673 ], [ -54.614309, -22.134644 ] ] ] } },
{ "type": "Feature", "properties": { "id": 105501, "insc_imob": "07.01.35.43.066", "quadra_cartorio": "10 NC ", "lote_cartorio": "A", "matricula": "60940", "circunscricao": "1º CIRCUNSCRIÇÃO", "zoneamento": null, "condominio": null, "area_geom": 488.26, "cnm": "062661.2.0060940-07" }, "geometry": { "type": "Polygon", "coordinates": [ [ [ -54.620143, -22.137989 ], [ -54.620219, -22.137907 ], [ -54.620519, -22.138145 ], [ -54.620443, -22.138227 ], [ -54.620354, -22.138156 ], [ -54.620265, -22.138086 ], [ -54.620143, -22.137989 ] ] ] } },
{ "type": "Feature", "properties": { "id": 119790, "insc_imob": "07.01.35.43.029", "quadra_cartorio": "10", "lote_cartorio": "P/16", "matricula": null, "circunscricao": "1º CIRCUNSCRIÇÃO", "zoneamento": null, "condominio": null, "area_geom": 878.96, "cnm": null }, "geometry": { "type": "Polygon", "coordinates": [ [ [ -54.62037, -22.137742 ], [ -54.620554, -22.13754 ], [ -54.620775, -22.137716 ], [ -54.620591, -22.137917 ], [ -54.62037, -22.137742 ] ] ] } },
{ "type": "Feature", "properties": { "id": 3263, "insc_imob": "07.01.35.47.264", "quadra_cartorio": null, "lote_cartorio": "11", "matricula": null, "circunscricao": "1º CIRCUNSCRIÇÃO", "zoneamento": null, "condominio": null, "area_geom": 624.07, "cnm": null }, "geometry": { "type": "Polygon", "coordinates": [ [ [ -54.617342, -22.135511 ], [ -54.617417, -22.135428 ], [ -54.617476, -22.135474 ], [ -54.617566, -22.135544 ], [ -54.617804, -22.135729 ], [ -54.617729, -22.135812 ], [ -54.617342, -22.135511 ] ] ] } },
{ "type": "Feature", "properties": { "id": 3262, "insc_imob": "07.01.35.47.178", "quadra_cartorio": null, "lote_cartorio": "07", "matricula": null, "circunscricao": "1º CIRCUNSCRIÇÃO", "zoneamento": null, "condominio": null, "area_geom": 353.13, "cnm": null }, "geometry": { "type": "Polygon", "coordinates": [ [ [ -54.617159, -22.135997 ], [ -54.617342, -22.135793 ], [ -54.617357, -22.135805 ], [ -54.617431, -22.135862 ], [ -54.617248, -22.136066 ], [ -54.617159, -22.135997 ] ] ] } },
{ "type": "Feature", "properties": { "id": 3264, "insc_imob": "07.01.35.47.325", "quadra_cartorio": null, "lote_cartorio": "18", "matricula": null, "circunscricao": "1º CIRCUNSCRIÇÃO", "zoneamento": null, "condominio": null, "area_geom": 927.86, "cnm": null }, "geometry": { "type": "Polygon", "coordinates": [ [ [ -54.617566, -22.135544 ], [ -54.617746, -22.135343 ], [ -54.617984, -22.135528 ], [ -54.617804, -22.135729 ], [ -54.617566, -22.135544 ] ] ] } },
{ "type": "Feature", "properties": { "id": 120673, "insc_imob": "07.01.35.47.361", "quadra_cartorio": "02", "lote_cartorio": "16", "matricula": null, "circunscricao": "1º CIRCUNSCRIÇÃO", "zoneamento": null, "condominio": null, "area_geom": 347.99, "cnm": null }, "geometry": { "type": "Polygon", "coordinates": [ [ [ -54.617345, -22.135283 ], [ -54.617478, -22.135134 ], [ -54.617567, -22.135204 ], [ -54.617387, -22.135405 ], [ -54.617298, -22.135335 ], [ -54.617345, -22.135283 ] ] ] } },
{ "type": "Feature", "properties": { "id": 4, "insc_imob": "07.01.36.50.352", "quadra_cartorio": null, "lote_cartorio": "P/03", "matricula": null, "circunscricao": "1º CIRCUNSCRIÇÃO", "zoneamento": null, "condominio": null, "area_geom": 780.01, "cnm": null }, "geometry": { "type": "Polygon", "coordinates": [ [ [ -54.614618, -22.13359 ], [ -54.614982, -22.133185 ], [ -54.615071, -22.133254 ], [ -54.614872, -22.133476 ], [ -54.614667, -22.133705 ], [ -54.614578, -22.133635 ], [ -54.614618, -22.13359 ] ] ] } },
{ "type": "Feature", "properties": { "id": 39, "insc_imob": "07.01.45.03.040", "quadra_cartorio": null, "lote_cartorio": "P/06", "matricula": null, "circunscricao": "1º CIRCUNSCRIÇÃO", "zoneamento": null, "condominio": null, "area_geom": 879.98, "cnm": null }, "geometry": { "type": "Polygon", "coordinates": [ [ [ -54.620075, -22.139259 ], [ -54.620417, -22.138878 ], [ -54.620536, -22.13897 ], [ -54.620194, -22.139352 ], [ -54.620075, -22.139259 ] ] ] } },
{ "type": "Feature", "properties": { "id": 40, "insc_imob": "07.01.45.03.090", "quadra_cartorio": null, "lote_cartorio": "P/04", "matricula": null, "circunscricao": "1º CIRCUNSCRIÇÃO", "zoneamento": null, "condominio": null, "area_geom": 1139.96, "cnm": null }, "geometry": { "type": "Polygon", "coordinates": [ [ [ -54.619658, -22.13864 ], [ -54.619844, -22.138432 ], [ -54.620127, -22.138652 ], [ -54.61994, -22.13886 ], [ -54.619658, -22.13864 ] ] ] } },
{ "type": "Feature", "properties": { "id": 41, "insc_imob": "07.01.45.03.123", "quadra_cartorio": null, "lote_cartorio": "P/04", "matricula": null, "circunscricao": "1º CIRCUNSCRIÇÃO", "zoneamento": null, "condominio": null, "area_geom": 491.65, "cnm": null }, "geometry": { "type": "Polygon", "coordinates": [ [ [ -54.619414, -22.138498 ], [ -54.619626, -22.138262 ], [ -54.619718, -22.138334 ], [ -54.619471, -22.138608 ], [ -54.619379, -22.138537 ], [ -54.619414, -22.138498 ] ] ] } },
{ "type": "Feature", "properties": { "id": 44, "insc_imob": "07.01.45.03.203", "quadra_cartorio": null, "lote_cartorio": "P/04", "matricula": null, "circunscricao": "1º CIRCUNSCRIÇÃO", "zoneamento": null, "condominio": null, "area_geom": 359.99, "cnm": null }, "geometry": { "type": "Polygon", "coordinates": [ [ [ -54.618843, -22.138006 ], [ -54.61903, -22.137798 ], [ -54.619119, -22.137868 ], [ -54.618933, -22.138076 ], [ -54.618843, -22.138006 ] ] ] } },
{ "type": "Feature", "properties": { "id": 46, "insc_imob": "07.01.45.03.231", "quadra_cartorio": null, "lote_cartorio": "P/04", "matricula": null, "circunscricao": "1º CIRCUNSCRIÇÃO", "zoneamento": null, "condominio": null, "area_geom": 547.35, "cnm": null }, "geometry": { "type": "Polygon", "coordinates": [ [ [ -54.61861, -22.137871 ], [ -54.618821, -22.137636 ], [ -54.618941, -22.137729 ], [ -54.618729, -22.137964 ], [ -54.61861, -22.137871 ] ] ] } },
{ "type": "Feature", "properties": { "id": 47, "insc_imob": "07.01.45.03.243", "quadra_cartorio": null, "lote_cartorio": "9/04", "matricula": null, "circunscricao": "1º CIRCUNSCRIÇÃO", "zoneamento": null, "condominio": null, "area_geom": 414.78, "cnm": null }, "geometry": { "type": "Polygon", "coordinates": [ [ [ -54.618519, -22.137801 ], [ -54.61873, -22.137565 ], [ -54.618821, -22.137636 ], [ -54.61861, -22.137871 ], [ -54.618519, -22.137801 ] ] ] } },
{ "type": "Feature", "properties": { "id": 50, "insc_imob": "07.01.45.03.330", "quadra_cartorio": null, "lote_cartorio": "P/04", "matricula": null, "circunscricao": "1º CIRCUNSCRIÇÃO", "zoneamento": null, "condominio": null, "area_geom": 368.99, "cnm": null }, "geometry": { "type": "Polygon", "coordinates": [ [ [ -54.618148, -22.137694 ], [ -54.61821, -22.137625 ], [ -54.618485, -22.137839 ], [ -54.618423, -22.137908 ], [ -54.618148, -22.137694 ] ] ] } },
{ "type": "Feature", "properties": { "id": 63, "insc_imob": "07.01.45.06.056", "quadra_cartorio": null, "lote_cartorio": "P/05", "matricula": null, "circunscricao": "1º CIRCUNSCRIÇÃO", "zoneamento": null, "condominio": null, "area_geom": 498.03, "cnm": null }, "geometry": { "type": "Polygon", "coordinates": [ [ [ -54.617665, -22.137406 ], [ -54.617802, -22.137254 ], [ -54.617968, -22.137383 ], [ -54.617881, -22.137486 ], [ -54.617836, -22.137539 ], [ -54.617665, -22.137406 ] ] ] } },
{ "type": "Feature", "properties": { "id": 87, "insc_imob": "07.01.45.06.142", "quadra_cartorio": null, "lote_cartorio": "P/05", "matricula": null, "circunscricao": "1º CIRCUNSCRIÇÃO", "zoneamento": null, "condominio": null, "area_geom": 359.24, "cnm": null }, "geometry": { "type": "Polygon", "coordinates": [ [ [ -54.617643, -22.137765 ], [ -54.617671, -22.137732 ], [ -54.61786, -22.137879 ], [ -54.617756, -22.137995 ], [ -54.617607, -22.137879 ], [ -54.617682, -22.137796 ], [ -54.617643, -22.137765 ] ] ] } },
{ "type": "Feature", "properties": { "id": 88, "insc_imob": "07.01.45.06.201", "quadra_cartorio": null, "lote_cartorio": "P/05", "matricula": null, "circunscricao": "1º CIRCUNSCRIÇÃO", "zoneamento": null, "condominio": null, "area_geom": 592.52, "cnm": null }, "geometry": { "type": "Polygon", "coordinates": [ [ [ -54.617836, -22.137539 ], [ -54.617881, -22.137486 ], [ -54.618076, -22.137638 ], [ -54.617934, -22.137796 ], [ -54.617743, -22.137647 ], [ -54.617745, -22.137645 ], [ -54.617824, -22.137553 ], [ -54.617836, -22.137539 ] ] ] } },
{ "type": "Feature", "properties": { "id": 89, "insc_imob": "07.01.45.06.221", "quadra_cartorio": null, "lote_cartorio": "P/05", "matricula": null, "circunscricao": "1º CIRCUNSCRIÇÃO", "zoneamento": null, "condominio": null, "area_geom": 543.8, "cnm": null }, "geometry": { "type": "Polygon", "coordinates": [ [ [ -54.617968, -22.137383 ], [ -54.618004, -22.137341 ], [ -54.618092, -22.137409 ], [ -54.618203, -22.137496 ], [ -54.618076, -22.137638 ], [ -54.617881, -22.137486 ], [ -54.617968, -22.137383 ] ] ] } },
{ "type": "Feature", "properties": { "id": 114, "insc_imob": "07.01.45.07.017", "quadra_cartorio": null, "lote_cartorio": "P/05", "matricula": null, "circunscricao": "1º CIRCUNSCRIÇÃO", "zoneamento": null, "condominio": null, "area_geom": 527.98, "cnm": null }, "geometry": { "type": "Polygon", "coordinates": [ [ [ -54.616805, -22.137737 ], [ -54.617004, -22.137516 ], [ -54.617127, -22.137611 ], [ -54.616928, -22.137833 ], [ -54.616805, -22.137737 ] ] ] } },
{ "type": "Feature", "properties": { "id": 115, "insc_imob": "07.01.45.07.032", "quadra_cartorio": null, "lote_cartorio": "P/05", "matricula": null, "circunscricao": "1º CIRCUNSCRIÇÃO", "zoneamento": null, "condominio": null, "area_geom": 467.19, "cnm": null }, "geometry": { "type": "Polygon", "coordinates": [ [ [ -54.616697, -22.137653 ], [ -54.616895, -22.137431 ], [ -54.617004, -22.137516 ], [ -54.616805, -22.137737 ], [ -54.616697, -22.137653 ] ] ] } },
{ "type": "Feature", "properties": { "id": 116, "insc_imob": "07.01.45.07.070", "quadra_cartorio": null, "lote_cartorio": "P/05", "matricula": null, "circunscricao": "1º CIRCUNSCRIÇÃO", "zoneamento": null, "condominio": null, "area_geom": 353.99, "cnm": null }, "geometry": { "type": "Polygon", "coordinates": [ [ [ -54.617396, -22.136873 ], [ -54.617579, -22.136669 ], [ -54.617668, -22.136738 ], [ -54.617485, -22.136943 ], [ -54.617396, -22.136873 ] ] ] } },
{ "type": "Feature", "properties": { "id": 142, "insc_imob": "07.01.45.07.100", "quadra_cartorio": null, "lote_cartorio": "P/05", "matricula": null, "circunscricao": "1º CIRCUNSCRIÇÃO", "zoneamento": null, "condominio": null, "area_geom": 972.01, "cnm": null }, "geometry": { "type": "Polygon", "coordinates": [ [ [ -54.617144, -22.137154 ], [ -54.617396, -22.136873 ], [ -54.617485, -22.136943 ], [ -54.617574, -22.137012 ], [ -54.61745, -22.137151 ], [ -54.617326, -22.137289 ], [ -54.617322, -22.137293 ], [ -54.617233, -22.137223 ], [ -54.617144, -22.137154 ] ] ] } },
{ "type": "Feature", "properties": { "id": 143, "insc_imob": "07.01.45.07.112", "quadra_cartorio": null, "lote_cartorio": "P/05", "matricula": null, "circunscricao": "1º CIRCUNSCRIÇÃO", "zoneamento": null, "condominio": null, "area_geom": 223.67, "cnm": null }, "geometry": { "type": "Polygon", "coordinates": [ [ [ -54.616958, -22.137362 ], [ -54.617073, -22.137233 ], [ -54.617163, -22.137302 ], [ -54.617047, -22.137431 ], [ -54.616958, -22.137362 ] ] ] } },
{ "type": "Feature", "properties": { "id": 144, "insc_imob": "07.01.45.07.118", "quadra_cartorio": null, "lote_cartorio": "P/05", "matricula": null, "circunscricao": "1º CIRCUNSCRIÇÃO", "zoneamento": null, "condominio": null, "area_geom": 136.32, "cnm": null }, "geometry": { "type": "Polygon", "coordinates": [ [ [ -54.617073, -22.137233 ], [ -54.617144, -22.137154 ], [ -54.617233, -22.137223 ], [ -54.617163, -22.137302 ], [ -54.617073, -22.137233 ] ] ] } },
{ "type": "Feature", "properties": { "id": 145, "insc_imob": "07.01.45.07.124", "quadra_cartorio": null, "lote_cartorio": "P/05", "matricula": null, "circunscricao": "1º CIRCUNSCRIÇÃO", "zoneamento": null, "condominio": null, "area_geom": 360.0, "cnm": null }, "geometry": { "type": "Polygon", "coordinates": [ [ [ -54.617163, -22.137302 ], [ -54.617233, -22.137223 ], [ -54.617322, -22.137293 ], [ -54.617232, -22.137393 ], [ -54.617136, -22.137501 ], [ -54.617047, -22.137431 ], [ -54.617163, -22.137302 ] ] ] } },
{ "type": "Feature", "properties": { "id": 146, "insc_imob": "07.01.45.07.163", "quadra_cartorio": null, "lote_cartorio": "P/05", "matricula": null, "circunscricao": "1º CIRCUNSCRIÇÃO", "zoneamento": null, "condominio": null, "area_geom": 365.82, "cnm": null }, "geometry": { "type": "Polygon", "coordinates": [ [ [ -54.617136, -22.137501 ], [ -54.617232, -22.137393 ], [ -54.617406, -22.137529 ], [ -54.617313, -22.137639 ], [ -54.617136, -22.137501 ] ] ] } },
{ "type": "Feature", "properties": { "id": 168, "insc_imob": "07.01.45.07.218", "quadra_cartorio": null, "lote_cartorio": "P/05", "matricula": null, "circunscricao": "1º CIRCUNSCRIÇÃO", "zoneamento": null, "condominio": null, "area_geom": 461.02, "cnm": null }, "geometry": { "type": "Polygon", "coordinates": [ [ [ -54.61745, -22.137151 ], [ -54.617574, -22.137012 ], [ -54.61765, -22.137071 ], [ -54.617746, -22.137146 ], [ -54.617621, -22.137284 ], [ -54.61745, -22.137151 ] ] ] } },
{ "type": "Feature", "properties": { "id": 169, "insc_imob": "07.01.45.07.272", "quadra_cartorio": null, "lote_cartorio": "P/05", "matricula": null, "circunscricao": "1º CIRCUNSCRIÇÃO", "zoneamento": null, "condominio": null, "area_geom": 300.87, "cnm": null }, "geometry": { "type": "Polygon", "coordinates": [ [ [ -54.617574, -22.137012 ], [ -54.617757, -22.136808 ], [ -54.617833, -22.136867 ], [ -54.61765, -22.137071 ], [ -54.617574, -22.137012 ] ] ] } },
{ "type": "Feature", "properties": { "id": 170, "insc_imob": "07.01.45.07.284", "quadra_cartorio": null, "lote_cartorio": "P/05", "matricula": null, "circunscricao": "1º CIRCUNSCRIÇÃO", "zoneamento": null, "condominio": null, "area_geom": 353.99, "cnm": null }, "geometry": { "type": "Polygon", "coordinates": [ [ [ -54.617485, -22.136943 ], [ -54.617668, -22.136738 ], [ -54.617757, -22.136808 ], [ -54.617574, -22.137012 ], [ -54.617485, -22.136943 ] ] ] } },
{ "type": "Feature", "properties": { "id": 197, "insc_imob": "07.01.45.07.315", "quadra_cartorio": null, "lote_cartorio": "P/03", "matricula": null, "circunscricao": "1º CIRCUNSCRIÇÃO", "zoneamento": null, "condominio": null, "area_geom": 527.97, "cnm": null }, "geometry": { "type": "Polygon", "coordinates": [ [ [ -54.616928, -22.137833 ], [ -54.617127, -22.137611 ], [ -54.617249, -22.137707 ], [ -54.617051, -22.137928 ], [ -54.616928, -22.137833 ] ] ] } },
{ "type": "Feature", "properties": { "id": 199, "insc_imob": "07.01.45.08.024", "quadra_cartorio": null, "lote_cartorio": "P/05", "matricula": null, "circunscricao": "1º CIRCUNSCRIÇÃO", "zoneamento": null, "condominio": null, "area_geom": 420.49, "cnm": null }, "geometry": { "type": "Polygon", "coordinates": [ [ [ -54.617108, -22.136713 ], [ -54.617325, -22.136471 ], [ -54.617414, -22.136541 ], [ -54.617197, -22.136783 ], [ -54.617108, -22.136713 ] ] ] } },
{ "type": "Feature", "properties": { "id": 204, "insc_imob": "07.01.45.08.126", "quadra_cartorio": null, "lote_cartorio": "P/05", "matricula": null, "circunscricao": "1º CIRCUNSCRIÇÃO", "zoneamento": null, "condominio": null, "area_geom": 202.23, "cnm": null }, "geometry": { "type": "Polygon", "coordinates": [ [ [ -54.616627, -22.136517 ], [ -54.616658, -22.136483 ], [ -54.616739, -22.136546 ], [ -54.616821, -22.13661 ], [ -54.616916, -22.136683 ], [ -54.616957, -22.136715 ], [ -54.616925, -22.13675 ], [ -54.616627, -22.136517 ] ] ] } },
{ "type": "Feature", "properties": { "id": 205, "insc_imob": "07.01.45.08.136", "quadra_cartorio": null, "lote_cartorio": "P/05", "matricula": null, "circunscricao": "1º CIRCUNSCRIÇÃO", "zoneamento": null, "condominio": null, "area_geom": 400.81, "cnm": null }, "geometry": { "type": "Polygon", "coordinates": [ [ [ -54.616564, -22.136586 ], [ -54.616627, -22.136517 ], [ -54.616925, -22.13675 ], [ -54.616863, -22.136819 ], [ -54.616564, -22.136586 ] ] ] } },
{ "type": "Feature", "properties": { "id": 206, "insc_imob": "07.01.45.08.146", "quadra_cartorio": null, "lote_cartorio": "P/05", "matricula": null, "circunscricao": "1º CIRCUNSCRIÇÃO", "zoneamento": null, "condominio": null, "area_geom": 402.0, "cnm": null }, "geometry": { "type": "Polygon", "coordinates": [ [ [ -54.616502, -22.136656 ], [ -54.616564, -22.136586 ], [ -54.616863, -22.136819 ], [ -54.616845, -22.13684 ], [ -54.616842, -22.136843 ], [ -54.616801, -22.136888 ], [ -54.616502, -22.136656 ] ] ] } },
{ "type": "Feature", "properties": { "id": 207, "insc_imob": "07.01.45.08.161", "quadra_cartorio": null, "lote_cartorio": "P/05", "matricula": null, "circunscricao": "1º CIRCUNSCRIÇÃO", "zoneamento": null, "condominio": null, "area_geom": 603.0, "cnm": null }, "geometry": { "type": "Polygon", "coordinates": [ [ [ -54.616409, -22.13676 ], [ -54.616502, -22.136656 ], [ -54.616801, -22.136888 ], [ -54.616786, -22.136906 ], [ -54.616783, -22.136909 ], [ -54.616724, -22.136975 ], [ -54.616708, -22.136992 ], [ -54.616409, -22.13676 ] ] ] } },
{ "type": "Feature", "properties": { "id": 218, "insc_imob": "07.01.45.08.220", "quadra_cartorio": null, "lote_cartorio": "P/05", "matricula": null, "circunscricao": "1º CIRCUNSCRIÇÃO", "zoneamento": null, "condominio": null, "area_geom": 393.95, "cnm": null }, "geometry": { "type": "Polygon", "coordinates": [ [ [ -54.616005, -22.13721 ], [ -54.616066, -22.137142 ], [ -54.616365, -22.137375 ], [ -54.616304, -22.137443 ], [ -54.616005, -22.13721 ] ] ] } },
{ "type": "Feature", "properties": { "id": 219, "insc_imob": "07.01.45.08.241", "quadra_cartorio": null, "lote_cartorio": "P/05", "matricula": null, "circunscricao": "1º CIRCUNSCRIÇÃO", "zoneamento": null, "condominio": null, "area_geom": 430.11, "cnm": null }, "geometry": { "type": "Polygon", "coordinates": [ [ [ -54.615939, -22.137284 ], [ -54.616005, -22.13721 ], [ -54.616304, -22.137443 ], [ -54.616238, -22.137517 ], [ -54.615939, -22.137284 ] ] ] } },
{ "type": "Feature", "properties": { "id": 221, "insc_imob": "07.01.45.08.406", "quadra_cartorio": null, "lote_cartorio": "P/05", "matricula": null, "circunscricao": "1º CIRCUNSCRIÇÃO", "zoneamento": null, "condominio": null, "area_geom": 303.26, "cnm": null }, "geometry": { "type": "Polygon", "coordinates": [ [ [ -54.616606, -22.137107 ], [ -54.616646, -22.137062 ], [ -54.61672, -22.137119 ], [ -54.616736, -22.137102 ], [ -54.616933, -22.137255 ], [ -54.616877, -22.137318 ], [ -54.616839, -22.137288 ], [ -54.616606, -22.137107 ] ] ] } },
{ "type": "Feature", "properties": { "id": 222, "insc_imob": "07.01.45.08.416", "quadra_cartorio": null, "lote_cartorio": "P/05", "matricula": null, "circunscricao": "1º CIRCUNSCRIÇÃO", "zoneamento": null, "condominio": null, "area_geom": 289.11, "cnm": null }, "geometry": { "type": "Polygon", "coordinates": [ [ [ -54.616708, -22.136992 ], [ -54.616724, -22.136975 ], [ -54.616994, -22.137186 ], [ -54.616933, -22.137255 ], [ -54.616736, -22.137102 ], [ -54.616782, -22.13705 ], [ -54.616708, -22.136992 ] ] ] } },
{ "type": "Feature", "properties": { "id": 223, "insc_imob": "07.01.45.08.426", "quadra_cartorio": null, "lote_cartorio": "P/05", "matricula": null, "circunscricao": "1º CIRCUNSCRIÇÃO", "zoneamento": null, "condominio": null, "area_geom": 363.53, "cnm": null }, "geometry": { "type": "Polygon", "coordinates": [ [ [ -54.616724, -22.136975 ], [ -54.616783, -22.136909 ], [ -54.616786, -22.136906 ], [ -54.617056, -22.137116 ], [ -54.616994, -22.137186 ], [ -54.616724, -22.136975 ] ] ] } },
{ "type": "Feature", "properties": { "id": 224, "insc_imob": "07.01.45.08.436", "quadra_cartorio": null, "lote_cartorio": "P/05", "matricula": null, "circunscricao": "1º CIRCUNSCRIÇÃO", "zoneamento": null, "condominio": null, "area_geom": 344.19, "cnm": null }, "geometry": { "type": "Polygon", "coordinates": [ [ [ -54.616801, -22.136888 ], [ -54.616842, -22.136843 ], [ -54.616845, -22.13684 ], [ -54.617114, -22.13705 ], [ -54.617056, -22.137116 ], [ -54.616786, -22.136906 ], [ -54.616801, -22.136888 ] ] ] } },
{ "type": "Feature", "properties": { "id": 225, "insc_imob": "07.01.45.08.449", "quadra_cartorio": null, "lote_cartorio": "P/05", "matricula": null, "circunscricao": "1º CIRCUNSCRIÇÃO", "zoneamento": null, "condominio": null, "area_geom": 467.07, "cnm": null }, "geometry": { "type": "Polygon", "coordinates": [ [ [ -54.616863, -22.136819 ], [ -54.616925, -22.13675 ], [ -54.617013, -22.136819 ], [ -54.617192, -22.136958 ], [ -54.617114, -22.13705 ], [ -54.616845, -22.13684 ], [ -54.616863, -22.136819 ] ] ] } },
{ "type": "Feature", "properties": { "id": 226, "insc_imob": "07.01.45.08.450", "quadra_cartorio": null, "lote_cartorio": "P/05", "matricula": null, "circunscricao": "1º CIRCUNSCRIÇÃO", "zoneamento": null, "condominio": null, "area_geom": 467.18, "cnm": null }, "geometry": { "type": "Polygon", "coordinates": [ [ [ -54.61666, -22.137489 ], [ -54.616787, -22.137347 ], [ -54.616895, -22.137431 ], [ -54.616697, -22.137653 ], [ -54.616588, -22.137568 ], [ -54.61666, -22.137489 ] ] ] } },
{ "type": "Feature", "properties": { "id": 227, "insc_imob": "07.01.45.08.464", "quadra_cartorio": null, "lote_cartorio": "P/05", "matricula": null, "circunscricao": "1º CIRCUNSCRIÇÃO", "zoneamento": null, "condominio": null, "area_geom": 364.7, "cnm": null }, "geometry": { "type": "Polygon", "coordinates": [ [ [ -54.617013, -22.136819 ], [ -54.617108, -22.136713 ], [ -54.617197, -22.136783 ], [ -54.617285, -22.136854 ], [ -54.617192, -22.136958 ], [ -54.617013, -22.136819 ] ] ] } },
{ "type": "Feature", "properties": { "id": 292, "insc_imob": "07.01.45.09.436", "quadra_cartorio": null, "lote_cartorio": "P/05", "matricula": null, "circunscricao": "1º CIRCUNSCRIÇÃO", "zoneamento": null, "condominio": null, "area_geom": 497.95, "cnm": null }, "geometry": { "type": "Polygon", "coordinates": [ [ [ -54.615947, -22.136414 ], [ -54.615999, -22.136357 ], [ -54.616368, -22.136647 ], [ -54.616306, -22.136716 ], [ -54.615936, -22.136426 ], [ -54.615947, -22.136414 ] ] ] } },
{ "type": "Feature", "properties": { "id": 293, "insc_imob": "07.01.45.09.446", "quadra_cartorio": null, "lote_cartorio": "P/05", "matricula": null, "circunscricao": "1º CIRCUNSCRIÇÃO", "zoneamento": null, "condominio": null, "area_geom": 497.99, "cnm": null }, "geometry": { "type": "Polygon", "coordinates": [ [ [ -54.61604, -22.136311 ], [ -54.616061, -22.136288 ], [ -54.61643, -22.136578 ], [ -54.616368, -22.136647 ], [ -54.615999, -22.136357 ], [ -54.61604, -22.136311 ] ] ] } },
{ "type": "Feature", "properties": { "id": 301, "insc_imob": "07.01.45.09.456", "quadra_cartorio": null, "lote_cartorio": "P/05", "matricula": null, "circunscricao": "1º CIRCUNSCRIÇÃO", "zoneamento": null, "condominio": null, "area_geom": 497.98, "cnm": null }, "geometry": { "type": "Polygon", "coordinates": [ [ [ -54.6161, -22.136245 ], [ -54.616124, -22.136219 ], [ -54.616307, -22.136363 ], [ -54.616493, -22.136509 ], [ -54.61643, -22.136578 ], [ -54.616061, -22.136288 ], [ -54.6161, -22.136245 ] ] ] } },
{ "type": "Feature", "properties": { "id": 304, "insc_imob": "07.01.46.01.241", "quadra_cartorio": null, "lote_cartorio": "P/05", "matricula": null, "circunscricao": "1º CIRCUNSCRIÇÃO", "zoneamento": null, "condominio": null, "area_geom": 690.97, "cnm": null }, "geometry": { "type": "Polygon", "coordinates": [ [ [ -54.615299, -22.136023 ], [ -54.615511, -22.135787 ], [ -54.615659, -22.135901 ], [ -54.615453, -22.136143 ], [ -54.615299, -22.136023 ] ] ] } },
{ "type": "Feature", "properties": { "id": 308, "insc_imob": "07.01.46.02.039", "quadra_cartorio": null, "lote_cartorio": "P/05", "matricula": null, "circunscricao": "1º CIRCUNSCRIÇÃO", "zoneamento": null, "condominio": null, "area_geom": 1793.96, "cnm": null }, "geometry": { "type": "Polygon", "coordinates": [ [ [ -54.615006, -22.13505 ], [ -54.61523, -22.1348 ], [ -54.61552, -22.135026 ], [ -54.615234, -22.135345 ], [ -54.614944, -22.135119 ], [ -54.615006, -22.13505 ] ] ] } },
{ "type": "Feature", "properties": { "id": 310, "insc_imob": "07.01.46.02.112", "quadra_cartorio": null, "lote_cartorio": "P/05", "matricula": null, "circunscricao": "1º CIRCUNSCRIÇÃO", "zoneamento": null, "condominio": null, "area_geom": 280.01, "cnm": null }, "geometry": { "type": "Polygon", "coordinates": [ [ [ -54.614736, -22.134957 ], [ -54.614798, -22.134888 ], [ -54.614865, -22.13494 ], [ -54.614932, -22.134992 ], [ -54.615006, -22.13505 ], [ -54.614944, -22.135119 ], [ -54.614736, -22.134957 ] ] ] } },
{ "type": "Feature", "properties": { "id": 311, "insc_imob": "07.01.46.02.130", "quadra_cartorio": null, "lote_cartorio": "P/05", "matricula": null, "circunscricao": "1º CIRCUNSCRIÇÃO", "zoneamento": null, "condominio": null, "area_geom": 623.62, "cnm": null }, "geometry": { "type": "Polygon", "coordinates": [ [ [ -54.614596, -22.135113 ], [ -54.614736, -22.134957 ], [ -54.614944, -22.135119 ], [ -54.614808, -22.135271 ], [ -54.614596, -22.135113 ] ] ] } },
{ "type": "Feature", "properties": { "id": 312, "insc_imob": "07.01.46.02.285", "quadra_cartorio": null, "lote_cartorio": "P/05", "matricula": null, "circunscricao": "1º CIRCUNSCRIÇÃO", "zoneamento": null, "condominio": null, "area_geom": 831.38, "cnm": null }, "geometry": { "type": "Polygon", "coordinates": [ [ [ -54.614808, -22.135271 ], [ -54.614944, -22.135119 ], [ -54.615234, -22.135345 ], [ -54.615106, -22.135488 ], [ -54.614808, -22.135271 ] ] ] } },
{ "type": "Feature", "properties": { "id": 319, "insc_imob": "07.01.46.04.013", "quadra_cartorio": null, "lote_cartorio": "P/05", "matricula": null, "circunscricao": "1º CIRCUNSCRIÇÃO", "zoneamento": null, "condominio": null, "area_geom": 391.47, "cnm": null }, "geometry": { "type": "Polygon", "coordinates": [ [ [ -54.613954, -22.134155 ], [ -54.61414, -22.133947 ], [ -54.614237, -22.134023 ], [ -54.614051, -22.134231 ], [ -54.613954, -22.134155 ] ] ] } },
{ "type": "Feature", "properties": { "id": 322, "insc_imob": "07.01.46.04.049", "quadra_cartorio": null, "lote_cartorio": "P/05", "matricula": null, "circunscricao": "1º CIRCUNSCRIÇÃO", "zoneamento": null, "condominio": null, "area_geom": 360.0, "cnm": null }, "geometry": { "type": "Polygon", "coordinates": [ [ [ -54.613689, -22.133949 ], [ -54.613875, -22.133741 ], [ -54.613965, -22.133811 ], [ -54.613778, -22.134018 ], [ -54.613732, -22.133982 ], [ -54.613689, -22.133949 ] ] ] } },
{ "type": "Feature", "properties": { "id": 324, "insc_imob": "07.01.46.04.073", "quadra_cartorio": null, "lote_cartorio": "P/05", "matricula": null, "circunscricao": "1º CIRCUNSCRIÇÃO", "zoneamento": null, "condominio": null, "area_geom": 364.48, "cnm": null }, "geometry": { "type": "Polygon", "coordinates": [ [ [ -54.613509, -22.133809 ], [ -54.613696, -22.133601 ], [ -54.613786, -22.133672 ], [ -54.6136, -22.13388 ], [ -54.613509, -22.133809 ] ] ] } },
{ "type": "Feature", "properties": { "id": 325, "insc_imob": "07.01.46.04.155", "quadra_cartorio": null, "lote_cartorio": "P/07", "matricula": null, "circunscricao": "1º CIRCUNSCRIÇÃO", "zoneamento": null, "condominio": null, "area_geom": 418.97, "cnm": null }, "geometry": { "type": "Polygon", "coordinates": [ [ [ -54.613296, -22.133878 ], [ -54.613358, -22.133809 ], [ -54.61367, -22.134052 ], [ -54.613607, -22.134121 ], [ -54.613296, -22.133878 ] ] ] } },
{ "type": "Feature", "properties": { "id": 326, "insc_imob": "07.01.46.04.165", "quadra_cartorio": null, "lote_cartorio": "10", "matricula": null, "circunscricao": "1º CIRCUNSCRIÇÃO", "zoneamento": null, "condominio": null, "area_geom": 419.02, "cnm": null }, "geometry": { "type": "Polygon", "coordinates": [ [ [ -54.613234, -22.133948 ], [ -54.613296, -22.133878 ], [ -54.613607, -22.134121 ], [ -54.613545, -22.13419 ], [ -54.613234, -22.133948 ] ] ] } },
{ "type": "Feature", "properties": { "id": 327, "insc_imob": "07.01.46.04.175", "quadra_cartorio": null, "lote_cartorio": "11", "matricula": null, "circunscricao": "1º CIRCUNSCRIÇÃO", "zoneamento": null, "condominio": null, "area_geom": 418.98, "cnm": null }, "geometry": { "type": "Polygon", "coordinates": [ [ [ -54.613172, -22.134017 ], [ -54.613234, -22.133948 ], [ -54.613545, -22.13419 ], [ -54.613483, -22.134259 ], [ -54.613445, -22.13423 ], [ -54.613356, -22.13416 ], [ -54.613267, -22.134091 ], [ -54.613172, -22.134017 ] ] ] } },
{ "type": "Feature", "properties": { "id": 338, "insc_imob": "07.01.46.05.048", "quadra_cartorio": null, "lote_cartorio": "04", "matricula": null, "circunscricao": "1º CIRCUNSCRIÇÃO", "zoneamento": null, "condominio": null, "area_geom": 360.0, "cnm": null }, "geometry": { "type": "Polygon", "coordinates": [ [ [ -54.612972, -22.133372 ], [ -54.613159, -22.133165 ], [ -54.613248, -22.133234 ], [ -54.613061, -22.133442 ], [ -54.613013, -22.133404 ], [ -54.612972, -22.133372 ] ] ] } },
{ "type": "Feature", "properties": { "id": 339, "insc_imob": "07.01.46.05.060", "quadra_cartorio": null, "lote_cartorio": "05", "matricula": null, "circunscricao": "1º CIRCUNSCRIÇÃO", "zoneamento": null, "condominio": null, "area_geom": 359.99, "cnm": null }, "geometry": { "type": "Polygon", "coordinates": [ [ [ -54.612883, -22.133303 ], [ -54.613069, -22.133095 ], [ -54.613159, -22.133165 ], [ -54.612972, -22.133372 ], [ -54.612883, -22.133303 ] ] ] } },
{ "type": "Feature", "properties": { "id": 344, "insc_imob": "07.01.46.05.221", "quadra_cartorio": null, "lote_cartorio": "14", "matricula": null, "circunscricao": "1º CIRCUNSCRIÇÃO", "zoneamento": null, "condominio": null, "area_geom": 359.96, "cnm": null }, "geometry": { "type": "Polygon", "coordinates": [ [ [ -54.612441, -22.133782 ], [ -54.612627, -22.133574 ], [ -54.612716, -22.133644 ], [ -54.61253, -22.133852 ], [ -54.612441, -22.133782 ] ] ] } },
{ "type": "Feature", "properties": { "id": 347, "insc_imob": "07.01.46.05.257", "quadra_cartorio": null, "lote_cartorio": "17", "matricula": null, "circunscricao": "1º CIRCUNSCRIÇÃO", "zoneamento": null, "condominio": null, "area_geom": 359.98, "cnm": null }, "geometry": { "type": "Polygon", "coordinates": [ [ [ -54.612708, -22.133991 ], [ -54.612895, -22.133783 ], [ -54.612984, -22.133852 ], [ -54.612798, -22.13406 ], [ -54.612708, -22.133991 ] ] ] } },
{ "type": "Feature", "properties": { "id": 348, "insc_imob": "07.01.46.05.300", "quadra_cartorio": null, "lote_cartorio": "18", "matricula": null, "circunscricao": "1º CIRCUNSCRIÇÃO", "zoneamento": null, "condominio": null, "area_geom": 389.99, "cnm": null }, "geometry": { "type": "Polygon", "coordinates": [ [ [ -54.612798, -22.13406 ], [ -54.612984, -22.133852 ], [ -54.613081, -22.133927 ], [ -54.612894, -22.134135 ], [ -54.612798, -22.13406 ] ] ] } },
{ "type": "Feature", "properties": { "id": 349, "insc_imob": "07.01.46.05.310", "quadra_cartorio": null, "lote_cartorio": "19", "matricula": null, "circunscricao": "1º CIRCUNSCRIÇÃO", "zoneamento": null, "condominio": null, "area_geom": 424.99, "cnm": null }, "geometry": { "type": "Polygon", "coordinates": [ [ [ -54.612765, -22.133681 ], [ -54.612827, -22.133612 ], [ -54.613143, -22.133858 ], [ -54.613081, -22.133927 ], [ -54.612984, -22.133852 ], [ -54.612895, -22.133783 ], [ -54.612806, -22.133713 ], [ -54.612765, -22.133681 ] ] ] } },
{ "type": "Feature", "properties": { "id": 355, "insc_imob": "07.01.46.05.320", "quadra_cartorio": null, "lote_cartorio": "20", "matricula": null, "circunscricao": "1º CIRCUNSCRIÇÃO", "zoneamento": null, "condominio": null, "area_geom": 425.01, "cnm": null }, "geometry": { "type": "Polygon", "coordinates": [ [ [ -54.612827, -22.133612 ], [ -54.612889, -22.133543 ], [ -54.613205, -22.133789 ], [ -54.613143, -22.133858 ], [ -54.612827, -22.133612 ] ] ] } },
{ "type": "Feature", "properties": { "id": 359, "insc_imob": "07.01.46.06.042", "quadra_cartorio": null, "lote_cartorio": "P/07", "matricula": null, "circunscricao": "1º CIRCUNSCRIÇÃO", "zoneamento": null, "condominio": null, "area_geom": 697.97, "cnm": null }, "geometry": { "type": "Polygon", "coordinates": [ [ [ -54.61218, -22.132985 ], [ -54.612482, -22.132648 ], [ -54.612589, -22.132731 ], [ -54.612403, -22.132939 ], [ -54.612324, -22.133025 ], [ -54.612286, -22.133068 ], [ -54.61218, -22.132985 ] ] ] } },
{ "type": "Feature", "properties": { "id": 360, "insc_imob": "07.01.46.06.056", "quadra_cartorio": null, "lote_cartorio": "P/07", "matricula": null, "circunscricao": "1º CIRCUNSCRIÇÃO", "zoneamento": null, "condominio": null, "area_geom": 697.14, "cnm": null }, "geometry": { "type": "Polygon", "coordinates": [ [ [ -54.612069, -22.132912 ], [ -54.612378, -22.132567 ], [ -54.612482, -22.132648 ], [ -54.61218, -22.132985 ], [ -54.612173, -22.132993 ], [ -54.612069, -22.132912 ] ] ] } },
{ "type": "Feature", "properties": { "id": 362, "insc_imob": "07.01.46.06.240", "quadra_cartorio": null, "lote_cartorio": "P/07", "matricula": null, "circunscricao": "1º CIRCUNSCRIÇÃO", "zoneamento": null, "condominio": null, "area_geom": 1300.71, "cnm": null }, "geometry": { "type": "Polygon", "coordinates": [ [ [ -54.611557, -22.133104 ], [ -54.611869, -22.132756 ], [ -54.61195, -22.132819 ], [ -54.612061, -22.132906 ], [ -54.611749, -22.133254 ], [ -54.611557, -22.133104 ] ] ] } },
{ "type": "Feature", "properties": { "id": 363, "insc_imob": "07.01.46.06.255", "quadra_cartorio": null, "lote_cartorio": "P/07", "matricula": null, "circunscricao": "1º CIRCUNSCRIÇÃO", "zoneamento": null, "condominio": null, "area_geom": 752.94, "cnm": null }, "geometry": { "type": "Polygon", "coordinates": [ [ [ -54.611749, -22.133254 ], [ -54.612061, -22.132906 ], [ -54.612069, -22.132912 ], [ -54.612173, -22.132993 ], [ -54.611861, -22.133341 ], [ -54.611749, -22.133254 ] ] ] } },
{ "type": "Feature", "properties": { "id": 364, "insc_imob": "07.01.46.06.273", "quadra_cartorio": null, "lote_cartorio": "P/07", "matricula": null, "circunscricao": "1º CIRCUNSCRIÇÃO", "zoneamento": null, "condominio": null, "area_geom": 724.76, "cnm": null }, "geometry": { "type": "Polygon", "coordinates": [ [ [ -54.612173, -22.132993 ], [ -54.61218, -22.132985 ], [ -54.612286, -22.133068 ], [ -54.612237, -22.133122 ], [ -54.612148, -22.13322 ], [ -54.611965, -22.133422 ], [ -54.611861, -22.133341 ], [ -54.612173, -22.132993 ] ] ] } },
{ "type": "Feature", "properties": { "id": 734, "insc_imob": "07.01.24.05.834", "quadra_cartorio": null, "lote_cartorio": "05", "matricula": null, "circunscricao": "1º CIRCUNSCRIÇÃO", "zoneamento": null, "condominio": null, "area_geom": 5024.91, "cnm": null }, "geometry": { "type": "Polygon", "coordinates": [ [ [ -54.631301, -22.132708 ], [ -54.631509, -22.132475 ], [ -54.632625, -22.133344 ], [ -54.632417, -22.133576 ], [ -54.631301, -22.132708 ] ] ] } },
{ "type": "Feature", "properties": { "id": 738, "insc_imob": "07.01.45.07.262", "quadra_cartorio": null, "lote_cartorio": "P/05", "matricula": null, "circunscricao": "1º CIRCUNSCRIÇÃO", "zoneamento": null, "condominio": null, "area_geom": 381.83, "cnm": null }, "geometry": { "type": "Polygon", "coordinates": [ [ [ -54.61765, -22.137071 ], [ -54.617833, -22.136867 ], [ -54.61793, -22.136942 ], [ -54.617746, -22.137146 ], [ -54.61765, -22.137071 ] ] ] } },
{ "type": "Feature", "properties": { "id": 1471, "insc_imob": "07.01.45.07.178", "quadra_cartorio": null, "lote_cartorio": "P/05", "matricula": null, "circunscricao": "1º CIRCUNSCRIÇÃO", "zoneamento": null, "condominio": null, "area_geom": 347.91, "cnm": null }, "geometry": { "type": "Polygon", "coordinates": [ [ [ -54.617322, -22.137293 ], [ -54.617326, -22.137289 ], [ -54.617497, -22.137423 ], [ -54.617406, -22.137529 ], [ -54.617232, -22.137393 ], [ -54.617322, -22.137293 ] ] ] } },
{ "type": "Feature", "properties": { "id": 2698, "insc_imob": "07.01.35.34.050", "quadra_cartorio": null, "lote_cartorio": "14", "matricula": null, "circunscricao": "1º CIRCUNSCRIÇÃO", "zoneamento": null, "condominio": null, "area_geom": 456.0, "cnm": null }, "geometry": { "type": "Polygon", "coordinates": [ [ [ -54.620077, -22.136449 ], [ -54.620151, -22.136366 ], [ -54.620434, -22.136586 ], [ -54.620359, -22.136669 ], [ -54.620077, -22.136449 ] ] ] } },
{ "type": "Feature", "properties": { "id": 3496, "insc_imob": "07.01.45.03.110", "quadra_cartorio": null, "lote_cartorio": "P/04", "matricula": null, "circunscricao": "1º CIRCUNSCRIÇÃO", "zoneamento": null, "condominio": null, "area_geom": 674.01, "cnm": null }, "geometry": { "type": "Polygon", "coordinates": [ [ [ -54.619471, -22.138608 ], [ -54.619718, -22.138334 ], [ -54.619844, -22.138432 ], [ -54.619658, -22.13864 ], [ -54.619598, -22.138707 ], [ -54.619471, -22.138608 ] ] ] } },
{ "type": "Feature", "properties": { "id": 4906, "insc_imob": "07.01.24.11.990", "quadra_cartorio": null, "lote_cartorio": "07", "matricula": null, "circunscricao": "1º CIRCUNSCRIÇÃO", "zoneamento": null, "condominio": null, "area_geom": 3430.69, "cnm": null }, "geometry": { "type": "Polygon", "coordinates": [ [ [ -54.635634, -22.139682 ], [ -54.63631, -22.138928 ], [ -54.636533, -22.139102 ], [ -54.635818, -22.139899 ], [ -54.635641, -22.139761 ], [ -54.635634, -22.139682 ] ] ] } },
{ "type": "Feature", "properties": { "id": 5822, "insc_imob": "07.01.24.03.511", "quadra_cartorio": null, "lote_cartorio": "09", "matricula": null, "circunscricao": "1º CIRCUNSCRIÇÃO", "zoneamento": null, "condominio": null, "area_geom": 2032.04, "cnm": null }, "geometry": { "type": "Polygon", "coordinates": [ [ [ -54.635354, -22.136773 ], [ -54.635323, -22.136455 ], [ -54.63602, -22.136998 ], [ -54.635865, -22.137171 ], [ -54.635354, -22.136773 ] ] ] } },
{ "type": "Feature", "properties": { "id": 5823, "insc_imob": "07.01.24.03.856", "quadra_cartorio": null, "lote_cartorio": "01", "matricula": null, "circunscricao": "1º CIRCUNSCRIÇÃO", "zoneamento": null, "condominio": null, "area_geom": 5624.79, "cnm": null }, "geometry": { "type": "Polygon", "coordinates": [ [ [ -54.636178, -22.135062 ], [ -54.636457, -22.13475 ], [ -54.637387, -22.135473 ], [ -54.637107, -22.135785 ], [ -54.636364, -22.135206 ], [ -54.636178, -22.135062 ] ] ] } },
{ "type": "Feature", "properties": { "id": 5837, "insc_imob": "07.01.46.06.072", "quadra_cartorio": null, "lote_cartorio": "P/07", "matricula": null, "circunscricao": "1º CIRCUNSCRIÇÃO", "zoneamento": null, "condominio": null, "area_geom": 796.79, "cnm": null }, "geometry": { "type": "Polygon", "coordinates": [ [ [ -54.61195, -22.132819 ], [ -54.612259, -22.132474 ], [ -54.612378, -22.132567 ], [ -54.612069, -22.132912 ], [ -54.612061, -22.132906 ], [ -54.61195, -22.132819 ] ] ] } },
{ "type": "Feature", "properties": { "id": 6226, "insc_imob": "07.01.36.42.468", "quadra_cartorio": null, "lote_cartorio": "12", "matricula": null, "circunscricao": "1º CIRCUNSCRIÇÃO", "zoneamento": null, "condominio": null, "area_geom": 379.85, "cnm": null }, "geometry": { "type": "Polygon", "coordinates": [ [ [ -54.614177, -22.131362 ], [ -54.614181, -22.131358 ], [ -54.614463, -22.131578 ], [ -54.614401, -22.131647 ], [ -54.614119, -22.131427 ], [ -54.614177, -22.131362 ] ] ] } },
{ "type": "Feature", "properties": { "id": 6731, "insc_imob": "07.01.24.01.650", "quadra_cartorio": null, "lote_cartorio": "12", "matricula": null, "circunscricao": "1º CIRCUNSCRIÇÃO", "zoneamento": null, "condominio": null, "area_geom": 2500.03, "cnm": null }, "geometry": { "type": "Polygon", "coordinates": [ [ [ -54.636459, -22.138691 ], [ -54.636498, -22.138648 ], [ -54.636812, -22.138297 ], [ -54.636843, -22.138262 ], [ -54.636934, -22.138161 ], [ -54.637079, -22.137999 ], [ -54.63708, -22.137999 ], [ -54.637266, -22.138143 ], [ -54.636645, -22.138836 ], [ -54.636459, -22.138691 ] ] ] } },
{ "type": "Feature", "properties": { "id": 7263, "insc_imob": "07.01.25.12.222", "quadra_cartorio": null, "lote_cartorio": "15", "matricula": null, "circunscricao": "1º CIRCUNSCRIÇÃO", "zoneamento": null, "condominio": null, "area_geom": 1860.01, "cnm": null }, "geometry": { "type": "Polygon", "coordinates": [ [ [ -54.623995, -22.130803 ], [ -54.62438, -22.130374 ], [ -54.624603, -22.130547 ], [ -54.624218, -22.130977 ], [ -54.623995, -22.130803 ] ] ] } },
{ "type": "Feature", "properties": { "id": 7265, "insc_imob": "07.01.35.34.162", "quadra_cartorio": null, "lote_cartorio": "15", "matricula": null, "circunscricao": "1º CIRCUNSCRIÇÃO", "zoneamento": null, "condominio": null, "area_geom": 600.43, "cnm": null }, "geometry": { "type": "Polygon", "coordinates": [ [ [ -54.620138, -22.137085 ], [ -54.620449, -22.136738 ], [ -54.620538, -22.136807 ], [ -54.620463, -22.136891 ], [ -54.620389, -22.136974 ], [ -54.620314, -22.137057 ], [ -54.620227, -22.137154 ], [ -54.620138, -22.137085 ] ] ] } },
{ "type": "Feature", "properties": { "id": 7266, "insc_imob": "07.01.36.31.042", "quadra_cartorio": null, "lote_cartorio": "09", "matricula": null, "circunscricao": "1º CIRCUNSCRIÇÃO", "zoneamento": null, "condominio": null, "area_geom": 589.58, "cnm": null }, "geometry": { "type": "Polygon", "coordinates": [ [ [ -54.617616, -22.132883 ], [ -54.61769, -22.132801 ], [ -54.617868, -22.13294 ], [ -54.617957, -22.133009 ], [ -54.618047, -22.133079 ], [ -54.618058, -22.133087 ], [ -54.617984, -22.13317 ], [ -54.617616, -22.132883 ] ] ] } },
{ "type": "Feature", "properties": { "id": 7977, "insc_imob": "07.01.24.04.951", "quadra_cartorio": null, "lote_cartorio": "24", "matricula": null, "circunscricao": "1º CIRCUNSCRIÇÃO", "zoneamento": null, "condominio": null, "area_geom": 1899.37, "cnm": null }, "geometry": { "type": "Polygon", "coordinates": [ [ [ -54.634377, -22.135896 ], [ -54.634972, -22.135846 ], [ -54.635026, -22.1364 ], [ -54.634954, -22.136344 ], [ -54.634577, -22.136051 ], [ -54.634377, -22.135896 ] ] ] } },
{ "type": "Feature", "properties": { "id": 10607, "insc_imob": "07.01.35.46.130", "quadra_cartorio": null, "lote_cartorio": "03", "matricula": null, "circunscricao": "1º CIRCUNSCRIÇÃO", "zoneamento": null, "condominio": null, "area_geom": 353.98, "cnm": null }, "geometry": { "type": "Polygon", "coordinates": [ [ [ -54.617664, -22.1364 ], [ -54.617847, -22.136195 ], [ -54.617936, -22.136265 ], [ -54.617753, -22.136469 ], [ -54.617664, -22.1364 ] ] ] } },
{ "type": "Feature", "properties": { "id": 10632, "insc_imob": "07.01.35.46.142", "quadra_cartorio": null, "lote_cartorio": "04", "matricula": null, "circunscricao": "1º CIRCUNSCRIÇÃO", "zoneamento": null, "condominio": null, "area_geom": 354.14, "cnm": null }, "geometry": { "type": "Polygon", "coordinates": [ [ [ -54.617753, -22.136469 ], [ -54.617936, -22.136265 ], [ -54.618026, -22.136334 ], [ -54.617842, -22.136539 ], [ -54.617753, -22.136469 ] ] ] } },
{ "type": "Feature", "properties": { "id": 10634, "insc_imob": "07.01.35.46.228", "quadra_cartorio": null, "lote_cartorio": "08", "matricula": null, "circunscricao": "1º CIRCUNSCRIÇÃO", "zoneamento": null, "condominio": null, "area_geom": 606.11, "cnm": null }, "geometry": { "type": "Polygon", "coordinates": [ [ [ -54.61811, -22.136747 ], [ -54.618293, -22.136543 ], [ -54.618446, -22.136661 ], [ -54.618262, -22.136866 ], [ -54.61811, -22.136747 ] ] ] } },
{ "type": "Feature", "properties": { "id": 10636, "insc_imob": "07.01.35.46.252", "quadra_cartorio": null, "lote_cartorio": "10", "matricula": null, "circunscricao": "1º CIRCUNSCRIÇÃO", "zoneamento": null, "condominio": null, "area_geom": 626.98, "cnm": null }, "geometry": { "type": "Polygon", "coordinates": [ [ [ -54.618132, -22.136276 ], [ -54.6182, -22.136199 ], [ -54.618206, -22.136192 ], [ -54.618595, -22.136495 ], [ -54.61852, -22.136578 ], [ -54.618132, -22.136276 ] ] ] } },
{ "type": "Feature", "properties": { "id": 10643, "insc_imob": "07.01.35.47.029", "quadra_cartorio": null, "lote_cartorio": "15", "matricula": null, "circunscricao": "1º CIRCUNSCRIÇÃO", "zoneamento": null, "condominio": null, "area_geom": 407.92, "cnm": null }, "geometry": { "type": "Polygon", "coordinates": [ [ [ -54.617105, -22.135044 ], [ -54.61721, -22.134926 ], [ -54.617391, -22.135066 ], [ -54.617285, -22.135181 ], [ -54.617105, -22.135044 ] ] ] } },
{ "type": "Feature", "properties": { "id": 10650, "insc_imob": "07.01.35.47.106", "quadra_cartorio": null, "lote_cartorio": "01", "matricula": null, "circunscricao": "1º CIRCUNSCRIÇÃO", "zoneamento": null, "condominio": null, "area_geom": 352.21, "cnm": null }, "geometry": { "type": "Polygon", "coordinates": [ [ [ -54.616624, -22.13558 ], [ -54.616806, -22.135376 ], [ -54.616896, -22.135446 ], [ -54.616713, -22.135649 ], [ -54.616624, -22.13558 ] ] ] } },
{ "type": "Feature", "properties": { "id": 10652, "insc_imob": "07.01.35.47.142", "quadra_cartorio": null, "lote_cartorio": "04", "matricula": null, "circunscricao": "1º CIRCUNSCRIÇÃO", "zoneamento": null, "condominio": null, "area_geom": 352.67, "cnm": null }, "geometry": { "type": "Polygon", "coordinates": [ [ [ -54.616892, -22.135788 ], [ -54.617074, -22.135585 ], [ -54.617163, -22.135654 ], [ -54.616981, -22.135858 ], [ -54.616892, -22.135788 ] ] ] } },
{ "type": "Feature", "properties": { "id": 12755, "insc_imob": "07.01.36.36.042", "quadra_cartorio": null, "lote_cartorio": null, "matricula": null, "circunscricao": "1º CIRCUNSCRIÇÃO", "zoneamento": null, "condominio": null, "area_geom": 360.0, "cnm": null }, "geometry": { "type": "Polygon", "coordinates": [ [ [ -54.615132, -22.131025 ], [ -54.615318, -22.130817 ], [ -54.615407, -22.130887 ], [ -54.615345, -22.130956 ], [ -54.615283, -22.131026 ], [ -54.615221, -22.131095 ], [ -54.615132, -22.131025 ] ] ] } },
{ "type": "Feature", "properties": { "id": 13256, "insc_imob": "07.01.35.37.050", "quadra_cartorio": null, "lote_cartorio": "09", "matricula": null, "circunscricao": "1º CIRCUNSCRIÇÃO", "zoneamento": null, "condominio": null, "area_geom": 371.99, "cnm": null }, "geometry": { "type": "Polygon", "coordinates": [ [ [ -54.617607, -22.134498 ], [ -54.617681, -22.134415 ], [ -54.617912, -22.134595 ], [ -54.617837, -22.134678 ], [ -54.617607, -22.134498 ] ] ] } },
{ "type": "Feature", "properties": { "id": 98056, "insc_imob": "07.01.35.43.368", "quadra_cartorio": null, "lote_cartorio": "P/16", "matricula": null, "circunscricao": "1º CIRCUNSCRIÇÃO", "zoneamento": null, "condominio": null, "area_geom": 320.04, "cnm": null }, "geometry": { "type": "Polygon", "coordinates": [ [ [ -54.620591, -22.137917 ], [ -54.620775, -22.137716 ], [ -54.620856, -22.13778 ], [ -54.620671, -22.137981 ], [ -54.620591, -22.137917 ] ] ] } },
{ "type": "Feature", "properties": { "id": 120829, "insc_imob": "07.01.36.49.108", "quadra_cartorio": null, "lote_cartorio": "P/03", "matricula": null, "circunscricao": "1º CIRCUNSCRIÇÃO", "zoneamento": null, "condominio": null, "area_geom": 845.33, "cnm": null }, "geometry": { "type": "Polygon", "coordinates": [ [ [ -54.615156, -22.134455 ], [ -54.614977, -22.134316 ], [ -54.615194, -22.134073 ], [ -54.615374, -22.134212 ], [ -54.615156, -22.134455 ] ] ] } },
{ "type": "Feature", "properties": { "id": 120748, "insc_imob": "07.01.36.21.239", "quadra_cartorio": null, "lote_cartorio": "21", "matricula": "41013", "circunscricao": "1º CIRCUNSCRIÇÃO", "zoneamento": null, "condominio": null, "area_geom": 494.64, "cnm": "062661.2.0041013-36" }, "geometry": { "type": "Polygon", "coordinates": [ [ [ -54.618517, -22.132598 ], [ -54.618579, -22.132529 ], [ -54.618947, -22.132816 ], [ -54.618885, -22.132885 ], [ -54.618773, -22.132798 ], [ -54.618684, -22.132729 ], [ -54.618595, -22.132659 ], [ -54.618517, -22.132598 ] ] ] } },
{ "type": "Feature", "properties": { "id": 82263, "insc_imob": "07.01.35.25.255", "quadra_cartorio": null, "lote_cartorio": "20 e 21", "matricula": "TR-51170", "circunscricao": "1º CIRCUNSCRIÇÃO", "zoneamento": null, "condominio": null, "area_geom": 1103.04, "cnm": null }, "geometry": { "type": "Polygon", "coordinates": [ [ [ -54.62035, -22.135298 ], [ -54.620694, -22.135566 ], [ -54.620545, -22.135731 ], [ -54.620201, -22.135464 ], [ -54.62035, -22.135298 ] ] ] } },
{ "type": "Feature", "properties": { "id": 126509, "insc_imob": "07.01.46.02.059", "quadra_cartorio": "56 NCD", "lote_cartorio": "06", "matricula": "58104", "circunscricao": "1º CIRCUNSCRIÇÃO", "zoneamento": null, "condominio": null, "area_geom": 630.0, "cnm": "062661.2.0058104-76" }, "geometry": { "type": "Polygon", "coordinates": [ [ [ -54.615156, -22.134742 ], [ -54.614938, -22.134985 ], [ -54.614804, -22.134881 ], [ -54.615022, -22.134638 ], [ -54.615156, -22.134742 ] ] ] } },
{ "type": "Feature", "properties": { "id": 323, "insc_imob": "07.01.46.04.061", "quadra_cartorio": null, "lote_cartorio": "P/05", "matricula": "37357", "circunscricao": "1º CIRCUNSCRIÇÃO", "zoneamento": null, "condominio": null, "area_geom": 359.73, "cnm": "062661.2.0037357-43" }, "geometry": { "type": "Polygon", "coordinates": [ [ [ -54.6136, -22.13388 ], [ -54.613786, -22.133672 ], [ -54.613875, -22.133741 ], [ -54.613689, -22.133949 ], [ -54.6136, -22.13388 ] ] ] } },
{ "type": "Feature", "properties": { "id": 62, "insc_imob": "07.01.45.06.019", "quadra_cartorio": null, "lote_cartorio": "P/05", "matricula": "TR-56505", "circunscricao": "1º CIRCUNSCRIÇÃO", "zoneamento": null, "condominio": null, "area_geom": 420.19, "cnm": null }, "geometry": { "type": "Polygon", "coordinates": [ [ [ -54.617894, -22.137151 ], [ -54.618013, -22.137018 ], [ -54.618177, -22.137146 ], [ -54.618058, -22.137278 ], [ -54.617894, -22.137151 ] ] ] } },
{ "type": "Feature", "properties": { "id": 10641, "insc_imob": "07.01.35.46.349", "quadra_cartorio": null, "lote_cartorio": "15", "matricula": "TR-50898", "circunscricao": "1º CIRCUNSCRIÇÃO", "zoneamento": null, "condominio": null, "area_geom": 347.96, "cnm": null }, "geometry": { "type": "Polygon", "coordinates": [ [ [ -54.618249, -22.136085 ], [ -54.618429, -22.135884 ], [ -54.618519, -22.135953 ], [ -54.618338, -22.136154 ], [ -54.618281, -22.136109 ], [ -54.618249, -22.136085 ] ] ] } },
{ "type": "Feature", "properties": { "id": 10642, "insc_imob": "07.01.35.46.361", "quadra_cartorio": null, "lote_cartorio": "16", "matricula": "TR-50898", "circunscricao": "1º CIRCUNSCRIÇÃO", "zoneamento": null, "condominio": null, "area_geom": 347.99, "cnm": null }, "geometry": { "type": "Polygon", "coordinates": [ [ [ -54.618235, -22.135932 ], [ -54.61834, -22.135814 ], [ -54.618429, -22.135884 ], [ -54.618249, -22.136085 ], [ -54.61816, -22.136015 ], [ -54.618235, -22.135932 ] ] ] } },
{ "type": "Feature", "properties": { "id": 94435, "insc_imob": "07.01.35.17.239", "quadra_cartorio": null, "lote_cartorio": "23", "matricula": "TR-6205", "circunscricao": "1º CIRCUNSCRIÇÃO", "zoneamento": null, "condominio": null, "area_geom": 520.0, "cnm": null }, "geometry": { "type": "Polygon", "coordinates": [ [ [ -54.620243, -22.13226 ], [ -54.620304, -22.13219 ], [ -54.620364, -22.132236 ], [ -54.620454, -22.132305 ], [ -54.620544, -22.132373 ], [ -54.620695, -22.132487 ], [ -54.620633, -22.132557 ], [ -54.620243, -22.13226 ] ] ] } },
{ "type": "Feature", "properties": { "id": 94438, "insc_imob": "07.01.35.17.359", "quadra_cartorio": null, "lote_cartorio": "06", "matricula": "TR-6205", "circunscricao": "1º CIRCUNSCRIÇÃO", "zoneamento": null, "condominio": null, "area_geom": 359.97, "cnm": null }, "geometry": { "type": "Polygon", "coordinates": [ [ [ -54.620095, -22.132031 ], [ -54.620278, -22.13182 ], [ -54.620368, -22.131889 ], [ -54.620185, -22.132099 ], [ -54.620095, -22.132031 ] ] ] } },
{ "type": "Feature", "properties": { "id": 94442, "insc_imob": "07.01.35.17.229", "quadra_cartorio": null, "lote_cartorio": "22", "matricula": "TR-6205", "circunscricao": "1º CIRCUNSCRIÇÃO", "zoneamento": null, "condominio": null, "area_geom": 520.0, "cnm": null }, "geometry": { "type": "Polygon", "coordinates": [ [ [ -54.620182, -22.13233 ], [ -54.620243, -22.13226 ], [ -54.620633, -22.132557 ], [ -54.620572, -22.132627 ], [ -54.620182, -22.13233 ] ] ] } },
{ "type": "Feature", "properties": { "id": 94447, "insc_imob": "07.01.35.17.335", "quadra_cartorio": null, "lote_cartorio": "04", "matricula": "TR-6205", "circunscricao": "1º CIRCUNSCRIÇÃO", "zoneamento": null, "condominio": null, "area_geom": 359.38, "cnm": null }, "geometry": { "type": "Polygon", "coordinates": [ [ [ -54.620275, -22.132167 ], [ -54.620459, -22.131957 ], [ -54.620548, -22.132026 ], [ -54.620364, -22.132236 ], [ -54.620304, -22.13219 ], [ -54.620275, -22.132167 ] ] ] } },
{ "type": "Feature", "properties": { "id": 94449, "insc_imob": "07.01.35.17.347", "quadra_cartorio": null, "lote_cartorio": "05", "matricula": "TR-6205", "circunscricao": "1º CIRCUNSCRIÇÃO", "zoneamento": null, "condominio": null, "area_geom": 359.98, "cnm": null }, "geometry": { "type": "Polygon", "coordinates": [ [ [ -54.620185, -22.132099 ], [ -54.620368, -22.131889 ], [ -54.620459, -22.131957 ], [ -54.620275, -22.132167 ], [ -54.620185, -22.132099 ] ] ] } },
{ "type": "Feature", "properties": { "id": 94450, "insc_imob": "07.01.35.17.212", "quadra_cartorio": null, "lote_cartorio": "20", "matricula": "TR-26652", "circunscricao": "1º CIRCUNSCRIÇÃO", "zoneamento": null, "condominio": null, "area_geom": 440.0, "cnm": null }, "geometry": { "type": "Polygon", "coordinates": [ [ [ -54.620119, -22.132516 ], [ -54.62018, -22.132446 ], [ -54.620511, -22.132697 ], [ -54.62045, -22.132767 ], [ -54.620299, -22.132653 ], [ -54.620209, -22.132584 ], [ -54.620119, -22.132516 ] ] ] } },
{ "type": "Feature", "properties": { "id": 94451, "insc_imob": "07.01.35.17.030", "quadra_cartorio": null, "lote_cartorio": "08", "matricula": "TR-6205", "circunscricao": "1º CIRCUNSCRIÇÃO", "zoneamento": null, "condominio": null, "area_geom": 361.11, "cnm": null }, "geometry": { "type": "Polygon", "coordinates": [ [ [ -54.619914, -22.131894 ], [ -54.620097, -22.131684 ], [ -54.620188, -22.131752 ], [ -54.620004, -22.131962 ], [ -54.619914, -22.131894 ] ] ] } },
{ "type": "Feature", "properties": { "id": 94452, "insc_imob": "07.01.35.17.299", "quadra_cartorio": null, "lote_cartorio": "01", "matricula": "TR-6205", "circunscricao": "1º CIRCUNSCRIÇÃO", "zoneamento": null, "condominio": null, "area_geom": 600.0, "cnm": null }, "geometry": { "type": "Polygon", "coordinates": [ [ [ -54.620544, -22.132373 ], [ -54.620728, -22.132163 ], [ -54.620878, -22.132277 ], [ -54.620695, -22.132487 ], [ -54.620544, -22.132373 ] ] ] } },
{ "type": "Feature", "properties": { "id": 94454, "insc_imob": "07.01.35.17.323", "quadra_cartorio": null, "lote_cartorio": "03", "matricula": "TR-6205", "circunscricao": "1º CIRCUNSCRIÇÃO", "zoneamento": null, "condominio": null, "area_geom": 360.0, "cnm": null }, "geometry": { "type": "Polygon", "coordinates": [ [ [ -54.620364, -22.132236 ], [ -54.620548, -22.132026 ], [ -54.620638, -22.132095 ], [ -54.620454, -22.132305 ], [ -54.620364, -22.132236 ] ] ] } },
{ "type": "Feature", "properties": { "id": 94455, "insc_imob": "07.01.35.17.371", "quadra_cartorio": null, "lote_cartorio": "07", "matricula": "TR-6205", "circunscricao": "1º CIRCUNSCRIÇÃO", "zoneamento": null, "condominio": null, "area_geom": 359.99, "cnm": null }, "geometry": { "type": "Polygon", "coordinates": [ [ [ -54.620004, -22.131962 ], [ -54.620188, -22.131752 ], [ -54.620278, -22.13182 ], [ -54.620095, -22.132031 ], [ -54.620004, -22.131962 ] ] ] } },
{ "type": "Feature", "properties": { "id": 98072, "insc_imob": "07.01.36.21.124", "quadra_cartorio": null, "lote_cartorio": "14", "matricula": "TR-40334", "circunscricao": "1º CIRCUNSCRIÇÃO", "zoneamento": null, "condominio": null, "area_geom": 359.99, "cnm": null }, "geometry": { "type": "Polygon", "coordinates": [ [ [ -54.618051, -22.132589 ], [ -54.618238, -22.132381 ], [ -54.618327, -22.132451 ], [ -54.618141, -22.132659 ], [ -54.618051, -22.132589 ] ] ] } },
{ "type": "Feature", "properties": { "id": 111720, "insc_imob": "07.01.36.32.182", "quadra_cartorio": null, "lote_cartorio": "04", "matricula": "TR-28959", "circunscricao": "1º CIRCUNSCRIÇÃO", "zoneamento": null, "condominio": null, "area_geom": 393.75, "cnm": null }, "geometry": { "type": "Polygon", "coordinates": [ [ [ -54.61672, -22.133079 ], [ -54.616937, -22.132836 ], [ -54.617021, -22.132901 ], [ -54.616804, -22.133144 ], [ -54.61672, -22.133079 ] ] ] } },
{ "type": "Feature", "properties": { "id": 120110, "insc_imob": "07.01.36.32.404", "quadra_cartorio": null, "lote_cartorio": "17", "matricula": "TR-5486", "circunscricao": "1º CIRCUNSCRIÇÃO", "zoneamento": null, "condominio": null, "area_geom": 354.96, "cnm": null }, "geometry": { "type": "Polygon", "coordinates": [ [ [ -54.617086, -22.132305 ], [ -54.617269, -22.1321 ], [ -54.617359, -22.132169 ], [ -54.617175, -22.132374 ], [ -54.617086, -22.132305 ] ] ] } },
{ "type": "Feature", "properties": { "id": 119619, "insc_imob": "07.01.35.27.422", "quadra_cartorio": null, "lote_cartorio": "06", "matricula": "TR-6205", "circunscricao": "1º CIRCUNSCRIÇÃO", "zoneamento": null, "condominio": null, "area_geom": 359.98, "cnm": null }, "geometry": { "type": "Polygon", "coordinates": [ [ [ -54.61869, -22.133586 ], [ -54.618876, -22.133378 ], [ -54.618966, -22.133448 ], [ -54.618779, -22.133656 ], [ -54.61869, -22.133586 ] ] ] } },
{ "type": "Feature", "properties": { "id": 119620, "insc_imob": "07.01.35.27.434", "quadra_cartorio": null, "lote_cartorio": "07", "matricula": "TR-6205", "circunscricao": "1º CIRCUNSCRIÇÃO", "zoneamento": null, "condominio": null, "area_geom": 360.0, "cnm": null }, "geometry": { "type": "Polygon", "coordinates": [ [ [ -54.618601, -22.133517 ], [ -54.618787, -22.133309 ], [ -54.618876, -22.133378 ], [ -54.61869, -22.133586 ], [ -54.618601, -22.133517 ] ] ] } },
{ "type": "Feature", "properties": { "id": 119681, "insc_imob": "07.01.35.35.236", "quadra_cartorio": null, "lote_cartorio": "18", "matricula": "TR-46799", "circunscricao": "1º CIRCUNSCRIÇÃO", "zoneamento": null, "condominio": null, "area_geom": 555.05, "cnm": null }, "geometry": { "type": "Polygon", "coordinates": [ [ [ -54.619691, -22.13636 ], [ -54.619602, -22.136291 ], [ -54.619525, -22.136231 ], [ -54.6196, -22.136148 ], [ -54.619944, -22.136416 ], [ -54.619869, -22.136499 ], [ -54.61978, -22.13643 ], [ -54.619691, -22.13636 ] ] ] } },
{ "type": "Feature", "properties": { "id": 119683, "insc_imob": "07.01.35.35.260", "quadra_cartorio": null, "lote_cartorio": "20", "matricula": "TR-55229", "circunscricao": "1º CIRCUNSCRIÇÃO", "zoneamento": null, "condominio": null, "area_geom": 554.92, "cnm": null }, "geometry": { "type": "Polygon", "coordinates": [ [ [ -54.619675, -22.136065 ], [ -54.619749, -22.135982 ], [ -54.619825, -22.136041 ], [ -54.619915, -22.136111 ], [ -54.620004, -22.13618 ], [ -54.620093, -22.13625 ], [ -54.620018, -22.136333 ], [ -54.619675, -22.136065 ] ] ] } },
{ "type": "Feature", "properties": { "id": 119886, "insc_imob": "07.01.35.45.217", "quadra_cartorio": null, "lote_cartorio": "07", "matricula": "TR-39866", "circunscricao": "1º CIRCUNSCRIÇÃO", "zoneamento": null, "condominio": null, "area_geom": 356.27, "cnm": null }, "geometry": { "type": "Polygon", "coordinates": [ [ [ -54.618943, -22.137403 ], [ -54.619128, -22.137197 ], [ -54.619217, -22.137266 ], [ -54.619033, -22.137472 ], [ -54.618943, -22.137403 ] ] ] } },
{ "type": "Feature", "properties": { "id": 120056, "insc_imob": "07.01.36.32.074", "quadra_cartorio": null, "lote_cartorio": "23", "matricula": "TR-52371", "circunscricao": "1º CIRCUNSCRIÇÃO", "zoneamento": null, "condominio": null, "area_geom": 522.5, "cnm": null }, "geometry": { "type": "Polygon", "coordinates": [ [ [ -54.616634, -22.132471 ], [ -54.616702, -22.132394 ], [ -54.617055, -22.132669 ], [ -54.616987, -22.132746 ], [ -54.616634, -22.132471 ] ] ] } },
{ "type": "Feature", "properties": { "id": 120085, "insc_imob": "07.01.36.32.283", "quadra_cartorio": null, "lote_cartorio": "10", "matricula": "TR-2565", "circunscricao": "1º CIRCUNSCRIÇÃO", "zoneamento": null, "condominio": null, "area_geom": 522.43, "cnm": null }, "geometry": { "type": "Polygon", "coordinates": [ [ [ -54.617055, -22.132669 ], [ -54.61712, -22.132597 ], [ -54.617124, -22.132593 ], [ -54.617477, -22.132868 ], [ -54.617409, -22.132944 ], [ -54.617055, -22.132669 ] ] ] } },
{ "type": "Feature", "properties": { "id": 120356, "insc_imob": "07.01.36.32.171", "quadra_cartorio": null, "lote_cartorio": "03", "matricula": "TR-28959", "circunscricao": "1º CIRCUNSCRIÇÃO", "zoneamento": null, "condominio": null, "area_geom": 393.73, "cnm": null }, "geometry": { "type": "Polygon", "coordinates": [ [ [ -54.616636, -22.133014 ], [ -54.616854, -22.132771 ], [ -54.616919, -22.132822 ], [ -54.616937, -22.132836 ], [ -54.61672, -22.133079 ], [ -54.616636, -22.133014 ] ] ] } },
{ "type": "Feature", "properties": { "id": 120370, "insc_imob": "07.01.36.38.124", "quadra_cartorio": null, "lote_cartorio": "13", "matricula": "TR-45970", "circunscricao": "1º CIRCUNSCRIÇÃO", "zoneamento": null, "condominio": null, "area_geom": 407.25, "cnm": null }, "geometry": { "type": "Polygon", "coordinates": [ [ [ -54.61652, -22.134262 ], [ -54.616719, -22.13404 ], [ -54.616814, -22.134114 ], [ -54.616616, -22.134335 ], [ -54.61652, -22.134262 ] ] ] } },
{ "type": "Feature", "properties": { "id": 120444, "insc_imob": "07.01.36.38.362", "quadra_cartorio": null, "lote_cartorio": "05", "matricula": "TR-51876", "circunscricao": "1º CIRCUNSCRIÇÃO", "zoneamento": null, "condominio": null, "area_geom": 384.0, "cnm": null }, "geometry": { "type": "Polygon", "coordinates": [ [ [ -54.617104, -22.133915 ], [ -54.617302, -22.133693 ], [ -54.617392, -22.133763 ], [ -54.617193, -22.133984 ], [ -54.617104, -22.133915 ] ] ] } },
{ "type": "Feature", "properties": { "id": 119863, "insc_imob": "07.01.35.44.249", "quadra_cartorio": null, "lote_cartorio": "P/16", "matricula": "TR-5043", "circunscricao": "1º CIRCUNSCRIÇÃO", "zoneamento": null, "condominio": null, "area_geom": 612.23, "cnm": null }, "geometry": { "type": "Polygon", "coordinates": [ [ [ -54.61976, -22.137542 ], [ -54.619835, -22.137459 ], [ -54.620214, -22.137754 ], [ -54.62014, -22.137837 ], [ -54.61976, -22.137542 ] ] ] } },
{ "type": "Feature", "properties": { "id": 120665, "insc_imob": "07.01.36.48.106", "quadra_cartorio": null, "lote_cartorio": "01", "matricula": "TR-11428", "circunscricao": "1º CIRCUNSCRIÇÃO", "zoneamento": null, "condominio": null, "area_geom": 350.82, "cnm": null }, "geometry": { "type": "Polygon", "coordinates": [ [ [ -54.615766, -22.134931 ], [ -54.615947, -22.134729 ], [ -54.616037, -22.134798 ], [ -54.615855, -22.135001 ], [ -54.615766, -22.134931 ] ] ] } },
{ "type": "Feature", "properties": { "id": 1464, "insc_imob": "07.01.35.25.164", "quadra_cartorio": null, "lote_cartorio": "15", "matricula": "6025-MÃE", "circunscricao": "1º CIRCUNSCRIÇÃO", "zoneamento": null, "condominio": null, "area_geom": 359.98, "cnm": "062661.2.0006025-46" }, "geometry": { "type": "Polygon", "coordinates": [ [ [ -54.619913, -22.135592 ], [ -54.620099, -22.135384 ], [ -54.620188, -22.135453 ], [ -54.620002, -22.135661 ], [ -54.619913, -22.135592 ] ] ] } },
{ "type": "Feature", "properties": { "id": 97897, "insc_imob": "07.01.24.13.980", "quadra_cartorio": null, "lote_cartorio": "03", "matricula": "66443-MÃE", "circunscricao": "1º CIRCUNSCRIÇÃO", "zoneamento": null, "condominio": null, "area_geom": 4999.95, "cnm": "062661.2.0066443-85" }, "geometry": { "type": "Polygon", "coordinates": [ [ [ -54.632916, -22.139052 ], [ -54.633227, -22.138705 ], [ -54.63397, -22.139284 ], [ -54.63366, -22.13963 ], [ -54.632916, -22.139052 ] ] ] } },
{ "type": "Feature", "properties": { "id": 114547, "insc_imob": "07.01.35.25.030", "quadra_cartorio": null, "lote_cartorio": "07", "matricula": "6025-MÃE", "circunscricao": "1º CIRCUNSCRIÇÃO", "zoneamento": null, "condominio": null, "area_geom": 614.99, "cnm": "062661.2.0006025-46" }, "geometry": { "type": "Polygon", "coordinates": [ [ [ -54.620228, -22.134783 ], [ -54.620414, -22.134575 ], [ -54.620567, -22.134694 ], [ -54.62038, -22.134902 ], [ -54.620228, -22.134783 ] ] ] } },
{ "type": "Feature", "properties": { "id": 114562, "insc_imob": "07.01.35.25.278", "quadra_cartorio": null, "lote_cartorio": "22", "matricula": "6025-MÃE", "circunscricao": "1º CIRCUNSCRIÇÃO", "zoneamento": null, "condominio": null, "area_geom": 550.74, "cnm": "062661.2.0006025-46" }, "geometry": { "type": "Polygon", "coordinates": [ [ [ -54.62035, -22.135298 ], [ -54.620424, -22.135216 ], [ -54.620768, -22.135483 ], [ -54.620694, -22.135566 ], [ -54.620364, -22.13531 ], [ -54.62035, -22.135298 ] ] ] } },
{ "type": "Feature", "properties": { "id": 114563, "insc_imob": "07.01.35.25.290", "quadra_cartorio": null, "lote_cartorio": "23", "matricula": "6025-MÃE", "circunscricao": "1º CIRCUNSCRIÇÃO", "zoneamento": null, "condominio": null, "area_geom": 550.78, "cnm": "062661.2.0006025-46" }, "geometry": { "type": "Polygon", "coordinates": [ [ [ -54.620424, -22.135216 ], [ -54.620498, -22.135133 ], [ -54.620842, -22.135401 ], [ -54.620768, -22.135483 ], [ -54.620424, -22.135216 ] ] ] } },
{ "type": "Feature", "properties": { "id": 114566, "insc_imob": "07.01.35.25.380", "quadra_cartorio": null, "lote_cartorio": "04", "matricula": "6025-MÃE", "circunscricao": "1º CIRCUNSCRIÇÃO", "zoneamento": null, "condominio": null, "area_geom": 359.99, "cnm": "062661.2.0006025-46" }, "geometry": { "type": "Polygon", "coordinates": [ [ [ -54.620559, -22.135041 ], [ -54.620745, -22.134833 ], [ -54.620834, -22.134902 ], [ -54.620648, -22.13511 ], [ -54.620572, -22.135051 ], [ -54.620559, -22.135041 ] ] ] } },
{ "type": "Feature", "properties": { "id": 114567, "insc_imob": "07.01.35.25.392", "quadra_cartorio": null, "lote_cartorio": "05", "matricula": "6025-MÃE", "circunscricao": "1º CIRCUNSCRIÇÃO", "zoneamento": null, "condominio": null, "area_geom": 359.97, "cnm": "062661.2.0006025-46" }, "geometry": { "type": "Polygon", "coordinates": [ [ [ -54.620469, -22.134971 ], [ -54.620656, -22.134763 ], [ -54.620745, -22.134833 ], [ -54.620559, -22.135041 ], [ -54.620469, -22.134971 ] ] ] } },
{ "type": "Feature", "properties": { "id": 105351, "insc_imob": "07.01.35.18.136", "quadra_cartorio": null, "lote_cartorio": "13", "matricula": "14881-1RI/36532-1RI", "circunscricao": "1º CIRCUNSCRIÇÃO", "zoneamento": null, "condominio": null, "area_geom": 360.0, "cnm": "062661.2.1488136-96" }, "geometry": { "type": "Polygon", "coordinates": [ [ [ -54.618961, -22.133307 ], [ -54.619147, -22.133099 ], [ -54.619236, -22.133168 ], [ -54.61905, -22.133376 ], [ -54.618961, -22.133307 ] ] ] } },
{ "type": "Feature", "properties": { "id": 127498, "insc_imob": "07.01.45.03.380.000.0", "quadra_cartorio": "02", "lote_cartorio": "05", "matricula": "7698", "circunscricao": null, "zoneamento": null, "condominio": null, "area_geom": 360.01, "cnm": "062661.2.0007698-71" }, "geometry": { "type": "Polygon", "coordinates": [ [ [ -54.617931, -22.13812 ], [ -54.618117, -22.13791 ], [ -54.618206, -22.13798 ], [ -54.618021, -22.138189 ], [ -54.617931, -22.13812 ] ] ] } },
{ "type": "Feature", "properties": { "id": 51055, "insc_imob": "07.01.35.26.264", "quadra_cartorio": "10", "lote_cartorio": "13", "matricula": "45579", "circunscricao": "1º CIRCUNSCRIÇÃO", "zoneamento": null, "condominio": null, "area_geom": 544.69, "cnm": "062661.2.0045579-15" }, "geometry": { "type": "Polygon", "coordinates": [ [ [ -54.619407, -22.13484 ], [ -54.619472, -22.134768 ], [ -54.61986, -22.135071 ], [ -54.619796, -22.135143 ], [ -54.619643, -22.135024 ], [ -54.619554, -22.134955 ], [ -54.619465, -22.134885 ], [ -54.619407, -22.13484 ] ] ] } },
{ "type": "Feature", "properties": { "id": 51056, "insc_imob": "07.01.35.45.139", "quadra_cartorio": "04", "lote_cartorio": "03", "matricula": "21492", "circunscricao": "1º CIRCUNSCRIÇÃO", "zoneamento": null, "condominio": null, "area_geom": 355.33, "cnm": "062661.2.0021492-11" }, "geometry": { "type": "Polygon", "coordinates": [ [ [ -54.618587, -22.137124 ], [ -54.618771, -22.136919 ], [ -54.61886, -22.136989 ], [ -54.618676, -22.137194 ], [ -54.618587, -22.137124 ] ] ] } },
{ "type": "Feature", "properties": { "id": 51057, "insc_imob": "07.01.36.38.267", "quadra_cartorio": "8", "lote_cartorio": "22", "matricula": "65460", "circunscricao": "1º CIRCUNSCRIÇÃO", "zoneamento": null, "condominio": null, "area_geom": 593.86, "cnm": "062661.2.0065460-27" }, "geometry": { "type": "Polygon", "coordinates": [ [ [ -54.617148, -22.134091 ], [ -54.617216, -22.134014 ], [ -54.617222, -22.134007 ], [ -54.617278, -22.134051 ], [ -54.61739, -22.134138 ], [ -54.617479, -22.134207 ], [ -54.617591, -22.134294 ], [ -54.617516, -22.134377 ], [ -54.617148, -22.134091 ] ] ] } },
{ "type": "Feature", "properties": { "id": 51734, "insc_imob": "07.01.35.45.041", "quadra_cartorio": "04", "lote_cartorio": "18", "matricula": "53790", "circunscricao": "1º CIRCUNSCRIÇÃO", "zoneamento": null, "condominio": null, "area_geom": 717.06, "cnm": "062661.2.0053790-20" }, "geometry": { "type": "Polygon", "coordinates": [ [ [ -54.618678, -22.136565 ], [ -54.618784, -22.136447 ], [ -54.618936, -22.136566 ], [ -54.619026, -22.136635 ], [ -54.618995, -22.13667 ], [ -54.619084, -22.136739 ], [ -54.619097, -22.136749 ], [ -54.619022, -22.136832 ], [ -54.618678, -22.136565 ] ] ] } },
{ "type": "Feature", "properties": { "id": 52077, "insc_imob": "07.01.35.25.054", "quadra_cartorio": "09", "lote_cartorio": "09", "matricula": "21226", "circunscricao": "1º CIRCUNSCRIÇÃO", "zoneamento": null, "condominio": null, "area_geom": 550.45, "cnm": "062661.2.0021226-33" }, "geometry": { "type": "Polygon", "coordinates": [ [ [ -54.62008, -22.134948 ], [ -54.620154, -22.134866 ], [ -54.620498, -22.135133 ], [ -54.620424, -22.135216 ], [ -54.62008, -22.134948 ] ] ] } },
{ "type": "Feature", "properties": { "id": 53440, "insc_imob": "07.01.36.52.271", "quadra_cartorio": "01", "lote_cartorio": "19", "matricula": "54253", "circunscricao": "1º CIRCUNSCRIÇÃO", "zoneamento": null, "condominio": null, "area_geom": 341.75, "cnm": "062661.2.0054253-86" }, "geometry": { "type": "Polygon", "coordinates": [ [ [ -54.612888, -22.131686 ], [ -54.612959, -22.131607 ], [ -54.613182, -22.131781 ], [ -54.613111, -22.13186 ], [ -54.612888, -22.131686 ] ] ] } },
{ "type": "Feature", "properties": { "id": 62603, "insc_imob": "07.01.35.26.048", "quadra_cartorio": "10", "lote_cartorio": "K", "matricula": "92576", "circunscricao": "1º CIRCUNSCRIÇÃO", "zoneamento": null, "condominio": null, "area_geom": 368.94, "cnm": "062661.2.0092576-62" }, "geometry": { "type": "Polygon", "coordinates": [ [ [ -54.619278, -22.134249 ], [ -54.619348, -22.13417 ], [ -54.61959, -22.134359 ], [ -54.619519, -22.134437 ], [ -54.619278, -22.134249 ] ] ] } },
{ "type": "Feature", "properties": { "id": 68012, "insc_imob": "07.01.36.35.010", "quadra_cartorio": "12 ", "lote_cartorio": "10", "matricula": "132683", "circunscricao": "1º CIRCUNSCRIÇÃO", "zoneamento": null, "condominio": null, "area_geom": 240.83, "cnm": "062661.2.0132683-21" }, "geometry": { "type": "Polygon", "coordinates": [ [ [ -54.61563, -22.131179 ], [ -54.615692, -22.131109 ], [ -54.615871, -22.131249 ], [ -54.615809, -22.131318 ], [ -54.61563, -22.131179 ] ] ] } },
{ "type": "Feature", "properties": { "id": 69450, "insc_imob": "07.01.36.36.225", "quadra_cartorio": "12 ", "lote_cartorio": "P/06", "matricula": "94099", "circunscricao": "1º CIRCUNSCRIÇÃO", "zoneamento": null, "condominio": null, "area_geom": 249.82, "cnm": "062661.2.0094099-52" }, "geometry": { "type": "Polygon", "coordinates": [ [ [ -54.615283, -22.131026 ], [ -54.615345, -22.130956 ], [ -54.615531, -22.131101 ], [ -54.615469, -22.13117 ], [ -54.615283, -22.131026 ] ] ] } },
{ "type": "Feature", "properties": { "id": 70840, "insc_imob": "07.01.36.36.155", "quadra_cartorio": "12 ", "lote_cartorio": "P/06", "matricula": "94092", "circunscricao": "1º CIRCUNSCRIÇÃO", "zoneamento": null, "condominio": null, "area_geom": 249.82, "cnm": "062661.2.0094092-73" }, "geometry": { "type": "Polygon", "coordinates": [ [ [ -54.614848, -22.13151 ], [ -54.61491, -22.131441 ], [ -54.615096, -22.131586 ], [ -54.615034, -22.131655 ], [ -54.614848, -22.13151 ] ] ] } },
{ "type": "Feature", "properties": { "id": 70841, "insc_imob": "07.01.36.41.127", "quadra_cartorio": "12", "lote_cartorio": "05", "matricula": "89642", "circunscricao": "1º CIRCUNSCRIÇÃO", "zoneamento": null, "condominio": null, "area_geom": 575.59, "cnm": "062661.2.0089642-37" }, "geometry": { "type": "Polygon", "coordinates": [ [ [ -54.613987, -22.132284 ], [ -54.614136, -22.132118 ], [ -54.614315, -22.132257 ], [ -54.614166, -22.132423 ], [ -54.613987, -22.132284 ] ] ] } },
{ "type": "Feature", "properties": { "id": 71904, "insc_imob": "07.01.35.25.242", "quadra_cartorio": "09", "lote_cartorio": "19", "matricula": "11090", "circunscricao": "1º CIRCUNSCRIÇÃO", "zoneamento": null, "condominio": null, "area_geom": 359.71, "cnm": "062661.2.0011090-80" }, "geometry": { "type": "Polygon", "coordinates": [ [ [ -54.62027, -22.13587 ], [ -54.620456, -22.135662 ], [ -54.620545, -22.135731 ], [ -54.620359, -22.135939 ], [ -54.62027, -22.13587 ] ] ] } },
{ "type": "Feature", "properties": { "id": 71903, "insc_imob": "07.01.35.25.140", "quadra_cartorio": "09", "lote_cartorio": "13", "matricula": "13037", "circunscricao": "1º CIRCUNSCRIÇÃO", "zoneamento": null, "condominio": null, "area_geom": 614.54, "cnm": "062661.2.0013037-59" }, "geometry": { "type": "Polygon", "coordinates": [ [ [ -54.619671, -22.135404 ], [ -54.619858, -22.135196 ], [ -54.62001, -22.135315 ], [ -54.619824, -22.135522 ], [ -54.619671, -22.135404 ] ] ] } },
{ "type": "Feature", "properties": { "id": 75810, "insc_imob": "07.01.46.04.130", "quadra_cartorio": "A", "lote_cartorio": "DATA 7", "matricula": "1644", "circunscricao": "1º CIRCUNSCRIÇÃO", "zoneamento": null, "condominio": null, "area_geom": 359.74, "cnm": "062661.2.0001644-94" }, "geometry": { "type": "Polygon", "coordinates": [ [ [ -54.61342, -22.13374 ], [ -54.613607, -22.133532 ], [ -54.613696, -22.133601 ], [ -54.613509, -22.133809 ], [ -54.61342, -22.13374 ] ] ] } },
{ "type": "Feature", "properties": { "id": 75815, "insc_imob": "07.01.36.39.113", "quadra_cartorio": "12 NCD", "lote_cartorio": "DATA 21/22", "matricula": "7229", "circunscricao": "1º CIRCUNSCRIÇÃO", "zoneamento": null, "condominio": null, "area_geom": 271.22, "cnm": "062661.2.0007229-23" }, "geometry": { "type": "Polygon", "coordinates": [ [ [ -54.615935, -22.133449 ], [ -54.615834, -22.13337 ], [ -54.615958, -22.133231 ], [ -54.616059, -22.13331 ], [ -54.615935, -22.133449 ] ] ] } },
{ "type": "Feature", "properties": { "id": 75816, "insc_imob": "07.01.36.39.112", "quadra_cartorio": "12 NCD", "lote_cartorio": "DATAS 19 A 20", "matricula": "7230", "circunscricao": "1º CIRCUNSCRIÇÃO", "zoneamento": null, "condominio": null, "area_geom": 949.32, "cnm": "062661.2.0007230-20" }, "geometry": { "type": "Polygon", "coordinates": [ [ [ -54.615958, -22.133231 ], [ -54.616082, -22.133093 ], [ -54.616436, -22.133368 ], [ -54.616311, -22.133506 ], [ -54.615958, -22.133231 ] ] ] } },
{ "type": "Feature", "properties": { "id": 76163, "insc_imob": "07.01.45.11.010", "quadra_cartorio": "56", "lote_cartorio": "Área 02", "matricula": "146757", "circunscricao": "1º CIRCUNSCRIÇÃO", "zoneamento": null, "condominio": null, "area_geom": 183120.64, "cnm": "062661.2.0146757-91" }, "geometry": { "type": "Polygon", "coordinates": [ [ [ -54.617372, -22.137802 ], [ -54.619605, -22.13954 ], [ -54.615812, -22.14377 ], [ -54.613581, -22.142033 ], [ -54.617372, -22.137802 ] ] ] } },
{ "type": "Feature", "properties": { "id": 77099, "insc_imob": "07.01.46.01.201", "quadra_cartorio": "02", "lote_cartorio": "P/04/05", "matricula": "31779", "circunscricao": "1º CIRCUNSCRIÇÃO", "zoneamento": null, "condominio": null, "area_geom": 454.68, "cnm": "062661.2.0031779-93" }, "geometry": { "type": "Polygon", "coordinates": [ [ [ -54.615851, -22.135324 ], [ -54.615647, -22.13555 ], [ -54.615633, -22.135566 ], [ -54.615536, -22.135491 ], [ -54.615754, -22.135248 ], [ -54.615851, -22.135324 ] ] ] } },
{ "type": "Feature", "properties": { "id": 77313, "insc_imob": "07.01.36.49.338", "quadra_cartorio": "12", "lote_cartorio": "B5-A", "matricula": "146047", "circunscricao": "1º CIRCUNSCRIÇÃO", "zoneamento": null, "condominio": null, "area_geom": 355.22, "cnm": "062661.2.0146047-87" }, "geometry": { "type": "Polygon", "coordinates": [ [ [ -54.615903, -22.13393 ], [ -54.615872, -22.133964 ], [ -54.615857, -22.133953 ], [ -54.615665, -22.134168 ], [ -54.615594, -22.134112 ], [ -54.615817, -22.133863 ], [ -54.615903, -22.13393 ] ] ] } },
{ "type": "Feature", "properties": { "id": 77511, "insc_imob": "07.01.45.08.183", "quadra_cartorio": "56 NCD", "lote_cartorio": "P/05", "matricula": "1738", "circunscricao": "1º CIRCUNSCRIÇÃO", "zoneamento": null, "condominio": null, "area_geom": 526.22, "cnm": "062661.2.0001738-06" }, "geometry": { "type": "Polygon", "coordinates": [ [ [ -54.616565, -22.137152 ], [ -54.616266, -22.13692 ], [ -54.616347, -22.136829 ], [ -54.616646, -22.137062 ], [ -54.616606, -22.137107 ], [ -54.616565, -22.137152 ] ] ] } },
{ "type": "Feature", "properties": { "id": 77888, "insc_imob": "07.01.24.12.195", "quadra_cartorio": "13", "lote_cartorio": "B", "matricula": "71348", "circunscricao": "1º CIRCUNSCRIÇÃO", "zoneamento": null, "condominio": null, "area_geom": 2498.91, "cnm": "062661.2.0071348-17" }, "geometry": { "type": "Polygon", "coordinates": [ [ [ -54.634782, -22.14021 ], [ -54.634627, -22.140383 ], [ -54.633883, -22.139804 ], [ -54.634038, -22.139631 ], [ -54.634782, -22.14021 ] ] ] } },
{ "type": "Feature", "properties": { "id": 77998, "insc_imob": "07.01.46.07.021", "quadra_cartorio": "56", "lote_cartorio": "09", "matricula": "149093", "circunscricao": "1º CIRCUNSCRIÇÃO", "zoneamento": null, "condominio": null, "area_geom": 299.79, "cnm": "062661.2.0149093-67" }, "geometry": { "type": "Polygon", "coordinates": [ [ [ -54.612229, -22.133826 ], [ -54.612074, -22.133999 ], [ -54.611984, -22.13393 ], [ -54.61214, -22.133757 ], [ -54.612229, -22.133826 ] ] ] } },
{ "type": "Feature", "properties": { "id": 77999, "insc_imob": "07.01.46.07.031", "quadra_cartorio": "56", "lote_cartorio": "08", "matricula": "149092", "circunscricao": "1º CIRCUNSCRIÇÃO", "zoneamento": null, "condominio": null, "area_geom": 399.72, "cnm": "062661.2.0149092-70" }, "geometry": { "type": "Polygon", "coordinates": [ [ [ -54.61205, -22.133688 ], [ -54.611895, -22.133861 ], [ -54.611776, -22.133768 ], [ -54.611931, -22.133595 ], [ -54.61205, -22.133688 ] ] ] } },
{ "type": "Feature", "properties": { "id": 78000, "insc_imob": "07.01.46.07.041", "quadra_cartorio": "56", "lote_cartorio": "07", "matricula": "149091", "circunscricao": "1º CIRCUNSCRIÇÃO", "zoneamento": null, "condominio": null, "area_geom": 299.79, "cnm": "062661.2.0149091-73" }, "geometry": { "type": "Polygon", "coordinates": [ [ [ -54.611931, -22.133595 ], [ -54.611776, -22.133768 ], [ -54.611687, -22.133699 ], [ -54.611842, -22.133526 ], [ -54.611931, -22.133595 ] ] ] } },
{ "type": "Feature", "properties": { "id": 78001, "insc_imob": "07.01.46.07.051", "quadra_cartorio": "56", "lote_cartorio": "06", "matricula": "149090", "circunscricao": "1º CIRCUNSCRIÇÃO", "zoneamento": null, "condominio": null, "area_geom": 299.79, "cnm": "062661.2.0149090-76" }, "geometry": { "type": "Polygon", "coordinates": [ [ [ -54.611687, -22.133699 ], [ -54.611597, -22.133629 ], [ -54.611753, -22.133456 ], [ -54.611842, -22.133526 ], [ -54.611687, -22.133699 ] ] ] } },
{ "type": "Feature", "properties": { "id": 78002, "insc_imob": "07.01.46.07.061", "quadra_cartorio": "56", "lote_cartorio": "05", "matricula": "149089", "circunscricao": "1º CIRCUNSCRIÇÃO", "zoneamento": null, "condominio": null, "area_geom": 299.79, "cnm": "062661.2.0149089-79" }, "geometry": { "type": "Polygon", "coordinates": [ [ [ -54.611597, -22.133629 ], [ -54.611508, -22.13356 ], [ -54.611663, -22.133387 ], [ -54.611753, -22.133456 ], [ -54.611597, -22.133629 ] ] ] } },
{ "type": "Feature", "properties": { "id": 78003, "insc_imob": "07.01.46.07.071", "quadra_cartorio": "56", "lote_cartorio": "04", "matricula": "49088", "circunscricao": "1º CIRCUNSCRIÇÃO", "zoneamento": null, "condominio": null, "area_geom": 299.79, "cnm": "062661.2.0049088-61" }, "geometry": { "type": "Polygon", "coordinates": [ [ [ -54.611508, -22.13356 ], [ -54.611419, -22.133491 ], [ -54.611574, -22.133318 ], [ -54.611663, -22.133387 ], [ -54.611508, -22.13356 ] ] ] } },
{ "type": "Feature", "properties": { "id": 78005, "insc_imob": "07.01.46.07.081", "quadra_cartorio": "56", "lote_cartorio": "03", "matricula": "149087", "circunscricao": "1º CIRCUNSCRIÇÃO", "zoneamento": null, "condominio": null, "area_geom": 299.79, "cnm": "062661.2.0149087-85" }, "geometry": { "type": "Polygon", "coordinates": [ [ [ -54.611419, -22.133491 ], [ -54.611329, -22.133421 ], [ -54.611485, -22.133248 ], [ -54.611574, -22.133318 ], [ -54.611419, -22.133491 ] ] ] } },
{ "type": "Feature", "properties": { "id": 78006, "insc_imob": "07.01.46.07.091", "quadra_cartorio": "56", "lote_cartorio": "02", "matricula": "149086", "circunscricao": "1º CIRCUNSCRIÇÃO", "zoneamento": null, "condominio": null, "area_geom": 299.79, "cnm": "062661.2.0149086-88" }, "geometry": { "type": "Polygon", "coordinates": [ [ [ -54.611329, -22.133421 ], [ -54.61124, -22.133352 ], [ -54.611395, -22.133179 ], [ -54.611485, -22.133248 ], [ -54.611329, -22.133421 ] ] ] } },
{ "type": "Feature", "properties": { "id": 78007, "insc_imob": "07.01.46.07.101", "quadra_cartorio": "56", "lote_cartorio": "01", "matricula": "149085", "circunscricao": "1º CIRCUNSCRIÇÃO", "zoneamento": null, "condominio": null, "area_geom": 299.78, "cnm": "062661.2.0149085-91" }, "geometry": { "type": "Polygon", "coordinates": [ [ [ -54.61124, -22.133352 ], [ -54.611151, -22.133283 ], [ -54.611306, -22.133109 ], [ -54.611395, -22.133179 ], [ -54.61124, -22.133352 ] ] ] } },
{ "type": "Feature", "properties": { "id": 79544, "insc_imob": "07.01.24.21.690", "quadra_cartorio": "15", "lote_cartorio": null, "matricula": "121421", "circunscricao": "1º CIRCUNSCRIÇÃO", "zoneamento": null, "condominio": null, "area_geom": 2371.28, "cnm": "062661.2.0121421-51" }, "geometry": { "type": "Polygon", "coordinates": [ [ [ -54.632316, -22.142218 ], [ -54.632403, -22.143117 ], [ -54.632157, -22.143138 ], [ -54.632091, -22.142458 ], [ -54.632114, -22.142424 ], [ -54.632145, -22.142368 ], [ -54.632169, -22.142308 ], [ -54.632186, -22.142246 ], [ -54.632189, -22.142229 ], [ -54.632316, -22.142218 ] ] ] } },
{ "type": "Feature", "properties": { "id": 79693, "insc_imob": "07.01.24.12.098", "quadra_cartorio": "13", "lote_cartorio": "01A", "matricula": "85750", "circunscricao": "1º CIRCUNSCRIÇÃO", "zoneamento": null, "condominio": null, "area_geom": 999.33, "cnm": "062661.2.0085750-73" }, "geometry": { "type": "Polygon", "coordinates": [ [ [ -54.634876, -22.139401 ], [ -54.634504, -22.139111 ], [ -54.634628, -22.138973 ], [ -54.635, -22.139262 ], [ -54.634876, -22.139401 ] ] ] } },
{ "type": "Feature", "properties": { "id": 79694, "insc_imob": "07.01.24.12.097", "quadra_cartorio": "13", "lote_cartorio": "01B", "matricula": "85751", "circunscricao": "1º CIRCUNSCRIÇÃO", "zoneamento": null, "condominio": null, "area_geom": 999.34, "cnm": "062661.2.0085751-70" }, "geometry": { "type": "Polygon", "coordinates": [ [ [ -54.635124, -22.139123 ], [ -54.635, -22.139262 ], [ -54.634628, -22.138973 ], [ -54.634753, -22.138834 ], [ -54.635124, -22.139123 ] ] ] } },
{ "type": "Feature", "properties": { "id": 79695, "insc_imob": "07.01.24.12.094", "quadra_cartorio": "13", "lote_cartorio": "01", "matricula": "85752", "circunscricao": "1º CIRCUNSCRIÇÃO", "zoneamento": null, "condominio": null, "area_geom": 4209.37, "cnm": "062661.2.0085752-67" }, "geometry": { "type": "Polygon", "coordinates": [ [ [ -54.635124, -22.139123 ], [ -54.634753, -22.138834 ], [ -54.635078, -22.138471 ], [ -54.63515, -22.138498 ], [ -54.635215, -22.138513 ], [ -54.63523, -22.138515 ], [ -54.635333, -22.139595 ], [ -54.635248, -22.13969 ], [ -54.634876, -22.139401 ], [ -54.635124, -22.139123 ] ] ] } },
{ "type": "Feature", "properties": { "id": 79985, "insc_imob": "07.01.46.07.013", "quadra_cartorio": "56", "lote_cartorio": "ÁREA 02AB - REM", "matricula": "153910", "circunscricao": "1º CIRCUNSCRIÇÃO", "zoneamento": null, "condominio": null, "area_geom": 175851.55, "cnm": "062661.2.0153910-69" }, "geometry": { "type": "Polygon", "coordinates": [ [ [ -54.612616, -22.134422 ], [ -54.612772, -22.134249 ], [ -54.612861, -22.134318 ], [ -54.612706, -22.134491 ], [ -54.612796, -22.13456 ], [ -54.612885, -22.134629 ], [ -54.612975, -22.134698 ], [ -54.613065, -22.134766 ], [ -54.613155, -22.134835 ], [ -54.613245, -22.134904 ], [ -54.613335, -22.134973 ], [ -54.61349, -22.134799 ], [ -54.613555, -22.134849 ], [ -54.609769, -22.139048 ], [ -54.607531, -22.137318 ], [ -54.61115, -22.133283 ], [ -54.61124, -22.133352 ], [ -54.611329, -22.133422 ], [ -54.611418, -22.133491 ], [ -54.611508, -22.13356 ], [ -54.611597, -22.13363 ], [ -54.611686, -22.133699 ], [ -54.611775, -22.133769 ], [ -54.611895, -22.133861 ], [ -54.61205, -22.133688 ], [ -54.612139, -22.133757 ], [ -54.611984, -22.133931 ], [ -54.612073, -22.134 ], [ -54.612162, -22.134069 ], [ -54.612252, -22.134139 ], [ -54.612341, -22.134208 ], [ -54.61243, -22.134277 ], [ -54.61252, -22.134347 ], [ -54.612616, -22.134422 ] ] ] } },
{ "type": "Feature", "properties": { "id": 79986, "insc_imob": "07.01.46.15.050", "quadra_cartorio": "56", "lote_cartorio": "11", "matricula": "150975", "circunscricao": "1º CIRCUNSCRIÇÃO", "zoneamento": null, "condominio": null, "area_geom": 299.79, "cnm": "062661.2.0150975-47" }, "geometry": { "type": "Polygon", "coordinates": [ [ [ -54.612408, -22.133965 ], [ -54.612252, -22.134138 ], [ -54.612163, -22.134069 ], [ -54.612318, -22.133896 ], [ -54.612408, -22.133965 ] ] ] } },
{ "type": "Feature", "properties": { "id": 79987, "insc_imob": "07.01.46.15.060", "quadra_cartorio": "56", "lote_cartorio": "10", "matricula": "150974", "circunscricao": "1º CIRCUNSCRIÇÃO", "zoneamento": null, "condominio": null, "area_geom": 299.79, "cnm": "062661.2.0150974-50" }, "geometry": { "type": "Polygon", "coordinates": [ [ [ -54.612318, -22.133896 ], [ -54.612163, -22.134069 ], [ -54.612074, -22.133999 ], [ -54.612229, -22.133826 ], [ -54.612318, -22.133896 ] ] ] } },
{ "type": "Feature", "properties": { "id": 79989, "insc_imob": "07.01.46.15.030", "quadra_cartorio": "56", "lote_cartorio": "13", "matricula": "150977", "circunscricao": "1º CIRCUNSCRIÇÃO", "zoneamento": null, "condominio": null, "area_geom": 299.79, "cnm": "062661.2.0150977-41" }, "geometry": { "type": "Polygon", "coordinates": [ [ [ -54.612586, -22.134104 ], [ -54.612431, -22.134277 ], [ -54.612342, -22.134208 ], [ -54.612497, -22.134034 ], [ -54.612586, -22.134104 ] ] ] } },
{ "type": "Feature", "properties": { "id": 79993, "insc_imob": "07.01.46.14.070", "quadra_cartorio": "56", "lote_cartorio": "16", "matricula": "150980", "circunscricao": "1º CIRCUNSCRIÇÃO", "zoneamento": null, "condominio": null, "area_geom": 299.24, "cnm": "062661.2.0150980-32" }, "geometry": { "type": "Polygon", "coordinates": [ [ [ -54.612951, -22.13439 ], [ -54.612797, -22.134563 ], [ -54.612707, -22.134494 ], [ -54.612862, -22.134321 ], [ -54.612951, -22.13439 ] ] ] } },
{ "type": "Feature", "properties": { "id": 79994, "insc_imob": "07.01.46.14.060", "quadra_cartorio": "56", "lote_cartorio": "17", "matricula": "150981", "circunscricao": "1º CIRCUNSCRIÇÃO", "zoneamento": null, "condominio": null, "area_geom": 298.02, "cnm": "062661.2.0150981-29" }, "geometry": { "type": "Polygon", "coordinates": [ [ [ -54.613041, -22.134459 ], [ -54.612887, -22.134631 ], [ -54.612797, -22.134563 ], [ -54.612951, -22.13439 ], [ -54.613041, -22.134459 ] ] ] } },
{ "type": "Feature", "properties": { "id": 79995, "insc_imob": "07.01.46.14.050", "quadra_cartorio": "56", "lote_cartorio": "18", "matricula": "150982", "circunscricao": "1º CIRCUNSCRIÇÃO", "zoneamento": null, "condominio": null, "area_geom": 297.23, "cnm": "062661.2.0150982-26" }, "geometry": { "type": "Polygon", "coordinates": [ [ [ -54.61313, -22.134528 ], [ -54.612977, -22.1347 ], [ -54.612887, -22.134631 ], [ -54.613041, -22.134459 ], [ -54.61313, -22.134528 ] ] ] } },
{ "type": "Feature", "properties": { "id": 80137, "insc_imob": "07.01.24.98.010", "quadra_cartorio": "17", "lote_cartorio": "QUADRA 17", "matricula": "139473", "circunscricao": "1º CIRCUNSCRIÇÃO", "zoneamento": null, "condominio": null, "area_geom": 37034.49, "cnm": "062661.2.0139473-21" }, "geometry": { "type": "Polygon", "coordinates": [ [ [ -54.628294, -22.144595 ], [ -54.62646, -22.143055 ], [ -54.627867, -22.141505 ], [ -54.628111, -22.143528 ], [ -54.62892, -22.143492 ], [ -54.628974, -22.144541 ], [ -54.628294, -22.144595 ] ] ] } },
{ "type": "Feature", "properties": { "id": 80608, "insc_imob": "07.01.35.25.368", "quadra_cartorio": "09", "lote_cartorio": "03", "matricula": "6025-MÃE", "circunscricao": "1º CIRCUNSCRIÇÃO", "zoneamento": null, "condominio": null, "area_geom": 359.74, "cnm": "062661.2.0006025-46" }, "geometry": { "type": "Polygon", "coordinates": [ [ [ -54.620648, -22.13511 ], [ -54.620834, -22.134902 ], [ -54.620923, -22.134972 ], [ -54.620737, -22.13518 ], [ -54.620648, -22.13511 ] ] ] } },
{ "type": "Feature", "properties": { "id": 80917, "insc_imob": "07.01.24.17.079", "quadra_cartorio": "10A", "lote_cartorio": "08", "matricula": "132057", "circunscricao": "1º CIRCUNSCRIÇÃO", "zoneamento": null, "condominio": null, "area_geom": 5002.85, "cnm": "062661.2.0132057-56" }, "geometry": { "type": "Polygon", "coordinates": [ [ [ -54.627574, -22.134753 ], [ -54.62785, -22.134445 ], [ -54.628687, -22.135096 ], [ -54.628516, -22.135286 ], [ -54.62841, -22.135404 ], [ -54.627574, -22.134753 ] ] ] } },
{ "type": "Feature", "properties": { "id": 81261, "insc_imob": "07.01.36.39.111", "quadra_cartorio": "12 NCD", "lote_cartorio": "DATAS 15 A 18", "matricula": "7231", "circunscricao": "1º CIRCUNSCRIÇÃO", "zoneamento": null, "condominio": null, "area_geom": 1648.81, "cnm": "062661.2.0007231-17" }, "geometry": { "type": "Polygon", "coordinates": [ [ [ -54.616269, -22.132885 ], [ -54.616678, -22.133203 ], [ -54.616553, -22.133342 ], [ -54.616491, -22.133411 ], [ -54.616436, -22.133368 ], [ -54.616082, -22.133093 ], [ -54.616269, -22.132885 ] ] ] } },
{ "type": "Feature", "properties": { "id": 81305, "insc_imob": "07.01.46.06.358", "quadra_cartorio": "56 NCD", "lote_cartorio": "04", "matricula": "7777", "circunscricao": "1º CIRCUNSCRIÇÃO", "zoneamento": null, "condominio": null, "area_geom": 376.36, "cnm": "062661.2.0007777-28" }, "geometry": { "type": "Polygon", "coordinates": [ [ [ -54.612286, -22.133068 ], [ -54.612324, -22.133025 ], [ -54.612524, -22.133181 ], [ -54.612437, -22.133278 ], [ -54.612237, -22.133122 ], [ -54.612286, -22.133068 ] ] ] } },
{ "type": "Feature", "properties": { "id": 81610, "insc_imob": "07.01.46.14.030", "quadra_cartorio": "56", "lote_cartorio": "20", "matricula": "153907", "circunscricao": "1º CIRCUNSCRIÇÃO", "zoneamento": null, "condominio": null, "area_geom": 297.76, "cnm": "062661.2.0153907-78" }, "geometry": { "type": "Polygon", "coordinates": [ [ [ -54.613311, -22.134664 ], [ -54.613157, -22.134837 ], [ -54.613067, -22.134768 ], [ -54.613221, -22.134596 ], [ -54.613311, -22.134664 ] ] ] } },
{ "type": "Feature", "properties": { "id": 81612, "insc_imob": "07.01.46.14.010", "quadra_cartorio": "56", "lote_cartorio": "22", "matricula": "153909", "circunscricao": "1º CIRCUNSCRIÇÃO", "zoneamento": null, "condominio": null, "area_geom": 299.37, "cnm": "062661.2.0153909-72" }, "geometry": { "type": "Polygon", "coordinates": [ [ [ -54.613492, -22.1348 ], [ -54.613338, -22.134974 ], [ -54.613247, -22.134905 ], [ -54.613402, -22.134732 ], [ -54.613492, -22.1348 ] ] ] } },
{ "type": "Feature", "properties": { "id": 81716, "insc_imob": "07.01.36.52.042", "quadra_cartorio": "01", "lote_cartorio": "A", "matricula": "75212", "circunscricao": "1º CIRCUNSCRIÇÃO", "zoneamento": null, "condominio": null, "area_geom": 1299.08, "cnm": "062661.2.0075212-65" }, "geometry": { "type": "Polygon", "coordinates": [ [ [ -54.612404, -22.131662 ], [ -54.612342, -22.131731 ], [ -54.612218, -22.13187 ], [ -54.612143, -22.131812 ], [ -54.612069, -22.131754 ], [ -54.611995, -22.131696 ], [ -54.612181, -22.131489 ], [ -54.612243, -22.131419 ], [ -54.612466, -22.131593 ], [ -54.612541, -22.131651 ], [ -54.612478, -22.13172 ], [ -54.612404, -22.131662 ] ] ] } },
{ "type": "Feature", "properties": { "id": 81719, "insc_imob": "07.01.36.39.135", "quadra_cartorio": "03", "lote_cartorio": "P/Q 03", "matricula": "55992", "circunscricao": "1º CIRCUNSCRIÇÃO", "zoneamento": null, "condominio": null, "area_geom": 3892.76, "cnm": "062661.2.0055992-10" }, "geometry": { "type": "Polygon", "coordinates": [ [ [ -54.616477, -22.133765 ], [ -54.616596, -22.133858 ], [ -54.616354, -22.134128 ], [ -54.615748, -22.133656 ], [ -54.616059, -22.13331 ], [ -54.616546, -22.133689 ], [ -54.616477, -22.133765 ] ] ] } },
{ "type": "Feature", "properties": { "id": 81721, "insc_imob": "07.01.36.39.266", "quadra_cartorio": "03", "lote_cartorio": "10", "matricula": "114561", "circunscricao": "1º CIRCUNSCRIÇÃO", "zoneamento": null, "condominio": null, "area_geom": 474.76, "cnm": "062661.2.0114561-67" }, "geometry": { "type": "Polygon", "coordinates": [ [ [ -54.616665, -22.133781 ], [ -54.616311, -22.133506 ], [ -54.616373, -22.133437 ], [ -54.616727, -22.133712 ], [ -54.616665, -22.133781 ] ] ] } },
{ "type": "Feature", "properties": { "id": 81722, "insc_imob": "07.01.36.39.267", "quadra_cartorio": "03", "lote_cartorio": "11", "matricula": "114562", "circunscricao": "1º CIRCUNSCRIÇÃO", "zoneamento": null, "condominio": null, "area_geom": 474.61, "cnm": "062661.2.0114562-64" }, "geometry": { "type": "Polygon", "coordinates": [ [ [ -54.616436, -22.133368 ], [ -54.616789, -22.133643 ], [ -54.616727, -22.133712 ], [ -54.616373, -22.133437 ], [ -54.616436, -22.133368 ] ] ] } },
{ "type": "Feature", "properties": { "id": 81743, "insc_imob": "07.01.25.20.010", "quadra_cartorio": "00", "lote_cartorio": "P/12", "matricula": "3578", "circunscricao": "1º CIRCUNSCRIÇÃO", "zoneamento": null, "condominio": null, "area_geom": 23855.8, "cnm": "062661.2.0003578-15" }, "geometry": { "type": "Polygon", "coordinates": [ [ [ -54.6202, -22.13155 ], [ -54.62157, -22.130041 ], [ -54.622397, -22.13065 ], [ -54.621021, -22.132167 ], [ -54.6202, -22.13155 ] ] ] } },
{ "type": "Feature", "properties": { "id": 82265, "insc_imob": "07.01.35.25.303", "quadra_cartorio": "09", "lote_cartorio": "24", "matricula": "160747", "circunscricao": "1º CIRCUNSCRIÇÃO", "zoneamento": null, "condominio": null, "area_geom": 1269.8, "cnm": "062661.2.0160747-25" }, "geometry": { "type": "Polygon", "coordinates": [ [ [ -54.620498, -22.135133 ], [ -54.620572, -22.135051 ], [ -54.620648, -22.13511 ], [ -54.620737, -22.13518 ], [ -54.620923, -22.134972 ], [ -54.621013, -22.135041 ], [ -54.621102, -22.135111 ], [ -54.620916, -22.135318 ], [ -54.620842, -22.135401 ], [ -54.620498, -22.135133 ] ] ] } },
{ "type": "Feature", "properties": { "id": 82995, "insc_imob": "07.01.36.37.011", "quadra_cartorio": null, "lote_cartorio": "L", "matricula": "164127", "circunscricao": "1º CIRCUNSCRIÇÃO", "zoneamento": null, "condominio": null, "area_geom": 9793.11, "cnm": "062661.2.0164127-70" }, "geometry": { "type": "Polygon", "coordinates": [ [ [ -54.614611, -22.129792 ], [ -54.613741, -22.130762 ], [ -54.613221, -22.130357 ], [ -54.614091, -22.129387 ], [ -54.614611, -22.129792 ] ] ] } },
{ "type": "Feature", "properties": { "id": 85082, "insc_imob": "07.01.36.49.119", "quadra_cartorio": "12", "lote_cartorio": "A", "matricula": "89808", "circunscricao": "1º CIRCUNSCRIÇÃO", "zoneamento": null, "condominio": null, "area_geom": 360.44, "cnm": "062661.2.0089808-24" }, "geometry": { "type": "Polygon", "coordinates": [ [ [ -54.615156, -22.134455 ], [ -54.615374, -22.134212 ], [ -54.61545, -22.134273 ], [ -54.615232, -22.134515 ], [ -54.615156, -22.134455 ] ] ] } },
{ "type": "Feature", "properties": { "id": 85215, "insc_imob": "07.01.35.27.156", "quadra_cartorio": "11", "lote_cartorio": "16", "matricula": "11085", "circunscricao": "1º CIRCUNSCRIÇÃO", "zoneamento": null, "condominio": null, "area_geom": 359.81, "cnm": "062661.2.0011085-95" }, "geometry": { "type": "Polygon", "coordinates": [ [ [ -54.618133, -22.134207 ], [ -54.61832, -22.133999 ], [ -54.618409, -22.134068 ], [ -54.618223, -22.134276 ], [ -54.618133, -22.134207 ] ] ] } },
{ "type": "Feature", "properties": { "id": 91771, "insc_imob": "07.01.35.35.045", "quadra_cartorio": "05", "lote_cartorio": "08-A", "matricula": "164281", "circunscricao": "1º CIRCUNSCRIÇÃO", "zoneamento": null, "condominio": null, "area_geom": 1081.52, "cnm": "062661.2.0164281-93" }, "geometry": { "type": "Polygon", "coordinates": [ [ [ -54.61926, -22.135876 ], [ -54.619405, -22.135714 ], [ -54.619749, -22.135982 ], [ -54.619675, -22.136065 ], [ -54.619604, -22.136144 ], [ -54.61926, -22.135876 ] ] ] } },
{ "type": "Feature", "properties": { "id": 91772, "insc_imob": "07.01.35.35.069", "quadra_cartorio": "05", "lote_cartorio": "09-A", "matricula": "164282", "circunscricao": "1º CIRCUNSCRIÇÃO", "zoneamento": null, "condominio": null, "area_geom": 582.34, "cnm": "062661.2.0164282-90" }, "geometry": { "type": "Polygon", "coordinates": [ [ [ -54.619604, -22.136144 ], [ -54.6196, -22.136148 ], [ -54.619525, -22.136231 ], [ -54.619512, -22.136221 ], [ -54.619423, -22.136152 ], [ -54.619334, -22.136082 ], [ -54.61926, -22.136024 ], [ -54.619181, -22.135964 ], [ -54.61926, -22.135876 ], [ -54.619604, -22.136144 ] ] ] } },
{ "type": "Feature", "properties": { "id": 92276, "insc_imob": "07.01.45.09.424", "quadra_cartorio": null, "lote_cartorio": "11", "matricula": "39395", "circunscricao": null, "zoneamento": null, "condominio": null, "area_geom": 496.72, "cnm": "062661.2.0039395-40" }, "geometry": { "type": "Polygon", "coordinates": [ [ [ -54.616306, -22.136715 ], [ -54.616244, -22.136784 ], [ -54.615875, -22.136496 ], [ -54.615937, -22.136427 ], [ -54.616306, -22.136715 ] ] ] } },
{ "type": "Feature", "properties": { "id": 94221, "insc_imob": "07.01.36.50.059", "quadra_cartorio": null, "lote_cartorio": "13", "matricula": "30506", "circunscricao": "1º CIRCUNSCRIÇÃO", "zoneamento": null, "condominio": null, "area_geom": 3005.82, "cnm": "062661.2.0030506-32" }, "geometry": { "type": "Polygon", "coordinates": [ [ [ -54.614618, -22.13359 ], [ -54.614578, -22.133635 ], [ -54.614398, -22.133836 ], [ -54.61416, -22.133651 ], [ -54.61438, -22.133405 ], [ -54.614744, -22.133 ], [ -54.614982, -22.133185 ], [ -54.614618, -22.13359 ] ] ] } },
{ "type": "Feature", "properties": { "id": 94268, "insc_imob": "07.01.24.14.934", "quadra_cartorio": null, "lote_cartorio": "07A", "matricula": "165007", "circunscricao": "1º CIRCUNSCRIÇÃO", "zoneamento": null, "condominio": null, "area_geom": 1102.26, "cnm": "062661.2.0165007-49" }, "geometry": { "type": "Polygon", "coordinates": [ [ [ -54.632977, -22.136335 ], [ -54.632592, -22.136764 ], [ -54.632459, -22.136661 ], [ -54.632844, -22.136232 ], [ -54.632977, -22.136335 ] ] ] } },
{ "type": "Feature", "properties": { "id": 94269, "insc_imob": "07.01.24.14.935", "quadra_cartorio": null, "lote_cartorio": "07B", "matricula": "165008", "circunscricao": "1º CIRCUNSCRIÇÃO", "zoneamento": null, "condominio": null, "area_geom": 846.08, "cnm": "062661.2.0165008-46" }, "geometry": { "type": "Polygon", "coordinates": [ [ [ -54.632844, -22.136232 ], [ -54.632459, -22.136661 ], [ -54.632358, -22.136582 ], [ -54.632743, -22.136153 ], [ -54.632844, -22.136232 ] ] ] } },
{ "type": "Feature", "properties": { "id": 94354, "insc_imob": "07.01.35.16.113", "quadra_cartorio": null, "lote_cartorio": "ÚNICO", "matricula": "45580", "circunscricao": "1º CIRCUNSCRIÇÃO", "zoneamento": null, "condominio": null, "area_geom": 19642.34, "cnm": "062661.2.0045580-12" }, "geometry": { "type": "Polygon", "coordinates": [ [ [ -54.620895, -22.133985 ], [ -54.62046, -22.13447 ], [ -54.619657, -22.133845 ], [ -54.620092, -22.13336 ], [ -54.620788, -22.132584 ], [ -54.621591, -22.133209 ], [ -54.620895, -22.133985 ] ] ] } },
{ "type": "Feature", "properties": { "id": 94433, "insc_imob": "07.01.35.17.208", "quadra_cartorio": null, "lote_cartorio": "19", "matricula": "144184", "circunscricao": "1º CIRCUNSCRIÇÃO", "zoneamento": null, "condominio": null, "area_geom": 568.96, "cnm": "062661.2.0144184-50" }, "geometry": { "type": "Polygon", "coordinates": [ [ [ -54.620124, -22.132863 ], [ -54.620305, -22.132657 ], [ -54.62045, -22.132767 ], [ -54.620269, -22.132973 ], [ -54.620124, -22.132863 ] ] ] } },
{ "type": "Feature", "properties": { "id": 94437, "insc_imob": "07.01.35.17.148", "quadra_cartorio": "16", "lote_cartorio": "16", "matricula": "58137", "circunscricao": "1º CIRCUNSCRIÇÃO", "zoneamento": null, "condominio": null, "area_geom": 357.68, "cnm": "062661.2.0058137-74" }, "geometry": { "type": "Polygon", "coordinates": [ [ [ -54.619755, -22.132589 ], [ -54.619941, -22.132379 ], [ -54.620029, -22.132447 ], [ -54.619845, -22.132657 ], [ -54.619755, -22.132589 ] ] ] } },
{ "type": "Feature", "properties": { "id": 94440, "insc_imob": "07.01.35.17.160", "quadra_cartorio": "16", "lote_cartorio": "17", "matricula": "44067", "circunscricao": "1º CIRCUNSCRIÇÃO", "zoneamento": null, "condominio": null, "area_geom": 359.75, "cnm": "062661.2.0044067-89" }, "geometry": { "type": "Polygon", "coordinates": [ [ [ -54.619845, -22.132657 ], [ -54.620029, -22.132447 ], [ -54.620119, -22.132516 ], [ -54.619935, -22.132726 ], [ -54.619845, -22.132657 ] ] ] } },
{ "type": "Feature", "properties": { "id": 94441, "insc_imob": "07.01.35.17.219", "quadra_cartorio": "16", "lote_cartorio": "21", "matricula": "39991", "circunscricao": "1º CIRCUNSCRIÇÃO", "zoneamento": null, "condominio": null, "area_geom": 519.64, "cnm": "062661.2.0039991-95" }, "geometry": { "type": "Polygon", "coordinates": [ [ [ -54.62012, -22.1324 ], [ -54.620182, -22.13233 ], [ -54.620572, -22.132627 ], [ -54.620511, -22.132697 ], [ -54.62018, -22.132446 ], [ -54.62012, -22.1324 ] ] ] } },
{ "type": "Feature", "properties": { "id": 94443, "insc_imob": "07.01.35.17.136", "quadra_cartorio": "16", "lote_cartorio": "15", "matricula": "58136", "circunscricao": "1º CIRCUNSCRIÇÃO", "zoneamento": null, "condominio": null, "area_geom": 359.75, "cnm": "062661.2.0058136-77" }, "geometry": { "type": "Polygon", "coordinates": [ [ [ -54.619665, -22.13252 ], [ -54.619849, -22.13231 ], [ -54.619939, -22.132379 ], [ -54.619755, -22.132589 ], [ -54.619665, -22.13252 ] ] ] } },
{ "type": "Feature", "properties": { "id": 94444, "insc_imob": "07.01.35.17.188", "quadra_cartorio": "16", "lote_cartorio": "18", "matricula": "14580", "circunscricao": "1º CIRCUNSCRIÇÃO", "zoneamento": null, "condominio": null, "area_geom": 359.75, "cnm": "062661.2.0014580-86" }, "geometry": { "type": "Polygon", "coordinates": [ [ [ -54.619935, -22.132726 ], [ -54.620119, -22.132516 ], [ -54.620209, -22.132584 ], [ -54.620026, -22.132794 ], [ -54.619935, -22.132726 ] ] ] } },
{ "type": "Feature", "properties": { "id": 94445, "insc_imob": "07.01.35.17.051", "quadra_cartorio": "16", "lote_cartorio": "10/11", "matricula": "87635", "circunscricao": "1º CIRCUNSCRIÇÃO", "zoneamento": null, "condominio": null, "area_geom": 1039.28, "cnm": "062661.2.0087635-44" }, "geometry": { "type": "Polygon", "coordinates": [ [ [ -54.61973, -22.132104 ], [ -54.619852, -22.131964 ], [ -54.620243, -22.13226 ], [ -54.620182, -22.13233 ], [ -54.62012, -22.1324 ], [ -54.61973, -22.132104 ] ] ] } },
{ "type": "Feature", "properties": { "id": 94446, "insc_imob": "07.01.35.17.070", "quadra_cartorio": "16", "lote_cartorio": "12", "matricula": "55032", "circunscricao": "1º CIRCUNSCRIÇÃO", "zoneamento": null, "condominio": null, "area_geom": 598.86, "cnm": "062661.2.0055032-77" }, "geometry": { "type": "Polygon", "coordinates": [ [ [ -54.619669, -22.132173 ], [ -54.61973, -22.132104 ], [ -54.62012, -22.1324 ], [ -54.62018, -22.132446 ], [ -54.620119, -22.132516 ], [ -54.620029, -22.132447 ], [ -54.619939, -22.132379 ], [ -54.619851, -22.132311 ], [ -54.619759, -22.132242 ], [ -54.619669, -22.132173 ] ] ] } },
{ "type": "Feature", "properties": { "id": 94465, "insc_imob": "07.01.36.11.299", "quadra_cartorio": null, "lote_cartorio": "01B", "matricula": "165219", "circunscricao": "1º CIRCUNSCRIÇÃO", "zoneamento": null, "condominio": null, "area_geom": 1215.46, "cnm": "062661.2.0165219-92" }, "geometry": { "type": "Polygon", "coordinates": [ [ [ -54.619505, -22.131671 ], [ -54.619795, -22.131896 ], [ -54.619596, -22.132109 ], [ -54.619306, -22.131883 ], [ -54.619505, -22.131671 ] ] ] } },
{ "type": "Feature", "properties": { "id": 94466, "insc_imob": "07.01.36.11.020", "quadra_cartorio": null, "lote_cartorio": "01-C", "matricula": "14336", "circunscricao": "1º CIRCUNSCRIÇÃO", "zoneamento": null, "condominio": null, "area_geom": 24258.49, "cnm": "062661.2.0014336-42" }, "geometry": { "type": "Polygon", "coordinates": [ [ [ -54.621288, -22.130194 ], [ -54.619795, -22.131896 ], [ -54.619505, -22.131671 ], [ -54.619306, -22.131883 ], [ -54.619097, -22.13172 ], [ -54.619294, -22.131507 ], [ -54.61906, -22.131324 ], [ -54.620586, -22.129657 ], [ -54.621288, -22.130194 ] ] ] } },
{ "type": "Feature", "properties": { "id": 95772, "insc_imob": "07.01.36.32.160", "quadra_cartorio": "01", "lote_cartorio": "02", "matricula": "TR-28959", "circunscricao": "1º CIRCUNSCRIÇÃO", "zoneamento": null, "condominio": null, "area_geom": 393.45, "cnm": null }, "geometry": { "type": "Polygon", "coordinates": [ [ [ -54.616553, -22.132948 ], [ -54.61677, -22.132706 ], [ -54.616854, -22.132771 ], [ -54.616636, -22.133014 ], [ -54.616553, -22.132948 ] ] ] } },
{ "type": "Feature", "properties": { "id": 94860, "insc_imob": "07.01.35.36.066", "quadra_cartorio": null, "lote_cartorio": "10A", "matricula": "101279", "circunscricao": null, "zoneamento": null, "condominio": null, "area_geom": 874.8, "cnm": "062661.2.0101279-46" }, "geometry": { "type": "Polygon", "coordinates": [ [ [ -54.618412, -22.135189 ], [ -54.618688, -22.135403 ], [ -54.618541, -22.135567 ], [ -54.618265, -22.135353 ], [ -54.618412, -22.135189 ] ] ] } },
{ "type": "Feature", "properties": { "id": 94861, "insc_imob": "07.01.35.36.190", "quadra_cartorio": "06", "lote_cartorio": "10 e 17", "matricula": "47005", "circunscricao": "1º CIRCUNSCRIÇÃO", "zoneamento": null, "condominio": null, "area_geom": 409.6, "cnm": "062661.2.0047005-05" }, "geometry": { "type": "Polygon", "coordinates": [ [ [ -54.618613, -22.135486 ], [ -54.618688, -22.135403 ], [ -54.618764, -22.135462 ], [ -54.618801, -22.135491 ], [ -54.618838, -22.13552 ], [ -54.618942, -22.135601 ], [ -54.618866, -22.135683 ], [ -54.618613, -22.135486 ] ] ] } },
{ "type": "Feature", "properties": { "id": 95218, "insc_imob": "07.01.36.23.083", "quadra_cartorio": "12 NC", "lote_cartorio": "05", "matricula": "79433", "circunscricao": "1º CIRCUNSCRIÇÃO", "zoneamento": null, "condominio": null, "area_geom": 222.83, "cnm": "062661.2.0079433-12" }, "geometry": { "type": "Polygon", "coordinates": [ [ [ -54.616683, -22.131562 ], [ -54.616822, -22.131408 ], [ -54.616896, -22.131466 ], [ -54.616757, -22.13162 ], [ -54.616683, -22.131562 ] ] ] } },
{ "type": "Feature", "properties": { "id": 95219, "insc_imob": "07.01.36.23.093", "quadra_cartorio": "12 NC", "lote_cartorio": "04", "matricula": "79433", "circunscricao": "1º CIRCUNSCRIÇÃO", "zoneamento": null, "condominio": null, "area_geom": 222.84, "cnm": "062661.2.0079433-12" }, "geometry": { "type": "Polygon", "coordinates": [ [ [ -54.616757, -22.13162 ], [ -54.616896, -22.131466 ], [ -54.61697, -22.131524 ], [ -54.616832, -22.131678 ], [ -54.616757, -22.13162 ] ] ] } },
{ "type": "Feature", "properties": { "id": 95220, "insc_imob": "07.01.36.33.066", "quadra_cartorio": "02", "lote_cartorio": "09", "matricula": "79433", "circunscricao": "1º CIRCUNSCRIÇÃO", "zoneamento": null, "condominio": null, "area_geom": 222.85, "cnm": "062661.2.0079433-12" }, "geometry": { "type": "Polygon", "coordinates": [ [ [ -54.616019, -22.131714 ], [ -54.616157, -22.13156 ], [ -54.616232, -22.131618 ], [ -54.616093, -22.131772 ], [ -54.616019, -22.131714 ] ] ] } },
{ "type": "Feature", "properties": { "id": 95221, "insc_imob": "07.01.36.33.086", "quadra_cartorio": "02", "lote_cartorio": "07", "matricula": "79433", "circunscricao": "1º CIRCUNSCRIÇÃO", "zoneamento": null, "condominio": null, "area_geom": 222.84, "cnm": "062661.2.0079433-12" }, "geometry": { "type": "Polygon", "coordinates": [ [ [ -54.616167, -22.13183 ], [ -54.616306, -22.131676 ], [ -54.61638, -22.131734 ], [ -54.616241, -22.131889 ], [ -54.616167, -22.13183 ] ] ] } },
{ "type": "Feature", "properties": { "id": 95231, "insc_imob": "07.01.36.33.096", "quadra_cartorio": "02", "lote_cartorio": "06", "matricula": "79433", "circunscricao": "1º CIRCUNSCRIÇÃO", "zoneamento": null, "condominio": null, "area_geom": 222.84, "cnm": "062661.2.0079433-12" }, "geometry": { "type": "Polygon", "coordinates": [ [ [ -54.616241, -22.131889 ], [ -54.61638, -22.131734 ], [ -54.616432, -22.131775 ], [ -54.616454, -22.131792 ], [ -54.616315, -22.131947 ], [ -54.616241, -22.131889 ] ] ] } },
{ "type": "Feature", "properties": { "id": 95233, "insc_imob": "07.01.36.33.169", "quadra_cartorio": "02", "lote_cartorio": "01", "matricula": "79433", "circunscricao": "1º CIRCUNSCRIÇÃO", "zoneamento": null, "condominio": null, "area_geom": 233.97, "cnm": "062661.2.0079433-12" }, "geometry": { "type": "Polygon", "coordinates": [ [ [ -54.616612, -22.132179 ], [ -54.616751, -22.132024 ], [ -54.616829, -22.132085 ], [ -54.61669, -22.13224 ], [ -54.616612, -22.132179 ] ] ] } },
{ "type": "Feature", "properties": { "id": 95234, "insc_imob": "07.01.36.33.212", "quadra_cartorio": "02", "lote_cartorio": "19", "matricula": "79433", "circunscricao": "1º CIRCUNSCRIÇÃO", "zoneamento": null, "condominio": null, "area_geom": 222.84, "cnm": "062661.2.0079433-12" }, "geometry": { "type": "Polygon", "coordinates": [ [ [ -54.616677, -22.131966 ], [ -54.616816, -22.131812 ], [ -54.61689, -22.13187 ], [ -54.616751, -22.132024 ], [ -54.616677, -22.131966 ] ] ] } },
{ "type": "Feature", "properties": { "id": 95235, "insc_imob": "07.01.36.33.232", "quadra_cartorio": "02", "lote_cartorio": "13", "matricula": "79433", "circunscricao": "1º CIRCUNSCRIÇÃO", "zoneamento": null, "condominio": null, "area_geom": 222.83, "cnm": "062661.2.0079433-12" }, "geometry": { "type": "Polygon", "coordinates": [ [ [ -54.616529, -22.13185 ], [ -54.616667, -22.131696 ], [ -54.616742, -22.131754 ], [ -54.616603, -22.131908 ], [ -54.616529, -22.13185 ] ] ] } },
{ "type": "Feature", "properties": { "id": 95236, "insc_imob": "07.01.36.34.237", "quadra_cartorio": "01", "lote_cartorio": null, "matricula": "79433", "circunscricao": "1º CIRCUNSCRIÇÃO", "zoneamento": null, "condominio": null, "area_geom": 222.84, "cnm": "062661.2.0079433-12" }, "geometry": { "type": "Polygon", "coordinates": [ [ [ -54.616324, -22.132368 ], [ -54.616463, -22.132213 ], [ -54.616537, -22.132271 ], [ -54.616399, -22.132426 ], [ -54.616387, -22.132417 ], [ -54.616324, -22.132368 ] ] ] } },
{ "type": "Feature", "properties": { "id": 95237, "insc_imob": "07.01.36.34.247", "quadra_cartorio": "01", "lote_cartorio": null, "matricula": "79433", "circunscricao": "1º CIRCUNSCRIÇÃO", "zoneamento": null, "condominio": null, "area_geom": 222.83, "cnm": "062661.2.0079433-12" }, "geometry": { "type": "Polygon", "coordinates": [ [ [ -54.61625, -22.13231 ], [ -54.616389, -22.132155 ], [ -54.616463, -22.132213 ], [ -54.616324, -22.132368 ], [ -54.616272, -22.132327 ], [ -54.61625, -22.13231 ] ] ] } },
{ "type": "Feature", "properties": { "id": 95238, "insc_imob": "07.01.36.34.257", "quadra_cartorio": "01", "lote_cartorio": null, "matricula": "79433", "circunscricao": "1º CIRCUNSCRIÇÃO", "zoneamento": null, "condominio": null, "area_geom": 222.84, "cnm": "062661.2.0079433-12" }, "geometry": { "type": "Polygon", "coordinates": [ [ [ -54.616176, -22.132252 ], [ -54.616315, -22.132097 ], [ -54.616389, -22.132155 ], [ -54.61625, -22.13231 ], [ -54.616176, -22.132252 ] ] ] } },
{ "type": "Feature", "properties": { "id": 95649, "insc_imob": "07.01.35.27.278", "quadra_cartorio": "11", "lote_cartorio": "23", "matricula": "31196", "circunscricao": "1º CIRCUNSCRIÇÃO", "zoneamento": null, "condominio": null, "area_geom": 618.64, "cnm": "062661.2.0031196-96" }, "geometry": { "type": "Polygon", "coordinates": [ [ [ -54.618602, -22.134078 ], [ -54.618677, -22.133996 ], [ -54.619063, -22.134297 ], [ -54.618989, -22.134379 ], [ -54.618602, -22.134078 ] ] ] } },
{ "type": "Feature", "properties": { "id": 95651, "insc_imob": "07.01.36.34.022", "quadra_cartorio": "01", "lote_cartorio": "10", "matricula": "79433", "circunscricao": "1º CIRCUNSCRIÇÃO", "zoneamento": null, "condominio": null, "area_geom": 233.98, "cnm": "062661.2.0079433-12" }, "geometry": { "type": "Polygon", "coordinates": [ [ [ -54.615727, -22.1319 ], [ -54.615866, -22.131746 ], [ -54.615944, -22.131807 ], [ -54.615805, -22.131961 ], [ -54.615727, -22.1319 ] ] ] } },
{ "type": "Feature", "properties": { "id": 95652, "insc_imob": "07.01.36.21.314", "quadra_cartorio": "17", "lote_cartorio": "01", "matricula": "10448", "circunscricao": "1º CIRCUNSCRIÇÃO", "zoneamento": null, "condominio": null, "area_geom": 449.64, "cnm": "062661.2.0010448-66" }, "geometry": { "type": "Polygon", "coordinates": [ [ [ -54.619022, -22.132521 ], [ -54.619208, -22.132313 ], [ -54.61932, -22.1324 ], [ -54.619133, -22.132608 ], [ -54.619022, -22.132521 ] ] ] } },
{ "type": "Feature", "properties": { "id": 96644, "insc_imob": "07.01.36.53.050", "quadra_cartorio": "02", "lote_cartorio": "06", "matricula": "54781", "circunscricao": "1º CIRCUNSCRIÇÃO", "zoneamento": null, "condominio": null, "area_geom": 299.79, "cnm": "062661.2.0054781-54" }, "geometry": { "type": "Polygon", "coordinates": [ [ [ -54.612864, -22.130792 ], [ -54.612926, -22.130722 ], [ -54.613149, -22.130896 ], [ -54.613087, -22.130965 ], [ -54.612864, -22.130792 ] ] ] } },
{ "type": "Feature", "properties": { "id": 96645, "insc_imob": "07.01.36.53.070", "quadra_cartorio": "02", "lote_cartorio": "04", "matricula": "58570", "circunscricao": "1º CIRCUNSCRIÇÃO", "zoneamento": null, "condominio": null, "area_geom": 299.79, "cnm": "062661.2.0058570-36" }, "geometry": { "type": "Polygon", "coordinates": [ [ [ -54.61274, -22.13093 ], [ -54.612802, -22.130861 ], [ -54.613025, -22.131035 ], [ -54.612963, -22.131104 ], [ -54.61274, -22.13093 ] ] ] } },
{ "type": "Feature", "properties": { "id": 96646, "insc_imob": "07.01.36.53.130", "quadra_cartorio": "02", "lote_cartorio": "01", "matricula": "59028", "circunscricao": "1º CIRCUNSCRIÇÃO", "zoneamento": null, "condominio": null, "area_geom": 299.79, "cnm": "062661.2.0059028-20" }, "geometry": { "type": "Polygon", "coordinates": [ [ [ -54.612553, -22.131138 ], [ -54.612616, -22.131069 ], [ -54.612839, -22.131243 ], [ -54.612776, -22.131312 ], [ -54.612553, -22.131138 ] ] ] } },
{ "type": "Feature", "properties": { "id": 96647, "insc_imob": "07.01.36.53.140", "quadra_cartorio": "02", "lote_cartorio": "28", "matricula": "54276", "circunscricao": "1º CIRCUNSCRIÇÃO", "zoneamento": null, "condominio": null, "area_geom": 499.66, "cnm": "062661.2.0054276-17" }, "geometry": { "type": "Polygon", "coordinates": [ [ [ -54.613025, -22.131035 ], [ -54.613087, -22.130965 ], [ -54.613161, -22.131023 ], [ -54.612851, -22.13137 ], [ -54.612776, -22.131312 ], [ -54.612839, -22.131243 ], [ -54.612901, -22.131173 ], [ -54.612963, -22.131104 ], [ -54.613025, -22.131035 ] ] ] } },
{ "type": "Feature", "properties": { "id": 96648, "insc_imob": "07.01.36.53.150", "quadra_cartorio": "02", "lote_cartorio": "27", "matricula": "54262", "circunscricao": "1º CIRCUNSCRIÇÃO", "zoneamento": null, "condominio": null, "area_geom": 499.65, "cnm": "062661.2.0054262-59" }, "geometry": { "type": "Polygon", "coordinates": [ [ [ -54.612851, -22.13137 ], [ -54.613161, -22.131023 ], [ -54.613236, -22.131081 ], [ -54.612925, -22.131428 ], [ -54.612851, -22.13137 ] ] ] } },
{ "type": "Feature", "properties": { "id": 96649, "insc_imob": "07.01.36.53.290", "quadra_cartorio": "02", "lote_cartorio": "16", "matricula": "54315", "circunscricao": "1º CIRCUNSCRIÇÃO", "zoneamento": null, "condominio": null, "area_geom": 299.79, "cnm": "062661.2.0054315-94" }, "geometry": { "type": "Polygon", "coordinates": [ [ [ -54.613571, -22.130989 ], [ -54.613633, -22.13092 ], [ -54.613856, -22.131093 ], [ -54.613794, -22.131163 ], [ -54.613571, -22.130989 ] ] ] } },
{ "type": "Feature", "properties": { "id": 96650, "insc_imob": "07.01.36.53.360", "quadra_cartorio": "02", "lote_cartorio": "12", "matricula": "59801", "circunscricao": "1º CIRCUNSCRIÇÃO", "zoneamento": null, "condominio": null, "area_geom": 499.64, "cnm": "062661.2.0059801-29" }, "geometry": { "type": "Polygon", "coordinates": [ [ [ -54.613161, -22.131023 ], [ -54.613472, -22.130677 ], [ -54.613546, -22.130735 ], [ -54.613236, -22.131081 ], [ -54.613161, -22.131023 ] ] ] } },
{ "type": "Feature", "properties": { "id": 96651, "insc_imob": "07.01.36.53.370", "quadra_cartorio": "02", "lote_cartorio": "11", "matricula": "54870", "circunscricao": "1º CIRCUNSCRIÇÃO", "zoneamento": null, "condominio": null, "area_geom": 499.66, "cnm": "062661.2.0054870-78" }, "geometry": { "type": "Polygon", "coordinates": [ [ [ -54.613336, -22.130688 ], [ -54.613398, -22.130619 ], [ -54.613472, -22.130677 ], [ -54.613161, -22.131023 ], [ -54.613087, -22.130965 ], [ -54.613149, -22.130896 ], [ -54.613211, -22.130827 ], [ -54.613273, -22.130758 ], [ -54.613336, -22.130688 ] ] ] } },
{ "type": "Feature", "properties": { "id": 96677, "insc_imob": "07.01.36.37.690", "quadra_cartorio": "12", "lote_cartorio": "ÚNICO", "matricula": "54017", "circunscricao": "1º CIRCUNSCRIÇÃO", "zoneamento": null, "condominio": null, "area_geom": 9993.04, "cnm": "062661.2.0054017-18" }, "geometry": { "type": "Polygon", "coordinates": [ [ [ -54.614834, -22.129825 ], [ -54.615456, -22.129132 ], [ -54.616199, -22.129711 ], [ -54.615578, -22.130404 ], [ -54.614834, -22.129825 ] ] ] } },
{ "type": "Feature", "properties": { "id": 96678, "insc_imob": "07.01.36.42.131", "quadra_cartorio": "04", "lote_cartorio": "02", "matricula": "54254", "circunscricao": "1º CIRCUNSCRIÇÃO", "zoneamento": null, "condominio": null, "area_geom": 359.74, "cnm": "062661.2.0054254-83" }, "geometry": { "type": "Polygon", "coordinates": [ [ [ -54.613174, -22.132021 ], [ -54.613236, -22.131952 ], [ -54.613503, -22.13216 ], [ -54.613441, -22.132229 ], [ -54.613174, -22.132021 ] ] ] } },
{ "type": "Feature", "properties": { "id": 96679, "insc_imob": "07.01.36.52.021", "quadra_cartorio": "01", "lote_cartorio": "13", "matricula": "59032", "circunscricao": "1º CIRCUNSCRIÇÃO", "zoneamento": null, "condominio": null, "area_geom": 299.78, "cnm": "062661.2.0059032-08" }, "geometry": { "type": "Polygon", "coordinates": [ [ [ -54.612305, -22.13135 ], [ -54.612367, -22.131281 ], [ -54.61259, -22.131454 ], [ -54.612528, -22.131524 ], [ -54.612305, -22.13135 ] ] ] } },
{ "type": "Feature", "properties": { "id": 96681, "insc_imob": "07.01.36.52.121", "quadra_cartorio": "01", "lote_cartorio": "06", "matricula": "58372", "circunscricao": "1º CIRCUNSCRIÇÃO", "zoneamento": null, "condominio": null, "area_geom": 299.78, "cnm": "062661.2.0058372-48" }, "geometry": { "type": "Polygon", "coordinates": [ [ [ -54.612292, -22.131928 ], [ -54.612416, -22.131789 ], [ -54.612478, -22.13172 ], [ -54.612553, -22.131778 ], [ -54.612553, -22.131778 ], [ -54.612553, -22.131778 ], [ -54.612366, -22.131986 ], [ -54.612292, -22.131928 ] ] ] } },
{ "type": "Feature", "properties": { "id": 96682, "insc_imob": "07.01.36.52.131", "quadra_cartorio": "01", "lote_cartorio": "05", "matricula": "59034", "circunscricao": "1º CIRCUNSCRIÇÃO", "zoneamento": null, "condominio": null, "area_geom": 299.81, "cnm": "062661.2.0059034-02" }, "geometry": { "type": "Polygon", "coordinates": [ [ [ -54.612366, -22.131986 ], [ -54.612553, -22.131778 ], [ -54.612553, -22.131778 ], [ -54.612627, -22.131836 ], [ -54.612627, -22.131836 ], [ -54.612441, -22.132044 ], [ -54.612366, -22.131986 ] ] ] } },
{ "type": "Feature", "properties": { "id": 97898, "insc_imob": "07.01.35.18.244", "quadra_cartorio": "14", "lote_cartorio": "19", "matricula": "30538", "circunscricao": "1º CIRCUNSCRIÇÃO", "zoneamento": null, "condominio": null, "area_geom": 517.14, "cnm": "062661.2.0030538-33" }, "geometry": { "type": "Polygon", "coordinates": [ [ [ -54.619357, -22.133262 ], [ -54.619419, -22.133193 ], [ -54.619804, -22.133493 ], [ -54.619742, -22.133562 ], [ -54.619593, -22.133446 ], [ -54.619504, -22.133377 ], [ -54.619415, -22.133307 ], [ -54.619357, -22.133262 ] ] ] } },
{ "type": "Feature", "properties": { "id": 98044, "insc_imob": "07.01.35.26.025", "quadra_cartorio": "10", "lote_cartorio": "I", "matricula": "92574", "circunscricao": "1º CIRCUNSCRIÇÃO", "zoneamento": null, "condominio": null, "area_geom": 390.01, "cnm": "062661.2.0092574-68" }, "geometry": { "type": "Polygon", "coordinates": [ [ [ -54.619423, -22.134087 ], [ -54.619497, -22.134004 ], [ -54.619739, -22.134192 ], [ -54.619664, -22.134275 ], [ -54.619423, -22.134087 ] ] ] } },
{ "type": "Feature", "properties": { "id": 98045, "insc_imob": "07.01.35.26.069", "quadra_cartorio": "10", "lote_cartorio": "02", "matricula": "55414", "circunscricao": "1º CIRCUNSCRIÇÃO", "zoneamento": null, "condominio": null, "area_geom": 544.63, "cnm": "062661.2.0055414-95" }, "geometry": { "type": "Polygon", "coordinates": [ [ [ -54.619537, -22.134696 ], [ -54.619148, -22.134393 ], [ -54.619213, -22.134321 ], [ -54.619601, -22.134624 ], [ -54.619566, -22.134664 ], [ -54.619537, -22.134696 ] ] ] } },
{ "type": "Feature", "properties": { "id": 98046, "insc_imob": "07.01.35.26.090", "quadra_cartorio": "10", "lote_cartorio": "04", "matricula": "39394", "circunscricao": "1º CIRCUNSCRIÇÃO", "zoneamento": null, "condominio": null, "area_geom": 544.64, "cnm": "062661.2.0039394-43" }, "geometry": { "type": "Polygon", "coordinates": [ [ [ -54.619018, -22.134538 ], [ -54.619083, -22.134466 ], [ -54.619472, -22.134768 ], [ -54.619407, -22.13484 ], [ -54.619375, -22.134816 ], [ -54.619286, -22.134746 ], [ -54.619197, -22.134677 ], [ -54.619108, -22.134607 ], [ -54.619018, -22.134538 ] ] ] } },
{ "type": "Feature", "properties": { "id": 98051, "insc_imob": "07.01.35.27.042", "quadra_cartorio": "11", "lote_cartorio": "09", "matricula": "67621", "circunscricao": "1º CIRCUNSCRIÇÃO", "zoneamento": null, "condominio": null, "area_geom": 618.91, "cnm": "062661.2.0067621-43" }, "geometry": { "type": "Polygon", "coordinates": [ [ [ -54.618438, -22.13353 ], [ -54.618512, -22.133447 ], [ -54.618601, -22.133517 ], [ -54.61869, -22.133586 ], [ -54.618779, -22.133656 ], [ -54.618868, -22.133725 ], [ -54.618898, -22.133748 ], [ -54.618824, -22.133831 ], [ -54.618438, -22.13353 ] ] ] } },
{ "type": "Feature", "properties": { "id": 98064, "insc_imob": "07.01.36.32.193", "quadra_cartorio": "01", "lote_cartorio": "05", "matricula": "136966", "circunscricao": "1º CIRCUNSCRIÇÃO", "zoneamento": null, "condominio": null, "area_geom": 393.49, "cnm": "062661.2.0136966-73" }, "geometry": { "type": "Polygon", "coordinates": [ [ [ -54.616804, -22.133144 ], [ -54.617021, -22.132901 ], [ -54.617105, -22.132966 ], [ -54.616887, -22.133209 ], [ -54.616804, -22.133144 ] ] ] } },
{ "type": "Feature", "properties": { "id": 98065, "insc_imob": "07.01.36.32.204", "quadra_cartorio": "01", "lote_cartorio": "06", "matricula": "22154", "circunscricao": "1º CIRCUNSCRIÇÃO", "zoneamento": null, "condominio": null, "area_geom": 393.5, "cnm": "062661.2.0022154-62" }, "geometry": { "type": "Polygon", "coordinates": [ [ [ -54.616887, -22.133209 ], [ -54.617105, -22.132966 ], [ -54.617188, -22.133032 ], [ -54.616971, -22.133274 ], [ -54.616887, -22.133209 ] ] ] } },
{ "type": "Feature", "properties": { "id": 98789, "insc_imob": "07.01.36.23.113", "quadra_cartorio": "12 NC", "lote_cartorio": null, "matricula": "79433", "circunscricao": "1º CIRCUNSCRIÇÃO", "zoneamento": null, "condominio": null, "area_geom": 222.83, "cnm": "062661.2.0079433-12" }, "geometry": { "type": "Polygon", "coordinates": [ [ [ -54.616906, -22.131736 ], [ -54.617045, -22.131582 ], [ -54.617119, -22.13164 ], [ -54.61698, -22.131794 ], [ -54.616906, -22.131736 ] ] ] } },
{ "type": "Feature", "properties": { "id": 98744, "insc_imob": "07.01.35.35.364", "quadra_cartorio": "05", "lote_cartorio": "06", "matricula": "8056", "circunscricao": "1º CIRCUNSCRIÇÃO", "zoneamento": null, "condominio": null, "area_geom": 383.72, "cnm": "062661.2.0008056-64" }, "geometry": { "type": "Polygon", "coordinates": [ [ [ -54.619665, -22.135713 ], [ -54.619756, -22.135611 ], [ -54.619846, -22.135681 ], [ -54.619647, -22.135902 ], [ -54.619558, -22.135833 ], [ -54.619665, -22.135713 ] ] ] } },
{ "type": "Feature", "properties": { "id": 98790, "insc_imob": "07.01.36.23.063", "quadra_cartorio": "12 NC", "lote_cartorio": null, "matricula": "79433", "circunscricao": "1º CIRCUNSCRIÇÃO", "zoneamento": null, "condominio": null, "area_geom": 222.84, "cnm": "062661.2.0079433-12" }, "geometry": { "type": "Polygon", "coordinates": [ [ [ -54.616535, -22.131446 ], [ -54.616674, -22.131292 ], [ -54.616748, -22.13135 ], [ -54.616609, -22.131504 ], [ -54.616535, -22.131446 ] ] ] } },
{ "type": "Feature", "properties": { "id": 98751, "insc_imob": "07.01.35.47.130", "quadra_cartorio": "02", "lote_cartorio": "03", "matricula": "23615", "circunscricao": "1º CIRCUNSCRIÇÃO", "zoneamento": null, "condominio": null, "area_geom": 352.54, "cnm": "062661.2.0023615-44" }, "geometry": { "type": "Polygon", "coordinates": [ [ [ -54.616802, -22.135719 ], [ -54.616985, -22.135515 ], [ -54.617074, -22.135585 ], [ -54.616892, -22.135788 ], [ -54.616802, -22.135719 ] ] ] } },
{ "type": "Feature", "properties": { "id": 98972, "insc_imob": "07.01.36.35.050", "quadra_cartorio": "12  ", "lote_cartorio": "06", "matricula": "132679", "circunscricao": "1º CIRCUNSCRIÇÃO", "zoneamento": null, "condominio": null, "area_geom": 240.82, "cnm": "062661.2.0132679-33" }, "geometry": { "type": "Polygon", "coordinates": [ [ [ -54.615381, -22.131456 ], [ -54.615443, -22.131387 ], [ -54.615623, -22.131526 ], [ -54.61556, -22.131595 ], [ -54.615381, -22.131456 ] ] ] } },
{ "type": "Feature", "properties": { "id": 99071, "insc_imob": "07.01.36.33.282", "quadra_cartorio": "02", "lote_cartorio": "12", "matricula": "79433", "circunscricao": "1º CIRCUNSCRIÇÃO", "zoneamento": null, "condominio": null, "area_geom": 222.85, "cnm": "062661.2.0079433-12" }, "geometry": { "type": "Polygon", "coordinates": [ [ [ -54.616157, -22.13156 ], [ -54.616296, -22.131406 ], [ -54.616371, -22.131464 ], [ -54.616232, -22.131618 ], [ -54.616157, -22.13156 ] ] ] } },
{ "type": "Feature", "properties": { "id": 99072, "insc_imob": "07.01.46.06.014", "quadra_cartorio": "C", "lote_cartorio": "01", "matricula": "8373", "circunscricao": "1º CIRCUNSCRIÇÃO", "zoneamento": null, "condominio": null, "area_geom": 425.64, "cnm": "062661.2.0008373-83" }, "geometry": { "type": "Polygon", "coordinates": [ [ [ -54.612496, -22.133012 ], [ -54.612683, -22.132804 ], [ -54.612788, -22.132886 ], [ -54.612602, -22.133094 ], [ -54.612496, -22.133012 ] ] ] } },
{ "type": "Feature", "properties": { "id": 99135, "insc_imob": "07.01.24.31.353", "quadra_cartorio": "16", "lote_cartorio": "09", "matricula": "97817", "circunscricao": "1º CIRCUNSCRIÇÃO", "zoneamento": null, "condominio": null, "area_geom": 4216.34, "cnm": "062661.2.0097817-53" }, "geometry": { "type": "Polygon", "coordinates": [ [ [ -54.631783, -22.144257 ], [ -54.632084, -22.144232 ], [ -54.632201, -22.145445 ], [ -54.631899, -22.145471 ], [ -54.631783, -22.144257 ] ] ] } },
{ "type": "Feature", "properties": { "id": 99137, "insc_imob": "07.01.35.27.314", "quadra_cartorio": "11", "lote_cartorio": "26", "matricula": "47770", "circunscricao": "1º CIRCUNSCRIÇÃO", "zoneamento": null, "condominio": null, "area_geom": 618.65, "cnm": "062661.2.0047770-38" }, "geometry": { "type": "Polygon", "coordinates": [ [ [ -54.618824, -22.133831 ], [ -54.618898, -22.133748 ], [ -54.618958, -22.133795 ], [ -54.619047, -22.133864 ], [ -54.619136, -22.133934 ], [ -54.619285, -22.134049 ], [ -54.619211, -22.134132 ], [ -54.618824, -22.133831 ] ] ] } },
{ "type": "Feature", "properties": { "id": 99138, "insc_imob": "07.01.36.34.267", "quadra_cartorio": "01", "lote_cartorio": "05", "matricula": "79433", "circunscricao": "1º CIRCUNSCRIÇÃO", "zoneamento": null, "condominio": null, "area_geom": 222.84, "cnm": "062661.2.0079433-12" }, "geometry": { "type": "Polygon", "coordinates": [ [ [ -54.616102, -22.132194 ], [ -54.616152, -22.132138 ], [ -54.616241, -22.132039 ], [ -54.616315, -22.132097 ], [ -54.616176, -22.132252 ], [ -54.616102, -22.132194 ] ] ] } },
{ "type": "Feature", "properties": { "id": 99139, "insc_imob": "07.01.36.35.220", "quadra_cartorio": "12", "lote_cartorio": "17", "matricula": "132690", "circunscricao": "1º CIRCUNSCRIÇÃO", "zoneamento": null, "condominio": null, "area_geom": 258.78, "cnm": "062661.2.0132690-97" }, "geometry": { "type": "Polygon", "coordinates": [ [ [ -54.615623, -22.131526 ], [ -54.615685, -22.131457 ], [ -54.615877, -22.131607 ], [ -54.615815, -22.131676 ], [ -54.615623, -22.131526 ] ] ] } },
{ "type": "Feature", "properties": { "id": 99140, "insc_imob": "07.01.36.49.024", "quadra_cartorio": "12", "lote_cartorio": "P/03", "matricula": "47408", "circunscricao": "1º CIRCUNSCRIÇÃO", "zoneamento": null, "condominio": null, "area_geom": 736.28, "cnm": "062661.2.0047408-57" }, "geometry": { "type": "Polygon", "coordinates": [ [ [ -54.615412, -22.13383 ], [ -54.615561, -22.133664 ], [ -54.61579, -22.133841 ], [ -54.615641, -22.134007 ], [ -54.615412, -22.13383 ] ] ] } },
{ "type": "Feature", "properties": { "id": 99141, "insc_imob": "07.01.36.53.270", "quadra_cartorio": "02", "lote_cartorio": "18", "matricula": "55820", "circunscricao": "1º CIRCUNSCRIÇÃO", "zoneamento": null, "condominio": null, "area_geom": 299.74, "cnm": "062661.2.0055820-41" }, "geometry": { "type": "Polygon", "coordinates": [ [ [ -54.613447, -22.131128 ], [ -54.613509, -22.131058 ], [ -54.613732, -22.131232 ], [ -54.61367, -22.131301 ], [ -54.613447, -22.131128 ] ] ] } },
{ "type": "Feature", "properties": { "id": 99207, "insc_imob": "07.01.36.42.080", "quadra_cartorio": "05", "lote_cartorio": "08", "matricula": "54303", "circunscricao": "1º CIRCUNSCRIÇÃO", "zoneamento": null, "condominio": null, "area_geom": 359.73, "cnm": "062661.2.0054303-33" }, "geometry": { "type": "Polygon", "coordinates": [ [ [ -54.613474, -22.131639 ], [ -54.613536, -22.13157 ], [ -54.613804, -22.131778 ], [ -54.613798, -22.131785 ], [ -54.613742, -22.131847 ], [ -54.613474, -22.131639 ] ] ] } },
{ "type": "Feature", "properties": { "id": 99208, "insc_imob": "07.01.36.21.136", "quadra_cartorio": "17", "lote_cartorio": "15", "matricula": "38078", "circunscricao": "1º CIRCUNSCRIÇÃO", "zoneamento": null, "condominio": null, "area_geom": 359.75, "cnm": "062661.2.0038078-14" }, "geometry": { "type": "Polygon", "coordinates": [ [ [ -54.618141, -22.132659 ], [ -54.618327, -22.132451 ], [ -54.618416, -22.13252 ], [ -54.61823, -22.132728 ], [ -54.618141, -22.132659 ] ] ] } },
{ "type": "Feature", "properties": { "id": 99209, "insc_imob": "07.01.46.04.210", "quadra_cartorio": "56 NC", "lote_cartorio": "13", "matricula": "21616", "circunscricao": "1º CIRCUNSCRIÇÃO", "zoneamento": null, "condominio": null, "area_geom": 359.76, "cnm": "062661.2.0021616-27" }, "geometry": { "type": "Polygon", "coordinates": [ [ [ -54.61308, -22.134299 ], [ -54.613267, -22.134091 ], [ -54.613356, -22.13416 ], [ -54.61317, -22.134368 ], [ -54.61308, -22.134299 ] ] ] } },
{ "type": "Feature", "properties": { "id": 99860, "insc_imob": "07.01.34.01.010", "quadra_cartorio": null, "lote_cartorio": null, "matricula": "66441", "circunscricao": "1º CIRCUNSCRIÇÃO", "zoneamento": null, "condominio": null, "area_geom": 208640.59, "cnm": "062661.2.0066441-91" }, "geometry": { "type": "Polygon", "coordinates": [ [ [ -54.620857, -22.138641 ], [ -54.622087, -22.137286 ], [ -54.621353, -22.136708 ], [ -54.6214, -22.136655 ], [ -54.621488, -22.136559 ], [ -54.621563, -22.136476 ], [ -54.621638, -22.136394 ], [ -54.621713, -22.136311 ], [ -54.621788, -22.136228 ], [ -54.621863, -22.136145 ], [ -54.621938, -22.136063 ], [ -54.622014, -22.13598 ], [ -54.622101, -22.135883 ], [ -54.622226, -22.135746 ], [ -54.622314, -22.135649 ], [ -54.622389, -22.135566 ], [ -54.622464, -22.135484 ], [ -54.622539, -22.135401 ], [ -54.622614, -22.135318 ], [ -54.622689, -22.135235 ], [ -54.622764, -22.135153 ], [ -54.622839, -22.13507 ], [ -54.622915, -22.134987 ], [ -54.62299, -22.134905 ], [ -54.623065, -22.134822 ], [ -54.62314, -22.134739 ], [ -54.623215, -22.134656 ], [ -54.623302, -22.13456 ], [ -54.624228, -22.133541 ], [ -54.621784, -22.131616 ], [ -54.622071, -22.131299 ], [ -54.625026, -22.133618 ], [ -54.625221, -22.133771 ], [ -54.626765, -22.134983 ], [ -54.626753, -22.134996 ], [ -54.622366, -22.139829 ], [ -54.620857, -22.138641 ] ] ] } },
{ "type": "Feature", "properties": { "id": 99899, "insc_imob": "07.01.36.23.053", "quadra_cartorio": "12 NC", "lote_cartorio": null, "matricula": "79433", "circunscricao": "1º CIRCUNSCRIÇÃO", "zoneamento": null, "condominio": null, "area_geom": 222.83, "cnm": "062661.2.0079433-12" }, "geometry": { "type": "Polygon", "coordinates": [ [ [ -54.61646, -22.131388 ], [ -54.616599, -22.131234 ], [ -54.616674, -22.131292 ], [ -54.616535, -22.131446 ], [ -54.61646, -22.131388 ] ] ] } },
{ "type": "Feature", "properties": { "id": 99907, "insc_imob": "07.01.34.21.010", "quadra_cartorio": "QUINHAO A", "lote_cartorio": null, "matricula": "66440", "circunscricao": "1º CIRCUNSCRIÇÃO", "zoneamento": null, "condominio": null, "area_geom": 102090.92, "cnm": "062661.2.0066440-94" }, "geometry": { "type": "Polygon", "coordinates": [ [ [ -54.620498, -22.136035 ], [ -54.620541, -22.135987 ], [ -54.620629, -22.13589 ], [ -54.620704, -22.135808 ], [ -54.620779, -22.135725 ], [ -54.620854, -22.135642 ], [ -54.620929, -22.13556 ], [ -54.621004, -22.135477 ], [ -54.62108, -22.135394 ], [ -54.621155, -22.135311 ], [ -54.621242, -22.135215 ], [ -54.621359, -22.135086 ], [ -54.620585, -22.134475 ], [ -54.621722, -22.133222 ], [ -54.620909, -22.132581 ], [ -54.620972, -22.132511 ], [ -54.62106, -22.132414 ], [ -54.621135, -22.132332 ], [ -54.62121, -22.132249 ], [ -54.621285, -22.132166 ], [ -54.62136, -22.132083 ], [ -54.621435, -22.132001 ], [ -54.62151, -22.131918 ], [ -54.621598, -22.131821 ], [ -54.621784, -22.131616 ], [ -54.624228, -22.133541 ], [ -54.623302, -22.13456 ], [ -54.623215, -22.134656 ], [ -54.62314, -22.134739 ], [ -54.623065, -22.134822 ], [ -54.62299, -22.134905 ], [ -54.622915, -22.134987 ], [ -54.622839, -22.13507 ], [ -54.622764, -22.135153 ], [ -54.622689, -22.135235 ], [ -54.622614, -22.135318 ], [ -54.622539, -22.135401 ], [ -54.622464, -22.135484 ], [ -54.622389, -22.135566 ], [ -54.622314, -22.135649 ], [ -54.622226, -22.135746 ], [ -54.622101, -22.135883 ], [ -54.622014, -22.13598 ], [ -54.621938, -22.136063 ], [ -54.621863, -22.136145 ], [ -54.621788, -22.136228 ], [ -54.621713, -22.136311 ], [ -54.621638, -22.136394 ], [ -54.621563, -22.136476 ], [ -54.621488, -22.136559 ], [ -54.6214, -22.136655 ], [ -54.621353, -22.136708 ], [ -54.620498, -22.136035 ] ] ] } },
{ "type": "Feature", "properties": { "id": 99995, "insc_imob": "07.01.35.36.373", "quadra_cartorio": "06", "lote_cartorio": "05", "matricula": "45352", "circunscricao": "1º CIRCUNSCRIÇÃO", "zoneamento": null, "condominio": null, "area_geom": 491.87, "cnm": "062661.2.0045352-17" }, "geometry": { "type": "Polygon", "coordinates": [ [ [ -54.618755, -22.135314 ], [ -54.619009, -22.13503 ], [ -54.619099, -22.135099 ], [ -54.618844, -22.135383 ], [ -54.618755, -22.135314 ] ] ] } },
{ "type": "Feature", "properties": { "id": 99996, "insc_imob": "07.01.45.09.297", "quadra_cartorio": null, "lote_cartorio": "P/05", "matricula": "62644", "circunscricao": "1º CIRCUNSCRIÇÃO", "zoneamento": null, "condominio": null, "area_geom": 3555.26, "cnm": "062661.2.0062644-36" }, "geometry": { "type": "Polygon", "coordinates": [ [ [ -54.615006, -22.136667 ], [ -54.615394, -22.136237 ], [ -54.615542, -22.136353 ], [ -54.615812, -22.136564 ], [ -54.615703, -22.136692 ], [ -54.61563, -22.136778 ], [ -54.615563, -22.136856 ], [ -54.615437, -22.137004 ], [ -54.615006, -22.136667 ] ] ] } },
{ "type": "Feature", "properties": { "id": 100322, "insc_imob": "07.01.46.04.258", "quadra_cartorio": "A", "lote_cartorio": "17", "matricula": "7788", "circunscricao": "1º CIRCUNSCRIÇÃO", "zoneamento": null, "condominio": null, "area_geom": 359.75, "cnm": "062661.2.0007788-92" }, "geometry": { "type": "Polygon", "coordinates": [ [ [ -54.613437, -22.134577 ], [ -54.613624, -22.134369 ], [ -54.613713, -22.134438 ], [ -54.613527, -22.134646 ], [ -54.613437, -22.134577 ] ] ] } },
{ "type": "Feature", "properties": { "id": 100340, "insc_imob": "07.01.36.52.111", "quadra_cartorio": "01", "lote_cartorio": "07", "matricula": "58272", "circunscricao": "1º CIRCUNSCRIÇÃO", "zoneamento": null, "condominio": null, "area_geom": 299.78, "cnm": "062661.2.0058272-57" }, "geometry": { "type": "Polygon", "coordinates": [ [ [ -54.612218, -22.13187 ], [ -54.612342, -22.131731 ], [ -54.612404, -22.131662 ], [ -54.612478, -22.13172 ], [ -54.612416, -22.131789 ], [ -54.612292, -22.131928 ], [ -54.612218, -22.13187 ] ] ] } },
{ "type": "Feature", "properties": { "id": 100341, "insc_imob": "07.01.45.09.151", "quadra_cartorio": "01", "lote_cartorio": "06", "matricula": "12168", "circunscricao": "1º CIRCUNSCRIÇÃO", "zoneamento": null, "condominio": null, "area_geom": 351.86, "cnm": "062661.2.0012168-47" }, "geometry": { "type": "Polygon", "coordinates": [ [ [ -54.615831, -22.136034 ], [ -54.615892, -22.135967 ], [ -54.616161, -22.136178 ], [ -54.616124, -22.136219 ], [ -54.6161, -22.136245 ], [ -54.615831, -22.136034 ] ] ] } },
{ "type": "Feature", "properties": { "id": 100398, "insc_imob": "07.01.46.04.310", "quadra_cartorio": "A", "lote_cartorio": "19", "matricula": "24809", "circunscricao": "1º CIRCUNSCRIÇÃO", "zoneamento": null, "condominio": null, "area_geom": 428.71, "cnm": "062661.2.0024809-51" }, "geometry": { "type": "Polygon", "coordinates": [ [ [ -54.613483, -22.134259 ], [ -54.613545, -22.13419 ], [ -54.613864, -22.134438 ], [ -54.613802, -22.134508 ], [ -54.613713, -22.134438 ], [ -54.613624, -22.134369 ], [ -54.613535, -22.134299 ], [ -54.613483, -22.134259 ] ] ] } },
{ "type": "Feature", "properties": { "id": 100441, "insc_imob": "07.01.35.27.204", "quadra_cartorio": "11", "lote_cartorio": "20", "matricula": "7123", "circunscricao": "1º CIRCUNSCRIÇÃO", "zoneamento": null, "condominio": null, "area_geom": 359.79, "cnm": "062661.2.0007123-50" }, "geometry": { "type": "Polygon", "coordinates": [ [ [ -54.61849, -22.134485 ], [ -54.618677, -22.134277 ], [ -54.618766, -22.134346 ], [ -54.61858, -22.134554 ], [ -54.61849, -22.134485 ] ] ] } },
{ "type": "Feature", "properties": { "id": 100457, "insc_imob": "07.01.35.36.337", "quadra_cartorio": "06", "lote_cartorio": "02", "matricula": "45118", "circunscricao": "1º CIRCUNSCRIÇÃO", "zoneamento": null, "condominio": null, "area_geom": 491.89, "cnm": "062661.2.0045118-40" }, "geometry": { "type": "Polygon", "coordinates": [ [ [ -54.619022, -22.135522 ], [ -54.619277, -22.135238 ], [ -54.619366, -22.135308 ], [ -54.619239, -22.13545 ], [ -54.619112, -22.135592 ], [ -54.619022, -22.135522 ] ] ] } },
{ "type": "Feature", "properties": { "id": 100484, "insc_imob": "07.01.46.05.135", "quadra_cartorio": "B", "lote_cartorio": "09", "matricula": "35940", "circunscricao": "1º CIRCUNSCRIÇÃO", "zoneamento": null, "condominio": null, "area_geom": 424.7, "cnm": "062661.2.0035940-26" }, "geometry": { "type": "Polygon", "coordinates": [ [ [ -54.612573, -22.133297 ], [ -54.612635, -22.133228 ], [ -54.612951, -22.133474 ], [ -54.612889, -22.133543 ], [ -54.612573, -22.133297 ] ] ] } },
{ "type": "Feature", "properties": { "id": 100567, "insc_imob": "07.01.35.36.031", "quadra_cartorio": "06 NCD", "lote_cartorio": "07", "matricula": "26906", "circunscricao": "1º CIRCUNSCRIÇÃO", "zoneamento": null, "condominio": null, "area_geom": 245.83, "cnm": "062661.2.0026906-65" }, "geometry": { "type": "Polygon", "coordinates": [ [ [ -54.618614, -22.134964 ], [ -54.618678, -22.134893 ], [ -54.618856, -22.135031 ], [ -54.618793, -22.135102 ], [ -54.618614, -22.134964 ] ] ] } },
{ "type": "Feature", "properties": { "id": 100568, "insc_imob": "07.01.35.45.318", "quadra_cartorio": "04", "lote_cartorio": "13", "matricula": "10151", "circunscricao": "1º CIRCUNSCRIÇÃO", "zoneamento": null, "condominio": null, "area_geom": 347.76, "cnm": "062661.2.0010151-84" }, "geometry": { "type": "Polygon", "coordinates": [ [ [ -54.619173, -22.136809 ], [ -54.619353, -22.136608 ], [ -54.619442, -22.136677 ], [ -54.619262, -22.136878 ], [ -54.619173, -22.136809 ] ] ] } },
{ "type": "Feature", "properties": { "id": 100591, "insc_imob": "07.01.46.06.344", "quadra_cartorio": "56 NCD", "lote_cartorio": "05", "matricula": "45127", "circunscricao": "1º CIRCUNSCRIÇÃO", "zoneamento": null, "condominio": null, "area_geom": 382.66, "cnm": "062661.2.0045127-13" }, "geometry": { "type": "Polygon", "coordinates": [ [ [ -54.612148, -22.13322 ], [ -54.612237, -22.133122 ], [ -54.612437, -22.133278 ], [ -54.612349, -22.133376 ], [ -54.612247, -22.133297 ], [ -54.612148, -22.13322 ] ] ] } },
{ "type": "Feature", "properties": { "id": 100607, "insc_imob": "07.01.35.25.042", "quadra_cartorio": "09", "lote_cartorio": "08", "matricula": "31244", "circunscricao": "1º CIRCUNSCRIÇÃO", "zoneamento": null, "condominio": null, "area_geom": 550.48, "cnm": "062661.2.0031244-49" }, "geometry": { "type": "Polygon", "coordinates": [ [ [ -54.620154, -22.134866 ], [ -54.620228, -22.134783 ], [ -54.62038, -22.134902 ], [ -54.620469, -22.134971 ], [ -54.620559, -22.135041 ], [ -54.620572, -22.135051 ], [ -54.620498, -22.135133 ], [ -54.620154, -22.134866 ] ] ] } },
{ "type": "Feature", "properties": { "id": 100615, "insc_imob": "07.01.35.35.304", "quadra_cartorio": "05", "lote_cartorio": "01", "matricula": "37142", "circunscricao": "1º CIRCUNSCRIÇÃO", "zoneamento": null, "condominio": null, "area_geom": 383.57, "cnm": "062661.2.0037142-09" }, "geometry": { "type": "Polygon", "coordinates": [ [ [ -54.620004, -22.13618 ], [ -54.620203, -22.135959 ], [ -54.620292, -22.136028 ], [ -54.620093, -22.13625 ], [ -54.620004, -22.13618 ] ] ] } },
{ "type": "Feature", "properties": { "id": 100636, "insc_imob": "07.01.36.53.250", "quadra_cartorio": "02", "lote_cartorio": "20", "matricula": "54277", "circunscricao": "1º CIRCUNSCRIÇÃO", "zoneamento": null, "condominio": null, "area_geom": 299.8, "cnm": "062661.2.0054277-14" }, "geometry": { "type": "Polygon", "coordinates": [ [ [ -54.613322, -22.131266 ], [ -54.613385, -22.131197 ], [ -54.613608, -22.131371 ], [ -54.613545, -22.13144 ], [ -54.613322, -22.131266 ] ] ] } },
{ "type": "Feature", "properties": { "id": 100677, "insc_imob": "07.01.36.48.154", "quadra_cartorio": "01", "lote_cartorio": "05", "matricula": "31466", "circunscricao": "1º CIRCUNSCRIÇÃO", "zoneamento": null, "condominio": null, "area_geom": 351.19, "cnm": "062661.2.0031466-62" }, "geometry": { "type": "Polygon", "coordinates": [ [ [ -54.616122, -22.135209 ], [ -54.616304, -22.135006 ], [ -54.616316, -22.135015 ], [ -54.616394, -22.135076 ], [ -54.616212, -22.135279 ], [ -54.616122, -22.135209 ] ] ] } },
{ "type": "Feature", "properties": { "id": 100708, "insc_imob": "07.01.36.35.060", "quadra_cartorio": "12 ", "lote_cartorio": "05", "matricula": "132678", "circunscricao": "1º CIRCUNSCRIÇÃO", "zoneamento": null, "condominio": null, "area_geom": 240.84, "cnm": "062661.2.0132678-36" }, "geometry": { "type": "Polygon", "coordinates": [ [ [ -54.615319, -22.131525 ], [ -54.615381, -22.131456 ], [ -54.61556, -22.131595 ], [ -54.615498, -22.131665 ], [ -54.615319, -22.131525 ] ] ] } },
{ "type": "Feature", "properties": { "id": 100709, "insc_imob": "07.01.36.35.090", "quadra_cartorio": "12", "lote_cartorio": "02", "matricula": "132675", "circunscricao": "1º CIRCUNSCRIÇÃO", "zoneamento": null, "condominio": null, "area_geom": 240.84, "cnm": "062661.2.0132675-45" }, "geometry": { "type": "Polygon", "coordinates": [ [ [ -54.615133, -22.131733 ], [ -54.615195, -22.131664 ], [ -54.615374, -22.131803 ], [ -54.615312, -22.131872 ], [ -54.615133, -22.131733 ] ] ] } },
{ "type": "Feature", "properties": { "id": 100873, "insc_imob": "07.01.35.45.342", "quadra_cartorio": "04", "lote_cartorio": "15", "matricula": "5201", "circunscricao": "1º CIRCUNSCRIÇÃO", "zoneamento": null, "condominio": null, "area_geom": 347.69, "cnm": "062661.2.0005201-93" }, "geometry": { "type": "Polygon", "coordinates": [ [ [ -54.619026, -22.136635 ], [ -54.619175, -22.136469 ], [ -54.619264, -22.136538 ], [ -54.619084, -22.136739 ], [ -54.618995, -22.13667 ], [ -54.619026, -22.136635 ] ] ] } },
{ "type": "Feature", "properties": { "id": 100874, "insc_imob": "07.01.36.32.261", "quadra_cartorio": "01", "lote_cartorio": "08", "matricula": "2563", "circunscricao": "1º CIRCUNSCRIÇÃO", "zoneamento": null, "condominio": null, "area_geom": 522.11, "cnm": "062661.2.0002563-53" }, "geometry": { "type": "Polygon", "coordinates": [ [ [ -54.616919, -22.132822 ], [ -54.616987, -22.132746 ], [ -54.61734, -22.13302 ], [ -54.617272, -22.133097 ], [ -54.617191, -22.133033 ], [ -54.617188, -22.133032 ], [ -54.617105, -22.132966 ], [ -54.617021, -22.132901 ], [ -54.616937, -22.132836 ], [ -54.616919, -22.132822 ] ] ] } },
{ "type": "Feature", "properties": { "id": 100913, "insc_imob": "07.01.36.52.141", "quadra_cartorio": "01", "lote_cartorio": "04", "matricula": "58361", "circunscricao": "1º CIRCUNSCRIÇÃO", "zoneamento": null, "condominio": null, "area_geom": 299.78, "cnm": "062661.2.0058361-81" }, "geometry": { "type": "Polygon", "coordinates": [ [ [ -54.612441, -22.132044 ], [ -54.612627, -22.131836 ], [ -54.612627, -22.131836 ], [ -54.612702, -22.131894 ], [ -54.612515, -22.132102 ], [ -54.612441, -22.132044 ] ] ] } },
{ "type": "Feature", "properties": { "id": 100914, "insc_imob": "07.01.36.52.301", "quadra_cartorio": "01", "lote_cartorio": "16", "matricula": "54279", "circunscricao": "1º CIRCUNSCRIÇÃO", "zoneamento": null, "condominio": null, "area_geom": 413.69, "cnm": "062661.2.0054279-08" }, "geometry": { "type": "Polygon", "coordinates": [ [ [ -54.612541, -22.131651 ], [ -54.612736, -22.131433 ], [ -54.61281, -22.131491 ], [ -54.61281, -22.131491 ], [ -54.612553, -22.131778 ], [ -54.612478, -22.13172 ], [ -54.612541, -22.131651 ] ] ] } },
{ "type": "Feature", "properties": { "id": 100958, "insc_imob": "07.01.36.53.340", "quadra_cartorio": "02", "lote_cartorio": "14", "matricula": "54194", "circunscricao": "1º CIRCUNSCRIÇÃO", "zoneamento": null, "condominio": null, "area_geom": 499.65, "cnm": "062661.2.0054194-69" }, "geometry": { "type": "Polygon", "coordinates": [ [ [ -54.61331, -22.131139 ], [ -54.613621, -22.130793 ], [ -54.613695, -22.130851 ], [ -54.613633, -22.13092 ], [ -54.613571, -22.130989 ], [ -54.613509, -22.131058 ], [ -54.613447, -22.131128 ], [ -54.613385, -22.131197 ], [ -54.61331, -22.131139 ] ] ] } },
{ "type": "Feature", "properties": { "id": 100993, "insc_imob": "07.01.36.32.052", "quadra_cartorio": "12", "lote_cartorio": "21", "matricula": "54347", "circunscricao": "1º CIRCUNSCRIÇÃO", "zoneamento": null, "condominio": null, "area_geom": 522.13, "cnm": "062661.2.0054347-95" }, "geometry": { "type": "Polygon", "coordinates": [ [ [ -54.616771, -22.132318 ], [ -54.616839, -22.132242 ], [ -54.617192, -22.132517 ], [ -54.617124, -22.132593 ], [ -54.616771, -22.132318 ] ] ] } },
{ "type": "Feature", "properties": { "id": 101084, "insc_imob": "07.01.35.36.325", "quadra_cartorio": "06", "lote_cartorio": "01", "matricula": "45117", "circunscricao": "1º CIRCUNSCRIÇÃO", "zoneamento": null, "condominio": null, "area_geom": 420.16, "cnm": "062661.2.0045117-43" }, "geometry": { "type": "Polygon", "coordinates": [ [ [ -54.619239, -22.13545 ], [ -54.619366, -22.135308 ], [ -54.619519, -22.135426 ], [ -54.619391, -22.135568 ], [ -54.619239, -22.13545 ] ] ] } },
{ "type": "Feature", "properties": { "id": 101085, "insc_imob": "07.01.36.35.200", "quadra_cartorio": "12 ", "lote_cartorio": "15", "matricula": "132688", "circunscricao": "1º CIRCUNSCRIÇÃO", "zoneamento": null, "condominio": null, "area_geom": 258.77, "cnm": "062661.2.0132688-06" }, "geometry": { "type": "Polygon", "coordinates": [ [ [ -54.615498, -22.131665 ], [ -54.61556, -22.131595 ], [ -54.615753, -22.131745 ], [ -54.615691, -22.131814 ], [ -54.615498, -22.131665 ] ] ] } },
{ "type": "Feature", "properties": { "id": 101127, "insc_imob": "07.01.35.27.386", "quadra_cartorio": "11", "lote_cartorio": "03", "matricula": "9255", "circunscricao": "1º CIRCUNSCRIÇÃO", "zoneamento": null, "condominio": null, "area_geom": 359.74, "cnm": "062661.2.0009255-56" }, "geometry": { "type": "Polygon", "coordinates": [ [ [ -54.618958, -22.133795 ], [ -54.619144, -22.133587 ], [ -54.619233, -22.133656 ], [ -54.619047, -22.133864 ], [ -54.618958, -22.133795 ] ] ] } },
{ "type": "Feature", "properties": { "id": 101129, "insc_imob": "07.01.36.50.228", "quadra_cartorio": "12 NC", "lote_cartorio": "P/03", "matricula": "47838", "circunscricao": "1º CIRCUNSCRIÇÃO", "zoneamento": null, "condominio": null, "area_geom": 683.51, "cnm": "062661.2.0047838-28" }, "geometry": { "type": "Polygon", "coordinates": [ [ [ -54.61477, -22.134126 ], [ -54.615006, -22.133862 ], [ -54.61514, -22.133967 ], [ -54.614903, -22.13423 ], [ -54.61477, -22.134126 ] ] ] } },
{ "type": "Feature", "properties": { "id": 101462, "insc_imob": "07.01.36.42.193", "quadra_cartorio": "04", "lote_cartorio": "05", "matricula": "55814", "circunscricao": "1º CIRCUNSCRIÇÃO", "zoneamento": null, "condominio": null, "area_geom": 359.67, "cnm": "062661.2.0055814-59" }, "geometry": { "type": "Polygon", "coordinates": [ [ [ -54.612863, -22.132367 ], [ -54.613049, -22.132159 ], [ -54.613139, -22.132229 ], [ -54.612952, -22.132437 ], [ -54.612863, -22.132367 ] ] ] } },
{ "type": "Feature", "properties": { "id": 101470, "insc_imob": "07.01.24.15.230", "quadra_cartorio": "09A", "lote_cartorio": "05", "matricula": "85127", "circunscricao": "1º CIRCUNSCRIÇÃO", "zoneamento": null, "condominio": null, "area_geom": 2042.36, "cnm": "062661.2.0085127-02" }, "geometry": { "type": "Polygon", "coordinates": [ [ [ -54.630215, -22.137338 ], [ -54.630601, -22.136909 ], [ -54.630846, -22.1371 ], [ -54.630461, -22.137529 ], [ -54.630215, -22.137338 ] ] ] } },
{ "type": "Feature", "properties": { "id": 101486, "insc_imob": "07.01.45.09.015", "quadra_cartorio": "56 NC", "lote_cartorio": "P/05", "matricula": "94387", "circunscricao": "1º CIRCUNSCRIÇÃO", "zoneamento": null, "condominio": null, "area_geom": 612.07, "cnm": "062661.2.0094387-61" }, "geometry": { "type": "Polygon", "coordinates": [ [ [ -54.616463, -22.136367 ], [ -54.616768, -22.136028 ], [ -54.616861, -22.136101 ], [ -54.616555, -22.13644 ], [ -54.616463, -22.136367 ] ] ] } },
{ "type": "Feature", "properties": { "id": 101636, "insc_imob": "07.01.35.36.021", "quadra_cartorio": "06", "lote_cartorio": "07", "matricula": "8169", "circunscricao": "1º CIRCUNSCRIÇÃO", "zoneamento": null, "condominio": null, "area_geom": 246.07, "cnm": "062661.2.0008169-16" }, "geometry": { "type": "Polygon", "coordinates": [ [ [ -54.618678, -22.134893 ], [ -54.618742, -22.134821 ], [ -54.61892, -22.13496 ], [ -54.618856, -22.135031 ], [ -54.618678, -22.134893 ] ] ] } },
{ "type": "Feature", "properties": { "id": 101637, "insc_imob": "07.01.36.42.030", "quadra_cartorio": "05", "lote_cartorio": "03", "matricula": "54318", "circunscricao": "1º CIRCUNSCRIÇÃO", "zoneamento": null, "condominio": null, "area_geom": 359.74, "cnm": "062661.2.0054318-85" }, "geometry": { "type": "Polygon", "coordinates": [ [ [ -54.613785, -22.131293 ], [ -54.613847, -22.131223 ], [ -54.614115, -22.131432 ], [ -54.614057, -22.131496 ], [ -54.614052, -22.131501 ], [ -54.613785, -22.131293 ] ] ] } },
{ "type": "Feature", "properties": { "id": 101722, "insc_imob": "07.01.36.42.424", "quadra_cartorio": "12 NCD", "lote_cartorio": "05", "matricula": "26565", "circunscricao": "1º CIRCUNSCRIÇÃO", "zoneamento": null, "condominio": null, "area_geom": 759.45, "cnm": "062661.2.0026565-21" }, "geometry": { "type": "Polygon", "coordinates": [ [ [ -54.613866, -22.131709 ], [ -54.613922, -22.131646 ], [ -54.614205, -22.131866 ], [ -54.614081, -22.132005 ], [ -54.613798, -22.131785 ], [ -54.613804, -22.131778 ], [ -54.613866, -22.131709 ] ] ] } },
{ "type": "Feature", "properties": { "id": 101757, "insc_imob": "07.01.24.04.581", "quadra_cartorio": "04", "lote_cartorio": "17", "matricula": "77065", "circunscricao": "1º CIRCUNSCRIÇÃO", "zoneamento": null, "condominio": null, "area_geom": 2498.81, "cnm": "062661.2.0077065-35" }, "geometry": { "type": "Polygon", "coordinates": [ [ [ -54.633198, -22.136154 ], [ -54.63382, -22.135461 ], [ -54.634006, -22.135606 ], [ -54.633384, -22.136299 ], [ -54.633198, -22.136154 ] ] ] } },
{ "type": "Feature", "properties": { "id": 101759, "insc_imob": "07.01.35.26.310", "quadra_cartorio": "10", "lote_cartorio": "C", "matricula": "92568", "circunscricao": "1º CIRCUNSCRIÇÃO", "zoneamento": null, "condominio": null, "area_geom": 370.99, "cnm": "062661.2.0092568-86" }, "geometry": { "type": "Polygon", "coordinates": [ [ [ -54.619817, -22.134668 ], [ -54.619889, -22.134588 ], [ -54.619904, -22.1346 ], [ -54.620127, -22.134773 ], [ -54.620055, -22.134854 ], [ -54.619817, -22.134668 ] ] ] } },
{ "type": "Feature", "properties": { "id": 101760, "insc_imob": "07.01.36.36.145", "quadra_cartorio": "12 ", "lote_cartorio": "P/06", "matricula": "94091", "circunscricao": "1º CIRCUNSCRIÇÃO", "zoneamento": null, "condominio": null, "area_geom": 249.83, "cnm": "062661.2.0094091-76" }, "geometry": { "type": "Polygon", "coordinates": [ [ [ -54.614786, -22.13158 ], [ -54.614848, -22.13151 ], [ -54.615034, -22.131655 ], [ -54.614972, -22.131724 ], [ -54.614786, -22.13158 ] ] ] } },
{ "type": "Feature", "properties": { "id": 102214, "insc_imob": "07.01.35.18.234", "quadra_cartorio": "14", "lote_cartorio": "18", "matricula": "15338", "circunscricao": "1º CIRCUNSCRIÇÃO", "zoneamento": null, "condominio": null, "area_geom": 599.55, "cnm": "062661.2.0015338-43" }, "geometry": { "type": "Polygon", "coordinates": [ [ [ -54.619407, -22.133654 ], [ -54.619593, -22.133446 ], [ -54.619742, -22.133562 ], [ -54.619556, -22.13377 ], [ -54.619407, -22.133654 ] ] ] } },
{ "type": "Feature", "properties": { "id": 102228, "insc_imob": "07.01.36.42.447", "quadra_cartorio": "12", "lote_cartorio": "14", "matricula": "88851", "circunscricao": "1º CIRCUNSCRIÇÃO", "zoneamento": null, "condominio": null, "area_geom": 380.19, "cnm": "062661.2.0088851-82" }, "geometry": { "type": "Polygon", "coordinates": [ [ [ -54.614052, -22.131501 ], [ -54.614057, -22.131496 ], [ -54.614339, -22.131716 ], [ -54.614277, -22.131786 ], [ -54.613994, -22.131566 ], [ -54.614052, -22.131501 ] ] ] } },
{ "type": "Feature", "properties": { "id": 102296, "insc_imob": "07.01.36.35.080", "quadra_cartorio": "12 ", "lote_cartorio": "03", "matricula": "132676", "circunscricao": "1º CIRCUNSCRIÇÃO", "zoneamento": null, "condominio": null, "area_geom": 240.82, "cnm": "062661.2.0132676-42" }, "geometry": { "type": "Polygon", "coordinates": [ [ [ -54.615195, -22.131664 ], [ -54.615257, -22.131594 ], [ -54.615436, -22.131734 ], [ -54.615374, -22.131803 ], [ -54.615195, -22.131664 ] ] ] } },
{ "type": "Feature", "properties": { "id": 102338, "insc_imob": "07.01.36.41.020", "quadra_cartorio": "12 NC", "lote_cartorio": "05", "matricula": "16315", "circunscricao": "1º CIRCUNSCRIÇÃO", "zoneamento": null, "condominio": null, "area_geom": 729.47, "cnm": "062661.2.0016315-22" }, "geometry": { "type": "Polygon", "coordinates": [ [ [ -54.614502, -22.13171 ], [ -54.614626, -22.131571 ], [ -54.614898, -22.131782 ], [ -54.61488, -22.131802 ], [ -54.614774, -22.131921 ], [ -54.614502, -22.13171 ] ] ] } },
{ "type": "Feature", "properties": { "id": 102360, "insc_imob": "07.01.24.14.984", "quadra_cartorio": "09", "lote_cartorio": "10", "matricula": "136971", "circunscricao": "1º CIRCUNSCRIÇÃO", "zoneamento": null, "condominio": null, "area_geom": 1948.58, "cnm": "062661.2.0136971-58" }, "geometry": { "type": "Polygon", "coordinates": [ [ [ -54.631656, -22.136036 ], [ -54.632041, -22.135607 ], [ -54.632275, -22.135789 ], [ -54.63189, -22.136218 ], [ -54.631656, -22.136036 ] ] ] } },
{ "type": "Feature", "properties": { "id": 102361, "insc_imob": "07.01.24.31.825", "quadra_cartorio": "16", "lote_cartorio": "17", "matricula": "81448", "circunscricao": "1º CIRCUNSCRIÇÃO", "zoneamento": null, "condominio": null, "area_geom": 2498.28, "cnm": "062661.2.0081448-78" }, "geometry": { "type": "Polygon", "coordinates": [ [ [ -54.630928, -22.146268 ], [ -54.631549, -22.145575 ], [ -54.631735, -22.14572 ], [ -54.631114, -22.146413 ], [ -54.630928, -22.146268 ] ] ] } },
{ "type": "Feature", "properties": { "id": 102362, "insc_imob": "07.01.36.53.260", "quadra_cartorio": "02", "lote_cartorio": "19", "matricula": "55821", "circunscricao": "1º CIRCUNSCRIÇÃO", "zoneamento": null, "condominio": null, "area_geom": 299.77, "cnm": "062661.2.0055821-38" }, "geometry": { "type": "Polygon", "coordinates": [ [ [ -54.613385, -22.131197 ], [ -54.613447, -22.131128 ], [ -54.61367, -22.131301 ], [ -54.613608, -22.131371 ], [ -54.613385, -22.131197 ] ] ] } },
{ "type": "Feature", "properties": { "id": 102527, "insc_imob": "07.01.36.11.066", "quadra_cartorio": "12 NC", "lote_cartorio": "06", "matricula": "51222", "circunscricao": "1º CIRCUNSCRIÇÃO", "zoneamento": null, "condominio": null, "area_geom": 359.74, "cnm": "062661.2.0051222-61" }, "geometry": { "type": "Polygon", "coordinates": [ [ [ -54.618852, -22.131882 ], [ -54.619038, -22.131675 ], [ -54.619128, -22.131744 ], [ -54.618941, -22.131952 ], [ -54.618852, -22.131882 ] ] ] } },
{ "type": "Feature", "properties": { "id": 102602, "insc_imob": "07.01.36.32.294", "quadra_cartorio": "12", "lote_cartorio": "11", "matricula": "2566", "circunscricao": "1º CIRCUNSCRIÇÃO", "zoneamento": null, "condominio": null, "area_geom": 522.1, "cnm": "062661.2.0002566-44" }, "geometry": { "type": "Polygon", "coordinates": [ [ [ -54.617124, -22.132593 ], [ -54.617192, -22.132517 ], [ -54.617545, -22.132792 ], [ -54.617477, -22.132868 ], [ -54.617124, -22.132593 ] ] ] } },
{ "type": "Feature", "properties": { "id": 102640, "insc_imob": "07.01.35.45.175", "quadra_cartorio": "04", "lote_cartorio": "06", "matricula": "77110", "circunscricao": "1º CIRCUNSCRIÇÃO", "zoneamento": null, "condominio": null, "area_geom": 355.77, "cnm": "062661.2.0077110-94" }, "geometry": { "type": "Polygon", "coordinates": [ [ [ -54.618854, -22.137333 ], [ -54.619039, -22.137128 ], [ -54.619128, -22.137197 ], [ -54.618943, -22.137403 ], [ -54.618854, -22.137333 ] ] ] } },
{ "type": "Feature", "properties": { "id": 102691, "insc_imob": "07.01.35.27.066", "quadra_cartorio": "11", "lote_cartorio": "11", "matricula": "1723", "circunscricao": "1º CIRCUNSCRIÇÃO", "zoneamento": null, "condominio": null, "area_geom": 619.23, "cnm": "062661.2.0001723-51" }, "geometry": { "type": "Polygon", "coordinates": [ [ [ -54.61829, -22.133695 ], [ -54.618364, -22.133612 ], [ -54.61875, -22.133913 ], [ -54.618677, -22.133996 ], [ -54.61829, -22.133695 ] ] ] } },
{ "type": "Feature", "properties": { "id": 102692, "insc_imob": "07.01.35.45.151", "quadra_cartorio": "04", "lote_cartorio": "04", "matricula": "20714", "circunscricao": "1º CIRCUNSCRIÇÃO", "zoneamento": null, "condominio": null, "area_geom": 355.45, "cnm": "062661.2.0020714-17" }, "geometry": { "type": "Polygon", "coordinates": [ [ [ -54.618676, -22.137194 ], [ -54.61886, -22.136989 ], [ -54.618873, -22.136999 ], [ -54.618949, -22.137058 ], [ -54.618765, -22.137263 ], [ -54.618676, -22.137194 ] ] ] } },
{ "type": "Feature", "properties": { "id": 102693, "insc_imob": "07.01.36.35.170", "quadra_cartorio": "12 ", "lote_cartorio": "12", "matricula": "132685", "circunscricao": "1º CIRCUNSCRIÇÃO", "zoneamento": null, "condominio": null, "area_geom": 258.85, "cnm": "062661.2.0132685-15" }, "geometry": { "type": "Polygon", "coordinates": [ [ [ -54.615312, -22.131872 ], [ -54.615374, -22.131803 ], [ -54.615567, -22.131953 ], [ -54.615505, -22.132022 ], [ -54.615312, -22.131872 ] ] ] } },
{ "type": "Feature", "properties": { "id": 102714, "insc_imob": "07.01.24.21.903", "quadra_cartorio": "15", "lote_cartorio": "17", "matricula": "81440", "circunscricao": "1º CIRCUNSCRIÇÃO", "zoneamento": null, "condominio": null, "area_geom": 2498.45, "cnm": "062661.2.0081440-05" }, "geometry": { "type": "Polygon", "coordinates": [ [ [ -54.632172, -22.143137 ], [ -54.632413, -22.143116 ], [ -54.6325, -22.144016 ], [ -54.632259, -22.144036 ], [ -54.632172, -22.143137 ] ] ] } },
{ "type": "Feature", "properties": { "id": 102715, "insc_imob": "07.01.24.31.850", "quadra_cartorio": "16", "lote_cartorio": "18", "matricula": "81449", "circunscricao": "1º CIRCUNSCRIÇÃO", "zoneamento": null, "condominio": null, "area_geom": 2498.28, "cnm": "062661.2.0081449-75" }, "geometry": { "type": "Polygon", "coordinates": [ [ [ -54.631114, -22.146413 ], [ -54.631735, -22.14572 ], [ -54.631921, -22.145865 ], [ -54.6313, -22.146557 ], [ -54.631114, -22.146413 ] ] ] } },
{ "type": "Feature", "properties": { "id": 102735, "insc_imob": "07.01.36.48.168", "quadra_cartorio": "01", "lote_cartorio": "06", "matricula": "6275", "circunscricao": "1º CIRCUNSCRIÇÃO", "zoneamento": null, "condominio": null, "area_geom": 351.34, "cnm": "062661.2.0006275-72" }, "geometry": { "type": "Polygon", "coordinates": [ [ [ -54.616212, -22.135279 ], [ -54.616394, -22.135076 ], [ -54.616483, -22.135145 ], [ -54.616301, -22.135348 ], [ -54.616212, -22.135279 ] ] ] } },
{ "type": "Feature", "properties": { "id": 102887, "insc_imob": "07.01.46.01.221", "quadra_cartorio": "56 NCD", "lote_cartorio": "06 (NCD)", "matricula": "24419", "circunscricao": "1º CIRCUNSCRIÇÃO", "zoneamento": null, "condominio": null, "area_geom": 407.81, "cnm": "062661.2.0024419-57" }, "geometry": { "type": "Polygon", "coordinates": [ [ [ -54.61521, -22.135953 ], [ -54.615421, -22.135718 ], [ -54.615466, -22.135753 ], [ -54.615478, -22.135762 ], [ -54.615511, -22.135787 ], [ -54.615299, -22.136023 ], [ -54.61521, -22.135953 ] ] ] } },
{ "type": "Feature", "properties": { "id": 103425, "insc_imob": "07.01.35.45.065", "quadra_cartorio": "04", "lote_cartorio": "20", "matricula": "33944", "circunscricao": "1º CIRCUNSCRIÇÃO", "zoneamento": null, "condominio": null, "area_geom": 554.59, "cnm": "062661.2.0033944-97" }, "geometry": { "type": "Polygon", "coordinates": [ [ [ -54.618529, -22.136731 ], [ -54.618604, -22.136648 ], [ -54.618948, -22.136916 ], [ -54.618873, -22.136999 ], [ -54.61886, -22.136989 ], [ -54.618771, -22.136919 ], [ -54.618682, -22.13685 ], [ -54.618529, -22.136731 ] ] ] } },
{ "type": "Feature", "properties": { "id": 103426, "insc_imob": "07.01.46.01.038", "quadra_cartorio": "02", "lote_cartorio": "03/P/04", "matricula": "91971", "circunscricao": "1º CIRCUNSCRIÇÃO", "zoneamento": null, "condominio": null, "area_geom": 408.44, "cnm": "062661.2.0091971-34" }, "geometry": { "type": "Polygon", "coordinates": [ [ [ -54.615647, -22.13555 ], [ -54.615851, -22.135324 ], [ -54.615943, -22.135396 ], [ -54.61574, -22.135623 ], [ -54.615647, -22.13555 ] ] ] } },
{ "type": "Feature", "properties": { "id": 104282, "insc_imob": "07.01.35.35.034", "quadra_cartorio": "05", "lote_cartorio": "07B", "matricula": "137155", "circunscricao": "1º CIRCUNSCRIÇÃO", "zoneamento": null, "condominio": null, "area_geom": 354.39, "cnm": "062661.2.0137155-88" }, "geometry": { "type": "Polygon", "coordinates": [ [ [ -54.619513, -22.135594 ], [ -54.619665, -22.135713 ], [ -54.619558, -22.135833 ], [ -54.619405, -22.135714 ], [ -54.619513, -22.135594 ] ] ] } },
{ "type": "Feature", "properties": { "id": 104283, "insc_imob": "07.01.35.36.137", "quadra_cartorio": "06", "lote_cartorio": "13 E P/12", "matricula": "47042", "circunscricao": "1º CIRCUNSCRIÇÃO", "zoneamento": null, "condominio": null, "area_geom": 431.12, "cnm": "062661.2.0047042-88" }, "geometry": { "type": "Polygon", "coordinates": [ [ [ -54.61812, -22.135514 ], [ -54.618193, -22.135434 ], [ -54.618468, -22.135648 ], [ -54.618396, -22.135728 ], [ -54.61812, -22.135514 ] ] ] } },
{ "type": "Feature", "properties": { "id": 104284, "insc_imob": "07.01.36.31.054", "quadra_cartorio": "12", "lote_cartorio": "10", "matricula": "81648", "circunscricao": "1º CIRCUNSCRIÇÃO", "zoneamento": null, "condominio": null, "area_geom": 589.17, "cnm": "062661.2.0081648-60" }, "geometry": { "type": "Polygon", "coordinates": [ [ [ -54.617542, -22.132966 ], [ -54.617616, -22.132883 ], [ -54.617984, -22.13317 ], [ -54.61791, -22.133252 ], [ -54.617542, -22.132966 ] ] ] } },
{ "type": "Feature", "properties": { "id": 104285, "insc_imob": "07.01.36.53.220", "quadra_cartorio": "02", "lote_cartorio": "23", "matricula": "54272", "circunscricao": "1º CIRCUNSCRIÇÃO", "zoneamento": null, "condominio": null, "area_geom": 299.78, "cnm": "062661.2.0054272-29" }, "geometry": { "type": "Polygon", "coordinates": [ [ [ -54.613136, -22.131474 ], [ -54.613198, -22.131405 ], [ -54.613421, -22.131578 ], [ -54.613359, -22.131648 ], [ -54.613136, -22.131474 ] ] ] } },
{ "type": "Feature", "properties": { "id": 104287, "insc_imob": "07.01.46.01.013", "quadra_cartorio": "56 NC", "lote_cartorio": "01", "matricula": "42417", "circunscricao": "1º CIRCUNSCRIÇÃO", "zoneamento": null, "condominio": null, "area_geom": 418.25, "cnm": "062661.2.0042417-92" }, "geometry": { "type": "Polygon", "coordinates": [ [ [ -54.615835, -22.135696 ], [ -54.616038, -22.13547 ], [ -54.616133, -22.135544 ], [ -54.61593, -22.13577 ], [ -54.615835, -22.135696 ] ] ] } },
{ "type": "Feature", "properties": { "id": 104383, "insc_imob": "07.01.35.36.088", "quadra_cartorio": "06", "lote_cartorio": "p/12", "matricula": "47043", "circunscricao": "1º CIRCUNSCRIÇÃO", "zoneamento": null, "condominio": null, "area_geom": 431.13, "cnm": "062661.2.0047043-85" }, "geometry": { "type": "Polygon", "coordinates": [ [ [ -54.618193, -22.135434 ], [ -54.618265, -22.135353 ], [ -54.618541, -22.135567 ], [ -54.618468, -22.135648 ], [ -54.618193, -22.135434 ] ] ] } },
{ "type": "Feature", "properties": { "id": 104384, "insc_imob": "07.01.36.35.160", "quadra_cartorio": "12 ", "lote_cartorio": "11", "matricula": "132684", "circunscricao": "1º CIRCUNSCRIÇÃO", "zoneamento": null, "condominio": null, "area_geom": 258.83, "cnm": "062661.2.0132684-18" }, "geometry": { "type": "Polygon", "coordinates": [ [ [ -54.61525, -22.131942 ], [ -54.615312, -22.131872 ], [ -54.615505, -22.132022 ], [ -54.615442, -22.132092 ], [ -54.61525, -22.131942 ] ] ] } },
{ "type": "Feature", "properties": { "id": 104715, "insc_imob": "07.01.36.39.275", "quadra_cartorio": "12 NC ", "lote_cartorio": "P/12", "matricula": "77109", "circunscricao": "1º CIRCUNSCRIÇÃO", "zoneamento": null, "condominio": null, "area_geom": 399.73, "cnm": "062661.2.0077109-97" }, "geometry": { "type": "Polygon", "coordinates": [ [ [ -54.616491, -22.133411 ], [ -54.616553, -22.133342 ], [ -54.616851, -22.133573 ], [ -54.616789, -22.133643 ], [ -54.616491, -22.133411 ] ] ] } },
{ "type": "Feature", "properties": { "id": 104804, "insc_imob": "07.01.35.35.156", "quadra_cartorio": "05", "lote_cartorio": "B", "matricula": "45906", "circunscricao": "1º CIRCUNSCRIÇÃO", "zoneamento": null, "condominio": null, "area_geom": 383.73, "cnm": "062661.2.0045906-04" }, "geometry": { "type": "Polygon", "coordinates": [ [ [ -54.619314, -22.136443 ], [ -54.619512, -22.136221 ], [ -54.619525, -22.136231 ], [ -54.619602, -22.136291 ], [ -54.619403, -22.136512 ], [ -54.619314, -22.136443 ] ] ] } },
{ "type": "Feature", "properties": { "id": 104867, "insc_imob": "07.01.36.53.240", "quadra_cartorio": "02", "lote_cartorio": "21", "matricula": "54270", "circunscricao": "1º CIRCUNSCRIÇÃO", "zoneamento": null, "condominio": null, "area_geom": 299.79, "cnm": "062661.2.0054270-35" }, "geometry": { "type": "Polygon", "coordinates": [ [ [ -54.61326, -22.131336 ], [ -54.613322, -22.131266 ], [ -54.613545, -22.13144 ], [ -54.613483, -22.131509 ], [ -54.61326, -22.131336 ] ] ] } },
{ "type": "Feature", "properties": { "id": 104868, "insc_imob": "07.01.46.01.295", "quadra_cartorio": "56 NC ", "lote_cartorio": "14", "matricula": "46474", "circunscricao": "1º CIRCUNSCRIÇÃO", "zoneamento": null, "condominio": null, "area_geom": 336.95, "cnm": "062661.2.0046474-46" }, "geometry": { "type": "Polygon", "coordinates": [ [ [ -54.615466, -22.135753 ], [ -54.615522, -22.13569 ], [ -54.615804, -22.13591 ], [ -54.615749, -22.13597 ], [ -54.615659, -22.135901 ], [ -54.615511, -22.135787 ], [ -54.615478, -22.135762 ], [ -54.615466, -22.135753 ] ] ] } },
{ "type": "Feature", "properties": { "id": 104869, "insc_imob": "07.01.46.05.072", "quadra_cartorio": "B", "lote_cartorio": "06", "matricula": "56379", "circunscricao": "1º CIRCUNSCRIÇÃO", "zoneamento": null, "condominio": null, "area_geom": 359.74, "cnm": "062661.2.0056379-13" }, "geometry": { "type": "Polygon", "coordinates": [ [ [ -54.612794, -22.133234 ], [ -54.61298, -22.133026 ], [ -54.613069, -22.133095 ], [ -54.612883, -22.133303 ], [ -54.612794, -22.133234 ] ] ] } },
{ "type": "Feature", "properties": { "id": 105016, "insc_imob": "07.01.35.18.346", "quadra_cartorio": "17", "lote_cartorio": "14", "matricula": "37847", "circunscricao": "1º CIRCUNSCRIÇÃO", "zoneamento": null, "condominio": null, "area_geom": 359.74, "cnm": "062661.2.0037847-28" }, "geometry": { "type": "Polygon", "coordinates": [ [ [ -54.619574, -22.132961 ], [ -54.61976, -22.132753 ], [ -54.61985, -22.132822 ], [ -54.619663, -22.13303 ], [ -54.619574, -22.132961 ] ] ] } },
{ "type": "Feature", "properties": { "id": 105018, "insc_imob": "07.01.36.11.078", "quadra_cartorio": "18", "lote_cartorio": "05", "matricula": "33941", "circunscricao": "1º CIRCUNSCRIÇÃO", "zoneamento": null, "condominio": null, "area_geom": 359.75, "cnm": "062661.2.0033941-09" }, "geometry": { "type": "Polygon", "coordinates": [ [ [ -54.618941, -22.131952 ], [ -54.619128, -22.131744 ], [ -54.619217, -22.131813 ], [ -54.619031, -22.132021 ], [ -54.618941, -22.131952 ] ] ] } },
{ "type": "Feature", "properties": { "id": 105054, "insc_imob": "07.01.35.36.284", "quadra_cartorio": "06", "lote_cartorio": "19", "matricula": "50911", "circunscricao": "1º CIRCUNSCRIÇÃO", "zoneamento": null, "condominio": null, "area_geom": 420.15, "cnm": "062661.2.0050911-24" }, "geometry": { "type": "Polygon", "coordinates": [ [ [ -54.619112, -22.135592 ], [ -54.619239, -22.13545 ], [ -54.619391, -22.135568 ], [ -54.619264, -22.135711 ], [ -54.619112, -22.135592 ] ] ] } },
{ "type": "Feature", "properties": { "id": 105055, "insc_imob": "07.01.36.36.215", "quadra_cartorio": "12 ", "lote_cartorio": "P/06", "matricula": "94098", "circunscricao": "1º CIRCUNSCRIÇÃO", "zoneamento": null, "condominio": null, "area_geom": 249.77, "cnm": "062661.2.0094098-55" }, "geometry": { "type": "Polygon", "coordinates": [ [ [ -54.615221, -22.131095 ], [ -54.615283, -22.131026 ], [ -54.615469, -22.13117 ], [ -54.615407, -22.131239 ], [ -54.615221, -22.131095 ] ] ] } },
{ "type": "Feature", "properties": { "id": 105057, "insc_imob": "07.01.46.04.246", "quadra_cartorio": "A", "lote_cartorio": "16", "matricula": "7787", "circunscricao": "1º CIRCUNSCRIÇÃO", "zoneamento": null, "condominio": null, "area_geom": 359.74, "cnm": "062661.2.0007787-95" }, "geometry": { "type": "Polygon", "coordinates": [ [ [ -54.613348, -22.134507 ], [ -54.613535, -22.134299 ], [ -54.613624, -22.134369 ], [ -54.613437, -22.134577 ], [ -54.613348, -22.134507 ] ] ] } },
{ "type": "Feature", "properties": { "id": 105253, "insc_imob": "07.01.24.14.992", "quadra_cartorio": "09", "lote_cartorio": "11", "matricula": "136972", "circunscricao": "1º CIRCUNSCRIÇÃO", "zoneamento": null, "condominio": null, "area_geom": 1948.54, "cnm": "062661.2.0136972-55" }, "geometry": { "type": "Polygon", "coordinates": [ [ [ -54.631422, -22.135854 ], [ -54.631807, -22.135425 ], [ -54.632041, -22.135607 ], [ -54.631656, -22.136036 ], [ -54.631422, -22.135854 ] ] ] } },
{ "type": "Feature", "properties": { "id": 105353, "insc_imob": "07.01.36.35.230", "quadra_cartorio": "12", "lote_cartorio": "18", "matricula": "132691", "circunscricao": "1º CIRCUNSCRIÇÃO", "zoneamento": null, "condominio": null, "area_geom": 258.82, "cnm": "062661.2.0132691-94" }, "geometry": { "type": "Polygon", "coordinates": [ [ [ -54.615685, -22.131457 ], [ -54.615747, -22.131388 ], [ -54.615939, -22.131537 ], [ -54.615877, -22.131607 ], [ -54.615685, -22.131457 ] ] ] } },
{ "type": "Feature", "properties": { "id": 105358, "insc_imob": "07.01.36.40.372", "quadra_cartorio": "12 NCD", "lote_cartorio": "P/03", "matricula": "14874", "circunscricao": "1º CIRCUNSCRIÇÃO", "zoneamento": null, "condominio": null, "area_geom": 697.26, "cnm": "062661.2.0014874-77" }, "geometry": { "type": "Polygon", "coordinates": [ [ [ -54.615446, -22.132599 ], [ -54.615645, -22.132377 ], [ -54.615749, -22.132458 ], [ -54.615438, -22.132805 ], [ -54.615339, -22.132727 ], [ -54.615378, -22.132675 ], [ -54.615446, -22.132599 ] ] ] } },
{ "type": "Feature", "properties": { "id": 105481, "insc_imob": "07.01.36.48.376", "quadra_cartorio": "01", "lote_cartorio": "13", "matricula": "38262", "circunscricao": "1º CIRCUNSCRIÇÃO", "zoneamento": null, "condominio": null, "area_geom": 347.74, "cnm": "062661.2.0038262-44" }, "geometry": { "type": "Polygon", "coordinates": [ [ [ -54.616271, -22.134557 ], [ -54.616452, -22.134356 ], [ -54.616541, -22.134426 ], [ -54.616361, -22.134627 ], [ -54.616271, -22.134557 ] ] ] } },
{ "type": "Feature", "properties": { "id": 105524, "insc_imob": "07.01.36.34.287", "quadra_cartorio": "01", "lote_cartorio": null, "matricula": "79433", "circunscricao": "1º CIRCUNSCRIÇÃO", "zoneamento": null, "condominio": null, "area_geom": 222.83, "cnm": "062661.2.0079433-12" }, "geometry": { "type": "Polygon", "coordinates": [ [ [ -54.616027, -22.132135 ], [ -54.616166, -22.131981 ], [ -54.616241, -22.132039 ], [ -54.616152, -22.132138 ], [ -54.616102, -22.132194 ], [ -54.616031, -22.132138 ], [ -54.616027, -22.132135 ] ] ] } },
{ "type": "Feature", "properties": { "id": 105625, "insc_imob": "07.01.35.18.172", "quadra_cartorio": "14", "lote_cartorio": "16", "matricula": "56012", "circunscricao": "1º CIRCUNSCRIÇÃO", "zoneamento": null, "condominio": null, "area_geom": 359.75, "cnm": "062661.2.0056012-47" }, "geometry": { "type": "Polygon", "coordinates": [ [ [ -54.619228, -22.133515 ], [ -54.619415, -22.133307 ], [ -54.619504, -22.133377 ], [ -54.619318, -22.133585 ], [ -54.619228, -22.133515 ] ] ] } },
{ "type": "Feature", "properties": { "id": 105626, "insc_imob": "07.01.35.26.058", "quadra_cartorio": "10", "lote_cartorio": "01", "matricula": "17408", "circunscricao": "1º CIRCUNSCRIÇÃO", "zoneamento": null, "condominio": null, "area_geom": 544.59, "cnm": "062661.2.0017408-41" }, "geometry": { "type": "Polygon", "coordinates": [ [ [ -54.619213, -22.134321 ], [ -54.619278, -22.134249 ], [ -54.619519, -22.134437 ], [ -54.619593, -22.134495 ], [ -54.619666, -22.134551 ], [ -54.619601, -22.134624 ], [ -54.619213, -22.134321 ] ] ] } },
{ "type": "Feature", "properties": { "id": 105628, "insc_imob": "07.01.35.35.328", "quadra_cartorio": "05", "lote_cartorio": "03", "matricula": "43803", "circunscricao": "1º CIRCUNSCRIÇÃO", "zoneamento": null, "condominio": null, "area_geom": 383.71, "cnm": "062661.2.0043803-08" }, "geometry": { "type": "Polygon", "coordinates": [ [ [ -54.619825, -22.136041 ], [ -54.620024, -22.13582 ], [ -54.620113, -22.135889 ], [ -54.619915, -22.136111 ], [ -54.619825, -22.136041 ] ] ] } },
{ "type": "Feature", "properties": { "id": 105629, "insc_imob": "07.01.36.31.168", "quadra_cartorio": "12", "lote_cartorio": "17", "matricula": "24656", "circunscricao": "1º CIRCUNSCRIÇÃO", "zoneamento": null, "condominio": null, "area_geom": 359.77, "cnm": "062661.2.0024656-25" }, "geometry": { "type": "Polygon", "coordinates": [ [ [ -54.617401, -22.13363 ], [ -54.617587, -22.133422 ], [ -54.617676, -22.133492 ], [ -54.61749, -22.133699 ], [ -54.617401, -22.13363 ] ] ] } },
{ "type": "Feature", "properties": { "id": 105630, "insc_imob": "07.01.36.33.136", "quadra_cartorio": "02", "lote_cartorio": "02", "matricula": "79433", "circunscricao": "1º CIRCUNSCRIÇÃO", "zoneamento": null, "condominio": null, "area_geom": 222.84, "cnm": "062661.2.0079433-12" }, "geometry": { "type": "Polygon", "coordinates": [ [ [ -54.616538, -22.132121 ], [ -54.616677, -22.131966 ], [ -54.616751, -22.132024 ], [ -54.616612, -22.132179 ], [ -54.616538, -22.132121 ] ] ] } },
{ "type": "Feature", "properties": { "id": 105743, "insc_imob": "07.01.24.31.776", "quadra_cartorio": "16", "lote_cartorio": "15", "matricula": "81446", "circunscricao": "1º CIRCUNSCRIÇÃO", "zoneamento": null, "condominio": null, "area_geom": 3903.97, "cnm": "062661.2.0081446-84" }, "geometry": { "type": "Polygon", "coordinates": [ [ [ -54.630941, -22.145551 ], [ -54.631303, -22.14552 ], [ -54.630754, -22.146133 ], [ -54.630097, -22.145621 ], [ -54.63058, -22.145581 ], [ -54.630941, -22.145551 ] ] ] } },
{ "type": "Feature", "properties": { "id": 105894, "insc_imob": "07.01.45.06.276", "quadra_cartorio": "03", "lote_cartorio": "02", "matricula": "4154", "circunscricao": "1º CIRCUNSCRIÇÃO", "zoneamento": null, "condominio": null, "area_geom": 334.74, "cnm": "062661.2.0004154-33" }, "geometry": { "type": "Polygon", "coordinates": [ [ [ -54.618004, -22.137341 ], [ -54.618058, -22.137278 ], [ -54.618177, -22.137146 ], [ -54.618266, -22.137215 ], [ -54.618092, -22.137409 ], [ -54.618004, -22.137341 ] ] ] } },
{ "type": "Feature", "properties": { "id": 106017, "insc_imob": "07.01.36.34.307", "quadra_cartorio": "01", "lote_cartorio": "08", "matricula": "79433", "circunscricao": "1º CIRCUNSCRIÇÃO", "zoneamento": null, "condominio": null, "area_geom": 222.84, "cnm": "062661.2.0079433-12" }, "geometry": { "type": "Polygon", "coordinates": [ [ [ -54.615879, -22.132019 ], [ -54.616018, -22.131865 ], [ -54.616092, -22.131923 ], [ -54.615953, -22.132077 ], [ -54.615943, -22.13207 ], [ -54.615933, -22.132062 ], [ -54.615879, -22.132019 ] ] ] } },
{ "type": "Feature", "properties": { "id": 106018, "insc_imob": "07.01.45.08.230", "quadra_cartorio": "56 NC", "lote_cartorio": "P/06", "matricula": "98272", "circunscricao": "1º CIRCUNSCRIÇÃO", "zoneamento": null, "condominio": null, "area_geom": 393.66, "cnm": "062661.2.0098272-46" }, "geometry": { "type": "Polygon", "coordinates": [ [ [ -54.616066, -22.137142 ], [ -54.616127, -22.137074 ], [ -54.616426, -22.137307 ], [ -54.616365, -22.137375 ], [ -54.616066, -22.137142 ] ] ] } },
{ "type": "Feature", "properties": { "id": 106495, "insc_imob": "07.01.36.38.172", "quadra_cartorio": "08", "lote_cartorio": "17", "matricula": "23625", "circunscricao": "1º CIRCUNSCRIÇÃO", "zoneamento": null, "condominio": null, "area_geom": 383.74, "cnm": "062661.2.0023625-14" }, "geometry": { "type": "Polygon", "coordinates": [ [ [ -54.616878, -22.134539 ], [ -54.617077, -22.134318 ], [ -54.617166, -22.134387 ], [ -54.616967, -22.134609 ], [ -54.616878, -22.134539 ] ] ] } },
{ "type": "Feature", "properties": { "id": 107295, "insc_imob": "07.01.35.18.160", "quadra_cartorio": "14", "lote_cartorio": "15", "matricula": "2903", "circunscricao": "1º CIRCUNSCRIÇÃO", "zoneamento": null, "condominio": null, "area_geom": 359.74, "cnm": "062661.2.0002903-03" }, "geometry": { "type": "Polygon", "coordinates": [ [ [ -54.619139, -22.133446 ], [ -54.619326, -22.133238 ], [ -54.619357, -22.133262 ], [ -54.619415, -22.133307 ], [ -54.619228, -22.133515 ], [ -54.619139, -22.133446 ] ] ] } },
{ "type": "Feature", "properties": { "id": 107296, "insc_imob": "07.01.36.48.142", "quadra_cartorio": "01", "lote_cartorio": "04", "matricula": "31782", "circunscricao": "1º CIRCUNSCRIÇÃO", "zoneamento": null, "condominio": null, "area_geom": 351.05, "cnm": "062661.2.0031782-84" }, "geometry": { "type": "Polygon", "coordinates": [ [ [ -54.616033, -22.13514 ], [ -54.616215, -22.134937 ], [ -54.616304, -22.135006 ], [ -54.616122, -22.135209 ], [ -54.616033, -22.13514 ] ] ] } },
{ "type": "Feature", "properties": { "id": 108425, "insc_imob": "07.01.45.08.435", "quadra_cartorio": "56 NC", "lote_cartorio": "P/05", "matricula": "40304", "circunscricao": "1º CIRCUNSCRIÇÃO", "zoneamento": null, "condominio": null, "area_geom": 605.87, "cnm": "062661.2.0040304-29" }, "geometry": { "type": "Polygon", "coordinates": [ [ [ -54.616628, -22.137223 ], [ -54.616251, -22.137643 ], [ -54.616177, -22.137585 ], [ -54.616238, -22.137517 ], [ -54.616304, -22.137443 ], [ -54.616365, -22.137375 ], [ -54.616426, -22.137307 ], [ -54.61649, -22.137235 ], [ -54.616553, -22.137165 ], [ -54.616628, -22.137223 ] ] ] } },
{ "type": "Feature", "properties": { "id": 110602, "insc_imob": "07.01.24.12.194", "quadra_cartorio": "13", "lote_cartorio": "A", "matricula": "71347", "circunscricao": "1º CIRCUNSCRIÇÃO", "zoneamento": null, "condominio": null, "area_geom": 2498.91, "cnm": "062661.2.0071347-20" }, "geometry": { "type": "Polygon", "coordinates": [ [ [ -54.634038, -22.139631 ], [ -54.634193, -22.139458 ], [ -54.634937, -22.140037 ], [ -54.634782, -22.14021 ], [ -54.634038, -22.139631 ] ] ] } },
{ "type": "Feature", "properties": { "id": 111716, "insc_imob": "07.01.36.31.261", "quadra_cartorio": "12", "lote_cartorio": "22", "matricula": "17086", "circunscricao": "1º CIRCUNSCRIÇÃO", "zoneamento": null, "condominio": null, "area_geom": 590.2, "cnm": "062661.2.0017086-37" }, "geometry": { "type": "Polygon", "coordinates": [ [ [ -54.617688, -22.1335 ], [ -54.617762, -22.133418 ], [ -54.61813, -22.133704 ], [ -54.618056, -22.133787 ], [ -54.617944, -22.1337 ], [ -54.617855, -22.13363 ], [ -54.617766, -22.133561 ], [ -54.617688, -22.1335 ] ] ] } },
{ "type": "Feature", "properties": { "id": 111719, "insc_imob": "07.01.36.32.085", "quadra_cartorio": "12", "lote_cartorio": "24", "matricula": "54545", "circunscricao": "1º CIRCUNSCRIÇÃO", "zoneamento": null, "condominio": null, "area_geom": 522.14, "cnm": "062661.2.0054545-83" }, "geometry": { "type": "Polygon", "coordinates": [ [ [ -54.616566, -22.132547 ], [ -54.616634, -22.132471 ], [ -54.616987, -22.132746 ], [ -54.616919, -22.132822 ], [ -54.616854, -22.132771 ], [ -54.61677, -22.132706 ], [ -54.616673, -22.132631 ], [ -54.616566, -22.132547 ] ] ] } },
{ "type": "Feature", "properties": { "id": 113817, "insc_imob": "07.01.45.06.178", "quadra_cartorio": "03", "lote_cartorio": "09", "matricula": "22426", "circunscricao": "1º CIRCUNSCRIÇÃO", "zoneamento": null, "condominio": null, "area_geom": 306.55, "cnm": "062661.2.0022426-22" }, "geometry": { "type": "Polygon", "coordinates": [ [ [ -54.617671, -22.137732 ], [ -54.617743, -22.137647 ], [ -54.617934, -22.137796 ], [ -54.61786, -22.137879 ], [ -54.617671, -22.137732 ] ] ] } },
{ "type": "Feature", "properties": { "id": 114548, "insc_imob": "07.01.35.25.066", "quadra_cartorio": "09", "lote_cartorio": "10", "matricula": "45774", "circunscricao": "1º CIRCUNSCRIÇÃO", "zoneamento": null, "condominio": null, "area_geom": 550.46, "cnm": "062661.2.0045774-12" }, "geometry": { "type": "Polygon", "coordinates": [ [ [ -54.620006, -22.135031 ], [ -54.62008, -22.134948 ], [ -54.620424, -22.135216 ], [ -54.62035, -22.135298 ], [ -54.620006, -22.135031 ] ] ] } },
{ "type": "Feature", "properties": { "id": 114549, "insc_imob": "07.01.35.25.078", "quadra_cartorio": "09", "lote_cartorio": "11", "matricula": "7519", "circunscricao": "1º CIRCUNSCRIÇÃO", "zoneamento": null, "condominio": null, "area_geom": 550.47, "cnm": "062661.2.0007519-26" }, "geometry": { "type": "Polygon", "coordinates": [ [ [ -54.619932, -22.135113 ], [ -54.620006, -22.135031 ], [ -54.62035, -22.135298 ], [ -54.620343, -22.135305 ], [ -54.620281, -22.135375 ], [ -54.620276, -22.135381 ], [ -54.619932, -22.135113 ] ] ] } },
{ "type": "Feature", "properties": { "id": 114550, "insc_imob": "07.01.35.25.176", "quadra_cartorio": "09", "lote_cartorio": "16", "matricula": "7703", "circunscricao": "1º CIRCUNSCRIÇÃO", "zoneamento": null, "condominio": null, "area_geom": 359.75, "cnm": "062661.2.0007703-56" }, "geometry": { "type": "Polygon", "coordinates": [ [ [ -54.620002, -22.135661 ], [ -54.620188, -22.135453 ], [ -54.620201, -22.135464 ], [ -54.620278, -22.135523 ], [ -54.620091, -22.135731 ], [ -54.620002, -22.135661 ] ] ] } },
{ "type": "Feature", "properties": { "id": 114551, "insc_imob": "07.01.35.25.188", "quadra_cartorio": "09", "lote_cartorio": "17", "matricula": "7701", "circunscricao": "1º CIRCUNSCRIÇÃO", "zoneamento": null, "condominio": null, "area_geom": 359.75, "cnm": "062661.2.0007701-62" }, "geometry": { "type": "Polygon", "coordinates": [ [ [ -54.620091, -22.135731 ], [ -54.620278, -22.135523 ], [ -54.620367, -22.135592 ], [ -54.620181, -22.1358 ], [ -54.620091, -22.135731 ] ] ] } },
{ "type": "Feature", "properties": { "id": 114552, "insc_imob": "07.01.35.25.200", "quadra_cartorio": "09", "lote_cartorio": "18", "matricula": "18811", "circunscricao": "1º CIRCUNSCRIÇÃO", "zoneamento": null, "condominio": null, "area_geom": 359.78, "cnm": "062661.2.0018811-03" }, "geometry": { "type": "Polygon", "coordinates": [ [ [ -54.620181, -22.1358 ], [ -54.620367, -22.135592 ], [ -54.620456, -22.135662 ], [ -54.62027, -22.13587 ], [ -54.620181, -22.1358 ] ] ] } },
{ "type": "Feature", "properties": { "id": 118333, "insc_imob": "07.01.35.36.349", "quadra_cartorio": "06", "lote_cartorio": "03", "matricula": "45119", "circunscricao": "1º CIRCUNSCRIÇÃO", "zoneamento": null, "condominio": null, "area_geom": 491.88, "cnm": "062661.2.0045119-37" }, "geometry": { "type": "Polygon", "coordinates": [ [ [ -54.618933, -22.135453 ], [ -54.619188, -22.135169 ], [ -54.619277, -22.135238 ], [ -54.619022, -22.135522 ], [ -54.618933, -22.135453 ] ] ] } },
{ "type": "Feature", "properties": { "id": 118334, "insc_imob": "07.01.35.37.352", "quadra_cartorio": "07", "lote_cartorio": "02A", "matricula": "157243", "circunscricao": "1º CIRCUNSCRIÇÃO", "zoneamento": null, "condominio": null, "area_geom": 428.46, "cnm": "062661.2.0157243-61" }, "geometry": { "type": "Polygon", "coordinates": [ [ [ -54.618116, -22.134712 ], [ -54.618333, -22.13447 ], [ -54.618424, -22.134541 ], [ -54.618207, -22.134783 ], [ -54.618116, -22.134712 ] ] ] } },
{ "type": "Feature", "properties": { "id": 118404, "insc_imob": "07.01.24.04.983", "quadra_cartorio": "04", "lote_cartorio": "28", "matricula": "66443", "circunscricao": "1º CIRCUNSCRIÇÃO", "zoneamento": null, "condominio": null, "area_geom": 5120.69, "cnm": "062661.2.0066443-85" }, "geometry": { "type": "Polygon", "coordinates": [ [ [ -54.63356, -22.134695 ], [ -54.634851, -22.134587 ], [ -54.63488, -22.134892 ], [ -54.633262, -22.135028 ], [ -54.633473, -22.134792 ], [ -54.63356, -22.134695 ] ] ] } },
{ "type": "Feature", "properties": { "id": 118485, "insc_imob": "07.01.24.05.901", "quadra_cartorio": "05", "lote_cartorio": "03", "matricula": "75949", "circunscricao": "1º CIRCUNSCRIÇÃO", "zoneamento": null, "condominio": null, "area_geom": 5021.59, "cnm": "062661.2.0075949-85" }, "geometry": { "type": "Polygon", "coordinates": [ [ [ -54.631717, -22.132243 ], [ -54.631926, -22.132011 ], [ -54.633041, -22.132879 ], [ -54.632833, -22.133111 ], [ -54.631717, -22.132243 ] ] ] } },
{ "type": "Feature", "properties": { "id": 118509, "insc_imob": "07.01.24.11.352", "quadra_cartorio": "08", "lote_cartorio": "11", "matricula": "15013", "circunscricao": "1º CIRCUNSCRIÇÃO", "zoneamento": null, "condominio": null, "area_geom": 5942.21, "cnm": "062661.2.0015013-48" }, "geometry": { "type": "Polygon", "coordinates": [ [ [ -54.635824, -22.141653 ], [ -54.635712, -22.140499 ], [ -54.63635, -22.140995 ], [ -54.636409, -22.141604 ], [ -54.635824, -22.141653 ] ] ] } },
{ "type": "Feature", "properties": { "id": 118639, "insc_imob": "07.01.24.14.776", "quadra_cartorio": "09", "lote_cartorio": "02", "matricula": "95660", "circunscricao": "1º CIRCUNSCRIÇÃO", "zoneamento": null, "condominio": null, "area_geom": 1948.47, "cnm": "062661.2.0095660-25" }, "geometry": { "type": "Polygon", "coordinates": [ [ [ -54.633527, -22.137492 ], [ -54.633912, -22.137063 ], [ -54.634146, -22.137245 ], [ -54.633761, -22.137674 ], [ -54.633527, -22.137492 ] ] ] } },
{ "type": "Feature", "properties": { "id": 118698, "insc_imob": "07.01.24.15.164", "quadra_cartorio": "09A", "lote_cartorio": "07", "matricula": "135050", "circunscricao": "1º CIRCUNSCRIÇÃO", "zoneamento": null, "condominio": null, "area_geom": 4940.24, "cnm": "062661.2.0135050-98" }, "geometry": { "type": "Polygon", "coordinates": [ [ [ -54.629674, -22.136917 ], [ -54.630444, -22.136058 ], [ -54.630741, -22.136288 ], [ -54.630356, -22.136718 ], [ -54.62997, -22.137148 ], [ -54.629674, -22.136917 ] ] ] } },
{ "type": "Feature", "properties": { "id": 118764, "insc_imob": "07.01.24.16.093", "quadra_cartorio": "10", "lote_cartorio": "10", "matricula": "119467", "circunscricao": "1º CIRCUNSCRIÇÃO", "zoneamento": null, "condominio": null, "area_geom": 2788.09, "cnm": "062661.2.0119467-93" }, "geometry": { "type": "Polygon", "coordinates": [ [ [ -54.628381, -22.133852 ], [ -54.628574, -22.133637 ], [ -54.629243, -22.134158 ], [ -54.62905, -22.134373 ], [ -54.628381, -22.133852 ] ] ] } },
{ "type": "Feature", "properties": { "id": 118765, "insc_imob": "07.01.24.16.214", "quadra_cartorio": "10", "lote_cartorio": "11", "matricula": "69182", "circunscricao": "1º CIRCUNSCRIÇÃO", "zoneamento": null, "condominio": null, "area_geom": 2788.11, "cnm": "062661.2.0069182-16" }, "geometry": { "type": "Polygon", "coordinates": [ [ [ -54.628189, -22.134067 ], [ -54.628381, -22.133852 ], [ -54.62905, -22.134373 ], [ -54.628858, -22.134588 ], [ -54.628189, -22.134067 ] ] ] } },
{ "type": "Feature", "properties": { "id": 118792, "insc_imob": "07.01.24.17.236", "quadra_cartorio": "10A", "lote_cartorio": "09", "matricula": "70711", "circunscricao": "1º CIRCUNSCRIÇÃO", "zoneamento": null, "condominio": null, "area_geom": 5059.01, "cnm": "062661.2.0070711-85" }, "geometry": { "type": "Polygon", "coordinates": [ [ [ -54.627294, -22.135065 ], [ -54.627574, -22.134753 ], [ -54.62841, -22.135404 ], [ -54.628131, -22.135716 ], [ -54.627294, -22.135065 ] ] ] } },
{ "type": "Feature", "properties": { "id": 118862, "insc_imob": "07.01.24.21.891", "quadra_cartorio": "15", "lote_cartorio": "15", "matricula": "69730", "circunscricao": "1º CIRCUNSCRIÇÃO", "zoneamento": null, "condominio": null, "area_geom": 4946.62, "cnm": "062661.2.0069730-21" }, "geometry": { "type": "Polygon", "coordinates": [ [ [ -54.630228, -22.143881 ], [ -54.630571, -22.143498 ], [ -54.631315, -22.144077 ], [ -54.631278, -22.144118 ], [ -54.630259, -22.144203 ], [ -54.630228, -22.143881 ] ] ] } },
{ "type": "Feature", "properties": { "id": 118888, "insc_imob": "07.01.24.21.915", "quadra_cartorio": "15", "lote_cartorio": "19", "matricula": "81442", "circunscricao": "1º CIRCUNSCRIÇÃO", "zoneamento": null, "condominio": null, "area_geom": 2498.23, "cnm": "062661.2.0081442-96" }, "geometry": { "type": "Polygon", "coordinates": [ [ [ -54.632889, -22.143077 ], [ -54.632896, -22.143076 ], [ -54.632983, -22.143975 ], [ -54.632741, -22.143995 ], [ -54.632655, -22.143096 ], [ -54.632889, -22.143077 ] ] ] } },
{ "type": "Feature", "properties": { "id": 118889, "insc_imob": "07.01.24.21.921", "quadra_cartorio": "15", "lote_cartorio": "20", "matricula": "81443", "circunscricao": "1º CIRCUNSCRIÇÃO", "zoneamento": null, "condominio": null, "area_geom": 2498.23, "cnm": "062661.2.0081443-93" }, "geometry": { "type": "Polygon", "coordinates": [ [ [ -54.632896, -22.143076 ], [ -54.633137, -22.143056 ], [ -54.633224, -22.143955 ], [ -54.632983, -22.143975 ], [ -54.632896, -22.143076 ] ] ] } },
{ "type": "Feature", "properties": { "id": 118890, "insc_imob": "07.01.24.21.927", "quadra_cartorio": "15", "lote_cartorio": "21", "matricula": "81444", "circunscricao": "1º CIRCUNSCRIÇÃO", "zoneamento": null, "condominio": null, "area_geom": 2498.25, "cnm": "062661.2.0081444-90" }, "geometry": { "type": "Polygon", "coordinates": [ [ [ -54.633372, -22.143036 ], [ -54.633379, -22.143036 ], [ -54.633465, -22.143935 ], [ -54.633224, -22.143955 ], [ -54.633137, -22.143056 ], [ -54.633372, -22.143036 ] ] ] } },
{ "type": "Feature", "properties": { "id": 118941, "insc_imob": "07.01.24.31.291", "quadra_cartorio": "16", "lote_cartorio": "07", "matricula": "69728", "circunscricao": "1º CIRCUNSCRIÇÃO", "zoneamento": null, "condominio": null, "area_geom": 4215.93, "cnm": "062661.2.0069728-27" }, "geometry": { "type": "Polygon", "coordinates": [ [ [ -54.632386, -22.144206 ], [ -54.632687, -22.144181 ], [ -54.632804, -22.145395 ], [ -54.632503, -22.14542 ], [ -54.632386, -22.144206 ] ] ] } },
{ "type": "Feature", "properties": { "id": 118942, "insc_imob": "07.01.24.31.322", "quadra_cartorio": "16", "lote_cartorio": "08", "matricula": "69729", "circunscricao": "1º CIRCUNSCRIÇÃO", "zoneamento": null, "condominio": null, "area_geom": 4215.92, "cnm": "062661.2.0069729-24" }, "geometry": { "type": "Polygon", "coordinates": [ [ [ -54.632084, -22.144232 ], [ -54.632386, -22.144206 ], [ -54.632503, -22.14542 ], [ -54.632352, -22.145433 ], [ -54.632201, -22.145445 ], [ -54.632084, -22.144232 ] ] ] } },
{ "type": "Feature", "properties": { "id": 118964, "insc_imob": "07.01.24.31.800", "quadra_cartorio": "16", "lote_cartorio": "16", "matricula": "81447", "circunscricao": "1º CIRCUNSCRIÇÃO", "zoneamento": null, "condominio": null, "area_geom": 2266.09, "cnm": "062661.2.0081447-81" }, "geometry": { "type": "Polygon", "coordinates": [ [ [ -54.631303, -22.14552 ], [ -54.631462, -22.145507 ], [ -54.631549, -22.145575 ], [ -54.630928, -22.146268 ], [ -54.630754, -22.146133 ], [ -54.631303, -22.14552 ] ] ] } },
{ "type": "Feature", "properties": { "id": 118965, "insc_imob": "07.01.24.31.875", "quadra_cartorio": "16", "lote_cartorio": "19", "matricula": "81450", "circunscricao": "1º CIRCUNSCRIÇÃO", "zoneamento": null, "condominio": null, "area_geom": 2498.35, "cnm": "062661.2.0081450-72" }, "geometry": { "type": "Polygon", "coordinates": [ [ [ -54.6313, -22.146557 ], [ -54.631921, -22.145865 ], [ -54.632107, -22.146009 ], [ -54.631486, -22.146702 ], [ -54.6313, -22.146557 ] ] ] } },
{ "type": "Feature", "properties": { "id": 118966, "insc_imob": "07.01.24.31.900", "quadra_cartorio": "16", "lote_cartorio": "20", "matricula": "81451", "circunscricao": "1º CIRCUNSCRIÇÃO", "zoneamento": null, "condominio": null, "area_geom": 2498.4, "cnm": "062661.2.0081451-69" }, "geometry": { "type": "Polygon", "coordinates": [ [ [ -54.631486, -22.146702 ], [ -54.632107, -22.146009 ], [ -54.632293, -22.146154 ], [ -54.631672, -22.146847 ], [ -54.631486, -22.146702 ] ] ] } },
{ "type": "Feature", "properties": { "id": 118967, "insc_imob": "07.01.24.31.925", "quadra_cartorio": "16", "lote_cartorio": "21", "matricula": "81452", "circunscricao": "1º CIRCUNSCRIÇÃO", "zoneamento": null, "condominio": null, "area_geom": 2498.43, "cnm": "062661.2.0081452-66" }, "geometry": { "type": "Polygon", "coordinates": [ [ [ -54.631672, -22.146847 ], [ -54.632293, -22.146154 ], [ -54.632479, -22.146299 ], [ -54.631858, -22.146991 ], [ -54.631672, -22.146847 ] ] ] } },
{ "type": "Feature", "properties": { "id": 118968, "insc_imob": "07.01.24.31.950", "quadra_cartorio": "16", "lote_cartorio": "22", "matricula": "81453", "circunscricao": "1º CIRCUNSCRIÇÃO", "zoneamento": null, "condominio": null, "area_geom": 2498.4, "cnm": "062661.2.0081453-63" }, "geometry": { "type": "Polygon", "coordinates": [ [ [ -54.631858, -22.146991 ], [ -54.632479, -22.146299 ], [ -54.632665, -22.146443 ], [ -54.632044, -22.147136 ], [ -54.631858, -22.146991 ] ] ] } },
{ "type": "Feature", "properties": { "id": 118969, "insc_imob": "07.01.24.31.958", "quadra_cartorio": "16", "lote_cartorio": "23", "matricula": "81454", "circunscricao": "1º CIRCUNSCRIÇÃO", "zoneamento": null, "condominio": null, "area_geom": 2498.23, "cnm": "062661.2.0081454-60" }, "geometry": { "type": "Polygon", "coordinates": [ [ [ -54.632044, -22.147136 ], [ -54.632665, -22.146443 ], [ -54.632851, -22.146588 ], [ -54.632229, -22.147281 ], [ -54.632044, -22.147136 ] ] ] } },
{ "type": "Feature", "properties": { "id": 119469, "insc_imob": "07.01.35.18.030", "quadra_cartorio": "14", "lote_cartorio": "06", "matricula": "29971", "circunscricao": "1º CIRCUNSCRIÇÃO", "zoneamento": null, "condominio": null, "area_geom": 359.74, "cnm": "062661.2.0029971-85" }, "geometry": { "type": "Polygon", "coordinates": [ [ [ -54.619217, -22.132683 ], [ -54.619403, -22.132475 ], [ -54.619493, -22.132544 ], [ -54.619306, -22.132752 ], [ -54.619217, -22.132683 ] ] ] } },
{ "type": "Feature", "properties": { "id": 119470, "insc_imob": "07.01.35.18.040", "quadra_cartorio": "14", "lote_cartorio": "07", "matricula": "43854", "circunscricao": "1º CIRCUNSCRIÇÃO", "zoneamento": null, "condominio": null, "area_geom": 599.61, "cnm": "062661.2.0043854-49" }, "geometry": { "type": "Polygon", "coordinates": [ [ [ -54.619155, -22.132752 ], [ -54.619217, -22.132683 ], [ -54.619306, -22.132752 ], [ -54.619396, -22.132822 ], [ -54.619485, -22.132891 ], [ -54.619574, -22.132961 ], [ -54.619663, -22.13303 ], [ -54.619601, -22.133099 ], [ -54.619544, -22.133055 ], [ -54.619155, -22.132752 ] ] ] } },
{ "type": "Feature", "properties": { "id": 119471, "insc_imob": "07.01.35.18.050", "quadra_cartorio": "14", "lote_cartorio": "08", "matricula": "8415", "circunscricao": "1º CIRCUNSCRIÇÃO", "zoneamento": null, "condominio": null, "area_geom": 522.14, "cnm": "062661.2.0008415-54" }, "geometry": { "type": "Polygon", "coordinates": [ [ [ -54.619093, -22.132821 ], [ -54.619155, -22.132752 ], [ -54.619544, -22.133055 ], [ -54.619512, -22.133089 ], [ -54.619481, -22.133124 ], [ -54.619444, -22.133095 ], [ -54.619093, -22.132821 ] ] ] } },
{ "type": "Feature", "properties": { "id": 119472, "insc_imob": "07.01.35.18.060", "quadra_cartorio": "14", "lote_cartorio": "09", "matricula": "56105", "circunscricao": "1º CIRCUNSCRIÇÃO", "zoneamento": null, "condominio": null, "area_geom": 522.15, "cnm": "062661.2.0056105-59" }, "geometry": { "type": "Polygon", "coordinates": [ [ [ -54.619031, -22.132891 ], [ -54.619093, -22.132821 ], [ -54.619444, -22.133095 ], [ -54.619481, -22.133124 ], [ -54.61945, -22.133158 ], [ -54.619419, -22.133193 ], [ -54.619031, -22.132891 ] ] ] } },
{ "type": "Feature", "properties": { "id": 119473, "insc_imob": "07.01.35.18.070", "quadra_cartorio": "14", "lote_cartorio": "10", "matricula": "56105", "circunscricao": "1º CIRCUNSCRIÇÃO", "zoneamento": null, "condominio": null, "area_geom": 522.14, "cnm": "062661.2.0056105-59" }, "geometry": { "type": "Polygon", "coordinates": [ [ [ -54.618969, -22.13296 ], [ -54.619031, -22.132891 ], [ -54.619419, -22.133193 ], [ -54.619357, -22.133262 ], [ -54.619326, -22.133238 ], [ -54.619236, -22.133168 ], [ -54.619147, -22.133099 ], [ -54.619058, -22.133029 ], [ -54.618969, -22.13296 ] ] ] } },
{ "type": "Feature", "properties": { "id": 119475, "insc_imob": "07.01.35.18.148", "quadra_cartorio": "14", "lote_cartorio": "14", "matricula": "36532", "circunscricao": "1º CIRCUNSCRIÇÃO", "zoneamento": null, "condominio": null, "area_geom": 359.73, "cnm": "062661.2.0036532-93" }, "geometry": { "type": "Polygon", "coordinates": [ [ [ -54.61905, -22.133376 ], [ -54.619236, -22.133168 ], [ -54.619326, -22.133238 ], [ -54.619139, -22.133446 ], [ -54.61905, -22.133376 ] ] ] } },
{ "type": "Feature", "properties": { "id": 119476, "insc_imob": "07.01.35.18.254", "quadra_cartorio": "14", "lote_cartorio": "20", "matricula": "30537", "circunscricao": "1º CIRCUNSCRIÇÃO", "zoneamento": null, "condominio": null, "area_geom": 517.1, "cnm": "062661.2.0030537-36" }, "geometry": { "type": "Polygon", "coordinates": [ [ [ -54.619419, -22.133193 ], [ -54.61945, -22.133158 ], [ -54.619481, -22.133124 ], [ -54.619519, -22.133153 ], [ -54.619866, -22.133423 ], [ -54.619804, -22.133493 ], [ -54.619419, -22.133193 ] ] ] } },
{ "type": "Feature", "properties": { "id": 119487, "insc_imob": "07.01.35.18.370", "quadra_cartorio": "14", "lote_cartorio": "04", "matricula": "43670", "circunscricao": "1º CIRCUNSCRIÇÃO", "zoneamento": null, "condominio": null, "area_geom": 359.75, "cnm": "062661.2.0043670-19" }, "geometry": { "type": "Polygon", "coordinates": [ [ [ -54.619396, -22.132822 ], [ -54.619582, -22.132614 ], [ -54.619671, -22.132683 ], [ -54.619485, -22.132891 ], [ -54.619396, -22.132822 ] ] ] } },
{ "type": "Feature", "properties": { "id": 119580, "insc_imob": "07.01.35.26.079", "quadra_cartorio": "10", "lote_cartorio": "03", "matricula": "19077", "circunscricao": "1º CIRCUNSCRIÇÃO", "zoneamento": null, "condominio": null, "area_geom": 544.53, "cnm": "062661.2.0019077-78" }, "geometry": { "type": "Polygon", "coordinates": [ [ [ -54.619083, -22.134466 ], [ -54.619148, -22.134393 ], [ -54.619537, -22.134696 ], [ -54.619472, -22.134768 ], [ -54.619083, -22.134466 ] ] ] } },
{ "type": "Feature", "properties": { "id": 119581, "insc_imob": "07.01.35.26.168", "quadra_cartorio": "10", "lote_cartorio": "08", "matricula": "36312", "circunscricao": "1º CIRCUNSCRIÇÃO", "zoneamento": null, "condominio": null, "area_geom": 359.86, "cnm": "062661.2.0036312-74" }, "geometry": { "type": "Polygon", "coordinates": [ [ [ -54.6191, -22.134954 ], [ -54.619286, -22.134746 ], [ -54.619375, -22.134816 ], [ -54.619189, -22.135024 ], [ -54.6191, -22.134954 ] ] ] } },
{ "type": "Feature", "properties": { "id": 119582, "insc_imob": "07.01.35.26.180", "quadra_cartorio": "10", "lote_cartorio": "09", "matricula": "36311", "circunscricao": "1º CIRCUNSCRIÇÃO", "zoneamento": null, "condominio": null, "area_geom": 359.87, "cnm": "062661.2.0036311-77" }, "geometry": { "type": "Polygon", "coordinates": [ [ [ -54.619189, -22.135024 ], [ -54.619375, -22.134816 ], [ -54.619407, -22.13484 ], [ -54.619465, -22.134885 ], [ -54.619278, -22.135093 ], [ -54.619189, -22.135024 ] ] ] } },
{ "type": "Feature", "properties": { "id": 119585, "insc_imob": "07.01.35.26.254", "quadra_cartorio": "10", "lote_cartorio": "12", "matricula": "22298", "circunscricao": "1º CIRCUNSCRIÇÃO", "zoneamento": null, "condominio": null, "area_geom": 614.77, "cnm": "062661.2.0022298-18" }, "geometry": { "type": "Polygon", "coordinates": [ [ [ -54.619457, -22.135232 ], [ -54.619643, -22.135024 ], [ -54.619796, -22.135143 ], [ -54.619609, -22.135351 ], [ -54.619457, -22.135232 ] ] ] } },
{ "type": "Feature", "properties": { "id": 119586, "insc_imob": "07.01.35.26.286", "quadra_cartorio": "10", "lote_cartorio": "15", "matricula": "51058", "circunscricao": "1º CIRCUNSCRIÇÃO", "zoneamento": null, "condominio": null, "area_geom": 544.61, "cnm": "062661.2.0051058-68" }, "geometry": { "type": "Polygon", "coordinates": [ [ [ -54.619537, -22.134696 ], [ -54.619566, -22.134664 ], [ -54.619601, -22.134624 ], [ -54.61999, -22.134926 ], [ -54.619925, -22.134998 ], [ -54.619574, -22.134725 ], [ -54.619537, -22.134696 ] ] ] } },
{ "type": "Feature", "properties": { "id": 119587, "insc_imob": "07.01.35.26.322", "quadra_cartorio": "10", "lote_cartorio": "B", "matricula": "92567", "circunscricao": "1º CIRCUNSCRIÇÃO", "zoneamento": null, "condominio": null, "area_geom": 367.07, "cnm": "062661.2.0092567-89" }, "geometry": { "type": "Polygon", "coordinates": [ [ [ -54.619904, -22.1346 ], [ -54.61998, -22.134515 ], [ -54.620203, -22.134689 ], [ -54.620127, -22.134773 ], [ -54.619904, -22.1346 ] ] ] } },
{ "type": "Feature", "properties": { "id": 119599, "insc_imob": "07.01.35.26.376", "quadra_cartorio": "10", "lote_cartorio": "X", "matricula": "146114", "circunscricao": "1º CIRCUNSCRIÇÃO", "zoneamento": null, "condominio": null, "area_geom": 359.72, "cnm": "062661.2.0146114-80" }, "geometry": { "type": "Polygon", "coordinates": [ [ [ -54.620054, -22.134432 ], [ -54.620129, -22.134349 ], [ -54.620352, -22.134522 ], [ -54.620277, -22.134605 ], [ -54.620054, -22.134432 ] ] ] } },
{ "type": "Feature", "properties": { "id": 119600, "insc_imob": "07.01.35.26.388", "quadra_cartorio": "10", "lote_cartorio": "D", "matricula": "92569", "circunscricao": "1º CIRCUNSCRIÇÃO", "zoneamento": null, "condominio": null, "area_geom": 550.68, "cnm": "062661.2.0092569-83" }, "geometry": { "type": "Polygon", "coordinates": [ [ [ -54.619742, -22.134611 ], [ -54.62004, -22.134279 ], [ -54.620129, -22.134349 ], [ -54.620054, -22.134432 ], [ -54.61998, -22.134515 ], [ -54.619904, -22.1346 ], [ -54.619889, -22.134588 ], [ -54.619817, -22.134668 ], [ -54.619742, -22.134611 ] ] ] } },
{ "type": "Feature", "properties": { "id": 119605, "insc_imob": "07.01.35.27.078", "quadra_cartorio": "11", "lote_cartorio": "12", "matricula": "36484", "circunscricao": "1º CIRCUNSCRIÇÃO", "zoneamento": null, "condominio": null, "area_geom": 619.13, "cnm": "062661.2.0036484-43" }, "geometry": { "type": "Polygon", "coordinates": [ [ [ -54.618216, -22.133777 ], [ -54.61829, -22.133695 ], [ -54.618677, -22.133996 ], [ -54.618602, -22.134078 ], [ -54.618216, -22.133777 ] ] ] } },
{ "type": "Feature", "properties": { "id": 119606, "insc_imob": "07.01.35.27.090", "quadra_cartorio": "11", "lote_cartorio": "13", "matricula": "78807", "circunscricao": "1º CIRCUNSCRIÇÃO", "zoneamento": null, "condominio": null, "area_geom": 620.07, "cnm": "062661.2.0078807-47" }, "geometry": { "type": "Polygon", "coordinates": [ [ [ -54.618141, -22.13386 ], [ -54.618216, -22.133777 ], [ -54.618602, -22.134078 ], [ -54.618528, -22.134161 ], [ -54.618498, -22.134138 ], [ -54.618409, -22.134068 ], [ -54.61832, -22.133999 ], [ -54.618231, -22.13393 ], [ -54.618141, -22.13386 ] ] ] } },
{ "type": "Feature", "properties": { "id": 119607, "insc_imob": "07.01.35.27.132", "quadra_cartorio": "11", "lote_cartorio": "14", "matricula": "11392", "circunscricao": "1º CIRCUNSCRIÇÃO", "zoneamento": null, "condominio": null, "area_geom": 359.85, "cnm": "062661.2.0011392-47" }, "geometry": { "type": "Polygon", "coordinates": [ [ [ -54.617955, -22.134068 ], [ -54.618141, -22.13386 ], [ -54.618231, -22.13393 ], [ -54.618044, -22.134137 ], [ -54.617955, -22.134068 ] ] ] } },
{ "type": "Feature", "properties": { "id": 119611, "insc_imob": "07.01.35.27.254", "quadra_cartorio": "11", "lote_cartorio": "21", "matricula": "16807", "circunscricao": "1º CIRCUNSCRIÇÃO", "zoneamento": null, "condominio": null, "area_geom": 599.63, "cnm": "062661.2.0016807-98" }, "geometry": { "type": "Polygon", "coordinates": [ [ [ -54.61858, -22.134554 ], [ -54.618766, -22.134346 ], [ -54.618915, -22.134462 ], [ -54.618728, -22.13467 ], [ -54.61858, -22.134554 ] ] ] } },
{ "type": "Feature", "properties": { "id": 119614, "insc_imob": "07.01.35.27.364", "quadra_cartorio": "11", "lote_cartorio": "01", "matricula": "2801", "circunscricao": "1º CIRCUNSCRIÇÃO", "zoneamento": null, "condominio": null, "area_geom": 599.51, "cnm": "062661.2.0002801-18" }, "geometry": { "type": "Polygon", "coordinates": [ [ [ -54.619136, -22.133934 ], [ -54.619323, -22.133726 ], [ -54.619471, -22.133841 ], [ -54.619285, -22.134049 ], [ -54.619136, -22.133934 ] ] ] } },
{ "type": "Feature", "properties": { "id": 119635, "insc_imob": "07.01.35.46.053", "quadra_cartorio": "03", "lote_cartorio": "21", "matricula": "62635", "circunscricao": "1º CIRCUNSCRIÇÃO", "zoneamento": null, "condominio": null, "area_geom": 626.56, "cnm": "062661.2.0062635-63" }, "geometry": { "type": "Polygon", "coordinates": [ [ [ -54.617743, -22.135973 ], [ -54.617818, -22.13589 ], [ -54.618206, -22.136192 ], [ -54.6182, -22.136199 ], [ -54.618132, -22.136276 ], [ -54.617743, -22.135973 ] ] ] } },
{ "type": "Feature", "properties": { "id": 119644, "insc_imob": "07.01.35.34.348", "quadra_cartorio": "01", "lote_cartorio": "04", "matricula": "30327", "circunscricao": "1º CIRCUNSCRIÇÃO", "zoneamento": null, "condominio": null, "area_geom": 408.46, "cnm": "062661.2.0030327-84" }, "geometry": { "type": "Polygon", "coordinates": [ [ [ -54.620463, -22.136891 ], [ -54.620538, -22.136807 ], [ -54.620791, -22.137004 ], [ -54.620716, -22.137088 ], [ -54.620463, -22.136891 ] ] ] } },
{ "type": "Feature", "properties": { "id": 119656, "insc_imob": "07.01.35.35.033", "quadra_cartorio": "05", "lote_cartorio": "07A", "matricula": "137154", "circunscricao": "1º CIRCUNSCRIÇÃO", "zoneamento": null, "condominio": null, "area_geom": 301.15, "cnm": "062661.2.0137154-91" }, "geometry": { "type": "Polygon", "coordinates": [ [ [ -54.619756, -22.135611 ], [ -54.619665, -22.135713 ], [ -54.619513, -22.135594 ], [ -54.619604, -22.135493 ], [ -54.619756, -22.135611 ] ] ] } },
{ "type": "Feature", "properties": { "id": 119675, "insc_imob": "07.01.35.35.085", "quadra_cartorio": "05", "lote_cartorio": "P/11", "matricula": "6427", "circunscricao": "1º CIRCUNSCRIÇÃO", "zoneamento": null, "condominio": null, "area_geom": 178.37, "cnm": "062661.2.0006427-04" }, "geometry": { "type": "Polygon", "coordinates": [ [ [ -54.619076, -22.136081 ], [ -54.619181, -22.135964 ], [ -54.61926, -22.136024 ], [ -54.619154, -22.136142 ], [ -54.619076, -22.136081 ] ] ] } },
{ "type": "Feature", "properties": { "id": 119676, "insc_imob": "07.01.35.35.110", "quadra_cartorio": "05", "lote_cartorio": "P/11", "matricula": "6427", "circunscricao": "1º CIRCUNSCRIÇÃO", "zoneamento": null, "condominio": null, "area_geom": 157.39, "cnm": "062661.2.0006427-04" }, "geometry": { "type": "Polygon", "coordinates": [ [ [ -54.618983, -22.136185 ], [ -54.619076, -22.136081 ], [ -54.619154, -22.136142 ], [ -54.619061, -22.136246 ], [ -54.618983, -22.136185 ] ] ] } },
{ "type": "Feature", "properties": { "id": 119677, "insc_imob": "07.01.35.35.120", "quadra_cartorio": "05", "lote_cartorio": "R/11", "matricula": "6427", "circunscricao": "1º CIRCUNSCRIÇÃO", "zoneamento": null, "condominio": null, "area_geom": 319.74, "cnm": "062661.2.0006427-04" }, "geometry": { "type": "Polygon", "coordinates": [ [ [ -54.619061, -22.136246 ], [ -54.619154, -22.136142 ], [ -54.61926, -22.136024 ], [ -54.619334, -22.136082 ], [ -54.619135, -22.136304 ], [ -54.619061, -22.136246 ] ] ] } },
{ "type": "Feature", "properties": { "id": 119678, "insc_imob": "07.01.35.35.132", "quadra_cartorio": "05", "lote_cartorio": "12", "matricula": "47581", "circunscricao": "1º CIRCUNSCRIÇÃO", "zoneamento": null, "condominio": null, "area_geom": 383.69, "cnm": "062661.2.0047581-23" }, "geometry": { "type": "Polygon", "coordinates": [ [ [ -54.619135, -22.136304 ], [ -54.619334, -22.136082 ], [ -54.619423, -22.136152 ], [ -54.619224, -22.136373 ], [ -54.619135, -22.136304 ] ] ] } },
{ "type": "Feature", "properties": { "id": 119679, "insc_imob": "07.01.35.35.180", "quadra_cartorio": "05", "lote_cartorio": "16", "matricula": "45642", "circunscricao": "1º CIRCUNSCRIÇÃO", "zoneamento": null, "condominio": null, "area_geom": 383.72, "cnm": "062661.2.0045642-20" }, "geometry": { "type": "Polygon", "coordinates": [ [ [ -54.619492, -22.136582 ], [ -54.619691, -22.13636 ], [ -54.61978, -22.13643 ], [ -54.619581, -22.136651 ], [ -54.619492, -22.136582 ] ] ] } },
{ "type": "Feature", "properties": { "id": 119680, "insc_imob": "07.01.35.35.224", "quadra_cartorio": "05", "lote_cartorio": "17", "matricula": "45643", "circunscricao": "1º CIRCUNSCRIÇÃO", "zoneamento": null, "condominio": null, "area_geom": 383.7, "cnm": "062661.2.0045643-17" }, "geometry": { "type": "Polygon", "coordinates": [ [ [ -54.619581, -22.136651 ], [ -54.61978, -22.13643 ], [ -54.619869, -22.136499 ], [ -54.619671, -22.136721 ], [ -54.619581, -22.136651 ] ] ] } },
{ "type": "Feature", "properties": { "id": 119682, "insc_imob": "07.01.35.35.248", "quadra_cartorio": "05", "lote_cartorio": "19", "matricula": "46696", "circunscricao": "1º CIRCUNSCRIÇÃO", "zoneamento": null, "condominio": null, "area_geom": 554.57, "cnm": "062661.2.0046696-59" }, "geometry": { "type": "Polygon", "coordinates": [ [ [ -54.6196, -22.136148 ], [ -54.619675, -22.136065 ], [ -54.620018, -22.136333 ], [ -54.619944, -22.136416 ], [ -54.6196, -22.136148 ] ] ] } },
{ "type": "Feature", "properties": { "id": 119695, "insc_imob": "07.01.35.35.316", "quadra_cartorio": "05", "lote_cartorio": "02", "matricula": "61772", "circunscricao": "1º CIRCUNSCRIÇÃO", "zoneamento": null, "condominio": null, "area_geom": 383.69, "cnm": "062661.2.0061772-33" }, "geometry": { "type": "Polygon", "coordinates": [ [ [ -54.619915, -22.136111 ], [ -54.620113, -22.135889 ], [ -54.620203, -22.135959 ], [ -54.620004, -22.13618 ], [ -54.619915, -22.136111 ] ] ] } },
{ "type": "Feature", "properties": { "id": 119696, "insc_imob": "07.01.35.35.340", "quadra_cartorio": "05", "lote_cartorio": "04", "matricula": "53788", "circunscricao": "1º CIRCUNSCRIÇÃO", "zoneamento": null, "condominio": null, "area_geom": 383.73, "cnm": "062661.2.0053788-26" }, "geometry": { "type": "Polygon", "coordinates": [ [ [ -54.619736, -22.135972 ], [ -54.619935, -22.13575 ], [ -54.620024, -22.13582 ], [ -54.619825, -22.136041 ], [ -54.619749, -22.135982 ], [ -54.619736, -22.135972 ] ] ] } },
{ "type": "Feature", "properties": { "id": 119697, "insc_imob": "07.01.35.35.352", "quadra_cartorio": "05", "lote_cartorio": "05", "matricula": "17028", "circunscricao": "1º CIRCUNSCRIÇÃO", "zoneamento": null, "condominio": null, "area_geom": 383.72, "cnm": "062661.2.0017028-17" }, "geometry": { "type": "Polygon", "coordinates": [ [ [ -54.619647, -22.135902 ], [ -54.619846, -22.135681 ], [ -54.619935, -22.13575 ], [ -54.619736, -22.135972 ], [ -54.619647, -22.135902 ] ] ] } },
{ "type": "Feature", "properties": { "id": 119698, "insc_imob": "07.01.35.36.041", "quadra_cartorio": "06", "lote_cartorio": "08", "matricula": "76105", "circunscricao": "1º CIRCUNSCRIÇÃO", "zoneamento": null, "condominio": null, "area_geom": 491.89, "cnm": "062661.2.0076105-05" }, "geometry": { "type": "Polygon", "coordinates": [ [ [ -54.618487, -22.135106 ], [ -54.618614, -22.134964 ], [ -54.618793, -22.135102 ], [ -54.618665, -22.135245 ], [ -54.618487, -22.135106 ] ] ] } },
{ "type": "Feature", "properties": { "id": 119721, "insc_imob": "07.01.35.36.053", "quadra_cartorio": "06", "lote_cartorio": "09", "matricula": "9579", "circunscricao": "1º CIRCUNSCRIÇÃO", "zoneamento": null, "condominio": null, "area_geom": 626.61, "cnm": "062661.2.0009579-54" }, "geometry": { "type": "Polygon", "coordinates": [ [ [ -54.618412, -22.135189 ], [ -54.618487, -22.135106 ], [ -54.618665, -22.135245 ], [ -54.618755, -22.135314 ], [ -54.618844, -22.135383 ], [ -54.618875, -22.135408 ], [ -54.618832, -22.135457 ], [ -54.618801, -22.135491 ], [ -54.618764, -22.135462 ], [ -54.618688, -22.135403 ], [ -54.618412, -22.135189 ] ] ] } },
{ "type": "Feature", "properties": { "id": 119746, "insc_imob": "07.01.35.36.171", "quadra_cartorio": "06", "lote_cartorio": "14", "matricula": "47006", "circunscricao": "1º CIRCUNSCRIÇÃO", "zoneamento": null, "condominio": null, "area_geom": 1189.78, "cnm": "062661.2.0047006-02" }, "geometry": { "type": "Polygon", "coordinates": [ [ [ -54.618866, -22.135683 ], [ -54.618648, -22.135925 ], [ -54.618396, -22.135728 ], [ -54.618468, -22.135648 ], [ -54.618541, -22.135567 ], [ -54.618613, -22.135486 ], [ -54.618866, -22.135683 ] ] ] } },
{ "type": "Feature", "properties": { "id": 119747, "insc_imob": "07.01.35.36.218", "quadra_cartorio": "06", "lote_cartorio": "15", "matricula": "98026", "circunscricao": "1º CIRCUNSCRIÇÃO", "zoneamento": null, "condominio": null, "area_geom": 581.39, "cnm": "062661.2.0098026-08" }, "geometry": { "type": "Polygon", "coordinates": [ [ [ -54.618648, -22.135925 ], [ -54.618866, -22.135683 ], [ -54.618988, -22.135778 ], [ -54.618856, -22.135929 ], [ -54.618774, -22.136023 ], [ -54.618648, -22.135925 ] ] ] } },
{ "type": "Feature", "properties": { "id": 119749, "insc_imob": "07.01.35.36.252", "quadra_cartorio": "06", "lote_cartorio": "17", "matricula": "89852", "circunscricao": "1º CIRCUNSCRIÇÃO", "zoneamento": null, "condominio": null, "area_geom": 399.76, "cnm": "062661.2.0089852-86" }, "geometry": { "type": "Polygon", "coordinates": [ [ [ -54.618866, -22.135683 ], [ -54.618942, -22.135601 ], [ -54.619189, -22.135794 ], [ -54.619115, -22.135877 ], [ -54.618988, -22.135778 ], [ -54.618866, -22.135683 ] ] ] } },
{ "type": "Feature", "properties": { "id": 119750, "insc_imob": "07.01.35.36.264", "quadra_cartorio": "06", "lote_cartorio": "18", "matricula": "14889", "circunscricao": "1º CIRCUNSCRIÇÃO", "zoneamento": null, "condominio": null, "area_geom": 626.55, "cnm": "062661.2.0014889-32" }, "geometry": { "type": "Polygon", "coordinates": [ [ [ -54.618801, -22.135491 ], [ -54.618832, -22.135457 ], [ -54.618875, -22.135408 ], [ -54.618933, -22.135453 ], [ -54.619022, -22.135522 ], [ -54.619112, -22.135592 ], [ -54.619264, -22.135711 ], [ -54.619189, -22.135794 ], [ -54.618942, -22.135601 ], [ -54.618838, -22.13552 ], [ -54.618801, -22.135491 ] ] ] } },
{ "type": "Feature", "properties": { "id": 119751, "insc_imob": "07.01.35.36.361", "quadra_cartorio": "06", "lote_cartorio": "04", "matricula": "45353", "circunscricao": "1º CIRCUNSCRIÇÃO", "zoneamento": null, "condominio": null, "area_geom": 491.88, "cnm": "062661.2.0045353-14" }, "geometry": { "type": "Polygon", "coordinates": [ [ [ -54.618844, -22.135383 ], [ -54.619099, -22.135099 ], [ -54.619188, -22.135169 ], [ -54.618933, -22.135453 ], [ -54.618875, -22.135408 ], [ -54.618844, -22.135383 ] ] ] } },
{ "type": "Feature", "properties": { "id": 119768, "insc_imob": "07.01.35.37.014", "quadra_cartorio": "07", "lote_cartorio": "06", "matricula": "45405", "circunscricao": "1º CIRCUNSCRIÇÃO", "zoneamento": null, "condominio": null, "area_geom": 449.17, "cnm": "062661.2.0045405-52" }, "geometry": { "type": "Polygon", "coordinates": [ [ [ -54.61783, -22.134249 ], [ -54.61792, -22.134148 ], [ -54.618151, -22.134328 ], [ -54.618061, -22.134428 ], [ -54.61783, -22.134249 ] ] ] } },
{ "type": "Feature", "properties": { "id": 119769, "insc_imob": "07.01.35.37.038", "quadra_cartorio": "07", "lote_cartorio": "08", "matricula": "17324", "circunscricao": "1º CIRCUNSCRIÇÃO", "zoneamento": null, "condominio": null, "area_geom": 371.74, "cnm": "062661.2.0017324-02" }, "geometry": { "type": "Polygon", "coordinates": [ [ [ -54.617681, -22.134415 ], [ -54.617756, -22.134332 ], [ -54.617986, -22.134511 ], [ -54.617934, -22.13457 ], [ -54.617912, -22.134595 ], [ -54.617681, -22.134415 ] ] ] } },
{ "type": "Feature", "properties": { "id": 119770, "insc_imob": "07.01.35.37.065", "quadra_cartorio": "07", "lote_cartorio": "10", "matricula": "22250", "circunscricao": "1º CIRCUNSCRIÇÃO", "zoneamento": null, "condominio": null, "area_geom": 449.21, "cnm": "062661.2.0022250-65" }, "geometry": { "type": "Polygon", "coordinates": [ [ [ -54.617517, -22.134599 ], [ -54.617607, -22.134498 ], [ -54.617837, -22.134678 ], [ -54.617747, -22.134778 ], [ -54.617658, -22.134709 ], [ -54.617517, -22.134599 ] ] ] } },
{ "type": "Feature", "properties": { "id": 119771, "insc_imob": "07.01.35.37.131", "quadra_cartorio": "12", "lote_cartorio": "12", "matricula": "34103", "circunscricao": "1º CIRCUNSCRIÇÃO", "zoneamento": null, "condominio": null, "area_geom": 419.7, "cnm": "062661.2.0034103-08" }, "geometry": { "type": "Polygon", "coordinates": [ [ [ -54.61744, -22.134951 ], [ -54.617658, -22.134709 ], [ -54.617747, -22.134778 ], [ -54.61753, -22.135021 ], [ -54.61744, -22.134951 ] ] ] } },
{ "type": "Feature", "properties": { "id": 119772, "insc_imob": "07.01.35.37.143", "quadra_cartorio": "07", "lote_cartorio": "p/", "matricula": "46148", "circunscricao": "1º CIRCUNSCRIÇÃO", "zoneamento": null, "condominio": null, "area_geom": 419.71, "cnm": "062661.2.0046148-54" }, "geometry": { "type": "Polygon", "coordinates": [ [ [ -54.61753, -22.135021 ], [ -54.617747, -22.134778 ], [ -54.617836, -22.134848 ], [ -54.617619, -22.13509 ], [ -54.61753, -22.135021 ] ] ] } },
{ "type": "Feature", "properties": { "id": 119773, "insc_imob": "07.01.35.37.155", "quadra_cartorio": "07", "lote_cartorio": "14", "matricula": "62126", "circunscricao": "1º CIRCUNSCRIÇÃO", "zoneamento": null, "condominio": null, "area_geom": 419.69, "cnm": "062661.2.0062126-38" }, "geometry": { "type": "Polygon", "coordinates": [ [ [ -54.617619, -22.13509 ], [ -54.617836, -22.134848 ], [ -54.617926, -22.134917 ], [ -54.617708, -22.13516 ], [ -54.617619, -22.13509 ] ] ] } },
{ "type": "Feature", "properties": { "id": 119774, "insc_imob": "07.01.35.37.167", "quadra_cartorio": "07", "lote_cartorio": "15", "matricula": "66900", "circunscricao": "1º CIRCUNSCRIÇÃO", "zoneamento": null, "condominio": null, "area_geom": 419.69, "cnm": "062661.2.0066900-72" }, "geometry": { "type": "Polygon", "coordinates": [ [ [ -54.617708, -22.13516 ], [ -54.617926, -22.134917 ], [ -54.618015, -22.134987 ], [ -54.617797, -22.135229 ], [ -54.617708, -22.13516 ] ] ] } },
{ "type": "Feature", "properties": { "id": 119775, "insc_imob": "07.01.35.37.269", "quadra_cartorio": "07", "lote_cartorio": "X", "matricula": "8255", "circunscricao": "1º CIRCUNSCRIÇÃO", "zoneamento": null, "condominio": null, "area_geom": 3482.45, "cnm": "062661.2.0008255-49" }, "geometry": { "type": "Polygon", "coordinates": [ [ [ -54.617912, -22.134595 ], [ -54.617934, -22.13457 ], [ -54.618025, -22.134641 ], [ -54.618116, -22.134712 ], [ -54.618207, -22.134783 ], [ -54.618298, -22.134854 ], [ -54.618476, -22.134993 ], [ -54.618073, -22.135443 ], [ -54.617797, -22.135229 ], [ -54.618015, -22.134987 ], [ -54.617926, -22.134917 ], [ -54.617836, -22.134848 ], [ -54.617747, -22.134778 ], [ -54.617837, -22.134678 ], [ -54.617912, -22.134595 ] ] ] } },
{ "type": "Feature", "properties": { "id": 119776, "insc_imob": "07.01.35.37.286", "quadra_cartorio": "07", "lote_cartorio": "14", "matricula": "60019", "circunscricao": "1º CIRCUNSCRIÇÃO", "zoneamento": null, "condominio": null, "area_geom": 419.63, "cnm": "062661.2.0060019-54" }, "geometry": { "type": "Polygon", "coordinates": [ [ [ -54.618298, -22.134854 ], [ -54.618407, -22.134733 ], [ -54.618585, -22.134872 ], [ -54.618476, -22.134993 ], [ -54.618298, -22.134854 ] ] ] } },
{ "type": "Feature", "properties": { "id": 119777, "insc_imob": "07.01.35.37.327", "quadra_cartorio": "07", "lote_cartorio": "01", "matricula": "43596", "circunscricao": "1º CIRCUNSCRIÇÃO", "zoneamento": null, "condominio": null, "area_geom": 419.64, "cnm": "062661.2.0043596-47" }, "geometry": { "type": "Polygon", "coordinates": [ [ [ -54.618407, -22.134733 ], [ -54.618515, -22.134612 ], [ -54.618694, -22.13475 ], [ -54.618585, -22.134872 ], [ -54.618407, -22.134733 ] ] ] } },
{ "type": "Feature", "properties": { "id": 119778, "insc_imob": "07.01.35.37.340", "quadra_cartorio": "07", "lote_cartorio": "02", "matricula": "44708", "circunscricao": "1º CIRCUNSCRIÇÃO", "zoneamento": null, "condominio": null, "area_geom": 428.45, "cnm": "062661.2.0044708-09" }, "geometry": { "type": "Polygon", "coordinates": [ [ [ -54.618207, -22.134783 ], [ -54.618424, -22.134541 ], [ -54.618515, -22.134612 ], [ -54.618407, -22.134733 ], [ -54.618298, -22.134854 ], [ -54.618207, -22.134783 ] ] ] } },
{ "type": "Feature", "properties": { "id": 119789, "insc_imob": "07.01.35.37.364", "quadra_cartorio": "07", "lote_cartorio": "03", "matricula": "48262", "circunscricao": "1º CIRCUNSCRIÇÃO", "zoneamento": null, "condominio": null, "area_geom": 428.43, "cnm": "062661.2.0048262-17" }, "geometry": { "type": "Polygon", "coordinates": [ [ [ -54.618025, -22.134641 ], [ -54.618242, -22.134399 ], [ -54.618333, -22.13447 ], [ -54.618116, -22.134712 ], [ -54.618025, -22.134641 ] ] ] } },
{ "type": "Feature", "properties": { "id": 119861, "insc_imob": "07.01.35.44.167", "quadra_cartorio": "10 NCD", "lote_cartorio": "06", "matricula": "21227", "circunscricao": "1º CIRCUNSCRIÇÃO", "zoneamento": null, "condominio": null, "area_geom": 344.39, "cnm": "062661.2.0021227-30" }, "geometry": { "type": "Polygon", "coordinates": [ [ [ -54.619579, -22.13788 ], [ -54.619757, -22.137681 ], [ -54.619847, -22.13775 ], [ -54.619668, -22.137949 ], [ -54.619579, -22.13788 ] ] ] } },
{ "type": "Feature", "properties": { "id": 119835, "insc_imob": "07.01.35.44.066", "quadra_cartorio": "10 NCD", "lote_cartorio": "16A", "matricula": "103249", "circunscricao": "1º CIRCUNSCRIÇÃO", "zoneamento": null, "condominio": null, "area_geom": 612.1, "cnm": "062661.2.0103249-53" }, "geometry": { "type": "Polygon", "coordinates": [ [ [ -54.619381, -22.137247 ], [ -54.619456, -22.137164 ], [ -54.619835, -22.137459 ], [ -54.61976, -22.137542 ], [ -54.619743, -22.137528 ], [ -54.619653, -22.137459 ], [ -54.619564, -22.137389 ], [ -54.619475, -22.13732 ], [ -54.619381, -22.137247 ] ] ] } },
{ "type": "Feature", "properties": { "id": 119867, "insc_imob": "07.01.35.45.029", "quadra_cartorio": "04", "lote_cartorio": "17", "matricula": "44098", "circunscricao": "1º CIRCUNSCRIÇÃO", "zoneamento": null, "condominio": null, "area_geom": 286.79, "cnm": "062661.2.0044098-93" }, "geometry": { "type": "Polygon", "coordinates": [ [ [ -54.618846, -22.136378 ], [ -54.618933, -22.136281 ], [ -54.619085, -22.136399 ], [ -54.618999, -22.136496 ], [ -54.618846, -22.136378 ] ] ] } },
{ "type": "Feature", "properties": { "id": 119868, "insc_imob": "07.01.35.45.053", "quadra_cartorio": "04", "lote_cartorio": "19", "matricula": "45064", "circunscricao": "1º CIRCUNSCRIÇÃO", "zoneamento": null, "condominio": null, "area_geom": 554.63, "cnm": "062661.2.0045064-08" }, "geometry": { "type": "Polygon", "coordinates": [ [ [ -54.618604, -22.136648 ], [ -54.618678, -22.136565 ], [ -54.619022, -22.136832 ], [ -54.619016, -22.136839 ], [ -54.618954, -22.136909 ], [ -54.618948, -22.136916 ], [ -54.618604, -22.136648 ] ] ] } },
{ "type": "Feature", "properties": { "id": 119885, "insc_imob": "07.01.35.45.127", "quadra_cartorio": "04", "lote_cartorio": "02", "matricula": "11394", "circunscricao": "1º CIRCUNSCRIÇÃO", "zoneamento": null, "condominio": null, "area_geom": 355.18, "cnm": "062661.2.0011394-41" }, "geometry": { "type": "Polygon", "coordinates": [ [ [ -54.618498, -22.137055 ], [ -54.618682, -22.13685 ], [ -54.618771, -22.136919 ], [ -54.618587, -22.137124 ], [ -54.618498, -22.137055 ] ] ] } },
{ "type": "Feature", "properties": { "id": 119813, "insc_imob": "07.01.35.43.173", "quadra_cartorio": "10 NCD", "lote_cartorio": "P/16", "matricula": "59455", "circunscricao": "1º CIRCUNSCRIÇÃO", "zoneamento": null, "condominio": null, "area_geom": 428.81, "cnm": "062661.2.0059455-97" }, "geometry": { "type": "Polygon", "coordinates": [ [ [ -54.62043, -22.138574 ], [ -54.620672, -22.13831 ], [ -54.620697, -22.138462 ], [ -54.620525, -22.138651 ], [ -54.62043, -22.138574 ] ] ] } },
{ "type": "Feature", "properties": { "id": 119888, "insc_imob": "07.01.35.45.253", "quadra_cartorio": "04", "lote_cartorio": "10", "matricula": "5205", "circunscricao": "1º CIRCUNSCRIÇÃO", "zoneamento": null, "condominio": null, "area_geom": 554.61, "cnm": "062661.2.0005205-81" }, "geometry": { "type": "Polygon", "coordinates": [ [ [ -54.619022, -22.136832 ], [ -54.619097, -22.136749 ], [ -54.619173, -22.136809 ], [ -54.619262, -22.136878 ], [ -54.619351, -22.136948 ], [ -54.619441, -22.137017 ], [ -54.619366, -22.1371 ], [ -54.619022, -22.136832 ] ] ] } },
{ "type": "Feature", "properties": { "id": 119890, "insc_imob": "07.01.35.45.330", "quadra_cartorio": "04", "lote_cartorio": "14", "matricula": "2450", "circunscricao": "1º CIRCUNSCRIÇÃO", "zoneamento": null, "condominio": null, "area_geom": 347.73, "cnm": "062661.2.0002450-04" }, "geometry": { "type": "Polygon", "coordinates": [ [ [ -54.619084, -22.136739 ], [ -54.619264, -22.136538 ], [ -54.619353, -22.136608 ], [ -54.619173, -22.136809 ], [ -54.619097, -22.136749 ], [ -54.619084, -22.136739 ] ] ] } },
{ "type": "Feature", "properties": { "id": 119891, "insc_imob": "07.01.35.45.354", "quadra_cartorio": "04", "lote_cartorio": "16", "matricula": "53789", "circunscricao": "1º CIRCUNSCRIÇÃO", "zoneamento": null, "condominio": null, "area_geom": 287.78, "cnm": "062661.2.0053789-23" }, "geometry": { "type": "Polygon", "coordinates": [ [ [ -54.618999, -22.136496 ], [ -54.619085, -22.136399 ], [ -54.619175, -22.136469 ], [ -54.619026, -22.136635 ], [ -54.618936, -22.136566 ], [ -54.618999, -22.136496 ] ] ] } },
{ "type": "Feature", "properties": { "id": 119907, "insc_imob": "07.01.36.23.043", "quadra_cartorio": "12 NC", "lote_cartorio": "09", "matricula": "79433", "circunscricao": "1º CIRCUNSCRIÇÃO", "zoneamento": null, "condominio": null, "area_geom": 222.83, "cnm": "062661.2.0079433-12" }, "geometry": { "type": "Polygon", "coordinates": [ [ [ -54.616386, -22.13133 ], [ -54.616525, -22.131176 ], [ -54.616599, -22.131234 ], [ -54.61646, -22.131388 ], [ -54.616386, -22.13133 ] ] ] } },
{ "type": "Feature", "properties": { "id": 119908, "insc_imob": "07.01.36.23.103", "quadra_cartorio": "12 NC", "lote_cartorio": "03", "matricula": "79433", "circunscricao": "1º CIRCUNSCRIÇÃO", "zoneamento": null, "condominio": null, "area_geom": 222.84, "cnm": "062661.2.0079433-12" }, "geometry": { "type": "Polygon", "coordinates": [ [ [ -54.616832, -22.131678 ], [ -54.61697, -22.131524 ], [ -54.617045, -22.131582 ], [ -54.616906, -22.131736 ], [ -54.616832, -22.131678 ] ] ] } },
{ "type": "Feature", "properties": { "id": 119909, "insc_imob": "07.01.36.23.157", "quadra_cartorio": "12 NC", "lote_cartorio": "01", "matricula": "79433", "circunscricao": "1º CIRCUNSCRIÇÃO", "zoneamento": null, "condominio": null, "area_geom": 233.99, "cnm": "062661.2.0079433-12" }, "geometry": { "type": "Polygon", "coordinates": [ [ [ -54.61698, -22.131794 ], [ -54.617119, -22.13164 ], [ -54.617197, -22.131701 ], [ -54.617155, -22.131747 ], [ -54.617106, -22.131802 ], [ -54.617058, -22.131855 ], [ -54.61698, -22.131794 ] ] ] } },
{ "type": "Feature", "properties": { "id": 119910, "insc_imob": "07.01.36.31.030", "quadra_cartorio": "12", "lote_cartorio": "08", "matricula": "15337", "circunscricao": "1º CIRCUNSCRIÇÃO", "zoneamento": null, "condominio": null, "area_geom": 395.69, "cnm": "062661.2.0015337-46" }, "geometry": { "type": "Polygon", "coordinates": [ [ [ -54.61769, -22.132801 ], [ -54.617792, -22.132687 ], [ -54.617971, -22.132826 ], [ -54.617868, -22.13294 ], [ -54.61769, -22.132801 ] ] ] } },
{ "type": "Feature", "properties": { "id": 119911, "insc_imob": "07.01.36.31.066", "quadra_cartorio": "12", "lote_cartorio": "11", "matricula": "149943", "circunscricao": "1º CIRCUNSCRIÇÃO", "zoneamento": null, "condominio": null, "area_geom": 589.17, "cnm": "062661.2.0149943-39" }, "geometry": { "type": "Polygon", "coordinates": [ [ [ -54.617468, -22.133048 ], [ -54.617542, -22.132966 ], [ -54.61791, -22.133252 ], [ -54.617903, -22.13326 ], [ -54.617842, -22.133328 ], [ -54.617836, -22.133335 ], [ -54.617468, -22.133048 ] ] ] } },
{ "type": "Feature", "properties": { "id": 119913, "insc_imob": "07.01.36.31.132", "quadra_cartorio": "12", "lote_cartorio": "14", "matricula": "4309", "circunscricao": "1º CIRCUNSCRIÇÃO", "zoneamento": null, "condominio": null, "area_geom": 359.74, "cnm": "062661.2.0004309-53" }, "geometry": { "type": "Polygon", "coordinates": [ [ [ -54.617133, -22.133422 ], [ -54.617319, -22.133214 ], [ -54.617409, -22.133283 ], [ -54.617222, -22.133491 ], [ -54.617133, -22.133422 ] ] ] } },
{ "type": "Feature", "properties": { "id": 119914, "insc_imob": "07.01.36.31.144", "quadra_cartorio": "12", "lote_cartorio": "15", "matricula": "4310", "circunscricao": "1º CIRCUNSCRIÇÃO", "zoneamento": null, "condominio": null, "area_geom": 359.75, "cnm": "062661.2.0004310-50" }, "geometry": { "type": "Polygon", "coordinates": [ [ [ -54.617222, -22.133491 ], [ -54.617409, -22.133283 ], [ -54.617498, -22.133353 ], [ -54.617312, -22.13356 ], [ -54.617222, -22.133491 ] ] ] } },
{ "type": "Feature", "properties": { "id": 119919, "insc_imob": "07.01.36.31.249", "quadra_cartorio": "12", "lote_cartorio": "21", "matricula": "6825", "circunscricao": "1º CIRCUNSCRIÇÃO", "zoneamento": null, "condominio": null, "area_geom": 449.8, "cnm": "062661.2.0006825-71" }, "geometry": { "type": "Polygon", "coordinates": [ [ [ -54.617758, -22.133908 ], [ -54.617944, -22.1337 ], [ -54.618056, -22.133787 ], [ -54.617869, -22.133995 ], [ -54.617758, -22.133908 ] ] ] } },
{ "type": "Feature", "properties": { "id": 119931, "insc_imob": "07.01.36.31.354", "quadra_cartorio": "12", "lote_cartorio": "01", "matricula": "14336", "circunscricao": "1º CIRCUNSCRIÇÃO", "zoneamento": null, "condominio": null, "area_geom": 449.66, "cnm": "062661.2.0014336-42" }, "geometry": { "type": "Polygon", "coordinates": [ [ [ -54.618314, -22.133287 ], [ -54.618501, -22.133079 ], [ -54.618612, -22.133166 ], [ -54.618426, -22.133374 ], [ -54.618314, -22.133287 ] ] ] } },
{ "type": "Feature", "properties": { "id": 119993, "insc_imob": "07.01.24.01.750", "quadra_cartorio": "01", "lote_cartorio": "16", "matricula": "136973", "circunscricao": "1º CIRCUNSCRIÇÃO", "zoneamento": null, "condominio": null, "area_geom": 2498.28, "cnm": "062661.2.0136973-52" }, "geometry": { "type": "Polygon", "coordinates": [ [ [ -54.637202, -22.13927 ], [ -54.637824, -22.138577 ], [ -54.63801, -22.138722 ], [ -54.637388, -22.139415 ], [ -54.637202, -22.13927 ] ] ] } },
{ "type": "Feature", "properties": { "id": 119994, "insc_imob": "07.01.24.14.840", "quadra_cartorio": "09", "lote_cartorio": "04", "matricula": "133495", "circunscricao": "1º CIRCUNSCRIÇÃO", "zoneamento": null, "condominio": null, "area_geom": 1948.6, "cnm": "062661.2.0133495-10" }, "geometry": { "type": "Polygon", "coordinates": [ [ [ -54.633059, -22.137128 ], [ -54.633444, -22.136699 ], [ -54.633678, -22.136881 ], [ -54.633293, -22.13731 ], [ -54.633059, -22.137128 ] ] ] } },
{ "type": "Feature", "properties": { "id": 120003, "insc_imob": "07.01.36.31.414", "quadra_cartorio": "12", "lote_cartorio": "06", "matricula": "54718", "circunscricao": "1º CIRCUNSCRIÇÃO", "zoneamento": null, "condominio": null, "area_geom": 359.72, "cnm": "062661.2.0054718-49" }, "geometry": { "type": "Polygon", "coordinates": [ [ [ -54.617971, -22.132826 ], [ -54.618054, -22.132732 ], [ -54.618144, -22.132801 ], [ -54.617957, -22.133009 ], [ -54.617868, -22.13294 ], [ -54.617971, -22.132826 ] ] ] } },
{ "type": "Feature", "properties": { "id": 120004, "insc_imob": "07.01.36.31.426", "quadra_cartorio": "12", "lote_cartorio": "07", "matricula": "68097", "circunscricao": "1º CIRCUNSCRIÇÃO", "zoneamento": null, "condominio": null, "area_geom": 323.77, "cnm": "062661.2.0068097-70" }, "geometry": { "type": "Polygon", "coordinates": [ [ [ -54.617792, -22.132687 ], [ -54.617876, -22.132593 ], [ -54.618054, -22.132732 ], [ -54.617971, -22.132826 ], [ -54.617792, -22.132687 ] ] ] } },
{ "type": "Feature", "properties": { "id": 120029, "insc_imob": "07.01.36.32.041", "quadra_cartorio": "01", "lote_cartorio": "20", "matricula": "54346", "circunscricao": "1º CIRCUNSCRIÇÃO", "zoneamento": null, "condominio": null, "area_geom": 522.16, "cnm": "062661.2.0054346-98" }, "geometry": { "type": "Polygon", "coordinates": [ [ [ -54.616839, -22.132242 ], [ -54.616907, -22.132166 ], [ -54.616996, -22.132235 ], [ -54.617086, -22.132305 ], [ -54.617175, -22.132374 ], [ -54.61726, -22.132441 ], [ -54.617192, -22.132517 ], [ -54.616839, -22.132242 ] ] ] } },
{ "type": "Feature", "properties": { "id": 120055, "insc_imob": "07.01.36.32.063", "quadra_cartorio": "01", "lote_cartorio": "22", "matricula": "54545", "circunscricao": "1º CIRCUNSCRIÇÃO", "zoneamento": null, "condominio": null, "area_geom": 522.13, "cnm": "062661.2.0054545-83" }, "geometry": { "type": "Polygon", "coordinates": [ [ [ -54.616702, -22.132394 ], [ -54.616771, -22.132318 ], [ -54.617124, -22.132593 ], [ -54.61712, -22.132597 ], [ -54.617055, -22.132669 ], [ -54.616702, -22.132394 ] ] ] } },
{ "type": "Feature", "properties": { "id": 120083, "insc_imob": "07.01.36.32.250", "quadra_cartorio": "01", "lote_cartorio": "07", "matricula": "22155", "circunscricao": "1º CIRCUNSCRIÇÃO", "zoneamento": null, "condominio": null, "area_geom": 393.45, "cnm": "062661.2.0022155-59" }, "geometry": { "type": "Polygon", "coordinates": [ [ [ -54.616971, -22.133274 ], [ -54.617188, -22.133032 ], [ -54.617272, -22.133097 ], [ -54.617055, -22.133339 ], [ -54.616971, -22.133274 ] ] ] } },
{ "type": "Feature", "properties": { "id": 120084, "insc_imob": "07.01.36.32.272", "quadra_cartorio": "01", "lote_cartorio": "09", "matricula": "2564", "circunscricao": "1º CIRCUNSCRIÇÃO", "zoneamento": null, "condominio": null, "area_geom": 522.09, "cnm": "062661.2.0002564-50" }, "geometry": { "type": "Polygon", "coordinates": [ [ [ -54.616987, -22.132746 ], [ -54.617055, -22.132669 ], [ -54.617409, -22.132944 ], [ -54.61734, -22.13302 ], [ -54.616987, -22.132746 ] ] ] } },
{ "type": "Feature", "properties": { "id": 120086, "insc_imob": "07.01.36.32.392", "quadra_cartorio": "01", "lote_cartorio": "05", "matricula": "22153", "circunscricao": "1º CIRCUNSCRIÇÃO", "zoneamento": null, "condominio": null, "area_geom": 354.71, "cnm": "062661.2.0022153-65" }, "geometry": { "type": "Polygon", "coordinates": [ [ [ -54.617175, -22.132374 ], [ -54.617359, -22.132169 ], [ -54.617448, -22.132239 ], [ -54.617264, -22.132444 ], [ -54.61726, -22.132441 ], [ -54.617175, -22.132374 ] ] ] } },
{ "type": "Feature", "properties": { "id": 120137, "insc_imob": "07.01.36.33.116", "quadra_cartorio": "02", "lote_cartorio": "04", "matricula": "79433", "circunscricao": "1º CIRCUNSCRIÇÃO", "zoneamento": null, "condominio": null, "area_geom": 222.85, "cnm": "062661.2.0079433-12" }, "geometry": { "type": "Polygon", "coordinates": [ [ [ -54.61639, -22.132005 ], [ -54.616529, -22.13185 ], [ -54.616603, -22.131908 ], [ -54.616464, -22.132063 ], [ -54.61639, -22.132005 ] ] ] } },
{ "type": "Feature", "properties": { "id": 120138, "insc_imob": "07.01.36.33.126", "quadra_cartorio": "02", "lote_cartorio": "03", "matricula": "79433", "circunscricao": "1º CIRCUNSCRIÇÃO", "zoneamento": null, "condominio": null, "area_geom": 222.84, "cnm": "062661.2.0079433-12" }, "geometry": { "type": "Polygon", "coordinates": [ [ [ -54.616464, -22.132063 ], [ -54.616603, -22.131908 ], [ -54.616677, -22.131966 ], [ -54.616538, -22.132121 ], [ -54.616464, -22.132063 ] ] ] } },
{ "type": "Feature", "properties": { "id": 120165, "insc_imob": "07.01.36.33.222", "quadra_cartorio": "02", "lote_cartorio": "18", "matricula": "79433", "circunscricao": "1º CIRCUNSCRIÇÃO", "zoneamento": null, "condominio": null, "area_geom": 222.84, "cnm": "062661.2.0079433-12" }, "geometry": { "type": "Polygon", "coordinates": [ [ [ -54.616603, -22.131908 ], [ -54.616742, -22.131754 ], [ -54.616816, -22.131812 ], [ -54.616677, -22.131966 ], [ -54.616603, -22.131908 ] ] ] } },
{ "type": "Feature", "properties": { "id": 120194, "insc_imob": "07.01.36.33.242", "quadra_cartorio": "02", "lote_cartorio": "16", "matricula": "79433", "circunscricao": "1º CIRCUNSCRIÇÃO", "zoneamento": null, "condominio": null, "area_geom": 222.83, "cnm": "062661.2.0079433-12" }, "geometry": { "type": "Polygon", "coordinates": [ [ [ -54.616454, -22.131792 ], [ -54.616593, -22.131638 ], [ -54.616667, -22.131696 ], [ -54.616529, -22.13185 ], [ -54.616454, -22.131792 ] ] ] } },
{ "type": "Feature", "properties": { "id": 120195, "insc_imob": "07.01.36.33.252", "quadra_cartorio": "02", "lote_cartorio": "15", "matricula": "79433", "circunscricao": "1º CIRCUNSCRIÇÃO", "zoneamento": null, "condominio": null, "area_geom": 222.84, "cnm": "062661.2.0079433-12" }, "geometry": { "type": "Polygon", "coordinates": [ [ [ -54.61638, -22.131734 ], [ -54.616519, -22.13158 ], [ -54.616593, -22.131638 ], [ -54.616454, -22.131792 ], [ -54.616432, -22.131775 ], [ -54.61638, -22.131734 ] ] ] } },
{ "type": "Feature", "properties": { "id": 120196, "insc_imob": "07.01.36.33.262", "quadra_cartorio": "02", "lote_cartorio": "14", "matricula": "46474", "circunscricao": "1º CIRCUNSCRIÇÃO", "zoneamento": null, "condominio": null, "area_geom": 222.84, "cnm": "062661.2.0046474-46" }, "geometry": { "type": "Polygon", "coordinates": [ [ [ -54.616306, -22.131676 ], [ -54.616445, -22.131522 ], [ -54.616519, -22.13158 ], [ -54.61638, -22.131734 ], [ -54.616306, -22.131676 ] ] ] } },
{ "type": "Feature", "properties": { "id": 120222, "insc_imob": "07.01.36.33.272", "quadra_cartorio": "02", "lote_cartorio": "13", "matricula": "79433", "circunscricao": "1º CIRCUNSCRIÇÃO", "zoneamento": null, "condominio": null, "area_geom": 222.84, "cnm": "062661.2.0079433-12" }, "geometry": { "type": "Polygon", "coordinates": [ [ [ -54.616232, -22.131618 ], [ -54.616371, -22.131464 ], [ -54.616445, -22.131522 ], [ -54.616306, -22.131676 ], [ -54.616232, -22.131618 ] ] ] } },
{ "type": "Feature", "properties": { "id": 120223, "insc_imob": "07.01.36.34.075", "quadra_cartorio": "02", "lote_cartorio": "01", "matricula": "154056", "circunscricao": "1º CIRCUNSCRIÇÃO", "zoneamento": null, "condominio": null, "area_geom": 612.05, "cnm": "062661.2.0154056-19" }, "geometry": { "type": "Polygon", "coordinates": [ [ [ -54.615509, -22.132142 ], [ -54.615727, -22.1319 ], [ -54.615805, -22.131961 ], [ -54.615852, -22.131998 ], [ -54.615857, -22.132002 ], [ -54.615639, -22.132244 ], [ -54.615509, -22.132142 ] ] ] } },
{ "type": "Feature", "properties": { "id": 120224, "insc_imob": "07.01.36.34.099", "quadra_cartorio": "01", "lote_cartorio": "03", "matricula": "160409", "circunscricao": "1º CIRCUNSCRIÇÃO", "zoneamento": null, "condominio": null, "area_geom": 412.7, "cnm": "062661.2.0160409-69" }, "geometry": { "type": "Polygon", "coordinates": [ [ [ -54.615726, -22.132312 ], [ -54.615943, -22.13207 ], [ -54.615953, -22.132077 ], [ -54.616027, -22.132135 ], [ -54.616031, -22.132138 ], [ -54.615813, -22.13238 ], [ -54.615726, -22.132312 ] ] ] } },
{ "type": "Feature", "properties": { "id": 120248, "insc_imob": "07.01.36.34.297", "quadra_cartorio": "01", "lote_cartorio": "07", "matricula": "79433", "circunscricao": "1º CIRCUNSCRIÇÃO", "zoneamento": null, "condominio": null, "area_geom": 222.84, "cnm": "062661.2.0079433-12" }, "geometry": { "type": "Polygon", "coordinates": [ [ [ -54.615953, -22.132077 ], [ -54.616092, -22.131923 ], [ -54.616166, -22.131981 ], [ -54.616027, -22.132135 ], [ -54.615953, -22.132077 ] ] ] } },
{ "type": "Feature", "properties": { "id": 120249, "insc_imob": "07.01.36.34.317", "quadra_cartorio": "01", "lote_cartorio": "09", "matricula": "79433", "circunscricao": "1º CIRCUNSCRIÇÃO", "zoneamento": null, "condominio": null, "area_geom": 222.84, "cnm": "062661.2.0079433-12" }, "geometry": { "type": "Polygon", "coordinates": [ [ [ -54.615805, -22.131961 ], [ -54.615944, -22.131807 ], [ -54.616018, -22.131865 ], [ -54.615879, -22.132019 ], [ -54.615857, -22.132002 ], [ -54.615852, -22.131998 ], [ -54.615805, -22.131961 ] ] ] } },
{ "type": "Feature", "properties": { "id": 120250, "insc_imob": "07.01.36.35.020", "quadra_cartorio": "12", "lote_cartorio": "09", "matricula": "132682", "circunscricao": "1º CIRCUNSCRIÇÃO", "zoneamento": null, "condominio": null, "area_geom": 240.83, "cnm": "062661.2.0132682-24" }, "geometry": { "type": "Polygon", "coordinates": [ [ [ -54.615568, -22.131248 ], [ -54.61563, -22.131179 ], [ -54.615809, -22.131318 ], [ -54.615747, -22.131388 ], [ -54.615568, -22.131248 ] ] ] } },
{ "type": "Feature", "properties": { "id": 120251, "insc_imob": "07.01.36.35.030", "quadra_cartorio": "12 ", "lote_cartorio": "08", "matricula": "132681", "circunscricao": "1º CIRCUNSCRIÇÃO", "zoneamento": null, "condominio": null, "area_geom": 240.82, "cnm": "062661.2.0132681-27" }, "geometry": { "type": "Polygon", "coordinates": [ [ [ -54.615505, -22.131317 ], [ -54.615568, -22.131248 ], [ -54.615747, -22.131388 ], [ -54.615685, -22.131457 ], [ -54.615505, -22.131317 ] ] ] } },
{ "type": "Feature", "properties": { "id": 120252, "insc_imob": "07.01.36.35.040", "quadra_cartorio": "12 ", "lote_cartorio": "07", "matricula": "132680", "circunscricao": "1º CIRCUNSCRIÇÃO", "zoneamento": null, "condominio": null, "area_geom": 240.81, "cnm": "062661.2.0132680-30" }, "geometry": { "type": "Polygon", "coordinates": [ [ [ -54.615443, -22.131387 ], [ -54.615505, -22.131317 ], [ -54.615685, -22.131457 ], [ -54.615623, -22.131526 ], [ -54.615443, -22.131387 ] ] ] } },
{ "type": "Feature", "properties": { "id": 120253, "insc_imob": "07.01.36.35.070", "quadra_cartorio": "12 ", "lote_cartorio": "04", "matricula": "132677", "circunscricao": "1º CIRCUNSCRIÇÃO", "zoneamento": null, "condominio": null, "area_geom": 240.83, "cnm": "062661.2.0132677-39" }, "geometry": { "type": "Polygon", "coordinates": [ [ [ -54.615257, -22.131594 ], [ -54.615319, -22.131525 ], [ -54.615498, -22.131665 ], [ -54.615436, -22.131734 ], [ -54.615257, -22.131594 ] ] ] } },
{ "type": "Feature", "properties": { "id": 120274, "insc_imob": "07.01.36.35.124", "quadra_cartorio": "12 ", "lote_cartorio": "01", "matricula": "132674", "circunscricao": "1º CIRCUNSCRIÇÃO", "zoneamento": null, "condominio": null, "area_geom": 240.83, "cnm": "062661.2.0132674-48" }, "geometry": { "type": "Polygon", "coordinates": [ [ [ -54.615071, -22.131802 ], [ -54.615133, -22.131733 ], [ -54.615312, -22.131872 ], [ -54.61525, -22.131942 ], [ -54.615071, -22.131802 ] ] ] } },
{ "type": "Feature", "properties": { "id": 120276, "insc_imob": "07.01.36.35.190", "quadra_cartorio": "12", "lote_cartorio": "14", "matricula": "132687", "circunscricao": "1º CIRCUNSCRIÇÃO", "zoneamento": null, "condominio": null, "area_geom": 258.81, "cnm": "062661.2.0132687-09" }, "geometry": { "type": "Polygon", "coordinates": [ [ [ -54.615436, -22.131734 ], [ -54.615498, -22.131665 ], [ -54.615691, -22.131814 ], [ -54.615629, -22.131884 ], [ -54.615436, -22.131734 ] ] ] } },
{ "type": "Feature", "properties": { "id": 120277, "insc_imob": "07.01.36.35.210", "quadra_cartorio": "12", "lote_cartorio": "16", "matricula": "132686", "circunscricao": "1º CIRCUNSCRIÇÃO", "zoneamento": null, "condominio": null, "area_geom": 258.8, "cnm": "062661.2.0132686-12" }, "geometry": { "type": "Polygon", "coordinates": [ [ [ -54.61556, -22.131595 ], [ -54.615623, -22.131526 ], [ -54.615815, -22.131676 ], [ -54.615753, -22.131745 ], [ -54.61556, -22.131595 ] ] ] } },
{ "type": "Feature", "properties": { "id": 120278, "insc_imob": "07.01.36.35.240", "quadra_cartorio": "12", "lote_cartorio": "19", "matricula": "132692", "circunscricao": "1º CIRCUNSCRIÇÃO", "zoneamento": null, "condominio": null, "area_geom": 258.78, "cnm": "062661.2.0132692-91" }, "geometry": { "type": "Polygon", "coordinates": [ [ [ -54.615747, -22.131388 ], [ -54.615809, -22.131318 ], [ -54.616002, -22.131468 ], [ -54.615939, -22.131537 ], [ -54.615747, -22.131388 ] ] ] } },
{ "type": "Feature", "properties": { "id": 120279, "insc_imob": "07.01.36.35.276", "quadra_cartorio": "12 ", "lote_cartorio": "20", "matricula": "132693", "circunscricao": "1º CIRCUNSCRIÇÃO", "zoneamento": null, "condominio": null, "area_geom": 258.77, "cnm": "062661.2.0132693-88" }, "geometry": { "type": "Polygon", "coordinates": [ [ [ -54.615809, -22.131318 ], [ -54.615871, -22.131249 ], [ -54.616064, -22.131399 ], [ -54.616002, -22.131468 ], [ -54.615809, -22.131318 ] ] ] } },
{ "type": "Feature", "properties": { "id": 120300, "insc_imob": "07.01.36.36.165", "quadra_cartorio": "12 ", "lote_cartorio": "P/06", "matricula": "94093", "circunscricao": "1º CIRCUNSCRIÇÃO", "zoneamento": null, "condominio": null, "area_geom": 249.83, "cnm": "062661.2.0094093-70" }, "geometry": { "type": "Polygon", "coordinates": [ [ [ -54.61491, -22.131441 ], [ -54.614972, -22.131372 ], [ -54.615158, -22.131517 ], [ -54.615096, -22.131586 ], [ -54.61491, -22.131441 ] ] ] } },
{ "type": "Feature", "properties": { "id": 120301, "insc_imob": "07.01.36.36.175", "quadra_cartorio": "12 ", "lote_cartorio": "P/06", "matricula": "94094", "circunscricao": "1º CIRCUNSCRIÇÃO", "zoneamento": null, "condominio": null, "area_geom": 249.78, "cnm": "062661.2.0094094-67" }, "geometry": { "type": "Polygon", "coordinates": [ [ [ -54.614972, -22.131372 ], [ -54.615034, -22.131303 ], [ -54.61522, -22.131447 ], [ -54.615158, -22.131517 ], [ -54.614972, -22.131372 ] ] ] } },
{ "type": "Feature", "properties": { "id": 120302, "insc_imob": "07.01.36.36.185", "quadra_cartorio": "12 ", "lote_cartorio": "P/06", "matricula": "94095", "circunscricao": "1º CIRCUNSCRIÇÃO", "zoneamento": null, "condominio": null, "area_geom": 249.82, "cnm": "062661.2.0094095-64" }, "geometry": { "type": "Polygon", "coordinates": [ [ [ -54.615034, -22.131303 ], [ -54.615097, -22.131233 ], [ -54.615282, -22.131378 ], [ -54.61522, -22.131447 ], [ -54.615034, -22.131303 ] ] ] } },
{ "type": "Feature", "properties": { "id": 120303, "insc_imob": "07.01.36.36.205", "quadra_cartorio": "12 ", "lote_cartorio": "P/06", "matricula": "94097", "circunscricao": "1º CIRCUNSCRIÇÃO", "zoneamento": null, "condominio": null, "area_geom": 249.82, "cnm": "062661.2.0094097-58" }, "geometry": { "type": "Polygon", "coordinates": [ [ [ -54.615159, -22.131164 ], [ -54.615221, -22.131095 ], [ -54.615407, -22.131239 ], [ -54.615345, -22.131309 ], [ -54.615159, -22.131164 ] ] ] } },
{ "type": "Feature", "properties": { "id": 120304, "insc_imob": "07.01.36.36.262", "quadra_cartorio": "12 ", "lote_cartorio": "P/06", "matricula": "94100", "circunscricao": "1º CIRCUNSCRIÇÃO", "zoneamento": null, "condominio": null, "area_geom": 249.81, "cnm": "062661.2.0094100-49" }, "geometry": { "type": "Polygon", "coordinates": [ [ [ -54.615345, -22.130956 ], [ -54.615407, -22.130887 ], [ -54.615593, -22.131032 ], [ -54.615531, -22.131101 ], [ -54.615345, -22.130956 ] ] ] } },
{ "type": "Feature", "properties": { "id": 120305, "insc_imob": "07.01.36.37.490", "quadra_cartorio": "12 NCD", "lote_cartorio": "P/05", "matricula": "46130", "circunscricao": "1º CIRCUNSCRIÇÃO", "zoneamento": null, "condominio": null, "area_geom": 16788.52, "cnm": "062661.2.0046130-11" }, "geometry": { "type": "Polygon", "coordinates": [ [ [ -54.613741, -22.130762 ], [ -54.614611, -22.129792 ], [ -54.615503, -22.130487 ], [ -54.614634, -22.131457 ], [ -54.613741, -22.130762 ] ] ] } },
{ "type": "Feature", "properties": { "id": 120307, "insc_imob": "07.01.36.38.056", "quadra_cartorio": "08", "lote_cartorio": "09", "matricula": "3465", "circunscricao": "1º CIRCUNSCRIÇÃO", "zoneamento": null, "condominio": null, "area_geom": 593.75, "cnm": "062661.2.0003465-63" }, "geometry": { "type": "Polygon", "coordinates": [ [ [ -54.61678, -22.133804 ], [ -54.616854, -22.133721 ], [ -54.616944, -22.13379 ], [ -54.617022, -22.133852 ], [ -54.617104, -22.133915 ], [ -54.617193, -22.133984 ], [ -54.617222, -22.134007 ], [ -54.617216, -22.134014 ], [ -54.617148, -22.134091 ], [ -54.61678, -22.133804 ] ] ] } },
{ "type": "Feature", "properties": { "id": 120346, "insc_imob": "07.01.35.25.090", "quadra_cartorio": "09", "lote_cartorio": "12", "matricula": "27385", "circunscricao": "1º CIRCUNSCRIÇÃO", "zoneamento": null, "condominio": null, "area_geom": 551.85, "cnm": "062661.2.0027385-83" }, "geometry": { "type": "Polygon", "coordinates": [ [ [ -54.619858, -22.135196 ], [ -54.619932, -22.135113 ], [ -54.620276, -22.135381 ], [ -54.620201, -22.135464 ], [ -54.620188, -22.135453 ], [ -54.620099, -22.135384 ], [ -54.62001, -22.135315 ], [ -54.619858, -22.135196 ] ] ] } },
{ "type": "Feature", "properties": { "id": 120367, "insc_imob": "07.01.36.38.068", "quadra_cartorio": "08", "lote_cartorio": "10", "matricula": "15012", "circunscricao": "1º CIRCUNSCRIÇÃO", "zoneamento": null, "condominio": null, "area_geom": 593.82, "cnm": "062661.2.0015012-51" }, "geometry": { "type": "Polygon", "coordinates": [ [ [ -54.616705, -22.133887 ], [ -54.61678, -22.133804 ], [ -54.617148, -22.134091 ], [ -54.617142, -22.134097 ], [ -54.617073, -22.134174 ], [ -54.617062, -22.134165 ], [ -54.616973, -22.134095 ], [ -54.616928, -22.134061 ], [ -54.616883, -22.134026 ], [ -54.616794, -22.133956 ], [ -54.616705, -22.133887 ] ] ] } },
{ "type": "Feature", "properties": { "id": 120368, "insc_imob": "07.01.36.38.092", "quadra_cartorio": "08", "lote_cartorio": "02", "matricula": "25706", "circunscricao": "1º CIRCUNSCRIÇÃO", "zoneamento": null, "condominio": null, "area_geom": 383.52, "cnm": "062661.2.0025706-76" }, "geometry": { "type": "Polygon", "coordinates": [ [ [ -54.61739, -22.134138 ], [ -54.617588, -22.133916 ], [ -54.617678, -22.133986 ], [ -54.617479, -22.134207 ], [ -54.61739, -22.134138 ] ] ] } },
{ "type": "Feature", "properties": { "id": 120369, "insc_imob": "07.01.36.38.112", "quadra_cartorio": "08", "lote_cartorio": "12", "matricula": "77109", "circunscricao": "1º CIRCUNSCRIÇÃO", "zoneamento": null, "condominio": null, "area_geom": 381.7, "cnm": "062661.2.0077109-97" }, "geometry": { "type": "Polygon", "coordinates": [ [ [ -54.616431, -22.134192 ], [ -54.616631, -22.133971 ], [ -54.616719, -22.13404 ], [ -54.61652, -22.134262 ], [ -54.616431, -22.134192 ] ] ] } },
{ "type": "Feature", "properties": { "id": 120371, "insc_imob": "07.01.36.38.136", "quadra_cartorio": "08", "lote_cartorio": "14", "matricula": "34243", "circunscricao": "1º CIRCUNSCRIÇÃO", "zoneamento": null, "condominio": null, "area_geom": 360.23, "cnm": "062661.2.0034243-73" }, "geometry": { "type": "Polygon", "coordinates": [ [ [ -54.616616, -22.134335 ], [ -54.616814, -22.134114 ], [ -54.616898, -22.134179 ], [ -54.6167, -22.1344 ], [ -54.616616, -22.134335 ] ] ] } },
{ "type": "Feature", "properties": { "id": 120372, "insc_imob": "07.01.36.38.148", "quadra_cartorio": "08", "lote_cartorio": "15", "matricula": "21797", "circunscricao": "1º CIRCUNSCRIÇÃO", "zoneamento": null, "condominio": null, "area_geom": 383.57, "cnm": "062661.2.0021797-66" }, "geometry": { "type": "Polygon", "coordinates": [ [ [ -54.6167, -22.1344 ], [ -54.616898, -22.134179 ], [ -54.616988, -22.134248 ], [ -54.616789, -22.13447 ], [ -54.6167, -22.1344 ] ] ] } },
{ "type": "Feature", "properties": { "id": 120373, "insc_imob": "07.01.36.38.160", "quadra_cartorio": "08", "lote_cartorio": "16", "matricula": "6948", "circunscricao": "1º CIRCUNSCRIÇÃO", "zoneamento": null, "condominio": null, "area_geom": 383.74, "cnm": "062661.2.0006948-90" }, "geometry": { "type": "Polygon", "coordinates": [ [ [ -54.616789, -22.13447 ], [ -54.616988, -22.134248 ], [ -54.616999, -22.134257 ], [ -54.617077, -22.134318 ], [ -54.616878, -22.134539 ], [ -54.616789, -22.13447 ] ] ] } },
{ "type": "Feature", "properties": { "id": 120375, "insc_imob": "07.01.36.38.231", "quadra_cartorio": "08", "lote_cartorio": "19", "matricula": "40047", "circunscricao": "1º CIRCUNSCRIÇÃO", "zoneamento": null, "condominio": null, "area_geom": 479.62, "cnm": "062661.2.0040047-24" }, "geometry": { "type": "Polygon", "coordinates": [ [ [ -54.617057, -22.134678 ], [ -54.617255, -22.134457 ], [ -54.617367, -22.134543 ], [ -54.617168, -22.134765 ], [ -54.617057, -22.134678 ] ] ] } },
{ "type": "Feature", "properties": { "id": 120376, "insc_imob": "07.01.36.38.243", "quadra_cartorio": "08", "lote_cartorio": "20", "matricula": "40048", "circunscricao": "1º CIRCUNSCRIÇÃO", "zoneamento": null, "condominio": null, "area_geom": 593.79, "cnm": "062661.2.0040048-21" }, "geometry": { "type": "Polygon", "coordinates": [ [ [ -54.616999, -22.134257 ], [ -54.617073, -22.134174 ], [ -54.617441, -22.13446 ], [ -54.617367, -22.134543 ], [ -54.617255, -22.134457 ], [ -54.617166, -22.134387 ], [ -54.617077, -22.134318 ], [ -54.616999, -22.134257 ] ] ] } },
{ "type": "Feature", "properties": { "id": 120388, "insc_imob": "07.01.36.38.255", "quadra_cartorio": "08", "lote_cartorio": "21", "matricula": "47748", "circunscricao": "1º CIRCUNSCRIÇÃO", "zoneamento": null, "condominio": null, "area_geom": 593.86, "cnm": "062661.2.0047748-07" }, "geometry": { "type": "Polygon", "coordinates": [ [ [ -54.617073, -22.134174 ], [ -54.617142, -22.134097 ], [ -54.617148, -22.134091 ], [ -54.617516, -22.134377 ], [ -54.617441, -22.13446 ], [ -54.617073, -22.134174 ] ] ] } },
{ "type": "Feature", "properties": { "id": 120389, "insc_imob": "07.01.36.38.314", "quadra_cartorio": "08", "lote_cartorio": "01", "matricula": "12827", "circunscricao": "1º CIRCUNSCRIÇÃO", "zoneamento": null, "condominio": null, "area_geom": 479.61, "cnm": "062661.2.0012827-10" }, "geometry": { "type": "Polygon", "coordinates": [ [ [ -54.617479, -22.134207 ], [ -54.617678, -22.133986 ], [ -54.617789, -22.134072 ], [ -54.617591, -22.134294 ], [ -54.617479, -22.134207 ] ] ] } },
{ "type": "Feature", "properties": { "id": 120390, "insc_imob": "07.01.36.38.326", "quadra_cartorio": "08", "lote_cartorio": "11", "matricula": "15013", "circunscricao": "1º CIRCUNSCRIÇÃO", "zoneamento": null, "condominio": null, "area_geom": 596.19, "cnm": "062661.2.0015013-48" }, "geometry": { "type": "Polygon", "coordinates": [ [ [ -54.616631, -22.133971 ], [ -54.616705, -22.133887 ], [ -54.616794, -22.133956 ], [ -54.616883, -22.134026 ], [ -54.616928, -22.134061 ], [ -54.616973, -22.134095 ], [ -54.617062, -22.134165 ], [ -54.617073, -22.134174 ], [ -54.616999, -22.134257 ], [ -54.616988, -22.134248 ], [ -54.616898, -22.134179 ], [ -54.616814, -22.134114 ], [ -54.616719, -22.13404 ], [ -54.616631, -22.133971 ] ] ] } },
{ "type": "Feature", "properties": { "id": 120415, "insc_imob": "07.01.36.38.338", "quadra_cartorio": "08", "lote_cartorio": "03", "matricula": "14089", "circunscricao": "1º CIRCUNSCRIÇÃO", "zoneamento": null, "condominio": null, "area_geom": 471.52, "cnm": "062661.2.0014089-07" }, "geometry": { "type": "Polygon", "coordinates": [ [ [ -54.617278, -22.134051 ], [ -54.617481, -22.133832 ], [ -54.617588, -22.133916 ], [ -54.61739, -22.134138 ], [ -54.617278, -22.134051 ] ] ] } },
{ "type": "Feature", "properties": { "id": 120445, "insc_imob": "07.01.36.38.374", "quadra_cartorio": "08", "lote_cartorio": "06", "matricula": "139543", "circunscricao": "1º CIRCUNSCRIÇÃO", "zoneamento": null, "condominio": null, "area_geom": 349.94, "cnm": "062661.2.0139543-05" }, "geometry": { "type": "Polygon", "coordinates": [ [ [ -54.617022, -22.133852 ], [ -54.617221, -22.13363 ], [ -54.617302, -22.133693 ], [ -54.617104, -22.133915 ], [ -54.617022, -22.133852 ] ] ] } },
{ "type": "Feature", "properties": { "id": 120447, "insc_imob": "07.01.36.39.114", "quadra_cartorio": "12 NCD", "lote_cartorio": "P/03", "matricula": "7232", "circunscricao": "1º CIRCUNSCRIÇÃO", "zoneamento": null, "condominio": null, "area_geom": 406.82, "cnm": "062661.2.0007232-14" }, "geometry": { "type": "Polygon", "coordinates": [ [ [ -54.615647, -22.133578 ], [ -54.615834, -22.13337 ], [ -54.615935, -22.133449 ], [ -54.615748, -22.133656 ], [ -54.615647, -22.133578 ] ] ] } },
{ "type": "Feature", "properties": { "id": 120470, "insc_imob": "07.01.36.39.335", "quadra_cartorio": "12 NC ", "lote_cartorio": "DATAS 13 E 14", "matricula": "70559", "circunscricao": "1º CIRCUNSCRIÇÃO", "zoneamento": null, "condominio": null, "area_geom": 799.38, "cnm": "062661.2.0070559-56" }, "geometry": { "type": "Polygon", "coordinates": [ [ [ -54.616553, -22.133342 ], [ -54.616678, -22.133203 ], [ -54.616975, -22.133435 ], [ -54.616851, -22.133573 ], [ -54.616553, -22.133342 ] ] ] } },
{ "type": "Feature", "properties": { "id": 120496, "insc_imob": "07.01.36.40.043", "quadra_cartorio": "12 NC ", "lote_cartorio": "P/03", "matricula": "53901", "circunscricao": "1º CIRCUNSCRIÇÃO", "zoneamento": null, "condominio": null, "area_geom": 481.23, "cnm": "062661.2.0053901-75" }, "geometry": { "type": "Polygon", "coordinates": [ [ [ -54.615246, -22.132428 ], [ -54.615437, -22.132215 ], [ -54.615553, -22.132306 ], [ -54.61536, -22.13252 ], [ -54.615246, -22.132428 ] ] ] } },
{ "type": "Feature", "properties": { "id": 120520, "insc_imob": "07.01.36.40.330", "quadra_cartorio": "12 NCD", "lote_cartorio": "P/03", "matricula": "79433", "circunscricao": "1º CIRCUNSCRIÇÃO", "zoneamento": null, "condominio": null, "area_geom": 931.45, "cnm": "062661.2.0079433-12" }, "geometry": { "type": "Polygon", "coordinates": [ [ [ -54.615765, -22.132836 ], [ -54.615957, -22.13262 ], [ -54.61618, -22.132794 ], [ -54.615988, -22.13301 ], [ -54.615765, -22.132836 ] ] ] } },
{ "type": "Feature", "properties": { "id": 120556, "insc_imob": "07.01.36.41.355", "quadra_cartorio": "12 NCD", "lote_cartorio": "P/05", "matricula": "16573", "circunscricao": "1º CIRCUNSCRIÇÃO", "zoneamento": null, "condominio": null, "area_geom": 556.23, "cnm": "062661.2.0016573-24" }, "geometry": { "type": "Polygon", "coordinates": [ [ [ -54.614774, -22.131921 ], [ -54.61488, -22.131802 ], [ -54.614898, -22.131782 ], [ -54.614983, -22.131849 ], [ -54.614967, -22.131867 ], [ -54.614965, -22.131869 ], [ -54.614683, -22.132184 ], [ -54.614597, -22.132118 ], [ -54.61466, -22.132048 ], [ -54.614722, -22.131978 ], [ -54.614774, -22.131921 ] ] ] } },
{ "type": "Feature", "properties": { "id": 120570, "insc_imob": "07.01.36.42.010", "quadra_cartorio": "05", "lote_cartorio": "01", "matricula": "54316", "circunscricao": "1º CIRCUNSCRIÇÃO", "zoneamento": null, "condominio": null, "area_geom": 359.73, "cnm": "062661.2.0054316-91" }, "geometry": { "type": "Polygon", "coordinates": [ [ [ -54.613909, -22.131154 ], [ -54.613971, -22.131085 ], [ -54.614239, -22.131293 ], [ -54.614233, -22.1313 ], [ -54.614181, -22.131358 ], [ -54.614177, -22.131362 ], [ -54.613909, -22.131154 ] ] ] } },
{ "type": "Feature", "properties": { "id": 120571, "insc_imob": "07.01.36.42.020", "quadra_cartorio": "05", "lote_cartorio": "02", "matricula": "54317", "circunscricao": "1º CIRCUNSCRIÇÃO", "zoneamento": null, "condominio": null, "area_geom": 359.75, "cnm": "062661.2.0054317-88" }, "geometry": { "type": "Polygon", "coordinates": [ [ [ -54.613847, -22.131223 ], [ -54.613909, -22.131154 ], [ -54.614177, -22.131362 ], [ -54.614119, -22.131427 ], [ -54.614115, -22.131432 ], [ -54.613847, -22.131223 ] ] ] } },
{ "type": "Feature", "properties": { "id": 120572, "insc_imob": "07.01.36.42.040", "quadra_cartorio": "05", "lote_cartorio": "04", "matricula": "53994", "circunscricao": "1º CIRCUNSCRIÇÃO", "zoneamento": null, "condominio": null, "area_geom": 359.74, "cnm": "062661.2.0053994-87" }, "geometry": { "type": "Polygon", "coordinates": [ [ [ -54.613723, -22.131362 ], [ -54.613785, -22.131293 ], [ -54.614052, -22.131501 ], [ -54.613994, -22.131566 ], [ -54.61399, -22.13157 ], [ -54.613723, -22.131362 ] ] ] } },
{ "type": "Feature", "properties": { "id": 120573, "insc_imob": "07.01.36.42.050", "quadra_cartorio": "05", "lote_cartorio": "05", "matricula": "55822", "circunscricao": "1º CIRCUNSCRIÇÃO", "zoneamento": null, "condominio": null, "area_geom": 359.74, "cnm": "062661.2.0055822-35" }, "geometry": { "type": "Polygon", "coordinates": [ [ [ -54.61366, -22.131431 ], [ -54.613723, -22.131362 ], [ -54.61399, -22.13157 ], [ -54.613928, -22.131639 ], [ -54.61366, -22.131431 ] ] ] } },
{ "type": "Feature", "properties": { "id": 120597, "insc_imob": "07.01.36.42.060", "quadra_cartorio": "05", "lote_cartorio": "06", "matricula": "60643", "circunscricao": "1º CIRCUNSCRIÇÃO", "zoneamento": null, "condominio": null, "area_geom": 359.74, "cnm": "062661.2.0060643-25" }, "geometry": { "type": "Polygon", "coordinates": [ [ [ -54.613598, -22.1315 ], [ -54.61366, -22.131431 ], [ -54.613928, -22.131639 ], [ -54.613922, -22.131646 ], [ -54.613866, -22.131709 ], [ -54.613598, -22.1315 ] ] ] } },
{ "type": "Feature", "properties": { "id": 120598, "insc_imob": "07.01.36.42.070", "quadra_cartorio": "05", "lote_cartorio": "07", "matricula": "66105", "circunscricao": "1º CIRCUNSCRIÇÃO", "zoneamento": null, "condominio": null, "area_geom": 359.73, "cnm": "062661.2.0066105-32" }, "geometry": { "type": "Polygon", "coordinates": [ [ [ -54.613536, -22.13157 ], [ -54.613598, -22.1315 ], [ -54.613866, -22.131709 ], [ -54.613804, -22.131778 ], [ -54.613536, -22.13157 ] ] ] } },
{ "type": "Feature", "properties": { "id": 120599, "insc_imob": "07.01.36.42.100", "quadra_cartorio": "05", "lote_cartorio": "10", "matricula": "69089", "circunscricao": "1º CIRCUNSCRIÇÃO", "zoneamento": null, "condominio": null, "area_geom": 359.76, "cnm": "062661.2.0069089-04" }, "geometry": { "type": "Polygon", "coordinates": [ [ [ -54.61335, -22.131778 ], [ -54.613412, -22.131708 ], [ -54.61368, -22.131917 ], [ -54.613674, -22.131923 ], [ -54.613618, -22.131986 ], [ -54.61335, -22.131778 ] ] ] } },
{ "type": "Feature", "properties": { "id": 120600, "insc_imob": "07.01.36.42.121", "quadra_cartorio": "04", "lote_cartorio": "01", "matricula": "56380", "circunscricao": "1º CIRCUNSCRIÇÃO", "zoneamento": null, "condominio": null, "area_geom": 410.11, "cnm": "062661.2.0056380-10" }, "geometry": { "type": "Polygon", "coordinates": [ [ [ -54.613236, -22.131952 ], [ -54.613307, -22.131873 ], [ -54.613574, -22.132081 ], [ -54.613503, -22.13216 ], [ -54.613236, -22.131952 ] ] ] } },
{ "type": "Feature", "properties": { "id": 120601, "insc_imob": "07.01.36.42.141", "quadra_cartorio": "04", "lote_cartorio": "03", "matricula": "58571", "circunscricao": "1º CIRCUNSCRIÇÃO", "zoneamento": null, "condominio": null, "area_geom": 359.74, "cnm": "062661.2.0058571-33" }, "geometry": { "type": "Polygon", "coordinates": [ [ [ -54.613111, -22.13209 ], [ -54.613174, -22.132021 ], [ -54.613441, -22.132229 ], [ -54.613429, -22.132243 ], [ -54.613379, -22.132299 ], [ -54.613111, -22.13209 ] ] ] } },
{ "type": "Feature", "properties": { "id": 120602, "insc_imob": "07.01.36.42.151", "quadra_cartorio": "04", "lote_cartorio": "04", "matricula": "54198", "circunscricao": "1º CIRCUNSCRIÇÃO", "zoneamento": null, "condominio": null, "area_geom": 359.75, "cnm": "062661.2.0054198-57" }, "geometry": { "type": "Polygon", "coordinates": [ [ [ -54.613049, -22.132159 ], [ -54.613111, -22.13209 ], [ -54.613379, -22.132299 ], [ -54.613317, -22.132368 ], [ -54.613228, -22.132298 ], [ -54.613139, -22.132229 ], [ -54.613049, -22.132159 ] ] ] } },
{ "type": "Feature", "properties": { "id": 120603, "insc_imob": "07.01.36.42.205", "quadra_cartorio": "04", "lote_cartorio": "06", "matricula": "54263", "circunscricao": "1º CIRCUNSCRIÇÃO", "zoneamento": null, "condominio": null, "area_geom": 359.55, "cnm": "062661.2.0054263-56" }, "geometry": { "type": "Polygon", "coordinates": [ [ [ -54.612952, -22.132437 ], [ -54.613139, -22.132229 ], [ -54.613228, -22.132298 ], [ -54.613042, -22.132506 ], [ -54.612952, -22.132437 ] ] ] } },
{ "type": "Feature", "properties": { "id": 120604, "insc_imob": "07.01.36.42.217", "quadra_cartorio": "04", "lote_cartorio": "07", "matricula": "54264", "circunscricao": "1º CIRCUNSCRIÇÃO", "zoneamento": null, "condominio": null, "area_geom": 359.49, "cnm": "062661.2.0054264-53" }, "geometry": { "type": "Polygon", "coordinates": [ [ [ -54.613042, -22.132506 ], [ -54.613228, -22.132298 ], [ -54.613317, -22.132368 ], [ -54.613255, -22.132437 ], [ -54.613131, -22.132575 ], [ -54.613042, -22.132506 ] ] ] } },
{ "type": "Feature", "properties": { "id": 120620, "insc_imob": "07.01.36.42.360", "quadra_cartorio": "12", "lote_cartorio": "10", "matricula": "88750", "circunscricao": "1º CIRCUNSCRIÇÃO", "zoneamento": null, "condominio": null, "area_geom": 455.7, "cnm": "062661.2.0088750-94" }, "geometry": { "type": "Polygon", "coordinates": [ [ [ -54.613429, -22.132243 ], [ -54.613441, -22.132229 ], [ -54.613503, -22.13216 ], [ -54.613786, -22.13238 ], [ -54.613711, -22.132463 ], [ -54.613429, -22.132243 ] ] ] } },
{ "type": "Feature", "properties": { "id": 120621, "insc_imob": "07.01.36.42.370", "quadra_cartorio": "04", "lote_cartorio": "11", "matricula": "9344", "circunscricao": "1º CIRCUNSCRIÇÃO", "zoneamento": null, "condominio": null, "area_geom": 432.89, "cnm": "062661.2.0009344-80" }, "geometry": { "type": "Polygon", "coordinates": [ [ [ -54.613503, -22.13216 ], [ -54.613574, -22.132081 ], [ -54.613857, -22.132301 ], [ -54.613786, -22.13238 ], [ -54.613503, -22.13216 ] ] ] } },
{ "type": "Feature", "properties": { "id": 120647, "insc_imob": "07.01.36.42.436", "quadra_cartorio": "05", "lote_cartorio": "15", "matricula": "26455", "circunscricao": "1º CIRCUNSCRIÇÃO", "zoneamento": null, "condominio": null, "area_geom": 440.41, "cnm": "062661.2.0026455-60" }, "geometry": { "type": "Polygon", "coordinates": [ [ [ -54.61399, -22.13157 ], [ -54.613994, -22.131566 ], [ -54.614277, -22.131786 ], [ -54.614205, -22.131866 ], [ -54.613922, -22.131646 ], [ -54.613928, -22.131639 ], [ -54.61399, -22.13157 ] ] ] } },
{ "type": "Feature", "properties": { "id": 120648, "insc_imob": "07.01.36.42.458", "quadra_cartorio": "12", "lote_cartorio": "AREA A", "matricula": "88850", "circunscricao": "1º CIRCUNSCRIÇÃO", "zoneamento": null, "condominio": null, "area_geom": 379.26, "cnm": "062661.2.0088850-85" }, "geometry": { "type": "Polygon", "coordinates": [ [ [ -54.614115, -22.131432 ], [ -54.614119, -22.131427 ], [ -54.614401, -22.131647 ], [ -54.614339, -22.131716 ], [ -54.614057, -22.131496 ], [ -54.614115, -22.131432 ] ] ] } },
{ "type": "Feature", "properties": { "id": 120650, "insc_imob": "07.01.36.48.029", "quadra_cartorio": "01", "lote_cartorio": "14", "matricula": "2702", "circunscricao": "1º CIRCUNSCRIÇÃO", "zoneamento": null, "condominio": null, "area_geom": 391.21, "cnm": "062661.2.0002702-24" }, "geometry": { "type": "Polygon", "coordinates": [ [ [ -54.616171, -22.134479 ], [ -54.616351, -22.134278 ], [ -54.616452, -22.134356 ], [ -54.616271, -22.134557 ], [ -54.616171, -22.134479 ] ] ] } },
{ "type": "Feature", "properties": { "id": 120652, "insc_imob": "07.01.36.48.053", "quadra_cartorio": "01", "lote_cartorio": "21", "matricula": "61217", "circunscricao": "1º CIRCUNSCRIÇÃO", "zoneamento": null, "condominio": null, "area_geom": 593.61, "cnm": "062661.2.0061217-49" }, "geometry": { "type": "Polygon", "coordinates": [ [ [ -54.616022, -22.134646 ], [ -54.616097, -22.134562 ], [ -54.616465, -22.134849 ], [ -54.61646, -22.134854 ], [ -54.61639, -22.134932 ], [ -54.616022, -22.134646 ] ] ] } },
{ "type": "Feature", "properties": { "id": 120653, "insc_imob": "07.01.36.48.065", "quadra_cartorio": "01", "lote_cartorio": "22", "matricula": "135157", "circunscricao": "1º CIRCUNSCRIÇÃO", "zoneamento": null, "condominio": null, "area_geom": 593.58, "cnm": "062661.2.0135157-68" }, "geometry": { "type": "Polygon", "coordinates": [ [ [ -54.615947, -22.134729 ], [ -54.616022, -22.134646 ], [ -54.61639, -22.134932 ], [ -54.616316, -22.135015 ], [ -54.616304, -22.135006 ], [ -54.616215, -22.134937 ], [ -54.616126, -22.134868 ], [ -54.616037, -22.134798 ], [ -54.615947, -22.134729 ] ] ] } },
{ "type": "Feature", "properties": { "id": 120666, "insc_imob": "07.01.36.48.118", "quadra_cartorio": "01", "lote_cartorio": "02", "matricula": "5539", "circunscricao": "1º CIRCUNSCRIÇÃO", "zoneamento": null, "condominio": null, "area_geom": 350.71, "cnm": "062661.2.0005539-49" }, "geometry": { "type": "Polygon", "coordinates": [ [ [ -54.615855, -22.135001 ], [ -54.616037, -22.134798 ], [ -54.616126, -22.134868 ], [ -54.615944, -22.13507 ], [ -54.615855, -22.135001 ] ] ] } },
{ "type": "Feature", "properties": { "id": 120667, "insc_imob": "07.01.36.48.130", "quadra_cartorio": "01", "lote_cartorio": "03", "matricula": "16968", "circunscricao": "1º CIRCUNSCRIÇÃO", "zoneamento": null, "condominio": null, "area_geom": 350.88, "cnm": "062661.2.0016968-03" }, "geometry": { "type": "Polygon", "coordinates": [ [ [ -54.615944, -22.13507 ], [ -54.616126, -22.134868 ], [ -54.616215, -22.134937 ], [ -54.616033, -22.13514 ], [ -54.615944, -22.13507 ] ] ] } },
{ "type": "Feature", "properties": { "id": 120668, "insc_imob": "07.01.36.48.180", "quadra_cartorio": "01", "lote_cartorio": "07", "matricula": "36489", "circunscricao": "1º CIRCUNSCRIÇÃO", "zoneamento": null, "condominio": null, "area_geom": 351.49, "cnm": "062661.2.0036489-28" }, "geometry": { "type": "Polygon", "coordinates": [ [ [ -54.616301, -22.135348 ], [ -54.616483, -22.135145 ], [ -54.616572, -22.135215 ], [ -54.61639, -22.135418 ], [ -54.616301, -22.135348 ] ] ] } },
{ "type": "Feature", "properties": { "id": 120669, "insc_imob": "07.01.36.48.237", "quadra_cartorio": "01", "lote_cartorio": "09", "matricula": "18350", "circunscricao": "1º CIRCUNSCRIÇÃO", "zoneamento": null, "condominio": null, "area_geom": 593.63, "cnm": "062661.2.0018350-28" }, "geometry": { "type": "Polygon", "coordinates": [ [ [ -54.616316, -22.135015 ], [ -54.61639, -22.134932 ], [ -54.616758, -22.135219 ], [ -54.616684, -22.135302 ], [ -54.616572, -22.135215 ], [ -54.616483, -22.135145 ], [ -54.616394, -22.135076 ], [ -54.616316, -22.135015 ] ] ] } },
{ "type": "Feature", "properties": { "id": 120674, "insc_imob": "07.01.36.11.054", "quadra_cartorio": "12 NC", "lote_cartorio": "07", "matricula": "36490", "circunscricao": "1º CIRCUNSCRIÇÃO", "zoneamento": null, "condominio": null, "area_geom": 359.74, "cnm": "062661.2.0036490-25" }, "geometry": { "type": "Polygon", "coordinates": [ [ [ -54.618763, -22.131813 ], [ -54.618949, -22.131605 ], [ -54.619038, -22.131675 ], [ -54.618852, -22.131882 ], [ -54.618763, -22.131813 ] ] ] } },
{ "type": "Feature", "properties": { "id": 120675, "insc_imob": "07.01.36.11.090", "quadra_cartorio": "12 NC", "lote_cartorio": "04", "matricula": "2837", "circunscricao": "1º CIRCUNSCRIÇÃO", "zoneamento": null, "condominio": null, "area_geom": 359.75, "cnm": "062661.2.0002837-07" }, "geometry": { "type": "Polygon", "coordinates": [ [ [ -54.619031, -22.132021 ], [ -54.619217, -22.131813 ], [ -54.619306, -22.131883 ], [ -54.61912, -22.132091 ], [ -54.619031, -22.132021 ] ] ] } },
{ "type": "Feature", "properties": { "id": 120692, "insc_imob": "07.01.36.21.070", "quadra_cartorio": "17", "lote_cartorio": "12", "matricula": "41012", "circunscricao": "1º CIRCUNSCRIÇÃO", "zoneamento": null, "condominio": null, "area_geom": 494.66, "cnm": "062661.2.0041012-39" }, "geometry": { "type": "Polygon", "coordinates": [ [ [ -54.618148, -22.132312 ], [ -54.618211, -22.132243 ], [ -54.618579, -22.132529 ], [ -54.618517, -22.132598 ], [ -54.618505, -22.13259 ], [ -54.618416, -22.13252 ], [ -54.618327, -22.132451 ], [ -54.618238, -22.132381 ], [ -54.618148, -22.132312 ] ] ] } },
{ "type": "Feature", "properties": { "id": 120772, "insc_imob": "07.01.24.05.935", "quadra_cartorio": "05", "lote_cartorio": "02", "matricula": "75836", "circunscricao": "1º CIRCUNSCRIÇÃO", "zoneamento": null, "condominio": null, "area_geom": 5021.48, "cnm": "062661.2.0075836-36" }, "geometry": { "type": "Polygon", "coordinates": [ [ [ -54.631926, -22.132011 ], [ -54.632134, -22.131779 ], [ -54.633249, -22.132647 ], [ -54.633041, -22.132879 ], [ -54.631926, -22.132011 ] ] ] } },
{ "type": "Feature", "properties": { "id": 120777, "insc_imob": "07.01.36.21.259", "quadra_cartorio": "12", "lote_cartorio": "23", "matricula": "24818", "circunscricao": "1º CIRCUNSCRIÇÃO", "zoneamento": null, "condominio": null, "area_geom": 494.59, "cnm": "062661.2.0024818-24" }, "geometry": { "type": "Polygon", "coordinates": [ [ [ -54.618641, -22.13246 ], [ -54.618703, -22.132391 ], [ -54.619071, -22.132677 ], [ -54.619009, -22.132746 ], [ -54.618678, -22.132489 ], [ -54.618641, -22.13246 ] ] ] } },
{ "type": "Feature", "properties": { "id": 120780, "insc_imob": "07.01.36.21.350", "quadra_cartorio": "17", "lote_cartorio": "04", "matricula": "15243", "circunscricao": "1º CIRCUNSCRIÇÃO", "zoneamento": null, "condominio": null, "area_geom": 359.74, "cnm": "062661.2.0015243-37" }, "geometry": { "type": "Polygon", "coordinates": [ [ [ -54.618754, -22.132313 ], [ -54.61894, -22.132105 ], [ -54.61903, -22.132174 ], [ -54.618843, -22.132382 ], [ -54.618765, -22.132321 ], [ -54.618754, -22.132313 ] ] ] } },
{ "type": "Feature", "properties": { "id": 120802, "insc_imob": "07.01.36.48.364", "quadra_cartorio": "01", "lote_cartorio": "12", "matricula": "36521", "circunscricao": "1º CIRCUNSCRIÇÃO", "zoneamento": null, "condominio": null, "area_geom": 347.74, "cnm": "062661.2.0036521-29" }, "geometry": { "type": "Polygon", "coordinates": [ [ [ -54.616361, -22.134627 ], [ -54.616541, -22.134426 ], [ -54.61663, -22.134495 ], [ -54.61645, -22.134696 ], [ -54.616361, -22.134627 ] ] ] } },
{ "type": "Feature", "properties": { "id": 120830, "insc_imob": "07.01.36.49.128", "quadra_cartorio": "12", "lote_cartorio": "B3", "matricula": "120479", "circunscricao": "1º CIRCUNSCRIÇÃO", "zoneamento": null, "condominio": null, "area_geom": 674.05, "cnm": "062661.2.0120479-64" }, "geometry": { "type": "Polygon", "coordinates": [ [ [ -54.61545, -22.134273 ], [ -54.615594, -22.134112 ], [ -54.615594, -22.134112 ], [ -54.615665, -22.134168 ], [ -54.61568, -22.134179 ], [ -54.615318, -22.134582 ], [ -54.615232, -22.134515 ], [ -54.61545, -22.134273 ] ] ] } },
{ "type": "Feature", "properties": { "id": 120831, "insc_imob": "07.01.36.49.223", "quadra_cartorio": "12", "lote_cartorio": "B4", "matricula": "16045", "circunscricao": "1º CIRCUNSCRIÇÃO", "zoneamento": null, "condominio": null, "area_geom": 1843.4, "cnm": "062661.2.0016045-56" }, "geometry": { "type": "Polygon", "coordinates": [ [ [ -54.615318, -22.134582 ], [ -54.61568, -22.134179 ], [ -54.615686, -22.134172 ], [ -54.615693, -22.134178 ], [ -54.61579, -22.134253 ], [ -54.615697, -22.134357 ], [ -54.615868, -22.13449 ], [ -54.615593, -22.134797 ], [ -54.615318, -22.134582 ] ] ] } },
{ "type": "Feature", "properties": { "id": 120856, "insc_imob": "07.01.36.49.237", "quadra_cartorio": "12 NC", "lote_cartorio": "P/03", "matricula": "44531", "circunscricao": "1º CIRCUNSCRIÇÃO", "zoneamento": null, "condominio": null, "area_geom": 524.64, "cnm": "062661.2.0044531-55" }, "geometry": { "type": "Polygon", "coordinates": [ [ [ -54.615697, -22.134357 ], [ -54.61579, -22.134253 ], [ -54.61605, -22.134456 ], [ -54.615957, -22.13456 ], [ -54.615697, -22.134357 ] ] ] } },
{ "type": "Feature", "properties": { "id": 120857, "insc_imob": "07.01.36.49.252", "quadra_cartorio": "12 NC ", "lote_cartorio": "P/03", "matricula": "44710", "circunscricao": "1º CIRCUNSCRIÇÃO", "zoneamento": null, "condominio": null, "area_geom": 733.89, "cnm": "062661.2.0044710-03" }, "geometry": { "type": "Polygon", "coordinates": [ [ [ -54.615693, -22.134178 ], [ -54.615788, -22.134072 ], [ -54.616145, -22.13435 ], [ -54.61605, -22.134456 ], [ -54.615693, -22.134178 ] ] ] } },
{ "type": "Feature", "properties": { "id": 120858, "insc_imob": "07.01.36.49.335", "quadra_cartorio": "12", "lote_cartorio": "B5-B", "matricula": "146048", "circunscricao": "1º CIRCUNSCRIÇÃO", "zoneamento": null, "condominio": null, "area_geom": 1041.95, "cnm": "062661.2.0146048-84" }, "geometry": { "type": "Polygon", "coordinates": [ [ [ -54.615903, -22.13393 ], [ -54.616268, -22.134213 ], [ -54.616145, -22.13435 ], [ -54.615788, -22.134072 ], [ -54.615693, -22.134178 ], [ -54.615686, -22.134172 ], [ -54.61568, -22.134179 ], [ -54.615665, -22.134168 ], [ -54.615857, -22.133953 ], [ -54.615872, -22.133964 ], [ -54.615903, -22.13393 ] ] ] } },
{ "type": "Feature", "properties": { "id": 120878, "insc_imob": "07.01.36.50.236", "quadra_cartorio": "12 NC", "lote_cartorio": "P/03", "matricula": "3361", "circunscricao": "1º CIRCUNSCRIÇÃO", "zoneamento": null, "condominio": null, "area_geom": 143.91, "cnm": "062661.2.0003361-84" }, "geometry": { "type": "Polygon", "coordinates": [ [ [ -54.615043, -22.133821 ], [ -54.615055, -22.133807 ], [ -54.615189, -22.133911 ], [ -54.61514, -22.133967 ], [ -54.615006, -22.133862 ], [ -54.615043, -22.133821 ] ] ] } },
{ "type": "Feature", "properties": { "id": 120879, "insc_imob": "07.01.36.50.302", "quadra_cartorio": "12 NC", "lote_cartorio": "P/03", "matricula": "16290", "circunscricao": "1º CIRCUNSCRIÇÃO", "zoneamento": null, "condominio": null, "area_geom": 863.4, "cnm": "062661.2.0016290-97" }, "geometry": { "type": "Polygon", "coordinates": [ [ [ -54.615055, -22.133807 ], [ -54.615354, -22.133474 ], [ -54.615487, -22.133579 ], [ -54.615189, -22.133911 ], [ -54.615055, -22.133807 ] ] ] } },
{ "type": "Feature", "properties": { "id": 3495, "insc_imob": "07.01.36.50.147", "quadra_cartorio": null, "lote_cartorio": "P/03", "matricula": "64001", "circunscricao": "1º CIRCUNSCRIÇÃO", "zoneamento": null, "condominio": null, "area_geom": 805.39, "cnm": "062661.2.0064001-39" }, "geometry": { "type": "Polygon", "coordinates": [ [ [ -54.614667, -22.133705 ], [ -54.614872, -22.133476 ], [ -54.614969, -22.133551 ], [ -54.614764, -22.13378 ], [ -54.614584, -22.133981 ], [ -54.614487, -22.133906 ], [ -54.614667, -22.133705 ] ] ] } },
{ "type": "Feature", "properties": { "id": 120619, "insc_imob": "07.01.36.42.348", "quadra_cartorio": "12", "lote_cartorio": "05", "matricula": "11380", "circunscricao": "1º CIRCUNSCRIÇÃO", "zoneamento": null, "condominio": null, "area_geom": 1484.02, "cnm": "062661.2.0011380-83" }, "geometry": { "type": "Polygon", "coordinates": [ [ [ -54.613429, -22.132243 ], [ -54.613711, -22.132463 ], [ -54.613537, -22.132657 ], [ -54.613396, -22.132547 ], [ -54.613344, -22.132507 ], [ -54.613127, -22.132749 ], [ -54.613037, -22.13268 ], [ -54.613317, -22.132368 ], [ -54.613379, -22.132299 ], [ -54.613429, -22.132243 ] ] ] } },
{ "type": "Feature", "properties": { "id": 81579, "insc_imob": "07.01.36.42.321", "quadra_cartorio": "12", "lote_cartorio": "P/05", "matricula": "11379", "circunscricao": "1º CIRCUNSCRIÇÃO", "zoneamento": null, "condominio": null, "area_geom": 525.31, "cnm": "062661.2.0011379-86" }, "geometry": { "type": "Polygon", "coordinates": [ [ [ -54.613426, -22.13257 ], [ -54.613208, -22.132813 ], [ -54.613097, -22.132726 ], [ -54.613315, -22.132483 ], [ -54.613426, -22.13257 ] ] ] } },
{ "type": "Feature", "properties": { "id": 81580, "insc_imob": "07.01.36.42.322", "quadra_cartorio": "12", "lote_cartorio": "P/05", "matricula": "11378", "circunscricao": "1º CIRCUNSCRIÇÃO", "zoneamento": null, "condominio": null, "area_geom": 524.69, "cnm": "062661.2.0011378-89" }, "geometry": { "type": "Polygon", "coordinates": [ [ [ -54.613537, -22.132657 ], [ -54.61332, -22.1329 ], [ -54.613208, -22.132813 ], [ -54.613426, -22.13257 ], [ -54.613537, -22.132657 ] ] ] } },
{ "type": "Feature", "properties": { "id": 28, "insc_imob": "07.01.45.03.030", "quadra_cartorio": null, "lote_cartorio": "P/04", "matricula": "85532", "circunscricao": "1º CIRCUNSCRIÇÃO", "zoneamento": null, "condominio": null, "area_geom": 28903.9, "cnm": "062661.2.0085532-48" }, "geometry": { "type": "Polygon", "coordinates": [ [ [ -54.620213, -22.139369 ], [ -54.620533, -22.138973 ], [ -54.62094, -22.139278 ], [ -54.6199, -22.14045 ], [ -54.618164, -22.142413 ], [ -54.617676, -22.142031 ], [ -54.620101, -22.139286 ], [ -54.620213, -22.139369 ] ] ] } },
{ "type": "Feature", "properties": { "id": 315, "insc_imob": "07.01.46.03.069", "quadra_cartorio": null, "lote_cartorio": "P/05", "matricula": "TR43092", "circunscricao": "1º CIRCUNSCRIÇÃO", "zoneamento": null, "condominio": null, "area_geom": 546.52, "cnm": null }, "geometry": { "type": "Polygon", "coordinates": [ [ [ -54.614143, -22.134512 ], [ -54.614472, -22.134155 ], [ -54.614549, -22.134217 ], [ -54.614221, -22.134574 ], [ -54.614143, -22.134512 ] ] ] } },
{ "type": "Feature", "properties": { "id": 98746, "insc_imob": "07.01.46.03.254", "quadra_cartorio": "1", "lote_cartorio": "11", "matricula": "20756", "circunscricao": "1º CIRCUNSCRIÇÃO", "zoneamento": null, "condominio": null, "area_geom": 360.01, "cnm": "062661.2.0020756-85" }, "geometry": { "type": "Polygon", "coordinates": [ [ [ -54.614156, -22.135116 ], [ -54.614345, -22.13491 ], [ -54.614433, -22.134981 ], [ -54.614244, -22.135187 ], [ -54.614156, -22.135116 ] ] ] } },
{ "type": "Feature", "properties": { "id": 100512, "insc_imob": "07.01.46.03.230", "quadra_cartorio": "1", "lote_cartorio": "13", "matricula": "20758", "circunscricao": "1º CIRCUNSCRIÇÃO", "zoneamento": null, "condominio": null, "area_geom": 359.98, "cnm": "062661.2.0020758-79" }, "geometry": { "type": "Polygon", "coordinates": [ [ [ -54.613979, -22.134975 ], [ -54.614168, -22.13477 ], [ -54.614183, -22.134781 ], [ -54.614256, -22.13484 ], [ -54.614067, -22.135046 ], [ -54.613979, -22.134975 ] ] ] } },
{ "type": "Feature", "properties": { "id": 6228, "insc_imob": "07.01.46.03.058", "quadra_cartorio": null, "lote_cartorio": "P/05", "matricula": "TR-51915", "circunscricao": "1º CIRCUNSCRIÇÃO", "zoneamento": null, "condominio": null, "area_geom": 624.57, "cnm": null }, "geometry": { "type": "Polygon", "coordinates": [ [ [ -54.614221, -22.134574 ], [ -54.614549, -22.134217 ], [ -54.614637, -22.134287 ], [ -54.614402, -22.134543 ], [ -54.614309, -22.134644 ], [ -54.614221, -22.134574 ] ] ] } },
{ "type": "Feature", "properties": { "id": 100535, "insc_imob": "07.01.46.03.218", "quadra_cartorio": "1", "lote_cartorio": "14", "matricula": "19931", "circunscricao": "1º CIRCUNSCRIÇÃO", "zoneamento": null, "condominio": null, "area_geom": 359.99, "cnm": "062661.2.0019931-38" }, "geometry": { "type": "Polygon", "coordinates": [ [ [ -54.613891, -22.134905 ], [ -54.61408, -22.134699 ], [ -54.614168, -22.13477 ], [ -54.613979, -22.134975 ], [ -54.613891, -22.134905 ] ] ] } },
{ "type": "Feature", "properties": { "id": 119793, "insc_imob": "07.01.35.43.112", "quadra_cartorio": "10 NC", "lote_cartorio": "P/16", "matricula": "94067", "circunscricao": "1º CIRCUNSCRIÇÃO", "zoneamento": null, "condominio": null, "area_geom": 485.26, "cnm": "062661.2.0094067-51" }, "geometry": { "type": "Polygon", "coordinates": [ [ [ -54.619959, -22.138191 ], [ -54.620143, -22.137989 ], [ -54.620265, -22.138086 ], [ -54.62008, -22.138289 ], [ -54.619959, -22.138191 ] ] ] } },
{ "type": "Feature", "properties": { "id": 119792, "insc_imob": "07.01.35.43.054", "quadra_cartorio": "10 NC", "lote_cartorio": "P/16", "matricula": "16918", "circunscricao": "1º CIRCUNSCRIÇÃO", "zoneamento": null, "condominio": null, "area_geom": 489.0, "cnm": "062661.2.0016918-56" }, "geometry": { "type": "Polygon", "coordinates": [ [ [ -54.620219, -22.137907 ], [ -54.620294, -22.137824 ], [ -54.620595, -22.138063 ], [ -54.620546, -22.138115 ], [ -54.620519, -22.138145 ], [ -54.620219, -22.137907 ] ] ] } },
{ "type": "Feature", "properties": { "id": 129422, "insc_imob": "07.01.35.43.130.000", "quadra_cartorio": "10 NCD", "lote_cartorio": "16", "matricula": "10149", "circunscricao": null, "zoneamento": null, "condominio": null, "area_geom": 714.75, "cnm": "062661.2.0010149-90" }, "geometry": { "type": "Polygon", "coordinates": [ [ [ -54.62008, -22.138289 ], [ -54.620265, -22.138086 ], [ -54.620443, -22.138227 ], [ -54.620255, -22.138431 ], [ -54.62008, -22.138289 ] ] ] } },
{ "type": "Feature", "properties": { "id": 77860, "insc_imob": "07.01.35.47.210", "quadra_cartorio": "01", "lote_cartorio": "P/L 1", "matricula": "32015", "circunscricao": "1º CIRCUNSCRIÇÃO", "zoneamento": null, "condominio": null, "area_geom": 353.39, "cnm": "062661.2.0032015-64" }, "geometry": { "type": "Polygon", "coordinates": [ [ [ -54.617397, -22.136182 ], [ -54.617308, -22.136113 ], [ -54.617491, -22.135909 ], [ -54.61758, -22.135978 ], [ -54.617397, -22.136182 ] ] ] } },
{ "type": "Feature", "properties": { "id": 3261, "insc_imob": "07.01.35.47.166", "quadra_cartorio": null, "lote_cartorio": "06", "matricula": "6275", "circunscricao": "1º CIRCUNSCRIÇÃO", "zoneamento": null, "condominio": null, "area_geom": 352.97, "cnm": "062661.2.0006275-72" }, "geometry": { "type": "Polygon", "coordinates": [ [ [ -54.61707, -22.135927 ], [ -54.617253, -22.135723 ], [ -54.617342, -22.135793 ], [ -54.617159, -22.135997 ], [ -54.61707, -22.135927 ] ] ] } },
{ "type": "Feature", "properties": { "id": 99211, "insc_imob": "07.01.35.47.252", "quadra_cartorio": null, "lote_cartorio": "10", "matricula": "TR-49816", "circunscricao": "1º CIRCUNSCRIÇÃO", "zoneamento": null, "condominio": null, "area_geom": 623.99, "cnm": null }, "geometry": { "type": "Polygon", "coordinates": [ [ [ -54.617268, -22.135594 ], [ -54.617274, -22.135587 ], [ -54.617336, -22.135518 ], [ -54.617342, -22.135511 ], [ -54.617729, -22.135812 ], [ -54.617654, -22.135895 ], [ -54.617431, -22.135721 ], [ -54.617268, -22.135594 ] ] ] } },
{ "type": "Feature", "properties": { "id": 77539, "insc_imob": "07.01.35.47.057", "quadra_cartorio": "02", "lote_cartorio": "P/17", "matricula": "1712", "circunscricao": "1º CIRCUNSCRIÇÃO", "zoneamento": null, "condominio": null, "area_geom": 98.0, "cnm": "062661.2.0001712-84" }, "geometry": { "type": "Polygon", "coordinates": [ [ [ -54.617164, -22.135513 ], [ -54.617207, -22.135465 ], [ -54.617311, -22.135546 ], [ -54.617268, -22.135594 ], [ -54.617164, -22.135513 ] ] ] } },
{ "type": "Feature", "properties": { "id": 77538, "insc_imob": "07.01.35.47.066", "quadra_cartorio": "02", "lote_cartorio": "P/17", "matricula": "10187", "circunscricao": "1º CIRCUNSCRIÇÃO", "zoneamento": null, "condominio": null, "area_geom": 456.0, "cnm": "062661.2.0010187-73" }, "geometry": { "type": "Polygon", "coordinates": [ [ [ -54.616881, -22.135293 ], [ -54.617164, -22.135513 ], [ -54.617089, -22.135596 ], [ -54.616806, -22.135376 ], [ -54.616881, -22.135293 ] ] ] } },
{ "type": "Feature", "properties": { "id": 69362, "insc_imob": "07.01.35.47.337", "quadra_cartorio": "02", "lote_cartorio": "P/17", "matricula": "10187", "circunscricao": "1º CIRCUNSCRIÇÃO", "zoneamento": null, "condominio": null, "area_geom": 347.99, "cnm": "062661.2.0010187-73" }, "geometry": { "type": "Polygon", "coordinates": [ [ [ -54.617476, -22.135474 ], [ -54.617656, -22.135273 ], [ -54.617746, -22.135343 ], [ -54.617566, -22.135544 ], [ -54.617476, -22.135474 ] ] ] } },
{ "type": "Feature", "properties": { "id": 77536, "insc_imob": "07.01.35.47.055", "quadra_cartorio": "02", "lote_cartorio": "P/17", "matricula": "21351", "circunscricao": "1º CIRCUNSCRIÇÃO", "zoneamento": null, "condominio": null, "area_geom": 260.0, "cnm": "062661.2.0021351-46" }, "geometry": { "type": "Polygon", "coordinates": [ [ [ -54.616956, -22.13521 ], [ -54.617342, -22.135511 ], [ -54.617311, -22.135546 ], [ -54.616925, -22.135245 ], [ -54.616956, -22.13521 ] ] ] } },
{ "type": "Feature", "properties": { "id": 100458, "insc_imob": "07.01.35.47.154", "quadra_cartorio": "02", "lote_cartorio": "05", "matricula": "14676", "circunscricao": "1º CIRCUNSCRIÇÃO", "zoneamento": null, "condominio": null, "area_geom": 352.81, "cnm": "062661.2.0014676-89" }, "geometry": { "type": "Polygon", "coordinates": [ [ [ -54.616981, -22.135858 ], [ -54.617163, -22.135654 ], [ -54.617193, -22.135677 ], [ -54.617253, -22.135723 ], [ -54.61707, -22.135927 ], [ -54.616981, -22.135858 ] ] ] } },
{ "type": "Feature", "properties": { "id": 102233, "insc_imob": "07.01.35.47.041", "quadra_cartorio": "02", "lote_cartorio": "16", "matricula": "1711", "circunscricao": "1º CIRCUNSCRIÇÃO", "zoneamento": null, "condominio": null, "area_geom": 624.02, "cnm": "062661.2.0001711-87" }, "geometry": { "type": "Polygon", "coordinates": [ [ [ -54.616956, -22.13521 ], [ -54.61703, -22.135127 ], [ -54.617298, -22.135335 ], [ -54.617387, -22.135405 ], [ -54.617417, -22.135428 ], [ -54.617342, -22.135511 ], [ -54.616956, -22.13521 ] ] ] } },
{ "type": "Feature", "properties": { "id": 77859, "insc_imob": "07.01.35.47.190", "quadra_cartorio": "12 NCD", "lote_cartorio": "P/L 1", "matricula": "34193", "circunscricao": "1º CIRCUNSCRIÇÃO", "zoneamento": null, "condominio": null, "area_geom": 235.49, "cnm": "062661.2.0034193-29" }, "geometry": { "type": "Polygon", "coordinates": [ [ [ -54.617248, -22.136066 ], [ -54.617431, -22.135862 ], [ -54.617491, -22.135909 ], [ -54.617308, -22.136113 ], [ -54.617248, -22.136066 ] ] ] } },
{ "type": "Feature", "properties": { "id": 77858, "insc_imob": "07.01.35.47.245", "quadra_cartorio": "12 NCD", "lote_cartorio": "P/L 1", "matricula": "33292", "circunscricao": "1º CIRCUNSCRIÇÃO", "zoneamento": null, "condominio": null, "area_geom": 264.01, "cnm": "062661.2.0033292-16" }, "geometry": { "type": "Polygon", "coordinates": [ [ [ -54.617357, -22.135805 ], [ -54.617342, -22.135793 ], [ -54.617253, -22.135723 ], [ -54.617193, -22.135677 ], [ -54.617268, -22.135594 ], [ -54.617431, -22.135721 ], [ -54.617375, -22.135784 ], [ -54.617357, -22.135805 ] ] ] } },
{ "type": "Feature", "properties": { "id": 14, "insc_imob": "07.01.36.53.030", "quadra_cartorio": null, "lote_cartorio": "08", "matricula": "64919", "circunscricao": "1º CIRCUNSCRIÇÃO", "zoneamento": null, "condominio": null, "area_geom": 299.99, "cnm": "062661.2.0064919-98" }, "geometry": { "type": "Polygon", "coordinates": [ [ [ -54.612988, -22.130653 ], [ -54.61305, -22.130584 ], [ -54.613273, -22.130758 ], [ -54.613211, -22.130827 ], [ -54.612988, -22.130653 ] ] ] } },
{ "type": "Feature", "properties": { "id": 18, "insc_imob": "07.01.36.53.040", "quadra_cartorio": null, "lote_cartorio": "07", "matricula": "54260", "circunscricao": "1º CIRCUNSCRIÇÃO", "zoneamento": null, "condominio": null, "area_geom": 300.0, "cnm": "062661.2.0054260-65" }, "geometry": { "type": "Polygon", "coordinates": [ [ [ -54.612926, -22.130722 ], [ -54.612988, -22.130653 ], [ -54.613211, -22.130827 ], [ -54.613149, -22.130896 ], [ -54.612926, -22.130722 ] ] ] } },
{ "type": "Feature", "properties": { "id": 5, "insc_imob": "07.01.36.52.011", "quadra_cartorio": null, "lote_cartorio": "14", "matricula": "59033", "circunscricao": "1º CIRCUNSCRIÇÃO", "zoneamento": null, "condominio": null, "area_geom": 341.98, "cnm": "062661.2.0059033-05" }, "geometry": { "type": "Polygon", "coordinates": [ [ [ -54.612367, -22.131281 ], [ -54.612438, -22.131202 ], [ -54.612661, -22.131375 ], [ -54.61259, -22.131454 ], [ -54.612367, -22.131281 ] ] ] } },
{ "type": "Feature", "properties": { "id": 6, "insc_imob": "07.01.36.52.031", "quadra_cartorio": null, "lote_cartorio": "12", "matricula": "59031", "circunscricao": "1º CIRCUNSCRIÇÃO", "zoneamento": null, "condominio": null, "area_geom": 300.0, "cnm": "062661.2.0059031-11" }, "geometry": { "type": "Polygon", "coordinates": [ [ [ -54.612243, -22.131419 ], [ -54.612305, -22.13135 ], [ -54.612528, -22.131524 ], [ -54.612466, -22.131593 ], [ -54.612243, -22.131419 ] ] ] } },
{ "type": "Feature", "properties": { "id": 9, "insc_imob": "07.01.36.52.151", "quadra_cartorio": null, "lote_cartorio": "02", "matricula": "54251", "circunscricao": "1º CIRCUNSCRIÇÃO", "zoneamento": null, "condominio": null, "area_geom": 299.99, "cnm": "062661.2.0054251-92" }, "geometry": { "type": "Polygon", "coordinates": [ [ [ -54.612589, -22.132159 ], [ -54.612776, -22.131952 ], [ -54.61285, -22.132009 ], [ -54.612664, -22.132217 ], [ -54.612589, -22.132159 ] ] ] } },
{ "type": "Feature", "properties": { "id": 10, "insc_imob": "07.01.36.52.201", "quadra_cartorio": null, "lote_cartorio": "01", "matricula": "54250", "circunscricao": "1º CIRCUNSCRIÇÃO", "zoneamento": null, "condominio": null, "area_geom": 300.02, "cnm": "062661.2.0054250-95" }, "geometry": { "type": "Polygon", "coordinates": [ [ [ -54.612664, -22.132217 ], [ -54.61285, -22.132009 ], [ -54.612925, -22.132067 ], [ -54.612738, -22.132275 ], [ -54.612664, -22.132217 ] ] ] } },
{ "type": "Feature", "properties": { "id": 11, "insc_imob": "07.01.36.52.211", "quadra_cartorio": null, "lote_cartorio": "22", "matricula": "54196", "circunscricao": "1º CIRCUNSCRIÇÃO", "zoneamento": null, "condominio": null, "area_geom": 299.98, "cnm": "062661.2.0054196-63" }, "geometry": { "type": "Polygon", "coordinates": [ [ [ -54.612702, -22.131894 ], [ -54.612764, -22.131824 ], [ -54.612987, -22.131998 ], [ -54.612925, -22.132067 ], [ -54.612813, -22.131981 ], [ -54.612702, -22.131894 ] ] ] } },
{ "type": "Feature", "properties": { "id": 12, "insc_imob": "07.01.36.52.221", "quadra_cartorio": null, "lote_cartorio": "21", "matricula": "54147", "circunscricao": "1º CIRCUNSCRIÇÃO", "zoneamento": null, "condominio": null, "area_geom": 299.98, "cnm": "062661.2.0054147-16" }, "geometry": { "type": "Polygon", "coordinates": [ [ [ -54.612764, -22.131824 ], [ -54.612826, -22.131755 ], [ -54.613049, -22.131929 ], [ -54.612987, -22.131998 ], [ -54.612764, -22.131824 ] ] ] } },
{ "type": "Feature", "properties": { "id": 13, "insc_imob": "07.01.36.52.311", "quadra_cartorio": null, "lote_cartorio": "15", "matricula": "54278", "circunscricao": "1º CIRCUNSCRIÇÃO", "zoneamento": null, "condominio": null, "area_geom": 314.0, "cnm": "062661.2.0054278-11" }, "geometry": { "type": "Polygon", "coordinates": [ [ [ -54.61259, -22.131454 ], [ -54.612661, -22.131375 ], [ -54.612736, -22.131433 ], [ -54.612541, -22.131651 ], [ -54.612466, -22.131593 ], [ -54.612528, -22.131524 ], [ -54.61259, -22.131454 ] ] ] } },
{ "type": "Feature", "properties": { "id": 19, "insc_imob": "07.01.36.53.060", "quadra_cartorio": null, "lote_cartorio": "05", "matricula": "59815", "circunscricao": "1º CIRCUNSCRIÇÃO", "zoneamento": null, "condominio": null, "area_geom": 299.98, "cnm": "062661.2.0059815-84" }, "geometry": { "type": "Polygon", "coordinates": [ [ [ -54.612802, -22.130861 ], [ -54.612864, -22.130792 ], [ -54.613087, -22.130965 ], [ -54.613025, -22.131035 ], [ -54.612802, -22.130861 ] ] ] } },
{ "type": "Feature", "properties": { "id": 20, "insc_imob": "07.01.36.53.080", "quadra_cartorio": null, "lote_cartorio": "03", "matricula": "54280", "circunscricao": "1º CIRCUNSCRIÇÃO", "zoneamento": null, "condominio": null, "area_geom": 300.0, "cnm": "062661.2.0054280-05" }, "geometry": { "type": "Polygon", "coordinates": [ [ [ -54.612678, -22.131 ], [ -54.61274, -22.13093 ], [ -54.612963, -22.131104 ], [ -54.612901, -22.131173 ], [ -54.612678, -22.131 ] ] ] } },
{ "type": "Feature", "properties": { "id": 21, "insc_imob": "07.01.36.53.090", "quadra_cartorio": null, "lote_cartorio": "02", "matricula": "55186", "circunscricao": "1º CIRCUNSCRIÇÃO", "zoneamento": null, "condominio": null, "area_geom": 299.99, "cnm": "062661.2.0055186-03" }, "geometry": { "type": "Polygon", "coordinates": [ [ [ -54.612616, -22.131069 ], [ -54.612678, -22.131 ], [ -54.612901, -22.131173 ], [ -54.612839, -22.131243 ], [ -54.612616, -22.131069 ] ] ] } },
{ "type": "Feature", "properties": { "id": 22, "insc_imob": "07.01.36.53.160", "quadra_cartorio": null, "lote_cartorio": "26", "matricula": "54275", "circunscricao": "1º CIRCUNSCRIÇÃO", "zoneamento": null, "condominio": null, "area_geom": 500.01, "cnm": "062661.2.0054275-20" }, "geometry": { "type": "Polygon", "coordinates": [ [ [ -54.612925, -22.131428 ], [ -54.613236, -22.131081 ], [ -54.61331, -22.131139 ], [ -54.613, -22.131485 ], [ -54.612925, -22.131428 ] ] ] } },
{ "type": "Feature", "properties": { "id": 23, "insc_imob": "07.01.36.53.170", "quadra_cartorio": null, "lote_cartorio": "25", "matricula": "54274", "circunscricao": "1º CIRCUNSCRIÇÃO", "zoneamento": null, "condominio": null, "area_geom": 500.01, "cnm": "062661.2.0054274-23" }, "geometry": { "type": "Polygon", "coordinates": [ [ [ -54.613, -22.131485 ], [ -54.61331, -22.131139 ], [ -54.613385, -22.131197 ], [ -54.613322, -22.131266 ], [ -54.61326, -22.131336 ], [ -54.613198, -22.131405 ], [ -54.613136, -22.131474 ], [ -54.613074, -22.131543 ], [ -54.613, -22.131485 ] ] ] } },
{ "type": "Feature", "properties": { "id": 24, "insc_imob": "07.01.36.53.210", "quadra_cartorio": null, "lote_cartorio": "24", "matricula": "54273", "circunscricao": "1º CIRCUNSCRIÇÃO", "zoneamento": null, "condominio": null, "area_geom": 300.0, "cnm": "062661.2.0054273-26" }, "geometry": { "type": "Polygon", "coordinates": [ [ [ -54.613074, -22.131543 ], [ -54.613136, -22.131474 ], [ -54.613359, -22.131648 ], [ -54.613297, -22.131717 ], [ -54.613074, -22.131543 ] ] ] } },
{ "type": "Feature", "properties": { "id": 25, "insc_imob": "07.01.36.53.230", "quadra_cartorio": null, "lote_cartorio": "22", "matricula": "54271", "circunscricao": "1º CIRCUNSCRIÇÃO", "zoneamento": null, "condominio": null, "area_geom": 300.0, "cnm": "062661.2.0054271-32" }, "geometry": { "type": "Polygon", "coordinates": [ [ [ -54.613198, -22.131405 ], [ -54.61326, -22.131336 ], [ -54.613483, -22.131509 ], [ -54.613421, -22.131578 ], [ -54.613198, -22.131405 ] ] ] } },
{ "type": "Feature", "properties": { "id": 26, "insc_imob": "07.01.36.53.330", "quadra_cartorio": null, "lote_cartorio": "15", "matricula": "54314", "circunscricao": "1º CIRCUNSCRIÇÃO", "zoneamento": null, "condominio": null, "area_geom": 300.0, "cnm": "062661.2.0054314-97" }, "geometry": { "type": "Polygon", "coordinates": [ [ [ -54.613633, -22.13092 ], [ -54.613695, -22.130851 ], [ -54.613918, -22.131024 ], [ -54.613856, -22.131093 ], [ -54.613633, -22.13092 ] ] ] } },
{ "type": "Feature", "properties": { "id": 27, "insc_imob": "07.01.36.54.010", "quadra_cartorio": null, "lote_cartorio": "P/05,07,09", "matricula": "66831", "circunscricao": "1º CIRCUNSCRIÇÃO", "zoneamento": null, "condominio": null, "area_geom": 2263.78, "cnm": "062661.2.0066831-85" }, "geometry": { "type": "Polygon", "coordinates": [ [ [ -54.611897, -22.131639 ], [ -54.611493, -22.13131 ], [ -54.611741, -22.13103 ], [ -54.612158, -22.131368 ], [ -54.611897, -22.131639 ] ] ] } },
{ "type": "Feature", "properties": { "id": 42, "insc_imob": "07.01.45.03.179", "quadra_cartorio": null, "lote_cartorio": "P/04", "matricula": "30698", "circunscricao": "1º CIRCUNSCRIÇÃO", "zoneamento": null, "condominio": null, "area_geom": 481.08, "cnm": "062661.2.0030698-38" }, "geometry": { "type": "Polygon", "coordinates": [ [ [ -54.619, -22.138175 ], [ -54.619211, -22.137939 ], [ -54.619316, -22.138021 ], [ -54.619105, -22.138257 ], [ -54.619, -22.138175 ] ] ] } },
{ "type": "Feature", "properties": { "id": 43, "insc_imob": "07.01.45.03.191", "quadra_cartorio": null, "lote_cartorio": "P/04", "matricula": "30697", "circunscricao": "1º CIRCUNSCRIÇÃO", "zoneamento": null, "condominio": null, "area_geom": 419.89, "cnm": "062661.2.0030697-41" }, "geometry": { "type": "Polygon", "coordinates": [ [ [ -54.618933, -22.138076 ], [ -54.619119, -22.137868 ], [ -54.619211, -22.137939 ], [ -54.619, -22.138175 ], [ -54.618908, -22.138103 ], [ -54.618933, -22.138076 ] ] ] } },
{ "type": "Feature", "properties": { "id": 45, "insc_imob": "07.01.45.03.215", "quadra_cartorio": null, "lote_cartorio": "P/04", "matricula": "58105", "circunscricao": "1º CIRCUNSCRIÇÃO", "zoneamento": null, "condominio": null, "area_geom": 407.98, "cnm": "062661.2.0058105-73" }, "geometry": { "type": "Polygon", "coordinates": [ [ [ -54.618729, -22.137964 ], [ -54.618941, -22.137729 ], [ -54.61903, -22.137798 ], [ -54.618843, -22.138006 ], [ -54.618819, -22.138034 ], [ -54.618729, -22.137964 ] ] ] } },
{ "type": "Feature", "properties": { "id": 60, "insc_imob": "07.01.45.03.356", "quadra_cartorio": null, "lote_cartorio": "07", "matricula": "16179", "circunscricao": "1º CIRCUNSCRIÇÃO", "zoneamento": null, "condominio": null, "area_geom": 368.99, "cnm": "062661.2.0016179-42" }, "geometry": { "type": "Polygon", "coordinates": [ [ [ -54.618021, -22.137836 ], [ -54.618084, -22.137767 ], [ -54.618358, -22.13798 ], [ -54.618296, -22.138049 ], [ -54.618021, -22.137836 ] ] ] } },
{ "type": "Feature", "properties": { "id": 64, "insc_imob": "07.01.45.06.129", "quadra_cartorio": null, "lote_cartorio": "10", "matricula": "22427", "circunscricao": "1º CIRCUNSCRIÇÃO", "zoneamento": null, "condominio": null, "area_geom": 347.98, "cnm": "062661.2.0022427-19" }, "geometry": { "type": "Polygon", "coordinates": [ [ [ -54.617392, -22.137711 ], [ -54.617466, -22.137628 ], [ -54.617643, -22.137765 ], [ -54.617682, -22.137796 ], [ -54.617607, -22.137879 ], [ -54.617392, -22.137711 ] ] ] } },
{ "type": "Feature", "properties": { "id": 208, "insc_imob": "07.01.45.08.171", "quadra_cartorio": null, "lote_cartorio": "P/05", "matricula": "47499", "circunscricao": "1º CIRCUNSCRIÇÃO", "zoneamento": null, "condominio": null, "area_geom": 501.98, "cnm": "062661.2.0047499-75" }, "geometry": { "type": "Polygon", "coordinates": [ [ [ -54.616347, -22.136829 ], [ -54.616409, -22.13676 ], [ -54.616708, -22.136992 ], [ -54.616782, -22.13705 ], [ -54.616736, -22.137102 ], [ -54.61672, -22.137119 ], [ -54.616646, -22.137062 ], [ -54.616347, -22.136829 ] ] ] } },
{ "type": "Feature", "properties": { "id": 209, "insc_imob": "07.01.45.08.200", "quadra_cartorio": null, "lote_cartorio": "P/05", "matricula": "37366", "circunscricao": "1º CIRCUNSCRIÇÃO", "zoneamento": null, "condominio": null, "area_geom": 482.39, "cnm": "062661.2.0037366-16" }, "geometry": { "type": "Polygon", "coordinates": [ [ [ -54.616191, -22.137003 ], [ -54.616266, -22.13692 ], [ -54.616565, -22.137152 ], [ -54.616553, -22.137165 ], [ -54.61649, -22.137235 ], [ -54.616191, -22.137003 ] ] ] } },
{ "type": "Feature", "properties": { "id": 210, "insc_imob": "07.01.45.08.210", "quadra_cartorio": null, "lote_cartorio": "P/05", "matricula": "57727", "circunscricao": "1º CIRCUNSCRIÇÃO", "zoneamento": null, "condominio": null, "area_geom": 414.08, "cnm": "062661.2.0057727-43" }, "geometry": { "type": "Polygon", "coordinates": [ [ [ -54.616127, -22.137074 ], [ -54.616191, -22.137003 ], [ -54.61649, -22.137235 ], [ -54.616426, -22.137307 ], [ -54.616127, -22.137074 ] ] ] } },
{ "type": "Feature", "properties": { "id": 286, "insc_imob": "07.01.45.09.176", "quadra_cartorio": null, "lote_cartorio": "07,08,09", "matricula": "13505", "circunscricao": "1º CIRCUNSCRIÇÃO", "zoneamento": null, "condominio": null, "area_geom": 540.87, "cnm": "062661.2.0013505-13" }, "geometry": { "type": "Polygon", "coordinates": [ [ [ -54.615678, -22.136203 ], [ -54.615771, -22.1361 ], [ -54.61604, -22.136311 ], [ -54.615999, -22.136357 ], [ -54.615947, -22.136414 ], [ -54.615678, -22.136203 ] ] ] } },
{ "type": "Feature", "properties": { "id": 220, "insc_imob": "07.01.45.08.251", "quadra_cartorio": null, "lote_cartorio": "P/05", "matricula": "48177", "circunscricao": "1º CIRCUNSCRIÇÃO", "zoneamento": null, "condominio": null, "area_geom": 391.46, "cnm": "062661.2.0048177-78" }, "geometry": { "type": "Polygon", "coordinates": [ [ [ -54.615879, -22.137351 ], [ -54.615939, -22.137284 ], [ -54.616238, -22.137517 ], [ -54.616177, -22.137585 ], [ -54.615879, -22.137351 ] ] ] } },
{ "type": "Feature", "properties": { "id": 254, "insc_imob": "07.01.45.09.027", "quadra_cartorio": null, "lote_cartorio": "P/05", "matricula": "30732", "circunscricao": "1º CIRCUNSCRIÇÃO", "zoneamento": null, "condominio": null, "area_geom": 602.69, "cnm": "062661.2.0030732-33" }, "geometry": { "type": "Polygon", "coordinates": [ [ [ -54.616371, -22.136295 ], [ -54.616677, -22.135957 ], [ -54.616768, -22.136028 ], [ -54.616463, -22.136367 ], [ -54.616371, -22.136295 ] ] ] } },
{ "type": "Feature", "properties": { "id": 255, "insc_imob": "07.01.45.09.034", "quadra_cartorio": null, "lote_cartorio": "P/05", "matricula": "33752", "circunscricao": "1º CIRCUNSCRIÇÃO", "zoneamento": null, "condominio": null, "area_geom": 342.94, "cnm": "062661.2.0033752-91" }, "geometry": { "type": "Polygon", "coordinates": [ [ [ -54.616319, -22.136255 ], [ -54.616625, -22.135916 ], [ -54.616677, -22.135957 ], [ -54.616371, -22.136295 ], [ -54.616319, -22.136255 ] ] ] } },
{ "type": "Feature", "properties": { "id": 285, "insc_imob": "07.01.45.09.161", "quadra_cartorio": null, "lote_cartorio": "P/07,08,09", "matricula": "25643", "circunscricao": "1º CIRCUNSCRIÇÃO", "zoneamento": null, "condominio": null, "area_geom": 348.46, "cnm": "062661.2.0025643-71" }, "geometry": { "type": "Polygon", "coordinates": [ [ [ -54.615771, -22.1361 ], [ -54.615831, -22.136034 ], [ -54.6161, -22.136245 ], [ -54.616061, -22.136288 ], [ -54.61604, -22.136311 ], [ -54.615771, -22.1361 ] ] ] } },
{ "type": "Feature", "properties": { "id": 287, "insc_imob": "07.01.45.09.186", "quadra_cartorio": null, "lote_cartorio": "P/05", "matricula": "13505", "circunscricao": "1º CIRCUNSCRIÇÃO", "zoneamento": null, "condominio": null, "area_geom": 373.89, "cnm": "062661.2.0013505-13" }, "geometry": { "type": "Polygon", "coordinates": [ [ [ -54.615614, -22.136274 ], [ -54.615678, -22.136203 ], [ -54.615947, -22.136414 ], [ -54.615936, -22.136426 ], [ -54.615883, -22.136485 ], [ -54.615614, -22.136274 ] ] ] } },
{ "type": "Feature", "properties": { "id": 302, "insc_imob": "07.01.45.09.467", "quadra_cartorio": null, "lote_cartorio": "P/05", "matricula": "61738", "circunscricao": "1º CIRCUNSCRIÇÃO", "zoneamento": null, "condominio": null, "area_geom": 498.04, "cnm": "062661.2.0061738-38" }, "geometry": { "type": "Polygon", "coordinates": [ [ [ -54.616161, -22.136178 ], [ -54.616186, -22.13615 ], [ -54.616245, -22.136197 ], [ -54.616319, -22.136255 ], [ -54.616371, -22.136295 ], [ -54.616463, -22.136367 ], [ -54.616555, -22.13644 ], [ -54.616493, -22.136509 ], [ -54.616124, -22.136219 ], [ -54.616161, -22.136178 ] ] ] } },
{ "type": "Feature", "properties": { "id": 303, "insc_imob": "07.01.46.01.204", "quadra_cartorio": null, "lote_cartorio": "P/05", "matricula": "TR-36259", "circunscricao": "1º CIRCUNSCRIÇÃO", "zoneamento": null, "condominio": null, "area_geom": 2901.41, "cnm": null }, "geometry": { "type": "Polygon", "coordinates": [ [ [ -54.61521, -22.135953 ], [ -54.615188, -22.135978 ], [ -54.614965, -22.135805 ], [ -54.615583, -22.135115 ], [ -54.615754, -22.135248 ], [ -54.615536, -22.135491 ], [ -54.615633, -22.135566 ], [ -54.615585, -22.13562 ], [ -54.615522, -22.13569 ], [ -54.615466, -22.135753 ], [ -54.615421, -22.135718 ], [ -54.61521, -22.135953 ] ] ] } },
{ "type": "Feature", "properties": { "id": 305, "insc_imob": "07.01.46.01.286", "quadra_cartorio": null, "lote_cartorio": "P/06", "matricula": "TR-16025", "circunscricao": "1º CIRCUNSCRIÇÃO", "zoneamento": null, "condominio": null, "area_geom": 409.2, "cnm": null }, "geometry": { "type": "Polygon", "coordinates": [ [ [ -54.615453, -22.136143 ], [ -54.615659, -22.135901 ], [ -54.615749, -22.13597 ], [ -54.615544, -22.13621 ], [ -54.615453, -22.136143 ] ] ] } },
{ "type": "Feature", "properties": { "id": 306, "insc_imob": "07.01.46.01.305", "quadra_cartorio": null, "lote_cartorio": "15", "matricula": "14880", "circunscricao": "1º CIRCUNSCRIÇÃO", "zoneamento": null, "condominio": null, "area_geom": 387.59, "cnm": "062661.2.0014880-59" }, "geometry": { "type": "Polygon", "coordinates": [ [ [ -54.615522, -22.13569 ], [ -54.615585, -22.13562 ], [ -54.615868, -22.135839 ], [ -54.615804, -22.13591 ], [ -54.615522, -22.13569 ] ] ] } },
{ "type": "Feature", "properties": { "id": 307, "insc_imob": "07.01.46.01.315", "quadra_cartorio": null, "lote_cartorio": "16", "matricula": "13001", "circunscricao": "1º CIRCUNSCRIÇÃO", "zoneamento": null, "condominio": null, "area_geom": 380.01, "cnm": "062661.2.0013001-70" }, "geometry": { "type": "Polygon", "coordinates": [ [ [ -54.615585, -22.13562 ], [ -54.615647, -22.13555 ], [ -54.61574, -22.135623 ], [ -54.615835, -22.135696 ], [ -54.61593, -22.13577 ], [ -54.615868, -22.135839 ], [ -54.615585, -22.13562 ] ] ] } },
{ "type": "Feature", "properties": { "id": 316, "insc_imob": "07.01.46.03.124", "quadra_cartorio": null, "lote_cartorio": "06", "matricula": "120458", "circunscricao": "1º CIRCUNSCRIÇÃO", "zoneamento": null, "condominio": null, "area_geom": 702.66, "cnm": "062661.2.0120458-30" }, "geometry": { "type": "Polygon", "coordinates": [ [ [ -54.614044, -22.134433 ], [ -54.614372, -22.134076 ], [ -54.614472, -22.134155 ], [ -54.614143, -22.134512 ], [ -54.614044, -22.134433 ] ] ] } },
{ "type": "Feature", "properties": { "id": 320, "insc_imob": "07.01.46.04.025", "quadra_cartorio": null, "lote_cartorio": "02", "matricula": "20800", "circunscricao": "1º CIRCUNSCRIÇÃO", "zoneamento": null, "condominio": null, "area_geom": 359.99, "cnm": "062661.2.0020800-50" }, "geometry": { "type": "Polygon", "coordinates": [ [ [ -54.613864, -22.134086 ], [ -54.614051, -22.133878 ], [ -54.61414, -22.133947 ], [ -54.613954, -22.134155 ], [ -54.613864, -22.134086 ] ] ] } },
{ "type": "Feature", "properties": { "id": 321, "insc_imob": "07.01.46.04.037", "quadra_cartorio": null, "lote_cartorio": "P/05", "matricula": "380", "circunscricao": "1º CIRCUNSCRIÇÃO", "zoneamento": null, "condominio": null, "area_geom": 347.97, "cnm": "062661.2.0000380-06" }, "geometry": { "type": "Polygon", "coordinates": [ [ [ -54.613778, -22.134018 ], [ -54.613965, -22.133811 ], [ -54.614051, -22.133878 ], [ -54.613864, -22.134086 ], [ -54.613778, -22.134018 ] ] ] } },
{ "type": "Feature", "properties": { "id": 328, "insc_imob": "07.01.46.04.198", "quadra_cartorio": null, "lote_cartorio": "12", "matricula": "21615", "circunscricao": "1º CIRCUNSCRIÇÃO", "zoneamento": null, "condominio": null, "area_geom": 383.97, "cnm": "062661.2.0021615-30" }, "geometry": { "type": "Polygon", "coordinates": [ [ [ -54.612985, -22.134225 ], [ -54.613172, -22.134017 ], [ -54.613267, -22.134091 ], [ -54.61308, -22.134299 ], [ -54.612985, -22.134225 ] ] ] } },
{ "type": "Feature", "properties": { "id": 329, "insc_imob": "07.01.46.04.222", "quadra_cartorio": null, "lote_cartorio": "14", "matricula": "21617", "circunscricao": "1º CIRCUNSCRIÇÃO", "zoneamento": null, "condominio": null, "area_geom": 359.99, "cnm": "062661.2.0021617-24" }, "geometry": { "type": "Polygon", "coordinates": [ [ [ -54.61317, -22.134368 ], [ -54.613356, -22.13416 ], [ -54.613445, -22.13423 ], [ -54.613259, -22.134438 ], [ -54.61317, -22.134368 ] ] ] } },
{ "type": "Feature", "properties": { "id": 330, "insc_imob": "07.01.46.04.234", "quadra_cartorio": null, "lote_cartorio": "15", "matricula": "21618", "circunscricao": "1º CIRCUNSCRIÇÃO", "zoneamento": null, "condominio": null, "area_geom": 359.98, "cnm": "062661.2.0021618-21" }, "geometry": { "type": "Polygon", "coordinates": [ [ [ -54.613259, -22.134438 ], [ -54.613445, -22.13423 ], [ -54.613483, -22.134259 ], [ -54.613535, -22.134299 ], [ -54.613348, -22.134507 ], [ -54.613259, -22.134438 ] ] ] } },
{ "type": "Feature", "properties": { "id": 336, "insc_imob": "07.01.46.05.024", "quadra_cartorio": null, "lote_cartorio": "01", "matricula": "114020/114021", "circunscricao": "1º CIRCUNSCRIÇÃO", "zoneamento": null, "condominio": null, "area_geom": 363.04, "cnm": "062661.2.1140201-84" }, "geometry": { "type": "Polygon", "coordinates": [ [ [ -54.613242, -22.133582 ], [ -54.613423, -22.133371 ], [ -54.613516, -22.133443 ], [ -54.613329, -22.13365 ], [ -54.613242, -22.133582 ] ] ] } },
{ "type": "Feature", "properties": { "id": 337, "insc_imob": "07.01.46.05.036", "quadra_cartorio": null, "lote_cartorio": "03", "matricula": "29243", "circunscricao": "1º CIRCUNSCRIÇÃO", "zoneamento": null, "condominio": null, "area_geom": 359.95, "cnm": "062661.2.0029243-38" }, "geometry": { "type": "Polygon", "coordinates": [ [ [ -54.613061, -22.133442 ], [ -54.613248, -22.133234 ], [ -54.613337, -22.133304 ], [ -54.613151, -22.133511 ], [ -54.613061, -22.133442 ] ] ] } },
{ "type": "Feature", "properties": { "id": 345, "insc_imob": "07.01.46.05.233", "quadra_cartorio": null, "lote_cartorio": "15", "matricula": "88834", "circunscricao": "1º CIRCUNSCRIÇÃO", "zoneamento": null, "condominio": null, "area_geom": 360.01, "cnm": "062661.2.0088834-36" }, "geometry": { "type": "Polygon", "coordinates": [ [ [ -54.61253, -22.133852 ], [ -54.612716, -22.133644 ], [ -54.612765, -22.133681 ], [ -54.612806, -22.133713 ], [ -54.612619, -22.133921 ], [ -54.61253, -22.133852 ] ] ] } },
{ "type": "Feature", "properties": { "id": 346, "insc_imob": "07.01.46.05.245", "quadra_cartorio": null, "lote_cartorio": "16", "matricula": "44340", "circunscricao": "1º CIRCUNSCRIÇÃO", "zoneamento": null, "condominio": null, "area_geom": 359.98, "cnm": "062661.2.0044340-46" }, "geometry": { "type": "Polygon", "coordinates": [ [ [ -54.612619, -22.133921 ], [ -54.612806, -22.133713 ], [ -54.612895, -22.133783 ], [ -54.612708, -22.133991 ], [ -54.612619, -22.133921 ] ] ] } },
{ "type": "Feature", "properties": { "id": 356, "insc_imob": "07.01.46.05.330", "quadra_cartorio": null, "lote_cartorio": "21", "matricula": "32768", "circunscricao": "1º CIRCUNSCRIÇÃO", "zoneamento": null, "condominio": null, "area_geom": 425.01, "cnm": "062661.2.0032768-36" }, "geometry": { "type": "Polygon", "coordinates": [ [ [ -54.612889, -22.133543 ], [ -54.612951, -22.133474 ], [ -54.613267, -22.13372 ], [ -54.613205, -22.133789 ], [ -54.612889, -22.133543 ] ] ] } },
{ "type": "Feature", "properties": { "id": 357, "insc_imob": "07.01.46.05.340", "quadra_cartorio": null, "lote_cartorio": "22", "matricula": "32768", "circunscricao": "1º CIRCUNSCRIÇÃO", "zoneamento": null, "condominio": null, "area_geom": 425.02, "cnm": "062661.2.0032768-36" }, "geometry": { "type": "Polygon", "coordinates": [ [ [ -54.612951, -22.133474 ], [ -54.613013, -22.133404 ], [ -54.613061, -22.133442 ], [ -54.613151, -22.133511 ], [ -54.613242, -22.133582 ], [ -54.613329, -22.13365 ], [ -54.613267, -22.13372 ], [ -54.612951, -22.133474 ] ] ] } },
{ "type": "Feature", "properties": { "id": 358, "insc_imob": "07.01.46.06.027", "quadra_cartorio": null, "lote_cartorio": "02", "matricula": "2296", "circunscricao": "1º CIRCUNSCRIÇÃO", "zoneamento": null, "condominio": null, "area_geom": 377.97, "cnm": "062661.2.0002296-78" }, "geometry": { "type": "Polygon", "coordinates": [ [ [ -54.612403, -22.132939 ], [ -54.612589, -22.132731 ], [ -54.612683, -22.132804 ], [ -54.612496, -22.133012 ], [ -54.612403, -22.132939 ] ] ] } },
{ "type": "Feature", "properties": { "id": 361, "insc_imob": "07.01.46.06.178", "quadra_cartorio": null, "lote_cartorio": "P/07", "matricula": "14878", "circunscricao": "1º CIRCUNSCRIÇÃO", "zoneamento": null, "condominio": null, "area_geom": 1394.38, "cnm": "062661.2.0014878-65" }, "geometry": { "type": "Polygon", "coordinates": [ [ [ -54.611742, -22.132657 ], [ -54.612051, -22.132312 ], [ -54.612259, -22.132474 ], [ -54.61195, -22.132819 ], [ -54.611869, -22.132756 ], [ -54.611742, -22.132657 ] ] ] } },
{ "type": "Feature", "properties": { "id": 365, "insc_imob": "07.01.46.06.287", "quadra_cartorio": null, "lote_cartorio": "04", "matricula": "45616", "circunscricao": "1º CIRCUNSCRIÇÃO", "zoneamento": null, "condominio": null, "area_geom": 395.43, "cnm": "062661.2.0045616-98" }, "geometry": { "type": "Polygon", "coordinates": [ [ [ -54.611965, -22.133422 ], [ -54.612148, -22.13322 ], [ -54.612247, -22.133297 ], [ -54.612066, -22.133502 ], [ -54.611965, -22.133422 ] ] ] } },
{ "type": "Feature", "properties": { "id": 366, "insc_imob": "07.01.46.06.330", "quadra_cartorio": null, "lote_cartorio": "07", "matricula": "29998", "circunscricao": "1º CIRCUNSCRIÇÃO", "zoneamento": null, "condominio": null, "area_geom": 399.38, "cnm": "062661.2.0029998-04" }, "geometry": { "type": "Polygon", "coordinates": [ [ [ -54.612066, -22.133502 ], [ -54.612247, -22.133297 ], [ -54.612349, -22.133376 ], [ -54.612167, -22.133579 ], [ -54.612066, -22.133502 ] ] ] } },
{ "type": "Feature", "properties": { "id": 736, "insc_imob": "07.01.35.37.026", "quadra_cartorio": null, "lote_cartorio": "07", "matricula": "47884", "circunscricao": "1º CIRCUNSCRIÇÃO", "zoneamento": null, "condominio": null, "area_geom": 371.98, "cnm": "062661.2.0047884-84" }, "geometry": { "type": "Polygon", "coordinates": [ [ [ -54.617756, -22.134332 ], [ -54.61783, -22.134249 ], [ -54.618061, -22.134428 ], [ -54.617986, -22.134511 ], [ -54.617756, -22.134332 ] ] ] } },
{ "type": "Feature", "properties": { "id": 737, "insc_imob": "07.01.36.52.231", "quadra_cartorio": null, "lote_cartorio": "20", "matricula": "54146", "circunscricao": "1º CIRCUNSCRIÇÃO", "zoneamento": null, "condominio": null, "area_geom": 299.91, "cnm": "062661.2.0054146-19" }, "geometry": { "type": "Polygon", "coordinates": [ [ [ -54.612826, -22.131755 ], [ -54.612835, -22.131745 ], [ -54.612888, -22.131686 ], [ -54.613111, -22.13186 ], [ -54.613049, -22.131929 ], [ -54.612826, -22.131755 ] ] ] } },
{ "type": "Feature", "properties": { "id": 739, "insc_imob": "07.01.46.04.300", "quadra_cartorio": null, "lote_cartorio": "18", "matricula": "29915", "circunscricao": "1º CIRCUNSCRIÇÃO", "zoneamento": null, "condominio": null, "area_geom": 359.99, "cnm": "062661.2.0029915-59" }, "geometry": { "type": "Polygon", "coordinates": [ [ [ -54.613527, -22.134646 ], [ -54.613713, -22.134438 ], [ -54.613802, -22.134508 ], [ -54.613616, -22.134716 ], [ -54.613527, -22.134646 ] ] ] } },
{ "type": "Feature", "properties": { "id": 1468, "insc_imob": "07.01.24.21.909", "quadra_cartorio": null, "lote_cartorio": "18", "matricula": "81441", "circunscricao": "1º CIRCUNSCRIÇÃO", "zoneamento": null, "condominio": null, "area_geom": 2499.89, "cnm": "062661.2.0081441-02" }, "geometry": { "type": "Polygon", "coordinates": [ [ [ -54.632413, -22.143116 ], [ -54.632655, -22.143096 ], [ -54.632741, -22.143995 ], [ -54.6325, -22.144016 ], [ -54.632413, -22.143116 ] ] ] } },
{ "type": "Feature", "properties": { "id": 1469, "insc_imob": "07.01.35.45.294", "quadra_cartorio": null, "lote_cartorio": "11", "matricula": "16909", "circunscricao": "1º CIRCUNSCRIÇÃO", "zoneamento": null, "condominio": null, "area_geom": 347.98, "cnm": "062661.2.0016909-83" }, "geometry": { "type": "Polygon", "coordinates": [ [ [ -54.619351, -22.136948 ], [ -54.619532, -22.136747 ], [ -54.619621, -22.136816 ], [ -54.619441, -22.137017 ], [ -54.619351, -22.136948 ] ] ] } },
{ "type": "Feature", "properties": { "id": 1470, "insc_imob": "07.01.36.36.195", "quadra_cartorio": null, "lote_cartorio": "P/06", "matricula": "94096", "circunscricao": "1º CIRCUNSCRIÇÃO", "zoneamento": null, "condominio": null, "area_geom": 249.99, "cnm": "062661.2.0094096-61" }, "geometry": { "type": "Polygon", "coordinates": [ [ [ -54.615097, -22.131233 ], [ -54.615159, -22.131164 ], [ -54.615345, -22.131309 ], [ -54.615282, -22.131378 ], [ -54.615097, -22.131233 ] ] ] } },
{ "type": "Feature", "properties": { "id": 2282, "insc_imob": "07.01.24.32.010", "quadra_cartorio": null, "lote_cartorio": null, "matricula": "66442", "circunscricao": "1º CIRCUNSCRIÇÃO", "zoneamento": null, "condominio": null, "area_geom": 320656.41, "cnm": "062661.2.0066442-88" }, "geometry": { "type": "Polygon", "coordinates": [ [ [ -54.622366, -22.139829 ], [ -54.626753, -22.134996 ], [ -54.626765, -22.134983 ], [ -54.62697, -22.135144 ], [ -54.629606, -22.137212 ], [ -54.629538, -22.137287 ], [ -54.627079, -22.139996 ], [ -54.628337, -22.140987 ], [ -54.627488, -22.141922 ], [ -54.62646, -22.143055 ], [ -54.622366, -22.139829 ] ] ] } },
{ "type": "Feature", "properties": { "id": 2699, "insc_imob": "07.01.36.39.245", "quadra_cartorio": null, "lote_cartorio": "A", "matricula": "56007", "circunscricao": "1º CIRCUNSCRIÇÃO", "zoneamento": null, "condominio": null, "area_geom": 176.01, "cnm": "062661.2.0056007-62" }, "geometry": { "type": "Polygon", "coordinates": [ [ [ -54.616477, -22.133765 ], [ -54.616546, -22.133689 ], [ -54.616665, -22.133781 ], [ -54.616596, -22.133858 ], [ -54.616477, -22.133765 ] ] ] } },
{ "type": "Feature", "properties": { "id": 2700, "insc_imob": "07.01.46.05.197", "quadra_cartorio": null, "lote_cartorio": "12", "matricula": "27918", "circunscricao": "1º CIRCUNSCRIÇÃO", "zoneamento": null, "condominio": null, "area_geom": 359.96, "cnm": "062661.2.0027918-36" }, "geometry": { "type": "Polygon", "coordinates": [ [ [ -54.612262, -22.133643 ], [ -54.612449, -22.133435 ], [ -54.612538, -22.133505 ], [ -54.61244, -22.133614 ], [ -54.612351, -22.133713 ], [ -54.612262, -22.133643 ] ] ] } },
{ "type": "Feature", "properties": { "id": 3497, "insc_imob": "07.01.46.03.206", "quadra_cartorio": null, "lote_cartorio": "15", "matricula": "20538", "circunscricao": "1º CIRCUNSCRIÇÃO", "zoneamento": null, "condominio": null, "area_geom": 660.0, "cnm": "062661.2.0020538-60" }, "geometry": { "type": "Polygon", "coordinates": [ [ [ -54.613729, -22.134775 ], [ -54.613918, -22.13457 ], [ -54.61408, -22.134699 ], [ -54.613891, -22.134905 ], [ -54.613729, -22.134775 ] ] ] } },
{ "type": "Feature", "properties": { "id": 4462, "insc_imob": "07.01.35.46.041", "quadra_cartorio": null, "lote_cartorio": "12", "matricula": "47845", "circunscricao": "1º CIRCUNSCRIÇÃO", "zoneamento": null, "condominio": null, "area_geom": 627.03, "cnm": "062661.2.0047845-07" }, "geometry": { "type": "Polygon", "coordinates": [ [ [ -54.617818, -22.13589 ], [ -54.617892, -22.135807 ], [ -54.617982, -22.135876 ], [ -54.618071, -22.135946 ], [ -54.61816, -22.136015 ], [ -54.618249, -22.136085 ], [ -54.618281, -22.136109 ], [ -54.618206, -22.136192 ], [ -54.617818, -22.13589 ] ] ] } },
{ "type": "Feature", "properties": { "id": 4463, "insc_imob": "07.01.36.33.076", "quadra_cartorio": null, "lote_cartorio": "08", "matricula": "79433", "circunscricao": "1º CIRCUNSCRIÇÃO", "zoneamento": null, "condominio": null, "area_geom": 222.99, "cnm": "062661.2.0079433-12" }, "geometry": { "type": "Polygon", "coordinates": [ [ [ -54.616093, -22.131772 ], [ -54.616232, -22.131618 ], [ -54.616306, -22.131676 ], [ -54.616167, -22.13183 ], [ -54.616093, -22.131772 ] ] ] } },
{ "type": "Feature", "properties": { "id": 5311, "insc_imob": "07.01.36.53.280", "quadra_cartorio": null, "lote_cartorio": "17", "matricula": "54261", "circunscricao": "1º CIRCUNSCRIÇÃO", "zoneamento": null, "condominio": null, "area_geom": 299.97, "cnm": "062661.2.0054261-62" }, "geometry": { "type": "Polygon", "coordinates": [ [ [ -54.613509, -22.131058 ], [ -54.613571, -22.130989 ], [ -54.613794, -22.131163 ], [ -54.613732, -22.131232 ], [ -54.613509, -22.131058 ] ] ] } },
{ "type": "Feature", "properties": { "id": 5826, "insc_imob": "07.01.35.35.168", "quadra_cartorio": null, "lote_cartorio": "A", "matricula": "66607", "circunscricao": "1º CIRCUNSCRIÇÃO", "zoneamento": null, "condominio": null, "area_geom": 383.98, "cnm": "062661.2.0066607-78" }, "geometry": { "type": "Polygon", "coordinates": [ [ [ -54.619403, -22.136512 ], [ -54.619602, -22.136291 ], [ -54.619691, -22.13636 ], [ -54.619492, -22.136582 ], [ -54.619403, -22.136512 ] ] ] } },
{ "type": "Feature", "properties": { "id": 6219, "insc_imob": "07.01.35.25.152", "quadra_cartorio": null, "lote_cartorio": "14", "matricula": "31768", "circunscricao": "1º CIRCUNSCRIÇÃO", "zoneamento": null, "condominio": null, "area_geom": 359.97, "cnm": "062661.2.0031768-29" }, "geometry": { "type": "Polygon", "coordinates": [ [ [ -54.619824, -22.135522 ], [ -54.62001, -22.135315 ], [ -54.620099, -22.135384 ], [ -54.619913, -22.135592 ], [ -54.619824, -22.135522 ] ] ] } },
{ "type": "Feature", "properties": { "id": 6227, "insc_imob": "07.01.36.48.225", "quadra_cartorio": null, "lote_cartorio": "08", "matricula": "5948", "circunscricao": "1º CIRCUNSCRIÇÃO", "zoneamento": null, "condominio": null, "area_geom": 439.87, "cnm": "062661.2.0005948-83" }, "geometry": { "type": "Polygon", "coordinates": [ [ [ -54.61639, -22.135418 ], [ -54.616572, -22.135215 ], [ -54.616684, -22.135302 ], [ -54.616501, -22.135505 ], [ -54.61639, -22.135418 ] ] ] } },
{ "type": "Feature", "properties": { "id": 7262, "insc_imob": "07.01.24.31.384", "quadra_cartorio": null, "lote_cartorio": "10", "matricula": "97818", "circunscricao": "1º CIRCUNSCRIÇÃO", "zoneamento": null, "condominio": null, "area_geom": 4218.45, "cnm": "062661.2.0097818-50" }, "geometry": { "type": "Polygon", "coordinates": [ [ [ -54.631481, -22.144282 ], [ -54.631783, -22.144257 ], [ -54.631899, -22.145471 ], [ -54.631598, -22.145496 ], [ -54.631481, -22.144282 ] ] ] } },
{ "type": "Feature", "properties": { "id": 7267, "insc_imob": "07.01.46.01.026", "quadra_cartorio": null, "lote_cartorio": "02", "matricula": "57716", "circunscricao": "1º CIRCUNSCRIÇÃO", "zoneamento": null, "condominio": null, "area_geom": 415.28, "cnm": "062661.2.0057716-76" }, "geometry": { "type": "Polygon", "coordinates": [ [ [ -54.61574, -22.135623 ], [ -54.615943, -22.135396 ], [ -54.616038, -22.13547 ], [ -54.615835, -22.135696 ], [ -54.61574, -22.135623 ] ] ] } },
{ "type": "Feature", "properties": { "id": 7978, "insc_imob": "07.01.25.12.718", "quadra_cartorio": null, "lote_cartorio": "06", "matricula": "68623", "circunscricao": "1º CIRCUNSCRIÇÃO", "zoneamento": null, "condominio": null, "area_geom": 1860.02, "cnm": "062661.2.0068623-44" }, "geometry": { "type": "Polygon", "coordinates": [ [ [ -54.625273, -22.131068 ], [ -54.625658, -22.130639 ], [ -54.625881, -22.130812 ], [ -54.625496, -22.131242 ], [ -54.625273, -22.131068 ] ] ] } },
{ "type": "Feature", "properties": { "id": 7979, "insc_imob": "07.01.36.33.202", "quadra_cartorio": null, "lote_cartorio": "20", "matricula": "79433", "circunscricao": "1º CIRCUNSCRIÇÃO", "zoneamento": null, "condominio": null, "area_geom": 234.06, "cnm": "062661.2.0079433-12" }, "geometry": { "type": "Polygon", "coordinates": [ [ [ -54.616751, -22.132024 ], [ -54.61689, -22.13187 ], [ -54.616968, -22.131931 ], [ -54.616829, -22.132085 ], [ -54.616751, -22.132024 ] ] ] } },
{ "type": "Feature", "properties": { "id": 7980, "insc_imob": "07.01.36.42.090", "quadra_cartorio": null, "lote_cartorio": "09", "matricula": "59029", "circunscricao": "1º CIRCUNSCRIÇÃO", "zoneamento": null, "condominio": null, "area_geom": 360.0, "cnm": "062661.2.0059029-17" }, "geometry": { "type": "Polygon", "coordinates": [ [ [ -54.613412, -22.131708 ], [ -54.613474, -22.131639 ], [ -54.613742, -22.131847 ], [ -54.613736, -22.131854 ], [ -54.61368, -22.131917 ], [ -54.613412, -22.131708 ] ] ] } },
{ "type": "Feature", "properties": { "id": 8449, "insc_imob": "07.01.46.04.340", "quadra_cartorio": null, "lote_cartorio": "21 e 22", "matricula": "TR-43150", "circunscricao": "1º CIRCUNSCRIÇÃO", "zoneamento": null, "condominio": null, "area_geom": 857.96, "cnm": null }, "geometry": { "type": "Polygon", "coordinates": [ [ [ -54.61367, -22.134052 ], [ -54.613732, -22.133982 ], [ -54.613778, -22.134018 ], [ -54.613864, -22.134086 ], [ -54.613954, -22.134155 ], [ -54.614051, -22.134231 ], [ -54.613926, -22.134369 ], [ -54.613607, -22.134121 ], [ -54.61367, -22.134052 ] ] ] } },
{ "type": "Feature", "properties": { "id": 9704, "insc_imob": "07.01.36.21.269", "quadra_cartorio": null, "lote_cartorio": "24", "matricula": "61968", "circunscricao": "1º CIRCUNSCRIÇÃO", "zoneamento": null, "condominio": null, "area_geom": 494.87, "cnm": "062661.2.0061968-27" }, "geometry": { "type": "Polygon", "coordinates": [ [ [ -54.618703, -22.132391 ], [ -54.618765, -22.132321 ], [ -54.618843, -22.132382 ], [ -54.618932, -22.132451 ], [ -54.619022, -22.132521 ], [ -54.619133, -22.132608 ], [ -54.619071, -22.132677 ], [ -54.618703, -22.132391 ] ] ] } },
{ "type": "Feature", "properties": { "id": 10606, "insc_imob": "07.01.35.46.118", "quadra_cartorio": null, "lote_cartorio": "02", "matricula": "4154", "circunscricao": "1º CIRCUNSCRIÇÃO", "zoneamento": null, "condominio": null, "area_geom": 353.82, "cnm": "062661.2.0004154-33" }, "geometry": { "type": "Polygon", "coordinates": [ [ [ -54.617575, -22.13633 ], [ -54.617758, -22.136126 ], [ -54.617847, -22.136195 ], [ -54.617664, -22.1364 ], [ -54.617575, -22.13633 ] ] ] } },
{ "type": "Feature", "properties": { "id": 10635, "insc_imob": "07.01.35.46.240", "quadra_cartorio": null, "lote_cartorio": "09", "matricula": "17521", "circunscricao": "1º CIRCUNSCRIÇÃO", "zoneamento": null, "condominio": null, "area_geom": 627.02, "cnm": "062661.2.0017521-90" }, "geometry": { "type": "Polygon", "coordinates": [ [ [ -54.618057, -22.136359 ], [ -54.618132, -22.136276 ], [ -54.61852, -22.136578 ], [ -54.618446, -22.136661 ], [ -54.618293, -22.136543 ], [ -54.618204, -22.136473 ], [ -54.618115, -22.136404 ], [ -54.618057, -22.136359 ] ] ] } },
{ "type": "Feature", "properties": { "id": 10637, "insc_imob": "07.01.35.46.264", "quadra_cartorio": null, "lote_cartorio": "11", "matricula": "47271", "circunscricao": "1º CIRCUNSCRIÇÃO", "zoneamento": null, "condominio": null, "area_geom": 627.09, "cnm": "062661.2.0047271-80" }, "geometry": { "type": "Polygon", "coordinates": [ [ [ -54.618206, -22.136192 ], [ -54.618281, -22.136109 ], [ -54.618338, -22.136154 ], [ -54.618428, -22.136224 ], [ -54.618517, -22.136293 ], [ -54.618669, -22.136412 ], [ -54.618595, -22.136495 ], [ -54.618206, -22.136192 ] ] ] } },
{ "type": "Feature", "properties": { "id": 10638, "insc_imob": "07.01.35.46.313", "quadra_cartorio": null, "lote_cartorio": "12", "matricula": "25100", "circunscricao": "1º CIRCUNSCRIÇÃO", "zoneamento": null, "condominio": null, "area_geom": 594.39, "cnm": "062661.2.0025100-51" }, "geometry": { "type": "Polygon", "coordinates": [ [ [ -54.618669, -22.136412 ], [ -54.618517, -22.136293 ], [ -54.618697, -22.136092 ], [ -54.61885, -22.136211 ], [ -54.618669, -22.136412 ] ] ] } },
{ "type": "Feature", "properties": { "id": 10639, "insc_imob": "07.01.35.46.325", "quadra_cartorio": null, "lote_cartorio": "13", "matricula": "31463", "circunscricao": "1º CIRCUNSCRIÇÃO", "zoneamento": null, "condominio": null, "area_geom": 347.96, "cnm": "062661.2.0031463-71" }, "geometry": { "type": "Polygon", "coordinates": [ [ [ -54.618428, -22.136224 ], [ -54.618608, -22.136023 ], [ -54.618697, -22.136092 ], [ -54.618517, -22.136293 ], [ -54.618428, -22.136224 ] ] ] } },
{ "type": "Feature", "properties": { "id": 10640, "insc_imob": "07.01.35.46.337", "quadra_cartorio": null, "lote_cartorio": "14", "matricula": "27054", "circunscricao": "1º CIRCUNSCRIÇÃO", "zoneamento": null, "condominio": null, "area_geom": 347.97, "cnm": "062661.2.0027054-09" }, "geometry": { "type": "Polygon", "coordinates": [ [ [ -54.618338, -22.136154 ], [ -54.618519, -22.135953 ], [ -54.618608, -22.136023 ], [ -54.618428, -22.136224 ], [ -54.618338, -22.136154 ] ] ] } },
{ "type": "Feature", "properties": { "id": 10651, "insc_imob": "07.01.35.47.118", "quadra_cartorio": null, "lote_cartorio": "02", "matricula": "64392", "circunscricao": "1º CIRCUNSCRIÇÃO", "zoneamento": null, "condominio": null, "area_geom": 352.35, "cnm": "062661.2.0064392-30" }, "geometry": { "type": "Polygon", "coordinates": [ [ [ -54.616713, -22.135649 ], [ -54.616896, -22.135446 ], [ -54.616985, -22.135515 ], [ -54.616802, -22.135719 ], [ -54.616713, -22.135649 ] ] ] } },
{ "type": "Feature", "properties": { "id": 11518, "insc_imob": "07.01.24.16.244", "quadra_cartorio": null, "lote_cartorio": "12", "matricula": "132058", "circunscricao": "1º CIRCUNSCRIÇÃO", "zoneamento": null, "condominio": null, "area_geom": 1859.99, "cnm": "062661.2.0132058-53" }, "geometry": { "type": "Polygon", "coordinates": [ [ [ -54.62905, -22.134373 ], [ -54.629243, -22.134158 ], [ -54.629466, -22.134332 ], [ -54.629081, -22.134761 ], [ -54.628858, -22.134588 ], [ -54.62905, -22.134373 ] ] ] } },
{ "type": "Feature", "properties": { "id": 11891, "insc_imob": "07.01.35.47.241", "quadra_cartorio": null, "lote_cartorio": "P/L 01", "matricula": "16810", "circunscricao": "1º CIRCUNSCRIÇÃO", "zoneamento": null, "condominio": null, "area_geom": 270.01, "cnm": "062661.2.0016810-89" }, "geometry": { "type": "Polygon", "coordinates": [ [ [ -54.617431, -22.135721 ], [ -54.617654, -22.135895 ], [ -54.617598, -22.135957 ], [ -54.617375, -22.135784 ], [ -54.617431, -22.135721 ] ] ] } },
{ "type": "Feature", "properties": { "id": 27598, "insc_imob": "07.01.47.03.030", "quadra_cartorio": "03", "lote_cartorio": "03", "matricula": "146383", "circunscricao": "1º CIRCUNSCRIÇÃO", "zoneamento": null, "condominio": null, "area_geom": 260.0, "cnm": "062661.2.0146383-49" }, "geometry": { "type": "Polygon", "coordinates": [ [ [ -54.614531, -22.138045 ], [ -54.614593, -22.137976 ], [ -54.614787, -22.138126 ], [ -54.614725, -22.138195 ], [ -54.614531, -22.138045 ] ] ] } },
{ "type": "Feature", "properties": { "id": 28488, "insc_imob": "07.01.47.03.050", "quadra_cartorio": "03", "lote_cartorio": "05", "matricula": "146385", "circunscricao": "1º CIRCUNSCRIÇÃO", "zoneamento": null, "condominio": null, "area_geom": 260.0, "cnm": "062661.2.0146385-43" }, "geometry": { "type": "Polygon", "coordinates": [ [ [ -54.614655, -22.137906 ], [ -54.614717, -22.137837 ], [ -54.614911, -22.137987 ], [ -54.614849, -22.138057 ], [ -54.614655, -22.137906 ] ] ] } },
{ "type": "Feature", "properties": { "id": 29596, "insc_imob": "07.01.47.02.120", "quadra_cartorio": "02", "lote_cartorio": "12", "matricula": "146362", "circunscricao": "1º CIRCUNSCRIÇÃO", "zoneamento": null, "condominio": null, "area_geom": 200.0, "cnm": "062661.2.0146362-15" }, "geometry": { "type": "Polygon", "coordinates": [ [ [ -54.615521, -22.137756 ], [ -54.615584, -22.137687 ], [ -54.615732, -22.137803 ], [ -54.61567, -22.137872 ], [ -54.615521, -22.137756 ] ] ] } },
{ "type": "Feature", "properties": { "id": 30333, "insc_imob": "07.01.47.03.080", "quadra_cartorio": "03", "lote_cartorio": "08", "matricula": "146388", "circunscricao": "1º CIRCUNSCRIÇÃO", "zoneamento": null, "condominio": null, "area_geom": 462.8, "cnm": "062661.2.0146388-34" }, "geometry": { "type": "Polygon", "coordinates": [ [ [ -54.614842, -22.137698 ], [ -54.614952, -22.137575 ], [ -54.615146, -22.137725 ], [ -54.615035, -22.137849 ], [ -54.614842, -22.137698 ] ] ] } },
{ "type": "Feature", "properties": { "id": 51737, "insc_imob": "07.01.46.03.242", "quadra_cartorio": null, "lote_cartorio": "12", "matricula": "20757", "circunscricao": "1º CIRCUNSCRIÇÃO", "zoneamento": null, "condominio": null, "area_geom": 359.99, "cnm": "062661.2.0020757-82" }, "geometry": { "type": "Polygon", "coordinates": [ [ [ -54.614067, -22.135046 ], [ -54.614256, -22.13484 ], [ -54.614345, -22.13491 ], [ -54.614156, -22.135116 ], [ -54.614067, -22.135046 ] ] ] } },
{ "type": "Feature", "properties": { "id": 54557, "insc_imob": "07.01.47.03.070", "quadra_cartorio": "03", "lote_cartorio": "07", "matricula": "146387", "circunscricao": "1º CIRCUNSCRIÇÃO", "zoneamento": null, "condominio": null, "area_geom": 260.0, "cnm": "062661.2.0146387-37" }, "geometry": { "type": "Polygon", "coordinates": [ [ [ -54.61478, -22.137768 ], [ -54.614842, -22.137698 ], [ -54.615035, -22.137849 ], [ -54.614973, -22.137918 ], [ -54.61478, -22.137768 ] ] ] } },
{ "type": "Feature", "properties": { "id": 123806, "insc_imob": "07.01.45.03.300", "quadra_cartorio": "04", "lote_cartorio": "02", "matricula": "7387", "circunscricao": "1º CIRCUNSCRIÇÃO", "zoneamento": null, "condominio": null, "area_geom": 360.0, "cnm": "062661.2.0007387-34" }, "geometry": { "type": "Polygon", "coordinates": [ [ [ -54.618545, -22.137421 ], [ -54.618634, -22.13749 ], [ -54.618448, -22.137698 ], [ -54.618359, -22.137629 ], [ -54.618545, -22.137421 ] ] ] } },
{ "type": "Feature", "properties": { "id": 77537, "insc_imob": "07.01.35.47.056", "quadra_cartorio": null, "lote_cartorio": "P/17", "matricula": "10188", "circunscricao": "1º CIRCUNSCRIÇÃO", "zoneamento": null, "condominio": null, "area_geom": 266.0, "cnm": "062661.2.0010188-70" }, "geometry": { "type": "Polygon", "coordinates": [ [ [ -54.616925, -22.135245 ], [ -54.617207, -22.135465 ], [ -54.617164, -22.135513 ], [ -54.616881, -22.135293 ], [ -54.616925, -22.135245 ] ] ] } },
{ "type": "Feature", "properties": { "id": 91435, "insc_imob": "07.01.47.04.010", "quadra_cartorio": "04", "lote_cartorio": "01", "matricula": "146390", "circunscricao": "1º CIRCUNSCRIÇÃO", "zoneamento": null, "condominio": null, "area_geom": 360.0, "cnm": "062661.2.0146390-28" }, "geometry": { "type": "Polygon", "coordinates": [ [ [ -54.614767, -22.139051 ], [ -54.614878, -22.138926 ], [ -54.615027, -22.139041 ], [ -54.614915, -22.139166 ], [ -54.614767, -22.139051 ] ] ] } },
{ "type": "Feature", "properties": { "id": 91436, "insc_imob": "07.01.47.04.020", "quadra_cartorio": "04", "lote_cartorio": "02", "matricula": "146391", "circunscricao": "1º CIRCUNSCRIÇÃO", "zoneamento": null, "condominio": null, "area_geom": 200.0, "cnm": "062661.2.0146391-25" }, "geometry": { "type": "Polygon", "coordinates": [ [ [ -54.614878, -22.138926 ], [ -54.61494, -22.138856 ], [ -54.615089, -22.138972 ], [ -54.615027, -22.139041 ], [ -54.614878, -22.138926 ] ] ] } },
{ "type": "Feature", "properties": { "id": 91437, "insc_imob": "07.01.47.04.030", "quadra_cartorio": "04", "lote_cartorio": "03", "matricula": "146392", "circunscricao": "1º CIRCUNSCRIÇÃO", "zoneamento": null, "condominio": null, "area_geom": 200.0, "cnm": "062661.2.0146392-22" }, "geometry": { "type": "Polygon", "coordinates": [ [ [ -54.61494, -22.138856 ], [ -54.615002, -22.138787 ], [ -54.615151, -22.138903 ], [ -54.615089, -22.138972 ], [ -54.61494, -22.138856 ] ] ] } },
{ "type": "Feature", "properties": { "id": 91438, "insc_imob": "07.01.47.05.010", "quadra_cartorio": "05", "lote_cartorio": "01", "matricula": "146393", "circunscricao": "1º CIRCUNSCRIÇÃO", "zoneamento": null, "condominio": null, "area_geom": 360.0, "cnm": "062661.2.0146393-19" }, "geometry": { "type": "Polygon", "coordinates": [ [ [ -54.614529, -22.138866 ], [ -54.61464, -22.138741 ], [ -54.614789, -22.138856 ], [ -54.614677, -22.138981 ], [ -54.614529, -22.138866 ] ] ] } },
{ "type": "Feature", "properties": { "id": 91439, "insc_imob": "07.01.47.05.020", "quadra_cartorio": "05", "lote_cartorio": "02", "matricula": "146394", "circunscricao": "1º CIRCUNSCRIÇÃO", "zoneamento": null, "condominio": null, "area_geom": 200.0, "cnm": "062661.2.0146394-16" }, "geometry": { "type": "Polygon", "coordinates": [ [ [ -54.61464, -22.138741 ], [ -54.614702, -22.138671 ], [ -54.614851, -22.138787 ], [ -54.614789, -22.138856 ], [ -54.61464, -22.138741 ] ] ] } },
{ "type": "Feature", "properties": { "id": 91440, "insc_imob": "07.01.47.05.060", "quadra_cartorio": "05", "lote_cartorio": "06", "matricula": "146398", "circunscricao": "1º CIRCUNSCRIÇÃO", "zoneamento": null, "condominio": null, "area_geom": 360.0, "cnm": "062661.2.0146398-04" }, "geometry": { "type": "Polygon", "coordinates": [ [ [ -54.61438, -22.13875 ], [ -54.614491, -22.138625 ], [ -54.61464, -22.138741 ], [ -54.614529, -22.138866 ], [ -54.61438, -22.13875 ] ] ] } },
{ "type": "Feature", "properties": { "id": 91441, "insc_imob": "07.01.47.01.010", "quadra_cartorio": "01", "lote_cartorio": "01", "matricula": "146336", "circunscricao": "1º CIRCUNSCRIÇÃO", "zoneamento": null, "condominio": null, "area_geom": 200.0, "cnm": "062661.2.0146336-93" }, "geometry": { "type": "Polygon", "coordinates": [ [ [ -54.615077, -22.138704 ], [ -54.615139, -22.138635 ], [ -54.615288, -22.13875 ], [ -54.615226, -22.13882 ], [ -54.615077, -22.138704 ] ] ] } },
{ "type": "Feature", "properties": { "id": 91442, "insc_imob": "07.01.47.05.030", "quadra_cartorio": "05", "lote_cartorio": "03", "matricula": "146395", "circunscricao": "1º CIRCUNSCRIÇÃO", "zoneamento": null, "condominio": null, "area_geom": 200.0, "cnm": "062661.2.0146395-13" }, "geometry": { "type": "Polygon", "coordinates": [ [ [ -54.614702, -22.138671 ], [ -54.614764, -22.138602 ], [ -54.614913, -22.138718 ], [ -54.614851, -22.138787 ], [ -54.614702, -22.138671 ] ] ] } },
{ "type": "Feature", "properties": { "id": 91443, "insc_imob": "07.01.47.05.050", "quadra_cartorio": "05", "lote_cartorio": "05", "matricula": "146397", "circunscricao": "1º CIRCUNSCRIÇÃO", "zoneamento": null, "condominio": null, "area_geom": 200.0, "cnm": "062661.2.0146397-07" }, "geometry": { "type": "Polygon", "coordinates": [ [ [ -54.614491, -22.138625 ], [ -54.614553, -22.138556 ], [ -54.614702, -22.138671 ], [ -54.61464, -22.138741 ], [ -54.614491, -22.138625 ] ] ] } },
{ "type": "Feature", "properties": { "id": 91444, "insc_imob": "07.01.47.01.020", "quadra_cartorio": "01", "lote_cartorio": "02", "matricula": "146337", "circunscricao": "1º CIRCUNSCRIÇÃO", "zoneamento": null, "condominio": null, "area_geom": 200.0, "cnm": "062661.2.0146337-90" }, "geometry": { "type": "Polygon", "coordinates": [ [ [ -54.615139, -22.138635 ], [ -54.615201, -22.138565 ], [ -54.61535, -22.138681 ], [ -54.615288, -22.13875 ], [ -54.615139, -22.138635 ] ] ] } },
{ "type": "Feature", "properties": { "id": 91445, "insc_imob": "07.01.47.05.040", "quadra_cartorio": "05", "lote_cartorio": "04", "matricula": "146396", "circunscricao": "1º CIRCUNSCRIÇÃO", "zoneamento": null, "condominio": null, "area_geom": 200.0, "cnm": "062661.2.0146396-10" }, "geometry": { "type": "Polygon", "coordinates": [ [ [ -54.614553, -22.138556 ], [ -54.614616, -22.138486 ], [ -54.614764, -22.138602 ], [ -54.614702, -22.138671 ], [ -54.614553, -22.138556 ] ] ] } },
{ "type": "Feature", "properties": { "id": 91446, "insc_imob": "07.01.47.01.030", "quadra_cartorio": "01", "lote_cartorio": "03", "matricula": "146338", "circunscricao": "1º CIRCUNSCRIÇÃO", "zoneamento": null, "condominio": null, "area_geom": 200.0, "cnm": "062661.2.0146338-87" }, "geometry": { "type": "Polygon", "coordinates": [ [ [ -54.615201, -22.138565 ], [ -54.615263, -22.138496 ], [ -54.615412, -22.138612 ], [ -54.61535, -22.138681 ], [ -54.615201, -22.138565 ] ] ] } },
{ "type": "Feature", "properties": { "id": 91447, "insc_imob": "07.01.47.02.010", "quadra_cartorio": "02", "lote_cartorio": "01", "matricula": "146351", "circunscricao": "1º CIRCUNSCRIÇÃO", "zoneamento": null, "condominio": null, "area_geom": 200.0, "cnm": "062661.2.0146351-48" }, "geometry": { "type": "Polygon", "coordinates": [ [ [ -54.614839, -22.138519 ], [ -54.614901, -22.13845 ], [ -54.61505, -22.138565 ], [ -54.614988, -22.138635 ], [ -54.614839, -22.138519 ] ] ] } },
{ "type": "Feature", "properties": { "id": 91448, "insc_imob": "07.01.47.01.040", "quadra_cartorio": "01", "lote_cartorio": "04", "matricula": "146339", "circunscricao": "1º CIRCUNSCRIÇÃO", "zoneamento": null, "condominio": null, "area_geom": 200.0, "cnm": "062661.2.0146339-84" }, "geometry": { "type": "Polygon", "coordinates": [ [ [ -54.615263, -22.138496 ], [ -54.615325, -22.138427 ], [ -54.615474, -22.138542 ], [ -54.615412, -22.138612 ], [ -54.615263, -22.138496 ] ] ] } },
{ "type": "Feature", "properties": { "id": 91449, "insc_imob": "07.01.47.06.010", "quadra_cartorio": "06", "lote_cartorio": "01", "matricula": "146399", "circunscricao": "1º CIRCUNSCRIÇÃO", "zoneamento": null, "condominio": null, "area_geom": 468.0, "cnm": "062661.2.0146399-98" }, "geometry": { "type": "Polygon", "coordinates": [ [ [ -54.614097, -22.13853 ], [ -54.614209, -22.138405 ], [ -54.614402, -22.138556 ], [ -54.61429, -22.138681 ], [ -54.614097, -22.13853 ] ] ] } },
{ "type": "Feature", "properties": { "id": 91450, "insc_imob": "07.01.47.02.020", "quadra_cartorio": "02", "lote_cartorio": "02", "matricula": "146352", "circunscricao": "1º CIRCUNSCRIÇÃO", "zoneamento": null, "condominio": null, "area_geom": 200.0, "cnm": "062661.2.0146352-45" }, "geometry": { "type": "Polygon", "coordinates": [ [ [ -54.614901, -22.13845 ], [ -54.614963, -22.13838 ], [ -54.615112, -22.138496 ], [ -54.61505, -22.138565 ], [ -54.614901, -22.13845 ] ] ] } },
{ "type": "Feature", "properties": { "id": 91451, "insc_imob": "07.01.47.01.050", "quadra_cartorio": "01", "lote_cartorio": "05", "matricula": "146340", "circunscricao": "1º CIRCUNSCRIÇÃO", "zoneamento": null, "condominio": null, "area_geom": 200.0, "cnm": "062661.2.0146340-81" }, "geometry": { "type": "Polygon", "coordinates": [ [ [ -54.615325, -22.138427 ], [ -54.615387, -22.138357 ], [ -54.615536, -22.138473 ], [ -54.615474, -22.138542 ], [ -54.615325, -22.138427 ] ] ] } },
{ "type": "Feature", "properties": { "id": 91452, "insc_imob": "07.01.47.06.020", "quadra_cartorio": "06", "lote_cartorio": "02", "matricula": "146400", "circunscricao": "1º CIRCUNSCRIÇÃO", "zoneamento": null, "condominio": null, "area_geom": 260.0, "cnm": "062661.2.0146400-95" }, "geometry": { "type": "Polygon", "coordinates": [ [ [ -54.614209, -22.138405 ], [ -54.614271, -22.138336 ], [ -54.614464, -22.138486 ], [ -54.614402, -22.138556 ], [ -54.614209, -22.138405 ] ] ] } },
{ "type": "Feature", "properties": { "id": 91453, "insc_imob": "07.01.47.02.300", "quadra_cartorio": "02", "lote_cartorio": "30", "matricula": "146380", "circunscricao": "1º CIRCUNSCRIÇÃO", "zoneamento": null, "condominio": null, "area_geom": 200.0, "cnm": "062661.2.0146380-58" }, "geometry": { "type": "Polygon", "coordinates": [ [ [ -54.61469, -22.138403 ], [ -54.614752, -22.138334 ], [ -54.614901, -22.13845 ], [ -54.614839, -22.138519 ], [ -54.61469, -22.138403 ] ] ] } },
{ "type": "Feature", "properties": { "id": 91454, "insc_imob": "07.01.47.02.030", "quadra_cartorio": "02", "lote_cartorio": "03", "matricula": "146353", "circunscricao": "1º CIRCUNSCRIÇÃO", "zoneamento": null, "condominio": null, "area_geom": 200.0, "cnm": "062661.2.0146353-42" }, "geometry": { "type": "Polygon", "coordinates": [ [ [ -54.614963, -22.13838 ], [ -54.615025, -22.138311 ], [ -54.615174, -22.138427 ], [ -54.615112, -22.138496 ], [ -54.614963, -22.13838 ] ] ] } },
{ "type": "Feature", "properties": { "id": 91455, "insc_imob": "07.01.47.01.060", "quadra_cartorio": "01", "lote_cartorio": "06", "matricula": "146341", "circunscricao": "1º CIRCUNSCRIÇÃO", "zoneamento": null, "condominio": null, "area_geom": 200.0, "cnm": "062661.2.0146341-78" }, "geometry": { "type": "Polygon", "coordinates": [ [ [ -54.615387, -22.138357 ], [ -54.615449, -22.138288 ], [ -54.615598, -22.138404 ], [ -54.615536, -22.138473 ], [ -54.615387, -22.138357 ] ] ] } },
{ "type": "Feature", "properties": { "id": 91456, "insc_imob": "07.01.47.06.030", "quadra_cartorio": "06", "lote_cartorio": "03", "matricula": "146401", "circunscricao": "1º CIRCUNSCRIÇÃO", "zoneamento": null, "condominio": null, "area_geom": 260.0, "cnm": "062661.2.0146401-92" }, "geometry": { "type": "Polygon", "coordinates": [ [ [ -54.614271, -22.138336 ], [ -54.614333, -22.138267 ], [ -54.614526, -22.138417 ], [ -54.614464, -22.138486 ], [ -54.614271, -22.138336 ] ] ] } },
{ "type": "Feature", "properties": { "id": 91457, "insc_imob": "07.01.47.02.290", "quadra_cartorio": "02", "lote_cartorio": "29", "matricula": "146379", "circunscricao": "1º CIRCUNSCRIÇÃO", "zoneamento": null, "condominio": null, "area_geom": 200.0, "cnm": "062661.2.0146379-61" }, "geometry": { "type": "Polygon", "coordinates": [ [ [ -54.614752, -22.138334 ], [ -54.614814, -22.138265 ], [ -54.614963, -22.13838 ], [ -54.614901, -22.13845 ], [ -54.614752, -22.138334 ] ] ] } },
{ "type": "Feature", "properties": { "id": 91459, "insc_imob": "07.01.47.01.070", "quadra_cartorio": "01", "lote_cartorio": "07", "matricula": "146342", "circunscricao": "1º CIRCUNSCRIÇÃO", "zoneamento": null, "condominio": null, "area_geom": 200.0, "cnm": "062661.2.0146342-75" }, "geometry": { "type": "Polygon", "coordinates": [ [ [ -54.615449, -22.138288 ], [ -54.615511, -22.138219 ], [ -54.61566, -22.138334 ], [ -54.615598, -22.138404 ], [ -54.615449, -22.138288 ] ] ] } },
{ "type": "Feature", "properties": { "id": 91461, "insc_imob": "07.01.47.02.050", "quadra_cartorio": "02", "lote_cartorio": "05", "matricula": "146355", "circunscricao": "1º CIRCUNSCRIÇÃO", "zoneamento": null, "condominio": null, "area_geom": 200.0, "cnm": "062661.2.0146355-36" }, "geometry": { "type": "Polygon", "coordinates": [ [ [ -54.615087, -22.138242 ], [ -54.615149, -22.138172 ], [ -54.615298, -22.138288 ], [ -54.615236, -22.138357 ], [ -54.615087, -22.138242 ] ] ] } },
{ "type": "Feature", "properties": { "id": 91462, "insc_imob": "07.01.47.01.080", "quadra_cartorio": "01", "lote_cartorio": "08", "matricula": "146343", "circunscricao": "1º CIRCUNSCRIÇÃO", "zoneamento": null, "condominio": null, "area_geom": 200.0, "cnm": "062661.2.0146343-72" }, "geometry": { "type": "Polygon", "coordinates": [ [ [ -54.615511, -22.138219 ], [ -54.615573, -22.138149 ], [ -54.615722, -22.138265 ], [ -54.61566, -22.138334 ], [ -54.615511, -22.138219 ] ] ] } },
{ "type": "Feature", "properties": { "id": 91463, "insc_imob": "07.01.47.02.270", "quadra_cartorio": "02", "lote_cartorio": "27", "matricula": "146377", "circunscricao": "1º CIRCUNSCRIÇÃO", "zoneamento": null, "condominio": null, "area_geom": 200.0, "cnm": "062661.2.0146377-67" }, "geometry": { "type": "Polygon", "coordinates": [ [ [ -54.614876, -22.138195 ], [ -54.614938, -22.138126 ], [ -54.615087, -22.138242 ], [ -54.615025, -22.138311 ], [ -54.614876, -22.138195 ] ] ] } },
{ "type": "Feature", "properties": { "id": 91464, "insc_imob": "07.01.47.03.010", "quadra_cartorio": "03", "lote_cartorio": "01", "matricula": "146381", "circunscricao": "1º CIRCUNSCRIÇÃO", "zoneamento": null, "condominio": null, "area_geom": 260.0, "cnm": "062661.2.0146381-55" }, "geometry": { "type": "Polygon", "coordinates": [ [ [ -54.614407, -22.138184 ], [ -54.614469, -22.138114 ], [ -54.614663, -22.138265 ], [ -54.614601, -22.138334 ], [ -54.614407, -22.138184 ] ] ] } },
{ "type": "Feature", "properties": { "id": 91465, "insc_imob": "07.01.47.02.060", "quadra_cartorio": "02", "lote_cartorio": "06", "matricula": "146356", "circunscricao": "1º CIRCUNSCRIÇÃO", "zoneamento": null, "condominio": null, "area_geom": 200.0, "cnm": "062661.2.0146356-33" }, "geometry": { "type": "Polygon", "coordinates": [ [ [ -54.615149, -22.138172 ], [ -54.615211, -22.138103 ], [ -54.61536, -22.138219 ], [ -54.615298, -22.138288 ], [ -54.615149, -22.138172 ] ] ] } },
{ "type": "Feature", "properties": { "id": 91466, "insc_imob": "07.01.47.01.090", "quadra_cartorio": "01", "lote_cartorio": "09", "matricula": "146344", "circunscricao": "1º CIRCUNSCRIÇÃO", "zoneamento": null, "condominio": null, "area_geom": 200.0, "cnm": "062661.2.0146344-69" }, "geometry": { "type": "Polygon", "coordinates": [ [ [ -54.615573, -22.138149 ], [ -54.615636, -22.13808 ], [ -54.615784, -22.138196 ], [ -54.615722, -22.138265 ], [ -54.615573, -22.138149 ] ] ] } },
{ "type": "Feature", "properties": { "id": 91467, "insc_imob": "07.01.47.02.260", "quadra_cartorio": "02", "lote_cartorio": "26", "matricula": "146376", "circunscricao": "1º CIRCUNSCRIÇÃO", "zoneamento": null, "condominio": null, "area_geom": 200.0, "cnm": "062661.2.0146376-70" }, "geometry": { "type": "Polygon", "coordinates": [ [ [ -54.614938, -22.138126 ], [ -54.615, -22.138057 ], [ -54.615149, -22.138172 ], [ -54.615087, -22.138242 ], [ -54.614938, -22.138126 ] ] ] } },
{ "type": "Feature", "properties": { "id": 91468, "insc_imob": "07.01.47.03.020", "quadra_cartorio": "03", "lote_cartorio": "02", "matricula": "146382", "circunscricao": "1º CIRCUNSCRIÇÃO", "zoneamento": null, "condominio": null, "area_geom": 260.0, "cnm": "062661.2.0146382-52" }, "geometry": { "type": "Polygon", "coordinates": [ [ [ -54.614469, -22.138114 ], [ -54.614531, -22.138045 ], [ -54.614725, -22.138195 ], [ -54.614663, -22.138265 ], [ -54.614469, -22.138114 ] ] ] } },
{ "type": "Feature", "properties": { "id": 91473, "insc_imob": "07.01.47.02.070", "quadra_cartorio": "02", "lote_cartorio": "07", "matricula": "146357", "circunscricao": "1º CIRCUNSCRIÇÃO", "zoneamento": null, "condominio": null, "area_geom": 200.0, "cnm": "062661.2.0146357-30" }, "geometry": { "type": "Polygon", "coordinates": [ [ [ -54.615211, -22.138103 ], [ -54.615273, -22.138034 ], [ -54.615422, -22.138149 ], [ -54.61536, -22.138219 ], [ -54.615211, -22.138103 ] ] ] } },
{ "type": "Feature", "properties": { "id": 91474, "insc_imob": "07.01.47.01.100", "quadra_cartorio": "01", "lote_cartorio": "10", "matricula": "146345", "circunscricao": "1º CIRCUNSCRIÇÃO", "zoneamento": null, "condominio": null, "area_geom": 200.0, "cnm": "062661.2.0146345-66" }, "geometry": { "type": "Polygon", "coordinates": [ [ [ -54.615636, -22.13808 ], [ -54.615698, -22.138011 ], [ -54.615846, -22.138126 ], [ -54.615784, -22.138196 ], [ -54.615636, -22.13808 ] ] ] } },
{ "type": "Feature", "properties": { "id": 91475, "insc_imob": "07.01.47.02.250", "quadra_cartorio": "02", "lote_cartorio": "25", "matricula": "146375", "circunscricao": "1º CIRCUNSCRIÇÃO", "zoneamento": null, "condominio": null, "area_geom": 200.0, "cnm": "062661.2.0146375-73" }, "geometry": { "type": "Polygon", "coordinates": [ [ [ -54.615, -22.138057 ], [ -54.615062, -22.137987 ], [ -54.615211, -22.138103 ], [ -54.615149, -22.138172 ], [ -54.615, -22.138057 ] ] ] } },
{ "type": "Feature", "properties": { "id": 91476, "insc_imob": "07.01.47.02.080", "quadra_cartorio": "02", "lote_cartorio": "08", "matricula": "146358", "circunscricao": "1º CIRCUNSCRIÇÃO", "zoneamento": null, "condominio": null, "area_geom": 200.0, "cnm": "062661.2.0146358-27" }, "geometry": { "type": "Polygon", "coordinates": [ [ [ -54.615273, -22.138034 ], [ -54.615335, -22.137964 ], [ -54.615484, -22.13808 ], [ -54.615422, -22.138149 ], [ -54.615273, -22.138034 ] ] ] } },
{ "type": "Feature", "properties": { "id": 91477, "insc_imob": "07.01.47.01.110", "quadra_cartorio": "01", "lote_cartorio": "11", "matricula": "146346", "circunscricao": "1º CIRCUNSCRIÇÃO", "zoneamento": null, "condominio": null, "area_geom": 200.0, "cnm": "062661.2.0146346-63" }, "geometry": { "type": "Polygon", "coordinates": [ [ [ -54.615698, -22.138011 ], [ -54.61576, -22.137941 ], [ -54.615908, -22.138057 ], [ -54.615846, -22.138126 ], [ -54.615698, -22.138011 ] ] ] } },
{ "type": "Feature", "properties": { "id": 91478, "insc_imob": "07.01.47.02.240", "quadra_cartorio": "02", "lote_cartorio": "24", "matricula": "146374", "circunscricao": "1º CIRCUNSCRIÇÃO", "zoneamento": null, "condominio": null, "area_geom": 200.0, "cnm": "062661.2.0146374-76" }, "geometry": { "type": "Polygon", "coordinates": [ [ [ -54.615062, -22.137987 ], [ -54.615124, -22.137918 ], [ -54.615273, -22.138034 ], [ -54.615211, -22.138103 ], [ -54.615062, -22.137987 ] ] ] } },
{ "type": "Feature", "properties": { "id": 91479, "insc_imob": "07.01.47.03.040", "quadra_cartorio": "03", "lote_cartorio": "04", "matricula": "146384", "circunscricao": "1º CIRCUNSCRIÇÃO", "zoneamento": null, "condominio": null, "area_geom": 260.0, "cnm": "062661.2.0146384-46" }, "geometry": { "type": "Polygon", "coordinates": [ [ [ -54.614593, -22.137976 ], [ -54.614655, -22.137906 ], [ -54.614849, -22.138057 ], [ -54.614787, -22.138126 ], [ -54.614593, -22.137976 ] ] ] } },
{ "type": "Feature", "properties": { "id": 91480, "insc_imob": "07.01.47.02.090", "quadra_cartorio": "02", "lote_cartorio": "09", "matricula": "146359", "circunscricao": "1º CIRCUNSCRIÇÃO", "zoneamento": null, "condominio": null, "area_geom": 200.0, "cnm": "062661.2.0146359-24" }, "geometry": { "type": "Polygon", "coordinates": [ [ [ -54.615335, -22.137964 ], [ -54.615397, -22.137895 ], [ -54.615546, -22.138011 ], [ -54.615484, -22.13808 ], [ -54.615335, -22.137964 ] ] ] } },
{ "type": "Feature", "properties": { "id": 91481, "insc_imob": "07.01.47.01.120", "quadra_cartorio": "01", "lote_cartorio": "12", "matricula": "146347", "circunscricao": "1º CIRCUNSCRIÇÃO", "zoneamento": null, "condominio": null, "area_geom": 200.0, "cnm": "062661.2.0146347-60" }, "geometry": { "type": "Polygon", "coordinates": [ [ [ -54.61576, -22.137941 ], [ -54.615822, -22.137872 ], [ -54.615971, -22.137988 ], [ -54.615908, -22.138057 ], [ -54.61576, -22.137941 ] ] ] } },
{ "type": "Feature", "properties": { "id": 91482, "insc_imob": "07.01.47.02.230", "quadra_cartorio": "02", "lote_cartorio": "23", "matricula": "146373", "circunscricao": "1º CIRCUNSCRIÇÃO", "zoneamento": null, "condominio": null, "area_geom": 200.0, "cnm": "062661.2.0146373-79" }, "geometry": { "type": "Polygon", "coordinates": [ [ [ -54.615124, -22.137918 ], [ -54.615186, -22.137849 ], [ -54.615335, -22.137964 ], [ -54.615273, -22.138034 ], [ -54.615124, -22.137918 ] ] ] } },
{ "type": "Feature", "properties": { "id": 91483, "insc_imob": "07.01.47.02.100", "quadra_cartorio": "02", "lote_cartorio": "10", "matricula": "146360", "circunscricao": "1º CIRCUNSCRIÇÃO", "zoneamento": null, "condominio": null, "area_geom": 200.0, "cnm": "062661.2.0146360-21" }, "geometry": { "type": "Polygon", "coordinates": [ [ [ -54.615397, -22.137895 ], [ -54.615459, -22.137826 ], [ -54.615608, -22.137941 ], [ -54.615546, -22.138011 ], [ -54.615397, -22.137895 ] ] ] } },
{ "type": "Feature", "properties": { "id": 91484, "insc_imob": "07.01.47.01.130", "quadra_cartorio": "01", "lote_cartorio": "13", "matricula": "146348", "circunscricao": "1º CIRCUNSCRIÇÃO", "zoneamento": null, "condominio": null, "area_geom": 200.0, "cnm": "062661.2.0146348-57" }, "geometry": { "type": "Polygon", "coordinates": [ [ [ -54.615822, -22.137872 ], [ -54.615884, -22.137803 ], [ -54.616033, -22.137918 ], [ -54.615971, -22.137988 ], [ -54.615822, -22.137872 ] ] ] } },
{ "type": "Feature", "properties": { "id": 91485, "insc_imob": "07.01.47.02.220", "quadra_cartorio": "02", "lote_cartorio": "22", "matricula": "146372", "circunscricao": "1º CIRCUNSCRIÇÃO", "zoneamento": null, "condominio": null, "area_geom": 200.0, "cnm": "062661.2.0146372-82" }, "geometry": { "type": "Polygon", "coordinates": [ [ [ -54.615186, -22.137849 ], [ -54.615249, -22.137779 ], [ -54.615397, -22.137895 ], [ -54.615335, -22.137964 ], [ -54.615186, -22.137849 ] ] ] } },
{ "type": "Feature", "properties": { "id": 91487, "insc_imob": "07.01.47.02.110", "quadra_cartorio": "02", "lote_cartorio": "11", "matricula": "146361", "circunscricao": "1º CIRCUNSCRIÇÃO", "zoneamento": null, "condominio": null, "area_geom": 200.0, "cnm": "062661.2.0146361-18" }, "geometry": { "type": "Polygon", "coordinates": [ [ [ -54.615459, -22.137826 ], [ -54.615521, -22.137756 ], [ -54.61567, -22.137872 ], [ -54.615608, -22.137941 ], [ -54.615459, -22.137826 ] ] ] } },
{ "type": "Feature", "properties": { "id": 91488, "insc_imob": "07.01.47.01.140", "quadra_cartorio": "01", "lote_cartorio": "14", "matricula": "146349", "circunscricao": "1º CIRCUNSCRIÇÃO", "zoneamento": null, "condominio": null, "area_geom": 200.0, "cnm": "062661.2.0146349-54" }, "geometry": { "type": "Polygon", "coordinates": [ [ [ -54.615884, -22.137803 ], [ -54.615946, -22.137733 ], [ -54.616095, -22.137849 ], [ -54.616033, -22.137918 ], [ -54.615884, -22.137803 ] ] ] } },
{ "type": "Feature", "properties": { "id": 91489, "insc_imob": "07.01.47.02.210", "quadra_cartorio": "02", "lote_cartorio": "21", "matricula": "146371", "circunscricao": "1º CIRCUNSCRIÇÃO", "zoneamento": null, "condominio": null, "area_geom": 200.0, "cnm": "062661.2.0146371-85" }, "geometry": { "type": "Polygon", "coordinates": [ [ [ -54.615249, -22.137779 ], [ -54.615311, -22.13771 ], [ -54.615459, -22.137826 ], [ -54.615397, -22.137895 ], [ -54.615249, -22.137779 ] ] ] } },
{ "type": "Feature", "properties": { "id": 91490, "insc_imob": "07.01.47.02.200", "quadra_cartorio": "02", "lote_cartorio": "20", "matricula": "146370", "circunscricao": "1º CIRCUNSCRIÇÃO", "zoneamento": null, "condominio": null, "area_geom": 200.0, "cnm": "062661.2.0146370-88" }, "geometry": { "type": "Polygon", "coordinates": [ [ [ -54.615311, -22.13771 ], [ -54.615373, -22.137641 ], [ -54.615521, -22.137756 ], [ -54.615459, -22.137826 ], [ -54.615311, -22.13771 ] ] ] } },
{ "type": "Feature", "properties": { "id": 91491, "insc_imob": "07.01.47.02.130", "quadra_cartorio": "02", "lote_cartorio": "13", "matricula": "146363", "circunscricao": "1º CIRCUNSCRIÇÃO", "zoneamento": null, "condominio": null, "area_geom": 200.0, "cnm": "062661.2.0146363-12" }, "geometry": { "type": "Polygon", "coordinates": [ [ [ -54.615584, -22.137687 ], [ -54.615646, -22.137618 ], [ -54.615794, -22.137733 ], [ -54.615732, -22.137803 ], [ -54.615584, -22.137687 ] ] ] } },
{ "type": "Feature", "properties": { "id": 91492, "insc_imob": "07.01.47.02.190", "quadra_cartorio": "02", "lote_cartorio": "19", "matricula": "146369", "circunscricao": "1º CIRCUNSCRIÇÃO", "zoneamento": null, "condominio": null, "area_geom": 200.0, "cnm": "062661.2.0146369-91" }, "geometry": { "type": "Polygon", "coordinates": [ [ [ -54.615373, -22.137641 ], [ -54.615435, -22.137571 ], [ -54.615584, -22.137687 ], [ -54.615521, -22.137756 ], [ -54.615373, -22.137641 ] ] ] } },
{ "type": "Feature", "properties": { "id": 91493, "insc_imob": "07.01.47.02.140", "quadra_cartorio": "02", "lote_cartorio": "14", "matricula": "146364", "circunscricao": "1º CIRCUNSCRIÇÃO", "zoneamento": null, "condominio": null, "area_geom": 200.0, "cnm": "062661.2.0146364-09" }, "geometry": { "type": "Polygon", "coordinates": [ [ [ -54.615646, -22.137618 ], [ -54.615708, -22.137548 ], [ -54.615857, -22.137664 ], [ -54.615794, -22.137733 ], [ -54.615646, -22.137618 ] ] ] } },
{ "type": "Feature", "properties": { "id": 91494, "insc_imob": "07.01.47.02.180", "quadra_cartorio": "02", "lote_cartorio": "18", "matricula": "146368", "circunscricao": "1º CIRCUNSCRIÇÃO", "zoneamento": null, "condominio": null, "area_geom": 200.0, "cnm": "062661.2.0146368-94" }, "geometry": { "type": "Polygon", "coordinates": [ [ [ -54.615435, -22.137571 ], [ -54.615497, -22.137502 ], [ -54.615646, -22.137618 ], [ -54.615584, -22.137687 ], [ -54.615435, -22.137571 ] ] ] } },
{ "type": "Feature", "properties": { "id": 91495, "insc_imob": "07.01.47.02.150", "quadra_cartorio": "02", "lote_cartorio": "15", "matricula": "146365", "circunscricao": "1º CIRCUNSCRIÇÃO", "zoneamento": null, "condominio": null, "area_geom": 200.0, "cnm": "062661.2.0146365-06" }, "geometry": { "type": "Polygon", "coordinates": [ [ [ -54.615708, -22.137548 ], [ -54.61577, -22.137479 ], [ -54.615919, -22.137595 ], [ -54.615857, -22.137664 ], [ -54.615708, -22.137548 ] ] ] } },
{ "type": "Feature", "properties": { "id": 91496, "insc_imob": "07.01.47.02.170", "quadra_cartorio": "02", "lote_cartorio": "17", "matricula": "146367", "circunscricao": "1º CIRCUNSCRIÇÃO", "zoneamento": null, "condominio": null, "area_geom": 200.0, "cnm": "062661.2.0146367-97" }, "geometry": { "type": "Polygon", "coordinates": [ [ [ -54.615497, -22.137502 ], [ -54.615559, -22.137433 ], [ -54.615708, -22.137548 ], [ -54.615646, -22.137618 ], [ -54.615497, -22.137502 ] ] ] } },
{ "type": "Feature", "properties": { "id": 91497, "insc_imob": "07.01.47.02.160", "quadra_cartorio": "02", "lote_cartorio": "16", "matricula": "146366", "circunscricao": "1º CIRCUNSCRIÇÃO", "zoneamento": null, "condominio": null, "area_geom": 200.0, "cnm": "062661.2.0146366-03" }, "geometry": { "type": "Polygon", "coordinates": [ [ [ -54.615559, -22.137433 ], [ -54.615621, -22.137363 ], [ -54.61577, -22.137479 ], [ -54.615708, -22.137548 ], [ -54.615559, -22.137433 ] ] ] } },
{ "type": "Feature", "properties": { "id": 91498, "insc_imob": "07.01.47.03.090", "quadra_cartorio": "03", "lote_cartorio": "09-AI", "matricula": "146389", "circunscricao": "1º CIRCUNSCRIÇÃO", "zoneamento": null, "condominio": null, "area_geom": 1617.2, "cnm": "062661.2.0146389-31" }, "geometry": { "type": "Polygon", "coordinates": [ [ [ -54.614952, -22.137575 ], [ -54.615338, -22.137144 ], [ -54.615532, -22.137294 ], [ -54.615146, -22.137725 ], [ -54.614952, -22.137575 ] ] ] } },
{ "type": "Feature", "properties": { "id": 100483, "insc_imob": "07.01.45.03.309", "quadra_cartorio": null, "lote_cartorio": "03", "matricula": "12359", "circunscricao": "1º CIRCUNSCRIÇÃO", "zoneamento": null, "condominio": null, "area_geom": 360.07, "cnm": "062661.2.0012359-56" }, "geometry": { "type": "Polygon", "coordinates": [ [ [ -54.618269, -22.137559 ], [ -54.618456, -22.137352 ], [ -54.618545, -22.137421 ], [ -54.618359, -22.137629 ], [ -54.618269, -22.137559 ] ] ] } },
{ "type": "Feature", "properties": { "id": 120779, "insc_imob": "07.01.36.21.338", "quadra_cartorio": null, "lote_cartorio": "03", "matricula": "30134", "circunscricao": "1º CIRCUNSCRIÇÃO", "zoneamento": null, "condominio": null, "area_geom": 359.99, "cnm": "062661.2.0030134-81" }, "geometry": { "type": "Polygon", "coordinates": [ [ [ -54.618843, -22.132382 ], [ -54.61903, -22.132174 ], [ -54.619119, -22.132244 ], [ -54.618932, -22.132451 ], [ -54.618843, -22.132382 ] ] ] } }
]
}
