{
"type": "FeatureCollection",
"name": "lotes_fiscais",
"xy_coordinate_resolution": 1e-006,
"features": [
{ "type": "Feature", "properties": { "id": 449, "insc_imob": "08.01.13.14.095", "quadra_cartorio": "03", "lote_cartorio": "03", "matricula": "TR-28116", "circunscricao": "1º CIRCUNSCRIÇÃO", "zoneamento": null, "condominio": null, "area_geom": 374.99, "cnm": null }, "geometry": { "type": "Polygon", "coordinates": [ [ [ -54.507125, -22.083458 ], [ -54.507185, -22.08336 ], [ -54.507437, -22.083495 ], [ -54.507376, -22.083593 ], [ -54.507125, -22.083458 ] ] ] } },
{ "type": "Feature", "properties": { "id": 54507, "insc_imob": "08.01.23.02.398", "quadra_cartorio": "02", "lote_cartorio": "02", "matricula": "42212", "circunscricao": "1º CIRCUNSCRIÇÃO", "zoneamento": null, "condominio": null, "area_geom": 359.99, "cnm": "062661.2.0042212-28" }, "geometry": { "type": "Polygon", "coordinates": [ [ [ -54.505557, -22.08506 ], [ -54.505729, -22.08484 ], [ -54.50583, -22.084894 ], [ -54.505658, -22.085114 ], [ -54.505557, -22.08506 ] ] ] } },
{ "type": "Feature", "properties": { "id": 54508, "insc_imob": "08.01.23.03.320", "quadra_cartorio": "1", "lote_cartorio": "08", "matricula": "47363", "circunscricao": "1º CIRCUNSCRIÇÃO", "zoneamento": null, "condominio": null, "area_geom": 362.02, "cnm": "062661.2.0047363-95" }, "geometry": { "type": "Polygon", "coordinates": [ [ [ -54.505967, -22.085677 ], [ -54.506037, -22.08559 ], [ -54.506288, -22.085729 ], [ -54.506218, -22.085816 ], [ -54.505967, -22.085677 ] ] ] } },
{ "type": "Feature", "properties": { "id": 54509, "insc_imob": "08.01.23.12.272", "quadra_cartorio": "04", "lote_cartorio": "12", "matricula": null, "circunscricao": "1º CIRCUNSCRIÇÃO", "zoneamento": null, "condominio": null, "area_geom": 370.72, "cnm": null }, "geometry": { "type": "Polygon", "coordinates": [ [ [ -54.504035, -22.086963 ], [ -54.504099, -22.086873 ], [ -54.504361, -22.087013 ], [ -54.504292, -22.087101 ], [ -54.504035, -22.086963 ] ] ] } },
{ "type": "Feature", "properties": { "id": 72935, "insc_imob": "08.01.13.12.084", "quadra_cartorio": "01", "lote_cartorio": "06", "matricula": "48620", "circunscricao": "1º CIRCUNSCRIÇÃO", "zoneamento": null, "condominio": null, "area_geom": 648.0, "cnm": "062661.2.0048620-10" }, "geometry": { "type": "Polygon", "coordinates": [ [ [ -54.505666, -22.082524 ], [ -54.505724, -22.082431 ], [ -54.506177, -22.082674 ], [ -54.506119, -22.082768 ], [ -54.506019, -22.082714 ], [ -54.505918, -22.08266 ], [ -54.505666, -22.082524 ] ] ] } },
{ "type": "Feature", "properties": { "id": 69830, "insc_imob": "08.01.13.12.096", "quadra_cartorio": "01", "lote_cartorio": "07", "matricula": "TR-28116", "circunscricao": "1º CIRCUNSCRIÇÃO", "zoneamento": null, "condominio": null, "area_geom": 359.99, "cnm": null }, "geometry": { "type": "Polygon", "coordinates": [ [ [ -54.505608, -22.082618 ], [ -54.505666, -22.082524 ], [ -54.505918, -22.08266 ], [ -54.50586, -22.082753 ], [ -54.505608, -22.082618 ] ] ] } },
{ "type": "Feature", "properties": { "id": 100323, "insc_imob": "08.01.23.01.456", "quadra_cartorio": "7", "lote_cartorio": "01", "matricula": "47769", "circunscricao": "1º CIRCUNSCRIÇÃO", "zoneamento": null, "condominio": null, "area_geom": 486.44, "cnm": "062661.2.0047769-41" }, "geometry": { "type": "Polygon", "coordinates": [ [ [ -54.504962, -22.084743 ], [ -54.505129, -22.08452 ], [ -54.505267, -22.084594 ], [ -54.505095, -22.084815 ], [ -54.504962, -22.084743 ] ] ] } },
{ "type": "Feature", "properties": { "id": 77792, "insc_imob": "08.01.23.05.110", "quadra_cartorio": null, "lote_cartorio": "07", "matricula": "122466", "circunscricao": "1º CIRCUNSCRIÇÃO", "zoneamento": null, "condominio": null, "area_geom": 227.7, "cnm": "062661.2.0122466-20" }, "geometry": { "type": "Polygon", "coordinates": [ [ [ -54.506873, -22.086906 ], [ -54.506923, -22.086825 ], [ -54.507108, -22.086925 ], [ -54.507058, -22.087006 ], [ -54.506873, -22.086906 ] ] ] } },
{ "type": "Feature", "properties": { "id": 77793, "insc_imob": "08.01.23.05.120", "quadra_cartorio": null, "lote_cartorio": "08", "matricula": "122467", "circunscricao": "1º CIRCUNSCRIÇÃO", "zoneamento": null, "condominio": null, "area_geom": 227.7, "cnm": "062661.2.0122467-17" }, "geometry": { "type": "Polygon", "coordinates": [ [ [ -54.507008, -22.087087 ], [ -54.506823, -22.086987 ], [ -54.506873, -22.086906 ], [ -54.507058, -22.087006 ], [ -54.507008, -22.087087 ] ] ] } },
{ "type": "Feature", "properties": { "id": 75444, "insc_imob": "08.01.13.07.184", "quadra_cartorio": "06", "lote_cartorio": "05", "matricula": null, "circunscricao": "1º CIRCUNSCRIÇÃO", "zoneamento": null, "condominio": null, "area_geom": 329.99, "cnm": null }, "geometry": { "type": "Polygon", "coordinates": [ [ [ -54.507573, -22.085593 ], [ -54.507732, -22.085335 ], [ -54.507816, -22.08538 ], [ -54.507657, -22.085638 ], [ -54.507573, -22.085593 ] ] ] } },
{ "type": "Feature", "properties": { "id": 81982, "insc_imob": "08.01.23.05.440", "quadra_cartorio": "00", "lote_cartorio": "ÁREA C", "matricula": "98378", "circunscricao": "1º CIRCUNSCRIÇÃO", "zoneamento": null, "condominio": null, "area_geom": 21711.7, "cnm": "062661.2.0098378-19" }, "geometry": { "type": "Polygon", "coordinates": [ [ [ -54.5051, -22.089593 ], [ -54.505741, -22.08861 ], [ -54.50638, -22.087629 ], [ -54.507061, -22.088061 ], [ -54.505787, -22.090029 ], [ -54.5051, -22.089593 ] ] ] } },
{ "type": "Feature", "properties": { "id": 101276, "insc_imob": "08.01.23.03.066", "quadra_cartorio": "01", "lote_cartorio": "24", "matricula": "19150", "circunscricao": "1º CIRCUNSCRIÇÃO", "zoneamento": null, "condominio": null, "area_geom": 393.63, "cnm": "062661.2.0019150-53" }, "geometry": { "type": "Polygon", "coordinates": [ [ [ -54.505695, -22.085527 ], [ -54.505762, -22.085438 ], [ -54.506037, -22.08559 ], [ -54.505967, -22.085677 ], [ -54.505695, -22.085527 ] ] ] } },
{ "type": "Feature", "properties": { "id": 99427, "insc_imob": "08.01.13.13.222", "quadra_cartorio": "02", "lote_cartorio": "13", "matricula": "TR-28116", "circunscricao": "1º CIRCUNSCRIÇÃO", "zoneamento": null, "condominio": null, "area_geom": 360.01, "cnm": null }, "geometry": { "type": "Polygon", "coordinates": [ [ [ -54.506755, -22.083182 ], [ -54.506813, -22.083088 ], [ -54.507065, -22.083223 ], [ -54.507007, -22.083317 ], [ -54.506906, -22.083263 ], [ -54.506805, -22.083209 ], [ -54.506755, -22.083182 ] ] ] } },
{ "type": "Feature", "properties": { "id": 99865, "insc_imob": "08.01.13.07.327", "quadra_cartorio": "06", "lote_cartorio": null, "matricula": null, "circunscricao": "1º CIRCUNSCRIÇÃO", "zoneamento": null, "condominio": null, "area_geom": 299.99, "cnm": null }, "geometry": { "type": "Polygon", "coordinates": [ [ [ -54.50819, -22.084956 ], [ -54.508239, -22.084878 ], [ -54.508491, -22.085013 ], [ -54.508442, -22.085091 ], [ -54.50819, -22.084956 ] ] ] } },
{ "type": "Feature", "properties": { "id": 99866, "insc_imob": "08.01.13.07.337", "quadra_cartorio": "06", "lote_cartorio": null, "matricula": null, "circunscricao": "1º CIRCUNSCRIÇÃO", "zoneamento": null, "condominio": null, "area_geom": 300.0, "cnm": null }, "geometry": { "type": "Polygon", "coordinates": [ [ [ -54.508239, -22.084878 ], [ -54.508287, -22.084799 ], [ -54.508539, -22.084935 ], [ -54.508491, -22.085013 ], [ -54.508239, -22.084878 ] ] ] } },
{ "type": "Feature", "properties": { "id": 99867, "insc_imob": "08.01.13.07.247", "quadra_cartorio": "06", "lote_cartorio": null, "matricula": null, "circunscricao": "1º CIRCUNSCRIÇÃO", "zoneamento": null, "condominio": null, "area_geom": 314.97, "cnm": null }, "geometry": { "type": "Polygon", "coordinates": [ [ [ -54.508287, -22.084799 ], [ -54.508338, -22.084717 ], [ -54.50859, -22.084853 ], [ -54.508539, -22.084935 ], [ -54.508287, -22.084799 ] ] ] } },
{ "type": "Feature", "properties": { "id": 99868, "insc_imob": "08.01.13.07.025", "quadra_cartorio": "06", "lote_cartorio": null, "matricula": null, "circunscricao": "1º CIRCUNSCRIÇÃO", "zoneamento": null, "condominio": null, "area_geom": 1442.81, "cnm": null }, "geometry": { "type": "Polygon", "coordinates": [ [ [ -54.508086, -22.084582 ], [ -54.508205, -22.08439 ], [ -54.508703, -22.084669 ], [ -54.50859, -22.084853 ], [ -54.508338, -22.084717 ], [ -54.508086, -22.084582 ] ] ] } },
{ "type": "Feature", "properties": { "id": 99869, "insc_imob": "08.01.13.06.027", "quadra_cartorio": "05", "lote_cartorio": null, "matricula": null, "circunscricao": "1º CIRCUNSCRIÇÃO", "zoneamento": null, "condominio": null, "area_geom": 1593.36, "cnm": null }, "geometry": { "type": "Polygon", "coordinates": [ [ [ -54.507477, -22.084284 ], [ -54.507605, -22.084076 ], [ -54.508115, -22.084363 ], [ -54.507993, -22.084561 ], [ -54.507787, -22.08445 ], [ -54.507741, -22.084426 ], [ -54.507477, -22.084284 ] ] ] } },
{ "type": "Feature", "properties": { "id": 99870, "insc_imob": "08.01.13.05.250", "quadra_cartorio": "01", "lote_cartorio": null, "matricula": null, "circunscricao": "1º CIRCUNSCRIÇÃO", "zoneamento": null, "condominio": null, "area_geom": 300.0, "cnm": null }, "geometry": { "type": "Polygon", "coordinates": [ [ [ -54.506607, -22.084786 ], [ -54.506656, -22.084707 ], [ -54.506908, -22.084843 ], [ -54.506859, -22.084921 ], [ -54.506775, -22.084876 ], [ -54.506678, -22.084823 ], [ -54.506607, -22.084786 ] ] ] } },
{ "type": "Feature", "properties": { "id": 114498, "insc_imob": "08.01.13.07.111", "quadra_cartorio": "06", "lote_cartorio": "09", "matricula": null, "circunscricao": "1º CIRCUNSCRIÇÃO", "zoneamento": null, "condominio": null, "area_geom": 300.0, "cnm": null }, "geometry": { "type": "Polygon", "coordinates": [ [ [ -54.507745, -22.085133 ], [ -54.507794, -22.085055 ], [ -54.508045, -22.08519 ], [ -54.507997, -22.085269 ], [ -54.507745, -22.085133 ] ] ] } },
{ "type": "Feature", "properties": { "id": 108803, "insc_imob": "08.01.13.12.108", "quadra_cartorio": "01", "lote_cartorio": "08", "matricula": "TR-28116", "circunscricao": "1º CIRCUNSCRIÇÃO", "zoneamento": null, "condominio": null, "area_geom": 359.99, "cnm": null }, "geometry": { "type": "Polygon", "coordinates": [ [ [ -54.50555, -22.082712 ], [ -54.505608, -22.082618 ], [ -54.50586, -22.082753 ], [ -54.505802, -22.082847 ], [ -54.50555, -22.082712 ] ] ] } },
{ "type": "Feature", "properties": { "id": 108804, "insc_imob": "08.01.13.12.150", "quadra_cartorio": "01", "lote_cartorio": "09", "matricula": "TR-28116", "circunscricao": "1º CIRCUNSCRIÇÃO", "zoneamento": null, "condominio": null, "area_geom": 360.01, "cnm": null }, "geometry": { "type": "Polygon", "coordinates": [ [ [ -54.505492, -22.082806 ], [ -54.50555, -22.082712 ], [ -54.505802, -22.082847 ], [ -54.505744, -22.082941 ], [ -54.505492, -22.082806 ] ] ] } },
{ "type": "Feature", "properties": { "id": 108805, "insc_imob": "08.01.13.12.216", "quadra_cartorio": "01", "lote_cartorio": "12", "matricula": "TR-28116", "circunscricao": "1º CIRCUNSCRIÇÃO", "zoneamento": null, "condominio": null, "area_geom": 360.0, "cnm": null }, "geometry": { "type": "Polygon", "coordinates": [ [ [ -54.505945, -22.083049 ], [ -54.506003, -22.082956 ], [ -54.506255, -22.083091 ], [ -54.506197, -22.083185 ], [ -54.505945, -22.083049 ] ] ] } },
{ "type": "Feature", "properties": { "id": 5312, "insc_imob": "08.01.23.13.030", "quadra_cartorio": null, "lote_cartorio": "05", "matricula": null, "circunscricao": "1º CIRCUNSCRIÇÃO", "zoneamento": null, "condominio": null, "area_geom": 370.11, "cnm": null }, "geometry": { "type": "Polygon", "coordinates": [ [ [ -54.504925, -22.086574 ], [ -54.505094, -22.086352 ], [ -54.505198, -22.086407 ], [ -54.505029, -22.086629 ], [ -54.504925, -22.086574 ] ] ] } },
{ "type": "Feature", "properties": { "id": 2692, "insc_imob": "08.01.13.07.174", "quadra_cartorio": null, "lote_cartorio": "06", "matricula": null, "circunscricao": "1º CIRCUNSCRIÇÃO", "zoneamento": null, "condominio": null, "area_geom": 330.0, "cnm": null }, "geometry": { "type": "Polygon", "coordinates": [ [ [ -54.507489, -22.085548 ], [ -54.507649, -22.08529 ], [ -54.507732, -22.085335 ], [ -54.507573, -22.085593 ], [ -54.507489, -22.085548 ] ] ] } },
{ "type": "Feature", "properties": { "id": 396, "insc_imob": "08.01.13.06.303", "quadra_cartorio": null, "lote_cartorio": "20", "matricula": null, "circunscricao": "1º CIRCUNSCRIÇÃO", "zoneamento": null, "condominio": null, "area_geom": 300.0, "cnm": null }, "geometry": { "type": "Polygon", "coordinates": [ [ [ -54.507548, -22.084739 ], [ -54.507596, -22.08466 ], [ -54.507848, -22.084796 ], [ -54.5078, -22.084874 ], [ -54.507548, -22.084739 ] ] ] } },
{ "type": "Feature", "properties": { "id": 460, "insc_imob": "08.01.23.01.338", "quadra_cartorio": null, "lote_cartorio": "09", "matricula": "45229", "circunscricao": "1º CIRCUNSCRIÇÃO", "zoneamento": null, "condominio": null, "area_geom": 346.78, "cnm": "062661.2.0045229-95" }, "geometry": { "type": "Polygon", "coordinates": [ [ [ -54.504396, -22.085271 ], [ -54.504439, -22.085212 ], [ -54.504683, -22.085343 ], [ -54.504614, -22.085431 ], [ -54.504374, -22.085302 ], [ -54.504396, -22.085271 ] ] ] } },
{ "type": "Feature", "properties": { "id": 453, "insc_imob": "08.01.13.15.040", "quadra_cartorio": null, "lote_cartorio": null, "matricula": null, "circunscricao": "1º CIRCUNSCRIÇÃO", "zoneamento": null, "condominio": null, "area_geom": 799.98, "cnm": null }, "geometry": { "type": "Polygon", "coordinates": [ [ [ -54.508168, -22.085908 ], [ -54.508353, -22.085591 ], [ -54.508524, -22.085677 ], [ -54.508338, -22.085994 ], [ -54.508168, -22.085908 ] ] ] } },
{ "type": "Feature", "properties": { "id": 456, "insc_imob": "08.01.13.15.100", "quadra_cartorio": null, "lote_cartorio": null, "matricula": null, "circunscricao": "1º CIRCUNSCRIÇÃO", "zoneamento": null, "condominio": null, "area_geom": 799.99, "cnm": null }, "geometry": { "type": "Polygon", "coordinates": [ [ [ -54.508679, -22.086167 ], [ -54.508864, -22.08585 ], [ -54.509034, -22.085936 ], [ -54.508849, -22.086253 ], [ -54.508679, -22.086167 ] ] ] } },
{ "type": "Feature", "properties": { "id": 774, "insc_imob": "08.01.23.23.296", "quadra_cartorio": null, "lote_cartorio": "10", "matricula": null, "circunscricao": "1º CIRCUNSCRIÇÃO", "zoneamento": null, "condominio": null, "area_geom": 362.0, "cnm": null }, "geometry": { "type": "Polygon", "coordinates": [ [ [ -54.50384, -22.088457 ], [ -54.503858, -22.088435 ], [ -54.503909, -22.088369 ], [ -54.504155, -22.088502 ], [ -54.504162, -22.088505 ], [ -54.504093, -22.088594 ], [ -54.50384, -22.088457 ] ] ] } },
{ "type": "Feature", "properties": { "id": 832, "insc_imob": "08.01.23.34.217", "quadra_cartorio": null, "lote_cartorio": "03", "matricula": "31652", "circunscricao": "1º CIRCUNSCRIÇÃO", "zoneamento": null, "condominio": null, "area_geom": 359.99, "cnm": "062661.2.0031652-86" }, "geometry": { "type": "Polygon", "coordinates": [ [ [ -54.503431, -22.089436 ], [ -54.503574, -22.0892 ], [ -54.503675, -22.089253 ], [ -54.503532, -22.089489 ], [ -54.503431, -22.089436 ] ] ] } },
{ "type": "Feature", "properties": { "id": 576, "insc_imob": "08.01.23.12.344", "quadra_cartorio": null, "lote_cartorio": "06", "matricula": "1271", "circunscricao": "1º CIRCUNSCRIÇÃO", "zoneamento": null, "condominio": null, "area_geom": 304.11, "cnm": "062661.2.0001271-49" }, "geometry": { "type": "Polygon", "coordinates": [ [ [ -54.504423, -22.086422 ], [ -54.504471, -22.086354 ], [ -54.504555, -22.086398 ], [ -54.504756, -22.086507 ], [ -54.504704, -22.086573 ], [ -54.504423, -22.086422 ] ] ] } },
{ "type": "Feature", "properties": { "id": 51058, "insc_imob": "08.01.13.06.313", "quadra_cartorio": "05", "lote_cartorio": "19", "matricula": null, "circunscricao": "1º CIRCUNSCRIÇÃO", "zoneamento": null, "condominio": null, "area_geom": 299.75, "cnm": null }, "geometry": { "type": "Polygon", "coordinates": [ [ [ -54.507596, -22.08466 ], [ -54.507645, -22.084582 ], [ -54.507896, -22.084717 ], [ -54.507848, -22.084796 ], [ -54.507596, -22.08466 ] ] ] } },
{ "type": "Feature", "properties": { "id": 52434, "insc_imob": "08.01.13.07.131", "quadra_cartorio": "06", "lote_cartorio": "07", "matricula": null, "circunscricao": "1º CIRCUNSCRIÇÃO", "zoneamento": null, "condominio": null, "area_geom": 299.76, "cnm": null }, "geometry": { "type": "Polygon", "coordinates": [ [ [ -54.507649, -22.08529 ], [ -54.507697, -22.085212 ], [ -54.507949, -22.085347 ], [ -54.5079, -22.085425 ], [ -54.507816, -22.08538 ], [ -54.507732, -22.085335 ], [ -54.507649, -22.08529 ] ] ] } },
{ "type": "Feature", "properties": { "id": 61859, "insc_imob": "08.01.13.06.067", "quadra_cartorio": "05", "lote_cartorio": "12", "matricula": null, "circunscricao": "1º CIRCUNSCRIÇÃO", "zoneamento": null, "condominio": null, "area_geom": 314.74, "cnm": null }, "geometry": { "type": "Polygon", "coordinates": [ [ [ -54.507283, -22.084597 ], [ -54.507332, -22.084518 ], [ -54.507596, -22.08466 ], [ -54.507548, -22.084739 ], [ -54.507283, -22.084597 ] ] ] } },
{ "type": "Feature", "properties": { "id": 65223, "insc_imob": "08.01.13.04.040", "quadra_cartorio": "02", "lote_cartorio": "15", "matricula": null, "circunscricao": "1º CIRCUNSCRIÇÃO", "zoneamento": null, "condominio": null, "area_geom": 299.75, "cnm": null }, "geometry": { "type": "Polygon", "coordinates": [ [ [ -54.506071, -22.083664 ], [ -54.50612, -22.083586 ], [ -54.506204, -22.083631 ], [ -54.506288, -22.083676 ], [ -54.506371, -22.083721 ], [ -54.506323, -22.083799 ], [ -54.506071, -22.083664 ] ] ] } },
{ "type": "Feature", "properties": { "id": 75072, "insc_imob": "08.01.13.06.117", "quadra_cartorio": "05", "lote_cartorio": "07", "matricula": null, "circunscricao": "1º CIRCUNSCRIÇÃO", "zoneamento": null, "condominio": null, "area_geom": 314.75, "cnm": null }, "geometry": { "type": "Polygon", "coordinates": [ [ [ -54.507042, -22.084988 ], [ -54.50709, -22.084909 ], [ -54.507354, -22.085051 ], [ -54.507306, -22.08513 ], [ -54.507209, -22.085078 ], [ -54.507126, -22.085033 ], [ -54.507042, -22.084988 ] ] ] } },
{ "type": "Feature", "properties": { "id": 76863, "insc_imob": "08.01.13.07.121", "quadra_cartorio": "06", "lote_cartorio": "08", "matricula": null, "circunscricao": "1º CIRCUNSCRIÇÃO", "zoneamento": null, "condominio": null, "area_geom": 299.74, "cnm": null }, "geometry": { "type": "Polygon", "coordinates": [ [ [ -54.507697, -22.085212 ], [ -54.507745, -22.085133 ], [ -54.507997, -22.085269 ], [ -54.507949, -22.085347 ], [ -54.507697, -22.085212 ] ] ] } },
{ "type": "Feature", "properties": { "id": 77225, "insc_imob": "08.01.13.07.214", "quadra_cartorio": "06", "lote_cartorio": "02", "matricula": null, "circunscricao": "1º CIRCUNSCRIÇÃO", "zoneamento": null, "condominio": null, "area_geom": 329.71, "cnm": null }, "geometry": { "type": "Polygon", "coordinates": [ [ [ -54.507825, -22.085728 ], [ -54.507984, -22.08547 ], [ -54.508068, -22.085515 ], [ -54.507908, -22.085773 ], [ -54.507825, -22.085728 ] ] ] } },
{ "type": "Feature", "properties": { "id": 85433, "insc_imob": "08.01.13.02.230", "quadra_cartorio": "03", "lote_cartorio": "23", "matricula": null, "circunscricao": "1º CIRCUNSCRIÇÃO", "zoneamento": null, "condominio": null, "area_geom": 399.64, "cnm": null }, "geometry": { "type": "Polygon", "coordinates": [ [ [ -54.505286, -22.083934 ], [ -54.505311, -22.083895 ], [ -54.505646, -22.084075 ], [ -54.505598, -22.084154 ], [ -54.505262, -22.083973 ], [ -54.505286, -22.083934 ] ] ] } },
{ "type": "Feature", "properties": { "id": 85434, "insc_imob": "08.01.13.04.400", "quadra_cartorio": "02", "lote_cartorio": "18", "matricula": null, "circunscricao": "1º CIRCUNSCRIÇÃO", "zoneamento": null, "condominio": null, "area_geom": 299.75, "cnm": null }, "geometry": { "type": "Polygon", "coordinates": [ [ [ -54.506288, -22.083676 ], [ -54.506433, -22.083441 ], [ -54.506517, -22.083487 ], [ -54.506371, -22.083721 ], [ -54.506288, -22.083676 ] ] ] } },
{ "type": "Feature", "properties": { "id": 95644, "insc_imob": "08.01.13.07.091", "quadra_cartorio": "06", "lote_cartorio": "11", "matricula": null, "circunscricao": "1º CIRCUNSCRIÇÃO", "zoneamento": null, "condominio": null, "area_geom": 299.74, "cnm": null }, "geometry": { "type": "Polygon", "coordinates": [ [ [ -54.507842, -22.084977 ], [ -54.50789, -22.084899 ], [ -54.508142, -22.085034 ], [ -54.508094, -22.085112 ], [ -54.507842, -22.084977 ] ] ] } },
{ "type": "Feature", "properties": { "id": 95654, "insc_imob": "08.01.13.05.090", "quadra_cartorio": "01", "lote_cartorio": "10", "matricula": null, "circunscricao": "1º CIRCUNSCRIÇÃO", "zoneamento": null, "condominio": null, "area_geom": 299.73, "cnm": null }, "geometry": { "type": "Polygon", "coordinates": [ [ [ -54.506491, -22.084431 ], [ -54.50654, -22.084353 ], [ -54.506791, -22.084488 ], [ -54.506762, -22.084535 ], [ -54.506753, -22.084551 ], [ -54.506743, -22.084567 ], [ -54.506491, -22.084431 ] ] ] } },
{ "type": "Feature", "properties": { "id": 97038, "insc_imob": "08.01.23.22.091", "quadra_cartorio": "06", "lote_cartorio": null, "matricula": null, "circunscricao": "1º CIRCUNSCRIÇÃO", "zoneamento": null, "condominio": null, "area_geom": 361.72, "cnm": null }, "geometry": { "type": "Polygon", "coordinates": [ [ [ -54.502912, -22.087959 ], [ -54.502981, -22.087871 ], [ -54.503234, -22.088007 ], [ -54.503183, -22.088072 ], [ -54.503165, -22.088095 ], [ -54.502912, -22.087959 ] ] ] } },
{ "type": "Feature", "properties": { "id": 97039, "insc_imob": "08.01.13.07.267", "quadra_cartorio": "06", "lote_cartorio": null, "matricula": null, "circunscricao": "1º CIRCUNSCRIÇÃO", "zoneamento": null, "condominio": null, "area_geom": 299.58, "cnm": null }, "geometry": { "type": "Polygon", "coordinates": [ [ [ -54.5079, -22.085425 ], [ -54.507949, -22.085347 ], [ -54.5082, -22.085482 ], [ -54.508186, -22.085506 ], [ -54.508152, -22.08556 ], [ -54.508068, -22.085515 ], [ -54.507984, -22.08547 ], [ -54.5079, -22.085425 ] ] ] } },
{ "type": "Feature", "properties": { "id": 97040, "insc_imob": "08.01.13.07.287", "quadra_cartorio": "06", "lote_cartorio": null, "matricula": null, "circunscricao": "1º CIRCUNSCRIÇÃO", "zoneamento": null, "condominio": null, "area_geom": 299.74, "cnm": null }, "geometry": { "type": "Polygon", "coordinates": [ [ [ -54.507997, -22.085269 ], [ -54.508045, -22.08519 ], [ -54.508297, -22.085326 ], [ -54.508249, -22.085404 ], [ -54.507997, -22.085269 ] ] ] } },
{ "type": "Feature", "properties": { "id": 97041, "insc_imob": "08.01.13.07.277", "quadra_cartorio": "06", "lote_cartorio": null, "matricula": null, "circunscricao": "1º CIRCUNSCRIÇÃO", "zoneamento": null, "condominio": null, "area_geom": 299.74, "cnm": null }, "geometry": { "type": "Polygon", "coordinates": [ [ [ -54.507949, -22.085347 ], [ -54.507997, -22.085269 ], [ -54.508249, -22.085404 ], [ -54.5082, -22.085482 ], [ -54.507949, -22.085347 ] ] ] } },
{ "type": "Feature", "properties": { "id": 97042, "insc_imob": "08.01.13.07.297", "quadra_cartorio": "06", "lote_cartorio": null, "matricula": null, "circunscricao": "1º CIRCUNSCRIÇÃO", "zoneamento": null, "condominio": null, "area_geom": 299.72, "cnm": null }, "geometry": { "type": "Polygon", "coordinates": [ [ [ -54.508045, -22.08519 ], [ -54.508055, -22.085175 ], [ -54.508094, -22.085112 ], [ -54.508161, -22.085148 ], [ -54.508345, -22.085248 ], [ -54.508297, -22.085326 ], [ -54.508045, -22.08519 ] ] ] } },
{ "type": "Feature", "properties": { "id": 97043, "insc_imob": "08.01.13.07.307", "quadra_cartorio": "06", "lote_cartorio": null, "matricula": null, "circunscricao": "1º CIRCUNSCRIÇÃO", "zoneamento": null, "condominio": null, "area_geom": 299.76, "cnm": null }, "geometry": { "type": "Polygon", "coordinates": [ [ [ -54.508094, -22.085112 ], [ -54.508142, -22.085034 ], [ -54.508394, -22.085169 ], [ -54.508345, -22.085248 ], [ -54.508161, -22.085148 ], [ -54.508094, -22.085112 ] ] ] } },
{ "type": "Feature", "properties": { "id": 97044, "insc_imob": "08.01.13.07.317", "quadra_cartorio": "06", "lote_cartorio": null, "matricula": null, "circunscricao": "1º CIRCUNSCRIÇÃO", "zoneamento": null, "condominio": null, "area_geom": 299.75, "cnm": null }, "geometry": { "type": "Polygon", "coordinates": [ [ [ -54.508142, -22.085034 ], [ -54.50819, -22.084956 ], [ -54.508442, -22.085091 ], [ -54.508394, -22.085169 ], [ -54.508142, -22.085034 ] ] ] } },
{ "type": "Feature", "properties": { "id": 97045, "insc_imob": "08.01.13.05.030", "quadra_cartorio": "01", "lote_cartorio": "16", "matricula": null, "circunscricao": "1º CIRCUNSCRIÇÃO", "zoneamento": null, "condominio": null, "area_geom": 299.74, "cnm": null }, "geometry": { "type": "Polygon", "coordinates": [ [ [ -54.506791, -22.083947 ], [ -54.506936, -22.083712 ], [ -54.50702, -22.083757 ], [ -54.506875, -22.083992 ], [ -54.506791, -22.083947 ] ] ] } },
{ "type": "Feature", "properties": { "id": 97279, "insc_imob": "08.01.13.07.101", "quadra_cartorio": "06", "lote_cartorio": "10", "matricula": null, "circunscricao": "1º CIRCUNSCRIÇÃO", "zoneamento": null, "condominio": null, "area_geom": 299.75, "cnm": null }, "geometry": { "type": "Polygon", "coordinates": [ [ [ -54.507794, -22.085055 ], [ -54.507842, -22.084977 ], [ -54.508094, -22.085112 ], [ -54.508055, -22.085175 ], [ -54.508045, -22.08519 ], [ -54.507794, -22.085055 ] ] ] } },
{ "type": "Feature", "properties": { "id": 97280, "insc_imob": "08.01.13.07.204", "quadra_cartorio": "06", "lote_cartorio": "03", "matricula": null, "circunscricao": "1º CIRCUNSCRIÇÃO", "zoneamento": null, "condominio": null, "area_geom": 329.71, "cnm": null }, "geometry": { "type": "Polygon", "coordinates": [ [ [ -54.507741, -22.085683 ], [ -54.5079, -22.085425 ], [ -54.507984, -22.08547 ], [ -54.507825, -22.085728 ], [ -54.507741, -22.085683 ] ] ] } },
{ "type": "Feature", "properties": { "id": 98083, "insc_imob": "08.01.13.05.180", "quadra_cartorio": "01", "lote_cartorio": "04", "matricula": null, "circunscricao": "1º CIRCUNSCRIÇÃO", "zoneamento": null, "condominio": null, "area_geom": 299.73, "cnm": null }, "geometry": { "type": "Polygon", "coordinates": [ [ [ -54.506365, -22.084968 ], [ -54.50651, -22.084733 ], [ -54.506594, -22.084778 ], [ -54.506449, -22.085013 ], [ -54.506365, -22.084968 ] ] ] } },
{ "type": "Feature", "properties": { "id": 98084, "insc_imob": "08.01.13.05.240", "quadra_cartorio": "01", "lote_cartorio": "01", "matricula": null, "circunscricao": "1º CIRCUNSCRIÇÃO", "zoneamento": null, "condominio": null, "area_geom": 299.71, "cnm": null }, "geometry": { "type": "Polygon", "coordinates": [ [ [ -54.50663, -22.08511 ], [ -54.506775, -22.084876 ], [ -54.506859, -22.084921 ], [ -54.506714, -22.085155 ], [ -54.50663, -22.08511 ] ] ] } },
{ "type": "Feature", "properties": { "id": 98085, "insc_imob": "08.01.13.05.270", "quadra_cartorio": "01", "lote_cartorio": "28", "matricula": null, "circunscricao": "1º CIRCUNSCRIÇÃO", "zoneamento": null, "condominio": null, "area_geom": 299.76, "cnm": null }, "geometry": { "type": "Polygon", "coordinates": [ [ [ -54.506743, -22.084567 ], [ -54.506753, -22.084551 ], [ -54.507004, -22.084686 ], [ -54.506956, -22.084764 ], [ -54.506704, -22.084629 ], [ -54.506743, -22.084567 ] ] ] } },
{ "type": "Feature", "properties": { "id": 98086, "insc_imob": "08.01.13.05.300", "quadra_cartorio": "01", "lote_cartorio": "25", "matricula": null, "circunscricao": "1º CIRCUNSCRIÇÃO", "zoneamento": null, "condominio": null, "area_geom": 299.73, "cnm": null }, "geometry": { "type": "Polygon", "coordinates": [ [ [ -54.506849, -22.084395 ], [ -54.506898, -22.084316 ], [ -54.507149, -22.084452 ], [ -54.507101, -22.08453 ], [ -54.506849, -22.084395 ] ] ] } },
{ "type": "Feature", "properties": { "id": 98087, "insc_imob": "08.01.13.05.310", "quadra_cartorio": "01", "lote_cartorio": "24", "matricula": null, "circunscricao": "1º CIRCUNSCRIÇÃO", "zoneamento": null, "condominio": null, "area_geom": 299.72, "cnm": null }, "geometry": { "type": "Polygon", "coordinates": [ [ [ -54.506898, -22.084316 ], [ -54.506946, -22.084238 ], [ -54.507198, -22.084373 ], [ -54.507149, -22.084452 ], [ -54.506898, -22.084316 ] ] ] } },
{ "type": "Feature", "properties": { "id": 98088, "insc_imob": "08.01.13.05.320", "quadra_cartorio": "01", "lote_cartorio": "23", "matricula": null, "circunscricao": "1º CIRCUNSCRIÇÃO", "zoneamento": null, "condominio": null, "area_geom": 299.75, "cnm": null }, "geometry": { "type": "Polygon", "coordinates": [ [ [ -54.506946, -22.084238 ], [ -54.506994, -22.08416 ], [ -54.507246, -22.084295 ], [ -54.507198, -22.084373 ], [ -54.506946, -22.084238 ] ] ] } },
{ "type": "Feature", "properties": { "id": 98089, "insc_imob": "08.01.13.05.390", "quadra_cartorio": "01", "lote_cartorio": "19", "matricula": null, "circunscricao": "1º CIRCUNSCRIÇÃO", "zoneamento": null, "condominio": null, "area_geom": 299.73, "cnm": null }, "geometry": { "type": "Polygon", "coordinates": [ [ [ -54.507043, -22.084082 ], [ -54.507188, -22.083847 ], [ -54.507272, -22.083892 ], [ -54.507127, -22.084127 ], [ -54.507043, -22.084082 ] ] ] } },
{ "type": "Feature", "properties": { "id": 98090, "insc_imob": "08.01.13.06.037", "quadra_cartorio": "05", "lote_cartorio": "15", "matricula": null, "circunscricao": "1º CIRCUNSCRIÇÃO", "zoneamento": null, "condominio": null, "area_geom": 314.73, "cnm": null }, "geometry": { "type": "Polygon", "coordinates": [ [ [ -54.507429, -22.084362 ], [ -54.507477, -22.084284 ], [ -54.507741, -22.084426 ], [ -54.507693, -22.084504 ], [ -54.507429, -22.084362 ] ] ] } },
{ "type": "Feature", "properties": { "id": 98091, "insc_imob": "08.01.13.06.077", "quadra_cartorio": "05", "lote_cartorio": "11", "matricula": null, "circunscricao": "1º CIRCUNSCRIÇÃO", "zoneamento": null, "condominio": null, "area_geom": 314.74, "cnm": null }, "geometry": { "type": "Polygon", "coordinates": [ [ [ -54.507235, -22.084675 ], [ -54.507283, -22.084597 ], [ -54.507548, -22.084739 ], [ -54.507538, -22.084754 ], [ -54.507499, -22.084817 ], [ -54.507432, -22.084781 ], [ -54.507235, -22.084675 ] ] ] } },
{ "type": "Feature", "properties": { "id": 98092, "insc_imob": "08.01.13.06.160", "quadra_cartorio": "05", "lote_cartorio": "06", "matricula": null, "circunscricao": "1º CIRCUNSCRIÇÃO", "zoneamento": null, "condominio": null, "area_geom": 329.72, "cnm": null }, "geometry": { "type": "Polygon", "coordinates": [ [ [ -54.506882, -22.085246 ], [ -54.507042, -22.084988 ], [ -54.507126, -22.085033 ], [ -54.506966, -22.085291 ], [ -54.506882, -22.085246 ] ] ] } },
{ "type": "Feature", "properties": { "id": 98093, "insc_imob": "08.01.13.06.190", "quadra_cartorio": "05", "lote_cartorio": "03", "matricula": null, "circunscricao": "1º CIRCUNSCRIÇÃO", "zoneamento": null, "condominio": null, "area_geom": 329.71, "cnm": null }, "geometry": { "type": "Polygon", "coordinates": [ [ [ -54.507146, -22.085388 ], [ -54.507306, -22.08513 ], [ -54.50739, -22.085175 ], [ -54.50723, -22.085433 ], [ -54.507146, -22.085388 ] ] ] } },
{ "type": "Feature", "properties": { "id": 98094, "insc_imob": "08.01.13.06.200", "quadra_cartorio": "05", "lote_cartorio": "02", "matricula": null, "circunscricao": "1º CIRCUNSCRIÇÃO", "zoneamento": null, "condominio": null, "area_geom": 329.72, "cnm": null }, "geometry": { "type": "Polygon", "coordinates": [ [ [ -54.50723, -22.085433 ], [ -54.50739, -22.085175 ], [ -54.507474, -22.08522 ], [ -54.507314, -22.085478 ], [ -54.50723, -22.085433 ] ] ] } },
{ "type": "Feature", "properties": { "id": 98095, "insc_imob": "08.01.13.06.253", "quadra_cartorio": "05", "lote_cartorio": "25", "matricula": null, "circunscricao": "1º CIRCUNSCRIÇÃO", "zoneamento": null, "condominio": null, "area_geom": 299.77, "cnm": null }, "geometry": { "type": "Polygon", "coordinates": [ [ [ -54.507306, -22.08513 ], [ -54.507354, -22.085051 ], [ -54.507606, -22.085187 ], [ -54.507558, -22.085265 ], [ -54.507474, -22.08522 ], [ -54.50739, -22.085175 ], [ -54.507306, -22.08513 ] ] ] } },
{ "type": "Feature", "properties": { "id": 98101, "insc_imob": "08.01.13.06.283", "quadra_cartorio": "05", "lote_cartorio": "22", "matricula": null, "circunscricao": "1º CIRCUNSCRIÇÃO", "zoneamento": null, "condominio": null, "area_geom": 299.73, "cnm": null }, "geometry": { "type": "Polygon", "coordinates": [ [ [ -54.507451, -22.084895 ], [ -54.507499, -22.084817 ], [ -54.507751, -22.084952 ], [ -54.507703, -22.08503 ], [ -54.507451, -22.084895 ] ] ] } },
{ "type": "Feature", "properties": { "id": 98102, "insc_imob": "08.01.13.06.293", "quadra_cartorio": "05", "lote_cartorio": "21", "matricula": null, "circunscricao": "1º CIRCUNSCRIÇÃO", "zoneamento": null, "condominio": null, "area_geom": 299.75, "cnm": null }, "geometry": { "type": "Polygon", "coordinates": [ [ [ -54.507499, -22.084817 ], [ -54.507538, -22.084754 ], [ -54.507548, -22.084739 ], [ -54.5078, -22.084874 ], [ -54.507751, -22.084952 ], [ -54.507499, -22.084817 ] ] ] } },
{ "type": "Feature", "properties": { "id": 98103, "insc_imob": "08.01.13.06.323", "quadra_cartorio": "05", "lote_cartorio": "18", "matricula": null, "circunscricao": "1º CIRCUNSCRIÇÃO", "zoneamento": null, "condominio": null, "area_geom": 299.75, "cnm": null }, "geometry": { "type": "Polygon", "coordinates": [ [ [ -54.507645, -22.084582 ], [ -54.507693, -22.084504 ], [ -54.507945, -22.084639 ], [ -54.507896, -22.084717 ], [ -54.507645, -22.084582 ] ] ] } },
{ "type": "Feature", "properties": { "id": 98104, "insc_imob": "08.01.13.07.051", "quadra_cartorio": "06", "lote_cartorio": "15", "matricula": null, "circunscricao": "1º CIRCUNSCRIÇÃO", "zoneamento": null, "condominio": null, "area_geom": 314.73, "cnm": null }, "geometry": { "type": "Polygon", "coordinates": [ [ [ -54.508035, -22.084664 ], [ -54.508086, -22.084582 ], [ -54.508338, -22.084717 ], [ -54.508287, -22.084799 ], [ -54.508035, -22.084664 ] ] ] } },
{ "type": "Feature", "properties": { "id": 98105, "insc_imob": "08.01.13.07.061", "quadra_cartorio": "06", "lote_cartorio": "14", "matricula": null, "circunscricao": "1º CIRCUNSCRIÇÃO", "zoneamento": null, "condominio": null, "area_geom": 299.75, "cnm": null }, "geometry": { "type": "Polygon", "coordinates": [ [ [ -54.507987, -22.084742 ], [ -54.508035, -22.084664 ], [ -54.508287, -22.084799 ], [ -54.508239, -22.084878 ], [ -54.507987, -22.084742 ] ] ] } },
{ "type": "Feature", "properties": { "id": 98145, "insc_imob": "08.01.23.22.169", "quadra_cartorio": "06", "lote_cartorio": "18", "matricula": null, "circunscricao": "1º CIRCUNSCRIÇÃO", "zoneamento": null, "condominio": null, "area_geom": 369.73, "cnm": null }, "geometry": { "type": "Polygon", "coordinates": [ [ [ -54.502534, -22.088443 ], [ -54.502706, -22.088223 ], [ -54.502809, -22.088279 ], [ -54.502637, -22.088499 ], [ -54.502534, -22.088443 ] ] ] } },
{ "type": "Feature", "properties": { "id": 98147, "insc_imob": "08.01.23.22.193", "quadra_cartorio": "06", "lote_cartorio": "16", "matricula": null, "circunscricao": "1º CIRCUNSCRIÇÃO", "zoneamento": null, "condominio": null, "area_geom": 359.68, "cnm": null }, "geometry": { "type": "Polygon", "coordinates": [ [ [ -54.502738, -22.088553 ], [ -54.50291, -22.088333 ], [ -54.502959, -22.088359 ], [ -54.503011, -22.088387 ], [ -54.502839, -22.088607 ], [ -54.502738, -22.088553 ] ] ] } },
{ "type": "Feature", "properties": { "id": 98278, "insc_imob": "08.01.13.04.090", "quadra_cartorio": "02", "lote_cartorio": "10", "matricula": null, "circunscricao": "1º CIRCUNSCRIÇÃO", "zoneamento": null, "condominio": null, "area_geom": 299.74, "cnm": null }, "geometry": { "type": "Polygon", "coordinates": [ [ [ -54.50583, -22.084055 ], [ -54.505878, -22.083977 ], [ -54.50613, -22.084112 ], [ -54.506091, -22.084175 ], [ -54.506081, -22.08419 ], [ -54.50583, -22.084055 ] ] ] } },
{ "type": "Feature", "properties": { "id": 98279, "insc_imob": "08.01.13.04.100", "quadra_cartorio": "02", "lote_cartorio": "09", "matricula": null, "circunscricao": "1º CIRCUNSCRIÇÃO", "zoneamento": null, "condominio": null, "area_geom": 299.76, "cnm": null }, "geometry": { "type": "Polygon", "coordinates": [ [ [ -54.505781, -22.084133 ], [ -54.50583, -22.084055 ], [ -54.506081, -22.08419 ], [ -54.506033, -22.084269 ], [ -54.505781, -22.084133 ] ] ] } },
{ "type": "Feature", "properties": { "id": 98280, "insc_imob": "08.01.13.04.120", "quadra_cartorio": "02", "lote_cartorio": "07", "matricula": null, "circunscricao": "1º CIRCUNSCRIÇÃO", "zoneamento": null, "condominio": null, "area_geom": 299.76, "cnm": null }, "geometry": { "type": "Polygon", "coordinates": [ [ [ -54.505684, -22.08429 ], [ -54.505733, -22.084212 ], [ -54.505985, -22.084347 ], [ -54.505936, -22.084425 ], [ -54.505852, -22.08438 ], [ -54.505768, -22.084335 ], [ -54.505684, -22.08429 ] ] ] } },
{ "type": "Feature", "properties": { "id": 98281, "insc_imob": "08.01.13.04.180", "quadra_cartorio": "02", "lote_cartorio": "04", "matricula": null, "circunscricao": "1º CIRCUNSCRIÇÃO", "zoneamento": null, "condominio": null, "area_geom": 299.72, "cnm": null }, "geometry": { "type": "Polygon", "coordinates": [ [ [ -54.505707, -22.084615 ], [ -54.505852, -22.08438 ], [ -54.505936, -22.084425 ], [ -54.505791, -22.08466 ], [ -54.505707, -22.084615 ] ] ] } },
{ "type": "Feature", "properties": { "id": 98282, "insc_imob": "08.01.13.04.190", "quadra_cartorio": "02", "lote_cartorio": "03", "matricula": null, "circunscricao": "1º CIRCUNSCRIÇÃO", "zoneamento": null, "condominio": null, "area_geom": 299.73, "cnm": null }, "geometry": { "type": "Polygon", "coordinates": [ [ [ -54.505791, -22.08466 ], [ -54.505936, -22.084425 ], [ -54.50602, -22.08447 ], [ -54.505875, -22.084705 ], [ -54.505791, -22.08466 ] ] ] } },
{ "type": "Feature", "properties": { "id": 98287, "insc_imob": "08.01.13.04.240", "quadra_cartorio": "02", "lote_cartorio": "01", "matricula": null, "circunscricao": "1º CIRCUNSCRIÇÃO", "zoneamento": null, "condominio": null, "area_geom": 299.7, "cnm": null }, "geometry": { "type": "Polygon", "coordinates": [ [ [ -54.505959, -22.08475 ], [ -54.506104, -22.084515 ], [ -54.506188, -22.08456 ], [ -54.506043, -22.084795 ], [ -54.505959, -22.08475 ] ] ] } },
{ "type": "Feature", "properties": { "id": 98288, "insc_imob": "08.01.13.04.250", "quadra_cartorio": "02", "lote_cartorio": "30", "matricula": null, "circunscricao": "1º CIRCUNSCRIÇÃO", "zoneamento": null, "condominio": null, "area_geom": 299.73, "cnm": null }, "geometry": { "type": "Polygon", "coordinates": [ [ [ -54.505936, -22.084425 ], [ -54.505985, -22.084347 ], [ -54.506236, -22.084482 ], [ -54.506188, -22.08456 ], [ -54.506104, -22.084515 ], [ -54.50602, -22.08447 ], [ -54.505936, -22.084425 ] ] ] } },
{ "type": "Feature", "properties": { "id": 98289, "insc_imob": "08.01.13.04.260", "quadra_cartorio": "02", "lote_cartorio": "29", "matricula": null, "circunscricao": "1º CIRCUNSCRIÇÃO", "zoneamento": null, "condominio": null, "area_geom": 299.73, "cnm": null }, "geometry": { "type": "Polygon", "coordinates": [ [ [ -54.505985, -22.084347 ], [ -54.506033, -22.084269 ], [ -54.506285, -22.084404 ], [ -54.506236, -22.084482 ], [ -54.505985, -22.084347 ] ] ] } },
{ "type": "Feature", "properties": { "id": 98290, "insc_imob": "08.01.13.04.270", "quadra_cartorio": "02", "lote_cartorio": "28", "matricula": null, "circunscricao": "1º CIRCUNSCRIÇÃO", "zoneamento": null, "condominio": null, "area_geom": 299.76, "cnm": null }, "geometry": { "type": "Polygon", "coordinates": [ [ [ -54.506033, -22.084269 ], [ -54.506081, -22.08419 ], [ -54.506333, -22.084326 ], [ -54.506285, -22.084404 ], [ -54.506033, -22.084269 ] ] ] } },
{ "type": "Feature", "properties": { "id": 98291, "insc_imob": "08.01.13.04.290", "quadra_cartorio": "02", "lote_cartorio": "26", "matricula": null, "circunscricao": "1º CIRCUNSCRIÇÃO", "zoneamento": null, "condominio": null, "area_geom": 299.76, "cnm": null }, "geometry": { "type": "Polygon", "coordinates": [ [ [ -54.50613, -22.084112 ], [ -54.506178, -22.084034 ], [ -54.50643, -22.084169 ], [ -54.506381, -22.084247 ], [ -54.506225, -22.084163 ], [ -54.506197, -22.084148 ], [ -54.50613, -22.084112 ] ] ] } },
{ "type": "Feature", "properties": { "id": 98292, "insc_imob": "08.01.13.04.320", "quadra_cartorio": "02", "lote_cartorio": "23", "matricula": null, "circunscricao": "1º CIRCUNSCRIÇÃO", "zoneamento": null, "condominio": null, "area_geom": 299.75, "cnm": null }, "geometry": { "type": "Polygon", "coordinates": [ [ [ -54.506275, -22.083878 ], [ -54.506323, -22.083799 ], [ -54.506575, -22.083935 ], [ -54.506526, -22.084013 ], [ -54.506275, -22.083878 ] ] ] } },
{ "type": "Feature", "properties": { "id": 98293, "insc_imob": "08.01.13.04.330", "quadra_cartorio": "02", "lote_cartorio": "22", "matricula": null, "circunscricao": "1º CIRCUNSCRIÇÃO", "zoneamento": null, "condominio": null, "area_geom": 299.75, "cnm": null }, "geometry": { "type": "Polygon", "coordinates": [ [ [ -54.506323, -22.083799 ], [ -54.506371, -22.083721 ], [ -54.506455, -22.083766 ], [ -54.506539, -22.083811 ], [ -54.506623, -22.083856 ], [ -54.506575, -22.083935 ], [ -54.506323, -22.083799 ] ] ] } },
{ "type": "Feature", "properties": { "id": 98294, "insc_imob": "08.01.13.05.040", "quadra_cartorio": "01", "lote_cartorio": "15", "matricula": null, "circunscricao": "1º CIRCUNSCRIÇÃO", "zoneamento": null, "condominio": null, "area_geom": 299.76, "cnm": null }, "geometry": { "type": "Polygon", "coordinates": [ [ [ -54.506743, -22.084025 ], [ -54.506791, -22.083947 ], [ -54.506875, -22.083992 ], [ -54.506959, -22.084037 ], [ -54.507043, -22.084082 ], [ -54.506994, -22.08416 ], [ -54.506743, -22.084025 ] ] ] } },
{ "type": "Feature", "properties": { "id": 98829, "insc_imob": "08.01.13.02.340", "quadra_cartorio": "03", "lote_cartorio": "15", "matricula": null, "circunscricao": "1º CIRCUNSCRIÇÃO", "zoneamento": null, "condominio": null, "area_geom": 299.75, "cnm": null }, "geometry": { "type": "Polygon", "coordinates": [ [ [ -54.505239, -22.083648 ], [ -54.505385, -22.083414 ], [ -54.505469, -22.083459 ], [ -54.505323, -22.083694 ], [ -54.505239, -22.083648 ] ] ] } },
{ "type": "Feature", "properties": { "id": 98831, "insc_imob": "08.01.23.22.398", "quadra_cartorio": "06", "lote_cartorio": "02", "matricula": null, "circunscricao": "1º CIRCUNSCRIÇÃO", "zoneamento": null, "condominio": null, "area_geom": 359.69, "cnm": null }, "geometry": { "type": "Polygon", "coordinates": [ [ [ -54.503561, -22.087682 ], [ -54.503733, -22.087462 ], [ -54.503833, -22.087516 ], [ -54.503661, -22.087736 ], [ -54.503561, -22.087682 ] ] ] } },
{ "type": "Feature", "properties": { "id": 98892, "insc_imob": "08.01.23.03.054", "quadra_cartorio": "01", "lote_cartorio": "25", "matricula": null, "circunscricao": "1º CIRCUNSCRIÇÃO", "zoneamento": null, "condominio": null, "area_geom": 397.24, "cnm": null }, "geometry": { "type": "Polygon", "coordinates": [ [ [ -54.505762, -22.085438 ], [ -54.505829, -22.085349 ], [ -54.506107, -22.085503 ], [ -54.506037, -22.08559 ], [ -54.505762, -22.085438 ] ] ] } },
{ "type": "Feature", "properties": { "id": 98971, "insc_imob": "08.01.13.07.194", "quadra_cartorio": "06", "lote_cartorio": "04", "matricula": null, "circunscricao": "1º CIRCUNSCRIÇÃO", "zoneamento": null, "condominio": null, "area_geom": 329.7, "cnm": null }, "geometry": { "type": "Polygon", "coordinates": [ [ [ -54.507657, -22.085638 ], [ -54.507816, -22.08538 ], [ -54.5079, -22.085425 ], [ -54.507741, -22.085683 ], [ -54.507657, -22.085638 ] ] ] } },
{ "type": "Feature", "properties": { "id": 98976, "insc_imob": "08.01.13.04.080", "quadra_cartorio": "02", "lote_cartorio": "11", "matricula": null, "circunscricao": "1º CIRCUNSCRIÇÃO", "zoneamento": null, "condominio": null, "area_geom": 299.75, "cnm": null }, "geometry": { "type": "Polygon", "coordinates": [ [ [ -54.505878, -22.083977 ], [ -54.505926, -22.083899 ], [ -54.506178, -22.084034 ], [ -54.50613, -22.084112 ], [ -54.505878, -22.083977 ] ] ] } },
{ "type": "Feature", "properties": { "id": 99073, "insc_imob": "08.01.13.05.410", "quadra_cartorio": "01", "lote_cartorio": "17", "matricula": null, "circunscricao": "1º CIRCUNSCRIÇÃO", "zoneamento": null, "condominio": null, "area_geom": 299.74, "cnm": null }, "geometry": { "type": "Polygon", "coordinates": [ [ [ -54.506875, -22.083992 ], [ -54.50702, -22.083757 ], [ -54.507104, -22.083802 ], [ -54.506959, -22.084037 ], [ -54.506875, -22.083992 ] ] ] } },
{ "type": "Feature", "properties": { "id": 99074, "insc_imob": "08.01.13.06.107", "quadra_cartorio": "05", "lote_cartorio": "08", "matricula": null, "circunscricao": "1º CIRCUNSCRIÇÃO", "zoneamento": null, "condominio": null, "area_geom": 314.73, "cnm": null }, "geometry": { "type": "Polygon", "coordinates": [ [ [ -54.50709, -22.084909 ], [ -54.507138, -22.084831 ], [ -54.507403, -22.084973 ], [ -54.507354, -22.085051 ], [ -54.50709, -22.084909 ] ] ] } },
{ "type": "Feature", "properties": { "id": 99142, "insc_imob": "08.01.13.04.060", "quadra_cartorio": "02", "lote_cartorio": "13", "matricula": null, "circunscricao": "1º CIRCUNSCRIÇÃO", "zoneamento": null, "condominio": null, "area_geom": 299.75, "cnm": null }, "geometry": { "type": "Polygon", "coordinates": [ [ [ -54.505975, -22.083821 ], [ -54.506023, -22.083742 ], [ -54.506275, -22.083878 ], [ -54.506226, -22.083956 ], [ -54.505975, -22.083821 ] ] ] } },
{ "type": "Feature", "properties": { "id": 99212, "insc_imob": "08.01.13.04.200", "quadra_cartorio": "02", "lote_cartorio": "02", "matricula": null, "circunscricao": "1º CIRCUNSCRIÇÃO", "zoneamento": null, "condominio": null, "area_geom": 299.73, "cnm": null }, "geometry": { "type": "Polygon", "coordinates": [ [ [ -54.505875, -22.084705 ], [ -54.50602, -22.08447 ], [ -54.506104, -22.084515 ], [ -54.505959, -22.08475 ], [ -54.505875, -22.084705 ] ] ] } },
{ "type": "Feature", "properties": { "id": 99871, "insc_imob": "08.01.13.05.260", "quadra_cartorio": "01", "lote_cartorio": null, "matricula": null, "circunscricao": "1º CIRCUNSCRIÇÃO", "zoneamento": null, "condominio": null, "area_geom": 299.69, "cnm": null }, "geometry": { "type": "Polygon", "coordinates": [ [ [ -54.506695, -22.084645 ], [ -54.506704, -22.084629 ], [ -54.506956, -22.084764 ], [ -54.506908, -22.084843 ], [ -54.506656, -22.084707 ], [ -54.506695, -22.084645 ] ] ] } },
{ "type": "Feature", "properties": { "id": 101723, "insc_imob": "08.01.13.05.200", "quadra_cartorio": "01", "lote_cartorio": "02", "matricula": null, "circunscricao": "1º CIRCUNSCRIÇÃO", "zoneamento": null, "condominio": null, "area_geom": 348.38, "cnm": null }, "geometry": { "type": "Polygon", "coordinates": [ [ [ -54.506533, -22.085058 ], [ -54.506678, -22.084823 ], [ -54.506775, -22.084876 ], [ -54.50663, -22.08511 ], [ -54.506533, -22.085058 ] ] ] } },
{ "type": "Feature", "properties": { "id": 101738, "insc_imob": "08.01.13.02.060", "quadra_cartorio": "03", "lote_cartorio": "P/10,11,12", "matricula": null, "circunscricao": "1º CIRCUNSCRIÇÃO", "zoneamento": null, "condominio": null, "area_geom": 1124.06, "cnm": null }, "geometry": { "type": "Polygon", "coordinates": [ [ [ -54.504909, -22.083731 ], [ -54.504933, -22.083692 ], [ -54.504981, -22.083614 ], [ -54.50503, -22.083536 ], [ -54.505156, -22.083603 ], [ -54.505239, -22.083648 ], [ -54.505323, -22.083694 ], [ -54.505407, -22.083739 ], [ -54.505359, -22.083817 ], [ -54.505311, -22.083895 ], [ -54.505286, -22.083934 ], [ -54.504909, -22.083731 ] ] ] } },
{ "type": "Feature", "properties": { "id": 101764, "insc_imob": "08.01.13.02.310", "quadra_cartorio": "03", "lote_cartorio": "18", "matricula": null, "circunscricao": "1º CIRCUNSCRIÇÃO", "zoneamento": null, "condominio": null, "area_geom": 299.73, "cnm": null }, "geometry": { "type": "Polygon", "coordinates": [ [ [ -54.505491, -22.083784 ], [ -54.505636, -22.083549 ], [ -54.50572, -22.083594 ], [ -54.505575, -22.083829 ], [ -54.505491, -22.083784 ] ] ] } },
{ "type": "Feature", "properties": { "id": 102528, "insc_imob": "08.01.13.06.180", "quadra_cartorio": "05", "lote_cartorio": "04", "matricula": null, "circunscricao": "1º CIRCUNSCRIÇÃO", "zoneamento": null, "condominio": null, "area_geom": 379.15, "cnm": null }, "geometry": { "type": "Polygon", "coordinates": [ [ [ -54.50705, -22.085336 ], [ -54.507209, -22.085078 ], [ -54.507306, -22.08513 ], [ -54.507146, -22.085388 ], [ -54.50705, -22.085336 ] ] ] } },
{ "type": "Feature", "properties": { "id": 102696, "insc_imob": "08.01.13.05.400", "quadra_cartorio": "01", "lote_cartorio": "18", "matricula": null, "circunscricao": "1º CIRCUNSCRIÇÃO", "zoneamento": null, "condominio": null, "area_geom": 299.75, "cnm": null }, "geometry": { "type": "Polygon", "coordinates": [ [ [ -54.506959, -22.084037 ], [ -54.507104, -22.083802 ], [ -54.507188, -22.083847 ], [ -54.507043, -22.084082 ], [ -54.506959, -22.084037 ] ] ] } },
{ "type": "Feature", "properties": { "id": 104299, "insc_imob": "08.01.13.15.120", "quadra_cartorio": "00", "lote_cartorio": null, "matricula": null, "circunscricao": "1º CIRCUNSCRIÇÃO", "zoneamento": null, "condominio": null, "area_geom": 799.32, "cnm": null }, "geometry": { "type": "Polygon", "coordinates": [ [ [ -54.508849, -22.086253 ], [ -54.509034, -22.085936 ], [ -54.509204, -22.086022 ], [ -54.509019, -22.086339 ], [ -54.508849, -22.086253 ] ] ] } },
{ "type": "Feature", "properties": { "id": 104300, "insc_imob": "08.01.13.15.150", "quadra_cartorio": "00", "lote_cartorio": null, "matricula": null, "circunscricao": "1º CIRCUNSCRIÇÃO", "zoneamento": null, "condominio": null, "area_geom": 1198.99, "cnm": null }, "geometry": { "type": "Polygon", "coordinates": [ [ [ -54.509019, -22.086339 ], [ -54.509204, -22.086022 ], [ -54.509459, -22.086152 ], [ -54.509274, -22.086469 ], [ -54.509019, -22.086339 ] ] ] } },
{ "type": "Feature", "properties": { "id": 104315, "insc_imob": "08.01.23.02.410", "quadra_cartorio": "02", "lote_cartorio": "03", "matricula": null, "circunscricao": "1º CIRCUNSCRIÇÃO", "zoneamento": null, "condominio": null, "area_geom": 359.69, "cnm": null }, "geometry": { "type": "Polygon", "coordinates": [ [ [ -54.505456, -22.085006 ], [ -54.505628, -22.084786 ], [ -54.505729, -22.08484 ], [ -54.505557, -22.08506 ], [ -54.505505, -22.085032 ], [ -54.505456, -22.085006 ] ] ] } },
{ "type": "Feature", "properties": { "id": 104345, "insc_imob": "08.01.23.03.078", "quadra_cartorio": "01", "lote_cartorio": "23", "matricula": null, "circunscricao": "1º CIRCUNSCRIÇÃO", "zoneamento": null, "condominio": null, "area_geom": 389.36, "cnm": null }, "geometry": { "type": "Polygon", "coordinates": [ [ [ -54.505628, -22.085616 ], [ -54.505695, -22.085527 ], [ -54.505967, -22.085677 ], [ -54.505897, -22.085765 ], [ -54.505822, -22.085723 ], [ -54.505628, -22.085616 ] ] ] } },
{ "type": "Feature", "properties": { "id": 104346, "insc_imob": "08.01.23.03.091", "quadra_cartorio": "1", "lote_cartorio": "22", "matricula": null, "circunscricao": "1º CIRCUNSCRIÇÃO", "zoneamento": null, "condominio": null, "area_geom": 385.41, "cnm": null }, "geometry": { "type": "Polygon", "coordinates": [ [ [ -54.505561, -22.085705 ], [ -54.505628, -22.085616 ], [ -54.505822, -22.085723 ], [ -54.505897, -22.085765 ], [ -54.505845, -22.08583 ], [ -54.505827, -22.085852 ], [ -54.505561, -22.085705 ] ] ] } },
{ "type": "Feature", "properties": { "id": 104363, "insc_imob": "08.01.23.03.115", "quadra_cartorio": "01", "lote_cartorio": "20", "matricula": null, "circunscricao": "1º CIRCUNSCRIÇÃO", "zoneamento": null, "condominio": null, "area_geom": 377.51, "cnm": null }, "geometry": { "type": "Polygon", "coordinates": [ [ [ -54.505426, -22.085882 ], [ -54.505494, -22.085793 ], [ -54.505757, -22.085939 ], [ -54.505687, -22.086026 ], [ -54.505426, -22.085882 ] ] ] } },
{ "type": "Feature", "properties": { "id": 104916, "insc_imob": "08.01.13.04.310", "quadra_cartorio": "02", "lote_cartorio": null, "matricula": null, "circunscricao": "1º CIRCUNSCRIÇÃO", "zoneamento": null, "condominio": null, "area_geom": 299.74, "cnm": null }, "geometry": { "type": "Polygon", "coordinates": [ [ [ -54.506226, -22.083956 ], [ -54.506275, -22.083878 ], [ -54.506526, -22.084013 ], [ -54.506478, -22.084091 ], [ -54.506226, -22.083956 ] ] ] } },
{ "type": "Feature", "properties": { "id": 105097, "insc_imob": "08.01.13.05.290", "quadra_cartorio": "01", "lote_cartorio": "26", "matricula": null, "circunscricao": "1º CIRCUNSCRIÇÃO", "zoneamento": null, "condominio": null, "area_geom": 299.77, "cnm": null }, "geometry": { "type": "Polygon", "coordinates": [ [ [ -54.506801, -22.084473 ], [ -54.506849, -22.084395 ], [ -54.507101, -22.08453 ], [ -54.507053, -22.084608 ], [ -54.506868, -22.084509 ], [ -54.506801, -22.084473 ] ] ] } },
{ "type": "Feature", "properties": { "id": 105256, "insc_imob": "08.01.13.02.140", "quadra_cartorio": "03", "lote_cartorio": "05", "matricula": null, "circunscricao": "1º CIRCUNSCRIÇÃO", "zoneamento": null, "condominio": null, "area_geom": 299.72, "cnm": null }, "geometry": { "type": "Polygon", "coordinates": [ [ [ -54.504985, -22.084241 ], [ -54.50513, -22.084006 ], [ -54.505214, -22.084051 ], [ -54.505069, -22.084286 ], [ -54.504985, -22.084241 ] ] ] } },
{ "type": "Feature", "properties": { "id": 105832, "insc_imob": "08.01.13.02.030", "quadra_cartorio": "03", "lote_cartorio": "13", "matricula": null, "circunscricao": "1º CIRCUNSCRIÇÃO", "zoneamento": null, "condominio": null, "area_geom": 449.61, "cnm": null }, "geometry": { "type": "Polygon", "coordinates": [ [ [ -54.50503, -22.083536 ], [ -54.505175, -22.083301 ], [ -54.505301, -22.083369 ], [ -54.505156, -22.083603 ], [ -54.50503, -22.083536 ] ] ] } },
{ "type": "Feature", "properties": { "id": 106019, "insc_imob": "08.01.13.02.070", "quadra_cartorio": "03", "lote_cartorio": "09 e P/10", "matricula": null, "circunscricao": "1º CIRCUNSCRIÇÃO", "zoneamento": null, "condominio": null, "area_geom": 674.44, "cnm": null }, "geometry": { "type": "Polygon", "coordinates": [ [ [ -54.504836, -22.083849 ], [ -54.504909, -22.083731 ], [ -54.505286, -22.083934 ], [ -54.505262, -22.083973 ], [ -54.505214, -22.084051 ], [ -54.50513, -22.084006 ], [ -54.505046, -22.083961 ], [ -54.504962, -22.083916 ], [ -54.504836, -22.083849 ] ] ] } },
{ "type": "Feature", "properties": { "id": 107297, "insc_imob": "08.01.13.06.087", "quadra_cartorio": "05", "lote_cartorio": "10", "matricula": null, "circunscricao": "1º CIRCUNSCRIÇÃO", "zoneamento": null, "condominio": null, "area_geom": 314.73, "cnm": null }, "geometry": { "type": "Polygon", "coordinates": [ [ [ -54.507187, -22.084753 ], [ -54.507235, -22.084675 ], [ -54.507432, -22.084781 ], [ -54.507499, -22.084817 ], [ -54.507451, -22.084895 ], [ -54.507187, -22.084753 ] ] ] } },
{ "type": "Feature", "properties": { "id": 108499, "insc_imob": "08.01.13.07.081", "quadra_cartorio": "06", "lote_cartorio": "12", "matricula": null, "circunscricao": "1º CIRCUNSCRIÇÃO", "zoneamento": null, "condominio": null, "area_geom": 299.75, "cnm": null }, "geometry": { "type": "Polygon", "coordinates": [ [ [ -54.50789, -22.084899 ], [ -54.507939, -22.084821 ], [ -54.50819, -22.084956 ], [ -54.508142, -22.085034 ], [ -54.50789, -22.084899 ] ] ] } },
{ "type": "Feature", "properties": { "id": 111970, "insc_imob": "08.01.23.03.103", "quadra_cartorio": "01", "lote_cartorio": "21", "matricula": null, "circunscricao": "1º CIRCUNSCRIÇÃO", "zoneamento": null, "condominio": null, "area_geom": 381.46, "cnm": null }, "geometry": { "type": "Polygon", "coordinates": [ [ [ -54.505494, -22.085793 ], [ -54.505561, -22.085705 ], [ -54.505827, -22.085852 ], [ -54.505757, -22.085939 ], [ -54.505494, -22.085793 ] ] ] } },
{ "type": "Feature", "properties": { "id": 112048, "insc_imob": "08.01.23.21.297", "quadra_cartorio": "12", "lote_cartorio": null, "matricula": null, "circunscricao": "1º CIRCUNSCRIÇÃO", "zoneamento": null, "condominio": null, "area_geom": 2153.14, "cnm": null }, "geometry": { "type": "Polygon", "coordinates": [ [ [ -54.502294, -22.088296 ], [ -54.502976, -22.087349 ], [ -54.50314, -22.087437 ], [ -54.502418, -22.088362 ], [ -54.502294, -22.088296 ] ] ] } },
{ "type": "Feature", "properties": { "id": 117176, "insc_imob": "08.01.13.07.257", "quadra_cartorio": "06", "lote_cartorio": "01", "matricula": null, "circunscricao": "1º CIRCUNSCRIÇÃO", "zoneamento": null, "condominio": null, "area_geom": 329.56, "cnm": null }, "geometry": { "type": "Polygon", "coordinates": [ [ [ -54.507908, -22.085773 ], [ -54.508068, -22.085515 ], [ -54.508152, -22.08556 ], [ -54.508125, -22.085604 ], [ -54.507992, -22.085818 ], [ -54.507908, -22.085773 ] ] ] } },
{ "type": "Feature", "properties": { "id": 381, "insc_imob": "08.01.13.06.273", "quadra_cartorio": null, "lote_cartorio": "23", "matricula": null, "circunscricao": "1º CIRCUNSCRIÇÃO", "zoneamento": null, "condominio": null, "area_geom": 300.0, "cnm": null }, "geometry": { "type": "Polygon", "coordinates": [ [ [ -54.507403, -22.084973 ], [ -54.507451, -22.084895 ], [ -54.507703, -22.08503 ], [ -54.507654, -22.085108 ], [ -54.507403, -22.084973 ] ] ] } },
{ "type": "Feature", "properties": { "id": 367, "insc_imob": "08.01.13.05.160", "quadra_cartorio": null, "lote_cartorio": "06", "matricula": null, "circunscricao": "1º CIRCUNSCRIÇÃO", "zoneamento": null, "condominio": null, "area_geom": 299.98, "cnm": null }, "geometry": { "type": "Polygon", "coordinates": [ [ [ -54.506197, -22.084878 ], [ -54.506342, -22.084643 ], [ -54.506356, -22.08465 ], [ -54.506426, -22.084688 ], [ -54.506281, -22.084923 ], [ -54.506197, -22.084878 ] ] ] } },
{ "type": "Feature", "properties": { "id": 368, "insc_imob": "08.01.13.05.170", "quadra_cartorio": null, "lote_cartorio": "05", "matricula": null, "circunscricao": "1º CIRCUNSCRIÇÃO", "zoneamento": null, "condominio": null, "area_geom": 299.98, "cnm": null }, "geometry": { "type": "Polygon", "coordinates": [ [ [ -54.506281, -22.084923 ], [ -54.506426, -22.084688 ], [ -54.50651, -22.084733 ], [ -54.506365, -22.084968 ], [ -54.506281, -22.084923 ] ] ] } },
{ "type": "Feature", "properties": { "id": 369, "insc_imob": "08.01.13.05.190", "quadra_cartorio": null, "lote_cartorio": "03", "matricula": null, "circunscricao": "1º CIRCUNSCRIÇÃO", "zoneamento": null, "condominio": null, "area_geom": 299.98, "cnm": null }, "geometry": { "type": "Polygon", "coordinates": [ [ [ -54.506449, -22.085013 ], [ -54.506594, -22.084778 ], [ -54.506607, -22.084786 ], [ -54.506678, -22.084823 ], [ -54.506533, -22.085058 ], [ -54.506449, -22.085013 ] ] ] } },
{ "type": "Feature", "properties": { "id": 370, "insc_imob": "08.01.13.05.280", "quadra_cartorio": null, "lote_cartorio": "27", "matricula": null, "circunscricao": "1º CIRCUNSCRIÇÃO", "zoneamento": null, "condominio": null, "area_geom": 299.99, "cnm": null }, "geometry": { "type": "Polygon", "coordinates": [ [ [ -54.506791, -22.084488 ], [ -54.506801, -22.084473 ], [ -54.506868, -22.084509 ], [ -54.507053, -22.084608 ], [ -54.507004, -22.084686 ], [ -54.506753, -22.084551 ], [ -54.506762, -22.084535 ], [ -54.506791, -22.084488 ] ] ] } },
{ "type": "Feature", "properties": { "id": 372, "insc_imob": "08.01.13.05.330", "quadra_cartorio": null, "lote_cartorio": "22", "matricula": null, "circunscricao": "1º CIRCUNSCRIÇÃO", "zoneamento": null, "condominio": null, "area_geom": 299.99, "cnm": null }, "geometry": { "type": "Polygon", "coordinates": [ [ [ -54.506994, -22.08416 ], [ -54.507043, -22.084082 ], [ -54.507127, -22.084127 ], [ -54.507211, -22.084172 ], [ -54.507295, -22.084217 ], [ -54.507246, -22.084295 ], [ -54.506994, -22.08416 ] ] ] } },
{ "type": "Feature", "properties": { "id": 373, "insc_imob": "08.01.13.05.370", "quadra_cartorio": null, "lote_cartorio": "21", "matricula": null, "circunscricao": "1º CIRCUNSCRIÇÃO", "zoneamento": null, "condominio": null, "area_geom": 299.99, "cnm": null }, "geometry": { "type": "Polygon", "coordinates": [ [ [ -54.507211, -22.084172 ], [ -54.507356, -22.083937 ], [ -54.50744, -22.083982 ], [ -54.507295, -22.084217 ], [ -54.507211, -22.084172 ] ] ] } },
{ "type": "Feature", "properties": { "id": 374, "insc_imob": "08.01.13.05.380", "quadra_cartorio": null, "lote_cartorio": "20", "matricula": null, "circunscricao": "1º CIRCUNSCRIÇÃO", "zoneamento": null, "condominio": null, "area_geom": 300.01, "cnm": null }, "geometry": { "type": "Polygon", "coordinates": [ [ [ -54.507127, -22.084127 ], [ -54.507272, -22.083892 ], [ -54.507356, -22.083937 ], [ -54.507211, -22.084172 ], [ -54.507127, -22.084127 ] ] ] } },
{ "type": "Feature", "properties": { "id": 375, "insc_imob": "08.01.13.06.047", "quadra_cartorio": null, "lote_cartorio": "14", "matricula": null, "circunscricao": "1º CIRCUNSCRIÇÃO", "zoneamento": null, "condominio": null, "area_geom": 314.99, "cnm": null }, "geometry": { "type": "Polygon", "coordinates": [ [ [ -54.50738, -22.08444 ], [ -54.507429, -22.084362 ], [ -54.507693, -22.084504 ], [ -54.507645, -22.084582 ], [ -54.50738, -22.08444 ] ] ] } },
{ "type": "Feature", "properties": { "id": 376, "insc_imob": "08.01.13.06.057", "quadra_cartorio": null, "lote_cartorio": "13", "matricula": null, "circunscricao": "1º CIRCUNSCRIÇÃO", "zoneamento": null, "condominio": null, "area_geom": 315.0, "cnm": null }, "geometry": { "type": "Polygon", "coordinates": [ [ [ -54.507332, -22.084518 ], [ -54.50738, -22.08444 ], [ -54.507645, -22.084582 ], [ -54.507596, -22.08466 ], [ -54.507332, -22.084518 ] ] ] } },
{ "type": "Feature", "properties": { "id": 377, "insc_imob": "08.01.13.06.097", "quadra_cartorio": null, "lote_cartorio": "09", "matricula": null, "circunscricao": "1º CIRCUNSCRIÇÃO", "zoneamento": null, "condominio": null, "area_geom": 315.0, "cnm": null }, "geometry": { "type": "Polygon", "coordinates": [ [ [ -54.507138, -22.084831 ], [ -54.507187, -22.084753 ], [ -54.507451, -22.084895 ], [ -54.507403, -22.084973 ], [ -54.507138, -22.084831 ] ] ] } },
{ "type": "Feature", "properties": { "id": 378, "insc_imob": "08.01.13.06.170", "quadra_cartorio": null, "lote_cartorio": "05", "matricula": null, "circunscricao": "1º CIRCUNSCRIÇÃO", "zoneamento": null, "condominio": null, "area_geom": 329.99, "cnm": null }, "geometry": { "type": "Polygon", "coordinates": [ [ [ -54.506966, -22.085291 ], [ -54.507126, -22.085033 ], [ -54.507209, -22.085078 ], [ -54.50705, -22.085336 ], [ -54.506966, -22.085291 ] ] ] } },
{ "type": "Feature", "properties": { "id": 379, "insc_imob": "08.01.13.06.243", "quadra_cartorio": null, "lote_cartorio": "01", "matricula": null, "circunscricao": "1º CIRCUNSCRIÇÃO", "zoneamento": null, "condominio": null, "area_geom": 330.0, "cnm": null }, "geometry": { "type": "Polygon", "coordinates": [ [ [ -54.507314, -22.085478 ], [ -54.507474, -22.08522 ], [ -54.507558, -22.085265 ], [ -54.507398, -22.085523 ], [ -54.507314, -22.085478 ] ] ] } },
{ "type": "Feature", "properties": { "id": 380, "insc_imob": "08.01.13.06.263", "quadra_cartorio": null, "lote_cartorio": "24", "matricula": null, "circunscricao": "1º CIRCUNSCRIÇÃO", "zoneamento": null, "condominio": null, "area_geom": 300.0, "cnm": null }, "geometry": { "type": "Polygon", "coordinates": [ [ [ -54.507354, -22.085051 ], [ -54.507403, -22.084973 ], [ -54.507654, -22.085108 ], [ -54.507606, -22.085187 ], [ -54.507354, -22.085051 ] ] ] } },
{ "type": "Feature", "properties": { "id": 397, "insc_imob": "08.01.13.06.333", "quadra_cartorio": null, "lote_cartorio": "17", "matricula": null, "circunscricao": "1º CIRCUNSCRIÇÃO", "zoneamento": null, "condominio": null, "area_geom": 299.98, "cnm": null }, "geometry": { "type": "Polygon", "coordinates": [ [ [ -54.507693, -22.084504 ], [ -54.507741, -22.084426 ], [ -54.507787, -22.08445 ], [ -54.507993, -22.084561 ], [ -54.507945, -22.084639 ], [ -54.507693, -22.084504 ] ] ] } },
{ "type": "Feature", "properties": { "id": 398, "insc_imob": "08.01.13.07.071", "quadra_cartorio": null, "lote_cartorio": "13", "matricula": null, "circunscricao": "1º CIRCUNSCRIÇÃO", "zoneamento": null, "condominio": null, "area_geom": 299.99, "cnm": null }, "geometry": { "type": "Polygon", "coordinates": [ [ [ -54.507939, -22.084821 ], [ -54.507987, -22.084742 ], [ -54.508239, -22.084878 ], [ -54.50819, -22.084956 ], [ -54.507939, -22.084821 ] ] ] } },
{ "type": "Feature", "properties": { "id": 452, "insc_imob": "08.01.13.15.020", "quadra_cartorio": null, "lote_cartorio": null, "matricula": null, "circunscricao": "1º CIRCUNSCRIÇÃO", "zoneamento": null, "condominio": null, "area_geom": 807.43, "cnm": null }, "geometry": { "type": "Polygon", "coordinates": [ [ [ -54.508152, -22.08556 ], [ -54.508186, -22.085506 ], [ -54.508353, -22.085591 ], [ -54.508168, -22.085908 ], [ -54.507992, -22.085818 ], [ -54.508125, -22.085604 ], [ -54.508152, -22.08556 ] ] ] } },
{ "type": "Feature", "properties": { "id": 454, "insc_imob": "08.01.13.15.060", "quadra_cartorio": null, "lote_cartorio": null, "matricula": null, "circunscricao": "1º CIRCUNSCRIÇÃO", "zoneamento": null, "condominio": null, "area_geom": 799.98, "cnm": null }, "geometry": { "type": "Polygon", "coordinates": [ [ [ -54.508338, -22.085994 ], [ -54.508524, -22.085677 ], [ -54.508694, -22.085763 ], [ -54.508509, -22.08608 ], [ -54.508338, -22.085994 ] ] ] } },
{ "type": "Feature", "properties": { "id": 455, "insc_imob": "08.01.13.15.080", "quadra_cartorio": null, "lote_cartorio": null, "matricula": null, "circunscricao": "1º CIRCUNSCRIÇÃO", "zoneamento": null, "condominio": null, "area_geom": 799.98, "cnm": null }, "geometry": { "type": "Polygon", "coordinates": [ [ [ -54.508509, -22.08608 ], [ -54.508694, -22.085763 ], [ -54.508864, -22.08585 ], [ -54.508679, -22.086167 ], [ -54.508509, -22.08608 ] ] ] } },
{ "type": "Feature", "properties": { "id": 457, "insc_imob": "08.01.23.01.210", "quadra_cartorio": null, "lote_cartorio": null, "matricula": null, "circunscricao": "1º CIRCUNSCRIÇÃO", "zoneamento": null, "condominio": null, "area_geom": 11349.19, "cnm": null }, "geometry": { "type": "Polygon", "coordinates": [ [ [ -54.503561, -22.084823 ], [ -54.504093, -22.083962 ], [ -54.50499, -22.084446 ], [ -54.504828, -22.084671 ], [ -54.504763, -22.084761 ], [ -54.504698, -22.084851 ], [ -54.504633, -22.084941 ], [ -54.504568, -22.085032 ], [ -54.504504, -22.085122 ], [ -54.504439, -22.085212 ], [ -54.504396, -22.085271 ], [ -54.503561, -22.084823 ] ] ] } },
{ "type": "Feature", "properties": { "id": 459, "insc_imob": "08.01.23.01.314", "quadra_cartorio": null, "lote_cartorio": "11", "matricula": null, "circunscricao": "1º CIRCUNSCRIÇÃO", "zoneamento": null, "condominio": null, "area_geom": 829.35, "cnm": null }, "geometry": { "type": "Polygon", "coordinates": [ [ [ -54.504146, -22.085618 ], [ -54.504309, -22.085392 ], [ -54.504546, -22.085519 ], [ -54.504374, -22.08574 ], [ -54.504146, -22.085618 ] ] ] } },
{ "type": "Feature", "properties": { "id": 477, "insc_imob": "08.01.23.02.308", "quadra_cartorio": null, "lote_cartorio": "09", "matricula": null, "circunscricao": "1º CIRCUNSCRIÇÃO", "zoneamento": null, "condominio": null, "area_geom": 362.03, "cnm": null }, "geometry": { "type": "Polygon", "coordinates": [ [ [ -54.50523, -22.085385 ], [ -54.505299, -22.085297 ], [ -54.505552, -22.085433 ], [ -54.505483, -22.085521 ], [ -54.50523, -22.085385 ] ] ] } },
{ "type": "Feature", "properties": { "id": 483, "insc_imob": "08.01.23.04.092", "quadra_cartorio": null, "lote_cartorio": null, "matricula": null, "circunscricao": "1º CIRCUNSCRIÇÃO", "zoneamento": null, "condominio": null, "area_geom": 329.25, "cnm": null }, "geometry": { "type": "Polygon", "coordinates": [ [ [ -54.506242, -22.085996 ], [ -54.506426, -22.085748 ], [ -54.506499, -22.085791 ], [ -54.506334, -22.086046 ], [ -54.50632, -22.086038 ], [ -54.506242, -22.085996 ] ] ] } },
{ "type": "Feature", "properties": { "id": 484, "insc_imob": "08.01.23.04.107", "quadra_cartorio": null, "lote_cartorio": null, "matricula": null, "circunscricao": "1º CIRCUNSCRIÇÃO", "zoneamento": null, "condominio": null, "area_geom": 144.68, "cnm": null }, "geometry": { "type": "Polygon", "coordinates": [ [ [ -54.506156, -22.086106 ], [ -54.506242, -22.085996 ], [ -54.50632, -22.086038 ], [ -54.50624, -22.086151 ], [ -54.506156, -22.086106 ] ] ] } },
{ "type": "Feature", "properties": { "id": 485, "insc_imob": "08.01.23.04.137", "quadra_cartorio": null, "lote_cartorio": "02", "matricula": null, "circunscricao": "1º CIRCUNSCRIÇÃO", "zoneamento": null, "condominio": null, "area_geom": 319.71, "cnm": null }, "geometry": { "type": "Polygon", "coordinates": [ [ [ -54.505984, -22.086324 ], [ -54.506156, -22.086106 ], [ -54.50624, -22.086151 ], [ -54.50608, -22.086376 ], [ -54.505984, -22.086324 ] ] ] } },
{ "type": "Feature", "properties": { "id": 507, "insc_imob": "08.01.23.11.207", "quadra_cartorio": null, "lote_cartorio": null, "matricula": null, "circunscricao": "1º CIRCUNSCRIÇÃO", "zoneamento": null, "condominio": null, "area_geom": 628.88, "cnm": null }, "geometry": { "type": "Polygon", "coordinates": [ [ [ -54.503231, -22.086942 ], [ -54.503394, -22.086716 ], [ -54.503574, -22.086814 ], [ -54.503403, -22.087034 ], [ -54.503231, -22.086942 ] ] ] } },
{ "type": "Feature", "properties": { "id": 509, "insc_imob": "08.01.23.12.042", "quadra_cartorio": null, "lote_cartorio": "26", "matricula": null, "circunscricao": "1º CIRCUNSCRIÇÃO", "zoneamento": null, "condominio": null, "area_geom": 264.48, "cnm": null }, "geometry": { "type": "Polygon", "coordinates": [ [ [ -54.504176, -22.086289 ], [ -54.504226, -22.086222 ], [ -54.504353, -22.08629 ], [ -54.504454, -22.086344 ], [ -54.504471, -22.086354 ], [ -54.504423, -22.086422 ], [ -54.504176, -22.086289 ] ] ] } },
{ "type": "Feature", "properties": { "id": 511, "insc_imob": "08.01.23.12.103", "quadra_cartorio": null, "lote_cartorio": "21", "matricula": null, "circunscricao": "1º CIRCUNSCRIÇÃO", "zoneamento": null, "condominio": null, "area_geom": 364.13, "cnm": null }, "geometry": { "type": "Polygon", "coordinates": [ [ [ -54.503844, -22.086736 ], [ -54.50391, -22.086646 ], [ -54.504164, -22.086783 ], [ -54.504099, -22.086873 ], [ -54.503844, -22.086736 ] ] ] } },
{ "type": "Feature", "properties": { "id": 518, "insc_imob": "08.01.13.02.110", "quadra_cartorio": null, "lote_cartorio": "08", "matricula": null, "circunscricao": "1º CIRCUNSCRIÇÃO", "zoneamento": null, "condominio": null, "area_geom": 449.99, "cnm": null }, "geometry": { "type": "Polygon", "coordinates": [ [ [ -54.504691, -22.084083 ], [ -54.504836, -22.083849 ], [ -54.504962, -22.083916 ], [ -54.504817, -22.084151 ], [ -54.504691, -22.084083 ] ] ] } },
{ "type": "Feature", "properties": { "id": 519, "insc_imob": "08.01.13.02.120", "quadra_cartorio": null, "lote_cartorio": "07", "matricula": null, "circunscricao": "1º CIRCUNSCRIÇÃO", "zoneamento": null, "condominio": null, "area_geom": 299.99, "cnm": null }, "geometry": { "type": "Polygon", "coordinates": [ [ [ -54.504817, -22.084151 ], [ -54.504962, -22.083916 ], [ -54.505046, -22.083961 ], [ -54.504901, -22.084196 ], [ -54.504817, -22.084151 ] ] ] } },
{ "type": "Feature", "properties": { "id": 521, "insc_imob": "08.01.13.02.130", "quadra_cartorio": null, "lote_cartorio": "06", "matricula": null, "circunscricao": "1º CIRCUNSCRIÇÃO", "zoneamento": null, "condominio": null, "area_geom": 299.99, "cnm": null }, "geometry": { "type": "Polygon", "coordinates": [ [ [ -54.504901, -22.084196 ], [ -54.505046, -22.083961 ], [ -54.50513, -22.084006 ], [ -54.504985, -22.084241 ], [ -54.504901, -22.084196 ] ] ] } },
{ "type": "Feature", "properties": { "id": 522, "insc_imob": "08.01.13.02.150", "quadra_cartorio": null, "lote_cartorio": "04", "matricula": null, "circunscricao": "1º CIRCUNSCRIÇÃO", "zoneamento": null, "condominio": null, "area_geom": 299.98, "cnm": null }, "geometry": { "type": "Polygon", "coordinates": [ [ [ -54.505069, -22.084286 ], [ -54.505214, -22.084051 ], [ -54.505298, -22.084097 ], [ -54.505153, -22.084331 ], [ -54.505069, -22.084286 ] ] ] } },
{ "type": "Feature", "properties": { "id": 523, "insc_imob": "08.01.13.02.160", "quadra_cartorio": null, "lote_cartorio": "03", "matricula": null, "circunscricao": "1º CIRCUNSCRIÇÃO", "zoneamento": null, "condominio": null, "area_geom": 299.98, "cnm": null }, "geometry": { "type": "Polygon", "coordinates": [ [ [ -54.505153, -22.084331 ], [ -54.505298, -22.084097 ], [ -54.505382, -22.084142 ], [ -54.505237, -22.084376 ], [ -54.505153, -22.084331 ] ] ] } },
{ "type": "Feature", "properties": { "id": 524, "insc_imob": "08.01.13.02.170", "quadra_cartorio": null, "lote_cartorio": "02", "matricula": null, "circunscricao": "1º CIRCUNSCRIÇÃO", "zoneamento": null, "condominio": null, "area_geom": 299.98, "cnm": null }, "geometry": { "type": "Polygon", "coordinates": [ [ [ -54.505237, -22.084376 ], [ -54.505382, -22.084142 ], [ -54.505466, -22.084187 ], [ -54.50532, -22.084421 ], [ -54.505237, -22.084376 ] ] ] } },
{ "type": "Feature", "properties": { "id": 525, "insc_imob": "08.01.13.02.210", "quadra_cartorio": null, "lote_cartorio": "01", "matricula": null, "circunscricao": "1º CIRCUNSCRIÇÃO", "zoneamento": null, "condominio": null, "area_geom": 299.96, "cnm": null }, "geometry": { "type": "Polygon", "coordinates": [ [ [ -54.50532, -22.084421 ], [ -54.505466, -22.084187 ], [ -54.50555, -22.084232 ], [ -54.505404, -22.084466 ], [ -54.50532, -22.084421 ] ] ] } },
{ "type": "Feature", "properties": { "id": 526, "insc_imob": "08.01.13.02.220", "quadra_cartorio": null, "lote_cartorio": "24", "matricula": null, "circunscricao": "1º CIRCUNSCRIÇÃO", "zoneamento": null, "condominio": null, "area_geom": 400.01, "cnm": null }, "geometry": { "type": "Polygon", "coordinates": [ [ [ -54.505214, -22.084051 ], [ -54.505262, -22.083973 ], [ -54.505598, -22.084154 ], [ -54.50555, -22.084232 ], [ -54.505466, -22.084187 ], [ -54.505382, -22.084142 ], [ -54.505298, -22.084097 ], [ -54.505214, -22.084051 ] ] ] } },
{ "type": "Feature", "properties": { "id": 527, "insc_imob": "08.01.13.02.240", "quadra_cartorio": null, "lote_cartorio": "22", "matricula": null, "circunscricao": "1º CIRCUNSCRIÇÃO", "zoneamento": null, "condominio": null, "area_geom": 399.97, "cnm": null }, "geometry": { "type": "Polygon", "coordinates": [ [ [ -54.505311, -22.083895 ], [ -54.505359, -22.083817 ], [ -54.505695, -22.083997 ], [ -54.505646, -22.084075 ], [ -54.505311, -22.083895 ] ] ] } },
{ "type": "Feature", "properties": { "id": 528, "insc_imob": "08.01.13.02.250", "quadra_cartorio": null, "lote_cartorio": "21", "matricula": null, "circunscricao": "1º CIRCUNSCRIÇÃO", "zoneamento": null, "condominio": null, "area_geom": 399.96, "cnm": null }, "geometry": { "type": "Polygon", "coordinates": [ [ [ -54.505359, -22.083817 ], [ -54.505407, -22.083739 ], [ -54.505491, -22.083784 ], [ -54.505575, -22.083829 ], [ -54.505659, -22.083874 ], [ -54.505743, -22.083919 ], [ -54.505695, -22.083997 ], [ -54.505359, -22.083817 ] ] ] } },
{ "type": "Feature", "properties": { "id": 529, "insc_imob": "08.01.13.02.290", "quadra_cartorio": null, "lote_cartorio": "20", "matricula": null, "circunscricao": "1º CIRCUNSCRIÇÃO", "zoneamento": null, "condominio": null, "area_geom": 299.96, "cnm": null }, "geometry": { "type": "Polygon", "coordinates": [ [ [ -54.505659, -22.083874 ], [ -54.505804, -22.083639 ], [ -54.505888, -22.083684 ], [ -54.505743, -22.083919 ], [ -54.505659, -22.083874 ] ] ] } },
{ "type": "Feature", "properties": { "id": 530, "insc_imob": "08.01.13.02.300", "quadra_cartorio": null, "lote_cartorio": "19", "matricula": null, "circunscricao": "1º CIRCUNSCRIÇÃO", "zoneamento": null, "condominio": null, "area_geom": 299.99, "cnm": null }, "geometry": { "type": "Polygon", "coordinates": [ [ [ -54.505575, -22.083829 ], [ -54.50572, -22.083594 ], [ -54.505804, -22.083639 ], [ -54.505659, -22.083874 ], [ -54.505575, -22.083829 ] ] ] } },
{ "type": "Feature", "properties": { "id": 531, "insc_imob": "08.01.13.02.320", "quadra_cartorio": null, "lote_cartorio": "17", "matricula": null, "circunscricao": "1º CIRCUNSCRIÇÃO", "zoneamento": null, "condominio": null, "area_geom": 300.0, "cnm": null }, "geometry": { "type": "Polygon", "coordinates": [ [ [ -54.505407, -22.083739 ], [ -54.505552, -22.083504 ], [ -54.505636, -22.083549 ], [ -54.505491, -22.083784 ], [ -54.505407, -22.083739 ] ] ] } },
{ "type": "Feature", "properties": { "id": 532, "insc_imob": "08.01.13.02.330", "quadra_cartorio": null, "lote_cartorio": "16", "matricula": null, "circunscricao": "1º CIRCUNSCRIÇÃO", "zoneamento": null, "condominio": null, "area_geom": 299.98, "cnm": null }, "geometry": { "type": "Polygon", "coordinates": [ [ [ -54.505323, -22.083694 ], [ -54.505469, -22.083459 ], [ -54.505552, -22.083504 ], [ -54.505407, -22.083739 ], [ -54.505323, -22.083694 ] ] ] } },
{ "type": "Feature", "properties": { "id": 543, "insc_imob": "08.01.13.02.350", "quadra_cartorio": null, "lote_cartorio": "14", "matricula": null, "circunscricao": "1º CIRCUNSCRIÇÃO", "zoneamento": null, "condominio": null, "area_geom": 299.99, "cnm": null }, "geometry": { "type": "Polygon", "coordinates": [ [ [ -54.505156, -22.083603 ], [ -54.505301, -22.083369 ], [ -54.505385, -22.083414 ], [ -54.505239, -22.083648 ], [ -54.505156, -22.083603 ] ] ] } },
{ "type": "Feature", "properties": { "id": 544, "insc_imob": "08.01.13.03.040", "quadra_cartorio": null, "lote_cartorio": "03", "matricula": null, "circunscricao": "1º CIRCUNSCRIÇÃO", "zoneamento": null, "condominio": null, "area_geom": 390.75, "cnm": null }, "geometry": { "type": "Polygon", "coordinates": [ [ [ -54.505292, -22.083192 ], [ -54.505437, -22.082957 ], [ -54.505547, -22.083016 ], [ -54.505435, -22.083196 ], [ -54.505402, -22.083251 ], [ -54.505292, -22.083192 ] ] ] } },
{ "type": "Feature", "properties": { "id": 545, "insc_imob": "08.01.13.03.050", "quadra_cartorio": null, "lote_cartorio": "06", "matricula": null, "circunscricao": "1º CIRCUNSCRIÇÃO", "zoneamento": null, "condominio": null, "area_geom": 389.22, "cnm": null }, "geometry": { "type": "Polygon", "coordinates": [ [ [ -54.505402, -22.083251 ], [ -54.505435, -22.083196 ], [ -54.505547, -22.083016 ], [ -54.505655, -22.083075 ], [ -54.505544, -22.083255 ], [ -54.50551, -22.083309 ], [ -54.505402, -22.083251 ] ] ] } },
{ "type": "Feature", "properties": { "id": 546, "insc_imob": "08.01.13.03.060", "quadra_cartorio": null, "lote_cartorio": "05", "matricula": null, "circunscricao": "1º CIRCUNSCRIÇÃO", "zoneamento": null, "condominio": null, "area_geom": 299.99, "cnm": null }, "geometry": { "type": "Polygon", "coordinates": [ [ [ -54.50551, -22.083309 ], [ -54.505544, -22.083255 ], [ -54.505655, -22.083075 ], [ -54.505739, -22.08312 ], [ -54.505628, -22.0833 ], [ -54.505594, -22.083354 ], [ -54.50551, -22.083309 ] ] ] } },
{ "type": "Feature", "properties": { "id": 547, "insc_imob": "08.01.13.03.070", "quadra_cartorio": null, "lote_cartorio": "04", "matricula": null, "circunscricao": "1º CIRCUNSCRIÇÃO", "zoneamento": null, "condominio": null, "area_geom": 300.01, "cnm": null }, "geometry": { "type": "Polygon", "coordinates": [ [ [ -54.505594, -22.083354 ], [ -54.505628, -22.0833 ], [ -54.505739, -22.08312 ], [ -54.505823, -22.083165 ], [ -54.505678, -22.083399 ], [ -54.505594, -22.083354 ] ] ] } },
{ "type": "Feature", "properties": { "id": 548, "insc_imob": "08.01.13.03.080", "quadra_cartorio": null, "lote_cartorio": "03", "matricula": null, "circunscricao": "1º CIRCUNSCRIÇÃO", "zoneamento": null, "condominio": null, "area_geom": 299.98, "cnm": null }, "geometry": { "type": "Polygon", "coordinates": [ [ [ -54.505678, -22.083399 ], [ -54.505823, -22.083165 ], [ -54.505907, -22.08321 ], [ -54.505762, -22.083444 ], [ -54.505678, -22.083399 ] ] ] } },
{ "type": "Feature", "properties": { "id": 567, "insc_imob": "08.01.13.03.100", "quadra_cartorio": null, "lote_cartorio": "02", "matricula": null, "circunscricao": "1º CIRCUNSCRIÇÃO", "zoneamento": null, "condominio": null, "area_geom": 419.98, "cnm": null }, "geometry": { "type": "Polygon", "coordinates": [ [ [ -54.505762, -22.083444 ], [ -54.505907, -22.08321 ], [ -54.506025, -22.083273 ], [ -54.50588, -22.083508 ], [ -54.505762, -22.083444 ] ] ] } },
{ "type": "Feature", "properties": { "id": 568, "insc_imob": "08.01.13.03.150", "quadra_cartorio": null, "lote_cartorio": "01", "matricula": null, "circunscricao": "1º CIRCUNSCRIÇÃO", "zoneamento": null, "condominio": null, "area_geom": 299.99, "cnm": null }, "geometry": { "type": "Polygon", "coordinates": [ [ [ -54.50588, -22.083508 ], [ -54.506025, -22.083273 ], [ -54.506109, -22.083318 ], [ -54.505964, -22.083553 ], [ -54.50588, -22.083508 ] ] ] } },
{ "type": "Feature", "properties": { "id": 569, "insc_imob": "08.01.13.04.030", "quadra_cartorio": null, "lote_cartorio": "16", "matricula": null, "circunscricao": "1º CIRCUNSCRIÇÃO", "zoneamento": null, "condominio": null, "area_geom": 299.99, "cnm": null }, "geometry": { "type": "Polygon", "coordinates": [ [ [ -54.50612, -22.083586 ], [ -54.506265, -22.083351 ], [ -54.506349, -22.083396 ], [ -54.506204, -22.083631 ], [ -54.50612, -22.083586 ] ] ] } },
{ "type": "Feature", "properties": { "id": 570, "insc_imob": "08.01.13.04.050", "quadra_cartorio": null, "lote_cartorio": "14", "matricula": null, "circunscricao": "1º CIRCUNSCRIÇÃO", "zoneamento": null, "condominio": null, "area_geom": 299.99, "cnm": null }, "geometry": { "type": "Polygon", "coordinates": [ [ [ -54.506023, -22.083742 ], [ -54.506071, -22.083664 ], [ -54.506323, -22.083799 ], [ -54.506275, -22.083878 ], [ -54.506023, -22.083742 ] ] ] } },
{ "type": "Feature", "properties": { "id": 571, "insc_imob": "08.01.13.04.070", "quadra_cartorio": null, "lote_cartorio": "12", "matricula": null, "circunscricao": "1º CIRCUNSCRIÇÃO", "zoneamento": null, "condominio": null, "area_geom": 300.0, "cnm": null }, "geometry": { "type": "Polygon", "coordinates": [ [ [ -54.505926, -22.083899 ], [ -54.505975, -22.083821 ], [ -54.506226, -22.083956 ], [ -54.506178, -22.084034 ], [ -54.505926, -22.083899 ] ] ] } },
{ "type": "Feature", "properties": { "id": 573, "insc_imob": "08.01.23.12.284", "quadra_cartorio": null, "lote_cartorio": "11", "matricula": null, "circunscricao": "1º CIRCUNSCRIÇÃO", "zoneamento": null, "condominio": null, "area_geom": 376.53, "cnm": null }, "geometry": { "type": "Polygon", "coordinates": [ [ [ -54.504099, -22.086873 ], [ -54.504164, -22.086783 ], [ -54.504429, -22.086925 ], [ -54.504361, -22.087013 ], [ -54.504099, -22.086873 ] ] ] } },
{ "type": "Feature", "properties": { "id": 575, "insc_imob": "08.01.23.12.332", "quadra_cartorio": null, "lote_cartorio": "07", "matricula": null, "circunscricao": "1º CIRCUNSCRIÇÃO", "zoneamento": null, "condominio": null, "area_geom": 399.7, "cnm": null }, "geometry": { "type": "Polygon", "coordinates": [ [ [ -54.504358, -22.086512 ], [ -54.504423, -22.086422 ], [ -54.504704, -22.086573 ], [ -54.504636, -22.086661 ], [ -54.504358, -22.086512 ] ] ] } },
{ "type": "Feature", "properties": { "id": 591, "insc_imob": "08.01.23.12.422", "quadra_cartorio": null, "lote_cartorio": "04", "matricula": null, "circunscricao": "1º CIRCUNSCRIÇÃO", "zoneamento": null, "condominio": null, "area_geom": 395.77, "cnm": null }, "geometry": { "type": "Polygon", "coordinates": [ [ [ -54.504353, -22.08629 ], [ -54.504542, -22.086048 ], [ -54.504643, -22.086102 ], [ -54.504454, -22.086344 ], [ -54.504353, -22.08629 ] ] ] } },
{ "type": "Feature", "properties": { "id": 594, "insc_imob": "08.01.23.13.078", "quadra_cartorio": null, "lote_cartorio": "23", "matricula": null, "circunscricao": "1º CIRCUNSCRIÇÃO", "zoneamento": null, "condominio": null, "area_geom": 362.03, "cnm": null }, "geometry": { "type": "Polygon", "coordinates": [ [ [ -54.504655, -22.08693 ], [ -54.504722, -22.086841 ], [ -54.504977, -22.086974 ], [ -54.50496, -22.086997 ], [ -54.50491, -22.087063 ], [ -54.504834, -22.087023 ], [ -54.504655, -22.08693 ] ] ] } },
{ "type": "Feature", "properties": { "id": 620, "insc_imob": "08.01.23.13.193", "quadra_cartorio": null, "lote_cartorio": "16", "matricula": null, "circunscricao": "1º CIRCUNSCRIÇÃO", "zoneamento": null, "condominio": null, "area_geom": 359.99, "cnm": null }, "geometry": { "type": "Polygon", "coordinates": [ [ [ -54.504421, -22.087615 ], [ -54.50459, -22.087393 ], [ -54.504639, -22.087418 ], [ -54.504691, -22.087446 ], [ -54.504522, -22.087668 ], [ -54.504421, -22.087615 ] ] ] } },
{ "type": "Feature", "properties": { "id": 637, "insc_imob": "08.01.23.13.398", "quadra_cartorio": null, "lote_cartorio": "02", "matricula": null, "circunscricao": "1º CIRCUNSCRIÇÃO", "zoneamento": null, "condominio": null, "area_geom": 359.99, "cnm": null }, "geometry": { "type": "Polygon", "coordinates": [ [ [ -54.505232, -22.086735 ], [ -54.505401, -22.086513 ], [ -54.505503, -22.086566 ], [ -54.505334, -22.086788 ], [ -54.505232, -22.086735 ] ] ] } },
{ "type": "Feature", "properties": { "id": 692, "insc_imob": "08.01.23.22.205", "quadra_cartorio": null, "lote_cartorio": "15", "matricula": null, "circunscricao": "1º CIRCUNSCRIÇÃO", "zoneamento": null, "condominio": null, "area_geom": 359.99, "cnm": null }, "geometry": { "type": "Polygon", "coordinates": [ [ [ -54.502839, -22.088607 ], [ -54.503011, -22.088387 ], [ -54.503111, -22.088441 ], [ -54.50294, -22.088661 ], [ -54.502839, -22.088607 ] ] ] } },
{ "type": "Feature", "properties": { "id": 693, "insc_imob": "08.01.23.22.247", "quadra_cartorio": null, "lote_cartorio": "14", "matricula": null, "circunscricao": "1º CIRCUNSCRIÇÃO", "zoneamento": null, "condominio": null, "area_geom": 359.98, "cnm": null }, "geometry": { "type": "Polygon", "coordinates": [ [ [ -54.50294, -22.088661 ], [ -54.503111, -22.088441 ], [ -54.503212, -22.088495 ], [ -54.50304, -22.088715 ], [ -54.50294, -22.088661 ] ] ] } },
{ "type": "Feature", "properties": { "id": 695, "insc_imob": "08.01.23.22.284", "quadra_cartorio": null, "lote_cartorio": "11", "matricula": null, "circunscricao": "1º CIRCUNSCRIÇÃO", "zoneamento": null, "condominio": null, "area_geom": 362.02, "cnm": null }, "geometry": { "type": "Polygon", "coordinates": [ [ [ -54.503096, -22.088183 ], [ -54.503165, -22.088095 ], [ -54.503418, -22.088231 ], [ -54.50335, -22.088319 ], [ -54.503096, -22.088183 ] ] ] } },
{ "type": "Feature", "properties": { "id": 696, "insc_imob": "08.01.23.22.296", "quadra_cartorio": null, "lote_cartorio": "10", "matricula": null, "circunscricao": "1º CIRCUNSCRIÇÃO", "zoneamento": null, "condominio": null, "area_geom": 362.0, "cnm": null }, "geometry": { "type": "Polygon", "coordinates": [ [ [ -54.503165, -22.088095 ], [ -54.503183, -22.088072 ], [ -54.503234, -22.088007 ], [ -54.503309, -22.088047 ], [ -54.503487, -22.088143 ], [ -54.503418, -22.088231 ], [ -54.503165, -22.088095 ] ] ] } },
{ "type": "Feature", "properties": { "id": 697, "insc_imob": "08.01.23.22.308", "quadra_cartorio": null, "lote_cartorio": "09", "matricula": null, "circunscricao": "1º CIRCUNSCRIÇÃO", "zoneamento": null, "condominio": null, "area_geom": 362.04, "cnm": null }, "geometry": { "type": "Polygon", "coordinates": [ [ [ -54.503234, -22.088007 ], [ -54.503303, -22.087919 ], [ -54.503556, -22.088055 ], [ -54.503487, -22.088143 ], [ -54.503309, -22.088047 ], [ -54.503234, -22.088007 ] ] ] } },
{ "type": "Feature", "properties": { "id": 740, "insc_imob": "08.01.23.22.332", "quadra_cartorio": null, "lote_cartorio": "07", "matricula": null, "circunscricao": "1º CIRCUNSCRIÇÃO", "zoneamento": null, "condominio": null, "area_geom": 362.03, "cnm": null }, "geometry": { "type": "Polygon", "coordinates": [ [ [ -54.503371, -22.087831 ], [ -54.50344, -22.087742 ], [ -54.503693, -22.087878 ], [ -54.503625, -22.087967 ], [ -54.503371, -22.087831 ] ] ] } },
{ "type": "Feature", "properties": { "id": 743, "insc_imob": "08.01.23.23.030", "quadra_cartorio": null, "lote_cartorio": "05", "matricula": null, "circunscricao": "1º CIRCUNSCRIÇÃO", "zoneamento": null, "condominio": null, "area_geom": 370.11, "cnm": null }, "geometry": { "type": "Polygon", "coordinates": [ [ [ -54.503931, -22.087881 ], [ -54.504103, -22.087661 ], [ -54.504206, -22.087716 ], [ -54.504034, -22.087937 ], [ -54.503931, -22.087881 ] ] ] } },
{ "type": "Feature", "properties": { "id": 775, "insc_imob": "08.01.23.23.308", "quadra_cartorio": null, "lote_cartorio": "09", "matricula": null, "circunscricao": "1º CIRCUNSCRIÇÃO", "zoneamento": null, "condominio": null, "area_geom": 362.04, "cnm": null }, "geometry": { "type": "Polygon", "coordinates": [ [ [ -54.503909, -22.088369 ], [ -54.503978, -22.088281 ], [ -54.504214, -22.088408 ], [ -54.504231, -22.088417 ], [ -54.504162, -22.088505 ], [ -54.504155, -22.088502 ], [ -54.503909, -22.088369 ] ] ] } },
{ "type": "Feature", "properties": { "id": 776, "insc_imob": "08.01.23.23.320", "quadra_cartorio": null, "lote_cartorio": "08", "matricula": null, "circunscricao": "1º CIRCUNSCRIÇÃO", "zoneamento": null, "condominio": null, "area_geom": 362.03, "cnm": null }, "geometry": { "type": "Polygon", "coordinates": [ [ [ -54.503978, -22.088281 ], [ -54.504047, -22.088193 ], [ -54.504272, -22.088314 ], [ -54.5043, -22.088329 ], [ -54.504231, -22.088417 ], [ -54.504214, -22.088408 ], [ -54.503978, -22.088281 ] ] ] } },
{ "type": "Feature", "properties": { "id": 777, "insc_imob": "08.01.23.23.332", "quadra_cartorio": null, "lote_cartorio": "07", "matricula": null, "circunscricao": "1º CIRCUNSCRIÇÃO", "zoneamento": null, "condominio": null, "area_geom": 362.04, "cnm": null }, "geometry": { "type": "Polygon", "coordinates": [ [ [ -54.504047, -22.088193 ], [ -54.504115, -22.088105 ], [ -54.50433, -22.08822 ], [ -54.504368, -22.088241 ], [ -54.5043, -22.088329 ], [ -54.504272, -22.088314 ], [ -54.504047, -22.088193 ] ] ] } },
{ "type": "Feature", "properties": { "id": 779, "insc_imob": "08.01.23.23.386", "quadra_cartorio": null, "lote_cartorio": "01", "matricula": null, "circunscricao": "1º CIRCUNSCRIÇÃO", "zoneamento": null, "condominio": null, "area_geom": 359.99, "cnm": null }, "geometry": { "type": "Polygon", "coordinates": [ [ [ -54.504336, -22.088099 ], [ -54.504508, -22.087879 ], [ -54.504609, -22.087933 ], [ -54.504437, -22.088153 ], [ -54.504388, -22.088126 ], [ -54.504336, -22.088099 ] ] ] } },
{ "type": "Feature", "properties": { "id": 796, "insc_imob": "08.01.23.23.422", "quadra_cartorio": null, "lote_cartorio": "04", "matricula": null, "circunscricao": "1º CIRCUNSCRIÇÃO", "zoneamento": null, "condominio": null, "area_geom": 360.0, "cnm": null }, "geometry": { "type": "Polygon", "coordinates": [ [ [ -54.504034, -22.087937 ], [ -54.504206, -22.087716 ], [ -54.504307, -22.08777 ], [ -54.504135, -22.087991 ], [ -54.504034, -22.087937 ] ] ] } },
{ "type": "Feature", "properties": { "id": 822, "insc_imob": "08.01.23.24.126", "quadra_cartorio": null, "lote_cartorio": "12", "matricula": null, "circunscricao": "1º CIRCUNSCRIÇÃO", "zoneamento": null, "condominio": null, "area_geom": 1041.36, "cnm": null }, "geometry": { "type": "Polygon", "coordinates": [ [ [ -54.504014, -22.088907 ], [ -54.504083, -22.088819 ], [ -54.504288, -22.088929 ], [ -54.504327, -22.08895 ], [ -54.50403, -22.089404 ], [ -54.503966, -22.089188 ], [ -54.504117, -22.088962 ], [ -54.504014, -22.088907 ] ] ] } },
{ "type": "Feature", "properties": { "id": 824, "insc_imob": "08.01.23.34.097", "quadra_cartorio": null, "lote_cartorio": "RESERVA D*", "matricula": null, "circunscricao": "1º CIRCUNSCRIÇÃO", "zoneamento": null, "condominio": null, "area_geom": 1182.48, "cnm": null }, "geometry": { "type": "Polygon", "coordinates": [ [ [ -54.502073, -22.088722 ], [ -54.502254, -22.088465 ], [ -54.502536, -22.088655 ], [ -54.502394, -22.08889 ], [ -54.502073, -22.088722 ] ] ] } },
{ "type": "Feature", "properties": { "id": 825, "insc_imob": "08.01.23.34.109", "quadra_cartorio": null, "lote_cartorio": "12", "matricula": null, "circunscricao": "1º CIRCUNSCRIÇÃO", "zoneamento": null, "condominio": null, "area_geom": 809.95, "cnm": null }, "geometry": { "type": "Polygon", "coordinates": [ [ [ -54.502394, -22.08889 ], [ -54.502536, -22.088655 ], [ -54.502764, -22.088774 ], [ -54.502621, -22.08901 ], [ -54.502394, -22.08889 ] ] ] } },
{ "type": "Feature", "properties": { "id": 831, "insc_imob": "08.01.23.34.193", "quadra_cartorio": null, "lote_cartorio": "05", "matricula": null, "circunscricao": "1º CIRCUNSCRIÇÃO", "zoneamento": null, "condominio": null, "area_geom": 360.01, "cnm": null }, "geometry": { "type": "Polygon", "coordinates": [ [ [ -54.503229, -22.08933 ], [ -54.503249, -22.089295 ], [ -54.503372, -22.089094 ], [ -54.503473, -22.089147 ], [ -54.50333, -22.089383 ], [ -54.503229, -22.08933 ] ] ] } },
{ "type": "Feature", "properties": { "id": 3271, "insc_imob": "08.01.13.04.110", "quadra_cartorio": null, "lote_cartorio": "08", "matricula": null, "circunscricao": "1º CIRCUNSCRIÇÃO", "zoneamento": null, "condominio": null, "area_geom": 300.0, "cnm": null }, "geometry": { "type": "Polygon", "coordinates": [ [ [ -54.505733, -22.084212 ], [ -54.505781, -22.084133 ], [ -54.506033, -22.084269 ], [ -54.505985, -22.084347 ], [ -54.505733, -22.084212 ] ] ] } },
{ "type": "Feature", "properties": { "id": 3272, "insc_imob": "08.01.13.04.160", "quadra_cartorio": null, "lote_cartorio": "06", "matricula": null, "circunscricao": "1º CIRCUNSCRIÇÃO", "zoneamento": null, "condominio": null, "area_geom": 299.99, "cnm": null }, "geometry": { "type": "Polygon", "coordinates": [ [ [ -54.505539, -22.084524 ], [ -54.505684, -22.08429 ], [ -54.505768, -22.084335 ], [ -54.505623, -22.084569 ], [ -54.505539, -22.084524 ] ] ] } },
{ "type": "Feature", "properties": { "id": 3273, "insc_imob": "08.01.13.04.170", "quadra_cartorio": null, "lote_cartorio": "05", "matricula": null, "circunscricao": "1º CIRCUNSCRIÇÃO", "zoneamento": null, "condominio": null, "area_geom": 299.99, "cnm": null }, "geometry": { "type": "Polygon", "coordinates": [ [ [ -54.505623, -22.084569 ], [ -54.505768, -22.084335 ], [ -54.505852, -22.08438 ], [ -54.505707, -22.084615 ], [ -54.505623, -22.084569 ] ] ] } },
{ "type": "Feature", "properties": { "id": 3274, "insc_imob": "08.01.13.04.280", "quadra_cartorio": null, "lote_cartorio": "27", "matricula": null, "circunscricao": "1º CIRCUNSCRIÇÃO", "zoneamento": null, "condominio": null, "area_geom": 299.98, "cnm": null }, "geometry": { "type": "Polygon", "coordinates": [ [ [ -54.506081, -22.08419 ], [ -54.506091, -22.084175 ], [ -54.50613, -22.084112 ], [ -54.506197, -22.084148 ], [ -54.506225, -22.084163 ], [ -54.506381, -22.084247 ], [ -54.506333, -22.084326 ], [ -54.506081, -22.08419 ] ] ] } },
{ "type": "Feature", "properties": { "id": 3275, "insc_imob": "08.01.13.04.300", "quadra_cartorio": null, "lote_cartorio": "25", "matricula": null, "circunscricao": "1º CIRCUNSCRIÇÃO", "zoneamento": null, "condominio": null, "area_geom": 300.0, "cnm": null }, "geometry": { "type": "Polygon", "coordinates": [ [ [ -54.506178, -22.084034 ], [ -54.506226, -22.083956 ], [ -54.506478, -22.084091 ], [ -54.50643, -22.084169 ], [ -54.506178, -22.084034 ] ] ] } },
{ "type": "Feature", "properties": { "id": 3298, "insc_imob": "08.01.13.04.370", "quadra_cartorio": null, "lote_cartorio": "21", "matricula": null, "circunscricao": "1º CIRCUNSCRIÇÃO", "zoneamento": null, "condominio": null, "area_geom": 299.99, "cnm": null }, "geometry": { "type": "Polygon", "coordinates": [ [ [ -54.506539, -22.083811 ], [ -54.506684, -22.083577 ], [ -54.506768, -22.083622 ], [ -54.506623, -22.083856 ], [ -54.506539, -22.083811 ] ] ] } },
{ "type": "Feature", "properties": { "id": 3299, "insc_imob": "08.01.13.04.380", "quadra_cartorio": null, "lote_cartorio": "20", "matricula": null, "circunscricao": "1º CIRCUNSCRIÇÃO", "zoneamento": null, "condominio": null, "area_geom": 300.01, "cnm": null }, "geometry": { "type": "Polygon", "coordinates": [ [ [ -54.506455, -22.083766 ], [ -54.506601, -22.083532 ], [ -54.506684, -22.083577 ], [ -54.506539, -22.083811 ], [ -54.506455, -22.083766 ] ] ] } },
{ "type": "Feature", "properties": { "id": 3300, "insc_imob": "08.01.13.04.390", "quadra_cartorio": null, "lote_cartorio": "19", "matricula": null, "circunscricao": "1º CIRCUNSCRIÇÃO", "zoneamento": null, "condominio": null, "area_geom": 299.98, "cnm": null }, "geometry": { "type": "Polygon", "coordinates": [ [ [ -54.506371, -22.083721 ], [ -54.506517, -22.083487 ], [ -54.506601, -22.083532 ], [ -54.506455, -22.083766 ], [ -54.506371, -22.083721 ] ] ] } },
{ "type": "Feature", "properties": { "id": 3301, "insc_imob": "08.01.13.04.410", "quadra_cartorio": null, "lote_cartorio": "17", "matricula": null, "circunscricao": "1º CIRCUNSCRIÇÃO", "zoneamento": null, "condominio": null, "area_geom": 299.99, "cnm": null }, "geometry": { "type": "Polygon", "coordinates": [ [ [ -54.506204, -22.083631 ], [ -54.506349, -22.083396 ], [ -54.506433, -22.083441 ], [ -54.506288, -22.083676 ], [ -54.506204, -22.083631 ] ] ] } },
{ "type": "Feature", "properties": { "id": 3326, "insc_imob": "08.01.13.05.050", "quadra_cartorio": null, "lote_cartorio": "14", "matricula": null, "circunscricao": "1º CIRCUNSCRIÇÃO", "zoneamento": null, "condominio": null, "area_geom": 299.99, "cnm": null }, "geometry": { "type": "Polygon", "coordinates": [ [ [ -54.506694, -22.084103 ], [ -54.506743, -22.084025 ], [ -54.506994, -22.08416 ], [ -54.506946, -22.084238 ], [ -54.506694, -22.084103 ] ] ] } },
{ "type": "Feature", "properties": { "id": 3327, "insc_imob": "08.01.13.05.060", "quadra_cartorio": null, "lote_cartorio": "13", "matricula": null, "circunscricao": "1º CIRCUNSCRIÇÃO", "zoneamento": null, "condominio": null, "area_geom": 300.0, "cnm": null }, "geometry": { "type": "Polygon", "coordinates": [ [ [ -54.506646, -22.084181 ], [ -54.506694, -22.084103 ], [ -54.506946, -22.084238 ], [ -54.506898, -22.084316 ], [ -54.506646, -22.084181 ] ] ] } },
{ "type": "Feature", "properties": { "id": 3328, "insc_imob": "08.01.13.05.070", "quadra_cartorio": null, "lote_cartorio": "12", "matricula": null, "circunscricao": "1º CIRCUNSCRIÇÃO", "zoneamento": null, "condominio": null, "area_geom": 300.01, "cnm": null }, "geometry": { "type": "Polygon", "coordinates": [ [ [ -54.506598, -22.084259 ], [ -54.506646, -22.084181 ], [ -54.506898, -22.084316 ], [ -54.506849, -22.084395 ], [ -54.506598, -22.084259 ] ] ] } },
{ "type": "Feature", "properties": { "id": 3329, "insc_imob": "08.01.13.05.080", "quadra_cartorio": null, "lote_cartorio": "11", "matricula": null, "circunscricao": "1º CIRCUNSCRIÇÃO", "zoneamento": null, "condominio": null, "area_geom": 359.98, "cnm": null }, "geometry": { "type": "Polygon", "coordinates": [ [ [ -54.50654, -22.084353 ], [ -54.506598, -22.084259 ], [ -54.506849, -22.084395 ], [ -54.506801, -22.084473 ], [ -54.506791, -22.084488 ], [ -54.50654, -22.084353 ] ] ] } },
{ "type": "Feature", "properties": { "id": 3354, "insc_imob": "08.01.13.05.100", "quadra_cartorio": null, "lote_cartorio": "09", "matricula": null, "circunscricao": "1º CIRCUNSCRIÇÃO", "zoneamento": null, "condominio": null, "area_geom": 300.01, "cnm": null }, "geometry": { "type": "Polygon", "coordinates": [ [ [ -54.506443, -22.08451 ], [ -54.506491, -22.084431 ], [ -54.506743, -22.084567 ], [ -54.506704, -22.084629 ], [ -54.506695, -22.084645 ], [ -54.506443, -22.08451 ] ] ] } },
{ "type": "Feature", "properties": { "id": 3355, "insc_imob": "08.01.13.05.110", "quadra_cartorio": null, "lote_cartorio": "08", "matricula": null, "circunscricao": "1º CIRCUNSCRIÇÃO", "zoneamento": null, "condominio": null, "area_geom": 240.01, "cnm": null }, "geometry": { "type": "Polygon", "coordinates": [ [ [ -54.506404, -22.084572 ], [ -54.506443, -22.08451 ], [ -54.506695, -22.084645 ], [ -54.506656, -22.084707 ], [ -54.506404, -22.084572 ] ] ] } },
{ "type": "Feature", "properties": { "id": 3356, "insc_imob": "08.01.13.05.120", "quadra_cartorio": null, "lote_cartorio": "07", "matricula": null, "circunscricao": "1º CIRCUNSCRIÇÃO", "zoneamento": null, "condominio": null, "area_geom": 300.01, "cnm": null }, "geometry": { "type": "Polygon", "coordinates": [ [ [ -54.506356, -22.08465 ], [ -54.506404, -22.084572 ], [ -54.506656, -22.084707 ], [ -54.506607, -22.084786 ], [ -54.506594, -22.084778 ], [ -54.50651, -22.084733 ], [ -54.506426, -22.084688 ], [ -54.506356, -22.08465 ] ] ] } },
{ "type": "Feature", "properties": { "id": 4910, "insc_imob": "08.01.23.22.410", "quadra_cartorio": null, "lote_cartorio": "03", "matricula": null, "circunscricao": "1º CIRCUNSCRIÇÃO", "zoneamento": null, "condominio": null, "area_geom": 360.0, "cnm": null }, "geometry": { "type": "Polygon", "coordinates": [ [ [ -54.50346, -22.087628 ], [ -54.503632, -22.087408 ], [ -54.503733, -22.087462 ], [ -54.503561, -22.087682 ], [ -54.503509, -22.087654 ], [ -54.50346, -22.087628 ] ] ] } },
{ "type": "Feature", "properties": { "id": 11225, "insc_imob": "08.01.23.22.078", "quadra_cartorio": null, "lote_cartorio": null, "matricula": null, "circunscricao": "1º CIRCUNSCRIÇÃO", "zoneamento": null, "condominio": null, "area_geom": 362.03, "cnm": null }, "geometry": { "type": "Polygon", "coordinates": [ [ [ -54.502981, -22.087871 ], [ -54.503049, -22.087783 ], [ -54.503303, -22.087919 ], [ -54.503234, -22.088007 ], [ -54.502981, -22.087871 ] ] ] } },
{ "type": "Feature", "properties": { "id": 442, "insc_imob": "08.01.13.13.210", "quadra_cartorio": null, "lote_cartorio": "12", "matricula": "TR-28116", "circunscricao": "1º CIRCUNSCRIÇÃO", "zoneamento": null, "condominio": null, "area_geom": 359.99, "cnm": null }, "geometry": { "type": "Polygon", "coordinates": [ [ [ -54.506761, -22.083497 ], [ -54.506906, -22.083263 ], [ -54.507007, -22.083317 ], [ -54.506862, -22.083551 ], [ -54.506761, -22.083497 ] ] ] } },
{ "type": "Feature", "properties": { "id": 666, "insc_imob": "08.01.23.14.213", "quadra_cartorio": null, "lote_cartorio": "03", "matricula": "TR-56089", "circunscricao": "1º CIRCUNSCRIÇÃO", "zoneamento": null, "condominio": null, "area_geom": 734.49, "cnm": null }, "geometry": { "type": "Polygon", "coordinates": [ [ [ -54.504886, -22.087845 ], [ -54.505072, -22.087574 ], [ -54.505242, -22.087672 ], [ -54.505057, -22.087942 ], [ -54.504886, -22.087845 ] ] ] } },
{ "type": "Feature", "properties": { "id": 399, "insc_imob": "08.01.13.12.288", "quadra_cartorio": null, "lote_cartorio": "18", "matricula": "TR-28116", "circunscricao": "1º CIRCUNSCRIÇÃO", "zoneamento": null, "condominio": null, "area_geom": 359.98, "cnm": null }, "geometry": { "type": "Polygon", "coordinates": [ [ [ -54.506294, -22.082486 ], [ -54.506352, -22.082392 ], [ -54.506603, -22.082528 ], [ -54.506545, -22.082621 ], [ -54.506294, -22.082486 ] ] ] } },
{ "type": "Feature", "properties": { "id": 400, "insc_imob": "08.01.13.12.300", "quadra_cartorio": null, "lote_cartorio": "19", "matricula": "TR-28116", "circunscricao": "1º CIRCUNSCRIÇÃO", "zoneamento": null, "condominio": null, "area_geom": 359.98, "cnm": null }, "geometry": { "type": "Polygon", "coordinates": [ [ [ -54.506352, -22.082392 ], [ -54.50641, -22.082299 ], [ -54.506661, -22.082434 ], [ -54.506603, -22.082528 ], [ -54.506352, -22.082392 ] ] ] } },
{ "type": "Feature", "properties": { "id": 401, "insc_imob": "08.01.13.12.312", "quadra_cartorio": null, "lote_cartorio": "20", "matricula": "TR-28116", "circunscricao": "1º CIRCUNSCRIÇÃO", "zoneamento": null, "condominio": null, "area_geom": 359.96, "cnm": null }, "geometry": { "type": "Polygon", "coordinates": [ [ [ -54.50641, -22.082299 ], [ -54.506468, -22.082205 ], [ -54.506719, -22.08234 ], [ -54.506661, -22.082434 ], [ -54.50641, -22.082299 ] ] ] } },
{ "type": "Feature", "properties": { "id": 402, "insc_imob": "08.01.13.12.354", "quadra_cartorio": null, "lote_cartorio": "21", "matricula": "TR-28116", "circunscricao": "1º CIRCUNSCRIÇÃO", "zoneamento": null, "condominio": null, "area_geom": 359.99, "cnm": null }, "geometry": { "type": "Polygon", "coordinates": [ [ [ -54.506468, -22.082205 ], [ -54.506526, -22.082111 ], [ -54.506777, -22.082246 ], [ -54.506719, -22.08234 ], [ -54.506468, -22.082205 ] ] ] } },
{ "type": "Feature", "properties": { "id": 418, "insc_imob": "08.01.13.12.366", "quadra_cartorio": null, "lote_cartorio": "22", "matricula": "TR-28116", "circunscricao": "1º CIRCUNSCRIÇÃO", "zoneamento": null, "condominio": null, "area_geom": 432.0, "cnm": null }, "geometry": { "type": "Polygon", "coordinates": [ [ [ -54.506251, -22.082338 ], [ -54.506425, -22.082057 ], [ -54.506526, -22.082111 ], [ -54.506468, -22.082205 ], [ -54.50641, -22.082299 ], [ -54.506352, -22.082392 ], [ -54.506251, -22.082338 ] ] ] } },
{ "type": "Feature", "properties": { "id": 425, "insc_imob": "08.01.13.13.156", "quadra_cartorio": null, "lote_cartorio": "10", "matricula": "TR-28116", "circunscricao": "1º CIRCUNSCRIÇÃO", "zoneamento": null, "condominio": null, "area_geom": 359.98, "cnm": null }, "geometry": { "type": "Polygon", "coordinates": [ [ [ -54.506559, -22.083389 ], [ -54.506705, -22.083154 ], [ -54.506755, -22.083182 ], [ -54.506805, -22.083209 ], [ -54.50666, -22.083443 ], [ -54.506559, -22.083389 ] ] ] } },
{ "type": "Feature", "properties": { "id": 441, "insc_imob": "08.01.13.13.168", "quadra_cartorio": null, "lote_cartorio": "11", "matricula": "TR-28116", "circunscricao": "1º CIRCUNSCRIÇÃO", "zoneamento": null, "condominio": null, "area_geom": 360.0, "cnm": null }, "geometry": { "type": "Polygon", "coordinates": [ [ [ -54.50666, -22.083443 ], [ -54.506805, -22.083209 ], [ -54.506906, -22.083263 ], [ -54.506761, -22.083497 ], [ -54.50666, -22.083443 ] ] ] } },
{ "type": "Feature", "properties": { "id": 823, "insc_imob": "08.01.23.24.168", "quadra_cartorio": null, "lote_cartorio": "11", "matricula": "TR-53617", "circunscricao": "1º CIRCUNSCRIÇÃO", "zoneamento": null, "condominio": null, "area_geom": 391.57, "cnm": null }, "geometry": { "type": "Polygon", "coordinates": [ [ [ -54.503858, -22.08913 ], [ -54.503861, -22.089101 ], [ -54.504014, -22.088907 ], [ -54.504117, -22.088962 ], [ -54.503966, -22.089188 ], [ -54.503858, -22.08913 ] ] ] } },
{ "type": "Feature", "properties": { "id": 98973, "insc_imob": "08.01.13.13.090", "quadra_cartorio": null, "lote_cartorio": "07", "matricula": "TR-28116", "circunscricao": "1º CIRCUNSCRIÇÃO", "zoneamento": null, "condominio": null, "area_geom": 360.0, "cnm": null }, "geometry": { "type": "Polygon", "coordinates": [ [ [ -54.506503, -22.083046 ], [ -54.506561, -22.082952 ], [ -54.506813, -22.083088 ], [ -54.506755, -22.083182 ], [ -54.506705, -22.083154 ], [ -54.506604, -22.0831 ], [ -54.506503, -22.083046 ] ] ] } },
{ "type": "Feature", "properties": { "id": 51059, "insc_imob": "08.01.23.03.042", "quadra_cartorio": "01", "lote_cartorio": "26", "matricula": "27080", "circunscricao": "1º CIRCUNSCRIÇÃO", "zoneamento": null, "condominio": null, "area_geom": 401.2, "cnm": "062661.2.0027080-28" }, "geometry": { "type": "Polygon", "coordinates": [ [ [ -54.505829, -22.085349 ], [ -54.505897, -22.08526 ], [ -54.506028, -22.085333 ], [ -54.506128, -22.085388 ], [ -54.506177, -22.085415 ], [ -54.506107, -22.085503 ], [ -54.505829, -22.085349 ] ] ] } },
{ "type": "Feature", "properties": { "id": 52435, "insc_imob": "08.01.13.12.060", "quadra_cartorio": "01", "lote_cartorio": "04", "matricula": "48618", "circunscricao": "1º CIRCUNSCRIÇÃO", "zoneamento": null, "condominio": null, "area_geom": 647.44, "cnm": "062661.2.0048618-16" }, "geometry": { "type": "Polygon", "coordinates": [ [ [ -54.505782, -22.082337 ], [ -54.50584, -22.082243 ], [ -54.506294, -22.082486 ], [ -54.506236, -22.08258 ], [ -54.506202, -22.082562 ], [ -54.505782, -22.082337 ] ] ] } },
{ "type": "Feature", "properties": { "id": 54163, "insc_imob": "08.01.13.13.234", "quadra_cartorio": "02", "lote_cartorio": "14", "matricula": "47906", "circunscricao": "1º CIRCUNSCRIÇÃO", "zoneamento": null, "condominio": null, "area_geom": 359.68, "cnm": "062661.2.0047906-18" }, "geometry": { "type": "Polygon", "coordinates": [ [ [ -54.506813, -22.083088 ], [ -54.506861, -22.083009 ], [ -54.506871, -22.082994 ], [ -54.507123, -22.083129 ], [ -54.507065, -22.083223 ], [ -54.506813, -22.083088 ] ] ] } },
{ "type": "Feature", "properties": { "id": 58764, "insc_imob": "08.01.23.23.410", "quadra_cartorio": "05", "lote_cartorio": "03", "matricula": "29725", "circunscricao": "1º CIRCUNSCRIÇÃO", "zoneamento": null, "condominio": null, "area_geom": 359.69, "cnm": "062661.2.0029725-47" }, "geometry": { "type": "Polygon", "coordinates": [ [ [ -54.504135, -22.087991 ], [ -54.504307, -22.08777 ], [ -54.504408, -22.087825 ], [ -54.504236, -22.088045 ], [ -54.504184, -22.088017 ], [ -54.504135, -22.087991 ] ] ] } },
{ "type": "Feature", "properties": { "id": 63173, "insc_imob": "08.01.13.13.132", "quadra_cartorio": "02", "lote_cartorio": "08", "matricula": "TR-28116", "circunscricao": "1º CIRCUNSCRIÇÃO", "zoneamento": null, "condominio": null, "area_geom": 359.69, "cnm": null }, "geometry": { "type": "Polygon", "coordinates": [ [ [ -54.506358, -22.083281 ], [ -54.506503, -22.083046 ], [ -54.506604, -22.0831 ], [ -54.506459, -22.083335 ], [ -54.506358, -22.083281 ] ] ] } },
{ "type": "Feature", "properties": { "id": 64125, "insc_imob": "08.01.23.01.386", "quadra_cartorio": "07", "lote_cartorio": "05", "matricula": "1051", "circunscricao": "1º CIRCUNSCRIÇÃO", "zoneamento": null, "condominio": null, "area_geom": 368.35, "cnm": "062661.2.0001051-30" }, "geometry": { "type": "Polygon", "coordinates": [ [ [ -54.504633, -22.084941 ], [ -54.504698, -22.084851 ], [ -54.504739, -22.084873 ], [ -54.504958, -22.084991 ], [ -54.504889, -22.085079 ], [ -54.504681, -22.084967 ], [ -54.504633, -22.084941 ] ] ] } },
{ "type": "Feature", "properties": { "id": 64126, "insc_imob": "08.01.23.02.066", "quadra_cartorio": "02", "lote_cartorio": "24", "matricula": "74291", "circunscricao": "1º CIRCUNSCRIÇÃO", "zoneamento": null, "condominio": null, "area_geom": 361.72, "cnm": "062661.2.0074291-15" }, "geometry": { "type": "Polygon", "coordinates": [ [ [ -54.505046, -22.085161 ], [ -54.505115, -22.085073 ], [ -54.505368, -22.085209 ], [ -54.505299, -22.085297 ], [ -54.505046, -22.085161 ] ] ] } },
{ "type": "Feature", "properties": { "id": 65224, "insc_imob": "08.01.23.13.103", "quadra_cartorio": "03", "lote_cartorio": "21", "matricula": "11012", "circunscricao": "1º CIRCUNSCRIÇÃO", "zoneamento": null, "condominio": null, "area_geom": 361.71, "cnm": "062661.2.0011012-23" }, "geometry": { "type": "Polygon", "coordinates": [ [ [ -54.504519, -22.087108 ], [ -54.504587, -22.087019 ], [ -54.504842, -22.087152 ], [ -54.504774, -22.087241 ], [ -54.504519, -22.087108 ] ] ] } },
{ "type": "Feature", "properties": { "id": 74020, "insc_imob": "08.01.23.13.259", "quadra_cartorio": "03", "lote_cartorio": "13", "matricula": "44127", "circunscricao": "1º CIRCUNSCRIÇÃO", "zoneamento": null, "condominio": null, "area_geom": 361.71, "cnm": "062661.2.0044127-06" }, "geometry": { "type": "Polygon", "coordinates": [ [ [ -54.504639, -22.087418 ], [ -54.504707, -22.08733 ], [ -54.504962, -22.087463 ], [ -54.504894, -22.087552 ], [ -54.504793, -22.087499 ], [ -54.504691, -22.087446 ], [ -54.504639, -22.087418 ] ] ] } },
{ "type": "Feature", "properties": { "id": 74021, "insc_imob": "08.01.23.23.115", "quadra_cartorio": "05", "lote_cartorio": "20", "matricula": "10069", "circunscricao": "1º CIRCUNSCRIÇÃO", "zoneamento": null, "condominio": null, "area_geom": 361.72, "cnm": "062661.2.0010069-39" }, "geometry": { "type": "Polygon", "coordinates": [ [ [ -54.50345, -22.088498 ], [ -54.503518, -22.08841 ], [ -54.503772, -22.088546 ], [ -54.503703, -22.088634 ], [ -54.50345, -22.088498 ] ] ] } },
{ "type": "Feature", "properties": { "id": 74022, "insc_imob": "08.01.23.24.102", "quadra_cartorio": "09", "lote_cartorio": "08", "matricula": "26133", "circunscricao": "1º CIRCUNSCRIÇÃO", "zoneamento": null, "condominio": null, "area_geom": 288.49, "cnm": "062661.2.0026133-56" }, "geometry": { "type": "Polygon", "coordinates": [ [ [ -54.504153, -22.088731 ], [ -54.504222, -22.088643 ], [ -54.504423, -22.088751 ], [ -54.504355, -22.08884 ], [ -54.504153, -22.088731 ] ] ] } },
{ "type": "Feature", "properties": { "id": 75073, "insc_imob": "08.01.23.03.272", "quadra_cartorio": "1", "lote_cartorio": "12", "matricula": "48184", "circunscricao": "1º CIRCUNSCRIÇÃO", "zoneamento": null, "condominio": null, "area_geom": 361.7, "cnm": "062661.2.0048184-57" }, "geometry": { "type": "Polygon", "coordinates": [ [ [ -54.505687, -22.086026 ], [ -54.505757, -22.085939 ], [ -54.506009, -22.086078 ], [ -54.505939, -22.086165 ], [ -54.505687, -22.086026 ] ] ] } },
{ "type": "Feature", "properties": { "id": 77766, "insc_imob": "08.01.23.05.010", "quadra_cartorio": null, "lote_cartorio": "01", "matricula": "122456", "circunscricao": "1º CIRCUNSCRIÇÃO", "zoneamento": null, "condominio": null, "area_geom": 219.82, "cnm": "062661.2.0122456-50" }, "geometry": { "type": "Polygon", "coordinates": [ [ [ -54.507427, -22.08601 ], [ -54.507475, -22.085932 ], [ -54.50766, -22.086031 ], [ -54.507612, -22.086109 ], [ -54.507427, -22.08601 ] ] ] } },
{ "type": "Feature", "properties": { "id": 77781, "insc_imob": "08.01.23.05.020", "quadra_cartorio": null, "lote_cartorio": "02", "matricula": "122457", "circunscricao": "1º CIRCUNSCRIÇÃO", "zoneamento": null, "condominio": null, "area_geom": 219.82, "cnm": "062661.2.0122457-47" }, "geometry": { "type": "Polygon", "coordinates": [ [ [ -54.507379, -22.086089 ], [ -54.507427, -22.08601 ], [ -54.507612, -22.086109 ], [ -54.507563, -22.086188 ], [ -54.507379, -22.086089 ] ] ] } },
{ "type": "Feature", "properties": { "id": 77784, "insc_imob": "08.01.23.05.030", "quadra_cartorio": null, "lote_cartorio": "03", "matricula": "122458", "circunscricao": "1º CIRCUNSCRIÇÃO", "zoneamento": null, "condominio": null, "area_geom": 219.82, "cnm": "062661.2.0122458-44" }, "geometry": { "type": "Polygon", "coordinates": [ [ [ -54.507282, -22.086245 ], [ -54.507379, -22.086089 ], [ -54.507471, -22.086138 ], [ -54.507374, -22.086295 ], [ -54.507282, -22.086245 ] ] ] } },
{ "type": "Feature", "properties": { "id": 77785, "insc_imob": "08.01.23.05.040", "quadra_cartorio": null, "lote_cartorio": "04", "matricula": "122459", "circunscricao": "1º CIRCUNSCRIÇÃO", "zoneamento": null, "condominio": null, "area_geom": 219.82, "cnm": "062661.2.0122459-41" }, "geometry": { "type": "Polygon", "coordinates": [ [ [ -54.507374, -22.086295 ], [ -54.507471, -22.086138 ], [ -54.507563, -22.086188 ], [ -54.507467, -22.086344 ], [ -54.507374, -22.086295 ] ] ] } },
{ "type": "Feature", "properties": { "id": 77786, "insc_imob": "08.01.23.05.050", "quadra_cartorio": null, "lote_cartorio": "01", "matricula": "122460", "circunscricao": "1º CIRCUNSCRIÇÃO", "zoneamento": null, "condominio": null, "area_geom": 228.61, "cnm": "062661.2.0122460-38" }, "geometry": { "type": "Polygon", "coordinates": [ [ [ -54.507216, -22.086551 ], [ -54.507316, -22.086388 ], [ -54.507409, -22.086438 ], [ -54.507308, -22.086601 ], [ -54.507216, -22.086551 ] ] ] } },
{ "type": "Feature", "properties": { "id": 77787, "insc_imob": "08.01.23.05.060", "quadra_cartorio": null, "lote_cartorio": "02", "matricula": "122461", "circunscricao": "1º CIRCUNSCRIÇÃO", "zoneamento": null, "condominio": null, "area_geom": 228.61, "cnm": "062661.2.0122461-35" }, "geometry": { "type": "Polygon", "coordinates": [ [ [ -54.507123, -22.086502 ], [ -54.507224, -22.086339 ], [ -54.507316, -22.086388 ], [ -54.507216, -22.086551 ], [ -54.507123, -22.086502 ] ] ] } },
{ "type": "Feature", "properties": { "id": 77788, "insc_imob": "08.01.23.05.070", "quadra_cartorio": null, "lote_cartorio": "03", "matricula": "122462", "circunscricao": "1º CIRCUNSCRIÇÃO", "zoneamento": null, "condominio": null, "area_geom": 227.51, "cnm": "062661.2.0122462-32" }, "geometry": { "type": "Polygon", "coordinates": [ [ [ -54.507073, -22.086583 ], [ -54.507123, -22.086502 ], [ -54.507308, -22.086601 ], [ -54.507258, -22.086682 ], [ -54.507073, -22.086583 ] ] ] } },
{ "type": "Feature", "properties": { "id": 77789, "insc_imob": "08.01.23.05.080", "quadra_cartorio": null, "lote_cartorio": "04", "matricula": "122463", "circunscricao": "1º CIRCUNSCRIÇÃO", "zoneamento": null, "condominio": null, "area_geom": 227.51, "cnm": "062661.2.0122463-29" }, "geometry": { "type": "Polygon", "coordinates": [ [ [ -54.507023, -22.086664 ], [ -54.507073, -22.086583 ], [ -54.507258, -22.086682 ], [ -54.507208, -22.086763 ], [ -54.507023, -22.086664 ] ] ] } },
{ "type": "Feature", "properties": { "id": 77790, "insc_imob": "08.01.23.05.090", "quadra_cartorio": null, "lote_cartorio": "05", "matricula": "122464", "circunscricao": "1º CIRCUNSCRIÇÃO", "zoneamento": null, "condominio": null, "area_geom": 227.51, "cnm": "062661.2.0122464-26" }, "geometry": { "type": "Polygon", "coordinates": [ [ [ -54.506973, -22.086745 ], [ -54.507023, -22.086664 ], [ -54.507208, -22.086763 ], [ -54.507158, -22.086844 ], [ -54.506973, -22.086745 ] ] ] } },
{ "type": "Feature", "properties": { "id": 77791, "insc_imob": "08.01.23.05.100", "quadra_cartorio": null, "lote_cartorio": "06", "matricula": "122465", "circunscricao": "1º CIRCUNSCRIÇÃO", "zoneamento": null, "condominio": null, "area_geom": 227.51, "cnm": "062661.2.0122465-23" }, "geometry": { "type": "Polygon", "coordinates": [ [ [ -54.506923, -22.086825 ], [ -54.506973, -22.086745 ], [ -54.507158, -22.086844 ], [ -54.507108, -22.086925 ], [ -54.506923, -22.086825 ] ] ] } },
{ "type": "Feature", "properties": { "id": 77794, "insc_imob": "08.01.23.05.130", "quadra_cartorio": null, "lote_cartorio": "09", "matricula": "122468", "circunscricao": "1º CIRCUNSCRIÇÃO", "zoneamento": null, "condominio": null, "area_geom": 227.51, "cnm": "062661.2.0122468-14" }, "geometry": { "type": "Polygon", "coordinates": [ [ [ -54.506773, -22.087068 ], [ -54.506823, -22.086987 ], [ -54.507008, -22.087087 ], [ -54.506958, -22.087167 ], [ -54.506773, -22.087068 ] ] ] } },
{ "type": "Feature", "properties": { "id": 77795, "insc_imob": "08.01.23.05.160", "quadra_cartorio": null, "lote_cartorio": "10", "matricula": "122469", "circunscricao": "1º CIRCUNSCRIÇÃO", "zoneamento": null, "condominio": null, "area_geom": 227.51, "cnm": "062661.2.0122469-11" }, "geometry": { "type": "Polygon", "coordinates": [ [ [ -54.506723, -22.087149 ], [ -54.506773, -22.087068 ], [ -54.506958, -22.087167 ], [ -54.506908, -22.087248 ], [ -54.506723, -22.087149 ] ] ] } },
{ "type": "Feature", "properties": { "id": 77796, "insc_imob": "08.01.23.05.170", "quadra_cartorio": null, "lote_cartorio": "11", "matricula": "12470", "circunscricao": "1º CIRCUNSCRIÇÃO", "zoneamento": null, "condominio": null, "area_geom": 227.51, "cnm": "062661.2.0012470-14" }, "geometry": { "type": "Polygon", "coordinates": [ [ [ -54.506673, -22.08723 ], [ -54.506723, -22.087149 ], [ -54.506908, -22.087248 ], [ -54.506858, -22.087329 ], [ -54.506673, -22.08723 ] ] ] } },
{ "type": "Feature", "properties": { "id": 77797, "insc_imob": "08.01.23.05.180", "quadra_cartorio": null, "lote_cartorio": "12", "matricula": "122471", "circunscricao": "1º CIRCUNSCRIÇÃO", "zoneamento": null, "condominio": null, "area_geom": 227.51, "cnm": "062661.2.0122471-05" }, "geometry": { "type": "Polygon", "coordinates": [ [ [ -54.506623, -22.087311 ], [ -54.506673, -22.08723 ], [ -54.506858, -22.087329 ], [ -54.506808, -22.08741 ], [ -54.506623, -22.087311 ] ] ] } },
{ "type": "Feature", "properties": { "id": 77798, "insc_imob": "08.01.23.05.190", "quadra_cartorio": null, "lote_cartorio": "13", "matricula": "122472", "circunscricao": "1º CIRCUNSCRIÇÃO", "zoneamento": null, "condominio": null, "area_geom": 227.51, "cnm": "062661.2.0122472-02" }, "geometry": { "type": "Polygon", "coordinates": [ [ [ -54.506573, -22.087392 ], [ -54.506623, -22.087311 ], [ -54.506808, -22.08741 ], [ -54.506758, -22.087491 ], [ -54.506573, -22.087392 ] ] ] } },
{ "type": "Feature", "properties": { "id": 77799, "insc_imob": "08.01.23.05.200", "quadra_cartorio": null, "lote_cartorio": "14", "matricula": "122473", "circunscricao": "1º CIRCUNSCRIÇÃO", "zoneamento": null, "condominio": null, "area_geom": 227.51, "cnm": "062661.2.0122473-96" }, "geometry": { "type": "Polygon", "coordinates": [ [ [ -54.506523, -22.087473 ], [ -54.506573, -22.087392 ], [ -54.506758, -22.087491 ], [ -54.506708, -22.087572 ], [ -54.506523, -22.087473 ] ] ] } },
{ "type": "Feature", "properties": { "id": 77800, "insc_imob": "08.01.23.05.320", "quadra_cartorio": null, "lote_cartorio": "12", "matricula": "122485", "circunscricao": "1º CIRCUNSCRIÇÃO", "zoneamento": null, "condominio": null, "area_geom": 220.26, "cnm": "062661.2.0122485-60" }, "geometry": { "type": "Polygon", "coordinates": [ [ [ -54.506963, -22.087709 ], [ -54.507021, -22.087616 ], [ -54.507176, -22.087699 ], [ -54.507118, -22.087793 ], [ -54.506963, -22.087709 ] ] ] } },
{ "type": "Feature", "properties": { "id": 77801, "insc_imob": "08.01.23.05.310", "quadra_cartorio": null, "lote_cartorio": "11", "matricula": "122484", "circunscricao": "1º CIRCUNSCRIÇÃO", "zoneamento": null, "condominio": null, "area_geom": 220.26, "cnm": "062661.2.0122484-63" }, "geometry": { "type": "Polygon", "coordinates": [ [ [ -54.506808, -22.087626 ], [ -54.506866, -22.087533 ], [ -54.507021, -22.087616 ], [ -54.506963, -22.087709 ], [ -54.506808, -22.087626 ] ] ] } },
{ "type": "Feature", "properties": { "id": 77802, "insc_imob": "08.01.23.05.300", "quadra_cartorio": null, "lote_cartorio": "10", "matricula": "122483", "circunscricao": "1º CIRCUNSCRIÇÃO", "zoneamento": null, "condominio": null, "area_geom": 220.29, "cnm": "062661.2.0122483-66" }, "geometry": { "type": "Polygon", "coordinates": [ [ [ -54.506866, -22.087533 ], [ -54.506924, -22.087439 ], [ -54.507079, -22.087523 ], [ -54.507021, -22.087616 ], [ -54.506866, -22.087533 ] ] ] } },
{ "type": "Feature", "properties": { "id": 77803, "insc_imob": "08.01.23.05.330", "quadra_cartorio": null, "lote_cartorio": "13", "matricula": "122486", "circunscricao": "1º CIRCUNSCRIÇÃO", "zoneamento": null, "condominio": null, "area_geom": 220.29, "cnm": "062661.2.0122486-57" }, "geometry": { "type": "Polygon", "coordinates": [ [ [ -54.507021, -22.087616 ], [ -54.507079, -22.087523 ], [ -54.507234, -22.087606 ], [ -54.507176, -22.087699 ], [ -54.507021, -22.087616 ] ] ] } },
{ "type": "Feature", "properties": { "id": 77804, "insc_imob": "08.01.23.05.340", "quadra_cartorio": null, "lote_cartorio": "14", "matricula": "122487", "circunscricao": "1º CIRCUNSCRIÇÃO", "zoneamento": null, "condominio": null, "area_geom": 220.29, "cnm": "062661.2.0122487-54" }, "geometry": { "type": "Polygon", "coordinates": [ [ [ -54.507079, -22.087523 ], [ -54.507137, -22.087429 ], [ -54.507291, -22.087512 ], [ -54.507234, -22.087606 ], [ -54.507079, -22.087523 ] ] ] } },
{ "type": "Feature", "properties": { "id": 77805, "insc_imob": "08.01.23.05.290", "quadra_cartorio": null, "lote_cartorio": "09", "matricula": "122482", "circunscricao": "1º CIRCUNSCRIÇÃO", "zoneamento": null, "condominio": null, "area_geom": 220.29, "cnm": "062661.2.0122482-69" }, "geometry": { "type": "Polygon", "coordinates": [ [ [ -54.506924, -22.087439 ], [ -54.506982, -22.087346 ], [ -54.507137, -22.087429 ], [ -54.507079, -22.087523 ], [ -54.506924, -22.087439 ] ] ] } },
{ "type": "Feature", "properties": { "id": 77806, "insc_imob": "08.01.23.05.280", "quadra_cartorio": null, "lote_cartorio": "08", "matricula": "122481", "circunscricao": "1º CIRCUNSCRIÇÃO", "zoneamento": null, "condominio": null, "area_geom": 220.29, "cnm": "062661.2.0122481-72" }, "geometry": { "type": "Polygon", "coordinates": [ [ [ -54.506982, -22.087346 ], [ -54.507039, -22.087252 ], [ -54.507194, -22.087336 ], [ -54.507137, -22.087429 ], [ -54.506982, -22.087346 ] ] ] } },
{ "type": "Feature", "properties": { "id": 77807, "insc_imob": "08.01.23.05.350", "quadra_cartorio": null, "lote_cartorio": "15", "matricula": "122488", "circunscricao": "1º CIRCUNSCRIÇÃO", "zoneamento": null, "condominio": null, "area_geom": 220.29, "cnm": "062661.2.0122488-51" }, "geometry": { "type": "Polygon", "coordinates": [ [ [ -54.507137, -22.087429 ], [ -54.507194, -22.087336 ], [ -54.507349, -22.087419 ], [ -54.507291, -22.087512 ], [ -54.507137, -22.087429 ] ] ] } },
{ "type": "Feature", "properties": { "id": 77808, "insc_imob": "08.01.23.05.360", "quadra_cartorio": null, "lote_cartorio": "16", "matricula": "122489", "circunscricao": "1º CIRCUNSCRIÇÃO", "zoneamento": null, "condominio": null, "area_geom": 220.29, "cnm": "062661.2.0122489-48" }, "geometry": { "type": "Polygon", "coordinates": [ [ [ -54.507194, -22.087336 ], [ -54.507252, -22.087242 ], [ -54.507407, -22.087325 ], [ -54.507349, -22.087419 ], [ -54.507194, -22.087336 ] ] ] } },
{ "type": "Feature", "properties": { "id": 77809, "insc_imob": "08.01.23.05.270", "quadra_cartorio": null, "lote_cartorio": "07", "matricula": "122480", "circunscricao": "1º CIRCUNSCRIÇÃO", "zoneamento": null, "condominio": null, "area_geom": 220.29, "cnm": "062661.2.0122480-75" }, "geometry": { "type": "Polygon", "coordinates": [ [ [ -54.507039, -22.087252 ], [ -54.507097, -22.087159 ], [ -54.507252, -22.087242 ], [ -54.507194, -22.087336 ], [ -54.507039, -22.087252 ] ] ] } },
{ "type": "Feature", "properties": { "id": 77810, "insc_imob": "08.01.23.05.260", "quadra_cartorio": null, "lote_cartorio": "06", "matricula": "122479", "circunscricao": "1º CIRCUNSCRIÇÃO", "zoneamento": null, "condominio": null, "area_geom": 220.29, "cnm": "062661.2.0122479-78" }, "geometry": { "type": "Polygon", "coordinates": [ [ [ -54.507097, -22.087159 ], [ -54.507155, -22.087065 ], [ -54.50731, -22.087149 ], [ -54.507252, -22.087242 ], [ -54.507097, -22.087159 ] ] ] } },
{ "type": "Feature", "properties": { "id": 77811, "insc_imob": "08.01.23.05.250", "quadra_cartorio": null, "lote_cartorio": "05", "matricula": "122478", "circunscricao": "1º CIRCUNSCRIÇÃO", "zoneamento": null, "condominio": null, "area_geom": 220.29, "cnm": "062661.2.0122478-81" }, "geometry": { "type": "Polygon", "coordinates": [ [ [ -54.507155, -22.087065 ], [ -54.507213, -22.086972 ], [ -54.507368, -22.087055 ], [ -54.50731, -22.087149 ], [ -54.507155, -22.087065 ] ] ] } },
{ "type": "Feature", "properties": { "id": 77812, "insc_imob": "08.01.23.05.370", "quadra_cartorio": null, "lote_cartorio": "17", "matricula": "122490", "circunscricao": "1º CIRCUNSCRIÇÃO", "zoneamento": null, "condominio": null, "area_geom": 220.29, "cnm": "062661.2.0122490-45" }, "geometry": { "type": "Polygon", "coordinates": [ [ [ -54.507252, -22.087242 ], [ -54.50731, -22.087149 ], [ -54.507465, -22.087232 ], [ -54.507407, -22.087325 ], [ -54.507252, -22.087242 ] ] ] } },
{ "type": "Feature", "properties": { "id": 77813, "insc_imob": "08.01.23.05.380", "quadra_cartorio": null, "lote_cartorio": "18", "matricula": "122491", "circunscricao": "1º CIRCUNSCRIÇÃO", "zoneamento": null, "condominio": null, "area_geom": 220.29, "cnm": "062661.2.0122491-42" }, "geometry": { "type": "Polygon", "coordinates": [ [ [ -54.50731, -22.087149 ], [ -54.507368, -22.087055 ], [ -54.507522, -22.087138 ], [ -54.507465, -22.087232 ], [ -54.507441, -22.087219 ], [ -54.507331, -22.08716 ], [ -54.50731, -22.087149 ] ] ] } },
{ "type": "Feature", "properties": { "id": 77815, "insc_imob": "08.01.23.05.390", "quadra_cartorio": null, "lote_cartorio": "19", "matricula": "122492", "circunscricao": "1º CIRCUNSCRIÇÃO", "zoneamento": null, "condominio": null, "area_geom": 220.29, "cnm": "062661.2.0122492-39" }, "geometry": { "type": "Polygon", "coordinates": [ [ [ -54.507368, -22.087055 ], [ -54.507425, -22.086962 ], [ -54.50758, -22.087045 ], [ -54.507522, -22.087138 ], [ -54.507368, -22.087055 ] ] ] } },
{ "type": "Feature", "properties": { "id": 77816, "insc_imob": "08.01.23.05.240", "quadra_cartorio": null, "lote_cartorio": "04", "matricula": "122477", "circunscricao": "1º CIRCUNSCRIÇÃO", "zoneamento": null, "condominio": null, "area_geom": 220.29, "cnm": "062661.2.0122477-84" }, "geometry": { "type": "Polygon", "coordinates": [ [ [ -54.507213, -22.086972 ], [ -54.50727, -22.086879 ], [ -54.507425, -22.086962 ], [ -54.507368, -22.087055 ], [ -54.507213, -22.086972 ] ] ] } },
{ "type": "Feature", "properties": { "id": 77817, "insc_imob": "08.01.23.05.230", "quadra_cartorio": null, "lote_cartorio": "03", "matricula": "122476", "circunscricao": "1º CIRCUNSCRIÇÃO", "zoneamento": null, "condominio": null, "area_geom": 220.29, "cnm": "062661.2.0122476-87" }, "geometry": { "type": "Polygon", "coordinates": [ [ [ -54.50727, -22.086879 ], [ -54.507328, -22.086785 ], [ -54.507483, -22.086868 ], [ -54.507425, -22.086962 ], [ -54.50727, -22.086879 ] ] ] } },
{ "type": "Feature", "properties": { "id": 77818, "insc_imob": "08.01.23.05.400", "quadra_cartorio": null, "lote_cartorio": "20", "matricula": "122493", "circunscricao": "1º CIRCUNSCRIÇÃO", "zoneamento": null, "condominio": null, "area_geom": 220.29, "cnm": "062661.2.0122493-36" }, "geometry": { "type": "Polygon", "coordinates": [ [ [ -54.507425, -22.086962 ], [ -54.507483, -22.086868 ], [ -54.507638, -22.086951 ], [ -54.50758, -22.087045 ], [ -54.507425, -22.086962 ] ] ] } },
{ "type": "Feature", "properties": { "id": 77819, "insc_imob": "08.01.23.05.220", "quadra_cartorio": null, "lote_cartorio": "02", "matricula": "122475", "circunscricao": "1º CIRCUNSCRIÇÃO", "zoneamento": null, "condominio": null, "area_geom": 219.37, "cnm": "062661.2.0122475-90" }, "geometry": { "type": "Polygon", "coordinates": [ [ [ -54.507328, -22.086785 ], [ -54.507386, -22.086692 ], [ -54.507541, -22.086775 ], [ -54.507483, -22.086868 ], [ -54.507328, -22.086785 ] ] ] } },
{ "type": "Feature", "properties": { "id": 77820, "insc_imob": "08.01.23.05.410", "quadra_cartorio": null, "lote_cartorio": "21", "matricula": "122494", "circunscricao": "1º CIRCUNSCRIÇÃO", "zoneamento": null, "condominio": null, "area_geom": 219.37, "cnm": "062661.2.0122494-33" }, "geometry": { "type": "Polygon", "coordinates": [ [ [ -54.507483, -22.086868 ], [ -54.507541, -22.086775 ], [ -54.507695, -22.086858 ], [ -54.507638, -22.086951 ], [ -54.507483, -22.086868 ] ] ] } },
{ "type": "Feature", "properties": { "id": 77821, "insc_imob": "08.01.23.05.210", "quadra_cartorio": null, "lote_cartorio": "01", "matricula": "122474", "circunscricao": "1º CIRCUNSCRIÇÃO", "zoneamento": null, "condominio": null, "area_geom": 942.08, "cnm": "062661.2.0122474-93" }, "geometry": { "type": "Polygon", "coordinates": [ [ [ -54.507386, -22.086692 ], [ -54.507509, -22.086492 ], [ -54.507819, -22.086658 ], [ -54.507695, -22.086858 ], [ -54.507386, -22.086692 ] ] ] } },
{ "type": "Feature", "properties": { "id": 77822, "insc_imob": "08.01.23.05.150", "quadra_cartorio": "00", "lote_cartorio": "AREA B", "matricula": "98377", "circunscricao": "1º CIRCUNSCRIÇÃO", "zoneamento": null, "condominio": null, "area_geom": 3992.1, "cnm": "062661.2.0098377-22" }, "geometry": { "type": "Polygon", "coordinates": [ [ [ -54.50786, -22.085924 ], [ -54.508276, -22.086137 ], [ -54.507218, -22.087846 ], [ -54.507165, -22.087818 ], [ -54.507924, -22.08659 ], [ -54.507567, -22.086398 ], [ -54.50786, -22.085924 ] ] ] } },
{ "type": "Feature", "properties": { "id": 85432, "insc_imob": "08.01.23.02.030", "quadra_cartorio": "02", "lote_cartorio": "05", "matricula": "43737", "circunscricao": "1º CIRCUNSCRIÇÃO", "zoneamento": null, "condominio": null, "area_geom": 369.81, "cnm": "062661.2.0043737-12" }, "geometry": { "type": "Polygon", "coordinates": [ [ [ -54.505252, -22.084896 ], [ -54.505424, -22.084676 ], [ -54.505527, -22.084732 ], [ -54.505356, -22.084952 ], [ -54.505252, -22.084896 ] ] ] } },
{ "type": "Feature", "properties": { "id": 94933, "insc_imob": "08.01.23.14.070", "quadra_cartorio": "11", "lote_cartorio": "01", "matricula": "43738", "circunscricao": "1º CIRCUNSCRIÇÃO", "zoneamento": null, "condominio": null, "area_geom": 373.1, "cnm": "062661.2.0043738-09" }, "geometry": { "type": "Polygon", "coordinates": [ [ [ -54.505807, -22.086548 ], [ -54.505984, -22.086324 ], [ -54.50608, -22.086376 ], [ -54.505916, -22.086606 ], [ -54.505807, -22.086548 ] ] ] } },
{ "type": "Feature", "properties": { "id": 97281, "insc_imob": "08.01.13.12.036", "quadra_cartorio": "01", "lote_cartorio": "02", "matricula": "48481", "circunscricao": "1º CIRCUNSCRIÇÃO", "zoneamento": null, "condominio": null, "area_geom": 539.55, "cnm": "062661.2.0048481-39" }, "geometry": { "type": "Polygon", "coordinates": [ [ [ -54.505898, -22.082149 ], [ -54.505986, -22.082008 ], [ -54.506237, -22.082143 ], [ -54.50615, -22.082284 ], [ -54.505898, -22.082149 ] ] ] } },
{ "type": "Feature", "properties": { "id": 98106, "insc_imob": "08.01.13.12.228", "quadra_cartorio": "01", "lote_cartorio": "13", "matricula": "48734", "circunscricao": "1º CIRCUNSCRIÇÃO", "zoneamento": null, "condominio": null, "area_geom": 359.63, "cnm": "062661.2.0048734-56" }, "geometry": { "type": "Polygon", "coordinates": [ [ [ -54.506003, -22.082956 ], [ -54.506061, -22.082862 ], [ -54.506313, -22.082997 ], [ -54.506255, -22.083091 ], [ -54.506003, -22.082956 ] ] ] } },
{ "type": "Feature", "properties": { "id": 98107, "insc_imob": "08.01.13.12.240", "quadra_cartorio": "01", "lote_cartorio": "14", "matricula": "48735", "circunscricao": "1º CIRCUNSCRIÇÃO", "zoneamento": null, "condominio": null, "area_geom": 359.7, "cnm": "062661.2.0048735-53" }, "geometry": { "type": "Polygon", "coordinates": [ [ [ -54.506061, -22.082862 ], [ -54.506119, -22.082768 ], [ -54.506371, -22.082903 ], [ -54.506313, -22.082997 ], [ -54.506061, -22.082862 ] ] ] } },
{ "type": "Feature", "properties": { "id": 98108, "insc_imob": "08.01.13.12.252", "quadra_cartorio": "01", "lote_cartorio": "15", "matricula": "48736", "circunscricao": "1º CIRCUNSCRIÇÃO", "zoneamento": null, "condominio": null, "area_geom": 359.72, "cnm": "062661.2.0048736-50" }, "geometry": { "type": "Polygon", "coordinates": [ [ [ -54.506119, -22.082768 ], [ -54.506177, -22.082674 ], [ -54.506429, -22.082809 ], [ -54.506371, -22.082903 ], [ -54.506119, -22.082768 ] ] ] } },
{ "type": "Feature", "properties": { "id": 98109, "insc_imob": "08.01.13.12.276", "quadra_cartorio": "01", "lote_cartorio": "17", "matricula": "TR-28116", "circunscricao": "1º CIRCUNSCRIÇÃO", "zoneamento": null, "condominio": null, "area_geom": 359.69, "cnm": null }, "geometry": { "type": "Polygon", "coordinates": [ [ [ -54.506236, -22.08258 ], [ -54.506294, -22.082486 ], [ -54.506545, -22.082621 ], [ -54.506487, -22.082715 ], [ -54.506236, -22.08258 ] ] ] } },
{ "type": "Feature", "properties": { "id": 98125, "insc_imob": "08.01.23.03.386", "quadra_cartorio": "01", "lote_cartorio": "01", "matricula": "36467", "circunscricao": "1º CIRCUNSCRIÇÃO", "zoneamento": null, "condominio": null, "area_geom": 361.57, "cnm": "062661.2.0036467-94" }, "geometry": { "type": "Polygon", "coordinates": [ [ [ -54.506328, -22.085499 ], [ -54.506488, -22.085269 ], [ -54.506586, -22.085327 ], [ -54.506428, -22.085554 ], [ -54.506328, -22.085499 ] ] ] } },
{ "type": "Feature", "properties": { "id": 98143, "insc_imob": "08.01.23.22.042", "quadra_cartorio": "06", "lote_cartorio": "26", "matricula": "46032", "circunscricao": "1º CIRCUNSCRIÇÃO", "zoneamento": null, "condominio": null, "area_geom": 361.71, "cnm": "062661.2.0046032-14" }, "geometry": { "type": "Polygon", "coordinates": [ [ [ -54.503187, -22.087606 ], [ -54.503256, -22.087518 ], [ -54.503359, -22.087574 ], [ -54.50346, -22.087628 ], [ -54.503509, -22.087654 ], [ -54.50344, -22.087742 ], [ -54.503187, -22.087606 ] ] ] } },
{ "type": "Feature", "properties": { "id": 98144, "insc_imob": "08.01.23.22.066", "quadra_cartorio": "06", "lote_cartorio": "24", "matricula": "22377", "circunscricao": "1º CIRCUNSCRIÇÃO", "zoneamento": null, "condominio": null, "area_geom": 361.72, "cnm": "062661.2.0022377-72" }, "geometry": { "type": "Polygon", "coordinates": [ [ [ -54.503049, -22.087783 ], [ -54.503118, -22.087695 ], [ -54.503371, -22.087831 ], [ -54.503303, -22.087919 ], [ -54.503049, -22.087783 ] ] ] } },
{ "type": "Feature", "properties": { "id": 98146, "insc_imob": "08.01.23.22.181", "quadra_cartorio": "06", "lote_cartorio": "17", "matricula": "36582", "circunscricao": "1º CIRCUNSCRIÇÃO", "zoneamento": null, "condominio": null, "area_geom": 359.62, "cnm": "062661.2.0036582-40" }, "geometry": { "type": "Polygon", "coordinates": [ [ [ -54.502637, -22.088499 ], [ -54.502809, -22.088279 ], [ -54.50291, -22.088333 ], [ -54.502738, -22.088553 ], [ -54.502637, -22.088499 ] ] ] } },
{ "type": "Feature", "properties": { "id": 98148, "insc_imob": "08.01.23.22.259", "quadra_cartorio": "06", "lote_cartorio": "13", "matricula": "54702", "circunscricao": "1º CIRCUNSCRIÇÃO", "zoneamento": null, "condominio": null, "area_geom": 361.73, "cnm": "062661.2.0054702-97" }, "geometry": { "type": "Polygon", "coordinates": [ [ [ -54.502959, -22.088359 ], [ -54.503028, -22.088271 ], [ -54.503281, -22.088407 ], [ -54.503212, -22.088495 ], [ -54.503111, -22.088441 ], [ -54.503011, -22.088387 ], [ -54.502959, -22.088359 ] ] ] } },
{ "type": "Feature", "properties": { "id": 98739, "insc_imob": "08.01.13.12.048", "quadra_cartorio": "01", "lote_cartorio": "03", "matricula": "48617", "circunscricao": "1º CIRCUNSCRIÇÃO", "zoneamento": null, "condominio": null, "area_geom": 647.45, "cnm": "062661.2.0048617-19" }, "geometry": { "type": "Polygon", "coordinates": [ [ [ -54.50584, -22.082243 ], [ -54.505898, -22.082149 ], [ -54.50615, -22.082284 ], [ -54.506251, -22.082338 ], [ -54.506352, -22.082392 ], [ -54.506294, -22.082486 ], [ -54.50584, -22.082243 ] ] ] } },
{ "type": "Feature", "properties": { "id": 98747, "insc_imob": "08.01.23.12.091", "quadra_cartorio": "04", "lote_cartorio": "22", "matricula": "25727", "circunscricao": "1º CIRCUNSCRIÇÃO", "zoneamento": null, "condominio": null, "area_geom": 361.34, "cnm": "062661.2.0025727-13" }, "geometry": { "type": "Polygon", "coordinates": [ [ [ -54.50391, -22.086646 ], [ -54.503977, -22.086557 ], [ -54.504169, -22.086661 ], [ -54.504229, -22.086692 ], [ -54.504164, -22.086783 ], [ -54.50391, -22.086646 ] ] ] } },
{ "type": "Feature", "properties": { "id": 98748, "insc_imob": "08.01.23.23.259", "quadra_cartorio": "05", "lote_cartorio": "13", "matricula": "2352", "circunscricao": "1º CIRCUNSCRIÇÃO", "zoneamento": null, "condominio": null, "area_geom": 361.73, "cnm": "062661.2.0002352-07" }, "geometry": { "type": "Polygon", "coordinates": [ [ [ -54.503634, -22.088722 ], [ -54.503703, -22.088634 ], [ -54.503956, -22.08877 ], [ -54.503887, -22.088858 ], [ -54.503787, -22.088804 ], [ -54.503686, -22.08875 ], [ -54.503634, -22.088722 ] ] ] } },
{ "type": "Feature", "properties": { "id": 98830, "insc_imob": "08.01.23.22.344", "quadra_cartorio": "06", "lote_cartorio": "06", "matricula": "37132", "circunscricao": "1º CIRCUNSCRIÇÃO", "zoneamento": null, "condominio": null, "area_geom": 361.71, "cnm": "062661.2.0037132-39" }, "geometry": { "type": "Polygon", "coordinates": [ [ [ -54.50344, -22.087742 ], [ -54.503509, -22.087654 ], [ -54.503561, -22.087682 ], [ -54.503661, -22.087736 ], [ -54.503762, -22.08779 ], [ -54.503693, -22.087878 ], [ -54.50344, -22.087742 ] ] ] } },
{ "type": "Feature", "properties": { "id": 98893, "insc_imob": "08.01.23.12.386", "quadra_cartorio": "4", "lote_cartorio": "02", "matricula": "35881/358*", "circunscricao": "1º CIRCUNSCRIÇÃO", "zoneamento": null, "condominio": null, "area_geom": 361.69, "cnm": "062661.2.3588135-55" }, "geometry": { "type": "Polygon", "coordinates": [ [ [ -54.504657, -22.086267 ], [ -54.504744, -22.086156 ], [ -54.504945, -22.086264 ], [ -54.504859, -22.086375 ], [ -54.504657, -22.086267 ] ] ] } },
{ "type": "Feature", "properties": { "id": 98974, "insc_imob": "08.01.23.11.075", "quadra_cartorio": "10", "lote_cartorio": "03", "matricula": "57862", "circunscricao": "1º CIRCUNSCRIÇÃO", "zoneamento": null, "condominio": null, "area_geom": 1002.19, "cnm": "062661.2.0057862-26" }, "geometry": { "type": "Polygon", "coordinates": [ [ [ -54.504006, -22.08626 ], [ -54.503748, -22.086597 ], [ -54.503578, -22.086511 ], [ -54.503794, -22.086161 ], [ -54.504006, -22.08626 ] ] ] } },
{ "type": "Feature", "properties": { "id": 100342, "insc_imob": "08.01.23.02.054", "quadra_cartorio": "02", "lote_cartorio": "25", "matricula": "40690", "circunscricao": "1º CIRCUNSCRIÇÃO", "zoneamento": null, "condominio": null, "area_geom": 361.71, "cnm": "062661.2.0040690-35" }, "geometry": { "type": "Polygon", "coordinates": [ [ [ -54.505115, -22.085073 ], [ -54.505183, -22.084984 ], [ -54.505436, -22.08512 ], [ -54.505368, -22.085209 ], [ -54.505115, -22.085073 ] ] ] } },
{ "type": "Feature", "properties": { "id": 100371, "insc_imob": "08.01.23.01.398", "quadra_cartorio": "07", "lote_cartorio": "04", "matricula": "1050", "circunscricao": "1º CIRCUNSCRIÇÃO", "zoneamento": null, "condominio": null, "area_geom": 373.81, "cnm": "062661.2.0001050-33" }, "geometry": { "type": "Polygon", "coordinates": [ [ [ -54.504739, -22.084873 ], [ -54.504698, -22.084851 ], [ -54.504763, -22.084761 ], [ -54.505027, -22.084903 ], [ -54.504958, -22.084991 ], [ -54.504739, -22.084873 ] ] ] } },
{ "type": "Feature", "properties": { "id": 100423, "insc_imob": "08.01.23.01.473", "quadra_cartorio": "07", "lote_cartorio": "02", "matricula": "47808", "circunscricao": "1º CIRCUNSCRIÇÃO", "zoneamento": null, "condominio": null, "area_geom": 485.7, "cnm": "062661.2.0047808-21" }, "geometry": { "type": "Polygon", "coordinates": [ [ [ -54.504828, -22.084671 ], [ -54.50499, -22.084446 ], [ -54.505129, -22.08452 ], [ -54.504962, -22.084743 ], [ -54.504828, -22.084671 ] ] ] } },
{ "type": "Feature", "properties": { "id": 100424, "insc_imob": "08.01.23.34.133", "quadra_cartorio": "08", "lote_cartorio": "10", "matricula": "41427", "circunscricao": "1º CIRCUNSCRIÇÃO", "zoneamento": null, "condominio": null, "area_geom": 359.68, "cnm": "062661.2.0041427-55" }, "geometry": { "type": "Polygon", "coordinates": [ [ [ -54.502723, -22.089063 ], [ -54.502865, -22.088828 ], [ -54.502967, -22.088881 ], [ -54.502824, -22.089117 ], [ -54.502723, -22.089063 ] ] ] } },
{ "type": "Feature", "properties": { "id": 100513, "insc_imob": "08.01.23.12.320", "quadra_cartorio": "04", "lote_cartorio": "08", "matricula": "5807", "circunscricao": "1º CIRCUNSCRIÇÃO", "zoneamento": null, "condominio": null, "area_geom": 393.59, "cnm": "062661.2.0005807-21" }, "geometry": { "type": "Polygon", "coordinates": [ [ [ -54.504293, -22.086602 ], [ -54.504358, -22.086512 ], [ -54.504636, -22.086661 ], [ -54.504567, -22.086749 ], [ -54.504293, -22.086602 ] ] ] } },
{ "type": "Feature", "properties": { "id": 100637, "insc_imob": "08.01.23.13.272", "quadra_cartorio": "03", "lote_cartorio": "12", "matricula": "42103", "circunscricao": "1º CIRCUNSCRIÇÃO", "zoneamento": null, "condominio": null, "area_geom": 361.7, "cnm": "062661.2.0042103-64" }, "geometry": { "type": "Polygon", "coordinates": [ [ [ -54.504707, -22.08733 ], [ -54.504774, -22.087241 ], [ -54.505029, -22.087374 ], [ -54.504962, -22.087463 ], [ -54.504707, -22.08733 ] ] ] } },
{ "type": "Feature", "properties": { "id": 100654, "insc_imob": "08.01.23.12.308", "quadra_cartorio": "04", "lote_cartorio": "09", "matricula": "28219", "circunscricao": "1º CIRCUNSCRIÇÃO", "zoneamento": null, "condominio": null, "area_geom": 387.79, "cnm": "062661.2.0028219-06" }, "geometry": { "type": "Polygon", "coordinates": [ [ [ -54.504229, -22.086692 ], [ -54.504293, -22.086602 ], [ -54.504567, -22.086749 ], [ -54.504498, -22.086837 ], [ -54.504229, -22.086692 ] ] ] } },
{ "type": "Feature", "properties": { "id": 100741, "insc_imob": "08.01.23.01.362", "quadra_cartorio": "07", "lote_cartorio": "07", "matricula": "45227", "circunscricao": "1º CIRCUNSCRIÇÃO", "zoneamento": null, "condominio": null, "area_geom": 357.42, "cnm": "062661.2.0045227-04" }, "geometry": { "type": "Polygon", "coordinates": [ [ [ -54.504504, -22.085122 ], [ -54.504568, -22.085032 ], [ -54.504821, -22.085167 ], [ -54.504752, -22.085255 ], [ -54.504504, -22.085122 ] ] ] } },
{ "type": "Feature", "properties": { "id": 101277, "insc_imob": "08.01.23.34.205", "quadra_cartorio": "08", "lote_cartorio": "04", "matricula": "31653", "circunscricao": "1º CIRCUNSCRIÇÃO", "zoneamento": null, "condominio": null, "area_geom": 359.68, "cnm": "062661.2.0031653-83" }, "geometry": { "type": "Polygon", "coordinates": [ [ [ -54.50333, -22.089383 ], [ -54.503473, -22.089147 ], [ -54.503574, -22.0892 ], [ -54.503431, -22.089436 ], [ -54.50333, -22.089383 ] ] ] } },
{ "type": "Feature", "properties": { "id": 101487, "insc_imob": "08.01.13.13.078", "quadra_cartorio": "02", "lote_cartorio": "06", "matricula": "47905", "circunscricao": "1º CIRCUNSCRIÇÃO", "zoneamento": null, "condominio": null, "area_geom": 359.7, "cnm": "062661.2.0047905-21" }, "geometry": { "type": "Polygon", "coordinates": [ [ [ -54.506561, -22.082952 ], [ -54.506619, -22.082859 ], [ -54.506827, -22.08297 ], [ -54.506871, -22.082994 ], [ -54.506861, -22.083009 ], [ -54.506813, -22.083088 ], [ -54.506561, -22.082952 ] ] ] } },
{ "type": "Feature", "properties": { "id": 101488, "insc_imob": "08.01.23.12.410", "quadra_cartorio": "04", "lote_cartorio": "03", "matricula": "12170", "circunscricao": "1º CIRCUNSCRIÇÃO", "zoneamento": null, "condominio": null, "area_geom": 395.52, "cnm": "062661.2.0012170-41" }, "geometry": { "type": "Polygon", "coordinates": [ [ [ -54.504454, -22.086344 ], [ -54.504643, -22.086102 ], [ -54.504744, -22.086156 ], [ -54.504657, -22.086267 ], [ -54.504555, -22.086398 ], [ -54.504471, -22.086354 ], [ -54.504454, -22.086344 ] ] ] } },
{ "type": "Feature", "properties": { "id": 102298, "insc_imob": "08.01.23.13.344", "quadra_cartorio": "03", "lote_cartorio": "06", "matricula": "27931", "circunscricao": "1º CIRCUNSCRIÇÃO", "zoneamento": null, "condominio": null, "area_geom": 361.71, "cnm": "062661.2.0027931-94" }, "geometry": { "type": "Polygon", "coordinates": [ [ [ -54.505112, -22.086796 ], [ -54.50518, -22.086708 ], [ -54.505232, -22.086735 ], [ -54.505334, -22.086788 ], [ -54.505435, -22.086841 ], [ -54.505367, -22.08693 ], [ -54.505112, -22.086796 ] ] ] } },
{ "type": "Feature", "properties": { "id": 102363, "insc_imob": "08.01.23.12.066", "quadra_cartorio": "04", "lote_cartorio": "24", "matricula": "25729", "circunscricao": "1º CIRCUNSCRIÇÃO", "zoneamento": null, "condominio": null, "area_geom": 356.4, "cnm": "062661.2.0025729-07" }, "geometry": { "type": "Polygon", "coordinates": [ [ [ -54.504043, -22.086468 ], [ -54.50411, -22.086378 ], [ -54.504358, -22.086512 ], [ -54.504293, -22.086602 ], [ -54.504043, -22.086468 ] ] ] } },
{ "type": "Feature", "properties": { "id": 102364, "insc_imob": "08.01.23.23.398", "quadra_cartorio": "05", "lote_cartorio": "02", "matricula": "27873", "circunscricao": "1º CIRCUNSCRIÇÃO", "zoneamento": null, "condominio": null, "area_geom": 359.68, "cnm": "062661.2.0027873-74" }, "geometry": { "type": "Polygon", "coordinates": [ [ [ -54.504236, -22.088045 ], [ -54.504408, -22.087825 ], [ -54.504508, -22.087879 ], [ -54.504336, -22.088099 ], [ -54.504236, -22.088045 ] ] ] } },
{ "type": "Feature", "properties": { "id": 102479, "insc_imob": "08.01.23.22.103", "quadra_cartorio": "06", "lote_cartorio": "21", "matricula": "35711", "circunscricao": "1º CIRCUNSCRIÇÃO", "zoneamento": null, "condominio": null, "area_geom": 361.72, "cnm": "062661.2.0035711-34" }, "geometry": { "type": "Polygon", "coordinates": [ [ [ -54.502843, -22.088047 ], [ -54.502912, -22.087959 ], [ -54.503165, -22.088095 ], [ -54.503096, -22.088183 ], [ -54.502843, -22.088047 ] ] ] } },
{ "type": "Feature", "properties": { "id": 102529, "insc_imob": "08.01.23.23.091", "quadra_cartorio": "05", "lote_cartorio": "22", "matricula": "25586", "circunscricao": "1º CIRCUNSCRIÇÃO", "zoneamento": null, "condominio": null, "area_geom": 361.72, "cnm": "062661.2.0025586-48" }, "geometry": { "type": "Polygon", "coordinates": [ [ [ -54.503587, -22.088322 ], [ -54.503656, -22.088233 ], [ -54.503834, -22.088329 ], [ -54.503909, -22.088369 ], [ -54.503858, -22.088435 ], [ -54.50384, -22.088457 ], [ -54.503587, -22.088322 ] ] ] } },
{ "type": "Feature", "properties": { "id": 102641, "insc_imob": "08.01.23.12.030", "quadra_cartorio": "04", "lote_cartorio": "05", "matricula": "31795", "circunscricao": "1º CIRCUNSCRIÇÃO", "zoneamento": null, "condominio": null, "area_geom": 523.42, "cnm": "062661.2.0031795-45" }, "geometry": { "type": "Polygon", "coordinates": [ [ [ -54.504226, -22.086222 ], [ -54.504416, -22.085966 ], [ -54.504542, -22.086048 ], [ -54.504353, -22.08629 ], [ -54.504226, -22.086222 ] ] ] } },
{ "type": "Feature", "properties": { "id": 102642, "insc_imob": "08.01.23.12.078", "quadra_cartorio": "04", "lote_cartorio": "23", "matricula": "25728", "circunscricao": "1º CIRCUNSCRIÇÃO", "zoneamento": null, "condominio": null, "area_geom": 358.87, "cnm": "062661.2.0025728-10" }, "geometry": { "type": "Polygon", "coordinates": [ [ [ -54.503977, -22.086557 ], [ -54.504043, -22.086468 ], [ -54.504293, -22.086602 ], [ -54.504229, -22.086692 ], [ -54.504169, -22.086661 ], [ -54.503977, -22.086557 ] ] ] } },
{ "type": "Feature", "properties": { "id": 102890, "insc_imob": "08.01.23.23.103", "quadra_cartorio": "05", "lote_cartorio": "21", "matricula": "41921", "circunscricao": "1º CIRCUNSCRIÇÃO", "zoneamento": null, "condominio": null, "area_geom": 361.72, "cnm": "062661.2.0041921-28" }, "geometry": { "type": "Polygon", "coordinates": [ [ [ -54.503518, -22.08841 ], [ -54.503587, -22.088322 ], [ -54.50384, -22.088457 ], [ -54.503772, -22.088546 ], [ -54.503518, -22.08841 ] ] ] } },
{ "type": "Feature", "properties": { "id": 102891, "insc_imob": "08.01.23.24.114", "quadra_cartorio": "09", "lote_cartorio": "09", "matricula": "22378", "circunscricao": "1º CIRCUNSCRIÇÃO", "zoneamento": null, "condominio": null, "area_geom": 290.99, "cnm": "062661.2.0022378-69" }, "geometry": { "type": "Polygon", "coordinates": [ [ [ -54.504083, -22.088819 ], [ -54.504153, -22.088731 ], [ -54.504355, -22.08884 ], [ -54.504288, -22.088929 ], [ -54.504083, -22.088819 ] ] ] } },
{ "type": "Feature", "properties": { "id": 103427, "insc_imob": "08.01.23.03.296", "quadra_cartorio": "1", "lote_cartorio": "10", "matricula": "35979", "circunscricao": "1º CIRCUNSCRIÇÃO", "zoneamento": null, "condominio": null, "area_geom": 361.7, "cnm": "062661.2.0035979-06" }, "geometry": { "type": "Polygon", "coordinates": [ [ [ -54.505827, -22.085852 ], [ -54.505845, -22.08583 ], [ -54.505897, -22.085765 ], [ -54.506148, -22.085903 ], [ -54.506079, -22.085991 ], [ -54.505827, -22.085852 ] ] ] } },
{ "type": "Feature", "properties": { "id": 103428, "insc_imob": "08.01.23.24.030", "quadra_cartorio": "09", "lote_cartorio": "01", "matricula": "25165", "circunscricao": "1º CIRCUNSCRIÇÃO", "zoneamento": null, "condominio": null, "area_geom": 691.55, "cnm": "062661.2.0025165-50" }, "geometry": { "type": "Polygon", "coordinates": [ [ [ -54.504568, -22.088204 ], [ -54.504744, -22.08798 ], [ -54.504832, -22.088028 ], [ -54.504932, -22.088081 ], [ -54.50476, -22.088307 ], [ -54.504664, -22.088256 ], [ -54.504568, -22.088204 ] ] ] } },
{ "type": "Feature", "properties": { "id": 104302, "insc_imob": "08.01.23.02.247", "quadra_cartorio": "2", "lote_cartorio": "14", "matricula": "31389", "circunscricao": "1º CIRCUNSCRIÇÃO", "zoneamento": null, "condominio": null, "area_geom": 359.71, "cnm": "062661.2.0031389-02" }, "geometry": { "type": "Polygon", "coordinates": [ [ [ -54.504936, -22.086039 ], [ -54.505108, -22.085819 ], [ -54.505208, -22.085873 ], [ -54.505037, -22.086093 ], [ -54.504936, -22.086039 ] ] ] } },
{ "type": "Feature", "properties": { "id": 104316, "insc_imob": "08.01.23.02.422", "quadra_cartorio": "02", "lote_cartorio": "04", "matricula": "19510", "circunscricao": "1º CIRCUNSCRIÇÃO", "zoneamento": null, "condominio": null, "area_geom": 359.7, "cnm": "062661.2.0019510-40" }, "geometry": { "type": "Polygon", "coordinates": [ [ [ -54.505356, -22.084952 ], [ -54.505527, -22.084732 ], [ -54.505628, -22.084786 ], [ -54.505456, -22.085006 ], [ -54.505356, -22.084952 ] ] ] } },
{ "type": "Feature", "properties": { "id": 104317, "insc_imob": "08.01.23.03.030", "quadra_cartorio": "01", "lote_cartorio": "05", "matricula": "3388", "circunscricao": "1º CIRCUNSCRIÇÃO", "zoneamento": null, "condominio": null, "area_geom": 478.81, "cnm": "062661.2.0003388-03" }, "geometry": { "type": "Polygon", "coordinates": [ [ [ -54.505897, -22.08526 ], [ -54.506074, -22.085026 ], [ -54.506194, -22.085096 ], [ -54.506028, -22.085333 ], [ -54.505897, -22.08526 ] ] ] } },
{ "type": "Feature", "properties": { "id": 104391, "insc_imob": "08.01.23.03.410", "quadra_cartorio": "01", "lote_cartorio": "03", "matricula": "20106", "circunscricao": "1º CIRCUNSCRIÇÃO", "zoneamento": null, "condominio": null, "area_geom": 369.35, "cnm": "062661.2.0020106-95" }, "geometry": { "type": "Polygon", "coordinates": [ [ [ -54.506128, -22.085388 ], [ -54.506292, -22.085154 ], [ -54.50639, -22.085211 ], [ -54.506228, -22.085444 ], [ -54.506177, -22.085415 ], [ -54.506128, -22.085388 ] ] ] } },
{ "type": "Feature", "properties": { "id": 104364, "insc_imob": "08.01.23.03.127", "quadra_cartorio": "01", "lote_cartorio": "19", "matricula": "21655", "circunscricao": "1º CIRCUNSCRIÇÃO", "zoneamento": null, "condominio": null, "area_geom": 373.58, "cnm": "062661.2.0021655-07" }, "geometry": { "type": "Polygon", "coordinates": [ [ [ -54.505359, -22.085971 ], [ -54.505426, -22.085882 ], [ -54.505687, -22.086026 ], [ -54.505618, -22.086114 ], [ -54.505569, -22.086087 ], [ -54.505469, -22.086032 ], [ -54.505359, -22.085971 ] ] ] } },
{ "type": "Feature", "properties": { "id": 104365, "insc_imob": "08.01.23.03.169", "quadra_cartorio": "01", "lote_cartorio": "18", "matricula": "23097", "circunscricao": "1º CIRCUNSCRIÇÃO", "zoneamento": null, "condominio": null, "area_geom": 382.14, "cnm": "062661.2.0023097-46" }, "geometry": { "type": "Polygon", "coordinates": [ [ [ -54.505191, -22.086193 ], [ -54.505359, -22.085971 ], [ -54.505469, -22.086032 ], [ -54.505294, -22.08625 ], [ -54.505191, -22.086193 ] ] ] } },
{ "type": "Feature", "properties": { "id": 104366, "insc_imob": "08.01.23.03.181", "quadra_cartorio": "01", "lote_cartorio": "17", "matricula": "43676", "circunscricao": "1º CIRCUNSCRIÇÃO", "zoneamento": null, "condominio": null, "area_geom": 359.69, "cnm": "062661.2.0043676-98" }, "geometry": { "type": "Polygon", "coordinates": [ [ [ -54.505294, -22.08625 ], [ -54.505469, -22.086032 ], [ -54.505569, -22.086087 ], [ -54.505394, -22.086305 ], [ -54.505294, -22.08625 ] ] ] } },
{ "type": "Feature", "properties": { "id": 104386, "insc_imob": "08.01.23.03.205", "quadra_cartorio": "01", "lote_cartorio": "15", "matricula": "37535", "circunscricao": "1º CIRCUNSCRIÇÃO", "zoneamento": null, "condominio": null, "area_geom": 359.68, "cnm": "062661.2.0037535-91" }, "geometry": { "type": "Polygon", "coordinates": [ [ [ -54.505494, -22.08636 ], [ -54.505669, -22.086142 ], [ -54.505769, -22.086197 ], [ -54.505594, -22.086416 ], [ -54.505494, -22.08636 ] ] ] } },
{ "type": "Feature", "properties": { "id": 104387, "insc_imob": "08.01.23.03.247", "quadra_cartorio": "01", "lote_cartorio": "14", "matricula": "36468", "circunscricao": "1º CIRCUNSCRIÇÃO", "zoneamento": null, "condominio": null, "area_geom": 359.7, "cnm": "062661.2.0036468-91" }, "geometry": { "type": "Polygon", "coordinates": [ [ [ -54.505594, -22.086416 ], [ -54.505769, -22.086197 ], [ -54.505869, -22.086253 ], [ -54.505694, -22.086471 ], [ -54.505594, -22.086416 ] ] ] } },
{ "type": "Feature", "properties": { "id": 104388, "insc_imob": "08.01.23.03.308", "quadra_cartorio": "01", "lote_cartorio": "09", "matricula": "15834", "circunscricao": "1º CIRCUNSCRIÇÃO", "zoneamento": null, "condominio": null, "area_geom": 361.71, "cnm": "062661.2.0015834-10" }, "geometry": { "type": "Polygon", "coordinates": [ [ [ -54.505897, -22.085765 ], [ -54.505967, -22.085677 ], [ -54.506218, -22.085816 ], [ -54.506148, -22.085903 ], [ -54.505897, -22.085765 ] ] ] } },
{ "type": "Feature", "properties": { "id": 104389, "insc_imob": "08.01.23.03.344", "quadra_cartorio": "01", "lote_cartorio": "06", "matricula": "46555", "circunscricao": "1º CIRCUNSCRIÇÃO", "zoneamento": null, "condominio": null, "area_geom": 361.7, "cnm": "062661.2.0046555-94" }, "geometry": { "type": "Polygon", "coordinates": [ [ [ -54.506107, -22.085503 ], [ -54.506177, -22.085415 ], [ -54.506228, -22.085444 ], [ -54.506328, -22.085499 ], [ -54.506428, -22.085554 ], [ -54.506358, -22.085641 ], [ -54.506107, -22.085503 ] ] ] } },
{ "type": "Feature", "properties": { "id": 104390, "insc_imob": "08.01.23.03.398", "quadra_cartorio": "01", "lote_cartorio": "02", "matricula": "980", "circunscricao": "1º CIRCUNSCRIÇÃO", "zoneamento": null, "condominio": null, "area_geom": 365.61, "cnm": "062661.2.0000980-49" }, "geometry": { "type": "Polygon", "coordinates": [ [ [ -54.506228, -22.085444 ], [ -54.50639, -22.085211 ], [ -54.506488, -22.085269 ], [ -54.506328, -22.085499 ], [ -54.506228, -22.085444 ] ] ] } },
{ "type": "Feature", "properties": { "id": 104402, "insc_imob": "08.01.23.03.422", "quadra_cartorio": "01", "lote_cartorio": "04", "matricula": "20107", "circunscricao": "1º CIRCUNSCRIÇÃO", "zoneamento": null, "condominio": null, "area_geom": 373.08, "cnm": "062661.2.0020107-92" }, "geometry": { "type": "Polygon", "coordinates": [ [ [ -54.506028, -22.085333 ], [ -54.506194, -22.085096 ], [ -54.506292, -22.085154 ], [ -54.506128, -22.085388 ], [ -54.506028, -22.085333 ] ] ] } },
{ "type": "Feature", "properties": { "id": 104805, "insc_imob": "08.01.23.13.308", "quadra_cartorio": "03", "lote_cartorio": "09", "matricula": "37131", "circunscricao": "1º CIRCUNSCRIÇÃO", "zoneamento": null, "condominio": null, "area_geom": 361.73, "cnm": "062661.2.0037131-42" }, "geometry": { "type": "Polygon", "coordinates": [ [ [ -54.50491, -22.087063 ], [ -54.50496, -22.086997 ], [ -54.504977, -22.086974 ], [ -54.505232, -22.087107 ], [ -54.505164, -22.087196 ], [ -54.50491, -22.087063 ] ] ] } },
{ "type": "Feature", "properties": { "id": 104915, "insc_imob": "08.01.13.12.162", "quadra_cartorio": "01", "lote_cartorio": "10", "matricula": "48458", "circunscricao": "1º CIRCUNSCRIÇÃO", "zoneamento": null, "condominio": null, "area_geom": 431.63, "cnm": "062661.2.0048458-11" }, "geometry": { "type": "Polygon", "coordinates": [ [ [ -54.50586, -22.082753 ], [ -54.505918, -22.08266 ], [ -54.506019, -22.082714 ], [ -54.505845, -22.082995 ], [ -54.505744, -22.082941 ], [ -54.505802, -22.082847 ], [ -54.50586, -22.082753 ] ] ] } },
{ "type": "Feature", "properties": { "id": 105098, "insc_imob": "08.01.23.12.181", "quadra_cartorio": "04", "lote_cartorio": "17", "matricula": "18441", "circunscricao": "1º CIRCUNSCRIÇÃO", "zoneamento": null, "condominio": null, "area_geom": 359.68, "cnm": "062661.2.0018441-46" }, "geometry": { "type": "Polygon", "coordinates": [ [ [ -54.503649, -22.087193 ], [ -54.50382, -22.086973 ], [ -54.503921, -22.087027 ], [ -54.503749, -22.087247 ], [ -54.503649, -22.087193 ] ] ] } },
{ "type": "Feature", "properties": { "id": 105257, "insc_imob": "08.01.23.13.054", "quadra_cartorio": "03", "lote_cartorio": "25", "matricula": "35883", "circunscricao": "1º CIRCUNSCRIÇÃO", "zoneamento": null, "condominio": null, "area_geom": 361.72, "cnm": "062661.2.0035883-03" }, "geometry": { "type": "Polygon", "coordinates": [ [ [ -54.50479, -22.086752 ], [ -54.504858, -22.086663 ], [ -54.505112, -22.086796 ], [ -54.505045, -22.086885 ], [ -54.50479, -22.086752 ] ] ] } },
{ "type": "Feature", "properties": { "id": 105359, "insc_imob": "08.01.23.03.284", "quadra_cartorio": "01", "lote_cartorio": "11", "matricula": "30994", "circunscricao": "1º CIRCUNSCRIÇÃO", "zoneamento": null, "condominio": null, "area_geom": 361.71, "cnm": "062661.2.0030994-23" }, "geometry": { "type": "Polygon", "coordinates": [ [ [ -54.505757, -22.085939 ], [ -54.505827, -22.085852 ], [ -54.506079, -22.085991 ], [ -54.506009, -22.086078 ], [ -54.505757, -22.085939 ] ] ] } },
{ "type": "Feature", "properties": { "id": 105895, "insc_imob": "08.01.13.13.144", "quadra_cartorio": "02", "lote_cartorio": "09", "matricula": "53927", "circunscricao": "1º CIRCUNSCRIÇÃO", "zoneamento": null, "condominio": null, "area_geom": 359.7, "cnm": "062661.2.0053927-94" }, "geometry": { "type": "Polygon", "coordinates": [ [ [ -54.506459, -22.083335 ], [ -54.506604, -22.0831 ], [ -54.506705, -22.083154 ], [ -54.506559, -22.083389 ], [ -54.506459, -22.083335 ] ] ] } },
{ "type": "Feature", "properties": { "id": 106023, "insc_imob": "08.01.13.12.264", "quadra_cartorio": "01", "lote_cartorio": "16", "matricula": "53924", "circunscricao": "1º CIRCUNSCRIÇÃO", "zoneamento": null, "condominio": null, "area_geom": 359.69, "cnm": "062661.2.0053924-06" }, "geometry": { "type": "Polygon", "coordinates": [ [ [ -54.506177, -22.082674 ], [ -54.506236, -22.08258 ], [ -54.506487, -22.082715 ], [ -54.506429, -22.082809 ], [ -54.506177, -22.082674 ] ] ] } },
{ "type": "Feature", "properties": { "id": 106024, "insc_imob": "08.01.23.03.332", "quadra_cartorio": "01", "lote_cartorio": "07", "matricula": "47475", "circunscricao": "1º CIRCUNSCRIÇÃO", "zoneamento": null, "condominio": null, "area_geom": 361.71, "cnm": "062661.2.0047475-50" }, "geometry": { "type": "Polygon", "coordinates": [ [ [ -54.506037, -22.08559 ], [ -54.506107, -22.085503 ], [ -54.506358, -22.085641 ], [ -54.506288, -22.085729 ], [ -54.506037, -22.08559 ] ] ] } },
{ "type": "Feature", "properties": { "id": 106025, "insc_imob": "08.01.23.13.296", "quadra_cartorio": "03", "lote_cartorio": "10", "matricula": "54599", "circunscricao": "1º CIRCUNSCRIÇÃO", "zoneamento": null, "condominio": null, "area_geom": 361.71, "cnm": "062661.2.0054599-18" }, "geometry": { "type": "Polygon", "coordinates": [ [ [ -54.504842, -22.087152 ], [ -54.50491, -22.087063 ], [ -54.505164, -22.087196 ], [ -54.505097, -22.087285 ], [ -54.504842, -22.087152 ] ] ] } },
{ "type": "Feature", "properties": { "id": 109858, "insc_imob": "08.01.13.12.072", "quadra_cartorio": "01", "lote_cartorio": "05", "matricula": "48619", "circunscricao": "1º CIRCUNSCRIÇÃO", "zoneamento": null, "condominio": null, "area_geom": 647.47, "cnm": "062661.2.0048619-13" }, "geometry": { "type": "Polygon", "coordinates": [ [ [ -54.505724, -22.082431 ], [ -54.505782, -22.082337 ], [ -54.506202, -22.082562 ], [ -54.506236, -22.08258 ], [ -54.506177, -22.082674 ], [ -54.505724, -22.082431 ] ] ] } },
{ "type": "Feature", "properties": { "id": 112066, "insc_imob": "08.01.23.24.078", "quadra_cartorio": "09", "lote_cartorio": "06", "matricula": "27079", "circunscricao": "1º CIRCUNSCRIÇÃO", "zoneamento": null, "condominio": null, "area_geom": 283.51, "cnm": "062661.2.0027079-31" }, "geometry": { "type": "Polygon", "coordinates": [ [ [ -54.504291, -22.088555 ], [ -54.50436, -22.088468 ], [ -54.504558, -22.088574 ], [ -54.50449, -22.088663 ], [ -54.504291, -22.088555 ] ] ] } },
{ "type": "Feature", "properties": { "id": 117177, "insc_imob": "08.01.13.12.018", "quadra_cartorio": "01", "lote_cartorio": "01", "matricula": "48480", "circunscricao": "1º CIRCUNSCRIÇÃO", "zoneamento": null, "condominio": null, "area_geom": 539.54, "cnm": "062661.2.0048480-42" }, "geometry": { "type": "Polygon", "coordinates": [ [ [ -54.505986, -22.082008 ], [ -54.506073, -22.081867 ], [ -54.506324, -22.082003 ], [ -54.506237, -22.082143 ], [ -54.505986, -22.082008 ] ] ] } },
{ "type": "Feature", "properties": { "id": 65222, "insc_imob": "08.01.23.03.259", "quadra_cartorio": "01", "lote_cartorio": "13", "matricula": "21654-1RI", "circunscricao": "1º CIRCUNSCRIÇÃO", "zoneamento": null, "condominio": null, "area_geom": 362.05, "cnm": "062661.2.0021654-10" }, "geometry": { "type": "Polygon", "coordinates": [ [ [ -54.505618, -22.086114 ], [ -54.505687, -22.086026 ], [ -54.505939, -22.086165 ], [ -54.505869, -22.086253 ], [ -54.505769, -22.086197 ], [ -54.505669, -22.086142 ], [ -54.505618, -22.086114 ] ] ] } },
{ "type": "Feature", "properties": { "id": 419, "insc_imob": "08.01.13.12.378", "quadra_cartorio": null, "lote_cartorio": "23", "matricula": "48482", "circunscricao": "1º CIRCUNSCRIÇÃO", "zoneamento": null, "condominio": null, "area_geom": 432.0, "cnm": "062661.2.0048482-36" }, "geometry": { "type": "Polygon", "coordinates": [ [ [ -54.506237, -22.082143 ], [ -54.506324, -22.082003 ], [ -54.506425, -22.082057 ], [ -54.506251, -22.082338 ], [ -54.50615, -22.082284 ], [ -54.506237, -22.082143 ] ] ] } },
{ "type": "Feature", "properties": { "id": 420, "insc_imob": "08.01.13.13.018", "quadra_cartorio": null, "lote_cartorio": "01", "matricula": "47900", "circunscricao": "1º CIRCUNSCRIÇÃO", "zoneamento": null, "condominio": null, "area_geom": 539.98, "cnm": "062661.2.0047900-36" }, "geometry": { "type": "Polygon", "coordinates": [ [ [ -54.506851, -22.082483 ], [ -54.506939, -22.082342 ], [ -54.50719, -22.082478 ], [ -54.507103, -22.082618 ], [ -54.506851, -22.082483 ] ] ] } },
{ "type": "Feature", "properties": { "id": 421, "insc_imob": "08.01.13.13.030", "quadra_cartorio": null, "lote_cartorio": "02", "matricula": "47901", "circunscricao": "1º CIRCUNSCRIÇÃO", "zoneamento": null, "condominio": null, "area_geom": 360.0, "cnm": "062661.2.0047901-33" }, "geometry": { "type": "Polygon", "coordinates": [ [ [ -54.506793, -22.082577 ], [ -54.506851, -22.082483 ], [ -54.507103, -22.082618 ], [ -54.507045, -22.082712 ], [ -54.506793, -22.082577 ] ] ] } },
{ "type": "Feature", "properties": { "id": 422, "insc_imob": "08.01.13.13.042", "quadra_cartorio": null, "lote_cartorio": "03", "matricula": "47902", "circunscricao": "1º CIRCUNSCRIÇÃO", "zoneamento": null, "condominio": null, "area_geom": 359.99, "cnm": "062661.2.0047902-30" }, "geometry": { "type": "Polygon", "coordinates": [ [ [ -54.506735, -22.082671 ], [ -54.506793, -22.082577 ], [ -54.507045, -22.082712 ], [ -54.506987, -22.082806 ], [ -54.506735, -22.082671 ] ] ] } },
{ "type": "Feature", "properties": { "id": 423, "insc_imob": "08.01.13.13.054", "quadra_cartorio": null, "lote_cartorio": "04", "matricula": "47903", "circunscricao": "1º CIRCUNSCRIÇÃO", "zoneamento": null, "condominio": null, "area_geom": 360.0, "cnm": "062661.2.0047903-27" }, "geometry": { "type": "Polygon", "coordinates": [ [ [ -54.506677, -22.082765 ], [ -54.506735, -22.082671 ], [ -54.506987, -22.082806 ], [ -54.506929, -22.0829 ], [ -54.506677, -22.082765 ] ] ] } },
{ "type": "Feature", "properties": { "id": 424, "insc_imob": "08.01.13.13.066", "quadra_cartorio": null, "lote_cartorio": "05", "matricula": "47904", "circunscricao": "1º CIRCUNSCRIÇÃO", "zoneamento": null, "condominio": null, "area_geom": 360.0, "cnm": "062661.2.0047904-24" }, "geometry": { "type": "Polygon", "coordinates": [ [ [ -54.506619, -22.082859 ], [ -54.506677, -22.082765 ], [ -54.506929, -22.0829 ], [ -54.506871, -22.082994 ], [ -54.506827, -22.08297 ], [ -54.506619, -22.082859 ] ] ] } },
{ "type": "Feature", "properties": { "id": 443, "insc_imob": "08.01.13.13.246", "quadra_cartorio": null, "lote_cartorio": "15", "matricula": "47907", "circunscricao": "1º CIRCUNSCRIÇÃO", "zoneamento": null, "condominio": null, "area_geom": 360.0, "cnm": "062661.2.0047907-15" }, "geometry": { "type": "Polygon", "coordinates": [ [ [ -54.506871, -22.082994 ], [ -54.506929, -22.0829 ], [ -54.506973, -22.082924 ], [ -54.507181, -22.083035 ], [ -54.507123, -22.083129 ], [ -54.506871, -22.082994 ] ] ] } },
{ "type": "Feature", "properties": { "id": 444, "insc_imob": "08.01.13.13.258", "quadra_cartorio": null, "lote_cartorio": "16", "matricula": "47908", "circunscricao": "1º CIRCUNSCRIÇÃO", "zoneamento": null, "condominio": null, "area_geom": 360.01, "cnm": "062661.2.0047908-12" }, "geometry": { "type": "Polygon", "coordinates": [ [ [ -54.506929, -22.0829 ], [ -54.506987, -22.082806 ], [ -54.507239, -22.082941 ], [ -54.507181, -22.083035 ], [ -54.506973, -22.082924 ], [ -54.506929, -22.0829 ] ] ] } },
{ "type": "Feature", "properties": { "id": 445, "insc_imob": "08.01.13.13.270", "quadra_cartorio": null, "lote_cartorio": "17", "matricula": "47909", "circunscricao": "1º CIRCUNSCRIÇÃO", "zoneamento": null, "condominio": null, "area_geom": 360.0, "cnm": "062661.2.0047909-09" }, "geometry": { "type": "Polygon", "coordinates": [ [ [ -54.506987, -22.082806 ], [ -54.507045, -22.082712 ], [ -54.507297, -22.082847 ], [ -54.507239, -22.082941 ], [ -54.506987, -22.082806 ] ] ] } },
{ "type": "Feature", "properties": { "id": 446, "insc_imob": "08.01.13.13.282", "quadra_cartorio": null, "lote_cartorio": "18", "matricula": "47910", "circunscricao": "1º CIRCUNSCRIÇÃO", "zoneamento": null, "condominio": null, "area_geom": 360.0, "cnm": "062661.2.0047910-06" }, "geometry": { "type": "Polygon", "coordinates": [ [ [ -54.507045, -22.082712 ], [ -54.507103, -22.082618 ], [ -54.507355, -22.082754 ], [ -54.507297, -22.082847 ], [ -54.507045, -22.082712 ] ] ] } },
{ "type": "Feature", "properties": { "id": 447, "insc_imob": "08.01.13.13.330", "quadra_cartorio": null, "lote_cartorio": "19", "matricula": "47911", "circunscricao": "1º CIRCUNSCRIÇÃO", "zoneamento": null, "condominio": null, "area_geom": 539.98, "cnm": "062661.2.0047911-03" }, "geometry": { "type": "Polygon", "coordinates": [ [ [ -54.507103, -22.082618 ], [ -54.50719, -22.082478 ], [ -54.507442, -22.082613 ], [ -54.507355, -22.082754 ], [ -54.507103, -22.082618 ] ] ] } },
{ "type": "Feature", "properties": { "id": 448, "insc_imob": "08.01.13.14.070", "quadra_cartorio": null, "lote_cartorio": "05", "matricula": "TR-28116", "circunscricao": "1º CIRCUNSCRIÇÃO", "zoneamento": null, "condominio": null, "area_geom": 2252.15, "cnm": null }, "geometry": { "type": "Polygon", "coordinates": [ [ [ -54.507246, -22.083262 ], [ -54.507582, -22.082718 ], [ -54.507851, -22.082862 ], [ -54.507454, -22.083504 ], [ -54.507437, -22.083495 ], [ -54.507497, -22.083397 ], [ -54.507246, -22.083262 ] ] ] } },
{ "type": "Feature", "properties": { "id": 450, "insc_imob": "08.01.13.14.107", "quadra_cartorio": null, "lote_cartorio": "02", "matricula": "TR-28116", "circunscricao": "1º CIRCUNSCRIÇÃO", "zoneamento": null, "condominio": null, "area_geom": 374.99, "cnm": null }, "geometry": { "type": "Polygon", "coordinates": [ [ [ -54.507064, -22.083556 ], [ -54.507125, -22.083458 ], [ -54.507376, -22.083593 ], [ -54.507316, -22.083691 ], [ -54.507064, -22.083556 ] ] ] } },
{ "type": "Feature", "properties": { "id": 451, "insc_imob": "08.01.13.14.164", "quadra_cartorio": null, "lote_cartorio": "01", "matricula": "TR-28116", "circunscricao": "1º CIRCUNSCRIÇÃO", "zoneamento": null, "condominio": null, "area_geom": 387.0, "cnm": null }, "geometry": { "type": "Polygon", "coordinates": [ [ [ -54.507002, -22.083656 ], [ -54.507064, -22.083556 ], [ -54.507316, -22.083691 ], [ -54.507254, -22.083792 ], [ -54.507002, -22.083656 ] ] ] } },
{ "type": "Feature", "properties": { "id": 458, "insc_imob": "08.01.23.01.226", "quadra_cartorio": null, "lote_cartorio": "10", "matricula": "45230", "circunscricao": "1º CIRCUNSCRIÇÃO", "zoneamento": null, "condominio": null, "area_geom": 341.32, "cnm": "062661.2.0045230-92" }, "geometry": { "type": "Polygon", "coordinates": [ [ [ -54.504309, -22.085392 ], [ -54.504374, -22.085302 ], [ -54.504614, -22.085431 ], [ -54.504546, -22.085519 ], [ -54.504309, -22.085392 ] ] ] } },
{ "type": "Feature", "properties": { "id": 461, "insc_imob": "08.01.23.01.350", "quadra_cartorio": null, "lote_cartorio": "08", "matricula": "45228", "circunscricao": "1º CIRCUNSCRIÇÃO", "zoneamento": null, "condominio": null, "area_geom": 352.25, "cnm": "062661.2.0045228-98" }, "geometry": { "type": "Polygon", "coordinates": [ [ [ -54.504439, -22.085212 ], [ -54.504504, -22.085122 ], [ -54.504752, -22.085255 ], [ -54.504683, -22.085343 ], [ -54.504439, -22.085212 ] ] ] } },
{ "type": "Feature", "properties": { "id": 462, "insc_imob": "08.01.23.01.374", "quadra_cartorio": null, "lote_cartorio": "06", "matricula": "1052", "circunscricao": "1º CIRCUNSCRIÇÃO", "zoneamento": null, "condominio": null, "area_geom": 363.19, "cnm": "062661.2.0001052-27" }, "geometry": { "type": "Polygon", "coordinates": [ [ [ -54.504568, -22.085032 ], [ -54.504633, -22.084941 ], [ -54.504681, -22.084967 ], [ -54.504889, -22.085079 ], [ -54.504821, -22.085167 ], [ -54.504568, -22.085032 ] ] ] } },
{ "type": "Feature", "properties": { "id": 463, "insc_imob": "08.01.23.01.410", "quadra_cartorio": null, "lote_cartorio": "03", "matricula": "1049", "circunscricao": "1º CIRCUNSCRIÇÃO", "zoneamento": null, "condominio": null, "area_geom": 379.6, "cnm": "062661.2.0001049-36" }, "geometry": { "type": "Polygon", "coordinates": [ [ [ -54.504763, -22.084761 ], [ -54.504828, -22.084671 ], [ -54.504962, -22.084743 ], [ -54.505095, -22.084815 ], [ -54.505027, -22.084903 ], [ -54.504763, -22.084761 ] ] ] } },
{ "type": "Feature", "properties": { "id": 464, "insc_imob": "08.01.23.02.042", "quadra_cartorio": null, "lote_cartorio": "26", "matricula": "62506", "circunscricao": "1º CIRCUNSCRIÇÃO", "zoneamento": null, "condominio": null, "area_geom": 362.03, "cnm": "062661.2.0062506-62" }, "geometry": { "type": "Polygon", "coordinates": [ [ [ -54.505183, -22.084984 ], [ -54.505252, -22.084896 ], [ -54.505356, -22.084952 ], [ -54.505456, -22.085006 ], [ -54.505505, -22.085032 ], [ -54.505436, -22.08512 ], [ -54.505183, -22.084984 ] ] ] } },
{ "type": "Feature", "properties": { "id": 465, "insc_imob": "08.01.23.02.078", "quadra_cartorio": null, "lote_cartorio": "23", "matricula": "74292", "circunscricao": "1º CIRCUNSCRIÇÃO", "zoneamento": null, "condominio": null, "area_geom": 362.03, "cnm": "062661.2.0074292-12" }, "geometry": { "type": "Polygon", "coordinates": [ [ [ -54.504977, -22.085249 ], [ -54.505046, -22.085161 ], [ -54.505299, -22.085297 ], [ -54.50523, -22.085385 ], [ -54.505155, -22.085344 ], [ -54.504977, -22.085249 ] ] ] } },
{ "type": "Feature", "properties": { "id": 466, "insc_imob": "08.01.23.02.091", "quadra_cartorio": null, "lote_cartorio": "22", "matricula": "74290", "circunscricao": "1º CIRCUNSCRIÇÃO", "zoneamento": null, "condominio": null, "area_geom": 362.03, "cnm": "062661.2.0074290-18" }, "geometry": { "type": "Polygon", "coordinates": [ [ [ -54.504908, -22.085337 ], [ -54.504977, -22.085249 ], [ -54.505155, -22.085344 ], [ -54.50523, -22.085385 ], [ -54.505179, -22.08545 ], [ -54.505162, -22.085473 ], [ -54.504908, -22.085337 ] ] ] } },
{ "type": "Feature", "properties": { "id": 467, "insc_imob": "08.01.23.02.115", "quadra_cartorio": null, "lote_cartorio": "20", "matricula": "43683", "circunscricao": "1º CIRCUNSCRIÇÃO", "zoneamento": null, "condominio": null, "area_geom": 362.03, "cnm": "062661.2.0043683-77" }, "geometry": { "type": "Polygon", "coordinates": [ [ [ -54.504771, -22.085513 ], [ -54.50484, -22.085425 ], [ -54.505093, -22.085561 ], [ -54.505024, -22.085649 ], [ -54.504771, -22.085513 ] ] ] } },
{ "type": "Feature", "properties": { "id": 468, "insc_imob": "08.01.23.02.127", "quadra_cartorio": null, "lote_cartorio": "19", "matricula": "43682", "circunscricao": "1º CIRCUNSCRIÇÃO", "zoneamento": null, "condominio": null, "area_geom": 362.03, "cnm": "062661.2.0043682-80" }, "geometry": { "type": "Polygon", "coordinates": [ [ [ -54.504702, -22.085601 ], [ -54.504771, -22.085513 ], [ -54.505024, -22.085649 ], [ -54.504955, -22.085737 ], [ -54.504906, -22.085711 ], [ -54.504806, -22.085657 ], [ -54.504702, -22.085601 ] ] ] } },
{ "type": "Feature", "properties": { "id": 469, "insc_imob": "08.01.23.02.169", "quadra_cartorio": null, "lote_cartorio": "18", "matricula": "64594", "circunscricao": "1º CIRCUNSCRIÇÃO", "zoneamento": null, "condominio": null, "area_geom": 370.12, "cnm": "062661.2.0064594-06" }, "geometry": { "type": "Polygon", "coordinates": [ [ [ -54.50453, -22.085821 ], [ -54.504702, -22.085601 ], [ -54.504806, -22.085657 ], [ -54.504634, -22.085877 ], [ -54.50453, -22.085821 ] ] ] } },
{ "type": "Feature", "properties": { "id": 470, "insc_imob": "08.01.23.02.181", "quadra_cartorio": null, "lote_cartorio": "17", "matricula": "48182", "circunscricao": "1º CIRCUNSCRIÇÃO", "zoneamento": null, "condominio": null, "area_geom": 359.99, "cnm": "062661.2.0048182-63" }, "geometry": { "type": "Polygon", "coordinates": [ [ [ -54.504634, -22.085877 ], [ -54.504806, -22.085657 ], [ -54.504906, -22.085711 ], [ -54.504735, -22.085931 ], [ -54.504634, -22.085877 ] ] ] } },
{ "type": "Feature", "properties": { "id": 471, "insc_imob": "08.01.23.02.193", "quadra_cartorio": null, "lote_cartorio": "16", "matricula": "48181", "circunscricao": "1º CIRCUNSCRIÇÃO", "zoneamento": null, "condominio": null, "area_geom": 359.97, "cnm": "062661.2.0048181-66" }, "geometry": { "type": "Polygon", "coordinates": [ [ [ -54.504735, -22.085931 ], [ -54.504906, -22.085711 ], [ -54.504955, -22.085737 ], [ -54.505007, -22.085765 ], [ -54.504835, -22.085985 ], [ -54.504735, -22.085931 ] ] ] } },
{ "type": "Feature", "properties": { "id": 472, "insc_imob": "08.01.23.02.205", "quadra_cartorio": null, "lote_cartorio": "15", "matricula": "34057", "circunscricao": "1º CIRCUNSCRIÇÃO", "zoneamento": null, "condominio": null, "area_geom": 359.98, "cnm": "062661.2.0034057-49" }, "geometry": { "type": "Polygon", "coordinates": [ [ [ -54.504835, -22.085985 ], [ -54.505007, -22.085765 ], [ -54.505108, -22.085819 ], [ -54.504936, -22.086039 ], [ -54.504835, -22.085985 ] ] ] } },
{ "type": "Feature", "properties": { "id": 473, "insc_imob": "08.01.23.02.259", "quadra_cartorio": null, "lote_cartorio": "13", "matricula": "41286", "circunscricao": "1º CIRCUNSCRIÇÃO", "zoneamento": null, "condominio": null, "area_geom": 362.03, "cnm": "062661.2.0041286-90" }, "geometry": { "type": "Polygon", "coordinates": [ [ [ -54.504955, -22.085737 ], [ -54.505024, -22.085649 ], [ -54.505277, -22.085785 ], [ -54.505208, -22.085873 ], [ -54.505108, -22.085819 ], [ -54.505007, -22.085765 ], [ -54.504955, -22.085737 ] ] ] } },
{ "type": "Feature", "properties": { "id": 474, "insc_imob": "08.01.23.02.272", "quadra_cartorio": null, "lote_cartorio": "12", "matricula": "41285", "circunscricao": "1º CIRCUNSCRIÇÃO", "zoneamento": null, "condominio": null, "area_geom": 362.03, "cnm": "062661.2.0041285-93" }, "geometry": { "type": "Polygon", "coordinates": [ [ [ -54.505024, -22.085649 ], [ -54.505093, -22.085561 ], [ -54.505346, -22.085697 ], [ -54.505277, -22.085785 ], [ -54.505024, -22.085649 ] ] ] } },
{ "type": "Feature", "properties": { "id": 475, "insc_imob": "08.01.23.02.284", "quadra_cartorio": null, "lote_cartorio": "11", "matricula": "29728", "circunscricao": "1º CIRCUNSCRIÇÃO", "zoneamento": null, "condominio": null, "area_geom": 362.02, "cnm": "062661.2.0029728-38" }, "geometry": { "type": "Polygon", "coordinates": [ [ [ -54.505093, -22.085561 ], [ -54.505162, -22.085473 ], [ -54.505415, -22.085609 ], [ -54.505346, -22.085697 ], [ -54.505093, -22.085561 ] ] ] } },
{ "type": "Feature", "properties": { "id": 476, "insc_imob": "08.01.23.02.296", "quadra_cartorio": null, "lote_cartorio": "10", "matricula": "29726", "circunscricao": "1º CIRCUNSCRIÇÃO", "zoneamento": null, "condominio": null, "area_geom": 362.01, "cnm": "062661.2.0029726-44" }, "geometry": { "type": "Polygon", "coordinates": [ [ [ -54.505162, -22.085473 ], [ -54.505179, -22.08545 ], [ -54.50523, -22.085385 ], [ -54.505483, -22.085521 ], [ -54.505415, -22.085609 ], [ -54.505162, -22.085473 ] ] ] } },
{ "type": "Feature", "properties": { "id": 478, "insc_imob": "08.01.23.02.320", "quadra_cartorio": null, "lote_cartorio": "08", "matricula": "33149", "circunscricao": "1º CIRCUNSCRIÇÃO", "zoneamento": null, "condominio": null, "area_geom": 362.03, "cnm": "062661.2.0033149-57" }, "geometry": { "type": "Polygon", "coordinates": [ [ [ -54.505299, -22.085297 ], [ -54.505368, -22.085209 ], [ -54.505621, -22.085345 ], [ -54.505552, -22.085433 ], [ -54.505299, -22.085297 ] ] ] } },
{ "type": "Feature", "properties": { "id": 479, "insc_imob": "08.01.23.02.332", "quadra_cartorio": null, "lote_cartorio": "07", "matricula": "35878", "circunscricao": "1º CIRCUNSCRIÇÃO", "zoneamento": null, "condominio": null, "area_geom": 362.02, "cnm": "062661.2.0035878-18" }, "geometry": { "type": "Polygon", "coordinates": [ [ [ -54.505368, -22.085209 ], [ -54.505436, -22.08512 ], [ -54.50569, -22.085256 ], [ -54.505621, -22.085345 ], [ -54.505368, -22.085209 ] ] ] } },
{ "type": "Feature", "properties": { "id": 480, "insc_imob": "08.01.23.02.344", "quadra_cartorio": null, "lote_cartorio": "06", "matricula": "28459", "circunscricao": "1º CIRCUNSCRIÇÃO", "zoneamento": null, "condominio": null, "area_geom": 362.02, "cnm": "062661.2.0028459-62" }, "geometry": { "type": "Polygon", "coordinates": [ [ [ -54.505436, -22.08512 ], [ -54.505505, -22.085032 ], [ -54.505557, -22.08506 ], [ -54.505658, -22.085114 ], [ -54.505758, -22.085168 ], [ -54.50569, -22.085256 ], [ -54.505436, -22.08512 ] ] ] } },
{ "type": "Feature", "properties": { "id": 481, "insc_imob": "08.01.23.02.386", "quadra_cartorio": null, "lote_cartorio": "01", "matricula": "28458", "circunscricao": "1º CIRCUNSCRIÇÃO", "zoneamento": null, "condominio": null, "area_geom": 356.18, "cnm": "062661.2.0028458-65" }, "geometry": { "type": "Polygon", "coordinates": [ [ [ -54.505658, -22.085114 ], [ -54.50583, -22.084894 ], [ -54.505879, -22.084921 ], [ -54.505907, -22.084945 ], [ -54.505925, -22.084955 ], [ -54.505758, -22.085168 ], [ -54.505658, -22.085114 ] ] ] } },
{ "type": "Feature", "properties": { "id": 482, "insc_imob": "08.01.23.04.058", "quadra_cartorio": null, "lote_cartorio": null, "matricula": "64078", "circunscricao": "1º CIRCUNSCRIÇÃO", "zoneamento": null, "condominio": null, "area_geom": 3022.03, "cnm": "062661.2.0064078-02" }, "geometry": { "type": "Polygon", "coordinates": [ [ [ -54.506766, -22.085382 ], [ -54.507238, -22.085614 ], [ -54.506955, -22.086051 ], [ -54.506499, -22.085791 ], [ -54.506766, -22.085382 ] ] ] } },
{ "type": "Feature", "properties": { "id": 505, "insc_imob": "08.01.23.11.030", "quadra_cartorio": null, "lote_cartorio": "02", "matricula": "25865", "circunscricao": "1º CIRCUNSCRIÇÃO", "zoneamento": null, "condominio": null, "area_geom": 403.58, "cnm": "062661.2.0025865-84" }, "geometry": { "type": "Polygon", "coordinates": [ [ [ -54.503913, -22.085995 ], [ -54.504075, -22.08577 ], [ -54.504195, -22.085834 ], [ -54.504019, -22.086052 ], [ -54.503913, -22.085995 ] ] ] } },
{ "type": "Feature", "properties": { "id": 506, "insc_imob": "08.01.23.11.127", "quadra_cartorio": null, "lote_cartorio": null, "matricula": "57863", "circunscricao": "1º CIRCUNSCRIÇÃO", "zoneamento": null, "condominio": null, "area_geom": 459.03, "cnm": "062661.2.0057863-23" }, "geometry": { "type": "Polygon", "coordinates": [ [ [ -54.503462, -22.086707 ], [ -54.503578, -22.086511 ], [ -54.503748, -22.086597 ], [ -54.503606, -22.08678 ], [ -54.503462, -22.086707 ] ] ] } },
{ "type": "Feature", "properties": { "id": 508, "insc_imob": "08.01.23.11.345", "quadra_cartorio": null, "lote_cartorio": "01", "matricula": "25864", "circunscricao": "1º CIRCUNSCRIÇÃO", "zoneamento": null, "condominio": null, "area_geom": 368.83, "cnm": "062661.2.0025864-87" }, "geometry": { "type": "Polygon", "coordinates": [ [ [ -54.504019, -22.086052 ], [ -54.504195, -22.085834 ], [ -54.504296, -22.085888 ], [ -54.504124, -22.086109 ], [ -54.504019, -22.086052 ] ] ] } },
{ "type": "Feature", "properties": { "id": 510, "insc_imob": "08.01.23.12.054", "quadra_cartorio": null, "lote_cartorio": "25", "matricula": "25730", "circunscricao": "1º CIRCUNSCRIÇÃO", "zoneamento": null, "condominio": null, "area_geom": 354.21, "cnm": "062661.2.0025730-04" }, "geometry": { "type": "Polygon", "coordinates": [ [ [ -54.50411, -22.086378 ], [ -54.504176, -22.086289 ], [ -54.504423, -22.086422 ], [ -54.504358, -22.086512 ], [ -54.50411, -22.086378 ] ] ] } },
{ "type": "Feature", "properties": { "id": 512, "insc_imob": "08.01.23.12.115", "quadra_cartorio": null, "lote_cartorio": "20", "matricula": "34056", "circunscricao": "1º CIRCUNSCRIÇÃO", "zoneamento": null, "condominio": null, "area_geom": 366.61, "cnm": "062661.2.0034056-52" }, "geometry": { "type": "Polygon", "coordinates": [ [ [ -54.503777, -22.086825 ], [ -54.503844, -22.086736 ], [ -54.504099, -22.086873 ], [ -54.504035, -22.086963 ], [ -54.503777, -22.086825 ] ] ] } },
{ "type": "Feature", "properties": { "id": 513, "insc_imob": "08.01.23.12.127", "quadra_cartorio": null, "lote_cartorio": "19", "matricula": "27868", "circunscricao": "1º CIRCUNSCRIÇÃO", "zoneamento": null, "condominio": null, "area_geom": 369.08, "cnm": "062661.2.0027868-89" }, "geometry": { "type": "Polygon", "coordinates": [ [ [ -54.503711, -22.086914 ], [ -54.503777, -22.086825 ], [ -54.504035, -22.086963 ], [ -54.50397, -22.087054 ], [ -54.503921, -22.087027 ], [ -54.50382, -22.086973 ], [ -54.503717, -22.086918 ], [ -54.503711, -22.086914 ] ] ] } },
{ "type": "Feature", "properties": { "id": 514, "insc_imob": "08.01.23.12.169", "quadra_cartorio": null, "lote_cartorio": "18", "matricula": "27867", "circunscricao": "1º CIRCUNSCRIÇÃO", "zoneamento": null, "condominio": null, "area_geom": 370.12, "cnm": "062661.2.0027867-92" }, "geometry": { "type": "Polygon", "coordinates": [ [ [ -54.503545, -22.087138 ], [ -54.503717, -22.086918 ], [ -54.50382, -22.086973 ], [ -54.503649, -22.087193 ], [ -54.503545, -22.087138 ] ] ] } },
{ "type": "Feature", "properties": { "id": 515, "insc_imob": "08.01.23.12.193", "quadra_cartorio": null, "lote_cartorio": "16", "matricula": "12299", "circunscricao": "1º CIRCUNSCRIÇÃO", "zoneamento": null, "condominio": null, "area_geom": 359.96, "cnm": "062661.2.0012299-42" }, "geometry": { "type": "Polygon", "coordinates": [ [ [ -54.503749, -22.087247 ], [ -54.503921, -22.087027 ], [ -54.50397, -22.087054 ], [ -54.504022, -22.087081 ], [ -54.50385, -22.087302 ], [ -54.503749, -22.087247 ] ] ] } },
{ "type": "Feature", "properties": { "id": 516, "insc_imob": "08.01.23.12.205", "quadra_cartorio": null, "lote_cartorio": "15", "matricula": "26134", "circunscricao": "1º CIRCUNSCRIÇÃO", "zoneamento": null, "condominio": null, "area_geom": 359.98, "cnm": "062661.2.0026134-53" }, "geometry": { "type": "Polygon", "coordinates": [ [ [ -54.50385, -22.087302 ], [ -54.504022, -22.087081 ], [ -54.504122, -22.087135 ], [ -54.503951, -22.087356 ], [ -54.50385, -22.087302 ] ] ] } },
{ "type": "Feature", "properties": { "id": 517, "insc_imob": "08.01.23.12.247", "quadra_cartorio": null, "lote_cartorio": "14", "matricula": "56546", "circunscricao": "1º CIRCUNSCRIÇÃO", "zoneamento": null, "condominio": null, "area_geom": 360.01, "cnm": "062661.2.0056546-94" }, "geometry": { "type": "Polygon", "coordinates": [ [ [ -54.503951, -22.087356 ], [ -54.504122, -22.087135 ], [ -54.504223, -22.08719 ], [ -54.504051, -22.08741 ], [ -54.503951, -22.087356 ] ] ] } },
{ "type": "Feature", "properties": { "id": 572, "insc_imob": "08.01.23.12.259", "quadra_cartorio": null, "lote_cartorio": "13", "matricula": "43677", "circunscricao": "1º CIRCUNSCRIÇÃO", "zoneamento": null, "condominio": null, "area_geom": 364.92, "cnm": "062661.2.0043677-95" }, "geometry": { "type": "Polygon", "coordinates": [ [ [ -54.50397, -22.087054 ], [ -54.504035, -22.086963 ], [ -54.504292, -22.087101 ], [ -54.504223, -22.08719 ], [ -54.504122, -22.087135 ], [ -54.504022, -22.087081 ], [ -54.50397, -22.087054 ] ] ] } },
{ "type": "Feature", "properties": { "id": 574, "insc_imob": "08.01.23.12.296", "quadra_cartorio": null, "lote_cartorio": "10", "matricula": "37922", "circunscricao": "1º CIRCUNSCRIÇÃO", "zoneamento": null, "condominio": null, "area_geom": 382.31, "cnm": "062661.2.0037922-94" }, "geometry": { "type": "Polygon", "coordinates": [ [ [ -54.504164, -22.086783 ], [ -54.504229, -22.086692 ], [ -54.504498, -22.086837 ], [ -54.504429, -22.086925 ], [ -54.504164, -22.086783 ] ] ] } },
{ "type": "Feature", "properties": { "id": 590, "insc_imob": "08.01.23.12.398", "quadra_cartorio": null, "lote_cartorio": "01", "matricula": "35880/35*", "circunscricao": "1º CIRCUNSCRIÇÃO", "zoneamento": null, "condominio": null, "area_geom": 429.57, "cnm": "062661.2.3588035-64" }, "geometry": { "type": "Polygon", "coordinates": [ [ [ -54.504555, -22.086398 ], [ -54.504657, -22.086267 ], [ -54.504859, -22.086375 ], [ -54.504756, -22.086507 ], [ -54.504555, -22.086398 ] ] ] } },
{ "type": "Feature", "properties": { "id": 592, "insc_imob": "08.01.23.13.042", "quadra_cartorio": null, "lote_cartorio": "26", "matricula": "54818", "circunscricao": "1º CIRCUNSCRIÇÃO", "zoneamento": null, "condominio": null, "area_geom": 362.04, "cnm": "062661.2.0054818-40" }, "geometry": { "type": "Polygon", "coordinates": [ [ [ -54.504858, -22.086663 ], [ -54.504925, -22.086574 ], [ -54.505029, -22.086629 ], [ -54.505131, -22.086682 ], [ -54.50518, -22.086708 ], [ -54.505112, -22.086796 ], [ -54.504858, -22.086663 ] ] ] } },
{ "type": "Feature", "properties": { "id": 593, "insc_imob": "08.01.23.13.066", "quadra_cartorio": null, "lote_cartorio": "24", "matricula": "2728", "circunscricao": "1º CIRCUNSCRIÇÃO", "zoneamento": null, "condominio": null, "area_geom": 362.02, "cnm": "062661.2.0002728-43" }, "geometry": { "type": "Polygon", "coordinates": [ [ [ -54.504722, -22.086841 ], [ -54.50479, -22.086752 ], [ -54.505045, -22.086885 ], [ -54.504977, -22.086974 ], [ -54.504722, -22.086841 ] ] ] } },
{ "type": "Feature", "properties": { "id": 615, "insc_imob": "08.01.23.13.091", "quadra_cartorio": null, "lote_cartorio": "22", "matricula": "11013", "circunscricao": "1º CIRCUNSCRIÇÃO", "zoneamento": null, "condominio": null, "area_geom": 362.02, "cnm": "062661.2.0011013-20" }, "geometry": { "type": "Polygon", "coordinates": [ [ [ -54.504587, -22.087019 ], [ -54.504655, -22.08693 ], [ -54.504834, -22.087023 ], [ -54.50491, -22.087063 ], [ -54.504842, -22.087152 ], [ -54.504587, -22.087019 ] ] ] } },
{ "type": "Feature", "properties": { "id": 616, "insc_imob": "08.01.23.13.115", "quadra_cartorio": null, "lote_cartorio": "20", "matricula": "2229", "circunscricao": "1º CIRCUNSCRIÇÃO", "zoneamento": null, "condominio": null, "area_geom": 362.02, "cnm": "062661.2.0002229-85" }, "geometry": { "type": "Polygon", "coordinates": [ [ [ -54.504452, -22.087196 ], [ -54.504519, -22.087108 ], [ -54.504774, -22.087241 ], [ -54.504707, -22.08733 ], [ -54.504452, -22.087196 ] ] ] } },
{ "type": "Feature", "properties": { "id": 617, "insc_imob": "08.01.23.13.127", "quadra_cartorio": null, "lote_cartorio": "19", "matricula": "2230", "circunscricao": "1º CIRCUNSCRIÇÃO", "zoneamento": null, "condominio": null, "area_geom": 362.03, "cnm": "062661.2.0002230-82" }, "geometry": { "type": "Polygon", "coordinates": [ [ [ -54.504384, -22.087285 ], [ -54.504452, -22.087196 ], [ -54.504707, -22.08733 ], [ -54.504639, -22.087418 ], [ -54.50459, -22.087393 ], [ -54.504488, -22.08734 ], [ -54.504384, -22.087285 ] ] ] } },
{ "type": "Feature", "properties": { "id": 618, "insc_imob": "08.01.23.13.169", "quadra_cartorio": null, "lote_cartorio": "18", "matricula": "27870", "circunscricao": "1º CIRCUNSCRIÇÃO", "zoneamento": null, "condominio": null, "area_geom": 370.12, "cnm": "062661.2.0027870-83" }, "geometry": { "type": "Polygon", "coordinates": [ [ [ -54.504215, -22.087507 ], [ -54.504384, -22.087285 ], [ -54.504488, -22.08734 ], [ -54.504319, -22.087562 ], [ -54.504215, -22.087507 ] ] ] } },
{ "type": "Feature", "properties": { "id": 619, "insc_imob": "08.01.23.13.181", "quadra_cartorio": null, "lote_cartorio": "17", "matricula": "27869", "circunscricao": "1º CIRCUNSCRIÇÃO", "zoneamento": null, "condominio": null, "area_geom": 359.99, "cnm": "062661.2.0027869-86" }, "geometry": { "type": "Polygon", "coordinates": [ [ [ -54.504319, -22.087562 ], [ -54.504488, -22.08734 ], [ -54.50459, -22.087393 ], [ -54.504421, -22.087615 ], [ -54.504319, -22.087562 ] ] ] } },
{ "type": "Feature", "properties": { "id": 621, "insc_imob": "08.01.23.13.205", "quadra_cartorio": null, "lote_cartorio": "15", "matricula": "55667", "circunscricao": "1º CIRCUNSCRIÇÃO", "zoneamento": null, "condominio": null, "area_geom": 359.98, "cnm": "062661.2.0055667-15" }, "geometry": { "type": "Polygon", "coordinates": [ [ [ -54.504522, -22.087668 ], [ -54.504691, -22.087446 ], [ -54.504793, -22.087499 ], [ -54.504624, -22.087721 ], [ -54.504522, -22.087668 ] ] ] } },
{ "type": "Feature", "properties": { "id": 622, "insc_imob": "08.01.23.13.247", "quadra_cartorio": null, "lote_cartorio": "14", "matricula": "65502", "circunscricao": "1º CIRCUNSCRIÇÃO", "zoneamento": null, "condominio": null, "area_geom": 359.96, "cnm": "062661.2.0065502-95" }, "geometry": { "type": "Polygon", "coordinates": [ [ [ -54.504624, -22.087721 ], [ -54.504793, -22.087499 ], [ -54.504894, -22.087552 ], [ -54.504725, -22.087774 ], [ -54.504624, -22.087721 ] ] ] } },
{ "type": "Feature", "properties": { "id": 623, "insc_imob": "08.01.23.13.284", "quadra_cartorio": null, "lote_cartorio": "11", "matricula": "58364", "circunscricao": "1º CIRCUNSCRIÇÃO", "zoneamento": null, "condominio": null, "area_geom": 362.02, "cnm": "062661.2.0058364-72" }, "geometry": { "type": "Polygon", "coordinates": [ [ [ -54.504774, -22.087241 ], [ -54.504842, -22.087152 ], [ -54.505097, -22.087285 ], [ -54.505029, -22.087374 ], [ -54.504774, -22.087241 ] ] ] } },
{ "type": "Feature", "properties": { "id": 624, "insc_imob": "08.01.23.13.320", "quadra_cartorio": null, "lote_cartorio": "08", "matricula": "28658", "circunscricao": "1º CIRCUNSCRIÇÃO", "zoneamento": null, "condominio": null, "area_geom": 362.03, "cnm": "062661.2.0028658-47" }, "geometry": { "type": "Polygon", "coordinates": [ [ [ -54.504977, -22.086974 ], [ -54.505045, -22.086885 ], [ -54.5053, -22.087019 ], [ -54.505232, -22.087107 ], [ -54.504977, -22.086974 ] ] ] } },
{ "type": "Feature", "properties": { "id": 625, "insc_imob": "08.01.23.13.386", "quadra_cartorio": null, "lote_cartorio": "01", "matricula": "41178", "circunscricao": "1º CIRCUNSCRIÇÃO", "zoneamento": null, "condominio": null, "area_geom": 359.99, "cnm": "062661.2.0041178-26" }, "geometry": { "type": "Polygon", "coordinates": [ [ [ -54.505334, -22.086788 ], [ -54.505503, -22.086566 ], [ -54.505604, -22.086619 ], [ -54.505435, -22.086841 ], [ -54.505334, -22.086788 ] ] ] } },
{ "type": "Feature", "properties": { "id": 638, "insc_imob": "08.01.23.13.410", "quadra_cartorio": null, "lote_cartorio": "03", "matricula": "44416", "circunscricao": "1º CIRCUNSCRIÇÃO", "zoneamento": null, "condominio": null, "area_geom": 359.99, "cnm": "062661.2.0044416-12" }, "geometry": { "type": "Polygon", "coordinates": [ [ [ -54.505131, -22.086682 ], [ -54.5053, -22.08646 ], [ -54.505401, -22.086513 ], [ -54.505232, -22.086735 ], [ -54.50518, -22.086708 ], [ -54.505131, -22.086682 ] ] ] } },
{ "type": "Feature", "properties": { "id": 639, "insc_imob": "08.01.23.13.422", "quadra_cartorio": null, "lote_cartorio": "04", "matricula": "47270", "circunscricao": "1º CIRCUNSCRIÇÃO", "zoneamento": null, "condominio": null, "area_geom": 359.99, "cnm": "062661.2.0047270-83" }, "geometry": { "type": "Polygon", "coordinates": [ [ [ -54.505029, -22.086629 ], [ -54.505198, -22.086407 ], [ -54.5053, -22.08646 ], [ -54.505131, -22.086682 ], [ -54.505029, -22.086629 ] ] ] } },
{ "type": "Feature", "properties": { "id": 664, "insc_imob": "08.01.23.04.199", "quadra_cartorio": null, "lote_cartorio": "01", "matricula": "43738", "circunscricao": "1º CIRCUNSCRIÇÃO", "zoneamento": null, "condominio": null, "area_geom": 1565.6, "cnm": "062661.2.0043738-09" }, "geometry": { "type": "Polygon", "coordinates": [ [ [ -54.50524, -22.087351 ], [ -54.505762, -22.086663 ], [ -54.505883, -22.086731 ], [ -54.505397, -22.087442 ], [ -54.50524, -22.087351 ] ] ] } },
{ "type": "Feature", "properties": { "id": 665, "insc_imob": "08.01.23.14.122", "quadra_cartorio": null, "lote_cartorio": "02", "matricula": "57540", "circunscricao": "1º CIRCUNSCRIÇÃO", "zoneamento": null, "condominio": null, "area_geom": 594.07, "cnm": "062661.2.0057540-22" }, "geometry": { "type": "Polygon", "coordinates": [ [ [ -54.505073, -22.087573 ], [ -54.50524, -22.087351 ], [ -54.505397, -22.087442 ], [ -54.505242, -22.087672 ], [ -54.505073, -22.087573 ] ] ] } },
{ "type": "Feature", "properties": { "id": 667, "insc_imob": "08.01.23.21.030", "quadra_cartorio": null, "lote_cartorio": null, "matricula": "45360", "circunscricao": "1º CIRCUNSCRIÇÃO", "zoneamento": null, "condominio": null, "area_geom": 586.94, "cnm": "062661.2.0045360-90" }, "geometry": { "type": "Polygon", "coordinates": [ [ [ -54.502976, -22.087349 ], [ -54.503138, -22.087124 ], [ -54.503303, -22.087212 ], [ -54.50314, -22.087437 ], [ -54.502976, -22.087349 ] ] ] } },
{ "type": "Feature", "properties": { "id": 668, "insc_imob": "08.01.23.22.030", "quadra_cartorio": null, "lote_cartorio": "05", "matricula": "56880", "circunscricao": "1º CIRCUNSCRIÇÃO", "zoneamento": null, "condominio": null, "area_geom": 370.12, "cnm": "062661.2.0056880-62" }, "geometry": { "type": "Polygon", "coordinates": [ [ [ -54.503256, -22.087518 ], [ -54.503428, -22.087298 ], [ -54.503531, -22.087354 ], [ -54.503359, -22.087574 ], [ -54.503256, -22.087518 ] ] ] } },
{ "type": "Feature", "properties": { "id": 690, "insc_imob": "08.01.23.22.054", "quadra_cartorio": null, "lote_cartorio": "25", "matricula": "6811", "circunscricao": "1º CIRCUNSCRIÇÃO", "zoneamento": null, "condominio": null, "area_geom": 362.02, "cnm": "062661.2.0006811-16" }, "geometry": { "type": "Polygon", "coordinates": [ [ [ -54.503118, -22.087695 ], [ -54.503187, -22.087606 ], [ -54.50344, -22.087742 ], [ -54.503371, -22.087831 ], [ -54.503118, -22.087695 ] ] ] } },
{ "type": "Feature", "properties": { "id": 691, "insc_imob": "08.01.23.22.115", "quadra_cartorio": null, "lote_cartorio": "20", "matricula": "35710", "circunscricao": "1º CIRCUNSCRIÇÃO", "zoneamento": null, "condominio": null, "area_geom": 362.02, "cnm": "062661.2.0035710-37" }, "geometry": { "type": "Polygon", "coordinates": [ [ [ -54.502775, -22.088135 ], [ -54.502843, -22.088047 ], [ -54.503096, -22.088183 ], [ -54.503028, -22.088271 ], [ -54.502775, -22.088135 ] ] ] } },
{ "type": "Feature", "properties": { "id": 694, "insc_imob": "08.01.23.22.272", "quadra_cartorio": null, "lote_cartorio": "12", "matricula": "58186", "circunscricao": "1º CIRCUNSCRIÇÃO", "zoneamento": null, "condominio": null, "area_geom": 362.03, "cnm": "062661.2.0058186-24" }, "geometry": { "type": "Polygon", "coordinates": [ [ [ -54.503028, -22.088271 ], [ -54.503096, -22.088183 ], [ -54.50335, -22.088319 ], [ -54.503281, -22.088407 ], [ -54.503028, -22.088271 ] ] ] } },
{ "type": "Feature", "properties": { "id": 698, "insc_imob": "08.01.23.22.320", "quadra_cartorio": null, "lote_cartorio": "08", "matricula": "39608", "circunscricao": "1º CIRCUNSCRIÇÃO", "zoneamento": null, "condominio": null, "area_geom": 362.02, "cnm": "062661.2.0039608-80" }, "geometry": { "type": "Polygon", "coordinates": [ [ [ -54.503303, -22.087919 ], [ -54.503371, -22.087831 ], [ -54.503625, -22.087967 ], [ -54.503556, -22.088055 ], [ -54.503303, -22.087919 ] ] ] } },
{ "type": "Feature", "properties": { "id": 764, "insc_imob": "08.01.23.23.272", "quadra_cartorio": null, "lote_cartorio": "12", "matricula": "43679", "circunscricao": "1º CIRCUNSCRIÇÃO", "zoneamento": null, "condominio": null, "area_geom": 362.02, "cnm": "062661.2.0043679-89" }, "geometry": { "type": "Polygon", "coordinates": [ [ [ -54.503703, -22.088634 ], [ -54.503772, -22.088546 ], [ -54.504025, -22.088682 ], [ -54.503956, -22.08877 ], [ -54.503703, -22.088634 ] ] ] } },
{ "type": "Feature", "properties": { "id": 741, "insc_imob": "08.01.23.22.386", "quadra_cartorio": null, "lote_cartorio": "01", "matricula": "42099", "circunscricao": "1º CIRCUNSCRIÇÃO", "zoneamento": null, "condominio": null, "area_geom": 359.99, "cnm": "062661.2.0042099-76" }, "geometry": { "type": "Polygon", "coordinates": [ [ [ -54.503661, -22.087736 ], [ -54.503833, -22.087516 ], [ -54.503934, -22.08757 ], [ -54.503762, -22.08779 ], [ -54.503661, -22.087736 ] ] ] } },
{ "type": "Feature", "properties": { "id": 742, "insc_imob": "08.01.23.22.422", "quadra_cartorio": null, "lote_cartorio": "04", "matricula": "42102", "circunscricao": "1º CIRCUNSCRIÇÃO", "zoneamento": null, "condominio": null, "area_geom": 359.99, "cnm": "062661.2.0042102-67" }, "geometry": { "type": "Polygon", "coordinates": [ [ [ -54.503359, -22.087574 ], [ -54.503531, -22.087354 ], [ -54.503632, -22.087408 ], [ -54.50346, -22.087628 ], [ -54.503359, -22.087574 ] ] ] } },
{ "type": "Feature", "properties": { "id": 744, "insc_imob": "08.01.23.23.042", "quadra_cartorio": null, "lote_cartorio": "26", "matricula": "19152", "circunscricao": "1º CIRCUNSCRIÇÃO", "zoneamento": null, "condominio": null, "area_geom": 362.01, "cnm": "062661.2.0019152-47" }, "geometry": { "type": "Polygon", "coordinates": [ [ [ -54.503862, -22.087969 ], [ -54.503931, -22.087881 ], [ -54.504034, -22.087937 ], [ -54.504135, -22.087991 ], [ -54.504184, -22.088017 ], [ -54.504115, -22.088105 ], [ -54.503862, -22.087969 ] ] ] } },
{ "type": "Feature", "properties": { "id": 745, "insc_imob": "08.01.23.23.054", "quadra_cartorio": null, "lote_cartorio": "25", "matricula": "19151", "circunscricao": "1º CIRCUNSCRIÇÃO", "zoneamento": null, "condominio": null, "area_geom": 362.02, "cnm": "062661.2.0019151-50" }, "geometry": { "type": "Polygon", "coordinates": [ [ [ -54.503793, -22.088057 ], [ -54.503862, -22.087969 ], [ -54.504115, -22.088105 ], [ -54.504047, -22.088193 ], [ -54.503793, -22.088057 ] ] ] } },
{ "type": "Feature", "properties": { "id": 746, "insc_imob": "08.01.23.23.066", "quadra_cartorio": null, "lote_cartorio": "24", "matricula": "25692", "circunscricao": "1º CIRCUNSCRIÇÃO", "zoneamento": null, "condominio": null, "area_geom": 362.01, "cnm": "062661.2.0025692-21" }, "geometry": { "type": "Polygon", "coordinates": [ [ [ -54.503725, -22.088145 ], [ -54.503793, -22.088057 ], [ -54.504047, -22.088193 ], [ -54.503978, -22.088281 ], [ -54.503725, -22.088145 ] ] ] } },
{ "type": "Feature", "properties": { "id": 757, "insc_imob": "08.01.23.23.078", "quadra_cartorio": null, "lote_cartorio": "23", "matricula": "25587", "circunscricao": "1º CIRCUNSCRIÇÃO", "zoneamento": null, "condominio": null, "area_geom": 362.03, "cnm": "062661.2.0025587-45" }, "geometry": { "type": "Polygon", "coordinates": [ [ [ -54.503656, -22.088233 ], [ -54.503725, -22.088145 ], [ -54.503978, -22.088281 ], [ -54.503909, -22.088369 ], [ -54.503834, -22.088329 ], [ -54.503656, -22.088233 ] ] ] } },
{ "type": "Feature", "properties": { "id": 758, "insc_imob": "08.01.23.23.127", "quadra_cartorio": null, "lote_cartorio": "19", "matricula": "2353", "circunscricao": "1º CIRCUNSCRIÇÃO", "zoneamento": null, "condominio": null, "area_geom": 362.03, "cnm": "062661.2.0002353-04" }, "geometry": { "type": "Polygon", "coordinates": [ [ [ -54.503381, -22.088586 ], [ -54.50345, -22.088498 ], [ -54.503703, -22.088634 ], [ -54.503634, -22.088722 ], [ -54.503585, -22.088696 ], [ -54.503484, -22.088641 ], [ -54.503381, -22.088586 ] ] ] } },
{ "type": "Feature", "properties": { "id": 759, "insc_imob": "08.01.23.23.169", "quadra_cartorio": null, "lote_cartorio": "18", "matricula": "2347", "circunscricao": "1º CIRCUNSCRIÇÃO", "zoneamento": null, "condominio": null, "area_geom": 370.12, "cnm": "062661.2.0002347-22" }, "geometry": { "type": "Polygon", "coordinates": [ [ [ -54.503209, -22.088806 ], [ -54.503381, -22.088586 ], [ -54.503484, -22.088641 ], [ -54.503313, -22.088862 ], [ -54.503209, -22.088806 ] ] ] } },
{ "type": "Feature", "properties": { "id": 760, "insc_imob": "08.01.23.23.181", "quadra_cartorio": null, "lote_cartorio": "17", "matricula": "2348", "circunscricao": "1º CIRCUNSCRIÇÃO", "zoneamento": null, "condominio": null, "area_geom": 360.0, "cnm": "062661.2.0002348-19" }, "geometry": { "type": "Polygon", "coordinates": [ [ [ -54.503313, -22.088862 ], [ -54.503484, -22.088641 ], [ -54.503585, -22.088696 ], [ -54.503413, -22.088916 ], [ -54.503313, -22.088862 ] ] ] } },
{ "type": "Feature", "properties": { "id": 761, "insc_imob": "08.01.23.23.193", "quadra_cartorio": null, "lote_cartorio": "16", "matricula": "2349", "circunscricao": "1º CIRCUNSCRIÇÃO", "zoneamento": null, "condominio": null, "area_geom": 359.98, "cnm": "062661.2.0002349-16" }, "geometry": { "type": "Polygon", "coordinates": [ [ [ -54.503413, -22.088916 ], [ -54.503585, -22.088696 ], [ -54.503634, -22.088722 ], [ -54.503686, -22.08875 ], [ -54.503514, -22.08897 ], [ -54.503413, -22.088916 ] ] ] } },
{ "type": "Feature", "properties": { "id": 762, "insc_imob": "08.01.23.23.205", "quadra_cartorio": null, "lote_cartorio": "15", "matricula": "2350", "circunscricao": "1º CIRCUNSCRIÇÃO", "zoneamento": null, "condominio": null, "area_geom": 359.98, "cnm": "062661.2.0002350-13" }, "geometry": { "type": "Polygon", "coordinates": [ [ [ -54.503514, -22.08897 ], [ -54.503686, -22.08875 ], [ -54.503787, -22.088804 ], [ -54.503615, -22.089024 ], [ -54.503514, -22.08897 ] ] ] } },
{ "type": "Feature", "properties": { "id": 763, "insc_imob": "08.01.23.23.247", "quadra_cartorio": null, "lote_cartorio": "14", "matricula": "2351", "circunscricao": "1º CIRCUNSCRIÇÃO", "zoneamento": null, "condominio": null, "area_geom": 359.98, "cnm": "062661.2.0002351-10" }, "geometry": { "type": "Polygon", "coordinates": [ [ [ -54.503615, -22.089024 ], [ -54.503787, -22.088804 ], [ -54.503887, -22.088858 ], [ -54.503715, -22.089078 ], [ -54.503615, -22.089024 ] ] ] } },
{ "type": "Feature", "properties": { "id": 773, "insc_imob": "08.01.23.23.284", "quadra_cartorio": null, "lote_cartorio": "11", "matricula": "43678", "circunscricao": "1º CIRCUNSCRIÇÃO", "zoneamento": null, "condominio": null, "area_geom": 362.02, "cnm": "062661.2.0043678-92" }, "geometry": { "type": "Polygon", "coordinates": [ [ [ -54.503772, -22.088546 ], [ -54.50384, -22.088457 ], [ -54.504093, -22.088594 ], [ -54.504025, -22.088682 ], [ -54.503772, -22.088546 ] ] ] } },
{ "type": "Feature", "properties": { "id": 778, "insc_imob": "08.01.23.23.344", "quadra_cartorio": null, "lote_cartorio": "06", "matricula": "26384", "circunscricao": "1º CIRCUNSCRIÇÃO", "zoneamento": null, "condominio": null, "area_geom": 362.01, "cnm": "062661.2.0026384-79" }, "geometry": { "type": "Polygon", "coordinates": [ [ [ -54.504115, -22.088105 ], [ -54.504184, -22.088017 ], [ -54.504236, -22.088045 ], [ -54.504336, -22.088099 ], [ -54.504388, -22.088126 ], [ -54.504437, -22.088153 ], [ -54.504368, -22.088241 ], [ -54.50433, -22.08822 ], [ -54.504115, -22.088105 ] ] ] } },
{ "type": "Feature", "properties": { "id": 797, "insc_imob": "08.01.23.24.042", "quadra_cartorio": null, "lote_cartorio": "03", "matricula": "12169", "circunscricao": "1º CIRCUNSCRIÇÃO", "zoneamento": null, "condominio": null, "area_geom": 276.27, "cnm": "062661.2.0012169-44" }, "geometry": { "type": "Polygon", "coordinates": [ [ [ -54.504499, -22.088292 ], [ -54.504568, -22.088204 ], [ -54.504664, -22.088256 ], [ -54.50476, -22.088307 ], [ -54.504693, -22.088396 ], [ -54.504499, -22.088292 ] ] ] } },
{ "type": "Feature", "properties": { "id": 798, "insc_imob": "08.01.23.24.054", "quadra_cartorio": null, "lote_cartorio": "04", "matricula": "48953", "circunscricao": "1º CIRCUNSCRIÇÃO", "zoneamento": null, "condominio": null, "area_geom": 278.75, "cnm": "062661.2.0048953-78" }, "geometry": { "type": "Polygon", "coordinates": [ [ [ -54.50443, -22.08838 ], [ -54.504499, -22.088292 ], [ -54.504693, -22.088396 ], [ -54.504625, -22.088485 ], [ -54.50443, -22.08838 ] ] ] } },
{ "type": "Feature", "properties": { "id": 821, "insc_imob": "08.01.23.24.066", "quadra_cartorio": null, "lote_cartorio": "05", "matricula": "10160", "circunscricao": "1º CIRCUNSCRIÇÃO", "zoneamento": null, "condominio": null, "area_geom": 281.25, "cnm": "062661.2.0010160-57" }, "geometry": { "type": "Polygon", "coordinates": [ [ [ -54.50436, -22.088468 ], [ -54.50443, -22.08838 ], [ -54.504625, -22.088485 ], [ -54.504558, -22.088574 ], [ -54.50436, -22.088468 ] ] ] } },
{ "type": "Feature", "properties": { "id": 826, "insc_imob": "08.01.23.34.121", "quadra_cartorio": null, "lote_cartorio": "11", "matricula": "46558", "circunscricao": "1º CIRCUNSCRIÇÃO", "zoneamento": null, "condominio": null, "area_geom": 359.98, "cnm": "062661.2.0046558-85" }, "geometry": { "type": "Polygon", "coordinates": [ [ [ -54.502621, -22.08901 ], [ -54.502764, -22.088774 ], [ -54.502865, -22.088828 ], [ -54.502723, -22.089063 ], [ -54.502621, -22.08901 ] ] ] } },
{ "type": "Feature", "properties": { "id": 827, "insc_imob": "08.01.23.34.145", "quadra_cartorio": null, "lote_cartorio": "09", "matricula": "48183", "circunscricao": "1º CIRCUNSCRIÇÃO", "zoneamento": null, "condominio": null, "area_geom": 360.0, "cnm": "062661.2.0048183-60" }, "geometry": { "type": "Polygon", "coordinates": [ [ [ -54.502824, -22.089117 ], [ -54.502967, -22.088881 ], [ -54.503068, -22.088934 ], [ -54.502925, -22.08917 ], [ -54.502824, -22.089117 ] ] ] } },
{ "type": "Feature", "properties": { "id": 828, "insc_imob": "08.01.23.34.157", "quadra_cartorio": null, "lote_cartorio": "08", "matricula": "36581", "circunscricao": "1º CIRCUNSCRIÇÃO", "zoneamento": null, "condominio": null, "area_geom": 359.99, "cnm": "062661.2.0036581-43" }, "geometry": { "type": "Polygon", "coordinates": [ [ [ -54.502925, -22.08917 ], [ -54.503068, -22.088934 ], [ -54.503169, -22.088987 ], [ -54.503026, -22.089223 ], [ -54.502925, -22.08917 ] ] ] } },
{ "type": "Feature", "properties": { "id": 829, "insc_imob": "08.01.23.34.169", "quadra_cartorio": null, "lote_cartorio": "07", "matricula": "36580", "circunscricao": "1º CIRCUNSCRIÇÃO", "zoneamento": null, "condominio": null, "area_geom": 359.99, "cnm": "062661.2.0036580-46" }, "geometry": { "type": "Polygon", "coordinates": [ [ [ -54.503026, -22.089223 ], [ -54.503169, -22.088987 ], [ -54.50327, -22.089041 ], [ -54.503153, -22.089235 ], [ -54.503128, -22.089276 ], [ -54.503026, -22.089223 ] ] ] } },
{ "type": "Feature", "properties": { "id": 830, "insc_imob": "08.01.23.34.181", "quadra_cartorio": null, "lote_cartorio": "06", "matricula": "41527", "circunscricao": "1º CIRCUNSCRIÇÃO", "zoneamento": null, "condominio": null, "area_geom": 360.0, "cnm": "062661.2.0041527-46" }, "geometry": { "type": "Polygon", "coordinates": [ [ [ -54.503128, -22.089276 ], [ -54.503153, -22.089235 ], [ -54.50327, -22.089041 ], [ -54.503372, -22.089094 ], [ -54.503249, -22.089295 ], [ -54.503229, -22.08933 ], [ -54.503128, -22.089276 ] ] ] } },
{ "type": "Feature", "properties": { "id": 838, "insc_imob": "08.01.23.34.229", "quadra_cartorio": null, "lote_cartorio": "02", "matricula": "24274", "circunscricao": "1º CIRCUNSCRIÇÃO", "zoneamento": null, "condominio": null, "area_geom": 565.61, "cnm": "062661.2.0024274-07" }, "geometry": { "type": "Polygon", "coordinates": [ [ [ -54.503532, -22.089489 ], [ -54.503675, -22.089253 ], [ -54.503812, -22.089325 ], [ -54.503714, -22.089585 ], [ -54.503532, -22.089489 ] ] ] } },
{ "type": "Feature", "properties": { "id": 4465, "insc_imob": "08.01.23.03.193", "quadra_cartorio": null, "lote_cartorio": "16", "matricula": "25630", "circunscricao": "1º CIRCUNSCRIÇÃO", "zoneamento": null, "condominio": null, "area_geom": 359.98, "cnm": "062661.2.0025630-13" }, "geometry": { "type": "Polygon", "coordinates": [ [ [ -54.505394, -22.086305 ], [ -54.505569, -22.086087 ], [ -54.505618, -22.086114 ], [ -54.505669, -22.086142 ], [ -54.505494, -22.08636 ], [ -54.505394, -22.086305 ] ] ] } },
{ "type": "Feature", "properties": { "id": 4466, "insc_imob": "08.01.23.22.127", "quadra_cartorio": null, "lote_cartorio": "19", "matricula": "35709", "circunscricao": "1º CIRCUNSCRIÇÃO", "zoneamento": null, "condominio": null, "area_geom": 362.06, "cnm": "062661.2.0035709-40" }, "geometry": { "type": "Polygon", "coordinates": [ [ [ -54.502706, -22.088223 ], [ -54.502775, -22.088135 ], [ -54.503028, -22.088271 ], [ -54.502959, -22.088359 ], [ -54.50291, -22.088333 ], [ -54.502809, -22.088279 ], [ -54.502706, -22.088223 ] ] ] } },
{ "type": "Feature", "properties": { "id": 4911, "insc_imob": "08.01.23.24.090", "quadra_cartorio": null, "lote_cartorio": "07", "matricula": "19989", "circunscricao": "1º CIRCUNSCRIÇÃO", "zoneamento": null, "condominio": null, "area_geom": 286.24, "cnm": "062661.2.0019989-58" }, "geometry": { "type": "Polygon", "coordinates": [ [ [ -54.504222, -22.088643 ], [ -54.504291, -22.088555 ], [ -54.50449, -22.088663 ], [ -54.504423, -22.088751 ], [ -54.504222, -22.088643 ] ] ] } },
{ "type": "Feature", "properties": { "id": 5838, "insc_imob": "08.01.23.02.103", "quadra_cartorio": null, "lote_cartorio": "21", "matricula": "74289", "circunscricao": "1º CIRCUNSCRIÇÃO", "zoneamento": null, "condominio": null, "area_geom": 362.01, "cnm": "062661.2.0074289-21" }, "geometry": { "type": "Polygon", "coordinates": [ [ [ -54.50484, -22.085425 ], [ -54.504908, -22.085337 ], [ -54.505162, -22.085473 ], [ -54.505093, -22.085561 ], [ -54.50484, -22.085425 ] ] ] } },
{ "type": "Feature", "properties": { "id": 6726, "insc_imob": "08.01.13.12.174", "quadra_cartorio": null, "lote_cartorio": "11", "matricula": "54743", "circunscricao": "1º CIRCUNSCRIÇÃO", "zoneamento": null, "condominio": null, "area_geom": 431.99, "cnm": "062661.2.0054743-71" }, "geometry": { "type": "Polygon", "coordinates": [ [ [ -54.505845, -22.082995 ], [ -54.506019, -22.082714 ], [ -54.506119, -22.082768 ], [ -54.506061, -22.082862 ], [ -54.506003, -22.082956 ], [ -54.505945, -22.083049 ], [ -54.505845, -22.082995 ] ] ] } },
{ "type": "Feature", "properties": { "id": 11660, "insc_imob": "08.01.23.13.332", "quadra_cartorio": null, "lote_cartorio": "07", "matricula": "27932", "circunscricao": "1º CIRCUNSCRIÇÃO", "zoneamento": null, "condominio": null, "area_geom": 362.03, "cnm": "062661.2.0027932-91" }, "geometry": { "type": "Polygon", "coordinates": [ [ [ -54.505045, -22.086885 ], [ -54.505112, -22.086796 ], [ -54.505367, -22.08693 ], [ -54.5053, -22.087019 ], [ -54.505045, -22.086885 ] ] ] } },
{ "type": "Feature", "properties": { "id": 123807, "insc_imob": "08.01.13.14.080", "quadra_cartorio": "03", "lote_cartorio": "04", "matricula": "47915", "circunscricao": null, "zoneamento": null, "condominio": null, "area_geom": 375.0, "cnm": "062661.2.0047915-88" }, "geometry": { "type": "Polygon", "coordinates": [ [ [ -54.507437, -22.083495 ], [ -54.507185, -22.08336 ], [ -54.507246, -22.083262 ], [ -54.507497, -22.083397 ], [ -54.507437, -22.083495 ] ] ] } },
{ "type": "Feature", "properties": { "id": 82978, "insc_imob": "08.01.13.14.010", "quadra_cartorio": null, "lote_cartorio": "A", "matricula": "140255", "circunscricao": "1º CIRCUNSCRIÇÃO", "zoneamento": null, "condominio": null, "area_geom": 43087.22, "cnm": "062661.2.0140255-03" }, "geometry": { "type": "Polygon", "coordinates": [ [ [ -54.510719, -22.08438 ], [ -54.510074, -22.085367 ], [ -54.507482, -22.083918 ], [ -54.50769, -22.083613 ], [ -54.50744, -22.08349 ], [ -54.507497, -22.083397 ], [ -54.507893, -22.082766 ], [ -54.510719, -22.08438 ] ] ] } }
]
}
