{
"type": "FeatureCollection",
"name": "lotes_fiscais",
"xy_coordinate_resolution": 1e-006,
"features": [
{ "type": "Feature", "properties": { "id": 79971, "insc_imob": "09.01.24.22.168", "quadra_cartorio": "16", "lote_cartorio": "REMANESCENTE", "matricula": "12250", "circunscricao": "1º CIRCUNSCRIÇÃO", "zoneamento": null, "condominio": null, "area_geom": 743.94, "cnm": "062661.2.0012250-92" }, "geometry": { "type": "Polygon", "coordinates": [ [ [ -54.488777, -22.139245 ], [ -54.488671, -22.139685 ], [ -54.488532, -22.139656 ], [ -54.488635, -22.139216 ], [ -54.488777, -22.139245 ] ] ] } },
{ "type": "Feature", "properties": { "id": 79763, "insc_imob": "09.01.23.42.381", "quadra_cartorio": "01", "lote_cartorio": "D", "matricula": "43750", "circunscricao": "1º CIRCUNSCRIÇÃO", "zoneamento": null, "condominio": null, "area_geom": 1495.47, "cnm": "062661.2.0043750-70" }, "geometry": { "type": "Polygon", "coordinates": [ [ [ -54.484965, -22.140235 ], [ -54.48486, -22.140673 ], [ -54.484577, -22.140614 ], [ -54.484682, -22.140175 ], [ -54.484965, -22.140235 ] ] ] } },
{ "type": "Feature", "properties": { "id": 79538, "insc_imob": "09.01.24.13.366", "quadra_cartorio": "20", "lote_cartorio": "D", "matricula": "38863", "circunscricao": "1º CIRCUNSCRIÇÃO", "zoneamento": null, "condominio": null, "area_geom": 1495.46, "cnm": "062661.2.0038863-84" }, "geometry": { "type": "Polygon", "coordinates": [ [ [ -54.490251, -22.137981 ], [ -54.490188, -22.138244 ], [ -54.490146, -22.13842 ], [ -54.489862, -22.138361 ], [ -54.489905, -22.138185 ], [ -54.489968, -22.137921 ], [ -54.490251, -22.137981 ] ] ] } },
{ "type": "Feature", "properties": { "id": 77388, "insc_imob": "09.01.23.42.281", "quadra_cartorio": "01", "lote_cartorio": "B", "matricula": "44129", "circunscricao": "1º CIRCUNSCRIÇÃO", "zoneamento": null, "condominio": null, "area_geom": 1399.98, "cnm": "062661.2.0044129-97" }, "geometry": { "type": "Polygon", "coordinates": [ [ [ -54.485149, -22.140918 ], [ -54.484818, -22.140849 ], [ -54.48486, -22.140673 ], [ -54.484902, -22.140497 ], [ -54.485233, -22.140566 ], [ -54.485149, -22.140918 ] ] ] } },
{ "type": "Feature", "properties": { "id": 83014, "insc_imob": "09.01.24.42.137", "quadra_cartorio": "04", "lote_cartorio": "H1", "matricula": "113995", "circunscricao": "1º CIRCUNSCRIÇÃO", "zoneamento": null, "condominio": null, "area_geom": 524.99, "cnm": "062661.2.0113995-19" }, "geometry": { "type": "Polygon", "coordinates": [ [ [ -54.487942, -22.141485 ], [ -54.48791, -22.141617 ], [ -54.487579, -22.141548 ], [ -54.487611, -22.141416 ], [ -54.487942, -22.141485 ] ] ] } },
{ "type": "Feature", "properties": { "id": 94275, "insc_imob": "09.01.23.42.167", "quadra_cartorio": null, "lote_cartorio": "E-01", "matricula": "160531", "circunscricao": "1º CIRCUNSCRIÇÃO", "zoneamento": null, "condominio": null, "area_geom": 749.98, "cnm": "062661.2.0160531-91" }, "geometry": { "type": "Polygon", "coordinates": [ [ [ -54.48486, -22.140673 ], [ -54.484755, -22.141114 ], [ -54.484613, -22.141084 ], [ -54.484718, -22.140644 ], [ -54.48486, -22.140673 ] ] ] } },
{ "type": "Feature", "properties": { "id": 94276, "insc_imob": "09.01.23.42.168", "quadra_cartorio": null, "lote_cartorio": "E-02", "matricula": "160532", "circunscricao": "1º CIRCUNSCRIÇÃO", "zoneamento": null, "condominio": null, "area_geom": 749.98, "cnm": "062661.2.0160532-88" }, "geometry": { "type": "Polygon", "coordinates": [ [ [ -54.484718, -22.140644 ], [ -54.484613, -22.141084 ], [ -54.484471, -22.141055 ], [ -54.484577, -22.140614 ], [ -54.484718, -22.140644 ] ] ] } },
{ "type": "Feature", "properties": { "id": 74023, "insc_imob": "09.01.24.44.271", "quadra_cartorio": "06", "lote_cartorio": "B", "matricula": "43535", "circunscricao": "1º CIRCUNSCRIÇÃO", "zoneamento": null, "condominio": null, "area_geom": 1400.01, "cnm": "062661.2.0043535-36" }, "geometry": { "type": "Polygon", "coordinates": [ [ [ -54.490497, -22.142008 ], [ -54.490582, -22.141656 ], [ -54.490913, -22.141724 ], [ -54.490828, -22.142077 ], [ -54.490497, -22.142008 ] ] ] } },
{ "type": "Feature", "properties": { "id": 99428, "insc_imob": "09.01.24.23.071", "quadra_cartorio": "17", "lote_cartorio": "G", "matricula": "47747", "circunscricao": "1º CIRCUNSCRIÇÃO", "zoneamento": null, "condominio": null, "area_geom": 1400.0, "cnm": "062661.2.0047747-10" }, "geometry": { "type": "Polygon", "coordinates": [ [ [ -54.489255, -22.139529 ], [ -54.489339, -22.139177 ], [ -54.48967, -22.139246 ], [ -54.489628, -22.139422 ], [ -54.489586, -22.139598 ], [ -54.489255, -22.139529 ] ] ] } },
{ "type": "Feature", "properties": { "id": 112141, "insc_imob": "09.01.24.03.051", "quadra_cartorio": "29", "lote_cartorio": null, "matricula": null, "circunscricao": "1º CIRCUNSCRIÇÃO", "zoneamento": null, "condominio": null, "area_geom": 523.17, "cnm": null }, "geometry": { "type": "Polygon", "coordinates": [ [ [ -54.489846, -22.137063 ], [ -54.489878, -22.136931 ], [ -54.490209, -22.137 ], [ -54.490177, -22.137132 ], [ -54.489846, -22.137063 ] ] ] } },
{ "type": "Feature", "properties": { "id": 120357, "insc_imob": "09.01.23.31.071", "quadra_cartorio": "11", "lote_cartorio": "G", "matricula": null, "circunscricao": "1º CIRCUNSCRIÇÃO", "zoneamento": null, "condominio": null, "area_geom": 1399.99, "cnm": null }, "geometry": { "type": "Polygon", "coordinates": [ [ [ -54.485596, -22.139883 ], [ -54.48568, -22.13953 ], [ -54.486011, -22.139599 ], [ -54.485927, -22.139952 ], [ -54.485596, -22.139883 ] ] ] } },
{ "type": "Feature", "properties": { "id": 6216, "insc_imob": "09.01.24.01.166", "quadra_cartorio": null, "lote_cartorio": "E", "matricula": "6613", "circunscricao": "1º CIRCUNSCRIÇÃO", "zoneamento": null, "condominio": null, "area_geom": 1499.89, "cnm": "062661.2.0006613-28" }, "geometry": { "type": "Polygon", "coordinates": [ [ [ -54.487758, -22.137285 ], [ -54.487863, -22.136845 ], [ -54.48792, -22.136857 ], [ -54.488147, -22.136904 ], [ -54.488105, -22.13708 ], [ -54.488041, -22.137344 ], [ -54.487758, -22.137285 ] ] ] } },
{ "type": "Feature", "properties": { "id": 6217, "insc_imob": "09.01.24.01.271", "quadra_cartorio": null, "lote_cartorio": "B", "matricula": "39078", "circunscricao": "1º CIRCUNSCRIÇÃO", "zoneamento": null, "condominio": null, "area_geom": 1399.81, "cnm": "062661.2.0039078-21" }, "geometry": { "type": "Polygon", "coordinates": [ [ [ -54.488147, -22.136904 ], [ -54.488189, -22.136728 ], [ -54.48852, -22.136797 ], [ -54.488436, -22.137149 ], [ -54.488105, -22.13708 ], [ -54.488147, -22.136904 ] ] ] } },
{ "type": "Feature", "properties": { "id": 3408, "insc_imob": "09.01.23.31.166", "quadra_cartorio": null, "lote_cartorio": "E", "matricula": null, "circunscricao": "1º CIRCUNSCRIÇÃO", "zoneamento": null, "condominio": null, "area_geom": 899.95, "cnm": null }, "geometry": { "type": "Polygon", "coordinates": [ [ [ -54.485864, -22.140216 ], [ -54.485927, -22.139952 ], [ -54.486211, -22.140011 ], [ -54.486147, -22.140275 ], [ -54.485864, -22.140216 ] ] ] } },
{ "type": "Feature", "properties": { "id": 1345, "insc_imob": "09.01.24.21.136", "quadra_cartorio": null, "lote_cartorio": "H", "matricula": "39052", "circunscricao": "1º CIRCUNSCRIÇÃO", "zoneamento": null, "condominio": null, "area_geom": 1049.94, "cnm": "062661.2.0039052-02" }, "geometry": { "type": "Polygon", "coordinates": [ [ [ -54.486909, -22.139319 ], [ -54.486972, -22.139054 ], [ -54.487303, -22.139123 ], [ -54.48724, -22.139388 ], [ -54.486909, -22.139319 ] ] ] } },
{ "type": "Feature", "properties": { "id": 1030, "insc_imob": "09.01.23.15.016", "quadra_cartorio": null, "lote_cartorio": "08", "matricula": "121145", "circunscricao": "1º CIRCUNSCRIÇÃO", "zoneamento": null, "condominio": null, "area_geom": 234.46, "cnm": "062661.2.0121145-06" }, "geometry": { "type": "Polygon", "coordinates": [ [ [ -54.481864, -22.136617 ], [ -54.481903, -22.136479 ], [ -54.482041, -22.136513 ], [ -54.482, -22.136654 ], [ -54.481864, -22.136617 ] ] ] } },
{ "type": "Feature", "properties": { "id": 1536, "insc_imob": "09.01.24.43.166", "quadra_cartorio": null, "lote_cartorio": "E", "matricula": "43763", "circunscricao": "1º CIRCUNSCRIÇÃO", "zoneamento": null, "condominio": null, "area_geom": 1499.9, "cnm": "062661.2.0043763-31" }, "geometry": { "type": "Polygon", "coordinates": [ [ [ -54.489086, -22.14172 ], [ -54.489128, -22.141544 ], [ -54.489355, -22.141591 ], [ -54.489412, -22.141603 ], [ -54.489369, -22.141779 ], [ -54.489306, -22.142043 ], [ -54.489022, -22.141984 ], [ -54.489086, -22.14172 ] ] ] } },
{ "type": "Feature", "properties": { "id": 77103, "insc_imob": "09.01.23.32.071", "quadra_cartorio": "12", "lote_cartorio": "G", "matricula": null, "circunscricao": "1º CIRCUNSCRIÇÃO", "zoneamento": null, "condominio": null, "area_geom": 1398.79, "cnm": null }, "geometry": { "type": "Polygon", "coordinates": [ [ [ -54.484462, -22.139642 ], [ -54.484547, -22.139289 ], [ -54.484878, -22.139358 ], [ -54.484836, -22.139535 ], [ -54.484793, -22.139711 ], [ -54.484462, -22.139642 ] ] ] } },
{ "type": "Feature", "properties": { "id": 98225, "insc_imob": "09.01.24.33.231", "quadra_cartorio": "08", "lote_cartorio": "C", "matricula": null, "circunscricao": "1º CIRCUNSCRIÇÃO", "zoneamento": null, "condominio": null, "area_geom": 1049.07, "cnm": null }, "geometry": { "type": "Polygon", "coordinates": [ [ [ -54.489553, -22.140979 ], [ -54.489616, -22.140715 ], [ -54.489947, -22.140783 ], [ -54.489884, -22.141048 ], [ -54.489553, -22.140979 ] ] ] } },
{ "type": "Feature", "properties": { "id": 98226, "insc_imob": "09.01.24.33.271", "quadra_cartorio": "08", "lote_cartorio": "B", "matricula": null, "circunscricao": "1º CIRCUNSCRIÇÃO", "zoneamento": null, "condominio": null, "area_geom": 1398.77, "cnm": null }, "geometry": { "type": "Polygon", "coordinates": [ [ [ -54.489658, -22.140538 ], [ -54.4897, -22.140362 ], [ -54.490031, -22.140431 ], [ -54.489947, -22.140783 ], [ -54.489616, -22.140715 ], [ -54.489658, -22.140538 ] ] ] } },
{ "type": "Feature", "properties": { "id": 98228, "insc_imob": "09.01.24.35.352", "quadra_cartorio": "00", "lote_cartorio": null, "matricula": null, "circunscricao": "1º CIRCUNSCRIÇÃO", "zoneamento": null, "condominio": null, "area_geom": 13318.85, "cnm": null }, "geometry": { "type": "Polygon", "coordinates": [ [ [ -54.491068, -22.141735 ], [ -54.49134, -22.140695 ], [ -54.492472, -22.141479 ], [ -54.491826, -22.142267 ], [ -54.491068, -22.141735 ] ] ] } },
{ "type": "Feature", "properties": { "id": 99210, "insc_imob": "09.01.23.12.071", "quadra_cartorio": "24", "lote_cartorio": "G", "matricula": null, "circunscricao": "1º CIRCUNSCRIÇÃO", "zoneamento": null, "condominio": null, "area_geom": 1398.79, "cnm": null }, "geometry": { "type": "Polygon", "coordinates": [ [ [ -54.48495, -22.137543 ], [ -54.485035, -22.13719 ], [ -54.485366, -22.137259 ], [ -54.485323, -22.137436 ], [ -54.485281, -22.137612 ], [ -54.48495, -22.137543 ] ] ] } },
{ "type": "Feature", "properties": { "id": 104405, "insc_imob": "09.01.24.03.166", "quadra_cartorio": "29", "lote_cartorio": "E", "matricula": null, "circunscricao": "1º CIRCUNSCRIÇÃO", "zoneamento": null, "condominio": null, "area_geom": 1498.73, "cnm": null }, "geometry": { "type": "Polygon", "coordinates": [ [ [ -54.490093, -22.137484 ], [ -54.490135, -22.137308 ], [ -54.490419, -22.137367 ], [ -54.490377, -22.137543 ], [ -54.490313, -22.137807 ], [ -54.490029, -22.137748 ], [ -54.490093, -22.137484 ] ] ] } },
{ "type": "Feature", "properties": { "id": 112172, "insc_imob": "09.01.24.12.071", "quadra_cartorio": "21", "lote_cartorio": "G", "matricula": null, "circunscricao": "1º CIRCUNSCRIÇÃO", "zoneamento": null, "condominio": null, "area_geom": 1398.79, "cnm": null }, "geometry": { "type": "Polygon", "coordinates": [ [ [ -54.488364, -22.138234 ], [ -54.488448, -22.137882 ], [ -54.488779, -22.137951 ], [ -54.488737, -22.138127 ], [ -54.488695, -22.138303 ], [ -54.488364, -22.138234 ] ] ] } },
{ "type": "Feature", "properties": { "id": 867, "insc_imob": "09.01.23.01.251", "quadra_cartorio": null, "lote_cartorio": null, "matricula": null, "circunscricao": "1º CIRCUNSCRIÇÃO", "zoneamento": null, "condominio": null, "area_geom": 524.97, "cnm": null }, "geometry": { "type": "Polygon", "coordinates": [ [ [ -54.486957, -22.136839 ], [ -54.486989, -22.136706 ], [ -54.487319, -22.136775 ], [ -54.487288, -22.136907 ], [ -54.486957, -22.136839 ] ] ] } },
{ "type": "Feature", "properties": { "id": 914, "insc_imob": "09.01.23.02.231", "quadra_cartorio": null, "lote_cartorio": "C", "matricula": null, "circunscricao": "1º CIRCUNSCRIÇÃO", "zoneamento": null, "condominio": null, "area_geom": 1049.96, "cnm": null }, "geometry": { "type": "Polygon", "coordinates": [ [ [ -54.485774, -22.136863 ], [ -54.485838, -22.136598 ], [ -54.486169, -22.136667 ], [ -54.486105, -22.136931 ], [ -54.485774, -22.136863 ] ] ] } },
{ "type": "Feature", "properties": { "id": 985, "insc_imob": "09.01.23.12.031", "quadra_cartorio": null, "lote_cartorio": "F", "matricula": null, "circunscricao": "1º CIRCUNSCRIÇÃO", "zoneamento": null, "condominio": null, "area_geom": 1048.15, "cnm": null }, "geometry": { "type": "Polygon", "coordinates": [ [ [ -54.485035, -22.13719 ], [ -54.485098, -22.136926 ], [ -54.485429, -22.136996 ], [ -54.485366, -22.137259 ], [ -54.485035, -22.13719 ] ] ] } },
{ "type": "Feature", "properties": { "id": 986, "insc_imob": "09.01.23.12.136", "quadra_cartorio": null, "lote_cartorio": "H", "matricula": null, "circunscricao": "1º CIRCUNSCRIÇÃO", "zoneamento": null, "condominio": null, "area_geom": 1049.96, "cnm": null }, "geometry": { "type": "Polygon", "coordinates": [ [ [ -54.484887, -22.137807 ], [ -54.48495, -22.137543 ], [ -54.485281, -22.137612 ], [ -54.485218, -22.137876 ], [ -54.484887, -22.137807 ] ] ] } },
{ "type": "Feature", "properties": { "id": 1024, "insc_imob": "09.01.23.14.215", "quadra_cartorio": null, "lote_cartorio": "13", "matricula": null, "circunscricao": "1º CIRCUNSCRIÇÃO", "zoneamento": null, "condominio": null, "area_geom": 394.17, "cnm": null }, "geometry": { "type": "Polygon", "coordinates": [ [ [ -54.483395, -22.137032 ], [ -54.483425, -22.13694 ], [ -54.483768, -22.137033 ], [ -54.483746, -22.137126 ], [ -54.483628, -22.137095 ], [ -54.483512, -22.137063 ], [ -54.483395, -22.137032 ] ] ] } },
{ "type": "Feature", "properties": { "id": 1031, "insc_imob": "09.01.23.15.072", "quadra_cartorio": null, "lote_cartorio": "07", "matricula": null, "circunscricao": "1º CIRCUNSCRIÇÃO", "zoneamento": null, "condominio": null, "area_geom": 577.34, "cnm": null }, "geometry": { "type": "Polygon", "coordinates": [ [ [ -54.481764, -22.136962 ], [ -54.481864, -22.136617 ], [ -54.482, -22.136654 ], [ -54.481899, -22.137 ], [ -54.481764, -22.136962 ] ] ] } },
{ "type": "Feature", "properties": { "id": 1300, "insc_imob": "09.01.24.03.335", "quadra_cartorio": null, "lote_cartorio": "A", "matricula": null, "circunscricao": "1º CIRCUNSCRIÇÃO", "zoneamento": null, "condominio": null, "area_geom": 1041.31, "cnm": null }, "geometry": { "type": "Polygon", "coordinates": [ [ [ -54.490461, -22.137191 ], [ -54.490524, -22.136928 ], [ -54.490855, -22.136998 ], [ -54.490792, -22.13726 ], [ -54.490461, -22.137191 ] ] ] } },
{ "type": "Feature", "properties": { "id": 1307, "insc_imob": "09.01.24.11.136", "quadra_cartorio": null, "lote_cartorio": "H", "matricula": null, "circunscricao": "1º CIRCUNSCRIÇÃO", "zoneamento": null, "condominio": null, "area_geom": 1049.95, "cnm": null }, "geometry": { "type": "Polygon", "coordinates": [ [ [ -54.487175, -22.138264 ], [ -54.487239, -22.138 ], [ -54.48757, -22.138069 ], [ -54.487506, -22.138333 ], [ -54.487175, -22.138264 ] ] ] } },
{ "type": "Feature", "properties": { "id": 1310, "insc_imob": "09.01.24.12.031", "quadra_cartorio": null, "lote_cartorio": "F", "matricula": null, "circunscricao": "1º CIRCUNSCRIÇÃO", "zoneamento": null, "condominio": null, "area_geom": 1048.14, "cnm": null }, "geometry": { "type": "Polygon", "coordinates": [ [ [ -54.488448, -22.137882 ], [ -54.488512, -22.137617 ], [ -54.488843, -22.137687 ], [ -54.488779, -22.137951 ], [ -54.488448, -22.137882 ] ] ] } },
{ "type": "Feature", "properties": { "id": 1315, "insc_imob": "09.01.24.12.231", "quadra_cartorio": null, "lote_cartorio": "C", "matricula": null, "circunscricao": "1º CIRCUNSCRIÇÃO", "zoneamento": null, "condominio": null, "area_geom": 1049.99, "cnm": null }, "geometry": { "type": "Polygon", "coordinates": [ [ [ -54.488915, -22.138626 ], [ -54.488979, -22.138362 ], [ -54.48931, -22.138431 ], [ -54.489246, -22.138695 ], [ -54.488915, -22.138626 ] ] ] } },
{ "type": "Feature", "properties": { "id": 1317, "insc_imob": "09.01.24.12.335", "quadra_cartorio": null, "lote_cartorio": "A", "matricula": null, "circunscricao": "1º CIRCUNSCRIÇÃO", "zoneamento": null, "condominio": null, "area_geom": 1041.32, "cnm": null }, "geometry": { "type": "Polygon", "coordinates": [ [ [ -54.489063, -22.13801 ], [ -54.489126, -22.137747 ], [ -54.489457, -22.137817 ], [ -54.489394, -22.138079 ], [ -54.489063, -22.13801 ] ] ] } },
{ "type": "Feature", "properties": { "id": 1318, "insc_imob": "09.01.24.12.366", "quadra_cartorio": null, "lote_cartorio": "D", "matricula": null, "circunscricao": "1º CIRCUNSCRIÇÃO", "zoneamento": null, "condominio": null, "area_geom": 1495.48, "cnm": null }, "geometry": { "type": "Polygon", "coordinates": [ [ [ -54.488779, -22.137951 ], [ -54.488843, -22.137687 ], [ -54.489126, -22.137747 ], [ -54.489063, -22.13801 ], [ -54.489021, -22.138186 ], [ -54.488794, -22.138139 ], [ -54.488737, -22.138127 ], [ -54.488779, -22.137951 ] ] ] } },
{ "type": "Feature", "properties": { "id": 1419, "insc_imob": "09.01.24.31.231", "quadra_cartorio": null, "lote_cartorio": "C", "matricula": null, "circunscricao": "1º CIRCUNSCRIÇÃO", "zoneamento": null, "condominio": null, "area_geom": 1049.97, "cnm": null }, "geometry": { "type": "Polygon", "coordinates": [ [ [ -54.487274, -22.140517 ], [ -54.487337, -22.140253 ], [ -54.487668, -22.140322 ], [ -54.487605, -22.140586 ], [ -54.487274, -22.140517 ] ] ] } },
{ "type": "Feature", "properties": { "id": 1438, "insc_imob": "09.01.24.33.335", "quadra_cartorio": null, "lote_cartorio": "A", "matricula": null, "circunscricao": "1º CIRCUNSCRIÇÃO", "zoneamento": null, "condominio": null, "area_geom": 1041.33, "cnm": null }, "geometry": { "type": "Polygon", "coordinates": [ [ [ -54.4897, -22.140362 ], [ -54.489763, -22.1401 ], [ -54.490094, -22.140169 ], [ -54.490031, -22.140431 ], [ -54.4897, -22.140362 ] ] ] } },
{ "type": "Feature", "properties": { "id": 1478, "insc_imob": "09.01.24.34.380", "quadra_cartorio": null, "lote_cartorio": null, "matricula": null, "circunscricao": "1º CIRCUNSCRIÇÃO", "zoneamento": null, "condominio": null, "area_geom": 9286.77, "cnm": null }, "geometry": { "type": "Polygon", "coordinates": [ [ [ -54.490073, -22.141087 ], [ -54.490278, -22.140233 ], [ -54.490802, -22.140342 ], [ -54.491184, -22.140593 ], [ -54.491018, -22.141284 ], [ -54.490073, -22.141087 ] ] ] } },
{ "type": "Feature", "properties": { "id": 1557, "insc_imob": "09.01.24.43.271", "quadra_cartorio": null, "lote_cartorio": "B", "matricula": null, "circunscricao": "1º CIRCUNSCRIÇÃO", "zoneamento": null, "condominio": null, "area_geom": 1399.86, "cnm": null }, "geometry": { "type": "Polygon", "coordinates": [ [ [ -54.489412, -22.141603 ], [ -54.489454, -22.141426 ], [ -54.489785, -22.141495 ], [ -54.4897, -22.141848 ], [ -54.489369, -22.141779 ], [ -54.489412, -22.141603 ] ] ] } },
{ "type": "Feature", "properties": { "id": 1586, "insc_imob": "09.01.24.44.071", "quadra_cartorio": null, "lote_cartorio": "G", "matricula": null, "circunscricao": "1º CIRCUNSCRIÇÃO", "zoneamento": null, "condominio": null, "area_geom": 1400.0, "cnm": null }, "geometry": { "type": "Polygon", "coordinates": [ [ [ -54.489883, -22.14188 ], [ -54.489967, -22.141528 ], [ -54.490298, -22.141597 ], [ -54.490256, -22.141773 ], [ -54.490214, -22.141949 ], [ -54.489883, -22.14188 ] ] ] } },
{ "type": "Feature", "properties": { "id": 3384, "insc_imob": "09.01.23.31.031", "quadra_cartorio": null, "lote_cartorio": "F", "matricula": null, "circunscricao": "1º CIRCUNSCRIÇÃO", "zoneamento": null, "condominio": null, "area_geom": 1048.15, "cnm": null }, "geometry": { "type": "Polygon", "coordinates": [ [ [ -54.48568, -22.13953 ], [ -54.485744, -22.139266 ], [ -54.486075, -22.139336 ], [ -54.486011, -22.139599 ], [ -54.48568, -22.13953 ] ] ] } },
{ "type": "Feature", "properties": { "id": 3385, "insc_imob": "09.01.23.31.136", "quadra_cartorio": null, "lote_cartorio": "H", "matricula": null, "circunscricao": "1º CIRCUNSCRIÇÃO", "zoneamento": null, "condominio": null, "area_geom": 1049.97, "cnm": null }, "geometry": { "type": "Polygon", "coordinates": [ [ [ -54.485533, -22.140147 ], [ -54.485596, -22.139883 ], [ -54.485927, -22.139952 ], [ -54.485864, -22.140216 ], [ -54.485533, -22.140147 ] ] ] } },
{ "type": "Feature", "properties": { "id": 3410, "insc_imob": "09.01.23.31.271", "quadra_cartorio": null, "lote_cartorio": "B", "matricula": null, "circunscricao": "1º CIRCUNSCRIÇÃO", "zoneamento": null, "condominio": null, "area_geom": 1399.98, "cnm": null }, "geometry": { "type": "Polygon", "coordinates": [ [ [ -54.486211, -22.140011 ], [ -54.486295, -22.139658 ], [ -54.486626, -22.139727 ], [ -54.486542, -22.140079 ], [ -54.486211, -22.140011 ] ] ] } },
{ "type": "Feature", "properties": { "id": 3424, "insc_imob": "09.01.23.31.335", "quadra_cartorio": null, "lote_cartorio": "A", "matricula": null, "circunscricao": "1º CIRCUNSCRIÇÃO", "zoneamento": null, "condominio": null, "area_geom": 1041.32, "cnm": null }, "geometry": { "type": "Polygon", "coordinates": [ [ [ -54.486295, -22.139658 ], [ -54.486358, -22.139396 ], [ -54.486689, -22.139465 ], [ -54.486626, -22.139727 ], [ -54.486295, -22.139658 ] ] ] } },
{ "type": "Feature", "properties": { "id": 3425, "insc_imob": "09.01.23.31.366", "quadra_cartorio": null, "lote_cartorio": "D", "matricula": null, "circunscricao": "1º CIRCUNSCRIÇÃO", "zoneamento": null, "condominio": null, "area_geom": 2095.49, "cnm": null }, "geometry": { "type": "Polygon", "coordinates": [ [ [ -54.486011, -22.139599 ], [ -54.486075, -22.139336 ], [ -54.486358, -22.139396 ], [ -54.486295, -22.139658 ], [ -54.486211, -22.140011 ], [ -54.485927, -22.139952 ], [ -54.486011, -22.139599 ] ] ] } },
{ "type": "Feature", "properties": { "id": 51060, "insc_imob": "09.01.24.04.335", "quadra_cartorio": "30", "lote_cartorio": "A", "matricula": "38427", "circunscricao": "1º CIRCUNSCRIÇÃO", "zoneamento": null, "condominio": null, "area_geom": 1040.44, "cnm": "062661.2.0038427-34" }, "geometry": { "type": "Polygon", "coordinates": [ [ [ -54.491587, -22.137394 ], [ -54.491647, -22.137131 ], [ -54.491979, -22.137198 ], [ -54.491919, -22.13746 ], [ -54.491587, -22.137394 ] ] ] } },
{ "type": "Feature", "properties": { "id": 51738, "insc_imob": "09.01.24.11.271", "quadra_cartorio": "22", "lote_cartorio": "B", "matricula": "38860", "circunscricao": "1º CIRCUNSCRIÇÃO", "zoneamento": null, "condominio": null, "area_geom": 1398.78, "cnm": "062661.2.0038860-93" }, "geometry": { "type": "Polygon", "coordinates": [ [ [ -54.487896, -22.137952 ], [ -54.487938, -22.137775 ], [ -54.488269, -22.137844 ], [ -54.488184, -22.138197 ], [ -54.487854, -22.138128 ], [ -54.487896, -22.137952 ] ] ] } },
{ "type": "Feature", "properties": { "id": 58765, "insc_imob": "09.01.23.23.294", "quadra_cartorio": "01", "lote_cartorio": "29", "matricula": "121306", "circunscricao": "1º CIRCUNSCRIÇÃO", "zoneamento": null, "condominio": null, "area_geom": 234.51, "cnm": "062661.2.0121306-08" }, "geometry": { "type": "Polygon", "coordinates": [ [ [ -54.484516, -22.138084 ], [ -54.484564, -22.137884 ], [ -54.484661, -22.137911 ], [ -54.484615, -22.138105 ], [ -54.484516, -22.138084 ] ] ] } },
{ "type": "Feature", "properties": { "id": 62979, "insc_imob": "09.01.23.24.118", "quadra_cartorio": "02", "lote_cartorio": "02", "matricula": "121308", "circunscricao": "1º CIRCUNSCRIÇÃO", "zoneamento": null, "condominio": null, "area_geom": 281.84, "cnm": "062661.2.0121308-02" }, "geometry": { "type": "Polygon", "coordinates": [ [ [ -54.484295, -22.138621 ], [ -54.484353, -22.138377 ], [ -54.484443, -22.138396 ], [ -54.484384, -22.138664 ], [ -54.484295, -22.138621 ] ] ] } },
{ "type": "Feature", "properties": { "id": 64503, "insc_imob": "09.01.23.42.136", "quadra_cartorio": "01", "lote_cartorio": "H", "matricula": "60352", "circunscricao": "1º CIRCUNSCRIÇÃO", "zoneamento": null, "condominio": null, "area_geom": 1049.09, "cnm": "062661.2.0060352-25" }, "geometry": { "type": "Polygon", "coordinates": [ [ [ -54.48414, -22.140986 ], [ -54.484203, -22.140722 ], [ -54.484534, -22.14079 ], [ -54.484471, -22.141055 ], [ -54.48414, -22.140986 ] ] ] } },
{ "type": "Feature", "properties": { "id": 65436, "insc_imob": "09.01.23.15.280", "quadra_cartorio": "03", "lote_cartorio": "09", "matricula": "121146", "circunscricao": "1º CIRCUNSCRIÇÃO", "zoneamento": null, "condominio": null, "area_geom": 200.89, "cnm": "062661.2.0121146-03" }, "geometry": { "type": "Polygon", "coordinates": [ [ [ -54.482, -22.136654 ], [ -54.482041, -22.136513 ], [ -54.482156, -22.13654 ], [ -54.482113, -22.136685 ], [ -54.482, -22.136654 ] ] ] } },
{ "type": "Feature", "properties": { "id": 65881, "insc_imob": "09.01.23.12.166", "quadra_cartorio": "24", "lote_cartorio": "E", "matricula": "40413", "circunscricao": "1º CIRCUNSCRIÇÃO", "zoneamento": null, "condominio": null, "area_geom": 1498.65, "cnm": "062661.2.0040413-90" }, "geometry": { "type": "Polygon", "coordinates": [ [ [ -54.485281, -22.137612 ], [ -54.485323, -22.137436 ], [ -54.48538, -22.137447 ], [ -54.485607, -22.137495 ], [ -54.485565, -22.137671 ], [ -54.485501, -22.137935 ], [ -54.485218, -22.137876 ], [ -54.485281, -22.137612 ] ] ] } },
{ "type": "Feature", "properties": { "id": 73609, "insc_imob": "09.01.24.01.366", "quadra_cartorio": "27", "lote_cartorio": "D", "matricula": "42045", "circunscricao": "1º CIRCUNSCRIÇÃO", "zoneamento": null, "condominio": null, "area_geom": 1494.18, "cnm": "062661.2.0042045-44" }, "geometry": { "type": "Polygon", "coordinates": [ [ [ -54.487906, -22.136669 ], [ -54.487969, -22.136405 ], [ -54.488252, -22.136465 ], [ -54.488189, -22.136728 ], [ -54.488147, -22.136904 ], [ -54.48792, -22.136857 ], [ -54.487863, -22.136845 ], [ -54.487906, -22.136669 ] ] ] } },
{ "type": "Feature", "properties": { "id": 80880, "insc_imob": "09.01.24.22.271", "quadra_cartorio": "16", "lote_cartorio": "B", "matricula": "38840", "circunscricao": "1º CIRCUNSCRIÇÃO", "zoneamento": null, "condominio": null, "area_geom": 1398.78, "cnm": "062661.2.0038840-56" }, "geometry": { "type": "Polygon", "coordinates": [ [ [ -54.488777, -22.139245 ], [ -54.488819, -22.139069 ], [ -54.48915, -22.139138 ], [ -54.489066, -22.13949 ], [ -54.488735, -22.139421 ], [ -54.488777, -22.139245 ] ] ] } },
{ "type": "Feature", "properties": { "id": 81403, "insc_imob": "09.01.24.24.137", "quadra_cartorio": "18", "lote_cartorio": "01", "matricula": "81230", "circunscricao": "1º CIRCUNSCRIÇÃO", "zoneamento": null, "condominio": null, "area_geom": 524.53, "cnm": "062661.2.0081230-53" }, "geometry": { "type": "Polygon", "coordinates": [ [ [ -54.490721, -22.139835 ], [ -54.490657, -22.140099 ], [ -54.490492, -22.140064 ], [ -54.490555, -22.1398 ], [ -54.490721, -22.139835 ] ] ] } },
{ "type": "Feature", "properties": { "id": 81404, "insc_imob": "09.01.24.24.138", "quadra_cartorio": "18", "lote_cartorio": "02", "matricula": "81231", "circunscricao": "1º CIRCUNSCRIÇÃO", "zoneamento": null, "condominio": null, "area_geom": 524.53, "cnm": "062661.2.0081231-50" }, "geometry": { "type": "Polygon", "coordinates": [ [ [ -54.49039, -22.139766 ], [ -54.490555, -22.1398 ], [ -54.490492, -22.140064 ], [ -54.490326, -22.14003 ], [ -54.49039, -22.139766 ] ] ] } },
{ "type": "Feature", "properties": { "id": 81552, "insc_imob": "09.01.23.22.090", "quadra_cartorio": "13", "lote_cartorio": "G2", "matricula": "71578", "circunscricao": "1º CIRCUNSCRIÇÃO", "zoneamento": null, "condominio": null, "area_geom": 699.43, "cnm": "062661.2.0071578-06" }, "geometry": { "type": "Polygon", "coordinates": [ [ [ -54.485073, -22.138493 ], [ -54.48503, -22.138669 ], [ -54.4847, -22.1386 ], [ -54.484742, -22.138424 ], [ -54.485073, -22.138493 ] ] ] } },
{ "type": "Feature", "properties": { "id": 83015, "insc_imob": "09.01.24.42.138", "quadra_cartorio": "04", "lote_cartorio": "H2", "matricula": "113996", "circunscricao": "1º CIRCUNSCRIÇÃO", "zoneamento": null, "condominio": null, "area_geom": 524.53, "cnm": "062661.2.0113996-16" }, "geometry": { "type": "Polygon", "coordinates": [ [ [ -54.487579, -22.141548 ], [ -54.48791, -22.141617 ], [ -54.487879, -22.141749 ], [ -54.487548, -22.141681 ], [ -54.487579, -22.141548 ] ] ] } },
{ "type": "Feature", "properties": { "id": 95655, "insc_imob": "09.01.23.41.166", "quadra_cartorio": "02", "lote_cartorio": "E", "matricula": "39674", "circunscricao": "1º CIRCUNSCRIÇÃO", "zoneamento": null, "condominio": null, "area_geom": 1498.65, "cnm": "062661.2.0039674-76" }, "geometry": { "type": "Polygon", "coordinates": [ [ [ -54.485671, -22.141019 ], [ -54.485713, -22.140843 ], [ -54.48594, -22.14089 ], [ -54.485997, -22.140902 ], [ -54.485955, -22.141078 ], [ -54.485891, -22.141343 ], [ -54.485607, -22.141283 ], [ -54.485671, -22.141019 ] ] ] } },
{ "type": "Feature", "properties": { "id": 95688, "insc_imob": "09.01.24.03.136", "quadra_cartorio": "29", "lote_cartorio": "H", "matricula": "39757", "circunscricao": "1º CIRCUNSCRIÇÃO", "zoneamento": null, "condominio": null, "area_geom": 1049.08, "cnm": "062661.2.0039757-21" }, "geometry": { "type": "Polygon", "coordinates": [ [ [ -54.489698, -22.137679 ], [ -54.489762, -22.137415 ], [ -54.490093, -22.137484 ], [ -54.490029, -22.137748 ], [ -54.489698, -22.137679 ] ] ] } },
{ "type": "Feature", "properties": { "id": 95725, "insc_imob": "09.01.23.22.071", "quadra_cartorio": "13", "lote_cartorio": "G1", "matricula": "71577", "circunscricao": "1º CIRCUNSCRIÇÃO", "zoneamento": null, "condominio": null, "area_geom": 699.37, "cnm": "062661.2.0071577-09" }, "geometry": { "type": "Polygon", "coordinates": [ [ [ -54.484742, -22.138424 ], [ -54.484784, -22.138248 ], [ -54.485115, -22.138317 ], [ -54.485073, -22.138493 ], [ -54.484742, -22.138424 ] ] ] } },
{ "type": "Feature", "properties": { "id": 98168, "insc_imob": "09.01.23.12.366", "quadra_cartorio": "24", "lote_cartorio": "D", "matricula": "40418", "circunscricao": "1º CIRCUNSCRIÇÃO", "zoneamento": null, "condominio": null, "area_geom": 1494.2, "cnm": "062661.2.0040418-75" }, "geometry": { "type": "Polygon", "coordinates": [ [ [ -54.485366, -22.137259 ], [ -54.485429, -22.136996 ], [ -54.485712, -22.137056 ], [ -54.485649, -22.137318 ], [ -54.485607, -22.137495 ], [ -54.48538, -22.137447 ], [ -54.485323, -22.137436 ], [ -54.485366, -22.137259 ] ] ] } },
{ "type": "Feature", "properties": { "id": 98169, "insc_imob": "09.01.23.13.013", "quadra_cartorio": "01", "lote_cartorio": "07", "matricula": "121118", "circunscricao": "1º CIRCUNSCRIÇÃO", "zoneamento": null, "condominio": null, "area_geom": 477.06, "cnm": "062661.2.0121118-87" }, "geometry": { "type": "Polygon", "coordinates": [ [ [ -54.483858, -22.13706 ], [ -54.483883, -22.136954 ], [ -54.484238, -22.137039 ], [ -54.484211, -22.137156 ], [ -54.483858, -22.13706 ] ] ] } },
{ "type": "Feature", "properties": { "id": 98170, "insc_imob": "09.01.23.13.023", "quadra_cartorio": "01", "lote_cartorio": "08", "matricula": "121119", "circunscricao": "1º CIRCUNSCRIÇÃO", "zoneamento": null, "condominio": null, "area_geom": 381.72, "cnm": "062661.2.0121119-84" }, "geometry": { "type": "Polygon", "coordinates": [ [ [ -54.483838, -22.13715 ], [ -54.483858, -22.13706 ], [ -54.484211, -22.137156 ], [ -54.484191, -22.137245 ], [ -54.484072, -22.137213 ], [ -54.483955, -22.137181 ], [ -54.483838, -22.13715 ] ] ] } },
{ "type": "Feature", "properties": { "id": 98194, "insc_imob": "09.01.24.02.166", "quadra_cartorio": "28", "lote_cartorio": "E", "matricula": "43932", "circunscricao": "1º CIRCUNSCRIÇÃO", "zoneamento": null, "condominio": null, "area_geom": 1498.62, "cnm": "062661.2.0043932-09" }, "geometry": { "type": "Polygon", "coordinates": [ [ [ -54.488958, -22.137248 ], [ -54.489, -22.137072 ], [ -54.489057, -22.137083 ], [ -54.489284, -22.137131 ], [ -54.489242, -22.137307 ], [ -54.489178, -22.137571 ], [ -54.488895, -22.137512 ], [ -54.488958, -22.137248 ] ] ] } },
{ "type": "Feature", "properties": { "id": 98195, "insc_imob": "09.01.24.02.335", "quadra_cartorio": "28", "lote_cartorio": "A", "matricula": "38839", "circunscricao": "1º CIRCUNSCRIÇÃO", "zoneamento": null, "condominio": null, "area_geom": 1040.45, "cnm": "062661.2.0038839-59" }, "geometry": { "type": "Polygon", "coordinates": [ [ [ -54.489326, -22.136954 ], [ -54.489389, -22.136692 ], [ -54.48972, -22.136762 ], [ -54.489657, -22.137023 ], [ -54.489326, -22.136954 ] ] ] } },
{ "type": "Feature", "properties": { "id": 98196, "insc_imob": "09.01.24.02.366", "quadra_cartorio": "28", "lote_cartorio": "D", "matricula": "43933", "circunscricao": "1º CIRCUNSCRIÇÃO", "zoneamento": null, "condominio": null, "area_geom": 1494.18, "cnm": "062661.2.0043933-06" }, "geometry": { "type": "Polygon", "coordinates": [ [ [ -54.489043, -22.136895 ], [ -54.489106, -22.136632 ], [ -54.489389, -22.136692 ], [ -54.489326, -22.136954 ], [ -54.489284, -22.137131 ], [ -54.489057, -22.137083 ], [ -54.489, -22.137072 ], [ -54.489011, -22.137028 ], [ -54.489043, -22.136895 ] ] ] } },
{ "type": "Feature", "properties": { "id": 98197, "insc_imob": "09.01.24.03.031", "quadra_cartorio": "29", "lote_cartorio": "F", "matricula": "38858", "circunscricao": "1º CIRCUNSCRIÇÃO", "zoneamento": null, "condominio": null, "area_geom": 524.53, "cnm": "062661.2.0038858-02" }, "geometry": { "type": "Polygon", "coordinates": [ [ [ -54.489878, -22.136931 ], [ -54.48991, -22.136798 ], [ -54.49024, -22.136868 ], [ -54.490209, -22.137 ], [ -54.489878, -22.136931 ] ] ] } },
{ "type": "Feature", "properties": { "id": 98221, "insc_imob": "09.01.24.32.071", "quadra_cartorio": "09", "lote_cartorio": "G", "matricula": "38358", "circunscricao": "1º CIRCUNSCRIÇÃO", "zoneamento": null, "condominio": null, "area_geom": 1398.8, "cnm": "062661.2.0038358-47" }, "geometry": { "type": "Polygon", "coordinates": [ [ [ -54.487867, -22.14035 ], [ -54.487951, -22.139998 ], [ -54.488282, -22.140067 ], [ -54.48824, -22.140243 ], [ -54.488198, -22.140419 ], [ -54.487867, -22.14035 ] ] ] } },
{ "type": "Feature", "properties": { "id": 98222, "insc_imob": "09.01.24.32.166", "quadra_cartorio": "09", "lote_cartorio": "E", "matricula": "39051", "circunscricao": "1º CIRCUNSCRIÇÃO", "zoneamento": null, "condominio": null, "area_geom": 1498.62, "cnm": "062661.2.0039051-05" }, "geometry": { "type": "Polygon", "coordinates": [ [ [ -54.488198, -22.140419 ], [ -54.48824, -22.140243 ], [ -54.488467, -22.14029 ], [ -54.488523, -22.140302 ], [ -54.488481, -22.140478 ], [ -54.488418, -22.140743 ], [ -54.488134, -22.140684 ], [ -54.488198, -22.140419 ] ] ] } },
{ "type": "Feature", "properties": { "id": 98223, "insc_imob": "09.01.24.32.335", "quadra_cartorio": "09", "lote_cartorio": "A", "matricula": "42109", "circunscricao": "1º CIRCUNSCRIÇÃO", "zoneamento": null, "condominio": null, "area_geom": 1040.43, "cnm": "062661.2.0042109-46" }, "geometry": { "type": "Polygon", "coordinates": [ [ [ -54.488566, -22.140126 ], [ -54.488629, -22.139863 ], [ -54.488959, -22.139933 ], [ -54.488897, -22.140195 ], [ -54.488566, -22.140126 ] ] ] } },
{ "type": "Feature", "properties": { "id": 98224, "insc_imob": "09.01.24.33.166", "quadra_cartorio": "08", "lote_cartorio": "E", "matricula": "42015", "circunscricao": "1º CIRCUNSCRIÇÃO", "zoneamento": null, "condominio": null, "area_geom": 1498.65, "cnm": "062661.2.0042015-37" }, "geometry": { "type": "Polygon", "coordinates": [ [ [ -54.489332, -22.140656 ], [ -54.489375, -22.140479 ], [ -54.489601, -22.140527 ], [ -54.489658, -22.140538 ], [ -54.489616, -22.140715 ], [ -54.489553, -22.140979 ], [ -54.489269, -22.14092 ], [ -54.489332, -22.140656 ] ] ] } },
{ "type": "Feature", "properties": { "id": 98227, "insc_imob": "09.01.24.33.366", "quadra_cartorio": "08", "lote_cartorio": "D", "matricula": "38360", "circunscricao": "1º CIRCUNSCRIÇÃO", "zoneamento": null, "condominio": null, "area_geom": 1494.21, "cnm": "062661.2.0038360-41" }, "geometry": { "type": "Polygon", "coordinates": [ [ [ -54.489417, -22.140303 ], [ -54.48948, -22.14004 ], [ -54.489763, -22.1401 ], [ -54.4897, -22.140362 ], [ -54.489658, -22.140538 ], [ -54.489601, -22.140527 ], [ -54.489375, -22.140479 ], [ -54.489417, -22.140303 ] ] ] } },
{ "type": "Feature", "properties": { "id": 98229, "insc_imob": "09.01.24.41.271", "quadra_cartorio": "03", "lote_cartorio": "B", "matricula": "38844", "circunscricao": "1º CIRCUNSCRIÇÃO", "zoneamento": null, "condominio": null, "area_geom": 1398.8, "cnm": "062661.2.0038844-44" }, "geometry": { "type": "Polygon", "coordinates": [ [ [ -54.487135, -22.141123 ], [ -54.487177, -22.140947 ], [ -54.487508, -22.141016 ], [ -54.487424, -22.141368 ], [ -54.487093, -22.141299 ], [ -54.487135, -22.141123 ] ] ] } },
{ "type": "Feature", "properties": { "id": 98295, "insc_imob": "09.01.23.25.103", "quadra_cartorio": "03", "lote_cartorio": "05", "matricula": "121316", "circunscricao": "1º CIRCUNSCRIÇÃO", "zoneamento": null, "condominio": null, "area_geom": 259.21, "cnm": "062661.2.0121316-75" }, "geometry": { "type": "Polygon", "coordinates": [ [ [ -54.482941, -22.137821 ], [ -54.482916, -22.137925 ], [ -54.482525, -22.137734 ], [ -54.482733, -22.137777 ], [ -54.482941, -22.137821 ] ] ] } },
{ "type": "Feature", "properties": { "id": 98296, "insc_imob": "09.01.23.26.480", "quadra_cartorio": "04", "lote_cartorio": null, "matricula": "121321", "circunscricao": "1º CIRCUNSCRIÇÃO", "zoneamento": null, "condominio": null, "area_geom": 4791.76, "cnm": "062661.2.0121321-60" }, "geometry": { "type": "Polygon", "coordinates": [ [ [ -54.48053, -22.136757 ], [ -54.482511, -22.137306 ], [ -54.482413, -22.137703 ], [ -54.48053, -22.136757 ] ] ] } },
{ "type": "Feature", "properties": { "id": 98749, "insc_imob": "09.01.24.14.031", "quadra_cartorio": "19", "lote_cartorio": "F", "matricula": "38674", "circunscricao": "1º CIRCUNSCRIÇÃO", "zoneamento": null, "condominio": null, "area_geom": 1047.25, "cnm": "062661.2.0038674-69" }, "geometry": { "type": "Polygon", "coordinates": [ [ [ -54.490728, -22.138356 ], [ -54.490791, -22.138092 ], [ -54.491122, -22.138162 ], [ -54.491059, -22.138425 ], [ -54.490728, -22.138356 ] ] ] } },
{ "type": "Feature", "properties": { "id": 98894, "insc_imob": "09.01.23.25.113", "quadra_cartorio": "03", "lote_cartorio": "04", "matricula": "121315", "circunscricao": "1º CIRCUNSCRIÇÃO", "zoneamento": null, "condominio": null, "area_geom": 219.83, "cnm": "062661.2.0121315-78" }, "geometry": { "type": "Polygon", "coordinates": [ [ [ -54.482733, -22.137777 ], [ -54.482755, -22.137689 ], [ -54.482963, -22.137733 ], [ -54.482941, -22.137821 ], [ -54.482733, -22.137777 ] ] ] } },
{ "type": "Feature", "properties": { "id": 98913, "insc_imob": "09.01.24.01.335", "quadra_cartorio": "27", "lote_cartorio": "A", "matricula": "38336", "circunscricao": "1º CIRCUNSCRIÇÃO", "zoneamento": null, "condominio": null, "area_geom": 1040.45, "cnm": "062661.2.0038336-16" }, "geometry": { "type": "Polygon", "coordinates": [ [ [ -54.488189, -22.136728 ], [ -54.488252, -22.136465 ], [ -54.488583, -22.136535 ], [ -54.48852, -22.136797 ], [ -54.488189, -22.136728 ] ] ] } },
{ "type": "Feature", "properties": { "id": 98914, "insc_imob": "09.01.24.02.041", "quadra_cartorio": "28", "lote_cartorio": "P/G", "matricula": "47060", "circunscricao": "1º CIRCUNSCRIÇÃO", "zoneamento": null, "condominio": null, "area_geom": 524.56, "cnm": "062661.2.0047060-34" }, "geometry": { "type": "Polygon", "coordinates": [ [ [ -54.48868, -22.136959 ], [ -54.488712, -22.136827 ], [ -54.489043, -22.136895 ], [ -54.489011, -22.137028 ], [ -54.48868, -22.136959 ] ] ] } },
{ "type": "Feature", "properties": { "id": 98975, "insc_imob": "09.01.24.22.031", "quadra_cartorio": "16", "lote_cartorio": "F", "matricula": "6773", "circunscricao": "1º CIRCUNSCRIÇÃO", "zoneamento": null, "condominio": null, "area_geom": 1047.25, "cnm": "062661.2.0006773-33" }, "geometry": { "type": "Polygon", "coordinates": [ [ [ -54.488205, -22.138941 ], [ -54.488268, -22.138677 ], [ -54.488599, -22.138746 ], [ -54.488536, -22.13901 ], [ -54.488205, -22.138941 ] ] ] } },
{ "type": "Feature", "properties": { "id": 99075, "insc_imob": "09.01.23.15.268", "quadra_cartorio": "03", "lote_cartorio": "10", "matricula": "121147", "circunscricao": "1º CIRCUNSCRIÇÃO", "zoneamento": null, "condominio": null, "area_geom": 204.79, "cnm": "062661.2.0121147-97" }, "geometry": { "type": "Polygon", "coordinates": [ [ [ -54.482113, -22.136685 ], [ -54.482156, -22.13654 ], [ -54.48227, -22.136568 ], [ -54.482226, -22.136716 ], [ -54.482113, -22.136685 ] ] ] } },
{ "type": "Feature", "properties": { "id": 99076, "insc_imob": "09.01.24.13.335", "quadra_cartorio": "20", "lote_cartorio": "A", "matricula": "42277", "circunscricao": "1º CIRCUNSCRIÇÃO", "zoneamento": null, "condominio": null, "area_geom": 1040.44, "cnm": "062661.2.0042277-27" }, "geometry": { "type": "Polygon", "coordinates": [ [ [ -54.490188, -22.138244 ], [ -54.490251, -22.137981 ], [ -54.490582, -22.138051 ], [ -54.490519, -22.138313 ], [ -54.490188, -22.138244 ] ] ] } },
{ "type": "Feature", "properties": { "id": 99213, "insc_imob": "09.01.23.25.016", "quadra_cartorio": "03", "lote_cartorio": "06", "matricula": "121317", "circunscricao": "1º CIRCUNSCRIÇÃO", "zoneamento": null, "condominio": null, "area_geom": 314.18, "cnm": "062661.2.0121317-72" }, "geometry": { "type": "Polygon", "coordinates": [ [ [ -54.48259, -22.13747 ], [ -54.482623, -22.137337 ], [ -54.482827, -22.137394 ], [ -54.482798, -22.137513 ], [ -54.48259, -22.13747 ] ] ] } },
{ "type": "Feature", "properties": { "id": 99587, "insc_imob": "09.01.24.22.167", "quadra_cartorio": "16", "lote_cartorio": "E", "matricula": "19363", "circunscricao": "1º CIRCUNSCRIÇÃO", "zoneamento": null, "condominio": null, "area_geom": 755.38, "cnm": "062661.2.0019363-93" }, "geometry": { "type": "Polygon", "coordinates": [ [ [ -54.488493, -22.139186 ], [ -54.488635, -22.139216 ], [ -54.488532, -22.139656 ], [ -54.488388, -22.139626 ], [ -54.488493, -22.139186 ] ] ] } },
{ "type": "Feature", "properties": { "id": 99588, "insc_imob": "09.01.24.22.366", "quadra_cartorio": "16", "lote_cartorio": "D", "matricula": "2906", "circunscricao": "1º CIRCUNSCRIÇÃO", "zoneamento": null, "condominio": null, "area_geom": 1494.18, "cnm": "062661.2.0002906-91" }, "geometry": { "type": "Polygon", "coordinates": [ [ [ -54.488536, -22.13901 ], [ -54.488599, -22.138746 ], [ -54.488882, -22.138806 ], [ -54.488819, -22.139069 ], [ -54.488777, -22.139245 ], [ -54.488493, -22.139186 ], [ -54.488536, -22.13901 ] ] ] } },
{ "type": "Feature", "properties": { "id": 99812, "insc_imob": "09.01.24.21.071", "quadra_cartorio": "15", "lote_cartorio": "G1", "matricula": "59294", "circunscricao": "1º CIRCUNSCRIÇÃO", "zoneamento": null, "condominio": null, "area_geom": 699.41, "cnm": "062661.2.0059294-95" }, "geometry": { "type": "Polygon", "coordinates": [ [ [ -54.486972, -22.139054 ], [ -54.487015, -22.138878 ], [ -54.487346, -22.138947 ], [ -54.487303, -22.139123 ], [ -54.486972, -22.139054 ] ] ] } },
{ "type": "Feature", "properties": { "id": 99813, "insc_imob": "09.01.24.42.071", "quadra_cartorio": "04", "lote_cartorio": "P/G", "matricula": "47616", "circunscricao": "1º CIRCUNSCRIÇÃO", "zoneamento": null, "condominio": null, "area_geom": 699.4, "cnm": "062661.2.0047616-15" }, "geometry": { "type": "Polygon", "coordinates": [ [ [ -54.487611, -22.141416 ], [ -54.487653, -22.14124 ], [ -54.487984, -22.141309 ], [ -54.487942, -22.141485 ], [ -54.487611, -22.141416 ] ] ] } },
{ "type": "Feature", "properties": { "id": 99983, "insc_imob": "09.01.23.41.366", "quadra_cartorio": "02", "lote_cartorio": "D", "matricula": "40416", "circunscricao": "1º CIRCUNSCRIÇÃO", "zoneamento": null, "condominio": null, "area_geom": 1494.19, "cnm": "062661.2.0040416-81" }, "geometry": { "type": "Polygon", "coordinates": [ [ [ -54.485755, -22.140667 ], [ -54.485819, -22.140403 ], [ -54.486102, -22.140463 ], [ -54.486039, -22.140726 ], [ -54.485997, -22.140902 ], [ -54.48594, -22.14089 ], [ -54.485713, -22.140843 ], [ -54.485755, -22.140667 ] ] ] } },
{ "type": "Feature", "properties": { "id": 100324, "insc_imob": "09.01.23.23.346", "quadra_cartorio": "01", "lote_cartorio": "26", "matricula": "121303", "circunscricao": "1º CIRCUNSCRIÇÃO", "zoneamento": null, "condominio": null, "area_geom": 266.38, "cnm": "062661.2.0121303-17" }, "geometry": { "type": "Polygon", "coordinates": [ [ [ -54.484024, -22.137982 ], [ -54.484084, -22.137751 ], [ -54.484177, -22.137777 ], [ -54.484123, -22.138002 ], [ -54.484029, -22.137983 ], [ -54.484024, -22.137982 ] ] ] } },
{ "type": "Feature", "properties": { "id": 100385, "insc_imob": "09.01.24.02.231", "quadra_cartorio": "28", "lote_cartorio": "C", "matricula": "38349", "circunscricao": "1º CIRCUNSCRIÇÃO", "zoneamento": null, "condominio": null, "area_geom": 1049.08, "cnm": "062661.2.0038349-74" }, "geometry": { "type": "Polygon", "coordinates": [ [ [ -54.489178, -22.137571 ], [ -54.489242, -22.137307 ], [ -54.489573, -22.137376 ], [ -54.489509, -22.13764 ], [ -54.489178, -22.137571 ] ] ] } },
{ "type": "Feature", "properties": { "id": 100386, "insc_imob": "09.01.24.44.031", "quadra_cartorio": "06", "lote_cartorio": "F", "matricula": "38853", "circunscricao": "1º CIRCUNSCRIÇÃO", "zoneamento": null, "condominio": null, "area_geom": 1049.08, "cnm": "062661.2.0038853-17" }, "geometry": { "type": "Polygon", "coordinates": [ [ [ -54.489967, -22.141528 ], [ -54.49003, -22.141263 ], [ -54.490361, -22.141332 ], [ -54.490298, -22.141597 ], [ -54.489967, -22.141528 ] ] ] } },
{ "type": "Feature", "properties": { "id": 100399, "insc_imob": "09.01.23.22.031", "quadra_cartorio": "13", "lote_cartorio": "F", "matricula": "38338", "circunscricao": "1º CIRCUNSCRIÇÃO", "zoneamento": null, "condominio": null, "area_geom": 1047.24, "cnm": "062661.2.0038338-10" }, "geometry": { "type": "Polygon", "coordinates": [ [ [ -54.484784, -22.138248 ], [ -54.484847, -22.137984 ], [ -54.485178, -22.138054 ], [ -54.485115, -22.138317 ], [ -54.484784, -22.138248 ] ] ] } },
{ "type": "Feature", "properties": { "id": 100442, "insc_imob": "09.01.23.13.222", "quadra_cartorio": "01", "lote_cartorio": "04", "matricula": "121115", "circunscricao": "1º CIRCUNSCRIÇÃO", "zoneamento": null, "condominio": null, "area_geom": 472.17, "cnm": "062661.2.0121115-96" }, "geometry": { "type": "Polygon", "coordinates": [ [ [ -54.484422, -22.137306 ], [ -54.484445, -22.137201 ], [ -54.484802, -22.137287 ], [ -54.484774, -22.137401 ], [ -54.484422, -22.137306 ] ] ] } },
{ "type": "Feature", "properties": { "id": 100443, "insc_imob": "09.01.23.23.251", "quadra_cartorio": "01", "lote_cartorio": "01", "matricula": "121278", "circunscricao": "1º CIRCUNSCRIÇÃO", "zoneamento": null, "condominio": null, "area_geom": 230.74, "cnm": "062661.2.0121278-92" }, "geometry": { "type": "Polygon", "coordinates": [ [ [ -54.484469, -22.138278 ], [ -54.484516, -22.138084 ], [ -54.484615, -22.138105 ], [ -54.484568, -22.138298 ], [ -54.484469, -22.138278 ] ] ] } },
{ "type": "Feature", "properties": { "id": 100485, "insc_imob": "09.01.24.22.335", "quadra_cartorio": "16", "lote_cartorio": "A", "matricula": "38861", "circunscricao": "1º CIRCUNSCRIÇÃO", "zoneamento": null, "condominio": null, "area_geom": 1040.42, "cnm": "062661.2.0038861-90" }, "geometry": { "type": "Polygon", "coordinates": [ [ [ -54.488819, -22.139069 ], [ -54.488882, -22.138806 ], [ -54.489213, -22.138876 ], [ -54.48915, -22.139138 ], [ -54.488819, -22.139069 ] ] ] } },
{ "type": "Feature", "properties": { "id": 100486, "insc_imob": "09.01.23.41.136", "quadra_cartorio": "02", "lote_cartorio": "H", "matricula": "39386", "circunscricao": "1º CIRCUNSCRIÇÃO", "zoneamento": null, "condominio": null, "area_geom": 1049.04, "cnm": "062661.2.0039386-67" }, "geometry": { "type": "Polygon", "coordinates": [ [ [ -54.485276, -22.141215 ], [ -54.48534, -22.14095 ], [ -54.485671, -22.141019 ], [ -54.485607, -22.141283 ], [ -54.485276, -22.141215 ] ] ] } },
{ "type": "Feature", "properties": { "id": 100569, "insc_imob": "09.01.23.41.271", "quadra_cartorio": "2", "lote_cartorio": "B1", "matricula": "84957", "circunscricao": "1º CIRCUNSCRIÇÃO", "zoneamento": null, "condominio": null, "area_geom": 699.41, "cnm": "062661.2.0084957-27" }, "geometry": { "type": "Polygon", "coordinates": [ [ [ -54.485955, -22.141078 ], [ -54.485997, -22.140902 ], [ -54.486328, -22.140971 ], [ -54.486285, -22.141147 ], [ -54.485955, -22.141078 ] ] ] } },
{ "type": "Feature", "properties": { "id": 100592, "insc_imob": "09.01.24.21.231", "quadra_cartorio": "15", "lote_cartorio": "C", "matricula": "39936", "circunscricao": "1º CIRCUNSCRIÇÃO", "zoneamento": null, "condominio": null, "area_geom": 1049.11, "cnm": "062661.2.0039936-66" }, "geometry": { "type": "Polygon", "coordinates": [ [ [ -54.487524, -22.139447 ], [ -54.487587, -22.139182 ], [ -54.487918, -22.139251 ], [ -54.487855, -22.139516 ], [ -54.487524, -22.139447 ] ] ] } },
{ "type": "Feature", "properties": { "id": 100593, "insc_imob": "09.01.24.21.271", "quadra_cartorio": "15", "lote_cartorio": "B", "matricula": "39937", "circunscricao": "1º CIRCUNSCRIÇÃO", "zoneamento": null, "condominio": null, "area_geom": 1398.71, "cnm": "062661.2.0039937-63" }, "geometry": { "type": "Polygon", "coordinates": [ [ [ -54.487629, -22.139006 ], [ -54.487671, -22.13883 ], [ -54.488002, -22.138899 ], [ -54.487918, -22.139251 ], [ -54.487587, -22.139182 ], [ -54.487629, -22.139006 ] ] ] } },
{ "type": "Feature", "properties": { "id": 100616, "insc_imob": "09.01.23.15.134", "quadra_cartorio": "03", "lote_cartorio": "02", "matricula": "121139", "circunscricao": "1º CIRCUNSCRIÇÃO", "zoneamento": null, "condominio": null, "area_geom": 509.51, "cnm": "062661.2.0121139-24" }, "geometry": { "type": "Polygon", "coordinates": [ [ [ -54.482357, -22.137129 ], [ -54.482461, -22.13678 ], [ -54.482523, -22.136797 ], [ -54.482576, -22.136812 ], [ -54.482478, -22.137163 ], [ -54.482357, -22.137129 ] ] ] } },
{ "type": "Feature", "properties": { "id": 100617, "insc_imob": "09.01.24.24.166", "quadra_cartorio": "18", "lote_cartorio": "E", "matricula": "38848", "circunscricao": "1º CIRCUNSCRIÇÃO", "zoneamento": null, "condominio": null, "area_geom": 1498.67, "cnm": "062661.2.0038848-32" }, "geometry": { "type": "Polygon", "coordinates": [ [ [ -54.490721, -22.139835 ], [ -54.490763, -22.139658 ], [ -54.49099, -22.139706 ], [ -54.491047, -22.139717 ], [ -54.491004, -22.139894 ], [ -54.490941, -22.140158 ], [ -54.490657, -22.140099 ], [ -54.490721, -22.139835 ] ] ] } },
{ "type": "Feature", "properties": { "id": 100638, "insc_imob": "09.01.23.14.263", "quadra_cartorio": "02", "lote_cartorio": "12", "matricula": "121136", "circunscricao": "1º CIRCUNSCRIÇÃO", "zoneamento": null, "condominio": null, "area_geom": 405.08, "cnm": "062661.2.0121136-33" }, "geometry": { "type": "Polygon", "coordinates": [ [ [ -54.483425, -22.13694 ], [ -54.483456, -22.136849 ], [ -54.483792, -22.136929 ], [ -54.483768, -22.137033 ], [ -54.483425, -22.13694 ] ] ] } },
{ "type": "Feature", "properties": { "id": 100655, "insc_imob": "09.01.23.11.335", "quadra_cartorio": "23", "lote_cartorio": "A", "matricula": "39086", "circunscricao": "1º CIRCUNSCRIÇÃO", "zoneamento": null, "condominio": null, "area_geom": 981.48, "cnm": "062661.2.0039086-94" }, "geometry": { "type": "Polygon", "coordinates": [ [ [ -54.486844, -22.137576 ], [ -54.486913, -22.137287 ], [ -54.487197, -22.137347 ], [ -54.487128, -22.137635 ], [ -54.486844, -22.137576 ] ] ] } },
{ "type": "Feature", "properties": { "id": 100656, "insc_imob": "09.01.24.24.366", "quadra_cartorio": "18", "lote_cartorio": "D", "matricula": "43529", "circunscricao": "1º CIRCUNSCRIÇÃO", "zoneamento": null, "condominio": null, "area_geom": 1494.2, "cnm": "062661.2.0043529-54" }, "geometry": { "type": "Polygon", "coordinates": [ [ [ -54.490805, -22.139482 ], [ -54.490868, -22.139219 ], [ -54.491152, -22.139279 ], [ -54.491089, -22.139541 ], [ -54.491047, -22.139717 ], [ -54.49099, -22.139706 ], [ -54.490763, -22.139658 ], [ -54.490805, -22.139482 ] ] ] } },
{ "type": "Feature", "properties": { "id": 100678, "insc_imob": "09.01.23.23.366", "quadra_cartorio": "01", "lote_cartorio": "24", "matricula": "121301", "circunscricao": "1º CIRCUNSCRIÇÃO", "zoneamento": null, "condominio": null, "area_geom": 273.3, "cnm": "062661.2.0121301-23" }, "geometry": { "type": "Polygon", "coordinates": [ [ [ -54.483839, -22.137943 ], [ -54.483898, -22.137699 ], [ -54.483991, -22.137725 ], [ -54.483934, -22.137963 ], [ -54.483839, -22.137943 ] ] ] } },
{ "type": "Feature", "properties": { "id": 100742, "insc_imob": "09.01.24.11.231", "quadra_cartorio": "22", "lote_cartorio": "C", "matricula": "38862", "circunscricao": "1º CIRCUNSCRIÇÃO", "zoneamento": null, "condominio": null, "area_geom": 1049.07, "cnm": "062661.2.0038862-87" }, "geometry": { "type": "Polygon", "coordinates": [ [ [ -54.48779, -22.138392 ], [ -54.487854, -22.138128 ], [ -54.488184, -22.138197 ], [ -54.488121, -22.138461 ], [ -54.48779, -22.138392 ] ] ] } },
{ "type": "Feature", "properties": { "id": 100875, "insc_imob": "09.01.24.03.071", "quadra_cartorio": "29", "lote_cartorio": "G", "matricula": "38851", "circunscricao": "1º CIRCUNSCRIÇÃO", "zoneamento": null, "condominio": null, "area_geom": 1398.79, "cnm": "062661.2.0038851-23" }, "geometry": { "type": "Polygon", "coordinates": [ [ [ -54.489762, -22.137415 ], [ -54.489846, -22.137063 ], [ -54.490177, -22.137132 ], [ -54.490135, -22.137308 ], [ -54.490093, -22.137484 ], [ -54.489762, -22.137415 ] ] ] } },
{ "type": "Feature", "properties": { "id": 100994, "insc_imob": "09.01.24.04.166", "quadra_cartorio": "30", "lote_cartorio": "E", "matricula": "38864", "circunscricao": "1º CIRCUNSCRIÇÃO", "zoneamento": null, "condominio": null, "area_geom": 1498.68, "cnm": "062661.2.0038864-81" }, "geometry": { "type": "Polygon", "coordinates": [ [ [ -54.491222, -22.137691 ], [ -54.491263, -22.137514 ], [ -54.491319, -22.137526 ], [ -54.491547, -22.137571 ], [ -54.491507, -22.137747 ], [ -54.491446, -22.138012 ], [ -54.491162, -22.137956 ], [ -54.491222, -22.137691 ] ] ] } },
{ "type": "Feature", "properties": { "id": 101047, "insc_imob": "09.01.23.25.026", "quadra_cartorio": "03", "lote_cartorio": "07", "matricula": "121318", "circunscricao": "1º CIRCUNSCRIÇÃO", "zoneamento": null, "condominio": null, "area_geom": 219.78, "cnm": "062661.2.0121318-69" }, "geometry": { "type": "Polygon", "coordinates": [ [ [ -54.482569, -22.137558 ], [ -54.48259, -22.13747 ], [ -54.482798, -22.137513 ], [ -54.482776, -22.137601 ], [ -54.482569, -22.137558 ] ] ] } },
{ "type": "Feature", "properties": { "id": 101219, "insc_imob": "09.01.24.21.166", "quadra_cartorio": "15", "lote_cartorio": "E", "matricula": "38534", "circunscricao": "1º CIRCUNSCRIÇÃO", "zoneamento": null, "condominio": null, "area_geom": 1498.63, "cnm": "062661.2.0038534-04" }, "geometry": { "type": "Polygon", "coordinates": [ [ [ -54.487303, -22.139123 ], [ -54.487346, -22.138947 ], [ -54.487573, -22.138994 ], [ -54.487629, -22.139006 ], [ -54.487587, -22.139182 ], [ -54.487524, -22.139447 ], [ -54.48724, -22.139388 ], [ -54.487303, -22.139123 ] ] ] } },
{ "type": "Feature", "properties": { "id": 101489, "insc_imob": "09.01.24.11.166", "quadra_cartorio": "22", "lote_cartorio": "E", "matricula": "38352", "circunscricao": "1º CIRCUNSCRIÇÃO", "zoneamento": null, "condominio": null, "area_geom": 1498.64, "cnm": "062661.2.0038352-65" }, "geometry": { "type": "Polygon", "coordinates": [ [ [ -54.48757, -22.138069 ], [ -54.487612, -22.137893 ], [ -54.487669, -22.137904 ], [ -54.487896, -22.137952 ], [ -54.487854, -22.138128 ], [ -54.48779, -22.138392 ], [ -54.487506, -22.138333 ], [ -54.48757, -22.138069 ] ] ] } },
{ "type": "Feature", "properties": { "id": 101491, "insc_imob": "09.01.24.23.271", "quadra_cartorio": "17", "lote_cartorio": "B", "matricula": "42018", "circunscricao": "1º CIRCUNSCRIÇÃO", "zoneamento": null, "condominio": null, "area_geom": 1398.79, "cnm": "062661.2.0042018-28" }, "geometry": { "type": "Polygon", "coordinates": [ [ [ -54.489912, -22.139481 ], [ -54.489954, -22.139305 ], [ -54.490285, -22.139374 ], [ -54.4902, -22.139726 ], [ -54.489869, -22.139657 ], [ -54.489912, -22.139481 ] ] ] } },
{ "type": "Feature", "properties": { "id": 101492, "insc_imob": "09.01.24.33.136", "quadra_cartorio": "08", "lote_cartorio": "H", "matricula": "42016", "circunscricao": "1º CIRCUNSCRIÇÃO", "zoneamento": null, "condominio": null, "area_geom": 1049.06, "cnm": "062661.2.0042016-34" }, "geometry": { "type": "Polygon", "coordinates": [ [ [ -54.488938, -22.140851 ], [ -54.489001, -22.140587 ], [ -54.489332, -22.140656 ], [ -54.489269, -22.14092 ], [ -54.488938, -22.140851 ] ] ] } },
{ "type": "Feature", "properties": { "id": 101689, "insc_imob": "09.01.23.14.086", "quadra_cartorio": "02", "lote_cartorio": "07", "matricula": "121131", "circunscricao": "1º CIRCUNSCRIÇÃO", "zoneamento": null, "condominio": null, "area_geom": 504.4, "cnm": "062661.2.0121131-48" }, "geometry": { "type": "Polygon", "coordinates": [ [ [ -54.482829, -22.137257 ], [ -54.482928, -22.136906 ], [ -54.482986, -22.136922 ], [ -54.483046, -22.136938 ], [ -54.482945, -22.137289 ], [ -54.482829, -22.137257 ] ] ] } },
{ "type": "Feature", "properties": { "id": 101761, "insc_imob": "09.01.24.31.271", "quadra_cartorio": "10", "lote_cartorio": "B", "matricula": "39331", "circunscricao": "1º CIRCUNSCRIÇÃO", "zoneamento": null, "condominio": null, "area_geom": 1398.81, "cnm": "062661.2.0039331-38" }, "geometry": { "type": "Polygon", "coordinates": [ [ [ -54.487379, -22.140077 ], [ -54.487422, -22.139901 ], [ -54.487753, -22.13997 ], [ -54.487668, -22.140322 ], [ -54.487337, -22.140253 ], [ -54.487379, -22.140077 ] ] ] } },
{ "type": "Feature", "properties": { "id": 101947, "insc_imob": "09.01.24.04.071", "quadra_cartorio": "30", "lote_cartorio": "G", "matricula": "42387", "circunscricao": "1º CIRCUNSCRIÇÃO", "zoneamento": null, "condominio": null, "area_geom": 1398.82, "cnm": "062661.2.0042387-85" }, "geometry": { "type": "Polygon", "coordinates": [ [ [ -54.490891, -22.137625 ], [ -54.490971, -22.137272 ], [ -54.491303, -22.137338 ], [ -54.491263, -22.137514 ], [ -54.491222, -22.137691 ], [ -54.490891, -22.137625 ] ] ] } },
{ "type": "Feature", "properties": { "id": 102229, "insc_imob": "09.01.23.02.366", "quadra_cartorio": "25", "lote_cartorio": "D", "matricula": "39961", "circunscricao": "1º CIRCUNSCRIÇÃO", "zoneamento": null, "condominio": null, "area_geom": 1494.2, "cnm": "062661.2.0039961-88" }, "geometry": { "type": "Polygon", "coordinates": [ [ [ -54.485638, -22.136187 ], [ -54.485702, -22.135923 ], [ -54.485985, -22.135983 ], [ -54.485922, -22.136246 ], [ -54.48588, -22.136422 ], [ -54.485653, -22.136375 ], [ -54.485596, -22.136363 ], [ -54.485638, -22.136187 ] ] ] } },
{ "type": "Feature", "properties": { "id": 102230, "insc_imob": "09.01.23.14.138", "quadra_cartorio": "02", "lote_cartorio": "03", "matricula": "121127", "circunscricao": "1º CIRCUNSCRIÇÃO", "zoneamento": null, "condominio": null, "area_geom": 529.99, "cnm": "062661.2.0121127-60" }, "geometry": { "type": "Polygon", "coordinates": [ [ [ -54.483299, -22.137389 ], [ -54.483395, -22.137032 ], [ -54.483512, -22.137063 ], [ -54.483423, -22.137424 ], [ -54.483299, -22.137389 ] ] ] } },
{ "type": "Feature", "properties": { "id": 102231, "insc_imob": "09.01.23.14.308", "quadra_cartorio": "02", "lote_cartorio": "10", "matricula": "121134", "circunscricao": "1º CIRCUNSCRIÇÃO", "zoneamento": null, "condominio": null, "area_geom": 383.43, "cnm": "062661.2.0121134-39" }, "geometry": { "type": "Polygon", "coordinates": [ [ [ -54.482986, -22.136922 ], [ -54.483036, -22.136748 ], [ -54.483212, -22.13679 ], [ -54.483164, -22.13697 ], [ -54.483046, -22.136938 ], [ -54.482986, -22.136922 ] ] ] } },
{ "type": "Feature", "properties": { "id": 102232, "insc_imob": "09.01.23.32.271", "quadra_cartorio": "12", "lote_cartorio": "B", "matricula": "41944", "circunscricao": "1º CIRCUNSCRIÇÃO", "zoneamento": null, "condominio": null, "area_geom": 1398.77, "cnm": "062661.2.0041944-56" }, "geometry": { "type": "Polygon", "coordinates": [ [ [ -54.485119, -22.139594 ], [ -54.485161, -22.139417 ], [ -54.485492, -22.139486 ], [ -54.485408, -22.139839 ], [ -54.485077, -22.13977 ], [ -54.485119, -22.139594 ] ] ] } },
{ "type": "Feature", "properties": { "id": 102303, "insc_imob": "09.01.24.01.071", "quadra_cartorio": "27", "lote_cartorio": "G", "matricula": "38426", "circunscricao": "1º CIRCUNSCRIÇÃO", "zoneamento": null, "condominio": null, "area_geom": 699.38, "cnm": "062661.2.0038426-37" }, "geometry": { "type": "Polygon", "coordinates": [ [ [ -54.487532, -22.136776 ], [ -54.487575, -22.1366 ], [ -54.487906, -22.136669 ], [ -54.487863, -22.136845 ], [ -54.487532, -22.136776 ] ] ] } },
{ "type": "Feature", "properties": { "id": 102323, "insc_imob": "09.01.24.41.071", "quadra_cartorio": "03", "lote_cartorio": "G", "matricula": "41932", "circunscricao": "1º CIRCUNSCRIÇÃO", "zoneamento": null, "condominio": null, "area_geom": 1398.8, "cnm": "062661.2.0041932-92" }, "geometry": { "type": "Polygon", "coordinates": [ [ [ -54.486478, -22.141171 ], [ -54.486563, -22.140819 ], [ -54.486894, -22.140888 ], [ -54.486851, -22.141064 ], [ -54.486845, -22.141091 ], [ -54.486809, -22.14124 ], [ -54.486478, -22.141171 ] ] ] } },
{ "type": "Feature", "properties": { "id": 102339, "insc_imob": "09.01.24.14.366", "quadra_cartorio": "19", "lote_cartorio": "D", "matricula": "38670", "circunscricao": "1º CIRCUNSCRIÇÃO", "zoneamento": null, "condominio": null, "area_geom": 1494.22, "cnm": "062661.2.0038670-81" }, "geometry": { "type": "Polygon", "coordinates": [ [ [ -54.491059, -22.138425 ], [ -54.491122, -22.138162 ], [ -54.491405, -22.138221 ], [ -54.491342, -22.138484 ], [ -54.4913, -22.13866 ], [ -54.491243, -22.138648 ], [ -54.491016, -22.138601 ], [ -54.491059, -22.138425 ] ] ] } },
{ "type": "Feature", "properties": { "id": 102480, "insc_imob": "09.01.23.23.076", "quadra_cartorio": "01", "lote_cartorio": "14", "matricula": "121291", "circunscricao": "1º CIRCUNSCRIÇÃO", "zoneamento": null, "condominio": null, "area_geom": 278.89, "cnm": "062661.2.0121291-53" }, "geometry": { "type": "Polygon", "coordinates": [ [ [ -54.483131, -22.137999 ], [ -54.48319, -22.137753 ], [ -54.483284, -22.137774 ], [ -54.483226, -22.138019 ], [ -54.483131, -22.137999 ] ] ] } },
{ "type": "Feature", "properties": { "id": 102481, "insc_imob": "09.01.24.41.166", "quadra_cartorio": "03", "lote_cartorio": "E", "matricula": "43528", "circunscricao": "1º CIRCUNSCRIÇÃO", "zoneamento": null, "condominio": null, "area_geom": 1498.68, "cnm": "062661.2.0043528-57" }, "geometry": { "type": "Polygon", "coordinates": [ [ [ -54.486809, -22.14124 ], [ -54.486845, -22.141091 ], [ -54.486851, -22.141064 ], [ -54.487078, -22.141111 ], [ -54.487135, -22.141123 ], [ -54.487093, -22.141299 ], [ -54.48703, -22.141564 ], [ -54.486746, -22.141505 ], [ -54.486809, -22.14124 ] ] ] } },
{ "type": "Feature", "properties": { "id": 102534, "insc_imob": "09.01.24.24.071", "quadra_cartorio": "18", "lote_cartorio": "G", "matricula": "43522", "circunscricao": "1º CIRCUNSCRIÇÃO", "zoneamento": null, "condominio": null, "area_geom": 1398.8, "cnm": "062661.2.0043522-75" }, "geometry": { "type": "Polygon", "coordinates": [ [ [ -54.49039, -22.139766 ], [ -54.490474, -22.139413 ], [ -54.490805, -22.139482 ], [ -54.490763, -22.139658 ], [ -54.490721, -22.139835 ], [ -54.490555, -22.1398 ], [ -54.49039, -22.139766 ] ] ] } },
{ "type": "Feature", "properties": { "id": 102603, "insc_imob": "09.01.24.42.335", "quadra_cartorio": "04", "lote_cartorio": "A", "matricula": "38317", "circunscricao": "1º CIRCUNSCRIÇÃO", "zoneamento": null, "condominio": null, "area_geom": 1040.41, "cnm": "062661.2.0038317-73" }, "geometry": { "type": "Polygon", "coordinates": [ [ [ -54.48831, -22.141192 ], [ -54.488373, -22.140929 ], [ -54.488704, -22.140999 ], [ -54.488641, -22.141261 ], [ -54.48831, -22.141192 ] ] ] } },
{ "type": "Feature", "properties": { "id": 102616, "insc_imob": "09.01.24.13.136", "quadra_cartorio": "20", "lote_cartorio": "H", "matricula": "43691", "circunscricao": "1º CIRCUNSCRIÇÃO", "zoneamento": null, "condominio": null, "area_geom": 1049.08, "cnm": "062661.2.0043691-53" }, "geometry": { "type": "Polygon", "coordinates": [ [ [ -54.489426, -22.138733 ], [ -54.489489, -22.138468 ], [ -54.48982, -22.138537 ], [ -54.489757, -22.138801 ], [ -54.489426, -22.138733 ] ] ] } },
{ "type": "Feature", "properties": { "id": 102718, "insc_imob": "09.01.23.02.271", "quadra_cartorio": "25", "lote_cartorio": "B", "matricula": "38850", "circunscricao": "1º CIRCUNSCRIÇÃO", "zoneamento": null, "condominio": null, "area_geom": 1398.76, "cnm": "062661.2.0038850-26" }, "geometry": { "type": "Polygon", "coordinates": [ [ [ -54.48588, -22.136422 ], [ -54.485922, -22.136246 ], [ -54.486253, -22.136315 ], [ -54.486169, -22.136667 ], [ -54.485838, -22.136598 ], [ -54.48588, -22.136422 ] ] ] } },
{ "type": "Feature", "properties": { "id": 102719, "insc_imob": "09.01.24.04.231", "quadra_cartorio": "30", "lote_cartorio": "C", "matricula": "38359", "circunscricao": "1º CIRCUNSCRIÇÃO", "zoneamento": null, "condominio": null, "area_geom": 1049.08, "cnm": "062661.2.0038359-44" }, "geometry": { "type": "Polygon", "coordinates": [ [ [ -54.491446, -22.138012 ], [ -54.491507, -22.137747 ], [ -54.491838, -22.137813 ], [ -54.491778, -22.138078 ], [ -54.491446, -22.138012 ] ] ] } },
{ "type": "Feature", "properties": { "id": 102720, "insc_imob": "09.01.24.33.031", "quadra_cartorio": "08", "lote_cartorio": "F", "matricula": "39717", "circunscricao": "1º CIRCUNSCRIÇÃO", "zoneamento": null, "condominio": null, "area_geom": 1047.24, "cnm": "062661.2.0039717-44" }, "geometry": { "type": "Polygon", "coordinates": [ [ [ -54.489086, -22.140234 ], [ -54.489149, -22.13997 ], [ -54.48948, -22.14004 ], [ -54.489417, -22.140303 ], [ -54.489086, -22.140234 ] ] ] } },
{ "type": "Feature", "properties": { "id": 102736, "insc_imob": "09.01.23.13.115", "quadra_cartorio": "01", "lote_cartorio": "12", "matricula": "121123", "circunscricao": "1º CIRCUNSCRIÇÃO", "zoneamento": null, "condominio": null, "area_geom": 521.96, "cnm": "062661.2.0121123-72" }, "geometry": { "type": "Polygon", "coordinates": [ [ [ -54.484105, -22.13762 ], [ -54.484191, -22.137245 ], [ -54.484306, -22.137276 ], [ -54.484218, -22.137652 ], [ -54.484105, -22.13762 ] ] ] } },
{ "type": "Feature", "properties": { "id": 104403, "insc_imob": "09.01.23.22.166", "quadra_cartorio": "13", "lote_cartorio": "E", "matricula": "38387", "circunscricao": "1º CIRCUNSCRIÇÃO", "zoneamento": null, "condominio": null, "area_geom": 1498.67, "cnm": "062661.2.0038387-57" }, "geometry": { "type": "Polygon", "coordinates": [ [ [ -54.48503, -22.138669 ], [ -54.485073, -22.138493 ], [ -54.4853, -22.13854 ], [ -54.485356, -22.138552 ], [ -54.485314, -22.138728 ], [ -54.485251, -22.138993 ], [ -54.484967, -22.138934 ], [ -54.48503, -22.138669 ] ] ] } },
{ "type": "Feature", "properties": { "id": 104404, "insc_imob": "09.01.23.23.066", "quadra_cartorio": "01", "lote_cartorio": "15", "matricula": "121292", "circunscricao": "1º CIRCUNSCRIÇÃO", "zoneamento": null, "condominio": null, "area_geom": 280.9, "cnm": "062661.2.0121292-50" }, "geometry": { "type": "Polygon", "coordinates": [ [ [ -54.483036, -22.13798 ], [ -54.483096, -22.137731 ], [ -54.48319, -22.137753 ], [ -54.483131, -22.137999 ], [ -54.483036, -22.13798 ] ] ] } },
{ "type": "Feature", "properties": { "id": 104406, "insc_imob": "09.01.24.21.366", "quadra_cartorio": "15", "lote_cartorio": "D", "matricula": "38355", "circunscricao": "1º CIRCUNSCRIÇÃO", "zoneamento": null, "condominio": null, "area_geom": 1494.16, "cnm": "062661.2.0038355-56" }, "geometry": { "type": "Polygon", "coordinates": [ [ [ -54.487388, -22.138771 ], [ -54.487451, -22.138508 ], [ -54.487734, -22.138567 ], [ -54.487671, -22.13883 ], [ -54.487629, -22.139006 ], [ -54.487573, -22.138994 ], [ -54.487346, -22.138947 ], [ -54.487388, -22.138771 ] ] ] } },
{ "type": "Feature", "properties": { "id": 104453, "insc_imob": "09.01.23.25.123", "quadra_cartorio": "03", "lote_cartorio": "03", "matricula": "121314", "circunscricao": "1º CIRCUNSCRIÇÃO", "zoneamento": null, "condominio": null, "area_geom": 219.8, "cnm": "062661.2.0121314-81" }, "geometry": { "type": "Polygon", "coordinates": [ [ [ -54.482755, -22.137689 ], [ -54.482776, -22.137601 ], [ -54.482984, -22.137645 ], [ -54.482963, -22.137733 ], [ -54.482755, -22.137689 ] ] ] } },
{ "type": "Feature", "properties": { "id": 104806, "insc_imob": "09.01.23.01.231", "quadra_cartorio": "26", "lote_cartorio": "C", "matricula": "38564", "circunscricao": "1º CIRCUNSCRIÇÃO", "zoneamento": null, "condominio": null, "area_geom": 1049.04, "cnm": "062661.2.0038564-11" }, "geometry": { "type": "Polygon", "coordinates": [ [ [ -54.486893, -22.137103 ], [ -54.486957, -22.136839 ], [ -54.487288, -22.136907 ], [ -54.487224, -22.137172 ], [ -54.486893, -22.137103 ] ] ] } },
{ "type": "Feature", "properties": { "id": 104857, "insc_imob": "09.01.23.42.335", "quadra_cartorio": "01", "lote_cartorio": "A", "matricula": "43749", "circunscricao": "1º CIRCUNSCRIÇÃO", "zoneamento": null, "condominio": null, "area_geom": 1040.41, "cnm": "062661.2.0043749-73" }, "geometry": { "type": "Polygon", "coordinates": [ [ [ -54.484902, -22.140497 ], [ -54.484965, -22.140235 ], [ -54.485296, -22.140304 ], [ -54.485233, -22.140566 ], [ -54.484902, -22.140497 ] ] ] } },
{ "type": "Feature", "properties": { "id": 104953, "insc_imob": "09.01.23.13.296", "quadra_cartorio": "01", "lote_cartorio": "06", "matricula": "121117", "circunscricao": "1º CIRCUNSCRIÇÃO", "zoneamento": null, "condominio": null, "area_geom": 582.14, "cnm": "062661.2.0121117-90" }, "geometry": { "type": "Polygon", "coordinates": [ [ [ -54.484211, -22.137156 ], [ -54.484238, -22.137039 ], [ -54.484469, -22.137095 ], [ -54.484445, -22.137201 ], [ -54.484422, -22.137306 ], [ -54.484306, -22.137276 ], [ -54.484191, -22.137245 ], [ -54.484211, -22.137156 ] ] ] } },
{ "type": "Feature", "properties": { "id": 105099, "insc_imob": "09.01.23.01.366", "quadra_cartorio": "26", "lote_cartorio": "D", "matricula": "38530", "circunscricao": "1º CIRCUNSCRIÇÃO", "zoneamento": null, "condominio": null, "area_geom": 1494.17, "cnm": "062661.2.0038530-16" }, "geometry": { "type": "Polygon", "coordinates": [ [ [ -54.486758, -22.136427 ], [ -54.486821, -22.136164 ], [ -54.487104, -22.136224 ], [ -54.487041, -22.136486 ], [ -54.486999, -22.136662 ], [ -54.486772, -22.136615 ], [ -54.486715, -22.136603 ], [ -54.486758, -22.136427 ] ] ] } },
{ "type": "Feature", "properties": { "id": 105100, "insc_imob": "09.01.24.14.071", "quadra_cartorio": "19", "lote_cartorio": "G", "matricula": "38675", "circunscricao": "1º CIRCUNSCRIÇÃO", "zoneamento": null, "condominio": null, "area_geom": 1398.8, "cnm": "062661.2.0038675-66" }, "geometry": { "type": "Polygon", "coordinates": [ [ [ -54.490643, -22.138708 ], [ -54.490728, -22.138356 ], [ -54.491059, -22.138425 ], [ -54.491016, -22.138601 ], [ -54.490974, -22.138777 ], [ -54.490643, -22.138708 ] ] ] } },
{ "type": "Feature", "properties": { "id": 105140, "insc_imob": "09.01.24.12.136", "quadra_cartorio": "21", "lote_cartorio": "H", "matricula": "43660", "circunscricao": "1º CIRCUNSCRIÇÃO", "zoneamento": null, "condominio": null, "area_geom": 1049.07, "cnm": "062661.2.0043660-49" }, "geometry": { "type": "Polygon", "coordinates": [ [ [ -54.488301, -22.138498 ], [ -54.488364, -22.138234 ], [ -54.488695, -22.138303 ], [ -54.488631, -22.138567 ], [ -54.488301, -22.138498 ] ] ] } },
{ "type": "Feature", "properties": { "id": 105360, "insc_imob": "09.01.23.23.176", "quadra_cartorio": "01", "lote_cartorio": "04", "matricula": "121281", "circunscricao": "1º CIRCUNSCRIÇÃO", "zoneamento": null, "condominio": null, "area_geom": 219.7, "cnm": "062661.2.0121281-83" }, "geometry": { "type": "Polygon", "coordinates": [ [ [ -54.484077, -22.138196 ], [ -54.484123, -22.138002 ], [ -54.484218, -22.138022 ], [ -54.484171, -22.138216 ], [ -54.484077, -22.138196 ] ] ] } },
{ "type": "Feature", "properties": { "id": 105412, "insc_imob": "09.01.24.02.071", "quadra_cartorio": "28", "lote_cartorio": "G", "matricula": "47060", "circunscricao": "1º CIRCUNSCRIÇÃO", "zoneamento": null, "condominio": null, "area_geom": 874.26, "cnm": "062661.2.0047060-34" }, "geometry": { "type": "Polygon", "coordinates": [ [ [ -54.488627, -22.137179 ], [ -54.48868, -22.136959 ], [ -54.489011, -22.137028 ], [ -54.489, -22.137072 ], [ -54.488958, -22.137248 ], [ -54.488778, -22.13721 ], [ -54.488627, -22.137179 ] ] ] } },
{ "type": "Feature", "properties": { "id": 105554, "insc_imob": "09.01.24.01.136", "quadra_cartorio": "27", "lote_cartorio": "H", "matricula": "38428", "circunscricao": "1º CIRCUNSCRIÇÃO", "zoneamento": null, "condominio": null, "area_geom": 1748.46, "cnm": "062661.2.0038428-31" }, "geometry": { "type": "Polygon", "coordinates": [ [ [ -54.487427, -22.137217 ], [ -54.487532, -22.136776 ], [ -54.487863, -22.136845 ], [ -54.487758, -22.137285 ], [ -54.487427, -22.137217 ] ] ] } },
{ "type": "Feature", "properties": { "id": 105746, "insc_imob": "09.01.23.14.205", "quadra_cartorio": "02", "lote_cartorio": "01", "matricula": "121125", "circunscricao": "1º CIRCUNSCRIÇÃO", "zoneamento": null, "condominio": null, "area_geom": 533.77, "cnm": "062661.2.0121125-66" }, "geometry": { "type": "Polygon", "coordinates": [ [ [ -54.483539, -22.137456 ], [ -54.483628, -22.137095 ], [ -54.483746, -22.137126 ], [ -54.483662, -22.137491 ], [ -54.483539, -22.137456 ] ] ] } },
{ "type": "Feature", "properties": { "id": 105781, "insc_imob": "09.01.23.11.071", "quadra_cartorio": "23", "lote_cartorio": "G", "matricula": "40111", "circunscricao": "1º CIRCUNSCRIÇÃO", "zoneamento": null, "condominio": null, "area_geom": 1398.79, "cnm": "062661.2.0040111-26" }, "geometry": { "type": "Polygon", "coordinates": [ [ [ -54.486104, -22.137764 ], [ -54.486189, -22.137411 ], [ -54.48652, -22.13748 ], [ -54.486477, -22.137656 ], [ -54.486435, -22.137833 ], [ -54.486104, -22.137764 ] ] ] } },
{ "type": "Feature", "properties": { "id": 105828, "insc_imob": "09.01.24.01.031", "quadra_cartorio": "27", "lote_cartorio": "F", "matricula": "40491", "circunscricao": "1º CIRCUNSCRIÇÃO", "zoneamento": null, "condominio": null, "area_geom": 1047.23, "cnm": "062661.2.0040491-50" }, "geometry": { "type": "Polygon", "coordinates": [ [ [ -54.487575, -22.1366 ], [ -54.487638, -22.136336 ], [ -54.487969, -22.136405 ], [ -54.487906, -22.136669 ], [ -54.487575, -22.1366 ] ] ] } },
{ "type": "Feature", "properties": { "id": 105833, "insc_imob": "09.01.24.02.271", "quadra_cartorio": "28", "lote_cartorio": "B", "matricula": "38837", "circunscricao": "1º CIRCUNSCRIÇÃO", "zoneamento": null, "condominio": null, "area_geom": 1398.77, "cnm": "062661.2.0038837-65" }, "geometry": { "type": "Polygon", "coordinates": [ [ [ -54.489284, -22.137131 ], [ -54.489326, -22.136954 ], [ -54.489657, -22.137023 ], [ -54.489573, -22.137376 ], [ -54.489242, -22.137307 ], [ -54.489284, -22.137131 ] ] ] } },
{ "type": "Feature", "properties": { "id": 106026, "insc_imob": "09.01.23.22.366", "quadra_cartorio": "13", "lote_cartorio": "D", "matricula": "38335", "circunscricao": "1º CIRCUNSCRIÇÃO", "zoneamento": null, "condominio": null, "area_geom": 1494.18, "cnm": "062661.2.0038335-19" }, "geometry": { "type": "Polygon", "coordinates": [ [ [ -54.485115, -22.138317 ], [ -54.485178, -22.138054 ], [ -54.485462, -22.138113 ], [ -54.485399, -22.138376 ], [ -54.485356, -22.138552 ], [ -54.4853, -22.13854 ], [ -54.485073, -22.138493 ], [ -54.485115, -22.138317 ] ] ] } },
{ "type": "Feature", "properties": { "id": 106498, "insc_imob": "09.01.23.23.376", "quadra_cartorio": "01", "lote_cartorio": "23", "matricula": "121300", "circunscricao": "1º CIRCUNSCRIÇÃO", "zoneamento": null, "condominio": null, "area_geom": 288.22, "cnm": "062661.2.0121300-26" }, "geometry": { "type": "Polygon", "coordinates": [ [ [ -54.48374, -22.137923 ], [ -54.483805, -22.137673 ], [ -54.483898, -22.137699 ], [ -54.483839, -22.137943 ], [ -54.483745, -22.137924 ], [ -54.48374, -22.137923 ] ] ] } },
{ "type": "Feature", "properties": { "id": 107298, "insc_imob": "09.01.23.02.031", "quadra_cartorio": "25", "lote_cartorio": "F", "matricula": "45401", "circunscricao": "1º CIRCUNSCRIÇÃO", "zoneamento": null, "condominio": null, "area_geom": 1047.24, "cnm": "062661.2.0045401-64" }, "geometry": { "type": "Polygon", "coordinates": [ [ [ -54.485307, -22.136118 ], [ -54.485371, -22.135854 ], [ -54.485702, -22.135923 ], [ -54.485638, -22.136187 ], [ -54.485307, -22.136118 ] ] ] } },
{ "type": "Feature", "properties": { "id": 107299, "insc_imob": "09.01.24.32.136", "quadra_cartorio": "09", "lote_cartorio": "H", "matricula": "38347", "circunscricao": "1º CIRCUNSCRIÇÃO", "zoneamento": null, "condominio": null, "area_geom": 1049.04, "cnm": "062661.2.0038347-80" }, "geometry": { "type": "Polygon", "coordinates": [ [ [ -54.487803, -22.140615 ], [ -54.487867, -22.14035 ], [ -54.488198, -22.140419 ], [ -54.488134, -22.140684 ], [ -54.487803, -22.140615 ] ] ] } },
{ "type": "Feature", "properties": { "id": 110619, "insc_imob": "09.01.23.24.172", "quadra_cartorio": "02", "lote_cartorio": "01", "matricula": "121307", "circunscricao": "1º CIRCUNSCRIÇÃO", "zoneamento": null, "condominio": null, "area_geom": 323.94, "cnm": "062661.2.0121307-05" }, "geometry": { "type": "Polygon", "coordinates": [ [ [ -54.484384, -22.138664 ], [ -54.484443, -22.138396 ], [ -54.484448, -22.138397 ], [ -54.484542, -22.138417 ], [ -54.484473, -22.138707 ], [ -54.484384, -22.138664 ] ] ] } },
{ "type": "Feature", "properties": { "id": 110649, "insc_imob": "09.01.24.01.231", "quadra_cartorio": "27", "lote_cartorio": "C", "matricula": "39077", "circunscricao": "1º CIRCUNSCRIÇÃO", "zoneamento": null, "condominio": null, "area_geom": 1049.16, "cnm": "062661.2.0039077-24" }, "geometry": { "type": "Polygon", "coordinates": [ [ [ -54.488041, -22.137344 ], [ -54.488105, -22.13708 ], [ -54.488436, -22.137149 ], [ -54.488372, -22.137413 ], [ -54.488041, -22.137344 ] ] ] } },
{ "type": "Feature", "properties": { "id": 129480, "insc_imob": "09.01.24.42.232", "quadra_cartorio": "04", "lote_cartorio": "C-02", "matricula": "164431-1RI", "circunscricao": "1º CIRCUNSCRIÇÃO", "zoneamento": null, "condominio": null, "area_geom": 360.0, "cnm": "062661.2.0164431-31" }, "geometry": { "type": "Polygon", "coordinates": [ [ [ -54.488226, -22.141544 ], [ -54.488339, -22.141568 ], [ -54.488276, -22.141832 ], [ -54.488162, -22.141808 ], [ -54.488226, -22.141544 ] ] ] } },
{ "type": "Feature", "properties": { "id": 129481, "insc_imob": "09.01.24.42.240", "quadra_cartorio": "04", "lote_cartorio": "C-01", "matricula": "164430-1RI", "circunscricao": "1º CIRCUNSCRIÇÃO", "zoneamento": null, "condominio": null, "area_geom": 690.0, "cnm": "062661.2.0164430-34" }, "geometry": { "type": "Polygon", "coordinates": [ [ [ -54.488276, -22.141832 ], [ -54.488339, -22.141568 ], [ -54.488557, -22.141613 ], [ -54.488493, -22.141877 ], [ -54.488276, -22.141832 ] ] ] } },
{ "type": "Feature", "properties": { "id": 230, "insc_imob": "09.01.23.42.031", "quadra_cartorio": null, "lote_cartorio": "F", "matricula": "43690", "circunscricao": "1º CIRCUNSCRIÇÃO", "zoneamento": null, "condominio": null, "area_geom": 1048.14, "cnm": "062661.2.0043690-56" }, "geometry": { "type": "Polygon", "coordinates": [ [ [ -54.484288, -22.140369 ], [ -54.484351, -22.140105 ], [ -54.484682, -22.140175 ], [ -54.484619, -22.140438 ], [ -54.484288, -22.140369 ] ] ] } },
{ "type": "Feature", "properties": { "id": 231, "insc_imob": "09.01.23.42.272", "quadra_cartorio": null, "lote_cartorio": "C", "matricula": "44128", "circunscricao": "1º CIRCUNSCRIÇÃO", "zoneamento": null, "condominio": null, "area_geom": 1050.03, "cnm": "062661.2.0044128-03" }, "geometry": { "type": "Polygon", "coordinates": [ [ [ -54.484755, -22.141114 ], [ -54.484818, -22.140849 ], [ -54.485149, -22.140918 ], [ -54.485149, -22.140918 ], [ -54.485086, -22.141183 ], [ -54.484755, -22.141114 ] ] ] } },
{ "type": "Feature", "properties": { "id": 865, "insc_imob": "09.01.23.01.136", "quadra_cartorio": null, "lote_cartorio": "H", "matricula": "38873", "circunscricao": "1º CIRCUNSCRIÇÃO", "zoneamento": null, "condominio": null, "area_geom": 1049.92, "cnm": "062661.2.0038873-54" }, "geometry": { "type": "Polygon", "coordinates": [ [ [ -54.486279, -22.136975 ], [ -54.486342, -22.136711 ], [ -54.486673, -22.13678 ], [ -54.48661, -22.137044 ], [ -54.486279, -22.136975 ] ] ] } },
{ "type": "Feature", "properties": { "id": 866, "insc_imob": "09.01.23.01.166", "quadra_cartorio": null, "lote_cartorio": "E", "matricula": "38529", "circunscricao": "1º CIRCUNSCRIÇÃO", "zoneamento": null, "condominio": null, "area_geom": 1499.91, "cnm": "062661.2.0038529-19" }, "geometry": { "type": "Polygon", "coordinates": [ [ [ -54.486673, -22.13678 ], [ -54.486715, -22.136603 ], [ -54.486772, -22.136615 ], [ -54.486999, -22.136662 ], [ -54.486989, -22.136706 ], [ -54.486957, -22.136839 ], [ -54.486893, -22.137103 ], [ -54.48661, -22.137044 ], [ -54.486673, -22.13678 ] ] ] } },
{ "type": "Feature", "properties": { "id": 839, "insc_imob": "09.01.23.01.031", "quadra_cartorio": null, "lote_cartorio": "F", "matricula": "38852", "circunscricao": "1º CIRCUNSCRIÇÃO", "zoneamento": null, "condominio": null, "area_geom": 1048.14, "cnm": "062661.2.0038852-20" }, "geometry": { "type": "Polygon", "coordinates": [ [ [ -54.486427, -22.136358 ], [ -54.48649, -22.136094 ], [ -54.486821, -22.136164 ], [ -54.486758, -22.136427 ], [ -54.486427, -22.136358 ] ] ] } },
{ "type": "Feature", "properties": { "id": 864, "insc_imob": "09.01.23.01.071", "quadra_cartorio": null, "lote_cartorio": "G", "matricula": "43710", "circunscricao": "1º CIRCUNSCRIÇÃO", "zoneamento": null, "condominio": null, "area_geom": 1400.0, "cnm": "062661.2.0043710-93" }, "geometry": { "type": "Polygon", "coordinates": [ [ [ -54.486342, -22.136711 ], [ -54.486427, -22.136358 ], [ -54.486758, -22.136427 ], [ -54.486715, -22.136603 ], [ -54.486673, -22.13678 ], [ -54.486342, -22.136711 ] ] ] } },
{ "type": "Feature", "properties": { "id": 887, "insc_imob": "09.01.23.01.271", "quadra_cartorio": null, "lote_cartorio": "B", "matricula": "38565", "circunscricao": "1º CIRCUNSCRIÇÃO", "zoneamento": null, "condominio": null, "area_geom": 875.03, "cnm": "062661.2.0038565-08" }, "geometry": { "type": "Polygon", "coordinates": [ [ [ -54.486999, -22.136662 ], [ -54.487041, -22.136486 ], [ -54.487372, -22.136555 ], [ -54.487319, -22.136775 ], [ -54.486989, -22.136706 ], [ -54.486999, -22.136662 ] ] ] } },
{ "type": "Feature", "properties": { "id": 888, "insc_imob": "09.01.23.01.335", "quadra_cartorio": null, "lote_cartorio": "A", "matricula": "39341", "circunscricao": "1º CIRCUNSCRIÇÃO", "zoneamento": null, "condominio": null, "area_geom": 1041.33, "cnm": "062661.2.0039341-08" }, "geometry": { "type": "Polygon", "coordinates": [ [ [ -54.487041, -22.136486 ], [ -54.487104, -22.136224 ], [ -54.487435, -22.136293 ], [ -54.487372, -22.136555 ], [ -54.487041, -22.136486 ] ] ] } },
{ "type": "Feature", "properties": { "id": 889, "insc_imob": "09.01.23.02.071", "quadra_cartorio": null, "lote_cartorio": "G", "matricula": "38385", "circunscricao": "1º CIRCUNSCRIÇÃO", "zoneamento": null, "condominio": null, "area_geom": 1400.01, "cnm": "062661.2.0038385-63" }, "geometry": { "type": "Polygon", "coordinates": [ [ [ -54.485223, -22.13647 ], [ -54.485307, -22.136118 ], [ -54.485638, -22.136187 ], [ -54.485596, -22.136363 ], [ -54.485554, -22.136539 ], [ -54.485223, -22.13647 ] ] ] } },
{ "type": "Feature", "properties": { "id": 912, "insc_imob": "09.01.23.02.136", "quadra_cartorio": null, "lote_cartorio": "H", "matricula": "42078", "circunscricao": "1º CIRCUNSCRIÇÃO", "zoneamento": null, "condominio": null, "area_geom": 1049.94, "cnm": "062661.2.0042078-42" }, "geometry": { "type": "Polygon", "coordinates": [ [ [ -54.48516, -22.136735 ], [ -54.485223, -22.13647 ], [ -54.485554, -22.136539 ], [ -54.485491, -22.136804 ], [ -54.48516, -22.136735 ] ] ] } },
{ "type": "Feature", "properties": { "id": 913, "insc_imob": "09.01.23.02.166", "quadra_cartorio": null, "lote_cartorio": "E", "matricula": "39962", "circunscricao": "1º CIRCUNSCRIÇÃO", "zoneamento": null, "condominio": null, "area_geom": 1499.9, "cnm": "062661.2.0039962-85" }, "geometry": { "type": "Polygon", "coordinates": [ [ [ -54.485554, -22.136539 ], [ -54.485596, -22.136363 ], [ -54.485653, -22.136375 ], [ -54.48588, -22.136422 ], [ -54.485838, -22.136598 ], [ -54.485774, -22.136863 ], [ -54.485491, -22.136804 ], [ -54.485554, -22.136539 ] ] ] } },
{ "type": "Feature", "properties": { "id": 938, "insc_imob": "09.01.23.02.335", "quadra_cartorio": null, "lote_cartorio": "A", "matricula": "38854", "circunscricao": "1º CIRCUNSCRIÇÃO", "zoneamento": null, "condominio": null, "area_geom": 1041.33, "cnm": "062661.2.0038854-14" }, "geometry": { "type": "Polygon", "coordinates": [ [ [ -54.485922, -22.136246 ], [ -54.485985, -22.135983 ], [ -54.486316, -22.136053 ], [ -54.486253, -22.136315 ], [ -54.485922, -22.136246 ] ] ] } },
{ "type": "Feature", "properties": { "id": 939, "insc_imob": "09.01.23.11.031", "quadra_cartorio": null, "lote_cartorio": "F", "matricula": "40112", "circunscricao": "1º CIRCUNSCRIÇÃO", "zoneamento": null, "condominio": null, "area_geom": 1048.15, "cnm": "062661.2.0040112-23" }, "geometry": { "type": "Polygon", "coordinates": [ [ [ -54.486189, -22.137411 ], [ -54.486252, -22.137147 ], [ -54.486583, -22.137217 ], [ -54.48652, -22.13748 ], [ -54.486189, -22.137411 ] ] ] } },
{ "type": "Feature", "properties": { "id": 940, "insc_imob": "09.01.23.11.136", "quadra_cartorio": null, "lote_cartorio": "H", "matricula": "40110", "circunscricao": "1º CIRCUNSCRIÇÃO", "zoneamento": null, "condominio": null, "area_geom": 1049.95, "cnm": "062661.2.0040110-29" }, "geometry": { "type": "Polygon", "coordinates": [ [ [ -54.486041, -22.138028 ], [ -54.486104, -22.137764 ], [ -54.486435, -22.137833 ], [ -54.486372, -22.138097 ], [ -54.486041, -22.138028 ] ] ] } },
{ "type": "Feature", "properties": { "id": 941, "insc_imob": "09.01.23.11.166", "quadra_cartorio": null, "lote_cartorio": "E", "matricula": "39083", "circunscricao": "1º CIRCUNSCRIÇÃO", "zoneamento": null, "condominio": null, "area_geom": 1499.92, "cnm": "062661.2.0039083-06" }, "geometry": { "type": "Polygon", "coordinates": [ [ [ -54.486435, -22.137833 ], [ -54.486477, -22.137656 ], [ -54.486534, -22.137668 ], [ -54.486761, -22.137715 ], [ -54.486719, -22.137892 ], [ -54.486655, -22.138156 ], [ -54.486372, -22.138097 ], [ -54.486435, -22.137833 ] ] ] } },
{ "type": "Feature", "properties": { "id": 961, "insc_imob": "09.01.23.11.231", "quadra_cartorio": null, "lote_cartorio": "B/C", "matricula": "3918", "circunscricao": "1º CIRCUNSCRIÇÃO", "zoneamento": null, "condominio": null, "area_geom": 1049.96, "cnm": "062661.2.0003918-62" }, "geometry": { "type": "Polygon", "coordinates": [ [ [ -54.486655, -22.138156 ], [ -54.486719, -22.137892 ], [ -54.48705, -22.137961 ], [ -54.486986, -22.138225 ], [ -54.486655, -22.138156 ] ] ] } },
{ "type": "Feature", "properties": { "id": 962, "insc_imob": "09.01.23.11.271", "quadra_cartorio": null, "lote_cartorio": "B", "matricula": "3918", "circunscricao": "1º CIRCUNSCRIÇÃO", "zoneamento": null, "condominio": null, "area_geom": 1209.99, "cnm": "062661.2.0003918-62" }, "geometry": { "type": "Polygon", "coordinates": [ [ [ -54.486761, -22.137715 ], [ -54.486808, -22.137725 ], [ -54.486844, -22.137576 ], [ -54.487128, -22.137635 ], [ -54.48705, -22.137961 ], [ -54.486719, -22.137892 ], [ -54.486761, -22.137715 ] ] ] } },
{ "type": "Feature", "properties": { "id": 963, "insc_imob": "09.01.23.11.366", "quadra_cartorio": null, "lote_cartorio": "D", "matricula": "39087", "circunscricao": "1º CIRCUNSCRIÇÃO", "zoneamento": null, "condominio": null, "area_geom": 1744.48, "cnm": "062661.2.0039087-91" }, "geometry": { "type": "Polygon", "coordinates": [ [ [ -54.48652, -22.13748 ], [ -54.486583, -22.137217 ], [ -54.486913, -22.137287 ], [ -54.486844, -22.137576 ], [ -54.486808, -22.137725 ], [ -54.486761, -22.137715 ], [ -54.486534, -22.137668 ], [ -54.486477, -22.137656 ], [ -54.48652, -22.13748 ] ] ] } },
{ "type": "Feature", "properties": { "id": 987, "insc_imob": "09.01.23.12.271", "quadra_cartorio": null, "lote_cartorio": "B", "matricula": "38354", "circunscricao": "1º CIRCUNSCRIÇÃO", "zoneamento": null, "condominio": null, "area_geom": 1400.0, "cnm": "062661.2.0038354-59" }, "geometry": { "type": "Polygon", "coordinates": [ [ [ -54.485607, -22.137495 ], [ -54.485649, -22.137318 ], [ -54.48598, -22.137387 ], [ -54.485896, -22.13774 ], [ -54.485565, -22.137671 ], [ -54.485607, -22.137495 ] ] ] } },
{ "type": "Feature", "properties": { "id": 988, "insc_imob": "09.01.23.12.335", "quadra_cartorio": null, "lote_cartorio": "A", "matricula": "39323", "circunscricao": "1º CIRCUNSCRIÇÃO", "zoneamento": null, "condominio": null, "area_geom": 1041.32, "cnm": "062661.2.0039323-62" }, "geometry": { "type": "Polygon", "coordinates": [ [ [ -54.485649, -22.137318 ], [ -54.485712, -22.137056 ], [ -54.486043, -22.137126 ], [ -54.48598, -22.137387 ], [ -54.485649, -22.137318 ] ] ] } },
{ "type": "Feature", "properties": { "id": 1011, "insc_imob": "09.01.23.13.078", "quadra_cartorio": null, "lote_cartorio": "09", "matricula": "121120", "circunscricao": "1º CIRCUNSCRIÇÃO", "zoneamento": null, "condominio": null, "area_geom": 540.08, "cnm": "062661.2.0121120-81" }, "geometry": { "type": "Polygon", "coordinates": [ [ [ -54.483752, -22.137519 ], [ -54.483838, -22.13715 ], [ -54.483955, -22.137181 ], [ -54.483874, -22.137554 ], [ -54.483752, -22.137519 ] ] ] } },
{ "type": "Feature", "properties": { "id": 1012, "insc_imob": "09.01.23.13.091", "quadra_cartorio": null, "lote_cartorio": "10", "matricula": "121121", "circunscricao": "1º CIRCUNSCRIÇÃO", "zoneamento": null, "condominio": null, "area_geom": 520.96, "cnm": "062661.2.0121121-78" }, "geometry": { "type": "Polygon", "coordinates": [ [ [ -54.483874, -22.137554 ], [ -54.483955, -22.137181 ], [ -54.484072, -22.137213 ], [ -54.483988, -22.137587 ], [ -54.483874, -22.137554 ] ] ] } },
{ "type": "Feature", "properties": { "id": 1013, "insc_imob": "09.01.23.13.103", "quadra_cartorio": null, "lote_cartorio": "11", "matricula": "121122", "circunscricao": "1º CIRCUNSCRIÇÃO", "zoneamento": null, "condominio": null, "area_geom": 537.17, "cnm": "062661.2.0121122-75" }, "geometry": { "type": "Polygon", "coordinates": [ [ [ -54.483988, -22.137587 ], [ -54.484072, -22.137213 ], [ -54.484191, -22.137245 ], [ -54.484105, -22.13762 ], [ -54.483988, -22.137587 ] ] ] } },
{ "type": "Feature", "properties": { "id": 1014, "insc_imob": "09.01.23.13.128", "quadra_cartorio": null, "lote_cartorio": "13", "matricula": "121124", "circunscricao": "1º CIRCUNSCRIÇÃO", "zoneamento": null, "condominio": null, "area_geom": 539.16, "cnm": "062661.2.0121124-69" }, "geometry": { "type": "Polygon", "coordinates": [ [ [ -54.484218, -22.137652 ], [ -54.484306, -22.137276 ], [ -54.484422, -22.137306 ], [ -54.484382, -22.137483 ], [ -54.484359, -22.137585 ], [ -54.484337, -22.137686 ], [ -54.484221, -22.137653 ], [ -54.484218, -22.137652 ] ] ] } },
{ "type": "Feature", "properties": { "id": 1015, "insc_imob": "09.01.23.13.190", "quadra_cartorio": null, "lote_cartorio": "02", "matricula": "121113", "circunscricao": "1º CIRCUNSCRIÇÃO", "zoneamento": null, "condominio": null, "area_geom": 435.56, "cnm": "062661.2.0121113-05" }, "geometry": { "type": "Polygon", "coordinates": [ [ [ -54.484359, -22.137585 ], [ -54.484382, -22.137483 ], [ -54.484733, -22.137576 ], [ -54.484708, -22.13768 ], [ -54.484359, -22.137585 ] ] ] } },
{ "type": "Feature", "properties": { "id": 1016, "insc_imob": "09.01.23.13.210", "quadra_cartorio": null, "lote_cartorio": "03", "matricula": "121114", "circunscricao": "1º CIRCUNSCRIÇÃO", "zoneamento": null, "condominio": null, "area_geom": 750.25, "cnm": "062661.2.0121114-02" }, "geometry": { "type": "Polygon", "coordinates": [ [ [ -54.484382, -22.137483 ], [ -54.484422, -22.137306 ], [ -54.484774, -22.137401 ], [ -54.484733, -22.137576 ], [ -54.484382, -22.137483 ] ] ] } },
{ "type": "Feature", "properties": { "id": 1017, "insc_imob": "09.01.23.13.272", "quadra_cartorio": null, "lote_cartorio": "05", "matricula": "121116", "circunscricao": "1º CIRCUNSCRIÇÃO", "zoneamento": null, "condominio": null, "area_geom": 456.27, "cnm": "062661.2.0121116-93" }, "geometry": { "type": "Polygon", "coordinates": [ [ [ -54.484445, -22.137201 ], [ -54.484469, -22.137095 ], [ -54.484827, -22.137181 ], [ -54.484802, -22.137287 ], [ -54.484445, -22.137201 ] ] ] } },
{ "type": "Feature", "properties": { "id": 1018, "insc_imob": "09.01.23.14.020", "quadra_cartorio": null, "lote_cartorio": "09", "matricula": "121133", "circunscricao": "1º CIRCUNSCRIÇÃO", "zoneamento": null, "condominio": null, "area_geom": 371.07, "cnm": "062661.2.0121133-42" }, "geometry": { "type": "Polygon", "coordinates": [ [ [ -54.48281, -22.136875 ], [ -54.48286, -22.136705 ], [ -54.483036, -22.136748 ], [ -54.482986, -22.136922 ], [ -54.482928, -22.136906 ], [ -54.48281, -22.136875 ] ] ] } },
{ "type": "Feature", "properties": { "id": 1019, "insc_imob": "09.01.23.14.073", "quadra_cartorio": null, "lote_cartorio": "08", "matricula": "121132", "circunscricao": "1º CIRCUNSCRIÇÃO", "zoneamento": null, "condominio": null, "area_geom": 516.61, "cnm": "062661.2.0121132-45" }, "geometry": { "type": "Polygon", "coordinates": [ [ [ -54.482707, -22.137222 ], [ -54.48281, -22.136875 ], [ -54.482928, -22.136906 ], [ -54.482829, -22.137257 ], [ -54.482707, -22.137222 ] ] ] } },
{ "type": "Feature", "properties": { "id": 1020, "insc_imob": "09.01.23.14.097", "quadra_cartorio": null, "lote_cartorio": "06", "matricula": "121130", "circunscricao": "1º CIRCUNSCRIÇÃO", "zoneamento": null, "condominio": null, "area_geom": 474.45, "cnm": "062661.2.0121130-51" }, "geometry": { "type": "Polygon", "coordinates": [ [ [ -54.482945, -22.137289 ], [ -54.483046, -22.136938 ], [ -54.483164, -22.13697 ], [ -54.483045, -22.137317 ], [ -54.482945, -22.137289 ] ] ] } },
{ "type": "Feature", "properties": { "id": 1021, "insc_imob": "09.01.23.14.112", "quadra_cartorio": null, "lote_cartorio": "05", "matricula": "121129", "circunscricao": "1º CIRCUNSCRIÇÃO", "zoneamento": null, "condominio": null, "area_geom": 565.68, "cnm": "062661.2.0121129-54" }, "geometry": { "type": "Polygon", "coordinates": [ [ [ -54.483045, -22.137317 ], [ -54.483164, -22.13697 ], [ -54.483283, -22.137002 ], [ -54.483186, -22.137357 ], [ -54.483045, -22.137317 ] ] ] } },
{ "type": "Feature", "properties": { "id": 1022, "insc_imob": "09.01.23.14.124", "quadra_cartorio": null, "lote_cartorio": "04", "matricula": "121128", "circunscricao": "1º CIRCUNSCRIÇÃO", "zoneamento": null, "condominio": null, "area_geom": 491.75, "cnm": "062661.2.0121128-57" }, "geometry": { "type": "Polygon", "coordinates": [ [ [ -54.483186, -22.137357 ], [ -54.483283, -22.137002 ], [ -54.483395, -22.137032 ], [ -54.483299, -22.137389 ], [ -54.483186, -22.137357 ] ] ] } },
{ "type": "Feature", "properties": { "id": 1023, "insc_imob": "09.01.23.14.150", "quadra_cartorio": null, "lote_cartorio": "02", "matricula": "121126", "circunscricao": "1º CIRCUNSCRIÇÃO", "zoneamento": null, "condominio": null, "area_geom": 510.81, "cnm": "062661.2.0121126-63" }, "geometry": { "type": "Polygon", "coordinates": [ [ [ -54.483423, -22.137424 ], [ -54.483512, -22.137063 ], [ -54.483628, -22.137095 ], [ -54.483539, -22.137456 ], [ -54.483423, -22.137424 ] ] ] } },
{ "type": "Feature", "properties": { "id": 1025, "insc_imob": "09.01.23.14.289", "quadra_cartorio": null, "lote_cartorio": "11", "matricula": "121135", "circunscricao": "1º CIRCUNSCRIÇÃO", "zoneamento": null, "condominio": null, "area_geom": 529.69, "cnm": "062661.2.0121135-36" }, "geometry": { "type": "Polygon", "coordinates": [ [ [ -54.483164, -22.13697 ], [ -54.483212, -22.13679 ], [ -54.483456, -22.136849 ], [ -54.483425, -22.13694 ], [ -54.483395, -22.137032 ], [ -54.483283, -22.137002 ], [ -54.483164, -22.13697 ] ] ] } },
{ "type": "Feature", "properties": { "id": 1032, "insc_imob": "09.01.23.15.084", "quadra_cartorio": null, "lote_cartorio": "06", "matricula": "121143", "circunscricao": "1º CIRCUNSCRIÇÃO", "zoneamento": null, "condominio": null, "area_geom": 484.23, "cnm": "062661.2.0121143-12" }, "geometry": { "type": "Polygon", "coordinates": [ [ [ -54.481899, -22.137 ], [ -54.482, -22.136654 ], [ -54.482113, -22.136685 ], [ -54.482011, -22.137031 ], [ -54.481899, -22.137 ] ] ] } },
{ "type": "Feature", "properties": { "id": 1033, "insc_imob": "09.01.23.15.108", "quadra_cartorio": null, "lote_cartorio": "04", "matricula": "121141", "circunscricao": "1º CIRCUNSCRIÇÃO", "zoneamento": null, "condominio": null, "area_geom": 496.01, "cnm": "062661.2.0121141-18" }, "geometry": { "type": "Polygon", "coordinates": [ [ [ -54.482123, -22.137063 ], [ -54.482226, -22.136716 ], [ -54.482341, -22.136747 ], [ -54.482239, -22.137095 ], [ -54.482123, -22.137063 ] ] ] } },
{ "type": "Feature", "properties": { "id": 1034, "insc_imob": "09.01.23.15.186", "quadra_cartorio": null, "lote_cartorio": "01", "matricula": "121138", "circunscricao": "1º CIRCUNSCRIÇÃO", "zoneamento": null, "condominio": null, "area_geom": 504.28, "cnm": "062661.2.0121138-27" }, "geometry": { "type": "Polygon", "coordinates": [ [ [ -54.482478, -22.137163 ], [ -54.482576, -22.136812 ], [ -54.482695, -22.136845 ], [ -54.482592, -22.137195 ], [ -54.482478, -22.137163 ] ] ] } },
{ "type": "Feature", "properties": { "id": 1035, "insc_imob": "09.01.23.15.223", "quadra_cartorio": null, "lote_cartorio": "13", "matricula": "121150", "circunscricao": "1º CIRCUNSCRIÇÃO", "zoneamento": null, "condominio": null, "area_geom": 339.63, "cnm": "062661.2.0121150-88" }, "geometry": { "type": "Polygon", "coordinates": [ [ [ -54.482523, -22.136797 ], [ -54.482571, -22.13664 ], [ -54.482743, -22.136681 ], [ -54.482695, -22.136845 ], [ -54.482576, -22.136812 ], [ -54.482523, -22.136797 ] ] ] } },
{ "type": "Feature", "properties": { "id": 1101, "insc_imob": "09.01.23.15.243", "quadra_cartorio": null, "lote_cartorio": "12", "matricula": "121149", "circunscricao": "1º CIRCUNSCRIÇÃO", "zoneamento": null, "condominio": null, "area_geom": 351.32, "cnm": "062661.2.0121149-91" }, "geometry": { "type": "Polygon", "coordinates": [ [ [ -54.482341, -22.136747 ], [ -54.482385, -22.136595 ], [ -54.482571, -22.13664 ], [ -54.482523, -22.136797 ], [ -54.482461, -22.13678 ], [ -54.482341, -22.136747 ] ] ] } },
{ "type": "Feature", "properties": { "id": 1102, "insc_imob": "09.01.23.15.256", "quadra_cartorio": null, "lote_cartorio": "11", "matricula": "121148", "circunscricao": "1º CIRCUNSCRIÇÃO", "zoneamento": null, "condominio": null, "area_geom": 211.43, "cnm": "062661.2.0121148-94" }, "geometry": { "type": "Polygon", "coordinates": [ [ [ -54.482226, -22.136716 ], [ -54.48227, -22.136568 ], [ -54.482385, -22.136595 ], [ -54.482341, -22.136747 ], [ -54.482226, -22.136716 ] ] ] } },
{ "type": "Feature", "properties": { "id": 1103, "insc_imob": "09.01.23.21.400", "quadra_cartorio": null, "lote_cartorio": null, "matricula": "55017", "circunscricao": "1º CIRCUNSCRIÇÃO", "zoneamento": null, "condominio": null, "area_geom": 9999.86, "cnm": "062661.2.0055017-25" }, "geometry": { "type": "Polygon", "coordinates": [ [ [ -54.485787, -22.139085 ], [ -54.485998, -22.138204 ], [ -54.486944, -22.138401 ], [ -54.486733, -22.139282 ], [ -54.485787, -22.139085 ] ] ] } },
{ "type": "Feature", "properties": { "id": 1125, "insc_imob": "09.01.23.22.136", "quadra_cartorio": null, "lote_cartorio": "H", "matricula": "38430", "circunscricao": "1º CIRCUNSCRIÇÃO", "zoneamento": null, "condominio": null, "area_geom": 1049.98, "cnm": "062661.2.0038430-25" }, "geometry": { "type": "Polygon", "coordinates": [ [ [ -54.484636, -22.138865 ], [ -54.4847, -22.1386 ], [ -54.48503, -22.138669 ], [ -54.484967, -22.138934 ], [ -54.484636, -22.138865 ] ] ] } },
{ "type": "Feature", "properties": { "id": 1126, "insc_imob": "09.01.23.22.271", "quadra_cartorio": null, "lote_cartorio": "P/B", "matricula": "5203", "circunscricao": "1º CIRCUNSCRIÇÃO", "zoneamento": null, "condominio": null, "area_geom": 700.0, "cnm": "062661.2.0005203-87" }, "geometry": { "type": "Polygon", "coordinates": [ [ [ -54.485314, -22.138728 ], [ -54.485356, -22.138552 ], [ -54.485687, -22.138621 ], [ -54.485645, -22.138797 ], [ -54.485314, -22.138728 ] ] ] } },
{ "type": "Feature", "properties": { "id": 1127, "insc_imob": "09.01.23.22.300", "quadra_cartorio": null, "lote_cartorio": "B", "matricula": "51125", "circunscricao": "1º CIRCUNSCRIÇÃO", "zoneamento": null, "condominio": null, "area_geom": 699.97, "cnm": "062661.2.0051125-61" }, "geometry": { "type": "Polygon", "coordinates": [ [ [ -54.485356, -22.138552 ], [ -54.485399, -22.138376 ], [ -54.48573, -22.138445 ], [ -54.485687, -22.138621 ], [ -54.485356, -22.138552 ] ] ] } },
{ "type": "Feature", "properties": { "id": 1128, "insc_imob": "09.01.23.22.335", "quadra_cartorio": null, "lote_cartorio": "A", "matricula": "38337", "circunscricao": "1º CIRCUNSCRIÇÃO", "zoneamento": null, "condominio": null, "area_geom": 1041.35, "cnm": "062661.2.0038337-13" }, "geometry": { "type": "Polygon", "coordinates": [ [ [ -54.485399, -22.138376 ], [ -54.485462, -22.138113 ], [ -54.485792, -22.138183 ], [ -54.48573, -22.138445 ], [ -54.485399, -22.138376 ] ] ] } },
{ "type": "Feature", "properties": { "id": 1149, "insc_imob": "09.01.23.23.028", "quadra_cartorio": null, "lote_cartorio": "16", "matricula": "121293", "circunscricao": "1º CIRCUNSCRIÇÃO", "zoneamento": null, "condominio": null, "area_geom": 268.21, "cnm": "062661.2.0121293-47" }, "geometry": { "type": "Polygon", "coordinates": [ [ [ -54.483096, -22.137731 ], [ -54.483153, -22.137493 ], [ -54.483247, -22.137519 ], [ -54.48319, -22.137753 ], [ -54.483096, -22.137731 ] ] ] } },
{ "type": "Feature", "properties": { "id": 1175, "insc_imob": "09.01.23.23.086", "quadra_cartorio": null, "lote_cartorio": "13", "matricula": "121290", "circunscricao": "1º CIRCUNSCRIÇÃO", "zoneamento": null, "condominio": null, "area_geom": 277.06, "cnm": "062661.2.0121290-56" }, "geometry": { "type": "Polygon", "coordinates": [ [ [ -54.483226, -22.138019 ], [ -54.483284, -22.137774 ], [ -54.483379, -22.137796 ], [ -54.48332, -22.138039 ], [ -54.483226, -22.138019 ] ] ] } },
{ "type": "Feature", "properties": { "id": 1176, "insc_imob": "09.01.23.23.096", "quadra_cartorio": null, "lote_cartorio": "12", "matricula": "121289", "circunscricao": "1º CIRCUNSCRIÇÃO", "zoneamento": null, "condominio": null, "area_geom": 274.99, "cnm": "062661.2.0121289-59" }, "geometry": { "type": "Polygon", "coordinates": [ [ [ -54.48332, -22.138039 ], [ -54.483379, -22.137796 ], [ -54.483473, -22.137817 ], [ -54.483415, -22.138058 ], [ -54.48332, -22.138039 ] ] ] } },
{ "type": "Feature", "properties": { "id": 1177, "insc_imob": "09.01.23.23.106", "quadra_cartorio": null, "lote_cartorio": "11", "matricula": "121288", "circunscricao": "1º CIRCUNSCRIÇÃO", "zoneamento": null, "condominio": null, "area_geom": 266.37, "cnm": "062661.2.0121288-62" }, "geometry": { "type": "Polygon", "coordinates": [ [ [ -54.483415, -22.138058 ], [ -54.483473, -22.137817 ], [ -54.483562, -22.137837 ], [ -54.483509, -22.138078 ], [ -54.483415, -22.138058 ] ] ] } },
{ "type": "Feature", "properties": { "id": 1198, "insc_imob": "09.01.23.23.116", "quadra_cartorio": null, "lote_cartorio": "10", "matricula": "121287", "circunscricao": "1º CIRCUNSCRIÇÃO", "zoneamento": null, "condominio": null, "area_geom": 277.37, "cnm": "062661.2.0121287-65" }, "geometry": { "type": "Polygon", "coordinates": [ [ [ -54.483509, -22.138078 ], [ -54.483562, -22.137837 ], [ -54.483567, -22.137838 ], [ -54.483661, -22.13786 ], [ -54.48365, -22.137904 ], [ -54.483604, -22.138098 ], [ -54.483509, -22.138078 ] ] ] } },
{ "type": "Feature", "properties": { "id": 1199, "insc_imob": "09.01.23.23.126", "quadra_cartorio": null, "lote_cartorio": "09", "matricula": "121286", "circunscricao": "1º CIRCUNSCRIÇÃO", "zoneamento": null, "condominio": null, "area_geom": 213.67, "cnm": "062661.2.0121286-68" }, "geometry": { "type": "Polygon", "coordinates": [ [ [ -54.483604, -22.138098 ], [ -54.48365, -22.137904 ], [ -54.48374, -22.137923 ], [ -54.483698, -22.138117 ], [ -54.483604, -22.138098 ] ] ] } },
{ "type": "Feature", "properties": { "id": 1200, "insc_imob": "09.01.23.23.136", "quadra_cartorio": null, "lote_cartorio": "08", "matricula": "121285", "circunscricao": "1º CIRCUNSCRIÇÃO", "zoneamento": null, "condominio": null, "area_geom": 226.06, "cnm": "062661.2.0121285-71" }, "geometry": { "type": "Polygon", "coordinates": [ [ [ -54.483698, -22.138117 ], [ -54.48374, -22.137923 ], [ -54.483745, -22.137924 ], [ -54.483839, -22.137943 ], [ -54.483793, -22.138137 ], [ -54.483698, -22.138117 ] ] ] } },
{ "type": "Feature", "properties": { "id": 1220, "insc_imob": "09.01.23.23.146", "quadra_cartorio": null, "lote_cartorio": "07", "matricula": "121284", "circunscricao": "1º CIRCUNSCRIÇÃO", "zoneamento": null, "condominio": null, "area_geom": 219.92, "cnm": "062661.2.0121284-74" }, "geometry": { "type": "Polygon", "coordinates": [ [ [ -54.483793, -22.138137 ], [ -54.483839, -22.137943 ], [ -54.483934, -22.137963 ], [ -54.483888, -22.138157 ], [ -54.483793, -22.138137 ] ] ] } },
{ "type": "Feature", "properties": { "id": 1250, "insc_imob": "09.01.23.23.156", "quadra_cartorio": null, "lote_cartorio": "06", "matricula": "121283", "circunscricao": "1º CIRCUNSCRIÇÃO", "zoneamento": null, "condominio": null, "area_geom": 214.03, "cnm": "062661.2.0121283-77" }, "geometry": { "type": "Polygon", "coordinates": [ [ [ -54.483888, -22.138157 ], [ -54.483934, -22.137963 ], [ -54.484024, -22.137982 ], [ -54.483982, -22.138176 ], [ -54.483888, -22.138157 ] ] ] } },
{ "type": "Feature", "properties": { "id": 1280, "insc_imob": "09.01.23.23.166", "quadra_cartorio": null, "lote_cartorio": "05", "matricula": "121282", "circunscricao": "1º CIRCUNSCRIÇÃO", "zoneamento": null, "condominio": null, "area_geom": 225.75, "cnm": "062661.2.0121282-80" }, "geometry": { "type": "Polygon", "coordinates": [ [ [ -54.483982, -22.138176 ], [ -54.484024, -22.137982 ], [ -54.484029, -22.137983 ], [ -54.484123, -22.138002 ], [ -54.484077, -22.138196 ], [ -54.483982, -22.138176 ] ] ] } },
{ "type": "Feature", "properties": { "id": 1281, "insc_imob": "09.01.23.23.196", "quadra_cartorio": null, "lote_cartorio": "03", "matricula": "121280", "circunscricao": "1º CIRCUNSCRIÇÃO", "zoneamento": null, "condominio": null, "area_geom": 924.32, "cnm": "062661.2.0121280-86" }, "geometry": { "type": "Polygon", "coordinates": [ [ [ -54.484218, -22.138022 ], [ -54.48427, -22.137802 ], [ -54.484457, -22.137854 ], [ -54.484407, -22.138061 ], [ -54.48436, -22.138255 ], [ -54.484171, -22.138216 ], [ -54.484218, -22.138022 ] ] ] } },
{ "type": "Feature", "properties": { "id": 1282, "insc_imob": "09.01.23.23.208", "quadra_cartorio": null, "lote_cartorio": "01", "matricula": "121279", "circunscricao": "1º CIRCUNSCRIÇÃO", "zoneamento": null, "condominio": null, "area_geom": 253.05, "cnm": "062661.2.0121279-89" }, "geometry": { "type": "Polygon", "coordinates": [ [ [ -54.48436, -22.138255 ], [ -54.484407, -22.138061 ], [ -54.484516, -22.138084 ], [ -54.484469, -22.138278 ], [ -54.48436, -22.138255 ] ] ] } },
{ "type": "Feature", "properties": { "id": 1283, "insc_imob": "09.01.23.23.306", "quadra_cartorio": null, "lote_cartorio": "28", "matricula": "121305", "circunscricao": "1º CIRCUNSCRIÇÃO", "zoneamento": null, "condominio": null, "area_geom": 266.19, "cnm": "062661.2.0121305-11" }, "geometry": { "type": "Polygon", "coordinates": [ [ [ -54.484407, -22.138061 ], [ -54.484457, -22.137854 ], [ -54.484564, -22.137884 ], [ -54.484516, -22.138084 ], [ -54.484407, -22.138061 ] ] ] } },
{ "type": "Feature", "properties": { "id": 1284, "insc_imob": "09.01.23.23.336", "quadra_cartorio": null, "lote_cartorio": "27", "matricula": "121304", "circunscricao": "1º CIRCUNSCRIÇÃO", "zoneamento": null, "condominio": null, "area_geom": 252.6, "cnm": "062661.2.0121304-14" }, "geometry": { "type": "Polygon", "coordinates": [ [ [ -54.484123, -22.138002 ], [ -54.484177, -22.137777 ], [ -54.48427, -22.137802 ], [ -54.484218, -22.138022 ], [ -54.484123, -22.138002 ] ] ] } },
{ "type": "Feature", "properties": { "id": 1285, "insc_imob": "09.01.23.23.356", "quadra_cartorio": null, "lote_cartorio": "25", "matricula": "121302", "circunscricao": "1º CIRCUNSCRIÇÃO", "zoneamento": null, "condominio": null, "area_geom": 259.56, "cnm": "062661.2.0121302-20" }, "geometry": { "type": "Polygon", "coordinates": [ [ [ -54.483934, -22.137963 ], [ -54.483991, -22.137725 ], [ -54.484084, -22.137751 ], [ -54.484024, -22.137982 ], [ -54.483934, -22.137963 ] ] ] } },
{ "type": "Feature", "properties": { "id": 1286, "insc_imob": "09.01.23.23.386", "quadra_cartorio": null, "lote_cartorio": "22", "matricula": "121299", "circunscricao": "1º CIRCUNSCRIÇÃO", "zoneamento": null, "condominio": null, "area_geom": 279.49, "cnm": "062661.2.0121299-29" }, "geometry": { "type": "Polygon", "coordinates": [ [ [ -54.483661, -22.13786 ], [ -54.483712, -22.137648 ], [ -54.483805, -22.137673 ], [ -54.48374, -22.137923 ], [ -54.48365, -22.137904 ], [ -54.483661, -22.13786 ] ] ] } },
{ "type": "Feature", "properties": { "id": 1287, "insc_imob": "09.01.23.23.396", "quadra_cartorio": null, "lote_cartorio": "21", "matricula": "121298", "circunscricao": "1º CIRCUNSCRIÇÃO", "zoneamento": null, "condominio": null, "area_geom": 249.3, "cnm": "062661.2.0121298-32" }, "geometry": { "type": "Polygon", "coordinates": [ [ [ -54.483562, -22.137837 ], [ -54.483619, -22.137622 ], [ -54.483712, -22.137648 ], [ -54.483661, -22.13786 ], [ -54.483567, -22.137838 ], [ -54.483562, -22.137837 ] ] ] } },
{ "type": "Feature", "properties": { "id": 1288, "insc_imob": "09.01.23.23.406", "quadra_cartorio": null, "lote_cartorio": "20", "matricula": "121297", "circunscricao": "1º CIRCUNSCRIÇÃO", "zoneamento": null, "condominio": null, "area_geom": 242.34, "cnm": "062661.2.0121297-35" }, "geometry": { "type": "Polygon", "coordinates": [ [ [ -54.483473, -22.137817 ], [ -54.483526, -22.137596 ], [ -54.483619, -22.137622 ], [ -54.483562, -22.137837 ], [ -54.483473, -22.137817 ] ] ] } },
{ "type": "Feature", "properties": { "id": 1289, "insc_imob": "09.01.23.23.416", "quadra_cartorio": null, "lote_cartorio": "19", "matricula": "121296", "circunscricao": "1º CIRCUNSCRIÇÃO", "zoneamento": null, "condominio": null, "area_geom": 253.17, "cnm": "062661.2.0121296-38" }, "geometry": { "type": "Polygon", "coordinates": [ [ [ -54.483379, -22.137796 ], [ -54.483433, -22.13757 ], [ -54.483526, -22.137596 ], [ -54.483473, -22.137817 ], [ -54.483379, -22.137796 ] ] ] } },
{ "type": "Feature", "properties": { "id": 1290, "insc_imob": "09.01.23.23.426", "quadra_cartorio": null, "lote_cartorio": "18", "matricula": "121295", "circunscricao": "1º CIRCUNSCRIÇÃO", "zoneamento": null, "condominio": null, "area_geom": 258.06, "cnm": "062661.2.0121295-41" }, "geometry": { "type": "Polygon", "coordinates": [ [ [ -54.483284, -22.137774 ], [ -54.48334, -22.137545 ], [ -54.483433, -22.13757 ], [ -54.483379, -22.137796 ], [ -54.483284, -22.137774 ] ] ] } },
{ "type": "Feature", "properties": { "id": 1291, "insc_imob": "09.01.23.23.436", "quadra_cartorio": null, "lote_cartorio": "17", "matricula": "121294", "circunscricao": "1º CIRCUNSCRIÇÃO", "zoneamento": null, "condominio": null, "area_geom": 262.96, "cnm": "062661.2.0121294-44" }, "geometry": { "type": "Polygon", "coordinates": [ [ [ -54.48319, -22.137753 ], [ -54.483247, -22.137519 ], [ -54.48334, -22.137545 ], [ -54.483284, -22.137774 ], [ -54.48319, -22.137753 ] ] ] } },
{ "type": "Feature", "properties": { "id": 1292, "insc_imob": "09.01.23.24.086", "quadra_cartorio": null, "lote_cartorio": "05", "matricula": "121311", "circunscricao": "1º CIRCUNSCRIÇÃO", "zoneamento": null, "condominio": null, "area_geom": 926.78, "cnm": "062661.2.0121311-90" }, "geometry": { "type": "Polygon", "coordinates": [ [ [ -54.483378, -22.138174 ], [ -54.484164, -22.138338 ], [ -54.484117, -22.138534 ], [ -54.483378, -22.138174 ] ] ] } },
{ "type": "Feature", "properties": { "id": 1293, "insc_imob": "09.01.23.24.097", "quadra_cartorio": null, "lote_cartorio": "04", "matricula": "121310", "circunscricao": "1º CIRCUNSCRIÇÃO", "zoneamento": null, "condominio": null, "area_geom": 236.21, "cnm": "062661.2.0121310-93" }, "geometry": { "type": "Polygon", "coordinates": [ [ [ -54.484117, -22.138534 ], [ -54.484164, -22.138338 ], [ -54.484259, -22.138358 ], [ -54.484206, -22.138578 ], [ -54.484117, -22.138534 ] ] ] } },
{ "type": "Feature", "properties": { "id": 1294, "insc_imob": "09.01.23.24.108", "quadra_cartorio": null, "lote_cartorio": "03", "matricula": "121309", "circunscricao": "1º CIRCUNSCRIÇÃO", "zoneamento": null, "condominio": null, "area_geom": 262.99, "cnm": "062661.2.0121309-96" }, "geometry": { "type": "Polygon", "coordinates": [ [ [ -54.484206, -22.138578 ], [ -54.484259, -22.138358 ], [ -54.484353, -22.138377 ], [ -54.484295, -22.138621 ], [ -54.484206, -22.138578 ] ] ] } },
{ "type": "Feature", "properties": { "id": 1295, "insc_imob": "09.01.24.02.100", "quadra_cartorio": null, "lote_cartorio": "H", "matricula": "39935", "circunscricao": "1º CIRCUNSCRIÇÃO", "zoneamento": null, "condominio": null, "area_geom": 479.99, "cnm": "062661.2.0039935-69" }, "geometry": { "type": "Polygon", "coordinates": [ [ [ -54.488564, -22.137443 ], [ -54.488627, -22.137179 ], [ -54.488778, -22.13721 ], [ -54.488715, -22.137475 ], [ -54.488564, -22.137443 ] ] ] } },
{ "type": "Feature", "properties": { "id": 1296, "insc_imob": "09.01.24.02.136", "quadra_cartorio": null, "lote_cartorio": "H", "matricula": "39935", "circunscricao": "1º CIRCUNSCRIÇÃO", "zoneamento": null, "condominio": null, "area_geom": 569.97, "cnm": "062661.2.0039935-69" }, "geometry": { "type": "Polygon", "coordinates": [ [ [ -54.488715, -22.137475 ], [ -54.488778, -22.13721 ], [ -54.488958, -22.137248 ], [ -54.488895, -22.137512 ], [ -54.488715, -22.137475 ] ] ] } },
{ "type": "Feature", "properties": { "id": 1297, "insc_imob": "09.01.24.03.190", "quadra_cartorio": null, "lote_cartorio": "P/C", "matricula": "40098", "circunscricao": "1º CIRCUNSCRIÇÃO", "zoneamento": null, "condominio": null, "area_geom": 449.99, "cnm": "062661.2.0040098-65" }, "geometry": { "type": "Polygon", "coordinates": [ [ [ -54.490313, -22.137807 ], [ -54.490377, -22.137543 ], [ -54.490518, -22.137573 ], [ -54.490455, -22.137837 ], [ -54.490313, -22.137807 ] ] ] } },
{ "type": "Feature", "properties": { "id": 1298, "insc_imob": "09.01.24.03.231", "quadra_cartorio": null, "lote_cartorio": "P/C", "matricula": "40098", "circunscricao": "1º CIRCUNSCRIÇÃO", "zoneamento": null, "condominio": null, "area_geom": 599.95, "cnm": "062661.2.0040098-65" }, "geometry": { "type": "Polygon", "coordinates": [ [ [ -54.490455, -22.137837 ], [ -54.490518, -22.137573 ], [ -54.490707, -22.137612 ], [ -54.490644, -22.137876 ], [ -54.490455, -22.137837 ] ] ] } },
{ "type": "Feature", "properties": { "id": 1299, "insc_imob": "09.01.24.03.271", "quadra_cartorio": null, "lote_cartorio": "B", "matricula": "41934", "circunscricao": "1º CIRCUNSCRIÇÃO", "zoneamento": null, "condominio": null, "area_geom": 1400.04, "cnm": "062661.2.0041934-86" }, "geometry": { "type": "Polygon", "coordinates": [ [ [ -54.490419, -22.137367 ], [ -54.490461, -22.137191 ], [ -54.490792, -22.13726 ], [ -54.490707, -22.137612 ], [ -54.490518, -22.137573 ], [ -54.490377, -22.137543 ], [ -54.490419, -22.137367 ] ] ] } },
{ "type": "Feature", "properties": { "id": 1301, "insc_imob": "09.01.24.03.366", "quadra_cartorio": null, "lote_cartorio": "D", "matricula": "38838", "circunscricao": "1º CIRCUNSCRIÇÃO", "zoneamento": null, "condominio": null, "area_geom": 1495.45, "cnm": "062661.2.0038838-62" }, "geometry": { "type": "Polygon", "coordinates": [ [ [ -54.490209, -22.137 ], [ -54.49024, -22.136868 ], [ -54.490524, -22.136928 ], [ -54.490461, -22.137191 ], [ -54.490419, -22.137367 ], [ -54.490135, -22.137308 ], [ -54.490177, -22.137132 ], [ -54.490209, -22.137 ] ] ] } },
{ "type": "Feature", "properties": { "id": 1302, "insc_imob": "09.01.24.04.031", "quadra_cartorio": null, "lote_cartorio": "F", "matricula": "42386", "circunscricao": "1º CIRCUNSCRIÇÃO", "zoneamento": null, "condominio": null, "area_geom": 1048.13, "cnm": "062661.2.0042386-88" }, "geometry": { "type": "Polygon", "coordinates": [ [ [ -54.490971, -22.137272 ], [ -54.491032, -22.137007 ], [ -54.491363, -22.137074 ], [ -54.491303, -22.137338 ], [ -54.490971, -22.137272 ] ] ] } },
{ "type": "Feature", "properties": { "id": 1303, "insc_imob": "09.01.24.04.271", "quadra_cartorio": null, "lote_cartorio": "B", "matricula": "38361", "circunscricao": "1º CIRCUNSCRIÇÃO", "zoneamento": null, "condominio": null, "area_geom": 1400.0, "cnm": "062661.2.0038361-38" }, "geometry": { "type": "Polygon", "coordinates": [ [ [ -54.491547, -22.137571 ], [ -54.491587, -22.137394 ], [ -54.491919, -22.13746 ], [ -54.491838, -22.137813 ], [ -54.491507, -22.137747 ], [ -54.491547, -22.137571 ] ] ] } },
{ "type": "Feature", "properties": { "id": 1304, "insc_imob": "09.01.24.04.366", "quadra_cartorio": null, "lote_cartorio": "D", "matricula": "61700", "circunscricao": "1º CIRCUNSCRIÇÃO", "zoneamento": null, "condominio": null, "area_geom": 1495.48, "cnm": "062661.2.0061700-55" }, "geometry": { "type": "Polygon", "coordinates": [ [ [ -54.491303, -22.137338 ], [ -54.491363, -22.137074 ], [ -54.491647, -22.137131 ], [ -54.491587, -22.137394 ], [ -54.491547, -22.137571 ], [ -54.491319, -22.137526 ], [ -54.491263, -22.137514 ], [ -54.491303, -22.137338 ] ] ] } },
{ "type": "Feature", "properties": { "id": 1305, "insc_imob": "09.01.24.11.031", "quadra_cartorio": null, "lote_cartorio": "F", "matricula": "38351", "circunscricao": "1º CIRCUNSCRIÇÃO", "zoneamento": null, "condominio": null, "area_geom": 1048.15, "cnm": "062661.2.0038351-68" }, "geometry": { "type": "Polygon", "coordinates": [ [ [ -54.487323, -22.137648 ], [ -54.487387, -22.137383 ], [ -54.487717, -22.137453 ], [ -54.487654, -22.137716 ], [ -54.487323, -22.137648 ] ] ] } },
{ "type": "Feature", "properties": { "id": 1306, "insc_imob": "09.01.24.11.071", "quadra_cartorio": null, "lote_cartorio": "G", "matricula": "38356", "circunscricao": "1º CIRCUNSCRIÇÃO", "zoneamento": null, "condominio": null, "area_geom": 1399.99, "cnm": "062661.2.0038356-53" }, "geometry": { "type": "Polygon", "coordinates": [ [ [ -54.487239, -22.138 ], [ -54.487323, -22.137648 ], [ -54.487654, -22.137716 ], [ -54.487612, -22.137893 ], [ -54.48757, -22.138069 ], [ -54.487239, -22.138 ] ] ] } },
{ "type": "Feature", "properties": { "id": 1308, "insc_imob": "09.01.24.11.335", "quadra_cartorio": null, "lote_cartorio": "A", "matricula": "38348", "circunscricao": "1º CIRCUNSCRIÇÃO", "zoneamento": null, "condominio": null, "area_geom": 1041.33, "cnm": "062661.2.0038348-77" }, "geometry": { "type": "Polygon", "coordinates": [ [ [ -54.487938, -22.137775 ], [ -54.488001, -22.137513 ], [ -54.488332, -22.137583 ], [ -54.488269, -22.137844 ], [ -54.487938, -22.137775 ] ] ] } },
{ "type": "Feature", "properties": { "id": 1309, "insc_imob": "09.01.24.11.366", "quadra_cartorio": null, "lote_cartorio": "D", "matricula": "38350", "circunscricao": "1º CIRCUNSCRIÇÃO", "zoneamento": null, "condominio": null, "area_geom": 1495.49, "cnm": "062661.2.0038350-71" }, "geometry": { "type": "Polygon", "coordinates": [ [ [ -54.487654, -22.137716 ], [ -54.487717, -22.137453 ], [ -54.488001, -22.137513 ], [ -54.487938, -22.137775 ], [ -54.487896, -22.137952 ], [ -54.487669, -22.137904 ], [ -54.487612, -22.137893 ], [ -54.487654, -22.137716 ] ] ] } },
{ "type": "Feature", "properties": { "id": 1311, "insc_imob": "09.01.24.12.166", "quadra_cartorio": null, "lote_cartorio": "E", "matricula": "43663", "circunscricao": "1º CIRCUNSCRIÇÃO", "zoneamento": null, "condominio": null, "area_geom": 1499.95, "cnm": "062661.2.0043663-40" }, "geometry": { "type": "Polygon", "coordinates": [ [ [ -54.488695, -22.138303 ], [ -54.488737, -22.138127 ], [ -54.488794, -22.138139 ], [ -54.489021, -22.138186 ], [ -54.488979, -22.138362 ], [ -54.488915, -22.138626 ], [ -54.488631, -22.138567 ], [ -54.488695, -22.138303 ] ] ] } },
{ "type": "Feature", "properties": { "id": 1316, "insc_imob": "09.01.24.12.271", "quadra_cartorio": null, "lote_cartorio": "B", "matricula": "43667", "circunscricao": "1º CIRCUNSCRIÇÃO", "zoneamento": null, "condominio": null, "area_geom": 1399.99, "cnm": "062661.2.0043667-28" }, "geometry": { "type": "Polygon", "coordinates": [ [ [ -54.489021, -22.138186 ], [ -54.489063, -22.13801 ], [ -54.489394, -22.138079 ], [ -54.48931, -22.138431 ], [ -54.488979, -22.138362 ], [ -54.489021, -22.138186 ] ] ] } },
{ "type": "Feature", "properties": { "id": 1319, "insc_imob": "09.01.24.13.031", "quadra_cartorio": null, "lote_cartorio": "F", "matricula": "38855", "circunscricao": "1º CIRCUNSCRIÇÃO", "zoneamento": null, "condominio": null, "area_geom": 1048.14, "cnm": "062661.2.0038855-11" }, "geometry": { "type": "Polygon", "coordinates": [ [ [ -54.489574, -22.138116 ], [ -54.489637, -22.137852 ], [ -54.489968, -22.137921 ], [ -54.489905, -22.138185 ], [ -54.489574, -22.138116 ] ] ] } },
{ "type": "Feature", "properties": { "id": 1320, "insc_imob": "09.01.24.13.071", "quadra_cartorio": null, "lote_cartorio": "G", "matricula": "43806", "circunscricao": "1º CIRCUNSCRIÇÃO", "zoneamento": null, "condominio": null, "area_geom": 1399.99, "cnm": "062661.2.0043806-96" }, "geometry": { "type": "Polygon", "coordinates": [ [ [ -54.489489, -22.138468 ], [ -54.489574, -22.138116 ], [ -54.489905, -22.138185 ], [ -54.489862, -22.138361 ], [ -54.48982, -22.138537 ], [ -54.489489, -22.138468 ] ] ] } },
{ "type": "Feature", "properties": { "id": 1321, "insc_imob": "09.01.24.13.166", "quadra_cartorio": null, "lote_cartorio": "E", "matricula": "43527", "circunscricao": "1º CIRCUNSCRIÇÃO", "zoneamento": null, "condominio": null, "area_geom": 1499.94, "cnm": "062661.2.0043527-60" }, "geometry": { "type": "Polygon", "coordinates": [ [ [ -54.48982, -22.138537 ], [ -54.489862, -22.138361 ], [ -54.489919, -22.138373 ], [ -54.490146, -22.13842 ], [ -54.490104, -22.138596 ], [ -54.49004, -22.138861 ], [ -54.489757, -22.138801 ], [ -54.48982, -22.138537 ] ] ] } },
{ "type": "Feature", "properties": { "id": 1322, "insc_imob": "09.01.24.13.231", "quadra_cartorio": null, "lote_cartorio": "C", "matricula": "41981", "circunscricao": "1º CIRCUNSCRIÇÃO", "zoneamento": null, "condominio": null, "area_geom": 1049.98, "cnm": "062661.2.0041981-42" }, "geometry": { "type": "Polygon", "coordinates": [ [ [ -54.49004, -22.138861 ], [ -54.490104, -22.138596 ], [ -54.490435, -22.138665 ], [ -54.490371, -22.138929 ], [ -54.49004, -22.138861 ] ] ] } },
{ "type": "Feature", "properties": { "id": 1323, "insc_imob": "09.01.24.13.271", "quadra_cartorio": null, "lote_cartorio": "B2", "matricula": "54438", "circunscricao": "1º CIRCUNSCRIÇÃO", "zoneamento": null, "condominio": null, "area_geom": 1399.96, "cnm": "062661.2.0054438-16" }, "geometry": { "type": "Polygon", "coordinates": [ [ [ -54.490146, -22.13842 ], [ -54.490188, -22.138244 ], [ -54.490519, -22.138313 ], [ -54.490435, -22.138665 ], [ -54.490104, -22.138596 ], [ -54.490146, -22.13842 ] ] ] } },
{ "type": "Feature", "properties": { "id": 1338, "insc_imob": "09.01.24.14.136", "quadra_cartorio": null, "lote_cartorio": "H", "matricula": "40269", "circunscricao": "1º CIRCUNSCRIÇÃO", "zoneamento": null, "condominio": null, "area_geom": 1049.98, "cnm": "062661.2.0040269-37" }, "geometry": { "type": "Polygon", "coordinates": [ [ [ -54.49058, -22.138973 ], [ -54.490643, -22.138708 ], [ -54.490974, -22.138777 ], [ -54.490911, -22.139042 ], [ -54.49058, -22.138973 ] ] ] } },
{ "type": "Feature", "properties": { "id": 1339, "insc_imob": "09.01.24.14.166", "quadra_cartorio": null, "lote_cartorio": "E", "matricula": "38676", "circunscricao": "1º CIRCUNSCRIÇÃO", "zoneamento": null, "condominio": null, "area_geom": 1499.97, "cnm": "062661.2.0038676-63" }, "geometry": { "type": "Polygon", "coordinates": [ [ [ -54.490974, -22.138777 ], [ -54.491016, -22.138601 ], [ -54.491243, -22.138648 ], [ -54.4913, -22.13866 ], [ -54.491258, -22.138836 ], [ -54.491194, -22.139101 ], [ -54.490911, -22.139042 ], [ -54.490974, -22.138777 ] ] ] } },
{ "type": "Feature", "properties": { "id": 1340, "insc_imob": "09.01.24.14.231", "quadra_cartorio": null, "lote_cartorio": "C", "matricula": "38671", "circunscricao": "1º CIRCUNSCRIÇÃO", "zoneamento": null, "condominio": null, "area_geom": 1050.0, "cnm": "062661.2.0038671-78" }, "geometry": { "type": "Polygon", "coordinates": [ [ [ -54.491194, -22.139101 ], [ -54.491258, -22.138836 ], [ -54.491589, -22.138905 ], [ -54.491525, -22.13917 ], [ -54.491194, -22.139101 ] ] ] } },
{ "type": "Feature", "properties": { "id": 1341, "insc_imob": "09.01.24.14.271", "quadra_cartorio": null, "lote_cartorio": "B", "matricula": "39661", "circunscricao": "1º CIRCUNSCRIÇÃO", "zoneamento": null, "condominio": null, "area_geom": 1399.98, "cnm": "062661.2.0039661-18" }, "geometry": { "type": "Polygon", "coordinates": [ [ [ -54.4913, -22.13866 ], [ -54.491342, -22.138484 ], [ -54.491673, -22.138553 ], [ -54.491589, -22.138905 ], [ -54.491258, -22.138836 ], [ -54.4913, -22.13866 ] ] ] } },
{ "type": "Feature", "properties": { "id": 1342, "insc_imob": "09.01.24.14.335", "quadra_cartorio": null, "lote_cartorio": "A", "matricula": "39660", "circunscricao": "1º CIRCUNSCRIÇÃO", "zoneamento": null, "condominio": null, "area_geom": 1041.32, "cnm": "062661.2.0039660-21" }, "geometry": { "type": "Polygon", "coordinates": [ [ [ -54.491342, -22.138484 ], [ -54.491405, -22.138221 ], [ -54.491736, -22.138291 ], [ -54.491673, -22.138553 ], [ -54.491342, -22.138484 ] ] ] } },
{ "type": "Feature", "properties": { "id": 1343, "insc_imob": "09.01.24.21.031", "quadra_cartorio": null, "lote_cartorio": "F", "matricula": "38535", "circunscricao": "1º CIRCUNSCRIÇÃO", "zoneamento": null, "condominio": null, "area_geom": 1048.14, "cnm": "062661.2.0038535-98" }, "geometry": { "type": "Polygon", "coordinates": [ [ [ -54.487057, -22.138702 ], [ -54.48712, -22.138438 ], [ -54.487451, -22.138508 ], [ -54.487388, -22.138771 ], [ -54.487057, -22.138702 ] ] ] } },
{ "type": "Feature", "properties": { "id": 1344, "insc_imob": "09.01.24.21.051", "quadra_cartorio": null, "lote_cartorio": "G", "matricula": "59293", "circunscricao": "1º CIRCUNSCRIÇÃO", "zoneamento": null, "condominio": null, "area_geom": 699.97, "cnm": "062661.2.0059293-98" }, "geometry": { "type": "Polygon", "coordinates": [ [ [ -54.487015, -22.138878 ], [ -54.487057, -22.138702 ], [ -54.487388, -22.138771 ], [ -54.487346, -22.138947 ], [ -54.487015, -22.138878 ] ] ] } },
{ "type": "Feature", "properties": { "id": 1346, "insc_imob": "09.01.24.21.335", "quadra_cartorio": null, "lote_cartorio": "A", "matricula": "38357", "circunscricao": "1º CIRCUNSCRIÇÃO", "zoneamento": null, "condominio": null, "area_geom": 1041.31, "cnm": "062661.2.0038357-50" }, "geometry": { "type": "Polygon", "coordinates": [ [ [ -54.487671, -22.13883 ], [ -54.487734, -22.138567 ], [ -54.488065, -22.138637 ], [ -54.488002, -22.138899 ], [ -54.487671, -22.13883 ] ] ] } },
{ "type": "Feature", "properties": { "id": 1347, "insc_imob": "09.01.24.22.231", "quadra_cartorio": null, "lote_cartorio": "C", "matricula": "38384", "circunscricao": "1º CIRCUNSCRIÇÃO", "zoneamento": null, "condominio": null, "area_geom": 1049.99, "cnm": "062661.2.0038384-66" }, "geometry": { "type": "Polygon", "coordinates": [ [ [ -54.488671, -22.139685 ], [ -54.488735, -22.139421 ], [ -54.489066, -22.13949 ], [ -54.489002, -22.139754 ], [ -54.488671, -22.139685 ] ] ] } },
{ "type": "Feature", "properties": { "id": 1348, "insc_imob": "09.01.24.23.031", "quadra_cartorio": null, "lote_cartorio": "F", "matricula": "38555", "circunscricao": "1º CIRCUNSCRIÇÃO", "zoneamento": null, "condominio": null, "area_geom": 1048.14, "cnm": "062661.2.0038555-38" }, "geometry": { "type": "Polygon", "coordinates": [ [ [ -54.489339, -22.139177 ], [ -54.489403, -22.138913 ], [ -54.489733, -22.138983 ], [ -54.48967, -22.139246 ], [ -54.489339, -22.139177 ] ] ] } },
{ "type": "Feature", "properties": { "id": 1349, "insc_imob": "09.01.24.23.136", "quadra_cartorio": null, "lote_cartorio": "H", "matricula": "38551", "circunscricao": "1º CIRCUNSCRIÇÃO", "zoneamento": null, "condominio": null, "area_geom": 1049.98, "cnm": "062661.2.0038551-50" }, "geometry": { "type": "Polygon", "coordinates": [ [ [ -54.489191, -22.139794 ], [ -54.489255, -22.139529 ], [ -54.489586, -22.139598 ], [ -54.489522, -22.139863 ], [ -54.489191, -22.139794 ] ] ] } },
{ "type": "Feature", "properties": { "id": 1359, "insc_imob": "09.01.24.23.166", "quadra_cartorio": null, "lote_cartorio": "E", "matricula": "42017", "circunscricao": "1º CIRCUNSCRIÇÃO", "zoneamento": null, "condominio": null, "area_geom": 1499.94, "cnm": "062661.2.0042017-31" }, "geometry": { "type": "Polygon", "coordinates": [ [ [ -54.489586, -22.139598 ], [ -54.489628, -22.139422 ], [ -54.489855, -22.139469 ], [ -54.489912, -22.139481 ], [ -54.489869, -22.139657 ], [ -54.489806, -22.139922 ], [ -54.489522, -22.139863 ], [ -54.489586, -22.139598 ] ] ] } },
{ "type": "Feature", "properties": { "id": 1360, "insc_imob": "09.01.24.23.231", "quadra_cartorio": null, "lote_cartorio": "C", "matricula": "40414", "circunscricao": "1º CIRCUNSCRIÇÃO", "zoneamento": null, "condominio": null, "area_geom": 1049.96, "cnm": "062661.2.0040414-87" }, "geometry": { "type": "Polygon", "coordinates": [ [ [ -54.489806, -22.139922 ], [ -54.489869, -22.139657 ], [ -54.4902, -22.139726 ], [ -54.490137, -22.139991 ], [ -54.489806, -22.139922 ] ] ] } },
{ "type": "Feature", "properties": { "id": 1361, "insc_imob": "09.01.24.23.335", "quadra_cartorio": null, "lote_cartorio": "A", "matricula": "38552", "circunscricao": "1º CIRCUNSCRIÇÃO", "zoneamento": null, "condominio": null, "area_geom": 1041.32, "cnm": "062661.2.0038552-47" }, "geometry": { "type": "Polygon", "coordinates": [ [ [ -54.489954, -22.139305 ], [ -54.490017, -22.139042 ], [ -54.490348, -22.139112 ], [ -54.490285, -22.139374 ], [ -54.489954, -22.139305 ] ] ] } },
{ "type": "Feature", "properties": { "id": 1362, "insc_imob": "09.01.24.23.366", "quadra_cartorio": null, "lote_cartorio": "D", "matricula": "38553", "circunscricao": "1º CIRCUNSCRIÇÃO", "zoneamento": null, "condominio": null, "area_geom": 1495.47, "cnm": "062661.2.0038553-44" }, "geometry": { "type": "Polygon", "coordinates": [ [ [ -54.48967, -22.139246 ], [ -54.489733, -22.138983 ], [ -54.490017, -22.139042 ], [ -54.489954, -22.139305 ], [ -54.489912, -22.139481 ], [ -54.489855, -22.139469 ], [ -54.489628, -22.139422 ], [ -54.48967, -22.139246 ] ] ] } },
{ "type": "Feature", "properties": { "id": 1385, "insc_imob": "09.01.24.24.031", "quadra_cartorio": null, "lote_cartorio": "F", "matricula": "38836", "circunscricao": "1º CIRCUNSCRIÇÃO", "zoneamento": null, "condominio": null, "area_geom": 1048.14, "cnm": "062661.2.0038836-68" }, "geometry": { "type": "Polygon", "coordinates": [ [ [ -54.490474, -22.139413 ], [ -54.490537, -22.139149 ], [ -54.490868, -22.139219 ], [ -54.490805, -22.139482 ], [ -54.490474, -22.139413 ] ] ] } },
{ "type": "Feature", "properties": { "id": 1387, "insc_imob": "09.01.24.24.231", "quadra_cartorio": null, "lote_cartorio": "C", "matricula": "144870", "circunscricao": "1º CIRCUNSCRIÇÃO", "zoneamento": null, "condominio": null, "area_geom": 1049.97, "cnm": "062661.2.0144870-29" }, "geometry": { "type": "Polygon", "coordinates": [ [ [ -54.490941, -22.140158 ], [ -54.491004, -22.139894 ], [ -54.491335, -22.139962 ], [ -54.491272, -22.140227 ], [ -54.490941, -22.140158 ] ] ] } },
{ "type": "Feature", "properties": { "id": 1388, "insc_imob": "09.01.24.24.271", "quadra_cartorio": null, "lote_cartorio": "B", "matricula": "144869", "circunscricao": "1º CIRCUNSCRIÇÃO", "zoneamento": null, "condominio": null, "area_geom": 1399.99, "cnm": "062661.2.0144869-32" }, "geometry": { "type": "Polygon", "coordinates": [ [ [ -54.491047, -22.139717 ], [ -54.491089, -22.139541 ], [ -54.491254, -22.139576 ], [ -54.49142, -22.13961 ], [ -54.491335, -22.139962 ], [ -54.491004, -22.139894 ], [ -54.491047, -22.139717 ] ] ] } },
{ "type": "Feature", "properties": { "id": 1412, "insc_imob": "09.01.24.24.300", "quadra_cartorio": null, "lote_cartorio": "A", "matricula": "43530", "circunscricao": "1º CIRCUNSCRIÇÃO", "zoneamento": null, "condominio": null, "area_geom": 520.19, "cnm": "062661.2.0043530-51" }, "geometry": { "type": "Polygon", "coordinates": [ [ [ -54.491254, -22.139576 ], [ -54.491317, -22.139314 ], [ -54.491482, -22.139348 ], [ -54.49142, -22.13961 ], [ -54.491254, -22.139576 ] ] ] } },
{ "type": "Feature", "properties": { "id": 1413, "insc_imob": "09.01.24.24.335", "quadra_cartorio": null, "lote_cartorio": "A", "matricula": "43530", "circunscricao": "1º CIRCUNSCRIÇÃO", "zoneamento": null, "condominio": null, "area_geom": 521.12, "cnm": "062661.2.0043530-51" }, "geometry": { "type": "Polygon", "coordinates": [ [ [ -54.491089, -22.139541 ], [ -54.491152, -22.139279 ], [ -54.491317, -22.139314 ], [ -54.491254, -22.139576 ], [ -54.491089, -22.139541 ] ] ] } },
{ "type": "Feature", "properties": { "id": 1414, "insc_imob": "09.01.24.31.020", "quadra_cartorio": null, "lote_cartorio": "F-1", "matricula": "70804", "circunscricao": "1º CIRCUNSCRIÇÃO", "zoneamento": null, "condominio": null, "area_geom": 523.14, "cnm": "062661.2.0070804-97" }, "geometry": { "type": "Polygon", "coordinates": [ [ [ -54.486839, -22.139641 ], [ -54.48687, -22.139508 ], [ -54.487201, -22.139578 ], [ -54.48717, -22.139709 ], [ -54.486839, -22.139641 ] ] ] } },
{ "type": "Feature", "properties": { "id": 1415, "insc_imob": "09.01.24.31.031", "quadra_cartorio": null, "lote_cartorio": "F-2", "matricula": "70805", "circunscricao": "1º CIRCUNSCRIÇÃO", "zoneamento": null, "condominio": null, "area_geom": 874.92, "cnm": "062661.2.0070805-94" }, "geometry": { "type": "Polygon", "coordinates": [ [ [ -54.486786, -22.139861 ], [ -54.486839, -22.139641 ], [ -54.48717, -22.139709 ], [ -54.487117, -22.13993 ], [ -54.486786, -22.139861 ] ] ] } },
{ "type": "Feature", "properties": { "id": 1416, "insc_imob": "09.01.24.31.071", "quadra_cartorio": null, "lote_cartorio": "G", "matricula": "42174", "circunscricao": "1º CIRCUNSCRIÇÃO", "zoneamento": null, "condominio": null, "area_geom": 1050.05, "cnm": "062661.2.0042174-45" }, "geometry": { "type": "Polygon", "coordinates": [ [ [ -54.486722, -22.140125 ], [ -54.486786, -22.139861 ], [ -54.487117, -22.13993 ], [ -54.487096, -22.140018 ], [ -54.487053, -22.140194 ], [ -54.486722, -22.140125 ] ] ] } },
{ "type": "Feature", "properties": { "id": 1417, "insc_imob": "09.01.24.31.136", "quadra_cartorio": null, "lote_cartorio": "H", "matricula": "39615", "circunscricao": "1º CIRCUNSCRIÇÃO", "zoneamento": null, "condominio": null, "area_geom": 1049.97, "cnm": "062661.2.0039615-59" }, "geometry": { "type": "Polygon", "coordinates": [ [ [ -54.486659, -22.140389 ], [ -54.486722, -22.140125 ], [ -54.487053, -22.140194 ], [ -54.48699, -22.140458 ], [ -54.486659, -22.140389 ] ] ] } },
{ "type": "Feature", "properties": { "id": 1418, "insc_imob": "09.01.24.31.166", "quadra_cartorio": null, "lote_cartorio": "E", "matricula": "38536", "circunscricao": "1º CIRCUNSCRIÇÃO", "zoneamento": null, "condominio": null, "area_geom": 1499.99, "cnm": "062661.2.0038536-95" }, "geometry": { "type": "Polygon", "coordinates": [ [ [ -54.487053, -22.140194 ], [ -54.487096, -22.140018 ], [ -54.487323, -22.140065 ], [ -54.487379, -22.140077 ], [ -54.487337, -22.140253 ], [ -54.487274, -22.140517 ], [ -54.48699, -22.140458 ], [ -54.487053, -22.140194 ] ] ] } },
{ "type": "Feature", "properties": { "id": 1420, "insc_imob": "09.01.24.31.335", "quadra_cartorio": null, "lote_cartorio": "A", "matricula": "47626", "circunscricao": "1º CIRCUNSCRIÇÃO", "zoneamento": null, "condominio": null, "area_geom": 1041.32, "cnm": "062661.2.0047626-82" }, "geometry": { "type": "Polygon", "coordinates": [ [ [ -54.487422, -22.139901 ], [ -54.487485, -22.139638 ], [ -54.487815, -22.139708 ], [ -54.487753, -22.13997 ], [ -54.487422, -22.139901 ] ] ] } },
{ "type": "Feature", "properties": { "id": 1421, "insc_imob": "09.01.24.32.031", "quadra_cartorio": null, "lote_cartorio": "F", "matricula": "38420", "circunscricao": "1º CIRCUNSCRIÇÃO", "zoneamento": null, "condominio": null, "area_geom": 1048.15, "cnm": "062661.2.0038420-55" }, "geometry": { "type": "Polygon", "coordinates": [ [ [ -54.487951, -22.139998 ], [ -54.488014, -22.139734 ], [ -54.488345, -22.139804 ], [ -54.488282, -22.140067 ], [ -54.487951, -22.139998 ] ] ] } },
{ "type": "Feature", "properties": { "id": 1422, "insc_imob": "09.01.24.32.231", "quadra_cartorio": null, "lote_cartorio": "C", "matricula": "39938", "circunscricao": "1º CIRCUNSCRIÇÃO", "zoneamento": null, "condominio": null, "area_geom": 1049.99, "cnm": "062661.2.0039938-60" }, "geometry": { "type": "Polygon", "coordinates": [ [ [ -54.488418, -22.140743 ], [ -54.488481, -22.140478 ], [ -54.488812, -22.140547 ], [ -54.488749, -22.140812 ], [ -54.488418, -22.140743 ] ] ] } },
{ "type": "Feature", "properties": { "id": 1435, "insc_imob": "09.01.24.32.271", "quadra_cartorio": null, "lote_cartorio": "B", "matricula": "42110", "circunscricao": "1º CIRCUNSCRIÇÃO", "zoneamento": null, "condominio": null, "area_geom": 1399.95, "cnm": "062661.2.0042110-43" }, "geometry": { "type": "Polygon", "coordinates": [ [ [ -54.488523, -22.140302 ], [ -54.488566, -22.140126 ], [ -54.488897, -22.140195 ], [ -54.488812, -22.140547 ], [ -54.488481, -22.140478 ], [ -54.488523, -22.140302 ] ] ] } },
{ "type": "Feature", "properties": { "id": 1436, "insc_imob": "09.01.24.32.366", "quadra_cartorio": null, "lote_cartorio": "D", "matricula": "39050", "circunscricao": "1º CIRCUNSCRIÇÃO", "zoneamento": null, "condominio": null, "area_geom": 1495.47, "cnm": "062661.2.0039050-08" }, "geometry": { "type": "Polygon", "coordinates": [ [ [ -54.488282, -22.140067 ], [ -54.488345, -22.139804 ], [ -54.488629, -22.139863 ], [ -54.488566, -22.140126 ], [ -54.488523, -22.140302 ], [ -54.488467, -22.14029 ], [ -54.48824, -22.140243 ], [ -54.488282, -22.140067 ] ] ] } },
{ "type": "Feature", "properties": { "id": 1437, "insc_imob": "09.01.24.33.071", "quadra_cartorio": null, "lote_cartorio": "G", "matricula": "39804", "circunscricao": "1º CIRCUNSCRIÇÃO", "zoneamento": null, "condominio": null, "area_geom": 1399.99, "cnm": "062661.2.0039804-74" }, "geometry": { "type": "Polygon", "coordinates": [ [ [ -54.489001, -22.140587 ], [ -54.489086, -22.140234 ], [ -54.489417, -22.140303 ], [ -54.489375, -22.140479 ], [ -54.489332, -22.140656 ], [ -54.489001, -22.140587 ] ] ] } },
{ "type": "Feature", "properties": { "id": 1479, "insc_imob": "09.01.24.41.031", "quadra_cartorio": null, "lote_cartorio": "F", "matricula": "41933", "circunscricao": "1º CIRCUNSCRIÇÃO", "zoneamento": null, "condominio": null, "area_geom": 1048.14, "cnm": "062661.2.0041933-89" }, "geometry": { "type": "Polygon", "coordinates": [ [ [ -54.486563, -22.140819 ], [ -54.486626, -22.140555 ], [ -54.486957, -22.140625 ], [ -54.486894, -22.140888 ], [ -54.486563, -22.140819 ] ] ] } },
{ "type": "Feature", "properties": { "id": 1507, "insc_imob": "09.01.24.41.136", "quadra_cartorio": null, "lote_cartorio": "H", "matricula": "39849", "circunscricao": "1º CIRCUNSCRIÇÃO", "zoneamento": null, "condominio": null, "area_geom": 1049.97, "cnm": "062661.2.0039849-36" }, "geometry": { "type": "Polygon", "coordinates": [ [ [ -54.486415, -22.141436 ], [ -54.486478, -22.141171 ], [ -54.486809, -22.14124 ], [ -54.486746, -22.141505 ], [ -54.486415, -22.141436 ] ] ] } },
{ "type": "Feature", "properties": { "id": 1508, "insc_imob": "09.01.24.41.231", "quadra_cartorio": null, "lote_cartorio": "C", "matricula": "41378", "circunscricao": "1º CIRCUNSCRIÇÃO", "zoneamento": null, "condominio": null, "area_geom": 1050.0, "cnm": "062661.2.0041378-08" }, "geometry": { "type": "Polygon", "coordinates": [ [ [ -54.48703, -22.141564 ], [ -54.487093, -22.141299 ], [ -54.487424, -22.141368 ], [ -54.48736, -22.141633 ], [ -54.48703, -22.141564 ] ] ] } },
{ "type": "Feature", "properties": { "id": 1509, "insc_imob": "09.01.24.41.335", "quadra_cartorio": null, "lote_cartorio": "A", "matricula": "57014", "circunscricao": "1º CIRCUNSCRIÇÃO", "zoneamento": null, "condominio": null, "area_geom": 1041.34, "cnm": "062661.2.0057014-48" }, "geometry": { "type": "Polygon", "coordinates": [ [ [ -54.487177, -22.140947 ], [ -54.48724, -22.140684 ], [ -54.487571, -22.140754 ], [ -54.487508, -22.141016 ], [ -54.487177, -22.140947 ] ] ] } },
{ "type": "Feature", "properties": { "id": 1510, "insc_imob": "09.01.24.41.366", "quadra_cartorio": null, "lote_cartorio": "D", "matricula": "39805", "circunscricao": "1º CIRCUNSCRIÇÃO", "zoneamento": null, "condominio": null, "area_geom": 1495.48, "cnm": "062661.2.0039805-71" }, "geometry": { "type": "Polygon", "coordinates": [ [ [ -54.486894, -22.140888 ], [ -54.486957, -22.140625 ], [ -54.48724, -22.140684 ], [ -54.487177, -22.140947 ], [ -54.487135, -22.141123 ], [ -54.487078, -22.141111 ], [ -54.486851, -22.141064 ], [ -54.486894, -22.140888 ] ] ] } },
{ "type": "Feature", "properties": { "id": 1511, "insc_imob": "09.01.24.42.031", "quadra_cartorio": null, "lote_cartorio": "F", "matricula": "38421", "circunscricao": "1º CIRCUNSCRIÇÃO", "zoneamento": null, "condominio": null, "area_geom": 1048.14, "cnm": "062661.2.0038421-52" }, "geometry": { "type": "Polygon", "coordinates": [ [ [ -54.487695, -22.141064 ], [ -54.487759, -22.1408 ], [ -54.48809, -22.140869 ], [ -54.488026, -22.141133 ], [ -54.487695, -22.141064 ] ] ] } },
{ "type": "Feature", "properties": { "id": 1512, "insc_imob": "09.01.24.42.051", "quadra_cartorio": null, "lote_cartorio": "P/G", "matricula": "38422", "circunscricao": "1º CIRCUNSCRIÇÃO", "zoneamento": null, "condominio": null, "area_geom": 700.01, "cnm": "062661.2.0038422-49" }, "geometry": { "type": "Polygon", "coordinates": [ [ [ -54.487653, -22.14124 ], [ -54.487695, -22.141064 ], [ -54.488026, -22.141133 ], [ -54.487984, -22.141309 ], [ -54.487653, -22.14124 ] ] ] } },
{ "type": "Feature", "properties": { "id": 1513, "insc_imob": "09.01.24.42.166", "quadra_cartorio": null, "lote_cartorio": "E", "matricula": "48999", "circunscricao": "1º CIRCUNSCRIÇÃO", "zoneamento": null, "condominio": null, "area_geom": 1499.94, "cnm": "062661.2.0048999-37" }, "geometry": { "type": "Polygon", "coordinates": [ [ [ -54.487942, -22.141485 ], [ -54.487984, -22.141309 ], [ -54.488211, -22.141356 ], [ -54.488268, -22.141368 ], [ -54.488226, -22.141544 ], [ -54.488162, -22.141808 ], [ -54.487879, -22.141749 ], [ -54.487942, -22.141485 ] ] ] } },
{ "type": "Feature", "properties": { "id": 1531, "insc_imob": "09.01.24.42.271", "quadra_cartorio": null, "lote_cartorio": "B", "matricula": "38386", "circunscricao": "1º CIRCUNSCRIÇÃO", "zoneamento": null, "condominio": null, "area_geom": 1400.0, "cnm": "062661.2.0038386-60" }, "geometry": { "type": "Polygon", "coordinates": [ [ [ -54.488268, -22.141368 ], [ -54.48831, -22.141192 ], [ -54.488641, -22.141261 ], [ -54.488557, -22.141613 ], [ -54.488226, -22.141544 ], [ -54.488268, -22.141368 ] ] ] } },
{ "type": "Feature", "properties": { "id": 1532, "insc_imob": "09.01.24.42.366", "quadra_cartorio": null, "lote_cartorio": "D", "matricula": "38423", "circunscricao": "1º CIRCUNSCRIÇÃO", "zoneamento": null, "condominio": null, "area_geom": 1495.49, "cnm": "062661.2.0038423-46" }, "geometry": { "type": "Polygon", "coordinates": [ [ [ -54.488026, -22.141133 ], [ -54.48809, -22.140869 ], [ -54.488373, -22.140929 ], [ -54.48831, -22.141192 ], [ -54.488268, -22.141368 ], [ -54.488211, -22.141356 ], [ -54.487984, -22.141309 ], [ -54.488026, -22.141133 ] ] ] } },
{ "type": "Feature", "properties": { "id": 1533, "insc_imob": "09.01.24.43.031", "quadra_cartorio": null, "lote_cartorio": "F", "matricula": "57731", "circunscricao": "1º CIRCUNSCRIÇÃO", "zoneamento": null, "condominio": null, "area_geom": 1048.14, "cnm": "062661.2.0057731-31" }, "geometry": { "type": "Polygon", "coordinates": [ [ [ -54.488839, -22.141298 ], [ -54.488903, -22.141034 ], [ -54.489233, -22.141104 ], [ -54.48917, -22.141367 ], [ -54.488839, -22.141298 ] ] ] } },
{ "type": "Feature", "properties": { "id": 1534, "insc_imob": "09.01.24.43.071", "quadra_cartorio": null, "lote_cartorio": "G", "matricula": "47346", "circunscricao": "1º CIRCUNSCRIÇÃO", "zoneamento": null, "condominio": null, "area_geom": 1400.01, "cnm": "062661.2.0047346-49" }, "geometry": { "type": "Polygon", "coordinates": [ [ [ -54.488755, -22.141651 ], [ -54.488839, -22.141298 ], [ -54.48917, -22.141367 ], [ -54.489128, -22.141544 ], [ -54.489086, -22.14172 ], [ -54.488755, -22.141651 ] ] ] } },
{ "type": "Feature", "properties": { "id": 1535, "insc_imob": "09.01.24.43.136", "quadra_cartorio": null, "lote_cartorio": "H", "matricula": "39942", "circunscricao": "1º CIRCUNSCRIÇÃO", "zoneamento": null, "condominio": null, "area_geom": 1049.95, "cnm": "062661.2.0039942-48" }, "geometry": { "type": "Polygon", "coordinates": [ [ [ -54.488691, -22.141915 ], [ -54.488755, -22.141651 ], [ -54.489086, -22.14172 ], [ -54.489022, -22.141984 ], [ -54.488691, -22.141915 ] ] ] } },
{ "type": "Feature", "properties": { "id": 1556, "insc_imob": "09.01.24.43.231", "quadra_cartorio": null, "lote_cartorio": "C", "matricula": "43761", "circunscricao": "1º CIRCUNSCRIÇÃO", "zoneamento": null, "condominio": null, "area_geom": 1050.05, "cnm": "062661.2.0043761-37" }, "geometry": { "type": "Polygon", "coordinates": [ [ [ -54.489306, -22.142043 ], [ -54.489369, -22.141779 ], [ -54.4897, -22.141848 ], [ -54.489637, -22.142112 ], [ -54.489306, -22.142043 ] ] ] } },
{ "type": "Feature", "properties": { "id": 1584, "insc_imob": "09.01.24.43.335", "quadra_cartorio": null, "lote_cartorio": "A", "matricula": "38859", "circunscricao": "1º CIRCUNSCRIÇÃO", "zoneamento": null, "condominio": null, "area_geom": 1041.34, "cnm": "062661.2.0038859-96" }, "geometry": { "type": "Polygon", "coordinates": [ [ [ -54.489454, -22.141426 ], [ -54.489517, -22.141164 ], [ -54.489848, -22.141234 ], [ -54.489785, -22.141495 ], [ -54.489454, -22.141426 ] ] ] } },
{ "type": "Feature", "properties": { "id": 1585, "insc_imob": "09.01.24.43.366", "quadra_cartorio": null, "lote_cartorio": "D", "matricula": "38672", "circunscricao": "1º CIRCUNSCRIÇÃO", "zoneamento": null, "condominio": null, "area_geom": 1495.49, "cnm": "062661.2.0038672-75" }, "geometry": { "type": "Polygon", "coordinates": [ [ [ -54.48917, -22.141367 ], [ -54.489233, -22.141104 ], [ -54.489517, -22.141164 ], [ -54.489454, -22.141426 ], [ -54.489412, -22.141603 ], [ -54.489355, -22.141591 ], [ -54.489128, -22.141544 ], [ -54.48917, -22.141367 ] ] ] } },
{ "type": "Feature", "properties": { "id": 1587, "insc_imob": "09.01.24.44.136", "quadra_cartorio": null, "lote_cartorio": "H", "matricula": "43526", "circunscricao": "1º CIRCUNSCRIÇÃO", "zoneamento": null, "condominio": null, "area_geom": 1050.0, "cnm": "062661.2.0043526-63" }, "geometry": { "type": "Polygon", "coordinates": [ [ [ -54.489819, -22.142144 ], [ -54.489883, -22.14188 ], [ -54.490214, -22.141949 ], [ -54.49015, -22.142213 ], [ -54.489819, -22.142144 ] ] ] } },
{ "type": "Feature", "properties": { "id": 1609, "insc_imob": "09.01.24.44.166", "quadra_cartorio": null, "lote_cartorio": "E", "matricula": "43524", "circunscricao": "1º CIRCUNSCRIÇÃO", "zoneamento": null, "condominio": null, "area_geom": 1499.99, "cnm": "062661.2.0043524-69" }, "geometry": { "type": "Polygon", "coordinates": [ [ [ -54.490214, -22.141949 ], [ -54.490256, -22.141773 ], [ -54.490539, -22.141832 ], [ -54.490497, -22.142008 ], [ -54.490434, -22.142272 ], [ -54.49015, -22.142213 ], [ -54.490214, -22.141949 ] ] ] } },
{ "type": "Feature", "properties": { "id": 1610, "insc_imob": "09.01.24.44.231", "quadra_cartorio": null, "lote_cartorio": "C", "matricula": "43532", "circunscricao": "1º CIRCUNSCRIÇÃO", "zoneamento": null, "condominio": null, "area_geom": 1049.97, "cnm": "062661.2.0043532-45" }, "geometry": { "type": "Polygon", "coordinates": [ [ [ -54.490434, -22.142272 ], [ -54.490497, -22.142008 ], [ -54.490828, -22.142077 ], [ -54.490765, -22.142341 ], [ -54.490434, -22.142272 ] ] ] } },
{ "type": "Feature", "properties": { "id": 1612, "insc_imob": "09.01.24.44.335", "quadra_cartorio": null, "lote_cartorio": "A", "matricula": "38857", "circunscricao": "1º CIRCUNSCRIÇÃO", "zoneamento": null, "condominio": null, "area_geom": 1049.98, "cnm": "062661.2.0038857-05" }, "geometry": { "type": "Polygon", "coordinates": [ [ [ -54.490582, -22.141656 ], [ -54.490645, -22.141391 ], [ -54.490976, -22.14146 ], [ -54.490913, -22.141724 ], [ -54.490582, -22.141656 ] ] ] } },
{ "type": "Feature", "properties": { "id": 1613, "insc_imob": "09.01.24.44.366", "quadra_cartorio": null, "lote_cartorio": "D", "matricula": "38856", "circunscricao": "1º CIRCUNSCRIÇÃO", "zoneamento": null, "condominio": null, "area_geom": 1499.96, "cnm": "062661.2.0038856-08" }, "geometry": { "type": "Polygon", "coordinates": [ [ [ -54.490298, -22.141597 ], [ -54.490361, -22.141332 ], [ -54.490645, -22.141391 ], [ -54.490582, -22.141656 ], [ -54.490539, -22.141832 ], [ -54.490256, -22.141773 ], [ -54.490298, -22.141597 ] ] ] } },
{ "type": "Feature", "properties": { "id": 2693, "insc_imob": "09.01.24.02.031", "quadra_cartorio": null, "lote_cartorio": "F", "matricula": "39079", "circunscricao": "1º CIRCUNSCRIÇÃO", "zoneamento": null, "condominio": null, "area_geom": 1048.12, "cnm": "062661.2.0039079-18" }, "geometry": { "type": "Polygon", "coordinates": [ [ [ -54.488712, -22.136827 ], [ -54.488775, -22.136562 ], [ -54.489106, -22.136632 ], [ -54.489043, -22.136895 ], [ -54.488712, -22.136827 ] ] ] } },
{ "type": "Feature", "properties": { "id": 3357, "insc_imob": "09.01.23.25.036", "quadra_cartorio": null, "lote_cartorio": "08", "matricula": "121319", "circunscricao": "1º CIRCUNSCRIÇÃO", "zoneamento": null, "condominio": null, "area_geom": 219.97, "cnm": "062661.2.0121319-66" }, "geometry": { "type": "Polygon", "coordinates": [ [ [ -54.482547, -22.137646 ], [ -54.482569, -22.137558 ], [ -54.482776, -22.137601 ], [ -54.482755, -22.137689 ], [ -54.482547, -22.137646 ] ] ] } },
{ "type": "Feature", "properties": { "id": 3381, "insc_imob": "09.01.23.25.046", "quadra_cartorio": null, "lote_cartorio": "09", "matricula": "121320", "circunscricao": "1º CIRCUNSCRIÇÃO", "zoneamento": null, "condominio": null, "area_geom": 220.03, "cnm": "062661.2.0121320-63" }, "geometry": { "type": "Polygon", "coordinates": [ [ [ -54.482525, -22.137734 ], [ -54.482547, -22.137646 ], [ -54.482755, -22.137689 ], [ -54.482733, -22.137777 ], [ -54.482525, -22.137734 ] ] ] } },
{ "type": "Feature", "properties": { "id": 3382, "insc_imob": "09.01.23.25.133", "quadra_cartorio": null, "lote_cartorio": "02", "matricula": "121313", "circunscricao": "1º CIRCUNSCRIÇÃO", "zoneamento": null, "condominio": null, "area_geom": 220.1, "cnm": "062661.2.0121313-84" }, "geometry": { "type": "Polygon", "coordinates": [ [ [ -54.482776, -22.137601 ], [ -54.482798, -22.137513 ], [ -54.483006, -22.137557 ], [ -54.482984, -22.137645 ], [ -54.482776, -22.137601 ] ] ] } },
{ "type": "Feature", "properties": { "id": 3383, "insc_imob": "09.01.23.25.168", "quadra_cartorio": null, "lote_cartorio": "01", "matricula": "121312", "circunscricao": "1º CIRCUNSCRIÇÃO", "zoneamento": null, "condominio": null, "area_geom": 282.07, "cnm": "062661.2.0121312-87" }, "geometry": { "type": "Polygon", "coordinates": [ [ [ -54.482798, -22.137513 ], [ -54.482827, -22.137394 ], [ -54.483032, -22.137451 ], [ -54.483006, -22.137557 ], [ -54.482798, -22.137513 ] ] ] } },
{ "type": "Feature", "properties": { "id": 3409, "insc_imob": "09.01.23.31.231", "quadra_cartorio": null, "lote_cartorio": "C", "matricula": "60868", "circunscricao": "1º CIRCUNSCRIÇÃO", "zoneamento": null, "condominio": null, "area_geom": 1049.96, "cnm": "062661.2.0060868-29" }, "geometry": { "type": "Polygon", "coordinates": [ [ [ -54.486147, -22.140275 ], [ -54.486211, -22.140011 ], [ -54.486542, -22.140079 ], [ -54.486478, -22.140344 ], [ -54.486147, -22.140275 ] ] ] } },
{ "type": "Feature", "properties": { "id": 3426, "insc_imob": "09.01.23.32.031", "quadra_cartorio": null, "lote_cartorio": "F", "matricula": "42291", "circunscricao": "1º CIRCUNSCRIÇÃO", "zoneamento": null, "condominio": null, "area_geom": 1048.14, "cnm": "062661.2.0042291-82" }, "geometry": { "type": "Polygon", "coordinates": [ [ [ -54.484547, -22.139289 ], [ -54.48461, -22.139025 ], [ -54.484941, -22.139095 ], [ -54.484878, -22.139358 ], [ -54.484547, -22.139289 ] ] ] } },
{ "type": "Feature", "properties": { "id": 3427, "insc_imob": "09.01.23.32.136", "quadra_cartorio": null, "lote_cartorio": "H", "matricula": "38538", "circunscricao": "1º CIRCUNSCRIÇÃO", "zoneamento": null, "condominio": null, "area_geom": 1102.48, "cnm": "062661.2.0038538-89" }, "geometry": { "type": "Polygon", "coordinates": [ [ [ -54.484396, -22.139919 ], [ -54.484462, -22.139642 ], [ -54.484793, -22.139711 ], [ -54.484727, -22.139988 ], [ -54.484396, -22.139919 ] ] ] } },
{ "type": "Feature", "properties": { "id": 3428, "insc_imob": "09.01.23.32.166", "quadra_cartorio": null, "lote_cartorio": "E", "matricula": "43873", "circunscricao": "1º CIRCUNSCRIÇÃO", "zoneamento": null, "condominio": null, "area_geom": 1544.96, "cnm": "062661.2.0043873-89" }, "geometry": { "type": "Polygon", "coordinates": [ [ [ -54.484793, -22.139711 ], [ -54.484836, -22.139535 ], [ -54.485062, -22.139582 ], [ -54.485119, -22.139594 ], [ -54.485077, -22.13977 ], [ -54.48501, -22.140047 ], [ -54.484727, -22.139988 ], [ -54.484793, -22.139711 ] ] ] } },
{ "type": "Feature", "properties": { "id": 3429, "insc_imob": "09.01.23.32.231", "quadra_cartorio": null, "lote_cartorio": "C1", "matricula": "68810", "circunscricao": "1º CIRCUNSCRIÇÃO", "zoneamento": null, "condominio": null, "area_geom": 1102.47, "cnm": "062661.2.0068810-65" }, "geometry": { "type": "Polygon", "coordinates": [ [ [ -54.48501, -22.140047 ], [ -54.485077, -22.13977 ], [ -54.485408, -22.139839 ], [ -54.485341, -22.140116 ], [ -54.48501, -22.140047 ] ] ] } },
{ "type": "Feature", "properties": { "id": 3430, "insc_imob": "09.01.23.32.335", "quadra_cartorio": null, "lote_cartorio": "A", "matricula": "39825", "circunscricao": "1º CIRCUNSCRIÇÃO", "zoneamento": null, "condominio": null, "area_geom": 1041.32, "cnm": "062661.2.0039825-11" }, "geometry": { "type": "Polygon", "coordinates": [ [ [ -54.485161, -22.139417 ], [ -54.485224, -22.139155 ], [ -54.485555, -22.139225 ], [ -54.485492, -22.139486 ], [ -54.485161, -22.139417 ] ] ] } },
{ "type": "Feature", "properties": { "id": 3431, "insc_imob": "09.01.23.32.366", "quadra_cartorio": null, "lote_cartorio": "D", "matricula": "41196", "circunscricao": "1º CIRCUNSCRIÇÃO", "zoneamento": null, "condominio": null, "area_geom": 1495.49, "cnm": "062661.2.0041196-69" }, "geometry": { "type": "Polygon", "coordinates": [ [ [ -54.484878, -22.139358 ], [ -54.484941, -22.139095 ], [ -54.485224, -22.139155 ], [ -54.485161, -22.139417 ], [ -54.485119, -22.139594 ], [ -54.485062, -22.139582 ], [ -54.484836, -22.139535 ], [ -54.484878, -22.139358 ] ] ] } },
{ "type": "Feature", "properties": { "id": 3447, "insc_imob": "09.01.23.41.031", "quadra_cartorio": null, "lote_cartorio": "F", "matricula": "40415", "circunscricao": "1º CIRCUNSCRIÇÃO", "zoneamento": null, "condominio": null, "area_geom": 1048.14, "cnm": "062661.2.0040415-84" }, "geometry": { "type": "Polygon", "coordinates": [ [ [ -54.485424, -22.140598 ], [ -54.485488, -22.140334 ], [ -54.485819, -22.140403 ], [ -54.485755, -22.140667 ], [ -54.485424, -22.140598 ] ] ] } },
{ "type": "Feature", "properties": { "id": 3448, "insc_imob": "09.01.23.41.071", "quadra_cartorio": null, "lote_cartorio": "G", "matricula": "39635", "circunscricao": "1º CIRCUNSCRIÇÃO", "zoneamento": null, "condominio": null, "area_geom": 1400.0, "cnm": "062661.2.0039635-96" }, "geometry": { "type": "Polygon", "coordinates": [ [ [ -54.48534, -22.14095 ], [ -54.485424, -22.140598 ], [ -54.485755, -22.140667 ], [ -54.485713, -22.140843 ], [ -54.485671, -22.141019 ], [ -54.48534, -22.14095 ] ] ] } },
{ "type": "Feature", "properties": { "id": 3449, "insc_imob": "09.01.23.41.231", "quadra_cartorio": null, "lote_cartorio": "C", "matricula": "12248", "circunscricao": "1º CIRCUNSCRIÇÃO", "zoneamento": null, "condominio": null, "area_geom": 1049.96, "cnm": "062661.2.0012248-98" }, "geometry": { "type": "Polygon", "coordinates": [ [ [ -54.485891, -22.141343 ], [ -54.485955, -22.141078 ], [ -54.486285, -22.141147 ], [ -54.486222, -22.141411 ], [ -54.485891, -22.141343 ] ] ] } },
{ "type": "Feature", "properties": { "id": 3450, "insc_imob": "09.01.23.41.300", "quadra_cartorio": null, "lote_cartorio": "B", "matricula": "84956", "circunscricao": "1º CIRCUNSCRIÇÃO", "zoneamento": null, "condominio": null, "area_geom": 700.02, "cnm": "062661.2.0084956-30" }, "geometry": { "type": "Polygon", "coordinates": [ [ [ -54.485997, -22.140902 ], [ -54.486039, -22.140726 ], [ -54.48637, -22.140795 ], [ -54.486328, -22.140971 ], [ -54.485997, -22.140902 ] ] ] } },
{ "type": "Feature", "properties": { "id": 3498, "insc_imob": "09.01.24.31.366", "quadra_cartorio": null, "lote_cartorio": "D", "matricula": "38537", "circunscricao": "1º CIRCUNSCRIÇÃO", "zoneamento": null, "condominio": null, "area_geom": 1495.46, "cnm": "062661.2.0038537-92" }, "geometry": { "type": "Polygon", "coordinates": [ [ [ -54.48717, -22.139709 ], [ -54.487201, -22.139578 ], [ -54.487485, -22.139638 ], [ -54.487422, -22.139901 ], [ -54.487379, -22.140077 ], [ -54.487323, -22.140065 ], [ -54.487096, -22.140018 ], [ -54.487117, -22.13993 ], [ -54.48717, -22.139709 ] ] ] } },
{ "type": "Feature", "properties": { "id": 4912, "insc_imob": "09.01.23.15.121", "quadra_cartorio": null, "lote_cartorio": "03", "matricula": "121140", "circunscricao": "1º CIRCUNSCRIÇÃO", "zoneamento": null, "condominio": null, "area_geom": 512.24, "cnm": "062661.2.0121140-21" }, "geometry": { "type": "Polygon", "coordinates": [ [ [ -54.482239, -22.137095 ], [ -54.482341, -22.136747 ], [ -54.482461, -22.13678 ], [ -54.482357, -22.137129 ], [ -54.482239, -22.137095 ] ] ] } },
{ "type": "Feature", "properties": { "id": 4913, "insc_imob": "09.01.24.04.136", "quadra_cartorio": null, "lote_cartorio": "H", "matricula": "38849", "circunscricao": "1º CIRCUNSCRIÇÃO", "zoneamento": null, "condominio": null, "area_geom": 1049.97, "cnm": "062661.2.0038849-29" }, "geometry": { "type": "Polygon", "coordinates": [ [ [ -54.49083, -22.13789 ], [ -54.490891, -22.137625 ], [ -54.491222, -22.137691 ], [ -54.491162, -22.137956 ], [ -54.49083, -22.13789 ] ] ] } },
{ "type": "Feature", "properties": { "id": 5313, "insc_imob": "09.01.23.13.178", "quadra_cartorio": null, "lote_cartorio": "01", "matricula": "121112", "circunscricao": "1º CIRCUNSCRIÇÃO", "zoneamento": null, "condominio": null, "area_geom": 438.4, "cnm": "062661.2.0121112-08" }, "geometry": { "type": "Polygon", "coordinates": [ [ [ -54.484337, -22.137686 ], [ -54.484359, -22.137585 ], [ -54.484708, -22.13768 ], [ -54.484683, -22.137785 ], [ -54.484337, -22.137686 ] ] ] } },
{ "type": "Feature", "properties": { "id": 6727, "insc_imob": "09.01.23.41.335", "quadra_cartorio": null, "lote_cartorio": "A", "matricula": "42194", "circunscricao": "1º CIRCUNSCRIÇÃO", "zoneamento": null, "condominio": null, "area_geom": 1041.33, "cnm": "062661.2.0042194-82" }, "geometry": { "type": "Polygon", "coordinates": [ [ [ -54.486039, -22.140726 ], [ -54.486102, -22.140463 ], [ -54.486433, -22.140533 ], [ -54.48637, -22.140795 ], [ -54.486039, -22.140726 ] ] ] } },
{ "type": "Feature", "properties": { "id": 7261, "insc_imob": "09.01.23.42.071", "quadra_cartorio": null, "lote_cartorio": "G", "matricula": "43751", "circunscricao": "1º CIRCUNSCRIÇÃO", "zoneamento": null, "condominio": null, "area_geom": 1399.98, "cnm": "062661.2.0043751-67" }, "geometry": { "type": "Polygon", "coordinates": [ [ [ -54.484203, -22.140722 ], [ -54.484288, -22.140369 ], [ -54.484619, -22.140438 ], [ -54.484577, -22.140614 ], [ -54.484534, -22.14079 ], [ -54.484203, -22.140722 ] ] ] } },
{ "type": "Feature", "properties": { "id": 7981, "insc_imob": "09.01.23.12.231", "quadra_cartorio": null, "lote_cartorio": "C", "matricula": "38353", "circunscricao": "1º CIRCUNSCRIÇÃO", "zoneamento": null, "condominio": null, "area_geom": 1049.99, "cnm": "062661.2.0038353-62" }, "geometry": { "type": "Polygon", "coordinates": [ [ [ -54.485501, -22.137935 ], [ -54.485565, -22.137671 ], [ -54.485896, -22.13774 ], [ -54.485832, -22.138004 ], [ -54.485501, -22.137935 ] ] ] } },
{ "type": "Feature", "properties": { "id": 7982, "insc_imob": "09.01.23.22.231", "quadra_cartorio": null, "lote_cartorio": "C", "matricula": "38419", "circunscricao": "1º CIRCUNSCRIÇÃO", "zoneamento": null, "condominio": null, "area_geom": 1049.94, "cnm": "062661.2.0038419-58" }, "geometry": { "type": "Polygon", "coordinates": [ [ [ -54.485251, -22.138993 ], [ -54.485314, -22.138728 ], [ -54.485645, -22.138797 ], [ -54.485582, -22.139062 ], [ -54.485251, -22.138993 ] ] ] } },
{ "type": "Feature", "properties": { "id": 11720, "insc_imob": "09.01.23.15.096", "quadra_cartorio": null, "lote_cartorio": "05", "matricula": "121142", "circunscricao": "1º CIRCUNSCRIÇÃO", "zoneamento": null, "condominio": null, "area_geom": 480.65, "cnm": "062661.2.0121142-15" }, "geometry": { "type": "Polygon", "coordinates": [ [ [ -54.482011, -22.137031 ], [ -54.482113, -22.136685 ], [ -54.482226, -22.136716 ], [ -54.482123, -22.137063 ], [ -54.482011, -22.137031 ] ] ] } },
{ "type": "Feature", "properties": { "id": 53441, "insc_imob": "09.01.24.22.136", "quadra_cartorio": null, "lote_cartorio": "P/ G", "matricula": "19364", "circunscricao": "1º CIRCUNSCRIÇÃO", "zoneamento": null, "condominio": null, "area_geom": 2240.09, "cnm": "062661.2.0019364-90" }, "geometry": { "type": "Polygon", "coordinates": [ [ [ -54.488057, -22.139558 ], [ -54.488192, -22.138994 ], [ -54.488523, -22.139063 ], [ -54.488388, -22.139626 ], [ -54.488057, -22.139558 ] ] ] } },
{ "type": "Feature", "properties": { "id": 101490, "insc_imob": "09.01.24.22.071", "quadra_cartorio": null, "lote_cartorio": "P/ G, H", "matricula": "3677", "circunscricao": "1º CIRCUNSCRIÇÃO", "zoneamento": null, "condominio": null, "area_geom": 210.01, "cnm": "062661.2.0003677-09" }, "geometry": { "type": "Polygon", "coordinates": [ [ [ -54.488192, -22.138994 ], [ -54.488205, -22.138941 ], [ -54.488536, -22.13901 ], [ -54.488523, -22.139063 ], [ -54.488192, -22.138994 ] ] ] } }
]
}
